cid,cid_shuffled,cid_shuffled_std,cid_normalized,compression_gain,snapshot,nbins,n_particles_total,box_length,n_particles_filtered,atom_types,snapshot_num
0.112319,0.172252,0.0,0.6520620950700138,0.3479379049299862,snapshot_1.xyz,32,10000,40.0,10000,all,1
0.175158,0.177004,0.0,0.9895708571557705,0.010429142844229466,snapshot_2.xyz,32,10000,40.0,10000,all,2
0.169474,0.18043,0.0,0.9392783905115558,0.060721609488444184,snapshot_3.xyz,32,10000,40.0,10000,all,3
0.16656,0.180232,0.0,0.9241422166984776,0.07585778330152237,snapshot_4.xyz,32,10000,40.0,10000,all,4
0.168613,0.181482,0.0,0.929089386275223,0.07091061372477703,snapshot_5.xyz,32,10000,40.0,10000,all,5
0.170599,0.182469,0.0,0.9349478541560484,0.06505214584395158,snapshot_6.xyz,32,10000,40.0,10000,all,6
0.169209,0.182403,0.0,0.9276656633936942,0.07233433660630584,snapshot_7.xyz,32,10000,40.0,10000,all,7
0.170665,0.183258,0.0,0.9312826725163431,0.06871732748365689,snapshot_8.xyz,32,10000,40.0,10000,all,8
0.166957,0.180298,0.0,0.9260058347846343,0.07399416521536573,snapshot_9.xyz,32,10000,40.0,10000,all,9
0.170665,0.182929,0.0,0.9329575955698659,0.0670424044301341,snapshot_10.xyz,32,10000,40.0,10000,all,10
0.170797,0.183849,0.0,0.9290069567960663,0.07099304320393374,snapshot_11.xyz,32,10000,40.0,10000,all,11
0.171062,0.183455,0.0,0.9324466490419994,0.06755335095800064,snapshot_12.xyz,32,10000,40.0,10000,all,12
0.170665,0.182469,0.0,0.9353095594320132,0.06469044056798678,snapshot_13.xyz,32,10000,40.0,10000,all,13
0.170136,0.182732,0.0,0.9310684499704486,0.06893155002955142,snapshot_14.xyz,32,10000,40.0,10000,all,14
0.1704,0.182074,0.0,0.9358832123202653,0.06411678767973472,snapshot_15.xyz,32,10000,40.0,10000,all,15
0.171393,0.182272,0.0,0.9403144750702247,0.0596855249297753,snapshot_16.xyz,32,10000,40.0,10000,all,16
0.172384,0.182206,0.0,0.9460939815373808,0.05390601846261922,snapshot_17.xyz,32,10000,40.0,10000,all,17
0.172186,0.183718,0.0,0.937229884932342,0.06277011506765795,snapshot_18.xyz,32,10000,40.0,10000,all,18
0.171855,0.182929,0.0,0.9394628517074931,0.06053714829250689,snapshot_19.xyz,32,10000,40.0,10000,all,19
0.173243,0.184112,0.0,0.9409652820022596,0.059034717997740405,snapshot_20.xyz,32,10000,40.0,10000,all,20
0.172582,0.182535,0.0,0.9454734708412086,0.054526529158791415,snapshot_21.xyz,32,10000,40.0,10000,all,21
0.172384,0.182469,0.0,0.9447303377560025,0.05526966224399754,snapshot_22.xyz,32,10000,40.0,10000,all,22
0.171393,0.181153,0.0,0.9461228905952426,0.05387710940475743,snapshot_23.xyz,32,10000,40.0,10000,all,23
0.171789,0.182337,0.0,0.9421510719162869,0.057848928083713114,snapshot_24.xyz,32,10000,40.0,10000,all,24
0.17212,0.181351,0.0,0.9490987091331174,0.050901290866882554,snapshot_25.xyz,32,10000,40.0,10000,all,25
0.172913,0.18214,0.0,0.9493411661359394,0.05065883386406056,snapshot_26.xyz,32,10000,40.0,10000,all,26
0.172913,0.181943,0.0,0.9503690716323245,0.049630928367675464,snapshot_27.xyz,32,10000,40.0,10000,all,27
0.174234,0.18306,0.0,0.9517862995739101,0.048213700426089856,snapshot_28.xyz,32,10000,40.0,10000,all,28
0.174894,0.183323,0.0,0.9540210448225263,0.045978955177473746,snapshot_29.xyz,32,10000,40.0,10000,all,29
0.175488,0.183718,0.0,0.9552030829858806,0.044796917014119364,snapshot_30.xyz,32,10000,40.0,10000,all,30
0.174168,0.182535,0.0,0.954162215465527,0.04583778453447296,snapshot_31.xyz,32,10000,40.0,10000,all,31
0.173441,0.182929,0.0,0.9481328821564651,0.05186711784353493,snapshot_32.xyz,32,10000,40.0,10000,all,32
0.1743,0.183192,0.0,0.9514607624787109,0.04853923752128908,snapshot_33.xyz,32,10000,40.0,10000,all,33
0.175224,0.182469,0.0,0.9602946253884221,0.03970537461157786,snapshot_34.xyz,32,10000,40.0,10000,all,34
0.174366,0.182403,0.0,0.9559382247002516,0.04406177529974842,snapshot_35.xyz,32,10000,40.0,10000,all,35
0.172781,0.181745,0.0,0.9506781479545517,0.049321852045448256,snapshot_36.xyz,32,10000,40.0,10000,all,36
0.175553,0.183192,0.0,0.9583005808113891,0.041699419188610864,snapshot_37.xyz,32,10000,40.0,10000,all,37
0.1743,0.182666,0.0,0.9542005627757766,0.045799437224223416,snapshot_38.xyz,32,10000,40.0,10000,all,38
0.173639,0.181745,0.0,0.955399048116867,0.044600951883132955,snapshot_39.xyz,32,10000,40.0,10000,all,39
0.174168,0.181943,0.0,0.9572668363168685,0.042733163683131514,snapshot_40.xyz,32,10000,40.0,10000,all,40
0.173639,0.181614,0.0,0.9560881870340392,0.043911812965960806,snapshot_41.xyz,32,10000,40.0,10000,all,41
0.174234,0.183192,0.0,0.9511004847373248,0.04889951526267522,snapshot_42.xyz,32,10000,40.0,10000,all,42
0.173111,0.182469,0.0,0.9487145761745831,0.0512854238254169,snapshot_43.xyz,32,10000,40.0,10000,all,43
0.174498,0.181943,0.0,0.9590805911741589,0.04091940882584111,snapshot_44.xyz,32,10000,40.0,10000,all,44
0.175026,0.182929,0.0,0.9567974460036407,0.043202553996359305,snapshot_45.xyz,32,10000,40.0,10000,all,45
0.17496,0.181614,0.0,0.9633618553635733,0.03663814463642667,snapshot_46.xyz,32,10000,40.0,10000,all,46
0.17463,0.181482,0.0,0.9622441895063973,0.03775581049360266,snapshot_47.xyz,32,10000,40.0,10000,all,47
0.176938,0.182337,0.0,0.970389992157379,0.029610007842621022,snapshot_48.xyz,32,10000,40.0,10000,all,48
0.176015,0.182666,0.0,0.9635892831725664,0.036410716827433576,snapshot_49.xyz,32,10000,40.0,10000,all,49
0.174432,0.181351,0.0,0.9618474670666276,0.038152532933372396,snapshot_50.xyz,32,10000,40.0,10000,all,50
0.174366,0.182535,0.0,0.9552469389432163,0.04475306105678367,snapshot_51.xyz,32,10000,40.0,10000,all,51
0.173837,0.180693,0.0,0.9620571909260458,0.0379428090739542,snapshot_52.xyz,32,10000,40.0,10000,all,52
0.176279,0.183323,0.0,0.9615760161027257,0.038423983897274305,snapshot_53.xyz,32,10000,40.0,10000,all,53
0.176477,0.183652,0.0,0.9609315444427503,0.03906845555724969,snapshot_54.xyz,32,10000,40.0,10000,all,54
0.176543,0.18352,0.0,0.9619823452484744,0.03801765475152563,snapshot_55.xyz,32,10000,40.0,10000,all,55
0.175883,0.181745,0.0,0.9677460177721534,0.03225398222784659,snapshot_56.xyz,32,10000,40.0,10000,all,56
0.175817,0.182009,0.0,0.9659797043003368,0.03402029569966325,snapshot_57.xyz,32,10000,40.0,10000,all,57
0.175751,0.182797,0.0,0.9614545096473137,0.038545490352686285,snapshot_58.xyz,32,10000,40.0,10000,all,58
0.176015,0.182995,0.0,0.9618568813355557,0.03814311866444431,snapshot_59.xyz,32,10000,40.0,10000,all,59
0.176609,0.182929,0.0,0.9654510766472236,0.03454892335277637,snapshot_60.xyz,32,10000,40.0,10000,all,60
0.176345,0.184046,0.0,0.9581571998304772,0.0418428001695228,snapshot_61.xyz,32,10000,40.0,10000,all,61
0.174498,0.181943,0.0,0.9590805911741589,0.04091940882584111,snapshot_62.xyz,32,10000,40.0,10000,all,62
0.175817,0.182732,0.0,0.9621576954228049,0.03784230457719506,snapshot_63.xyz,32,10000,40.0,10000,all,63
0.176015,0.183389,0.0,0.9597903909176668,0.040209609082333175,snapshot_64.xyz,32,10000,40.0,10000,all,64
0.176477,0.181877,0.0,0.9703096048428332,0.02969039515716676,snapshot_65.xyz,32,10000,40.0,10000,all,65
0.174234,0.181088,0.0,0.962150998409613,0.037849001590386955,snapshot_66.xyz,32,10000,40.0,10000,all,66
0.176345,0.18398,0.0,0.9585009240134797,0.04149907598652025,snapshot_67.xyz,32,10000,40.0,10000,all,67
0.174762,0.181548,0.0,0.9626214554828476,0.03737854451715239,snapshot_68.xyz,32,10000,40.0,10000,all,68
0.174894,0.182535,0.0,0.9581395348837208,0.041860465116279166,snapshot_69.xyz,32,10000,40.0,10000,all,69
0.175092,0.181482,0.0,0.964789896518663,0.03521010348133702,snapshot_70.xyz,32,10000,40.0,10000,all,70
0.175553,0.183323,0.0,0.9576157928901445,0.042384207109855465,snapshot_71.xyz,32,10000,40.0,10000,all,71
0.1743,0.181351,0.0,0.9611195968039878,0.03888040319601216,snapshot_72.xyz,32,10000,40.0,10000,all,72
0.176213,0.182206,0.0,0.9671086572341197,0.03289134276588035,snapshot_73.xyz,32,10000,40.0,10000,all,73
0.175949,0.182403,0.0,0.9646168100305367,0.035383189969463325,snapshot_74.xyz,32,10000,40.0,10000,all,74
0.175949,0.182995,0.0,0.9614962157435996,0.03850378425640044,snapshot_75.xyz,32,10000,40.0,10000,all,75
0.17707,0.183323,0.0,0.9658908047544498,0.03410919524555023,snapshot_76.xyz,32,10000,40.0,10000,all,76
0.175553,0.182403,0.0,0.9624457931064729,0.037554206893527065,snapshot_77.xyz,32,10000,40.0,10000,all,77
0.175751,0.182337,0.0,0.963880068225319,0.03611993177468098,snapshot_78.xyz,32,10000,40.0,10000,all,78
0.176675,0.182732,0.0,0.9668530963378061,0.03314690366219386,snapshot_79.xyz,32,10000,40.0,10000,all,79
0.176938,0.182666,0.0,0.9686422213219757,0.03135777867802425,snapshot_80.xyz,32,10000,40.0,10000,all,80
0.176609,0.182272,0.0,0.9689310481039326,0.0310689518960674,snapshot_81.xyz,32,10000,40.0,10000,all,81
0.175092,0.181482,0.0,0.964789896518663,0.03521010348133702,snapshot_82.xyz,32,10000,40.0,10000,all,82
0.174035,0.182009,0.0,0.9561889796658406,0.0438110203341594,snapshot_83.xyz,32,10000,40.0,10000,all,83
0.175883,0.183455,0.0,0.9587255730288082,0.04127442697119177,snapshot_84.xyz,32,10000,40.0,10000,all,84
0.175883,0.18306,0.0,0.9607942751010599,0.03920572489894014,snapshot_85.xyz,32,10000,40.0,10000,all,85
0.174762,0.1826,0.0,0.9570755750273822,0.042924424972617836,snapshot_86.xyz,32,10000,40.0,10000,all,86
0.176411,0.1826,0.0,0.9661062431544359,0.03389375684556406,snapshot_87.xyz,32,10000,40.0,10000,all,87
0.176213,0.181811,0.0,0.9692097837864596,0.03079021621354039,snapshot_88.xyz,32,10000,40.0,10000,all,88
0.175883,0.182929,0.0,0.9614823237430916,0.038517676256908384,snapshot_89.xyz,32,10000,40.0,10000,all,89
0.175817,0.181351,0.0,0.9694845906556897,0.030515409344310296,snapshot_90.xyz,32,10000,40.0,10000,all,90
0.176609,0.18306,0.0,0.9647601879165301,0.035239812083469935,snapshot_91.xyz,32,10000,40.0,10000,all,91
0.176147,0.182272,0.0,0.9663963746488764,0.0336036253511236,snapshot_92.xyz,32,10000,40.0,10000,all,92
0.176345,0.181943,0.0,0.9692321221481454,0.03076787785185464,snapshot_93.xyz,32,10000,40.0,10000,all,93
0.175751,0.182337,0.0,0.963880068225319,0.03611993177468098,snapshot_94.xyz,32,10000,40.0,10000,all,94
0.175224,0.181285,0.0,0.9665664561326088,0.03343354386739117,snapshot_95.xyz,32,10000,40.0,10000,all,95
0.175685,0.181153,0.0,0.9698155702638102,0.030184429736189844,snapshot_96.xyz,32,10000,40.0,10000,all,96
0.175817,0.183126,0.0,0.960087589965379,0.03991241003462098,snapshot_97.xyz,32,10000,40.0,10000,all,97
0.176477,0.183126,0.0,0.9636916658475584,0.03630833415244161,snapshot_98.xyz,32,10000,40.0,10000,all,98
0.176147,0.182272,0.0,0.9663963746488764,0.0336036253511236,snapshot_99.xyz,32,10000,40.0,10000,all,99
0.175619,0.182929,0.0,0.9600391408688617,0.03996085913113834,snapshot_100.xyz,32,10000,40.0,10000,all,100
0.178125,0.183192,0.0,0.9723404952181318,0.027659504781868183,snapshot_101.xyz,32,10000,40.0,10000,all,101
0.176213,0.182469,0.0,0.9657147241449233,0.03428527585507668,snapshot_102.xyz,32,10000,40.0,10000,all,102
0.176279,0.183389,0.0,0.9612299538140238,0.03877004618597624,snapshot_103.xyz,32,10000,40.0,10000,all,103
0.175026,0.181351,0.0,0.9651228832485069,0.034877116751493076,snapshot_104.xyz,32,10000,40.0,10000,all,104
0.176081,0.182732,0.0,0.9636024341658822,0.036397565834117795,snapshot_105.xyz,32,10000,40.0,10000,all,105
0.175949,0.183126,0.0,0.9608084051418149,0.03919159485818513,snapshot_106.xyz,32,10000,40.0,10000,all,106
0.176015,0.182469,0.0,0.9646296083170293,0.03537039168297074,snapshot_107.xyz,32,10000,40.0,10000,all,107
0.175422,0.182666,0.0,0.9603429209595655,0.03965707904043447,snapshot_108.xyz,32,10000,40.0,10000,all,108
0.174101,0.181548,0.0,0.9589805450900039,0.041019454909996145,snapshot_109.xyz,32,10000,40.0,10000,all,109
0.175553,0.183389,0.0,0.9572711558490421,0.0427288441509579,snapshot_110.xyz,32,10000,40.0,10000,all,110
0.174894,0.182206,0.0,0.959869598147152,0.040130401852848,snapshot_111.xyz,32,10000,40.0,10000,all,111
0.175619,0.181811,0.0,0.965942654734862,0.03405734526513804,snapshot_112.xyz,32,10000,40.0,10000,all,112
0.176938,0.182863,0.0,0.9675986941043295,0.032401305895670474,snapshot_113.xyz,32,10000,40.0,10000,all,113
0.176609,0.182272,0.0,0.9689310481039326,0.0310689518960674,snapshot_114.xyz,32,10000,40.0,10000,all,114
0.173441,0.181943,0.0,0.9532710794039893,0.04672892059601075,snapshot_115.xyz,32,10000,40.0,10000,all,115
0.174564,0.181745,0.0,0.9604885966601557,0.039511403339844264,snapshot_116.xyz,32,10000,40.0,10000,all,116
0.173969,0.181614,0.0,0.9579052275705618,0.042094772429438154,snapshot_117.xyz,32,10000,40.0,10000,all,117
0.173639,0.181811,0.0,0.9550522245628702,0.0449477754371298,snapshot_118.xyz,32,10000,40.0,10000,all,118
0.174366,0.181219,0.0,0.9621838769665433,0.03781612303345672,snapshot_119.xyz,32,10000,40.0,10000,all,119
0.175685,0.182272,0.0,0.9638617011938203,0.03613829880617969,snapshot_120.xyz,32,10000,40.0,10000,all,120
0.17463,0.181482,0.0,0.9622441895063973,0.03775581049360266,snapshot_121.xyz,32,10000,40.0,10000,all,121
0.174762,0.182337,0.0,0.9584560456736702,0.041543954326329846,snapshot_122.xyz,32,10000,40.0,10000,all,122
0.173837,0.18168,0.0,0.9568306913254072,0.04316930867459279,snapshot_123.xyz,32,10000,40.0,10000,all,123
0.174498,0.182206,0.0,0.9576962339330207,0.042303766066979276,snapshot_124.xyz,32,10000,40.0,10000,all,124
0.175817,0.181548,0.0,0.9684325908299735,0.03156740917002654,snapshot_125.xyz,32,10000,40.0,10000,all,125
0.174366,0.182863,0.0,0.9535335196294493,0.04646648037055068,snapshot_126.xyz,32,10000,40.0,10000,all,126
0.175817,0.183323,0.0,0.9590558740583559,0.040944125941644094,snapshot_127.xyz,32,10000,40.0,10000,all,127
0.174828,0.182074,0.0,0.9602029943868976,0.0397970056131024,snapshot_128.xyz,32,10000,40.0,10000,all,128
0.173375,0.182535,0.0,0.9498178431533678,0.05018215684663219,snapshot_129.xyz,32,10000,40.0,10000,all,129
0.174564,0.183192,0.0,0.9529018734442553,0.047098126555744746,snapshot_130.xyz,32,10000,40.0,10000,all,130
0.175883,0.185031,0.0,0.9505596359528944,0.04944036404710561,snapshot_131.xyz,32,10000,40.0,10000,all,131
0.173903,0.181614,0.0,0.9575418194632572,0.04245818053674277,snapshot_132.xyz,32,10000,40.0,10000,all,132
0.171459,0.182732,0.0,0.9383085611715517,0.0616914388284483,snapshot_133.xyz,32,10000,40.0,10000,all,133
0.172979,0.181877,0.0,0.9510768266465798,0.048923173353420224,snapshot_134.xyz,32,10000,40.0,10000,all,134
0.174168,0.183192,0.0,0.9507402069959386,0.04925979300406136,snapshot_135.xyz,32,10000,40.0,10000,all,135
0.173903,0.182074,0.0,0.9551226424420839,0.04487735755791611,snapshot_136.xyz,32,10000,40.0,10000,all,136
0.173705,0.183323,0.0,0.9475352247126655,0.05246477528733451,snapshot_137.xyz,32,10000,40.0,10000,all,137
0.173573,0.182666,0.0,0.9502206212431433,0.049779378756856674,snapshot_138.xyz,32,10000,40.0,10000,all,138
0.173573,0.181811,0.0,0.9546892102238038,0.04531078977619618,snapshot_139.xyz,32,10000,40.0,10000,all,139
0.173243,0.181351,0.0,0.9552911205342126,0.04470887946578739,snapshot_140.xyz,32,10000,40.0,10000,all,140
0.171591,0.182272,0.0,0.9414007636938202,0.0585992363061798,snapshot_141.xyz,32,10000,40.0,10000,all,141
0.173705,0.182403,0.0,0.9523143807941755,0.04768561920582448,snapshot_142.xyz,32,10000,40.0,10000,all,142
0.173837,0.183718,0.0,0.9462164839591113,0.05378351604088871,snapshot_143.xyz,32,10000,40.0,10000,all,143
0.17245,0.184046,0.0,0.9369940123664736,0.06300598763352638,snapshot_144.xyz,32,10000,40.0,10000,all,144
0.172318,0.182929,0.0,0.9419938883391916,0.05800611166080838,snapshot_145.xyz,32,10000,40.0,10000,all,145
0.171525,0.182929,0.0,0.9376588731147057,0.06234112688529425,snapshot_146.xyz,32,10000,40.0,10000,all,146
0.172516,0.183652,0.0,0.9393635789427831,0.060636421057216894,snapshot_147.xyz,32,10000,40.0,10000,all,147
0.171128,0.182206,0.0,0.9392006849390251,0.06079931506097491,snapshot_148.xyz,32,10000,40.0,10000,all,148
0.16954,0.181745,0.0,0.9328454703017965,0.06715452969820346,snapshot_149.xyz,32,10000,40.0,10000,all,149
0.169408,0.181877,0.0,0.931442678293572,0.06855732170642803,snapshot_150.xyz,32,10000,40.0,10000,all,150
0.169077,0.182732,0.0,0.9252730775124226,0.0747269224875774,snapshot_151.xyz,32,10000,40.0,10000,all,151
0.168282,0.182535,0.0,0.9219163448105842,0.07808365518941585,snapshot_152.xyz,32,10000,40.0,10000,all,152
0.167487,0.181943,0.0,0.9205465447969968,0.07945345520300318,snapshot_153.xyz,32,10000,40.0,10000,all,153
0.166825,0.183192,0.0,0.9106565788899079,0.08934342111009208,snapshot_154.xyz,32,10000,40.0,10000,all,154
0.167421,0.182272,0.0,0.9185228669241573,0.0814771330758427,snapshot_155.xyz,32,10000,40.0,10000,all,155
0.165101,0.182863,0.0,0.9028671737858397,0.0971328262141603,snapshot_156.xyz,32,10000,40.0,10000,all,156
0.162844,0.18214,0.0,0.8940595146590534,0.10594048534094658,snapshot_157.xyz,32,10000,40.0,10000,all,157
0.160251,0.182337,0.0,0.8788726369305188,0.12112736306948124,snapshot_158.xyz,32,10000,40.0,10000,all,158
0.161781,0.184966,0.0,0.8746526388633588,0.12534736113664124,snapshot_159.xyz,32,10000,40.0,10000,all,159
0.158055,0.182403,0.0,0.8665153533658986,0.13348464663410142,snapshot_160.xyz,32,10000,40.0,10000,all,160
0.153987,0.1826,0.0,0.843302300109529,0.156697699890471,snapshot_161.xyz,32,10000,40.0,10000,all,161
0.151248,0.184506,0.0,0.8197456993268512,0.18025430067314885,snapshot_162.xyz,32,10000,40.0,10000,all,162
0.147902,0.182995,0.0,0.8082297330528158,0.19177026694718424,snapshot_163.xyz,32,10000,40.0,10000,all,163
0.145085,0.184572,0.0,0.7860618078581799,0.21393819214182008,snapshot_164.xyz,32,10000,40.0,10000,all,164
0.140852,0.182863,0.0,0.7702597026189005,0.22974029738109947,snapshot_165.xyz,32,10000,40.0,10000,all,165
0.137551,0.182929,0.0,0.7519365436863482,0.2480634563136518,snapshot_166.xyz,32,10000,40.0,10000,all,166
0.133838,0.184177,0.0,0.7266813988717375,0.27331860112826245,snapshot_167.xyz,32,10000,40.0,10000,all,167
0.131267,0.1826,0.0,0.7188773274917852,0.28112267250821477,snapshot_168.xyz,32,10000,40.0,10000,all,168
0.127946,0.182797,0.0,0.6999349004633556,0.3000650995366444,snapshot_169.xyz,32,10000,40.0,10000,all,169
0.125841,0.18352,0.0,0.6857072798605057,0.3142927201394943,snapshot_170.xyz,32,10000,40.0,10000,all,170
0.118824,0.181482,0.0,0.6547426191027209,0.3452573808972791,snapshot_171.xyz,32,10000,40.0,10000,all,171
0.119165,0.182206,0.0,0.6540124913559378,0.34598750864406225,snapshot_172.xyz,32,10000,40.0,10000,all,172
0.116226,0.181877,0.0,0.6390362717660836,0.3609637282339164,snapshot_173.xyz,32,10000,40.0,10000,all,173
0.114856,0.181022,0.0,0.634486416015733,0.36551358398426703,snapshot_174.xyz,32,10000,40.0,10000,all,174
0.111839,0.180232,0.0,0.6205279861511829,0.3794720138488171,snapshot_175.xyz,32,10000,40.0,10000,all,175
0.111152,0.180759,0.0,0.6149182060091061,0.38508179399089393,snapshot_176.xyz,32,10000,40.0,10000,all,176
0.110053,0.18168,0.0,0.6057518714222809,0.39424812857771907,snapshot_177.xyz,32,10000,40.0,10000,all,177
0.106679,0.180166,0.0,0.5921150494543921,0.4078849505456079,snapshot_178.xyz,32,10000,40.0,10000,all,178
0.104609,0.179837,0.0,0.5816878617859506,0.41831213821404944,snapshot_179.xyz,32,10000,40.0,10000,all,179
0.105299,0.179179,0.0,0.5876748949374647,0.4123251050625353,snapshot_180.xyz,32,10000,40.0,10000,all,180
0.101567,0.178323,0.0,0.5695675824206636,0.43043241757933637,snapshot_181.xyz,32,10000,40.0,10000,all,181
0.10219,0.179113,0.0,0.5705336854388012,0.42946631456119877,snapshot_182.xyz,32,10000,40.0,10000,all,182
0.100666,0.178125,0.0,0.5651424561403509,0.43485754385964914,snapshot_183.xyz,32,10000,40.0,10000,all,183
0.10025,0.176807,0.0,0.5670024376862908,0.43299756231370923,snapshot_184.xyz,32,10000,40.0,10000,all,184
0.0985164,0.177532,0.0,0.5549219295676273,0.4450780704323727,snapshot_185.xyz,32,10000,40.0,10000,all,185
0.0965016,0.178125,0.0,0.5417633684210527,0.45823663157894734,snapshot_186.xyz,32,10000,40.0,10000,all,186
0.0969188,0.176081,0.0,0.5504216809309352,0.44957831906906476,snapshot_187.xyz,32,10000,40.0,10000,all,187
0.0950404,0.176741,0.0,0.5377382723872786,0.46226172761272144,snapshot_188.xyz,32,10000,40.0,10000,all,188
0.0946226,0.175751,0.0,0.5383901087333786,0.46160989126662144,snapshot_189.xyz,32,10000,40.0,10000,all,189
0.0929496,0.174762,0.0,0.5318639063411954,0.4681360936588046,snapshot_190.xyz,32,10000,40.0,10000,all,190
0.0923914,0.173441,0.0,0.5326964212614087,0.4673035787385913,snapshot_191.xyz,32,10000,40.0,10000,all,191
0.0922518,0.174366,0.0,0.5290698874780634,0.4709301125219366,snapshot_192.xyz,32,10000,40.0,10000,all,192
0.0920424,0.172648,0.0,0.5331217274454381,0.46687827255456193,snapshot_193.xyz,32,10000,40.0,10000,all,193
0.0908548,0.173177,0.0,0.5246354885464005,0.4753645114535995,snapshot_194.xyz,32,10000,40.0,10000,all,194
0.0899458,0.171657,0.0,0.5239856224913636,0.4760143775086364,snapshot_195.xyz,32,10000,40.0,10000,all,195
0.0899458,0.171855,0.0,0.5233819208053301,0.4766180791946699,snapshot_196.xyz,32,10000,40.0,10000,all,196
0.089316,0.172582,0.0,0.5175278997809737,0.4824721002190263,snapshot_197.xyz,32,10000,40.0,10000,all,197
0.0887559,0.171326,0.0,0.5180527182097288,0.48194728179027124,snapshot_198.xyz,32,10000,40.0,10000,all,198
0.0877049,0.170863,0.0,0.5133053967213499,0.4866946032786501,snapshot_199.xyz,32,10000,40.0,10000,all,199
0.0886158,0.171062,0.0,0.5180332277186049,0.48196677228139506,snapshot_200.xyz,32,10000,40.0,10000,all,200
0.0879152,0.169937,0.0,0.5173399553952347,0.4826600446047653,snapshot_201.xyz,32,10000,40.0,10000,all,201
0.0874244,0.17007,0.0,0.5140495090256954,0.48595049097430465,snapshot_202.xyz,32,10000,40.0,10000,all,202
0.0881254,0.168945,0.0,0.5216218295895114,0.4783781704104886,snapshot_203.xyz,32,10000,40.0,10000,all,203
0.0878451,0.170731,0.0,0.5145234315970737,0.4854765684029263,snapshot_204.xyz,32,10000,40.0,10000,all,204
0.0886859,0.170467,0.0,0.5202526002100113,0.4797473997899887,snapshot_205.xyz,32,10000,40.0,10000,all,205
0.0877049,0.170731,0.0,0.5137022567664924,0.4862977432335076,snapshot_206.xyz,32,10000,40.0,10000,all,206
0.0885458,0.169209,0.0,0.5232924962620191,0.4767075037379809,snapshot_207.xyz,32,10000,40.0,10000,all,207
0.0867229,0.169143,0.0,0.5127194149329266,0.4872805850670734,snapshot_208.xyz,32,10000,40.0,10000,all,208
0.0881254,0.169011,0.0,0.5214181325475857,0.47858186745241427,snapshot_209.xyz,32,10000,40.0,10000,all,209
0.0878451,0.170136,0.0,0.5163228240936661,0.48367717590633386,snapshot_210.xyz,32,10000,40.0,10000,all,210
0.0879852,0.169871,0.0,0.5179530349500503,0.4820469650499497,snapshot_211.xyz,32,10000,40.0,10000,all,211
0.0885458,0.170467,0.0,0.5194307402605782,0.4805692597394218,snapshot_212.xyz,32,10000,40.0,10000,all,212
0.089036,0.170863,0.0,0.5210958487209051,0.4789041512790949,snapshot_213.xyz,32,10000,40.0,10000,all,213
0.0881955,0.170004,0.0,0.5187848521211266,0.48121514787887343,snapshot_214.xyz,32,10000,40.0,10000,all,214
0.0883356,0.170467,0.0,0.5181976570245267,0.4818023429754733,snapshot_215.xyz,32,10000,40.0,10000,all,215
0.089316,0.171459,0.0,0.5209175371371582,0.47908246286284184,snapshot_216.xyz,32,10000,40.0,10000,all,216
0.0873543,0.169606,0.0,0.5150425102885511,0.4849574897114489,snapshot_217.xyz,32,10000,40.0,10000,all,217
0.0875647,0.170467,0.0,0.513675374119331,0.48632462588066905,snapshot_218.xyz,32,10000,40.0,10000,all,218
0.0881955,0.171194,0.0,0.5151786861689077,0.4848213138310923,snapshot_219.xyz,32,10000,40.0,10000,all,219
0.0878451,0.169937,0.0,0.5169274495842576,0.4830725504157424,snapshot_220.xyz,32,10000,40.0,10000,all,220
0.0874945,0.17007,0.0,0.51446169224437,0.48553830775563,snapshot_221.xyz,32,10000,40.0,10000,all,221
0.0879152,0.169871,0.0,0.517540957550141,0.48245904244985904,snapshot_222.xyz,32,10000,40.0,10000,all,222
0.0879152,0.170863,0.0,0.5145362073708176,0.4854637926291824,snapshot_223.xyz,32,10000,40.0,10000,all,223
0.0880553,0.170665,0.0,0.5159540620513872,0.48404593794861284,snapshot_224.xyz,32,10000,40.0,10000,all,224
0.089036,0.169276,0.0,0.5259812377419126,0.47401876225808737,snapshot_225.xyz,32,10000,40.0,10000,all,225
0.0883356,0.170268,0.0,0.518803298329692,0.48119670167030804,snapshot_226.xyz,32,10000,40.0,10000,all,226
0.0870737,0.170665,0.0,0.5102024433832362,0.48979755661676383,snapshot_227.xyz,32,10000,40.0,10000,all,227
0.0883356,0.168415,0.0,0.5245114746311196,0.4754885253688804,snapshot_228.xyz,32,10000,40.0,10000,all,228
0.0867931,0.169739,0.0,0.5113326931347539,0.48866730686524606,snapshot_229.xyz,32,10000,40.0,10000,all,229
0.0876348,0.170004,0.0,0.5154866944307193,0.48451330556928074,snapshot_230.xyz,32,10000,40.0,10000,all,230
0.0879852,0.170334,0.0,0.5165451407235196,0.48345485927648035,snapshot_231.xyz,32,10000,40.0,10000,all,231
0.0883356,0.169937,0.0,0.5198138133543607,0.4801861866456393,snapshot_232.xyz,32,10000,40.0,10000,all,232
0.0887559,0.170467,0.0,0.5206632368728258,0.4793367631271742,snapshot_233.xyz,32,10000,40.0,10000,all,233
0.0876348,0.169871,0.0,0.5158902932225041,0.4841097067774959,snapshot_234.xyz,32,10000,40.0,10000,all,234
0.0883356,0.169408,0.0,0.5214370041556479,0.47856299584435213,snapshot_235.xyz,32,10000,40.0,10000,all,235
0.0870737,0.169937,0.0,0.5123881203034065,0.4876118796965935,snapshot_236.xyz,32,10000,40.0,10000,all,236
0.0878451,0.16954,0.0,0.5181379025598679,0.4818620974401321,snapshot_237.xyz,32,10000,40.0,10000,all,237
0.0884057,0.170202,0.0,0.5194163405835419,0.4805836594164581,snapshot_238.xyz,32,10000,40.0,10000,all,238
0.087775,0.170599,0.0,0.5145106360529663,0.4854893639470337,snapshot_239.xyz,32,10000,40.0,10000,all,239
0.0878451,0.170996,0.0,0.5137260520713934,0.48627394792860656,snapshot_240.xyz,32,10000,40.0,10000,all,240
0.0872842,0.170863,0.0,0.510843190158197,0.489156809841803,snapshot_241.xyz,32,10000,40.0,10000,all,241
0.0877049,0.17093,0.0,0.5131041946995847,0.4868958053004153,snapshot_242.xyz,32,10000,40.0,10000,all,242
0.0872842,0.170334,0.0,0.5124296969483485,0.4875703030516515,snapshot_243.xyz,32,10000,40.0,10000,all,243
0.0876348,0.169606,0.0,0.5166963432897421,0.4833036567102579,snapshot_244.xyz,32,10000,40.0,10000,all,244
0.0870036,0.16868,0.0,0.5157908465733935,0.48420915342660653,snapshot_245.xyz,32,10000,40.0,10000,all,245
0.0879852,0.170136,0.0,0.5171462829736211,0.4828537170263789,snapshot_246.xyz,32,10000,40.0,10000,all,246
0.087775,0.168945,0.0,0.5195477818224866,0.4804522181775134,snapshot_247.xyz,32,10000,40.0,10000,all,247
0.0874945,0.169342,0.0,0.5166733592375193,0.48332664076248066,snapshot_248.xyz,32,10000,40.0,10000,all,248
0.087775,0.169209,0.0,0.51873718301036,0.48126281698964,snapshot_249.xyz,32,10000,40.0,10000,all,249
0.0871439,0.169937,0.0,0.5128012145677515,0.4871987854322485,snapshot_250.xyz,32,10000,40.0,10000,all,250
0.088966,0.170467,0.0,0.5218957334850733,0.47810426651492666,snapshot_251.xyz,32,10000,40.0,10000,all,251
0.0881254,0.170599,0.0,0.5165645754078277,0.48343542459217226,snapshot_252.xyz,32,10000,40.0,10000,all,252
0.0880553,0.169011,0.0,0.5210033666447746,0.47899663335522535,snapshot_253.xyz,32,10000,40.0,10000,all,253
0.0880553,0.170268,0.0,0.517157070030775,0.48284292996922495,snapshot_254.xyz,32,10000,40.0,10000,all,254
0.0874244,0.169342,0.0,0.5162594040462496,0.4837405959537504,snapshot_255.xyz,32,10000,40.0,10000,all,255
0.0881955,0.170797,0.0,0.5163761658577141,0.48362383414228594,snapshot_256.xyz,32,10000,40.0,10000,all,256
0.0876348,0.170996,0.0,0.512496198741491,0.487503801258509,snapshot_257.xyz,32,10000,40.0,10000,all,257
0.0879152,0.170533,0.0,0.5155318911882157,0.48446810881178426,snapshot_258.xyz,32,10000,40.0,10000,all,258
0.0881955,0.170334,0.0,0.517779773856071,0.482220226143929,snapshot_259.xyz,32,10000,40.0,10000,all,259
0.087775,0.170533,0.0,0.5147097629197869,0.4852902370802131,snapshot_260.xyz,32,10000,40.0,10000,all,260
0.0872842,0.169673,0.0,0.5144259840988255,0.48557401590117455,snapshot_261.xyz,32,10000,40.0,10000,all,261
0.0868633,0.169673,0.0,0.5119453301350245,0.4880546698649755,snapshot_262.xyz,32,10000,40.0,10000,all,262
0.088896,0.170599,0.0,0.5210816007127826,0.47891839928721736,snapshot_263.xyz,32,10000,40.0,10000,all,263
0.0885458,0.169805,0.0,0.5214557875209799,0.4785442124790201,snapshot_264.xyz,32,10000,40.0,10000,all,264
0.0885458,0.17093,0.0,0.5180237524132686,0.4819762475867314,snapshot_265.xyz,32,10000,40.0,10000,all,265
0.0881254,0.16954,0.0,0.519791199716881,0.48020880028311896,snapshot_266.xyz,32,10000,40.0,10000,all,266
0.0879152,0.170533,0.0,0.5155318911882157,0.48446810881178426,snapshot_267.xyz,32,10000,40.0,10000,all,267
0.0874244,0.170797,0.0,0.5118614495570765,0.48813855044292354,snapshot_268.xyz,32,10000,40.0,10000,all,268
0.0885458,0.170599,0.0,0.5190288336977356,0.48097116630226444,snapshot_269.xyz,32,10000,40.0,10000,all,269
0.087775,0.169739,0.0,0.5171174568013244,0.48288254319867563,snapshot_270.xyz,32,10000,40.0,10000,all,270
0.0873543,0.169342,0.0,0.5158454488549798,0.48415455114502015,snapshot_271.xyz,32,10000,40.0,10000,all,271
0.0885458,0.170268,0.0,0.5200378227265252,0.4799621772734748,snapshot_272.xyz,32,10000,40.0,10000,all,272
0.089316,0.169739,0.0,0.5261961010728236,0.47380389892717645,snapshot_273.xyz,32,10000,40.0,10000,all,273
0.0884757,0.1704,0.0,0.5192235915492958,0.48077640845070424,snapshot_274.xyz,32,10000,40.0,10000,all,274
0.0881955,0.16954,0.0,0.5202046714639613,0.4797953285360387,snapshot_275.xyz,32,10000,40.0,10000,all,275
0.0885458,0.169276,0.0,0.5230853753633119,0.4769146246366881,snapshot_276.xyz,32,10000,40.0,10000,all,276
0.0874945,0.169408,0.0,0.5164720674348319,0.48352793256516813,snapshot_277.xyz,32,10000,40.0,10000,all,277
0.0878451,0.1704,0.0,0.5155228873239437,0.4844771126760563,snapshot_278.xyz,32,10000,40.0,10000,all,278
0.0877049,0.171194,0.0,0.5123129315279741,0.4876870684720259,snapshot_279.xyz,32,10000,40.0,10000,all,279
0.0875647,0.169474,0.0,0.5166851552450523,0.4833148447549477,snapshot_280.xyz,32,10000,40.0,10000,all,280
0.087214,0.169342,0.0,0.5150169479514828,0.4849830520485172,snapshot_281.xyz,32,10000,40.0,10000,all,281
0.0871439,0.1704,0.0,0.5114078638497652,0.4885921361502348,snapshot_282.xyz,32,10000,40.0,10000,all,282
0.0882656,0.17007,0.0,0.5189957076497913,0.4810042923502087,snapshot_283.xyz,32,10000,40.0,10000,all,283
0.0886859,0.169805,0.0,0.5222808515650305,0.47771914843496954,snapshot_284.xyz,32,10000,40.0,10000,all,284
0.087214,0.1704,0.0,0.511819248826291,0.48818075117370896,snapshot_285.xyz,32,10000,40.0,10000,all,285
0.0880553,0.168878,0.0,0.5214136832506306,0.47858631674936936,snapshot_286.xyz,32,10000,40.0,10000,all,286
0.0880553,0.170136,0.0,0.5175583062961395,0.4824416937038605,snapshot_287.xyz,32,10000,40.0,10000,all,287
0.0871439,0.170863,0.0,0.510022064461001,0.48997793553899904,snapshot_288.xyz,32,10000,40.0,10000,all,288
0.0874945,0.168746,0.0,0.5184982162540149,0.48150178374598507,snapshot_289.xyz,32,10000,40.0,10000,all,289
0.0873543,0.169805,0.0,0.5144389152262889,0.48556108477371107,snapshot_290.xyz,32,10000,40.0,10000,all,290
0.0884057,0.170136,0.0,0.5196178351436498,0.4803821648563502,snapshot_291.xyz,32,10000,40.0,10000,all,291
0.0886859,0.169408,0.0,0.5235047931620702,0.4764952068379298,snapshot_292.xyz,32,10000,40.0,10000,all,292
0.0882656,0.17007,0.0,0.5189957076497913,0.4810042923502087,snapshot_293.xyz,32,10000,40.0,10000,all,293
0.0886158,0.169937,0.0,0.5214626596915327,0.4785373403084673,snapshot_294.xyz,32,10000,40.0,10000,all,294
0.0880553,0.168084,0.0,0.5238767521001404,0.4761232478998596,snapshot_295.xyz,32,10000,40.0,10000,all,295
0.0883356,0.169805,0.0,0.5202178969994994,0.4797821030005006,snapshot_296.xyz,32,10000,40.0,10000,all,296
0.0881254,0.169143,0.0,0.5210112153621492,0.4789887846378508,snapshot_297.xyz,32,10000,40.0,10000,all,297
0.0874244,0.169011,0.0,0.5172704735194751,0.4827295264805249,snapshot_298.xyz,32,10000,40.0,10000,all,298
0.087775,0.169011,0.0,0.5193448947109952,0.4806551052890048,snapshot_299.xyz,32,10000,40.0,10000,all,299
0.0884057,0.169739,0.0,0.5208331615008925,0.47916683849910746,snapshot_300.xyz,32,10000,40.0,10000,all,300
0.0884757,0.169805,0.0,0.52104296104355,0.47895703895645003,snapshot_301.xyz,32,10000,40.0,10000,all,301
0.0882656,0.170599,0.0,0.5173863856177352,0.4826136143822648,snapshot_302.xyz,32,10000,40.0,10000,all,302
0.0874244,0.169606,0.0,0.515455821138403,0.48454417886159695,snapshot_303.xyz,32,10000,40.0,10000,all,303
0.0886158,0.170797,0.0,0.5188369819142022,0.48116301808579776,snapshot_304.xyz,32,10000,40.0,10000,all,304
0.089176,0.171194,0.0,0.5209061065224249,0.47909389347757514,snapshot_305.xyz,32,10000,40.0,10000,all,305
0.0886158,0.171326,0.0,0.5172349789290591,0.4827650210709409,snapshot_306.xyz,32,10000,40.0,10000,all,306
0.088896,0.171393,0.0,0.5186676235318829,0.4813323764681171,snapshot_307.xyz,32,10000,40.0,10000,all,307
0.089456,0.171789,0.0,0.5207318279983002,0.4792681720016998,snapshot_308.xyz,32,10000,40.0,10000,all,308
0.089456,0.172847,0.0,0.5175444178955955,0.48245558210440453,snapshot_309.xyz,32,10000,40.0,10000,all,309
0.0907849,0.173111,0.0,0.5244317229985386,0.4755682770014614,snapshot_310.xyz,32,10000,40.0,10000,all,310
0.0914837,0.174168,0.0,0.5252612420191999,0.4747387579808001,snapshot_311.xyz,32,10000,40.0,10000,all,311
0.0916932,0.173969,0.0,0.5270663164126942,0.4729336835873058,snapshot_312.xyz,32,10000,40.0,10000,all,312
0.092531,0.176147,0.0,0.525305568644371,0.47469443135562905,snapshot_313.xyz,32,10000,40.0,10000,all,313
0.0931589,0.174564,0.0,0.533666162553562,0.46633383744643797,snapshot_314.xyz,32,10000,40.0,10000,all,314
0.0947619,0.176279,0.0,0.5375677193539786,0.4624322806460214,snapshot_315.xyz,32,10000,40.0,10000,all,315
0.0949708,0.175751,0.0,0.5403713207890709,0.4596286792109291,snapshot_316.xyz,32,10000,40.0,10000,all,316
0.0953189,0.175685,0.0,0.5425557105045963,0.4574442894954037,snapshot_317.xyz,32,10000,40.0,10000,all,317
0.0958756,0.176015,0.0,0.5447013038661478,0.4552986961338522,snapshot_318.xyz,32,10000,40.0,10000,all,318
0.0974747,0.177927,0.0,0.5478353482046008,0.4521646517953992,snapshot_319.xyz,32,10000,40.0,10000,all,319
0.0981693,0.17852,0.0,0.5499064530584808,0.45009354694151915,snapshot_320.xyz,32,10000,40.0,10000,all,320
0.0997652,0.178059,0.0,0.5602929366108986,0.43970706338910137,snapshot_321.xyz,32,10000,40.0,10000,all,321
0.100666,0.17964,0.0,0.5603763081718994,0.43962369182810057,snapshot_322.xyz,32,10000,40.0,10000,all,322
0.100458,0.178652,0.0,0.5623110852383405,0.4376889147616595,snapshot_323.xyz,32,10000,40.0,10000,all,323
0.102743,0.180627,0.0,0.5688130788863237,0.4311869211136763,snapshot_324.xyz,32,10000,40.0,10000,all,324
0.103987,0.180298,0.0,0.5767507127089595,0.4232492872910405,snapshot_325.xyz,32,10000,40.0,10000,all,325
0.103918,0.179047,0.0,0.5803950917915407,0.4196049082084593,snapshot_326.xyz,32,10000,40.0,10000,all,326
0.106886,0.179047,0.0,0.5969717448491177,0.40302825515088225,snapshot_327.xyz,32,10000,40.0,10000,all,327
0.107299,0.180298,0.0,0.5951203008352838,0.4048796991647162,snapshot_328.xyz,32,10000,40.0,10000,all,328
0.107506,0.181745,0.0,0.5915210872376132,0.4084789127623868,snapshot_329.xyz,32,10000,40.0,10000,all,329
0.108883,0.179376,0.0,0.6070098563910444,0.39299014360895557,snapshot_330.xyz,32,10000,40.0,10000,all,330
0.110121,0.181548,0.0,0.6065668583515104,0.39343314164848964,snapshot_331.xyz,32,10000,40.0,10000,all,331
0.112114,0.181548,0.0,0.6175446713816732,0.38245532861832676,snapshot_332.xyz,32,10000,40.0,10000,all,332
0.112251,0.181153,0.0,0.619647480306702,0.380352519693298,snapshot_333.xyz,32,10000,40.0,10000,all,333
0.11561,0.182666,0.0,0.6329037697217873,0.3670962302782127,snapshot_334.xyz,32,10000,40.0,10000,all,334
0.115747,0.182337,0.0,0.6347971064567257,0.3652028935432743,snapshot_335.xyz,32,10000,40.0,10000,all,335
0.118346,0.182403,0.0,0.6488160830688092,0.3511839169311908,snapshot_336.xyz,32,10000,40.0,10000,all,336
0.120598,0.18352,0.0,0.6571381865736705,0.3428618134263295,snapshot_337.xyz,32,10000,40.0,10000,all,337
0.121826,0.182732,0.0,0.6666922049777817,0.3333077950222183,snapshot_338.xyz,32,10000,40.0,10000,all,338
0.124549,0.182403,0.0,0.682823199179838,0.317176800820162,snapshot_339.xyz,32,10000,40.0,10000,all,339
0.128082,0.183915,0.0,0.6964195416360819,0.3035804583639181,snapshot_340.xyz,32,10000,40.0,10000,all,340
0.127539,0.182272,0.0,0.6997180038623597,0.3002819961376403,snapshot_341.xyz,32,10000,40.0,10000,all,341
0.131335,0.184309,0.0,0.7125805033937572,0.2874194966062428,snapshot_342.xyz,32,10000,40.0,10000,all,342
0.13235,0.183258,0.0,0.7222058518591276,0.27779414814087244,snapshot_343.xyz,32,10000,40.0,10000,all,343
0.136472,0.184112,0.0,0.7412444598939777,0.2587555401060223,snapshot_344.xyz,32,10000,40.0,10000,all,344
0.138225,0.183192,0.0,0.7545362242892703,0.24546377571072975,snapshot_345.xyz,32,10000,40.0,10000,all,345
0.143877,0.182337,0.0,0.7890718833807729,0.21092811661922706,snapshot_346.xyz,32,10000,40.0,10000,all,346
0.14703,0.185031,0.0,0.7946236036123676,0.2053763963876324,snapshot_347.xyz,32,10000,40.0,10000,all,347
0.150914,0.184769,0.0,0.8167712116209971,0.18322878837900292,snapshot_348.xyz,32,10000,40.0,10000,all,348
0.153854,0.182272,0.0,0.8440901509831461,0.1559098490168539,snapshot_349.xyz,32,10000,40.0,10000,all,349
0.158454,0.184177,0.0,0.8603354381926083,0.13966456180739173,snapshot_350.xyz,32,10000,40.0,10000,all,350
0.160118,0.18214,0.0,0.8790930053804766,0.12090699461952337,snapshot_351.xyz,32,10000,40.0,10000,all,351
0.163109,0.182469,0.0,0.893899785717026,0.106100214282974,snapshot_352.xyz,32,10000,40.0,10000,all,352
0.167222,0.182666,0.0,0.915452246176081,0.08454775382391899,snapshot_353.xyz,32,10000,40.0,10000,all,353
0.169606,0.181811,0.0,0.9328698483590102,0.06713015164098979,snapshot_354.xyz,32,10000,40.0,10000,all,354
0.170665,0.183455,0.0,0.9302826306178628,0.06971736938213724,snapshot_355.xyz,32,10000,40.0,10000,all,355
0.172847,0.184572,0.0,0.9364746548772294,0.06352534512277064,snapshot_356.xyz,32,10000,40.0,10000,all,356
0.171459,0.183652,0.0,0.9336081284167882,0.0663918715832118,snapshot_357.xyz,32,10000,40.0,10000,all,357
0.171987,0.18352,0.0,0.9371567131647778,0.06284328683522222,snapshot_358.xyz,32,10000,40.0,10000,all,358
0.171459,0.182403,0.0,0.9400009868258745,0.05999901317412548,snapshot_359.xyz,32,10000,40.0,10000,all,359
0.17212,0.183258,0.0,0.9392222986172499,0.06077770138275007,snapshot_360.xyz,32,10000,40.0,10000,all,360
0.173573,0.182995,0.0,0.9485122544331813,0.05148774556681868,snapshot_361.xyz,32,10000,40.0,10000,all,361
0.172714,0.182206,0.0,0.9479051183824901,0.05209488161750986,snapshot_362.xyz,32,10000,40.0,10000,all,362
0.172781,0.182535,0.0,0.9465636727203002,0.053436327279699825,snapshot_363.xyz,32,10000,40.0,10000,all,363
0.17212,0.181219,0.0,0.9497900330539293,0.05020996694607072,snapshot_364.xyz,32,10000,40.0,10000,all,364
0.173903,0.18398,0.0,0.9452277421458855,0.05477225785411455,snapshot_365.xyz,32,10000,40.0,10000,all,365
0.1743,0.1826,0.0,0.9545454545454546,0.045454545454545414,snapshot_366.xyz,32,10000,40.0,10000,all,366
0.173111,0.182535,0.0,0.9483715451831155,0.051628454816884495,snapshot_367.xyz,32,10000,40.0,10000,all,367
0.173375,0.181351,0.0,0.9560189907968525,0.043981009203147514,snapshot_368.xyz,32,10000,40.0,10000,all,368
0.173969,0.182666,0.0,0.9523885123668335,0.04761148763316647,snapshot_369.xyz,32,10000,40.0,10000,all,369
0.173375,0.182403,0.0,0.9505052000241224,0.04949479997587758,snapshot_370.xyz,32,10000,40.0,10000,all,370
0.17496,0.182074,0.0,0.9609279743401035,0.03907202565989654,snapshot_371.xyz,32,10000,40.0,10000,all,371
0.175026,0.18352,0.0,0.9537162162162162,0.04628378378378384,snapshot_372.xyz,32,10000,40.0,10000,all,372
0.17463,0.181482,0.0,0.9622441895063973,0.03775581049360266,snapshot_373.xyz,32,10000,40.0,10000,all,373
0.174498,0.1826,0.0,0.955629791894852,0.044370208105148023,snapshot_374.xyz,32,10000,40.0,10000,all,374
0.173837,0.181811,0.0,0.9561412675800693,0.04385873241993066,snapshot_375.xyz,32,10000,40.0,10000,all,375
0.17496,0.181877,0.0,0.9619688030921997,0.038031196907800324,snapshot_376.xyz,32,10000,40.0,10000,all,376
0.174564,0.183915,0.0,0.9491558600440421,0.050844139955957934,snapshot_377.xyz,32,10000,40.0,10000,all,377
0.177004,0.182535,0.0,0.9696989618429341,0.030301038157065863,snapshot_378.xyz,32,10000,40.0,10000,all,378
0.175158,0.182732,0.0,0.9585513210603507,0.04144867893964932,snapshot_379.xyz,32,10000,40.0,10000,all,379
0.176147,0.18398,0.0,0.9574247200782693,0.04257527992173071,snapshot_380.xyz,32,10000,40.0,10000,all,380
0.174234,0.182929,0.0,0.9524678973809511,0.047532102619048944,snapshot_381.xyz,32,10000,40.0,10000,all,381
0.175422,0.183323,0.0,0.9569012071589489,0.043098792841051115,snapshot_382.xyz,32,10000,40.0,10000,all,382
0.174234,0.182074,0.0,0.9569405845974713,0.04305941540252867,snapshot_383.xyz,32,10000,40.0,10000,all,383
0.176411,0.183323,0.0,0.9622960566868314,0.03770394331316862,snapshot_384.xyz,32,10000,40.0,10000,all,384
0.17496,0.181548,0.0,0.9637120761451518,0.03628792385484825,snapshot_385.xyz,32,10000,40.0,10000,all,385
0.17463,0.180561,0.0,0.9671523750976125,0.03284762490238746,snapshot_386.xyz,32,10000,40.0,10000,all,386
0.176807,0.182469,0.0,0.9689700716286054,0.03102992837139462,snapshot_387.xyz,32,10000,40.0,10000,all,387
0.175158,0.183718,0.0,0.9534068518054846,0.04659314819451543,snapshot_388.xyz,32,10000,40.0,10000,all,388
0.17496,0.181285,0.0,0.9651101856193287,0.03488981438067129,snapshot_389.xyz,32,10000,40.0,10000,all,389
0.17463,0.181614,0.0,0.9615448148270508,0.03845518517294921,snapshot_390.xyz,32,10000,40.0,10000,all,390
0.175619,0.18214,0.0,0.9641978697705063,0.035802130229493745,snapshot_391.xyz,32,10000,40.0,10000,all,391
0.176741,0.182337,0.0,0.9693095751273741,0.030690424872625854,snapshot_392.xyz,32,10000,40.0,10000,all,392
0.175553,0.182535,0.0,0.9617498014079491,0.03825019859205092,snapshot_393.xyz,32,10000,40.0,10000,all,393
0.175685,0.181022,0.0,0.9705173956756639,0.029482604324336137,snapshot_394.xyz,32,10000,40.0,10000,all,394
0.175751,0.182272,0.0,0.9642237974016854,0.0357762025983146,snapshot_395.xyz,32,10000,40.0,10000,all,395
0.176477,0.181943,0.0,0.9699576240910615,0.030042375908938546,snapshot_396.xyz,32,10000,40.0,10000,all,396
0.176543,0.182009,0.0,0.9699685180403167,0.030031481959683304,snapshot_397.xyz,32,10000,40.0,10000,all,397
0.174035,0.181482,0.0,0.958965627445146,0.04103437255485398,snapshot_398.xyz,32,10000,40.0,10000,all,398
0.176938,0.183126,0.0,0.9662090582440506,0.03379094175594943,snapshot_399.xyz,32,10000,40.0,10000,all,399
0.176279,0.18214,0.0,0.9678214560228395,0.03217854397716047,snapshot_400.xyz,32,10000,40.0,10000,all,400
0.174762,0.180956,0.0,0.9657706845863082,0.034229315413691785,snapshot_401.xyz,32,10000,40.0,10000,all,401
0.176015,0.182469,0.0,0.9646296083170293,0.03537039168297074,snapshot_402.xyz,32,10000,40.0,10000,all,402
0.176807,0.18352,0.0,0.9634208805579774,0.036579119442022634,snapshot_403.xyz,32,10000,40.0,10000,all,403
0.176938,0.183915,0.0,0.9620639969551152,0.03793600304488476,snapshot_404.xyz,32,10000,40.0,10000,all,404
0.177136,0.182469,0.0,0.9707731176254596,0.02922688237454041,snapshot_405.xyz,32,10000,40.0,10000,all,405
0.177136,0.183915,0.0,0.9631405812467716,0.0368594187532284,snapshot_406.xyz,32,10000,40.0,10000,all,406
0.176543,0.182337,0.0,0.968223673746963,0.031776326253036946,snapshot_407.xyz,32,10000,40.0,10000,all,407
0.176015,0.182732,0.0,0.9632412494801129,0.036758750519887085,snapshot_408.xyz,32,10000,40.0,10000,all,408
0.176675,0.182009,0.0,0.9706937569021312,0.029306243097868778,snapshot_409.xyz,32,10000,40.0,10000,all,409
0.17496,0.181745,0.0,0.9626674736581475,0.03733252634185247,snapshot_410.xyz,32,10000,40.0,10000,all,410
0.174432,0.181943,0.0,0.9587178402027009,0.0412821597972991,snapshot_411.xyz,32,10000,40.0,10000,all,411
0.174564,0.181943,0.0,0.9594433421456171,0.040556657854382894,snapshot_412.xyz,32,10000,40.0,10000,all,412
0.174498,0.18168,0.0,0.9604689564068691,0.039531043593130866,snapshot_413.xyz,32,10000,40.0,10000,all,413
0.175026,0.182206,0.0,0.9605940528851957,0.039405947114804274,snapshot_414.xyz,32,10000,40.0,10000,all,414
0.175356,0.18214,0.0,0.9627539255517734,0.037246074448226585,snapshot_415.xyz,32,10000,40.0,10000,all,415
0.176609,0.181745,0.0,0.9717406256018047,0.02825937439819526,snapshot_416.xyz,32,10000,40.0,10000,all,416
0.176807,0.183323,0.0,0.9644561784391483,0.035543821560851674,snapshot_417.xyz,32,10000,40.0,10000,all,417
0.176411,0.182666,0.0,0.9657571742962566,0.034242825703743374,snapshot_418.xyz,32,10000,40.0,10000,all,418
0.176675,0.182206,0.0,0.9696442488172727,0.030355751182727264,snapshot_419.xyz,32,10000,40.0,10000,all,419
0.177202,0.183389,0.0,0.966262971061514,0.03373702893848596,snapshot_420.xyz,32,10000,40.0,10000,all,420
0.175883,0.182206,0.0,0.9652975203890103,0.03470247961098971,snapshot_421.xyz,32,10000,40.0,10000,all,421
0.175553,0.182732,0.0,0.9607129566797276,0.03928704332027244,snapshot_422.xyz,32,10000,40.0,10000,all,422
0.175685,0.18306,0.0,0.9597126625150224,0.04028733748497759,snapshot_423.xyz,32,10000,40.0,10000,all,423
0.176345,0.182009,0.0,0.9688806597475949,0.031119340252405148,snapshot_424.xyz,32,10000,40.0,10000,all,424
0.177136,0.182863,0.0,0.9686814719216025,0.03131852807839752,snapshot_425.xyz,32,10000,40.0,10000,all,425
0.176543,0.182403,0.0,0.9678733354166323,0.03212666458336766,snapshot_426.xyz,32,10000,40.0,10000,all,426
0.175553,0.181088,0.0,0.9694347499558225,0.03056525004417754,snapshot_427.xyz,32,10000,40.0,10000,all,427
0.17463,0.180693,0.0,0.9664458501436138,0.03355414985638616,snapshot_428.xyz,32,10000,40.0,10000,all,428
0.176807,0.182797,0.0,0.9672314097058485,0.03276859029415147,snapshot_429.xyz,32,10000,40.0,10000,all,429
0.178257,0.182666,0.0,0.9758630505950752,0.024136949404924835,snapshot_430.xyz,32,10000,40.0,10000,all,430
0.176411,0.183389,0.0,0.9619497352622023,0.03805026473779771,snapshot_431.xyz,32,10000,40.0,10000,all,431
0.176873,0.183192,0.0,0.9655061356391109,0.03449386436088908,snapshot_432.xyz,32,10000,40.0,10000,all,432
0.176741,0.182206,0.0,0.9700064761862947,0.029993523813705347,snapshot_433.xyz,32,10000,40.0,10000,all,433
0.176741,0.182995,0.0,0.9658242028470724,0.03417579715292762,snapshot_434.xyz,32,10000,40.0,10000,all,434
0.176213,0.181285,0.0,0.972021954381223,0.027978045618777037,snapshot_435.xyz,32,10000,40.0,10000,all,435
0.175356,0.182009,0.0,0.9634468625177877,0.03655313748221234,snapshot_436.xyz,32,10000,40.0,10000,all,436
0.176279,0.182337,0.0,0.9667758052397484,0.033224194760251624,snapshot_437.xyz,32,10000,40.0,10000,all,437
0.178323,0.183323,0.0,0.9727257354505435,0.027274264549456473,snapshot_438.xyz,32,10000,40.0,10000,all,438
0.176609,0.181614,0.0,0.9724415518627418,0.027558448137258162,snapshot_439.xyz,32,10000,40.0,10000,all,439
0.175949,0.182009,0.0,0.9667049431621513,0.033295056837848724,snapshot_440.xyz,32,10000,40.0,10000,all,440
0.176543,0.181745,0.0,0.9713774794354728,0.028622520564527187,snapshot_441.xyz,32,10000,40.0,10000,all,441
0.175488,0.181482,0.0,0.966971931100605,0.033028068899395024,snapshot_442.xyz,32,10000,40.0,10000,all,442
0.178454,0.18306,0.0,0.97483885065006,0.02516114934993996,snapshot_443.xyz,32,10000,40.0,10000,all,443
0.175026,0.182666,0.0,0.9581750298358752,0.041824970164124786,snapshot_444.xyz,32,10000,40.0,10000,all,444
0.17496,0.181417,0.0,0.9644079661773705,0.03559203382262954,snapshot_445.xyz,32,10000,40.0,10000,all,445
0.175685,0.181745,0.0,0.9666565792731575,0.03334342072684249,snapshot_446.xyz,32,10000,40.0,10000,all,446
0.176213,0.182666,0.0,0.9646732287344115,0.035326771265588475,snapshot_447.xyz,32,10000,40.0,10000,all,447
0.176081,0.182797,0.0,0.9632597909156059,0.036740209084394126,snapshot_448.xyz,32,10000,40.0,10000,all,448
0.176147,0.181022,0.0,0.9730695716542741,0.0269304283457259,snapshot_449.xyz,32,10000,40.0,10000,all,449
0.175422,0.1826,0.0,0.9606900328587075,0.039309967141292534,snapshot_450.xyz,32,10000,40.0,10000,all,450
0.17529,0.181811,0.0,0.9641330832567887,0.0358669167432113,snapshot_451.xyz,32,10000,40.0,10000,all,451
0.176675,0.183323,0.0,0.9637361378550426,0.03626386214495736,snapshot_452.xyz,32,10000,40.0,10000,all,452
0.176411,0.181022,0.0,0.9745279579277658,0.02547204207223419,snapshot_453.xyz,32,10000,40.0,10000,all,453
0.176741,0.182206,0.0,0.9700064761862947,0.029993523813705347,snapshot_454.xyz,32,10000,40.0,10000,all,454
0.176147,0.183126,0.0,0.9618896279064687,0.0381103720935313,snapshot_455.xyz,32,10000,40.0,10000,all,455
0.17463,0.181877,0.0,0.9601543900548173,0.039845609945182714,snapshot_456.xyz,32,10000,40.0,10000,all,456
0.176543,0.182797,0.0,0.9657871846912149,0.03421281530878506,snapshot_457.xyz,32,10000,40.0,10000,all,457
0.174564,0.18168,0.0,0.9608322324966975,0.03916776750330253,snapshot_458.xyz,32,10000,40.0,10000,all,458
0.175092,0.180495,0.0,0.9700656527881659,0.029934347211834078,snapshot_459.xyz,32,10000,40.0,10000,all,459
0.174234,0.181614,0.0,0.9593643661832237,0.04063563381677626,snapshot_460.xyz,32,10000,40.0,10000,all,460
0.176609,0.181745,0.0,0.9717406256018047,0.02825937439819526,snapshot_461.xyz,32,10000,40.0,10000,all,461
0.176477,0.182074,0.0,0.9692597515295978,0.030740248470402243,snapshot_462.xyz,32,10000,40.0,10000,all,462
0.175751,0.181943,0.0,0.9659673634050224,0.03403263659497757,snapshot_463.xyz,32,10000,40.0,10000,all,463
0.176081,0.182863,0.0,0.9629121254709809,0.03708787452901907,snapshot_464.xyz,32,10000,40.0,10000,all,464
0.17707,0.18306,0.0,0.9672784879274555,0.03272151207254448,snapshot_465.xyz,32,10000,40.0,10000,all,465
0.1774,0.182797,0.0,0.9704754454394766,0.029524554560523386,snapshot_466.xyz,32,10000,40.0,10000,all,466
0.174894,0.181811,0.0,0.9619549972223902,0.038045002777609804,snapshot_467.xyz,32,10000,40.0,10000,all,467
0.17529,0.18168,0.0,0.9648282694848084,0.035171730515191624,snapshot_468.xyz,32,10000,40.0,10000,all,468
0.175751,0.18168,0.0,0.967365697930427,0.03263430206957296,snapshot_469.xyz,32,10000,40.0,10000,all,469
0.175619,0.18168,0.0,0.9666391457507705,0.03336085424922952,snapshot_470.xyz,32,10000,40.0,10000,all,470
0.175817,0.1826,0.0,0.9628532311062431,0.0371467688937569,snapshot_471.xyz,32,10000,40.0,10000,all,471
0.174366,0.182337,0.0,0.9562842429128482,0.04371575708715181,snapshot_472.xyz,32,10000,40.0,10000,all,472
0.175619,0.181482,0.0,0.9676937657729141,0.032306234227085895,snapshot_473.xyz,32,10000,40.0,10000,all,473
0.177795,0.183586,0.0,0.9684562003638623,0.03154379963613774,snapshot_474.xyz,32,10000,40.0,10000,all,474
0.17496,0.181022,0.0,0.9665123576139918,0.03348764238600821,snapshot_475.xyz,32,10000,40.0,10000,all,475
0.176543,0.181877,0.0,0.9706724874503098,0.029327512549690238,snapshot_476.xyz,32,10000,40.0,10000,all,476
0.175883,0.180298,0.0,0.9755127622047943,0.024487237795205674,snapshot_477.xyz,32,10000,40.0,10000,all,477
0.175685,0.182535,0.0,0.9624729503930753,0.037527049606924656,snapshot_478.xyz,32,10000,40.0,10000,all,478
0.175883,0.182009,0.0,0.9663423237312441,0.03365767626875593,snapshot_479.xyz,32,10000,40.0,10000,all,479
0.176015,0.183192,0.0,0.9608225250010918,0.039177474998908224,snapshot_480.xyz,32,10000,40.0,10000,all,480
0.175817,0.182403,0.0,0.9638931377225155,0.0361068622774845,snapshot_481.xyz,32,10000,40.0,10000,all,481
0.176411,0.181153,0.0,0.9738232322953526,0.026176767704647386,snapshot_482.xyz,32,10000,40.0,10000,all,482
0.175883,0.18306,0.0,0.9607942751010599,0.03920572489894014,snapshot_483.xyz,32,10000,40.0,10000,all,483
0.175685,0.181351,0.0,0.9687567203930499,0.03124327960695006,snapshot_484.xyz,32,10000,40.0,10000,all,484
0.176741,0.183258,0.0,0.9644381145707145,0.03556188542928551,snapshot_485.xyz,32,10000,40.0,10000,all,485
0.176741,0.182863,0.0,0.9665213848618912,0.03347861513810879,snapshot_486.xyz,32,10000,40.0,10000,all,486
0.176411,0.18306,0.0,0.9636785753304928,0.03632142466950716,snapshot_487.xyz,32,10000,40.0,10000,all,487
0.176081,0.182074,0.0,0.9670848116699802,0.03291518833001983,snapshot_488.xyz,32,10000,40.0,10000,all,488
0.175949,0.182206,0.0,0.9656597477580321,0.034340252241967906,snapshot_489.xyz,32,10000,40.0,10000,all,489
0.175224,0.182403,0.0,0.9606420947023897,0.039357905297610296,snapshot_490.xyz,32,10000,40.0,10000,all,490
0.173375,0.180824,0.0,0.958805247091094,0.04119475290890595,snapshot_491.xyz,32,10000,40.0,10000,all,491
0.177004,0.181417,0.0,0.9756748265046826,0.024325173495317376,snapshot_492.xyz,32,10000,40.0,10000,all,492
0.175751,0.182074,0.0,0.9652723617869656,0.03472763821303437,snapshot_493.xyz,32,10000,40.0,10000,all,493
0.176279,0.183455,0.0,0.9608841405249243,0.039115859475075676,snapshot_494.xyz,32,10000,40.0,10000,all,494
0.175949,0.182403,0.0,0.9646168100305367,0.035383189969463325,snapshot_495.xyz,32,10000,40.0,10000,all,495
0.176807,0.182666,0.0,0.9679250654199467,0.03207493458005328,snapshot_496.xyz,32,10000,40.0,10000,all,496
0.1774,0.181614,0.0,0.976796942966952,0.023203057033048036,snapshot_497.xyz,32,10000,40.0,10000,all,497
0.17529,0.181153,0.0,0.9676350929876955,0.032364907012304545,snapshot_498.xyz,32,10000,40.0,10000,all,498
0.176147,0.181088,0.0,0.9727149231312953,0.02728507686870474,snapshot_499.xyz,32,10000,40.0,10000,all,499
0.176345,0.182732,0.0,0.9650471729089596,0.03495282709104042,snapshot_500.xyz,32,10000,40.0,10000,all,500
0.17529,0.181482,0.0,0.965880913809634,0.034119086190365966,snapshot_501.xyz,32,10000,40.0,10000,all,501
0.175092,0.182009,0.0,0.9619963847941585,0.0380036152058415,snapshot_502.xyz,32,10000,40.0,10000,all,502
0.175553,0.183323,0.0,0.9576157928901445,0.042384207109855465,snapshot_503.xyz,32,10000,40.0,10000,all,503
0.174432,0.183126,0.0,0.9525244913338357,0.047475508666164346,snapshot_504.xyz,32,10000,40.0,10000,all,504
0.176345,0.183652,0.0,0.9602127937621152,0.03978720623788479,snapshot_505.xyz,32,10000,40.0,10000,all,505
0.175883,0.182337,0.0,0.9646040024789264,0.035395997521073586,snapshot_506.xyz,32,10000,40.0,10000,all,506
0.174828,0.183455,0.0,0.9529748439671855,0.04702515603281454,snapshot_507.xyz,32,10000,40.0,10000,all,507
0.175026,0.180627,0.0,0.9689913468086165,0.031008653191383462,snapshot_508.xyz,32,10000,40.0,10000,all,508
0.173177,0.181351,0.0,0.9549271854028927,0.045072814597107325,snapshot_509.xyz,32,10000,40.0,10000,all,509
0.173969,0.181351,0.0,0.9592944069787318,0.040705593021268194,snapshot_510.xyz,32,10000,40.0,10000,all,510
0.1743,0.18168,0.0,0.9593791281373845,0.04062087186261554,snapshot_511.xyz,32,10000,40.0,10000,all,511
0.17529,0.181877,0.0,0.9637832161295821,0.036216783870417935,snapshot_512.xyz,32,10000,40.0,10000,all,512
0.175158,0.181943,0.0,0.9627081008887399,0.037291899111260074,snapshot_513.xyz,32,10000,40.0,10000,all,513
0.174564,0.182732,0.0,0.9553006588884267,0.044699341111573254,snapshot_514.xyz,32,10000,40.0,10000,all,514
0.175026,0.18214,0.0,0.9609421324256067,0.039057867574393335,snapshot_515.xyz,32,10000,40.0,10000,all,515
0.174894,0.181811,0.0,0.9619549972223902,0.038045002777609804,snapshot_516.xyz,32,10000,40.0,10000,all,516
0.175356,0.181811,0.0,0.9644960975958551,0.035503902404144916,snapshot_517.xyz,32,10000,40.0,10000,all,517
0.176938,0.183652,0.0,0.9634417267440595,0.03655827325594052,snapshot_518.xyz,32,10000,40.0,10000,all,518
0.17496,0.18168,0.0,0.963011889035667,0.036988110964332965,snapshot_519.xyz,32,10000,40.0,10000,all,519
0.175619,0.181745,0.0,0.9662934331068256,0.03370656689317442,snapshot_520.xyz,32,10000,40.0,10000,all,520
0.174828,0.182272,0.0,0.9591599367977529,0.04084006320224709,snapshot_521.xyz,32,10000,40.0,10000,all,521
0.174564,0.181877,0.0,0.9597915074473408,0.040208492552659236,snapshot_522.xyz,32,10000,40.0,10000,all,522
0.174432,0.18214,0.0,0.9576809047985066,0.04231909520149335,snapshot_523.xyz,32,10000,40.0,10000,all,523
0.176279,0.182535,0.0,0.9657271208261429,0.03427287917385713,snapshot_524.xyz,32,10000,40.0,10000,all,524
0.174366,0.182074,0.0,0.9576655645506771,0.042334435449322916,snapshot_525.xyz,32,10000,40.0,10000,all,525
0.173705,0.181482,0.0,0.9571472652935277,0.04285273470647233,snapshot_526.xyz,32,10000,40.0,10000,all,526
0.174432,0.182074,0.0,0.95802805452728,0.041971945472719985,snapshot_527.xyz,32,10000,40.0,10000,all,527
0.175092,0.18214,0.0,0.96130449105084,0.03869550894915996,snapshot_528.xyz,32,10000,40.0,10000,all,528
0.176213,0.183323,0.0,0.961215995810673,0.03878400418932704,snapshot_529.xyz,32,10000,40.0,10000,all,529
0.174762,0.182403,0.0,0.9581092416243153,0.04189075837568468,snapshot_530.xyz,32,10000,40.0,10000,all,530
0.176609,0.182666,0.0,0.9668411198581016,0.033158880141898384,snapshot_531.xyz,32,10000,40.0,10000,all,531
0.1774,0.183323,0.0,0.9676909062147139,0.032309093785286125,snapshot_532.xyz,32,10000,40.0,10000,all,532
0.176345,0.182929,0.0,0.9640078937729939,0.035992106227006104,snapshot_533.xyz,32,10000,40.0,10000,all,533
0.172318,0.181877,0.0,0.9474425023504895,0.052557497649510454,snapshot_534.xyz,32,10000,40.0,10000,all,534
0.174564,0.18352,0.0,0.951198779424586,0.04880122057541403,snapshot_535.xyz,32,10000,40.0,10000,all,535
0.174432,0.1826,0.0,0.9552683461117195,0.04473165388828049,snapshot_536.xyz,32,10000,40.0,10000,all,536
0.174432,0.182009,0.0,0.9583701904850859,0.04162980951491413,snapshot_537.xyz,32,10000,40.0,10000,all,537
0.17463,0.181745,0.0,0.9608517428264878,0.039148257173512224,snapshot_538.xyz,32,10000,40.0,10000,all,538
0.174035,0.182074,0.0,0.9558476223952898,0.04415237760471025,snapshot_539.xyz,32,10000,40.0,10000,all,539
0.175356,0.182535,0.0,0.9606705563316624,0.03932944366833757,snapshot_540.xyz,32,10000,40.0,10000,all,540
0.176345,0.182797,0.0,0.9647040159302396,0.03529598406976042,snapshot_541.xyz,32,10000,40.0,10000,all,541
0.174101,0.182929,0.0,0.9517408393420398,0.04825916065796021,snapshot_542.xyz,32,10000,40.0,10000,all,542
0.174696,0.1826,0.0,0.9567141292442496,0.04328587075575041,snapshot_543.xyz,32,10000,40.0,10000,all,543
0.175488,0.183783,0.0,0.9548652486900312,0.0451347513099688,snapshot_544.xyz,32,10000,40.0,10000,all,544
0.174894,0.182732,0.0,0.9571065823172733,0.0428934176827267,snapshot_545.xyz,32,10000,40.0,10000,all,545
0.173969,0.181745,0.0,0.9572147789485269,0.04278522105147309,snapshot_546.xyz,32,10000,40.0,10000,all,546
0.174366,0.181417,0.0,0.9611337416008422,0.038866258399157805,snapshot_547.xyz,32,10000,40.0,10000,all,547
0.174432,0.181417,0.0,0.9614975443315676,0.038502455668432356,snapshot_548.xyz,32,10000,40.0,10000,all,548
0.17707,0.1826,0.0,0.9697152245345017,0.030284775465498348,snapshot_549.xyz,32,10000,40.0,10000,all,549
0.176081,0.182863,0.0,0.9629121254709809,0.03708787452901907,snapshot_550.xyz,32,10000,40.0,10000,all,550
0.174696,0.183455,0.0,0.9522553214684799,0.04774467853152009,snapshot_551.xyz,32,10000,40.0,10000,all,551
0.175553,0.182272,0.0,0.9631375087780899,0.0368624912219101,snapshot_552.xyz,32,10000,40.0,10000,all,552
0.176609,0.183915,0.0,0.9602751270967567,0.039724872903243336,snapshot_553.xyz,32,10000,40.0,10000,all,553
0.175422,0.182732,0.0,0.959996059803428,0.04000394019657205,snapshot_554.xyz,32,10000,40.0,10000,all,554
0.176213,0.18168,0.0,0.969908630559225,0.03009136944077495,snapshot_555.xyz,32,10000,40.0,10000,all,555
0.177202,0.183849,0.0,0.9638453295911318,0.03615467040886822,snapshot_556.xyz,32,10000,40.0,10000,all,556
0.174696,0.182732,0.0,0.9560230282599653,0.043976971740034676,snapshot_557.xyz,32,10000,40.0,10000,all,557
0.174762,0.181811,0.0,0.9612289685442575,0.038771031455742455,snapshot_558.xyz,32,10000,40.0,10000,all,558
0.176938,0.182469,0.0,0.9696880017975658,0.030311998202434243,snapshot_559.xyz,32,10000,40.0,10000,all,559
0.175817,0.182666,0.0,0.9625053376107212,0.03749466238927879,snapshot_560.xyz,32,10000,40.0,10000,all,560
0.174894,0.183192,0.0,0.9547032621511856,0.045296737848814383,snapshot_561.xyz,32,10000,40.0,10000,all,561
0.176411,0.182535,0.0,0.9664502698112691,0.033549730188730864,snapshot_562.xyz,32,10000,40.0,10000,all,562
0.175751,0.182666,0.0,0.9621440224234394,0.03785597757656056,snapshot_563.xyz,32,10000,40.0,10000,all,563
0.175026,0.182469,0.0,0.9592095095605281,0.040790490439471916,snapshot_564.xyz,32,10000,40.0,10000,all,564
0.175553,0.183126,0.0,0.9586459596125071,0.04135404038749291,snapshot_565.xyz,32,10000,40.0,10000,all,565
0.173771,0.182272,0.0,0.9533609111657304,0.04663908883426959,snapshot_566.xyz,32,10000,40.0,10000,all,566
0.175224,0.1826,0.0,0.9596056955093099,0.04039430449069015,snapshot_567.xyz,32,10000,40.0,10000,all,567
0.174894,0.180956,0.0,0.9665001436813369,0.033499856318663146,snapshot_568.xyz,32,10000,40.0,10000,all,568
0.175817,0.1826,0.0,0.9628532311062431,0.0371467688937569,snapshot_569.xyz,32,10000,40.0,10000,all,569
0.176015,0.183323,0.0,0.9601359349345144,0.039864065065485565,snapshot_570.xyz,32,10000,40.0,10000,all,570
0.175619,0.183389,0.0,0.9576310465731315,0.04236895342686853,snapshot_571.xyz,32,10000,40.0,10000,all,571
0.175553,0.182469,0.0,0.9620976713852764,0.037902328614723646,snapshot_572.xyz,32,10000,40.0,10000,all,572
0.175158,0.182337,0.0,0.9606278484344922,0.039372151565507774,snapshot_573.xyz,32,10000,40.0,10000,all,573
0.175422,0.182666,0.0,0.9603429209595655,0.03965707904043447,snapshot_574.xyz,32,10000,40.0,10000,all,574
0.174564,0.181022,0.0,0.9643247782037543,0.035675221796245715,snapshot_575.xyz,32,10000,40.0,10000,all,575
0.176147,0.183389,0.0,0.9605101723658452,0.03948982763415476,snapshot_576.xyz,32,10000,40.0,10000,all,576
0.174894,0.181811,0.0,0.9619549972223902,0.038045002777609804,snapshot_577.xyz,32,10000,40.0,10000,all,577
0.174101,0.181811,0.0,0.957593324936335,0.04240667506366502,snapshot_578.xyz,32,10000,40.0,10000,all,578
0.1743,0.18214,0.0,0.95695618754804,0.043043812451959984,snapshot_579.xyz,32,10000,40.0,10000,all,579
0.174498,0.18214,0.0,0.9580432634237399,0.04195673657626009,snapshot_580.xyz,32,10000,40.0,10000,all,580
0.175883,0.183783,0.0,0.9570145225619345,0.04298547743806547,snapshot_581.xyz,32,10000,40.0,10000,all,581
0.174696,0.181877,0.0,0.9605172726622936,0.039482727337706414,snapshot_582.xyz,32,10000,40.0,10000,all,582
0.174234,0.182074,0.0,0.9569405845974713,0.04305941540252867,snapshot_583.xyz,32,10000,40.0,10000,all,583
0.175422,0.182666,0.0,0.9603429209595655,0.03965707904043447,snapshot_584.xyz,32,10000,40.0,10000,all,584
0.175685,0.182469,0.0,0.9628210819372058,0.037178918062794164,snapshot_585.xyz,32,10000,40.0,10000,all,585
0.173969,0.182272,0.0,0.954447199789326,0.04555280021067398,snapshot_586.xyz,32,10000,40.0,10000,all,586
0.175026,0.183652,0.0,0.953030732036678,0.046969267963322014,snapshot_587.xyz,32,10000,40.0,10000,all,587
0.175356,0.181614,0.0,0.9655423040074004,0.034457695992599624,snapshot_588.xyz,32,10000,40.0,10000,all,588
0.175949,0.183258,0.0,0.9601163387137259,0.039883661286274075,snapshot_589.xyz,32,10000,40.0,10000,all,589
0.176279,0.183323,0.0,0.9615760161027257,0.038423983897274305,snapshot_590.xyz,32,10000,40.0,10000,all,590
0.174696,0.183126,0.0,0.9539661216867074,0.04603387831329264,snapshot_591.xyz,32,10000,40.0,10000,all,591
0.174432,0.181943,0.0,0.9587178402027009,0.0412821597972991,snapshot_592.xyz,32,10000,40.0,10000,all,592
0.174498,0.181943,0.0,0.9590805911741589,0.04091940882584111,snapshot_593.xyz,32,10000,40.0,10000,all,593
0.17496,0.18089,0.0,0.9672176460832551,0.03278235391674489,snapshot_594.xyz,32,10000,40.0,10000,all,594
0.175092,0.182535,0.0,0.9592242583614101,0.04077574163858988,snapshot_595.xyz,32,10000,40.0,10000,all,595
0.173771,0.18214,0.0,0.9540518282639728,0.045948171736027166,snapshot_596.xyz,32,10000,40.0,10000,all,596
0.175356,0.182863,0.0,0.9589474087158146,0.04105259128418537,snapshot_597.xyz,32,10000,40.0,10000,all,597
0.173639,0.181417,0.0,0.9571263994002767,0.04287360059972334,snapshot_598.xyz,32,10000,40.0,10000,all,598
0.17463,0.182732,0.0,0.9556618435741961,0.044338156425803854,snapshot_599.xyz,32,10000,40.0,10000,all,599
0.174894,0.18168,0.0,0.9626486129458388,0.03735138705416119,snapshot_600.xyz,32,10000,40.0,10000,all,600
0.174432,0.182337,0.0,0.9566462100396519,0.04335378996034811,snapshot_601.xyz,32,10000,40.0,10000,all,601
0.173705,0.184177,0.0,0.943141651780624,0.056858348219375965,snapshot_602.xyz,32,10000,40.0,10000,all,602
0.17126,0.181417,0.0,0.944012964606404,0.05598703539359595,snapshot_603.xyz,32,10000,40.0,10000,all,603
0.173837,0.182995,0.0,0.9499549168010055,0.05004508319899448,snapshot_604.xyz,32,10000,40.0,10000,all,604
0.172252,0.182403,0.0,0.9443485030399719,0.055651496960028135,snapshot_605.xyz,32,10000,40.0,10000,all,605
0.172979,0.183849,0.0,0.940875392305642,0.05912460769435801,snapshot_606.xyz,32,10000,40.0,10000,all,606
0.173045,0.183323,0.0,0.9439350217921373,0.056064978207862715,snapshot_607.xyz,32,10000,40.0,10000,all,607
0.172054,0.181811,0.0,0.9463343802080183,0.0536656197919817,snapshot_608.xyz,32,10000,40.0,10000,all,608
0.173837,0.182403,0.0,0.9530380531021967,0.04696194689780331,snapshot_609.xyz,32,10000,40.0,10000,all,609
0.171921,0.182732,0.0,0.940836853971937,0.05916314602806305,snapshot_610.xyz,32,10000,40.0,10000,all,610
0.173111,0.182535,0.0,0.9483715451831155,0.051628454816884495,snapshot_611.xyz,32,10000,40.0,10000,all,611
0.171062,0.18168,0.0,0.9415565830030822,0.058443416996917796,snapshot_612.xyz,32,10000,40.0,10000,all,612
0.173111,0.182206,0.0,0.9500839708900913,0.049916029109908666,snapshot_613.xyz,32,10000,40.0,10000,all,613
0.171525,0.18306,0.0,0.9369878728285809,0.06301212717141913,snapshot_614.xyz,32,10000,40.0,10000,all,614
0.173639,0.182535,0.0,0.95126414112362,0.04873585887637999,snapshot_615.xyz,32,10000,40.0,10000,all,615
0.173705,0.181482,0.0,0.9571472652935277,0.04285273470647233,snapshot_616.xyz,32,10000,40.0,10000,all,616
0.172913,0.1826,0.0,0.9469496166484118,0.05305038335158818,snapshot_617.xyz,32,10000,40.0,10000,all,617
0.172252,0.182403,0.0,0.9443485030399719,0.055651496960028135,snapshot_618.xyz,32,10000,40.0,10000,all,618
0.171393,0.1826,0.0,0.9386254107338443,0.06137458926615569,snapshot_619.xyz,32,10000,40.0,10000,all,619
0.172054,0.182469,0.0,0.942921811376179,0.05707818862382097,snapshot_620.xyz,32,10000,40.0,10000,all,620
0.172186,0.182206,0.0,0.9450072994303151,0.05499270056968486,snapshot_621.xyz,32,10000,40.0,10000,all,621
0.171987,0.18214,0.0,0.9442571648182717,0.05574283518172829,snapshot_622.xyz,32,10000,40.0,10000,all,622
0.172582,0.182469,0.0,0.9458154535838965,0.054184546416103485,snapshot_623.xyz,32,10000,40.0,10000,all,623
0.173705,0.18352,0.0,0.9465180906713165,0.053481909328683463,snapshot_624.xyz,32,10000,40.0,10000,all,624
0.173771,0.182666,0.0,0.9513045668049884,0.04869543319501157,snapshot_625.xyz,32,10000,40.0,10000,all,625
0.172252,0.182206,0.0,0.945369526799337,0.054630473200663054,snapshot_626.xyz,32,10000,40.0,10000,all,626
0.173045,0.182272,0.0,0.9493778528792136,0.05062214712078639,snapshot_627.xyz,32,10000,40.0,10000,all,627
0.172913,0.183192,0.0,0.9438894711559458,0.05611052884405421,snapshot_628.xyz,32,10000,40.0,10000,all,628
0.171987,0.1826,0.0,0.9418784227820372,0.05812157721796285,snapshot_629.xyz,32,10000,40.0,10000,all,629
0.171591,0.18214,0.0,0.9420830130668716,0.05791698693312841,snapshot_630.xyz,32,10000,40.0,10000,all,630
0.171855,0.182929,0.0,0.9394628517074931,0.06053714829250689,snapshot_631.xyz,32,10000,40.0,10000,all,631
0.171393,0.183126,0.0,0.9359293601127092,0.06407063988729078,snapshot_632.xyz,32,10000,40.0,10000,all,632
0.172384,0.183258,0.0,0.9406628905695795,0.059337109430420476,snapshot_633.xyz,32,10000,40.0,10000,all,633
0.173111,0.18352,0.0,0.9432813862249346,0.056718613775065374,snapshot_634.xyz,32,10000,40.0,10000,all,634
0.173177,0.184375,0.0,0.9392650847457626,0.060734915254237354,snapshot_635.xyz,32,10000,40.0,10000,all,635
0.173375,0.18306,0.0,0.9470938490112532,0.05290615098874685,snapshot_636.xyz,32,10000,40.0,10000,all,636
0.17245,0.181219,0.0,0.9516110341630845,0.04838896583691554,snapshot_637.xyz,32,10000,40.0,10000,all,637
0.171326,0.182469,0.0,0.9389320925746292,0.061067907425370827,snapshot_638.xyz,32,10000,40.0,10000,all,638
0.173309,0.18352,0.0,0.9443602877070619,0.05563971229293807,snapshot_639.xyz,32,10000,40.0,10000,all,639
0.171657,0.182929,0.0,0.9383804645518207,0.06161953544817933,snapshot_640.xyz,32,10000,40.0,10000,all,640
0.173639,0.183389,0.0,0.9468343248504545,0.05316567514954551,snapshot_641.xyz,32,10000,40.0,10000,all,641
0.174234,0.181943,0.0,0.9576295872883266,0.04237041271167341,snapshot_642.xyz,32,10000,40.0,10000,all,642
0.172252,0.181417,0.0,0.9494810298924576,0.05051897010754236,snapshot_643.xyz,32,10000,40.0,10000,all,643
0.171393,0.181417,0.0,0.9447460822304414,0.05525391776955857,snapshot_644.xyz,32,10000,40.0,10000,all,644
0.172781,0.1826,0.0,0.9462267250821467,0.05377327491785333,snapshot_645.xyz,32,10000,40.0,10000,all,645
0.171987,0.183783,0.0,0.9358156086253897,0.0641843913746103,snapshot_646.xyz,32,10000,40.0,10000,all,646
0.171921,0.1826,0.0,0.9415169769989046,0.058483023001095424,snapshot_647.xyz,32,10000,40.0,10000,all,647
0.173375,0.185097,0.0,0.9366710427505578,0.06332895724944221,snapshot_648.xyz,32,10000,40.0,10000,all,648
0.172979,0.18352,0.0,0.9425621185701831,0.05743788142981687,snapshot_649.xyz,32,10000,40.0,10000,all,649
0.172847,0.182535,0.0,0.9469252472128633,0.05307475278713669,snapshot_650.xyz,32,10000,40.0,10000,all,650
0.172979,0.18398,0.0,0.9402054571149038,0.059794542885096225,snapshot_651.xyz,32,10000,40.0,10000,all,651
0.172252,0.182797,0.0,0.9423130576541191,0.0576869423458809,snapshot_652.xyz,32,10000,40.0,10000,all,652
0.174234,0.183849,0.0,0.9477016464598664,0.05229835354013357,snapshot_653.xyz,32,10000,40.0,10000,all,653
0.17126,0.181877,0.0,0.9416253841882151,0.058374615811784936,snapshot_654.xyz,32,10000,40.0,10000,all,654
0.171393,0.182732,0.0,0.9379473764857824,0.062052623514217586,snapshot_655.xyz,32,10000,40.0,10000,all,655
0.173243,0.183126,0.0,0.9460316940248791,0.05396830597512092,snapshot_656.xyz,32,10000,40.0,10000,all,656
0.171723,0.180693,0.0,0.95035778917833,0.049642210821669974,snapshot_657.xyz,32,10000,40.0,10000,all,657
0.171921,0.182337,0.0,0.9428750061698942,0.05712499383010583,snapshot_658.xyz,32,10000,40.0,10000,all,658
0.172516,0.182797,0.0,0.9437572826687528,0.056242717331247194,snapshot_659.xyz,32,10000,40.0,10000,all,659
0.172714,0.180627,0.0,0.9561914885371511,0.04380851146284892,snapshot_660.xyz,32,10000,40.0,10000,all,660
0.172318,0.181548,0.0,0.949159450944103,0.050840549055896966,snapshot_661.xyz,32,10000,40.0,10000,all,661
0.172582,0.181877,0.0,0.9488940327803955,0.051105967219604476,snapshot_662.xyz,32,10000,40.0,10000,all,662
0.173045,0.182206,0.0,0.9497217435210695,0.05027825647893047,snapshot_663.xyz,32,10000,40.0,10000,all,663
0.173639,0.183652,0.0,0.9454784048090954,0.054521595190904604,snapshot_664.xyz,32,10000,40.0,10000,all,664
0.171723,0.182863,0.0,0.9390800763413046,0.06091992365869536,snapshot_665.xyz,32,10000,40.0,10000,all,665
0.172186,0.182469,0.0,0.9436452219281084,0.0563547780718916,snapshot_666.xyz,32,10000,40.0,10000,all,666
0.172648,0.183718,0.0,0.9397446085848964,0.06025539141510361,snapshot_667.xyz,32,10000,40.0,10000,all,667
0.171062,0.183455,0.0,0.9324466490419994,0.06755335095800064,snapshot_668.xyz,32,10000,40.0,10000,all,668
0.172582,0.182206,0.0,0.9471806636444464,0.05281933635555358,snapshot_669.xyz,32,10000,40.0,10000,all,669
0.174696,0.184769,0.0,0.9454832791214977,0.054516720878502345,snapshot_670.xyz,32,10000,40.0,10000,all,670
0.17212,0.182929,0.0,0.9409115011835192,0.05908849881648082,snapshot_671.xyz,32,10000,40.0,10000,all,671
0.173507,0.183323,0.0,0.9464551638365071,0.053544836163492926,snapshot_672.xyz,32,10000,40.0,10000,all,672
0.173573,0.18168,0.0,0.9553775869660942,0.044622413033905794,snapshot_673.xyz,32,10000,40.0,10000,all,673
0.174828,0.183258,0.0,0.9539992797040239,0.04600072029597613,snapshot_674.xyz,32,10000,40.0,10000,all,674
0.1743,0.18214,0.0,0.95695618754804,0.043043812451959984,snapshot_675.xyz,32,10000,40.0,10000,all,675
0.171855,0.181482,0.0,0.9469534168677886,0.053046583132211445,snapshot_676.xyz,32,10000,40.0,10000,all,676
0.17212,0.181943,0.0,0.946010563747987,0.05398943625201302,snapshot_677.xyz,32,10000,40.0,10000,all,677
0.17093,0.182732,0.0,0.9354136111901582,0.0645863888098418,snapshot_678.xyz,32,10000,40.0,10000,all,678
0.173111,0.183783,0.0,0.9419315170608815,0.05806848293911848,snapshot_679.xyz,32,10000,40.0,10000,all,679
0.171855,0.182206,0.0,0.9431906742917358,0.05680932570826425,snapshot_680.xyz,32,10000,40.0,10000,all,680
0.172648,0.181745,0.0,0.9499463534072464,0.050053646592753576,snapshot_681.xyz,32,10000,40.0,10000,all,681
0.172516,0.183258,0.0,0.9413831865457443,0.058616813454255734,snapshot_682.xyz,32,10000,40.0,10000,all,682
0.172714,0.182666,0.0,0.9455180493359465,0.05448195066405348,snapshot_683.xyz,32,10000,40.0,10000,all,683
0.173375,0.183126,0.0,0.9467525092013149,0.05324749079868507,snapshot_684.xyz,32,10000,40.0,10000,all,684
0.1743,0.182929,0.0,0.9528286930995086,0.04717130690049143,snapshot_685.xyz,32,10000,40.0,10000,all,685
0.171855,0.182272,0.0,0.942849148525281,0.05715085147471899,snapshot_686.xyz,32,10000,40.0,10000,all,686
0.171591,0.182732,0.0,0.9390309305430904,0.06096906945690961,snapshot_687.xyz,32,10000,40.0,10000,all,687
0.171591,0.181153,0.0,0.9472158893311178,0.05278411066888222,snapshot_688.xyz,32,10000,40.0,10000,all,688
0.173771,0.184243,0.0,0.9431620197239516,0.05683798027604836,snapshot_689.xyz,32,10000,40.0,10000,all,689
0.172913,0.183455,0.0,0.9425363168079366,0.05746368319206341,snapshot_690.xyz,32,10000,40.0,10000,all,690
0.171525,0.181745,0.0,0.9437673663649621,0.05623263363503794,snapshot_691.xyz,32,10000,40.0,10000,all,691
0.170268,0.181943,0.0,0.9358315516397994,0.06416844836020064,snapshot_692.xyz,32,10000,40.0,10000,all,692
0.172781,0.183192,0.0,0.9431689156731735,0.056831084326826486,snapshot_693.xyz,32,10000,40.0,10000,all,693
0.172516,0.1826,0.0,0.944775465498357,0.055224534501643,snapshot_694.xyz,32,10000,40.0,10000,all,694
0.173045,0.183455,0.0,0.9432558393066419,0.05674416069335808,snapshot_695.xyz,32,10000,40.0,10000,all,695
0.172384,0.183586,0.0,0.9389822753368994,0.061017724663100625,snapshot_696.xyz,32,10000,40.0,10000,all,696
0.172781,0.183323,0.0,0.9424949406239259,0.057505059376074086,snapshot_697.xyz,32,10000,40.0,10000,all,697
0.174894,0.183652,0.0,0.9523119813560429,0.04768801864395711,snapshot_698.xyz,32,10000,40.0,10000,all,698
0.173045,0.182863,0.0,0.9463095322727945,0.05369046772720554,snapshot_699.xyz,32,10000,40.0,10000,all,699
0.172714,0.182732,0.0,0.9451765426964078,0.05482345730359217,snapshot_700.xyz,32,10000,40.0,10000,all,700
0.17126,0.182009,0.0,0.9409424808663307,0.0590575191336693,snapshot_701.xyz,32,10000,40.0,10000,all,701
0.169739,0.182403,0.0,0.9305713173577188,0.06942868264228119,snapshot_702.xyz,32,10000,40.0,10000,all,702
0.163574,0.182863,0.0,0.8945166600132339,0.10548333998676607,snapshot_703.xyz,32,10000,40.0,10000,all,703
0.160517,0.183849,0.0,0.8730915044411446,0.12690849555885542,snapshot_704.xyz,32,10000,40.0,10000,all,704
0.157255,0.183915,0.0,0.8550417312345377,0.14495826876546225,snapshot_705.xyz,32,10000,40.0,10000,all,705
0.156256,0.183718,0.0,0.8505209070423149,0.14947909295768513,snapshot_706.xyz,32,10000,40.0,10000,all,706
0.153854,0.184243,0.0,0.8350602193841828,0.16493978061581716,snapshot_707.xyz,32,10000,40.0,10000,all,707
0.150312,0.182863,0.0,0.8219924205552791,0.1780075794447209,snapshot_708.xyz,32,10000,40.0,10000,all,708
0.15078,0.183126,0.0,0.8233675174470036,0.17663248255299635,snapshot_709.xyz,32,10000,40.0,10000,all,709
0.148638,0.184243,0.0,0.8067497815385116,0.19325021846148838,snapshot_710.xyz,32,10000,40.0,10000,all,710
0.144078,0.18306,0.0,0.7870534251065225,0.21294657489347746,snapshot_711.xyz,32,10000,40.0,10000,all,711
0.144951,0.18398,0.0,0.7878628111751277,0.2121371888248723,snapshot_712.xyz,32,10000,40.0,10000,all,712
0.143608,0.182666,0.0,0.7861780517447144,0.21382194825528555,snapshot_713.xyz,32,10000,40.0,10000,all,713
0.144213,0.183192,0.0,0.7872232411895717,0.21277675881042835,snapshot_714.xyz,32,10000,40.0,10000,all,714
0.143675,0.183258,0.0,0.7840039725414443,0.21599602745855573,snapshot_715.xyz,32,10000,40.0,10000,all,715
0.144481,0.183652,0.0,0.7867107355215298,0.2132892644784702,snapshot_716.xyz,32,10000,40.0,10000,all,716
0.142668,0.183192,0.0,0.7787894667889427,0.22121053321105733,snapshot_717.xyz,32,10000,40.0,10000,all,717
0.142062,0.183323,0.0,0.7749273140849756,0.22507268591502438,snapshot_718.xyz,32,10000,40.0,10000,all,718
0.140313,0.183192,0.0,0.7659341019258483,0.23406589807415168,snapshot_719.xyz,32,10000,40.0,10000,all,719
0.138225,0.182863,0.0,0.7558937565281112,0.2441062434718888,snapshot_720.xyz,32,10000,40.0,10000,all,720
0.137012,0.182074,0.0,0.7525072223381701,0.24749277766182987,snapshot_721.xyz,32,10000,40.0,10000,all,721
0.137281,0.182272,0.0,0.7531655986657303,0.2468344013342697,snapshot_722.xyz,32,10000,40.0,10000,all,722
0.137012,0.184112,0.0,0.7441774571999652,0.2558225428000348,snapshot_723.xyz,32,10000,40.0,10000,all,723
0.135865,0.182009,0.0,0.7464740754578071,0.2535259245421929,snapshot_724.xyz,32,10000,40.0,10000,all,724
0.136067,0.183126,0.0,0.7430239288795691,0.25697607112043086,snapshot_725.xyz,32,10000,40.0,10000,all,725
0.135865,0.18352,0.0,0.7403280296425458,0.25967197035745415,snapshot_726.xyz,32,10000,40.0,10000,all,726
0.134311,0.182206,0.0,0.7371381842529884,0.2628618157470116,snapshot_727.xyz,32,10000,40.0,10000,all,727
0.134717,0.182535,0.0,0.7380338017366532,0.2619661982633468,snapshot_728.xyz,32,10000,40.0,10000,all,728
0.134987,0.183323,0.0,0.7363342297474947,0.26366577025250526,snapshot_729.xyz,32,10000,40.0,10000,all,729
0.135595,0.182206,0.0,0.7441851530685049,0.25581484693149514,snapshot_730.xyz,32,10000,40.0,10000,all,730
0.136,0.183126,0.0,0.7426580605703177,0.2573419394296823,snapshot_731.xyz,32,10000,40.0,10000,all,731
0.135324,0.182469,0.0,0.741627344918863,0.25837265508113705,snapshot_732.xyz,32,10000,40.0,10000,all,732
0.137551,0.182797,0.0,0.7524795264692529,0.24752047353074713,snapshot_733.xyz,32,10000,40.0,10000,all,733
0.134041,0.18306,0.0,0.7322244072981535,0.2677755927018465,snapshot_734.xyz,32,10000,40.0,10000,all,734
0.132892,0.184375,0.0,0.7207701694915254,0.2792298305084746,snapshot_735.xyz,32,10000,40.0,10000,all,735
0.132553,0.18398,0.0,0.7204750516360474,0.2795249483639526,snapshot_736.xyz,32,10000,40.0,10000,all,736
0.130929,0.183258,0.0,0.71445175653996,0.28554824346004004,snapshot_737.xyz,32,10000,40.0,10000,all,737
0.130929,0.184177,0.0,0.7108868099708432,0.2891131900291568,snapshot_738.xyz,32,10000,40.0,10000,all,738
0.130251,0.182535,0.0,0.7135672610732189,0.2864327389267811,snapshot_739.xyz,32,10000,40.0,10000,all,739
0.132215,0.182929,0.0,0.7227667565011562,0.2772332434988438,snapshot_740.xyz,32,10000,40.0,10000,all,740
0.130793,0.182666,0.0,0.7160226862141832,0.2839773137858168,snapshot_741.xyz,32,10000,40.0,10000,all,741
0.131538,0.184375,0.0,0.713426440677966,0.286573559322034,snapshot_742.xyz,32,10000,40.0,10000,all,742
0.129913,0.183783,0.0,0.7068825734697987,0.29311742653020134,snapshot_743.xyz,32,10000,40.0,10000,all,743
0.128896,0.182469,0.0,0.7063994431930904,0.29360055680690955,snapshot_744.xyz,32,10000,40.0,10000,all,744
0.128557,0.182074,0.0,0.706070059426387,0.293929940573613,snapshot_745.xyz,32,10000,40.0,10000,all,745
0.128896,0.182206,0.0,0.7074190751127845,0.29258092488721554,snapshot_746.xyz,32,10000,40.0,10000,all,746
0.129709,0.183258,0.0,0.7077944755481342,0.29220552445186576,snapshot_747.xyz,32,10000,40.0,10000,all,747
0.130387,0.182206,0.0,0.7156021206765968,0.2843978793234032,snapshot_748.xyz,32,10000,40.0,10000,all,748
0.129099,0.18214,0.0,0.7087899418030087,0.2912100581969913,snapshot_749.xyz,32,10000,40.0,10000,all,749
0.133027,0.18168,0.0,0.732204975781594,0.26779502421840595,snapshot_750.xyz,32,10000,40.0,10000,all,750
0.12998,0.181877,0.0,0.7146588078756523,0.2853411921243477,snapshot_751.xyz,32,10000,40.0,10000,all,751
0.129709,0.182074,0.0,0.7123971571998198,0.2876028428001802,snapshot_752.xyz,32,10000,40.0,10000,all,752
0.130793,0.183783,0.0,0.7116708291844185,0.2883291708155815,snapshot_753.xyz,32,10000,40.0,10000,all,753
0.130184,0.182535,0.0,0.7132002081792532,0.2867997918207468,snapshot_754.xyz,32,10000,40.0,10000,all,754
0.129777,0.183192,0.0,0.7084206733918512,0.2915793266081488,snapshot_755.xyz,32,10000,40.0,10000,all,755
0.13059,0.181943,0.0,0.7177522630714016,0.2822477369285984,snapshot_756.xyz,32,10000,40.0,10000,all,756
0.130251,0.182206,0.0,0.714855712764673,0.28514428723532703,snapshot_757.xyz,32,10000,40.0,10000,all,757
0.131471,0.183258,0.0,0.7174093354723942,0.28259066452760584,snapshot_758.xyz,32,10000,40.0,10000,all,758
0.129167,0.182403,0.0,0.7081407652286421,0.2918592347713579,snapshot_759.xyz,32,10000,40.0,10000,all,759
0.129438,0.183586,0.0,0.705053762269454,0.29494623773054596,snapshot_760.xyz,32,10000,40.0,10000,all,760
0.130184,0.184112,0.0,0.707091335708699,0.292908664291301,snapshot_761.xyz,32,10000,40.0,10000,all,761
0.1312,0.183586,0.0,0.7146514440098919,0.2853485559901081,snapshot_762.xyz,32,10000,40.0,10000,all,762
0.132959,0.182863,0.0,0.727096241448516,0.27290375855148397,snapshot_763.xyz,32,10000,40.0,10000,all,763
0.12937,0.182535,0.0,0.7087407894376422,0.2912592105623578,snapshot_764.xyz,32,10000,40.0,10000,all,764
0.129438,0.183455,0.0,0.7055572211168951,0.2944427788831049,snapshot_765.xyz,32,10000,40.0,10000,all,765
0.129167,0.183323,0.0,0.7045869858119276,0.2954130141880724,snapshot_766.xyz,32,10000,40.0,10000,all,766
0.1312,0.184834,0.0,0.7098261142430505,0.29017388575694947,snapshot_767.xyz,32,10000,40.0,10000,all,767
0.129845,0.1826,0.0,0.7110898138006571,0.28891018619934294,snapshot_768.xyz,32,10000,40.0,10000,all,768
0.130116,0.184506,0.0,0.7052128386068746,0.29478716139312544,snapshot_769.xyz,32,10000,40.0,10000,all,769
0.131267,0.183126,0.0,0.7168124679182638,0.2831875320817362,snapshot_770.xyz,32,10000,40.0,10000,all,770
0.129845,0.184177,0.0,0.7050011673553157,0.2949988326446843,snapshot_771.xyz,32,10000,40.0,10000,all,771
0.130048,0.182403,0.0,0.7129707296480868,0.28702927035191317,snapshot_772.xyz,32,10000,40.0,10000,all,772
0.129506,0.183192,0.0,0.7069413511507053,0.29305864884929467,snapshot_773.xyz,32,10000,40.0,10000,all,773
0.130251,0.183258,0.0,0.7107520544805684,0.28924794551943156,snapshot_774.xyz,32,10000,40.0,10000,all,774
0.129303,0.182469,0.0,0.7086299590615392,0.29137004093846075,snapshot_775.xyz,32,10000,40.0,10000,all,775
0.128285,0.182666,0.0,0.7022927090974785,0.29770729090252146,snapshot_776.xyz,32,10000,40.0,10000,all,776
0.126996,0.182337,0.0,0.6964905641751262,0.3035094358248738,snapshot_777.xyz,32,10000,40.0,10000,all,777
0.129167,0.184112,0.0,0.7015675241157556,0.2984324758842444,snapshot_778.xyz,32,10000,40.0,10000,all,778
0.129235,0.182929,0.0,0.7064762831481065,0.2935237168518935,snapshot_779.xyz,32,10000,40.0,10000,all,779
0.12876,0.183586,0.0,0.7013606702036104,0.29863932979638963,snapshot_780.xyz,32,10000,40.0,10000,all,780
0.130726,0.182797,0.0,0.7151430275113925,0.28485697248860753,snapshot_781.xyz,32,10000,40.0,10000,all,781
0.131267,0.183323,0.0,0.7160421769226992,0.2839578230773008,snapshot_782.xyz,32,10000,40.0,10000,all,782
0.128692,0.182469,0.0,0.7052814450673813,0.29471855493261867,snapshot_783.xyz,32,10000,40.0,10000,all,783
0.128964,0.183455,0.0,0.7029734812351802,0.2970265187648198,snapshot_784.xyz,32,10000,40.0,10000,all,784
0.129303,0.183783,0.0,0.7035634416676189,0.29643655833238114,snapshot_785.xyz,32,10000,40.0,10000,all,785
0.131674,0.18352,0.0,0.717491281604185,0.28250871839581504,snapshot_786.xyz,32,10000,40.0,10000,all,786
0.131606,0.182732,0.0,0.7202132084145086,0.27978679158549136,snapshot_787.xyz,32,10000,40.0,10000,all,787
0.128964,0.183258,0.0,0.703729168712962,0.296270831287038,snapshot_788.xyz,32,10000,40.0,10000,all,788
0.129845,0.18398,0.0,0.7057560604413522,0.2942439395586478,snapshot_789.xyz,32,10000,40.0,10000,all,789
0.129574,0.183586,0.0,0.705794559498001,0.29420544050199904,snapshot_790.xyz,32,10000,40.0,10000,all,790
0.129235,0.182929,0.0,0.7064762831481065,0.2935237168518935,snapshot_791.xyz,32,10000,40.0,10000,all,791
0.129235,0.184046,0.0,0.7021885832889604,0.2978114167110396,snapshot_792.xyz,32,10000,40.0,10000,all,792
0.130726,0.183258,0.0,0.7133440286372219,0.2866559713627781,snapshot_793.xyz,32,10000,40.0,10000,all,793
0.128557,0.182732,0.0,0.7035275704310138,0.29647242956898623,snapshot_794.xyz,32,10000,40.0,10000,all,794
0.129167,0.182797,0.0,0.7066144411560366,0.29338555884396345,snapshot_795.xyz,32,10000,40.0,10000,all,795
0.127607,0.183126,0.0,0.6968262289352686,0.3031737710647314,snapshot_796.xyz,32,10000,40.0,10000,all,796
0.127539,0.182863,0.0,0.6974565658443754,0.30254343415562457,snapshot_797.xyz,32,10000,40.0,10000,all,797
0.128828,0.183718,0.0,0.7012268803274584,0.2987731196725416,snapshot_798.xyz,32,10000,40.0,10000,all,798
0.128964,0.182732,0.0,0.7057548759932578,0.2942451240067422,snapshot_799.xyz,32,10000,40.0,10000,all,799
0.129031,0.1826,0.0,0.706631982475356,0.29336801752464403,snapshot_800.xyz,32,10000,40.0,10000,all,800
0.129709,0.18352,0.0,0.7067840017436792,0.29321599825632083,snapshot_801.xyz,32,10000,40.0,10000,all,801
0.118482,0.181943,0.0,0.6512039484893621,0.34879605151063786,snapshot_802.xyz,32,10000,40.0,10000,all,802
0.10129,0.179179,0.0,0.565300621166543,0.434699378833457,snapshot_803.xyz,32,10000,40.0,10000,all,803
0.0997652,0.177532,0.0,0.5619561543834352,0.43804384561656484,snapshot_804.xyz,32,10000,40.0,10000,all,804
0.0982387,0.178257,0.0,0.5511071093982284,0.4488928906017716,snapshot_805.xyz,32,10000,40.0,10000,all,805
0.0982387,0.177598,0.0,0.5531520625232266,0.4468479374767734,snapshot_806.xyz,32,10000,40.0,10000,all,806
0.0958061,0.176609,0.0,0.542475751518892,0.45752424848110795,snapshot_807.xyz,32,10000,40.0,10000,all,807
0.0961539,0.177729,0.0,0.541014128251439,0.458985871748561,snapshot_808.xyz,32,10000,40.0,10000,all,808
0.0958061,0.177268,0.0,0.5404590789087709,0.4595409210912291,snapshot_809.xyz,32,10000,40.0,10000,all,809
0.0957365,0.177004,0.0,0.5408719576958713,0.45912804230412874,snapshot_810.xyz,32,10000,40.0,10000,all,810
0.0983082,0.177861,0.0,0.5527248806652386,0.4472751193347614,snapshot_811.xyz,32,10000,40.0,10000,all,811
0.0972663,0.177136,0.0,0.5491052072983471,0.4508947927016529,snapshot_812.xyz,32,10000,40.0,10000,all,812
0.0969883,0.177466,0.0,0.5465176428160887,0.4534823571839113,snapshot_813.xyz,32,10000,40.0,10000,all,813
0.0962235,0.177795,0.0,0.5412047582890407,0.4587952417109593,snapshot_814.xyz,32,10000,40.0,10000,all,814
0.0960843,0.177136,0.0,0.5424323683497426,0.4575676316502574,snapshot_815.xyz,32,10000,40.0,10000,all,815
0.0967102,0.177927,0.0,0.5435386422521595,0.45646135774784047,snapshot_816.xyz,32,10000,40.0,10000,all,816
0.0967797,0.178388,0.0,0.5425236002421687,0.4574763997578313,snapshot_817.xyz,32,10000,40.0,10000,all,817
0.0953189,0.176675,0.0,0.5395154945521438,0.46048450544785624,snapshot_818.xyz,32,10000,40.0,10000,all,818
0.0965016,0.177664,0.0,0.543169128242075,0.45683087175792503,snapshot_819.xyz,32,10000,40.0,10000,all,819
0.0944833,0.176807,0.0,0.5343866475874824,0.46561335241251756,snapshot_820.xyz,32,10000,40.0,10000,all,820
0.0949708,0.1774,0.0,0.5353483652762119,0.4646516347237881,snapshot_821.xyz,32,10000,40.0,10000,all,821
0.0959452,0.177466,0.0,0.540639897219749,0.45936010278025097,snapshot_822.xyz,32,10000,40.0,10000,all,822
0.0970578,0.1774,0.0,0.5471127395715896,0.45288726042841043,snapshot_823.xyz,32,10000,40.0,10000,all,823
0.0956669,0.1774,0.0,0.5392722660653889,0.4607277339346111,snapshot_824.xyz,32,10000,40.0,10000,all,824
0.0957365,0.177268,0.0,0.5400664530541327,0.4599335469458673,snapshot_825.xyz,32,10000,40.0,10000,all,825
0.09511,0.178586,0.0,0.5325725420805663,0.46742745791943374,snapshot_826.xyz,32,10000,40.0,10000,all,826
0.0963626,0.178191,0.0,0.5407826433433788,0.4592173566566212,snapshot_827.xyz,32,10000,40.0,10000,all,827
0.0942742,0.176741,0.0,0.5334031152929993,0.46659688470700067,snapshot_828.xyz,32,10000,40.0,10000,all,828
0.0956669,0.178388,0.0,0.5362855124784178,0.4637144875215822,snapshot_829.xyz,32,10000,40.0,10000,all,829
0.09511,0.178784,0.0,0.5319827277608734,0.4680172722391266,snapshot_830.xyz,32,10000,40.0,10000,all,830
0.0952493,0.178059,0.0,0.5349311183371803,0.4650688816628197,snapshot_831.xyz,32,10000,40.0,10000,all,831
0.0949708,0.177927,0.0,0.5337627229144536,0.4662372770855464,snapshot_832.xyz,32,10000,40.0,10000,all,832
0.0955277,0.176807,0.0,0.5402936535318171,0.45970634646818287,snapshot_833.xyz,32,10000,40.0,10000,all,833
0.0958756,0.17852,0.0,0.5370580327134215,0.46294196728657855,snapshot_834.xyz,32,10000,40.0,10000,all,834
0.0956669,0.177532,0.0,0.5388713020751189,0.4611286979248811,snapshot_835.xyz,32,10000,40.0,10000,all,835
0.0941349,0.1774,0.0,0.5306364148816234,0.4693635851183766,snapshot_836.xyz,32,10000,40.0,10000,all,836
0.0946226,0.177334,0.0,0.53358408427036,0.46641591572964003,snapshot_837.xyz,32,10000,40.0,10000,all,837
0.0958061,0.176477,0.0,0.5428815086385195,0.45711849136148053,snapshot_838.xyz,32,10000,40.0,10000,all,838
0.0933681,0.17707,0.0,0.5272948551420342,0.4727051448579658,snapshot_839.xyz,32,10000,40.0,10000,all,839
0.0953189,0.179508,0.0,0.5310008467589188,0.4689991532410812,snapshot_840.xyz,32,10000,40.0,10000,all,840
0.0946922,0.1774,0.0,0.5337779030439684,0.46622209695603156,snapshot_841.xyz,32,10000,40.0,10000,all,841
0.0943439,0.177532,0.0,0.5314191244395376,0.46858087556046235,snapshot_842.xyz,32,10000,40.0,10000,all,842
0.0947619,0.177004,0.0,0.535365867438024,0.46463413256197605,snapshot_843.xyz,32,10000,40.0,10000,all,843
0.093647,0.176873,0.0,0.5294589903490075,0.47054100965099255,snapshot_844.xyz,32,10000,40.0,10000,all,844
0.0945529,0.177136,0.0,0.5337870336916268,0.46621296630837317,snapshot_845.xyz,32,10000,40.0,10000,all,845
0.0950404,0.177861,0.0,0.534352106420182,0.46564789357981795,snapshot_846.xyz,32,10000,40.0,10000,all,846
0.0937864,0.177004,0.0,0.5298546925493209,0.47014530745067906,snapshot_847.xyz,32,10000,40.0,10000,all,847
0.0947619,0.176147,0.0,0.5379705586811016,0.46202944131889845,snapshot_848.xyz,32,10000,40.0,10000,all,848
0.0955277,0.178323,0.0,0.5357003863775284,0.46429961362247163,snapshot_849.xyz,32,10000,40.0,10000,all,849
0.0964321,0.177334,0.0,0.5437879932782208,0.4562120067217792,snapshot_850.xyz,32,10000,40.0,10000,all,850
0.0948315,0.177532,0.0,0.5341656715409053,0.46583432845909467,snapshot_851.xyz,32,10000,40.0,10000,all,851
0.0958756,0.178257,0.0,0.5378504069966397,0.46214959300336034,snapshot_852.xyz,32,10000,40.0,10000,all,852
0.0964321,0.177729,0.0,0.5425794327318558,0.4574205672681442,snapshot_853.xyz,32,10000,40.0,10000,all,853
0.0948315,0.177927,0.0,0.5329798175656308,0.46702018243436916,snapshot_854.xyz,32,10000,40.0,10000,all,854
0.0951797,0.177334,0.0,0.5367256138134819,0.46327438618651806,snapshot_855.xyz,32,10000,40.0,10000,all,855
0.0954581,0.177202,0.0,0.538696515840679,0.461303484159321,snapshot_856.xyz,32,10000,40.0,10000,all,856
0.096293,0.177268,0.0,0.5432057675384164,0.45679423246158357,snapshot_857.xyz,32,10000,40.0,10000,all,857
0.0942742,0.1774,0.0,0.5314216459977452,0.4685783540022548,snapshot_858.xyz,32,10000,40.0,10000,all,858
0.0953189,0.177598,0.0,0.5367115620671403,0.4632884379328597,snapshot_859.xyz,32,10000,40.0,10000,all,859
0.0950404,0.17707,0.0,0.5367391427119218,0.4632608572880782,snapshot_860.xyz,32,10000,40.0,10000,all,860
0.0945529,0.177532,0.0,0.5325963769911903,0.46740362300880967,snapshot_861.xyz,32,10000,40.0,10000,all,861
0.0953189,0.178652,0.0,0.5335451044488726,0.4664548955511274,snapshot_862.xyz,32,10000,40.0,10000,all,862
0.0946226,0.177598,0.0,0.5327909098075428,0.46720909019245715,snapshot_863.xyz,32,10000,40.0,10000,all,863
0.0943439,0.177795,0.0,0.5306330324249837,0.4693669675750163,snapshot_864.xyz,32,10000,40.0,10000,all,864
0.0952493,0.178059,0.0,0.5349311183371803,0.4650688816628197,snapshot_865.xyz,32,10000,40.0,10000,all,865
0.0945529,0.17707,0.0,0.5339859942395663,0.4660140057604337,snapshot_866.xyz,32,10000,40.0,10000,all,866
0.0935076,0.177334,0.0,0.52729651392288,0.47270348607712,snapshot_867.xyz,32,10000,40.0,10000,all,867
0.0942046,0.177004,0.0,0.532217351020316,0.467782648979684,snapshot_868.xyz,32,10000,40.0,10000,all,868
0.0946922,0.178388,0.0,0.5308215799269009,0.46917842007309907,snapshot_869.xyz,32,10000,40.0,10000,all,869
0.0932984,0.177993,0.0,0.5241689279915502,0.47583107200844976,snapshot_870.xyz,32,10000,40.0,10000,all,870
0.0957365,0.177004,0.0,0.5408719576958713,0.45912804230412874,snapshot_871.xyz,32,10000,40.0,10000,all,871
0.0949708,0.177795,0.0,0.5341590033465508,0.46584099665344925,snapshot_872.xyz,32,10000,40.0,10000,all,872
0.0946226,0.176147,0.0,0.5371797419201009,0.4628202580798991,snapshot_873.xyz,32,10000,40.0,10000,all,873
0.0946922,0.176543,0.0,0.5363690432359255,0.4636309567640745,snapshot_874.xyz,32,10000,40.0,10000,all,874
0.09511,0.178388,0.0,0.533163665717425,0.466836334282575,snapshot_875.xyz,32,10000,40.0,10000,all,875
0.0939258,0.177993,0.0,0.527693785710674,0.47230621428932595,snapshot_876.xyz,32,10000,40.0,10000,all,876
0.0939955,0.178059,0.0,0.5278896320882404,0.47211036791175964,snapshot_877.xyz,32,10000,40.0,10000,all,877
0.0951797,0.177795,0.0,0.5353339520233977,0.46466604797660227,snapshot_878.xyz,32,10000,40.0,10000,all,878
0.09511,0.177334,0.0,0.5363325701783076,0.4636674298216924,snapshot_879.xyz,32,10000,40.0,10000,all,879
0.0944136,0.177861,0.0,0.5308280061396259,0.4691719938603741,snapshot_880.xyz,32,10000,40.0,10000,all,880
0.0931589,0.17707,0.0,0.5261134014796408,0.4738865985203592,snapshot_881.xyz,32,10000,40.0,10000,all,881
0.0952493,0.1774,0.0,0.5369182638105975,0.4630817361894025,snapshot_882.xyz,32,10000,40.0,10000,all,882
0.0960843,0.178059,0.0,0.5396205752026014,0.4603794247973986,snapshot_883.xyz,32,10000,40.0,10000,all,883
0.0938561,0.178388,0.0,0.5261346054667354,0.4738653945332646,snapshot_884.xyz,32,10000,40.0,10000,all,884
0.0941349,0.176807,0.0,0.5324161373701267,0.4675838626298733,snapshot_885.xyz,32,10000,40.0,10000,all,885
0.0959452,0.176543,0.0,0.5434664642608316,0.45653353573916844,snapshot_886.xyz,32,10000,40.0,10000,all,886
0.0951797,0.176807,0.0,0.5383254056683277,0.46167459433167235,snapshot_887.xyz,32,10000,40.0,10000,all,887
0.0951797,0.177664,0.0,0.535728678854467,0.46427132114553304,snapshot_888.xyz,32,10000,40.0,10000,all,888
0.0943439,0.1774,0.0,0.531814543404735,0.468185456595265,snapshot_889.xyz,32,10000,40.0,10000,all,889
0.0947619,0.177136,0.0,0.534966918074248,0.465033081925752,snapshot_890.xyz,32,10000,40.0,10000,all,890
0.0944136,0.1774,0.0,0.5322074408117249,0.4677925591882751,snapshot_891.xyz,32,10000,40.0,10000,all,891
0.0951797,0.177927,0.0,0.5349367999235641,0.46506320007643587,snapshot_892.xyz,32,10000,40.0,10000,all,892
0.0940652,0.176345,0.0,0.5334157475403328,0.46658425245966717,snapshot_893.xyz,32,10000,40.0,10000,all,893
0.0955973,0.177861,0.0,0.5374832031755135,0.46251679682448654,snapshot_894.xyz,32,10000,40.0,10000,all,894
0.0944833,0.176609,0.0,0.5349857595026302,0.46501424049736984,snapshot_895.xyz,32,10000,40.0,10000,all,895
0.09511,0.177927,0.0,0.534545066235029,0.46545493376497105,snapshot_896.xyz,32,10000,40.0,10000,all,896
0.0946226,0.175751,0.0,0.5383901087333786,0.46160989126662144,snapshot_897.xyz,32,10000,40.0,10000,all,897
0.09511,0.17707,0.0,0.5371322076015135,0.4628677923984865,snapshot_898.xyz,32,10000,40.0,10000,all,898
0.0950404,0.17852,0.0,0.5323795653148106,0.46762043468518943,snapshot_899.xyz,32,10000,40.0,10000,all,899
0.0944136,0.178784,0.0,0.5280875246107034,0.4719124753892966,snapshot_900.xyz,32,10000,40.0,10000,all,900
0.0927403,0.176411,0.0,0.5257058800188197,0.4742941199811803,snapshot_901.xyz,32,10000,40.0,10000,all,901
0.0867229,0.171326,0.0,0.5061864515601835,0.4938135484398165,snapshot_902.xyz,32,10000,40.0,10000,all,902
0.0853888,0.169805,0.0,0.5028638732663938,0.4971361267336062,snapshot_903.xyz,32,10000,40.0,10000,all,903
0.0869334,0.169871,0.0,0.5117612776754125,0.48823872232458754,snapshot_904.xyz,32,10000,40.0,10000,all,904
0.0855996,0.170202,0.0,0.5029294602883633,0.4970705397116367,snapshot_905.xyz,32,10000,40.0,10000,all,905
0.0850374,0.171194,0.0,0.4967311938502517,0.5032688061497483,snapshot_906.xyz,32,10000,40.0,10000,all,906
0.0853186,0.170136,0.0,0.5014729392956223,0.4985270607043777,snapshot_907.xyz,32,10000,40.0,10000,all,907
0.086021,0.170467,0.0,0.5046196624566631,0.4953803375433369,snapshot_908.xyz,32,10000,40.0,10000,all,908
0.0857401,0.168547,0.0,0.5087014304615329,0.49129856953846707,snapshot_909.xyz,32,10000,40.0,10000,all,909
0.0854591,0.169937,0.0,0.502886952223471,0.497113047776529,snapshot_910.xyz,32,10000,40.0,10000,all,910
0.086021,0.169937,0.0,0.5061934716983353,0.4938065283016647,snapshot_911.xyz,32,10000,40.0,10000,all,911
0.0857401,0.169739,0.0,0.505129051072529,0.49487094892747097,snapshot_912.xyz,32,10000,40.0,10000,all,912
0.0856698,0.169871,0.0,0.5043226919250491,0.4956773080749509,snapshot_913.xyz,32,10000,40.0,10000,all,913
0.0864422,0.169077,0.0,0.5112593670339549,0.4887406329660451,snapshot_914.xyz,32,10000,40.0,10000,all,914
0.086372,0.169937,0.0,0.5082589430200604,0.49174105697993964,snapshot_915.xyz,32,10000,40.0,10000,all,915
0.0860912,0.170268,0.0,0.5056217257499942,0.4943782742500058,snapshot_916.xyz,32,10000,40.0,10000,all,916
0.0857401,0.170599,0.0,0.5025826646111642,0.4974173353888358,snapshot_917.xyz,32,10000,40.0,10000,all,917
0.0857401,0.170996,0.0,0.5014158225923413,0.4985841774076587,snapshot_918.xyz,32,10000,40.0,10000,all,918
0.0858805,0.168945,0.0,0.508334073219095,0.49166592678090504,snapshot_919.xyz,32,10000,40.0,10000,all,919
0.0855293,0.169606,0.0,0.5042822777496079,0.4957177222503921,snapshot_920.xyz,32,10000,40.0,10000,all,920
0.0861614,0.170202,0.0,0.506230244062937,0.49376975593706296,snapshot_921.xyz,32,10000,40.0,10000,all,921
0.0852483,0.169209,0.0,0.5038047621580413,0.49619523784195874,snapshot_922.xyz,32,10000,40.0,10000,all,922
0.0860912,0.169011,0.0,0.5093822295590228,0.4906177704409772,snapshot_923.xyz,32,10000,40.0,10000,all,923
0.0853186,0.170334,0.0,0.5008900160860427,0.49910998391395733,snapshot_924.xyz,32,10000,40.0,10000,all,924
0.0853186,0.169606,0.0,0.5030399867929201,0.49696001320707994,snapshot_925.xyz,32,10000,40.0,10000,all,925
0.0860912,0.168812,0.0,0.5099827026514704,0.4900172973485296,snapshot_926.xyz,32,10000,40.0,10000,all,926
0.086021,0.169143,0.0,0.5085696718161556,0.49143032818384436,snapshot_927.xyz,32,10000,40.0,10000,all,927
0.0857401,0.169474,0.0,0.5059189020144682,0.4940810979855318,snapshot_928.xyz,32,10000,40.0,10000,all,928
0.0857401,0.169606,0.0,0.5055251583080786,0.49447484169192135,snapshot_929.xyz,32,10000,40.0,10000,all,929
0.0850374,0.170334,0.0,0.4992391419211666,0.5007608580788334,snapshot_930.xyz,32,10000,40.0,10000,all,930
0.0861614,0.169871,0.0,0.5072166526364124,0.49278334736358764,snapshot_931.xyz,32,10000,40.0,10000,all,931
0.0850374,0.169209,0.0,0.502558374554545,0.497441625445455,snapshot_932.xyz,32,10000,40.0,10000,all,932
0.0851077,0.170334,0.0,0.4996518604623856,0.5003481395376144,snapshot_933.xyz,32,10000,40.0,10000,all,933
0.0851077,0.16954,0.0,0.5019918603279462,0.4980081396720538,snapshot_934.xyz,32,10000,40.0,10000,all,934
0.0856698,0.169077,0.0,0.5066910342624958,0.49330896573750416,snapshot_935.xyz,32,10000,40.0,10000,all,935
0.0865124,0.169937,0.0,0.5090851315487505,0.49091486845124954,snapshot_936.xyz,32,10000,40.0,10000,all,936
0.0853888,0.169474,0.0,0.5038460176782279,0.4961539823217721,snapshot_937.xyz,32,10000,40.0,10000,all,937
0.0857401,0.169209,0.0,0.5067112269441932,0.49328877305580676,snapshot_938.xyz,32,10000,40.0,10000,all,938
0.0858805,0.168746,0.0,0.5089335450914392,0.4910664549085608,snapshot_939.xyz,32,10000,40.0,10000,all,939
0.0864422,0.170731,0.0,0.506306411840849,0.493693588159151,snapshot_940.xyz,32,10000,40.0,10000,all,940
0.0859508,0.168878,0.0,0.5089520245384241,0.49104797546157586,snapshot_941.xyz,32,10000,40.0,10000,all,941
0.0853186,0.169342,0.0,0.503824213721345,0.496175786278655,snapshot_942.xyz,32,10000,40.0,10000,all,942
0.0863018,0.17093,0.0,0.5048955712864915,0.49510442871350846,snapshot_943.xyz,32,10000,40.0,10000,all,943
0.0852483,0.169474,0.0,0.5030169819559343,0.49698301804406575,snapshot_944.xyz,32,10000,40.0,10000,all,944
0.0855996,0.169408,0.0,0.5052866452587835,0.49471335474121647,snapshot_945.xyz,32,10000,40.0,10000,all,945
0.0861614,0.170599,0.0,0.505052198430237,0.49494780156976304,snapshot_946.xyz,32,10000,40.0,10000,all,946
0.084264,0.170202,0.0,0.4950823139563578,0.5049176860436422,snapshot_947.xyz,32,10000,40.0,10000,all,947
0.0844047,0.170136,0.0,0.496101354210749,0.5038986457892509,snapshot_948.xyz,32,10000,40.0,10000,all,948
0.0859508,0.169408,0.0,0.507359746883264,0.492640253116736,snapshot_949.xyz,32,10000,40.0,10000,all,949
0.0856698,0.169143,0.0,0.5064933222184779,0.49350667778152213,snapshot_950.xyz,32,10000,40.0,10000,all,950
0.0856698,0.170202,0.0,0.5033419113758946,0.49665808862410543,snapshot_951.xyz,32,10000,40.0,10000,all,951
0.0858805,0.169474,0.0,0.5067473476757496,0.4932526523242504,snapshot_952.xyz,32,10000,40.0,10000,all,952
0.0859508,0.169805,0.0,0.5061735520155471,0.49382644798445285,snapshot_953.xyz,32,10000,40.0,10000,all,953
0.0848266,0.169408,0.0,0.5007236966377031,0.4992763033622969,snapshot_954.xyz,32,10000,40.0,10000,all,954
0.0858103,0.168613,0.0,0.5089186480283252,0.4910813519716748,snapshot_955.xyz,32,10000,40.0,10000,all,955
0.0848969,0.169606,0.0,0.5005536360741955,0.49944636392580455,snapshot_956.xyz,32,10000,40.0,10000,all,956
0.0855293,0.168282,0.0,0.5082498425262357,0.49175015747376427,snapshot_957.xyz,32,10000,40.0,10000,all,957
0.0849672,0.170268,0.0,0.49902036789061954,0.5009796321093805,snapshot_958.xyz,32,10000,40.0,10000,all,958
0.0848969,0.170731,0.0,0.4972553314863733,0.5027446685136268,snapshot_959.xyz,32,10000,40.0,10000,all,959
0.0857401,0.168746,0.0,0.5081015253694903,0.49189847463050973,snapshot_960.xyz,32,10000,40.0,10000,all,960
0.0851077,0.169143,0.0,0.5031700986739032,0.49682990132609683,snapshot_961.xyz,32,10000,40.0,10000,all,961
0.0858103,0.168282,0.0,0.509919658668188,0.490080341331812,snapshot_962.xyz,32,10000,40.0,10000,all,962
0.0853186,0.170334,0.0,0.5008900160860427,0.49910998391395733,snapshot_963.xyz,32,10000,40.0,10000,all,963
0.086372,0.170268,0.0,0.5072708905960016,0.4927291094039984,snapshot_964.xyz,32,10000,40.0,10000,all,964
0.0866528,0.169937,0.0,0.5099113200774404,0.49008867992255956,snapshot_965.xyz,32,10000,40.0,10000,all,965
0.0857401,0.169739,0.0,0.505129051072529,0.49487094892747097,snapshot_966.xyz,32,10000,40.0,10000,all,966
0.0847563,0.169143,0.0,0.5010925666447917,0.49890743335520826,snapshot_967.xyz,32,10000,40.0,10000,all,967
0.0846859,0.169209,0.0,0.5004810618820512,0.4995189381179488,snapshot_968.xyz,32,10000,40.0,10000,all,968
0.0857401,0.168878,0.0,0.5077043783086015,0.4922956216913985,snapshot_969.xyz,32,10000,40.0,10000,all,969
0.0846156,0.169474,0.0,0.4992836659310572,0.5007163340689428,snapshot_970.xyz,32,10000,40.0,10000,all,970
0.0857401,0.169937,0.0,0.5045405061875872,0.49545949381241283,snapshot_971.xyz,32,10000,40.0,10000,all,971
0.0865124,0.170202,0.0,0.5082924995005934,0.4917075004994066,snapshot_972.xyz,32,10000,40.0,10000,all,972
0.0864422,0.170136,0.0,0.5080770677575586,0.49192293224244144,snapshot_973.xyz,32,10000,40.0,10000,all,973
0.0852483,0.169805,0.0,0.5020364535791054,0.4979635464208946,snapshot_974.xyz,32,10000,40.0,10000,all,974
0.0856698,0.17007,0.0,0.5037325807020638,0.49626741929793616,snapshot_975.xyz,32,10000,40.0,10000,all,975
0.0856698,0.170533,0.0,0.5023649381644609,0.49763506183553907,snapshot_976.xyz,32,10000,40.0,10000,all,976
0.0854591,0.168547,0.0,0.5070342397076186,0.49296576029238137,snapshot_977.xyz,32,10000,40.0,10000,all,977
0.0860912,0.170467,0.0,0.5050314723670857,0.4949685276329143,snapshot_978.xyz,32,10000,40.0,10000,all,978
0.086021,0.16954,0.0,0.5073787896661555,0.49262121033384454,snapshot_979.xyz,32,10000,40.0,10000,all,979
0.085178,0.169474,0.0,0.5026021690642812,0.49739783093571877,snapshot_980.xyz,32,10000,40.0,10000,all,980
0.0853186,0.169408,0.0,0.5036279278428409,0.49637207215715906,snapshot_981.xyz,32,10000,40.0,10000,all,981
0.0860912,0.17007,0.0,0.5062103839595461,0.4937896160404539,snapshot_982.xyz,32,10000,40.0,10000,all,982
0.0853888,0.169474,0.0,0.5038460176782279,0.4961539823217721,snapshot_983.xyz,32,10000,40.0,10000,all,983
0.0860912,0.169871,0.0,0.5068033978725033,0.4931966021274967,snapshot_984.xyz,32,10000,40.0,10000,all,984
0.085178,0.169937,0.0,0.501232809805987,0.49876719019401305,snapshot_985.xyz,32,10000,40.0,10000,all,985
0.0849672,0.169606,0.0,0.5009681261276134,0.49903187387238657,snapshot_986.xyz,32,10000,40.0,10000,all,986
0.0857401,0.169276,0.0,0.506510668966658,0.493489331033342,snapshot_987.xyz,32,10000,40.0,10000,all,987
0.0855996,0.170004,0.0,0.5035152114067905,0.49648478859320955,snapshot_988.xyz,32,10000,40.0,10000,all,988
0.0853888,0.169276,0.0,0.5044353600037808,0.49556463999621925,snapshot_989.xyz,32,10000,40.0,10000,all,989
0.0846156,0.169673,0.0,0.49869808396150245,0.5013019160384975,snapshot_990.xyz,32,10000,40.0,10000,all,990
0.0848969,0.169474,0.0,0.5009435075586816,0.49905649244131844,snapshot_991.xyz,32,10000,40.0,10000,all,991
0.0856698,0.170268,0.0,0.5031468038621467,0.4968531961378533,snapshot_992.xyz,32,10000,40.0,10000,all,992
0.0846156,0.169276,0.0,0.4998676717313736,0.5001323282686264,snapshot_993.xyz,32,10000,40.0,10000,all,993
0.0859508,0.169805,0.0,0.5061735520155471,0.49382644798445285,snapshot_994.xyz,32,10000,40.0,10000,all,994
0.0849672,0.168613,0.0,0.5039184404523969,0.49608155954760313,snapshot_995.xyz,32,10000,40.0,10000,all,995
0.0847563,0.170004,0.0,0.49855473988847326,0.5014452601115267,snapshot_996.xyz,32,10000,40.0,10000,all,996
0.0848266,0.169342,0.0,0.5009188506100082,0.4990811493899918,snapshot_997.xyz,32,10000,40.0,10000,all,997
0.0855996,0.16954,0.0,0.5048932405332075,0.4951067594667925,snapshot_998.xyz,32,10000,40.0,10000,all,998
0.0856698,0.17007,0.0,0.5037325807020638,0.49626741929793616,snapshot_999.xyz,32,10000,40.0,10000,all,999
0.0855293,0.170268,0.0,0.5023216341297249,0.49767836587027514,snapshot_1000.xyz,32,10000,40.0,10000,all,1000
0.0854591,0.16954,0.0,0.5040645275451221,0.4959354724548779,snapshot_1001.xyz,32,10000,40.0,10000,all,1001
