cid,cid_shuffled,cid_shuffled_std,cid_normalized,compression_gain,snapshot,nbins,n_particles_total,box_length,n_particles_filtered,atom_types,snapshot_num
0.0690178,0.100389,0.0,0.6875036109533913,0.3124963890466087,snapshot_1.xyz,32,4000,16.757672110741936,4000,all,1
0.0650744,0.0967797,0.0,0.6723972072655733,0.3276027927344267,snapshot_2.xyz,32,4000,16.757672110741936,4000,all,2
0.0667976,0.0965712,0.0,0.6916927614029856,0.30830723859701437,snapshot_3.xyz,32,4000,16.757672110741936,4000,all,3
0.0658647,0.0960148,0.0,0.6859848689993626,0.3140151310006374,snapshot_4.xyz,32,4000,16.757672110741936,4000,all,4
0.0652182,0.0963626,0.0,0.6767999203010296,0.32320007969897036,snapshot_5.xyz,32,4000,16.757672110741936,4000,all,5
0.0646431,0.0965712,0.0,0.6693827973557334,0.33061720264426664,snapshot_6.xyz,32,4000,16.757672110741936,4000,all,6
0.0662954,0.0958061,0.0,0.6919747281227396,0.30802527187726036,snapshot_7.xyz,32,4000,16.757672110741936,4000,all,7
0.0659365,0.0958756,0.0,0.6877297247683456,0.3122702752316544,snapshot_8.xyz,32,4000,16.757672110741936,4000,all,8
0.0655774,0.0961539,0.0,0.6820045780774362,0.3179954219225638,snapshot_9.xyz,32,4000,16.757672110741936,4000,all,9
0.0672278,0.0968493,0.0,0.6941485379863355,0.30585146201366453,snapshot_10.xyz,32,4000,16.757672110741936,4000,all,10
0.0666541,0.0968493,0.0,0.6882249019869012,0.3117750980130988,snapshot_11.xyz,32,4000,16.757672110741936,4000,all,11
0.0672278,0.0974747,0.0,0.6896948644109703,0.3103051355890297,snapshot_12.xyz,32,4000,16.757672110741936,4000,all,12
0.0662236,0.096293,0.0,0.6877301569169098,0.31226984308309025,snapshot_13.xyz,32,4000,16.757672110741936,4000,all,13
0.0662954,0.0967797,0.0,0.6850134893991199,0.3149865106008801,snapshot_14.xyz,32,4000,16.757672110741936,4000,all,14
0.0655774,0.096293,0.0,0.6810193887406145,0.3189806112593855,snapshot_15.xyz,32,4000,16.757672110741936,4000,all,15
0.06608,0.0960843,0.0,0.6877294209355743,0.3122705790644257,snapshot_16.xyz,32,4000,16.757672110741936,4000,all,16
0.0658647,0.0955973,0.0,0.688980755732641,0.31101924426735905,snapshot_17.xyz,32,4000,16.757672110741936,4000,all,17
0.0655774,0.0964321,0.0,0.6800370416075144,0.31996295839248556,snapshot_18.xyz,32,4000,16.757672110741936,4000,all,18
0.0662236,0.0974052,0.0,0.6798774603409263,0.32012253965907367,snapshot_19.xyz,32,4000,16.757672110741936,4000,all,19
0.065721,0.0969188,0.0,0.6781037321964366,0.3218962678035634,snapshot_20.xyz,32,4000,16.757672110741936,4000,all,20
0.0655056,0.0969883,0.0,0.6753969293203407,0.3246030706796593,snapshot_21.xyz,32,4000,16.757672110741936,4000,all,21
0.0672994,0.0967797,0.0,0.6953875657808404,0.3046124342191596,snapshot_22.xyz,32,4000,16.757672110741936,4000,all,22
0.065721,0.096293,0.0,0.6825106705575691,0.3174893294424309,snapshot_23.xyz,32,4000,16.757672110741936,4000,all,23
0.0647869,0.0961539,0.0,0.6737833826813057,0.32621661731869434,snapshot_24.xyz,32,4000,16.757672110741936,4000,all,24
0.0653619,0.096293,0.0,0.6787814275180958,0.3212185724819042,snapshot_25.xyz,32,4000,16.757672110741936,4000,all,25
0.0644992,0.0965712,0.0,0.6678927050714913,0.33210729492850866,snapshot_26.xyz,32,4000,16.757672110741936,4000,all,26
0.0663671,0.0965712,0.0,0.6872349106151731,0.31276508938482694,snapshot_27.xyz,32,4000,16.757672110741936,4000,all,27
0.0662236,0.0976137,0.0,0.6784252620277685,0.32157473797223146,snapshot_28.xyz,32,4000,16.757672110741936,4000,all,28
0.0665106,0.0973358,0.0,0.6833107654121094,0.31668923458789056,snapshot_29.xyz,32,4000,16.757672110741936,4000,all,29
0.0660083,0.0971968,0.0,0.6791200944887075,0.32087990551129253,snapshot_30.xyz,32,4000,16.757672110741936,4000,all,30
0.0670844,0.0969188,0.0,0.6921711783472351,0.30782882165276493,snapshot_31.xyz,32,4000,16.757672110741936,4000,all,31
0.06608,0.0967102,0.0,0.6832784959600953,0.31672150403990473,snapshot_32.xyz,32,4000,16.757672110741936,4000,all,32
0.0653619,0.0967797,0.0,0.6753678715681078,0.32463212843189215,snapshot_33.xyz,32,4000,16.757672110741936,4000,all,33
0.0651463,0.0954581,0.0,0.682459634122196,0.317540365877804,snapshot_34.xyz,32,4000,16.757672110741936,4000,all,34
0.0660083,0.0963626,0.0,0.6849991594249222,0.3150008405750778,snapshot_35.xyz,32,4000,16.757672110741936,4000,all,35
0.0663671,0.0967797,0.0,0.6857543472443085,0.3142456527556915,snapshot_36.xyz,32,4000,16.757672110741936,4000,all,36
0.0670127,0.0966407,0.0,0.6934210948389239,0.3065789051610761,snapshot_37.xyz,32,4000,16.757672110741936,4000,all,37
0.0650744,0.0969188,0.0,0.6714321679591576,0.3285678320408424,snapshot_38.xyz,32,4000,16.757672110741936,4000,all,38
0.0654337,0.0971273,0.0,0.6736900953696849,0.32630990463031506,snapshot_39.xyz,32,4000,16.757672110741936,4000,all,39
0.0670127,0.0977526,0.0,0.6855336840145428,0.31446631598545716,snapshot_40.xyz,32,4000,16.757672110741936,4000,all,40
0.0656492,0.0964321,0.0,0.6807816069545307,0.3192183930454693,snapshot_41.xyz,32,4000,16.757672110741936,4000,all,41
0.0662236,0.0962235,0.0,0.6882268884420125,0.3117731115579875,snapshot_42.xyz,32,4000,16.757672110741936,4000,all,42
0.0655056,0.0959452,0.0,0.6827397305962154,0.3172602694037846,snapshot_43.xyz,32,4000,16.757672110741936,4000,all,43
0.0651463,0.0960148,0.0,0.6785026891687532,0.3214973108312468,snapshot_44.xyz,32,4000,16.757672110741936,4000,all,44
0.0658647,0.0967102,0.0,0.6810522571559153,0.31894774284408467,snapshot_45.xyz,32,4000,16.757672110741936,4000,all,45
0.0670127,0.0958756,0.0,0.6989546871153869,0.3010453128846131,snapshot_46.xyz,32,4000,16.757672110741936,4000,all,46
0.0659365,0.0965712,0.0,0.6827760243219511,0.31722397567804894,snapshot_47.xyz,32,4000,16.757672110741936,4000,all,47
0.0655056,0.0971968,0.0,0.6739481135181404,0.32605188648185957,snapshot_48.xyz,32,4000,16.757672110741936,4000,all,48
0.06608,0.0969188,0.0,0.6818078639025659,0.31819213609743413,snapshot_49.xyz,32,4000,16.757672110741936,4000,all,49
0.06529,0.0969188,0.0,0.6736567105659583,0.3263432894340417,snapshot_50.xyz,32,4000,16.757672110741936,4000,all,50
0.0659365,0.096293,0.0,0.6847486317800878,0.3152513682199122,snapshot_51.xyz,32,4000,16.757672110741936,4000,all,51
0.0659365,0.0960843,0.0,0.6862359407312121,0.3137640592687879,snapshot_52.xyz,32,4000,16.757672110741936,4000,all,52
0.0650026,0.0965016,0.0,0.673590904192262,0.326409095807738,snapshot_53.xyz,32,4000,16.757672110741936,4000,all,53
0.0650026,0.0967102,0.0,0.6721379957853463,0.3278620042146537,snapshot_54.xyz,32,4000,16.757672110741936,4000,all,54
0.0671561,0.0967102,0.0,0.6944055539126173,0.30559444608738273,snapshot_55.xyz,32,4000,16.757672110741936,4000,all,55
0.0662236,0.096293,0.0,0.6877301569169098,0.31226984308309025,snapshot_56.xyz,32,4000,16.757672110741936,4000,all,56
0.0657929,0.0969883,0.0,0.6783591422882966,0.32164085771170337,snapshot_57.xyz,32,4000,16.757672110741936,4000,all,57
0.0664389,0.0972663,0.0,0.6830618621249086,0.3169381378750914,snapshot_58.xyz,32,4000,16.757672110741936,4000,all,58
0.0663671,0.0964321,0.0,0.688226223425602,0.311773776574398,snapshot_59.xyz,32,4000,16.757672110741936,4000,all,59
0.0660083,0.0963626,0.0,0.6849991594249222,0.3150008405750778,snapshot_60.xyz,32,4000,16.757672110741936,4000,all,60
0.0664389,0.0960843,0.0,0.6914646825756132,0.3085353174243868,snapshot_61.xyz,32,4000,16.757672110741936,4000,all,61
0.065721,0.0958756,0.0,0.6854820204515018,0.31451797954849825,snapshot_62.xyz,32,4000,16.757672110741936,4000,all,62
0.0657929,0.0960148,0.0,0.6852370676187421,0.31476293238125785,snapshot_63.xyz,32,4000,16.757672110741936,4000,all,63
0.0670844,0.0964321,0.0,0.6956646179021301,0.3043353820978699,snapshot_64.xyz,32,4000,16.757672110741936,4000,all,64
0.0664389,0.0967797,0.0,0.6864962383640371,0.31350376163596294,snapshot_65.xyz,32,4000,16.757672110741936,4000,all,65
0.0660083,0.0956669,0.0,0.6899805470857737,0.3100194529142263,snapshot_66.xyz,32,4000,16.757672110741936,4000,all,66
0.0661518,0.0965712,0.0,0.6850054674685621,0.31499453253143794,snapshot_67.xyz,32,4000,16.757672110741936,4000,all,67
0.0658647,0.0966407,0.0,0.6815420418105416,0.31845795818945843,snapshot_68.xyz,32,4000,16.757672110741936,4000,all,68
0.065721,0.0969883,0.0,0.6776178157571584,0.3223821842428416,snapshot_69.xyz,32,4000,16.757672110741936,4000,all,69
0.0659365,0.0959452,0.0,0.6872308359355132,0.31276916406448685,snapshot_70.xyz,32,4000,16.757672110741936,4000,all,70
0.0652182,0.0960148,0.0,0.6792515320554748,0.32074846794452516,snapshot_71.xyz,32,4000,16.757672110741936,4000,all,71
0.0660083,0.0956669,0.0,0.6899805470857737,0.3100194529142263,snapshot_72.xyz,32,4000,16.757672110741936,4000,all,72
0.0659365,0.0962235,0.0,0.6852432098188072,0.31475679018119285,snapshot_73.xyz,32,4000,16.757672110741936,4000,all,73
0.0665106,0.0965712,0.0,0.6887208608777773,0.3112791391222227,snapshot_74.xyz,32,4000,16.757672110741936,4000,all,74
0.0663671,0.0969883,0.0,0.6842794440154122,0.3157205559845878,snapshot_75.xyz,32,4000,16.757672110741936,4000,all,75
0.0655774,0.0973358,0.0,0.6737233371483051,0.3262766628516949,snapshot_76.xyz,32,4000,16.757672110741936,4000,all,76
0.0665106,0.0972663,0.0,0.6837990136357608,0.3162009863642392,snapshot_77.xyz,32,4000,16.757672110741936,4000,all,77
0.0653619,0.0969188,0.0,0.6743985686987458,0.3256014313012542,snapshot_78.xyz,32,4000,16.757672110741936,4000,all,78
0.065721,0.0959452,0.0,0.6849847621350521,0.3150152378649479,snapshot_79.xyz,32,4000,16.757672110741936,4000,all,79
0.0655056,0.096293,0.0,0.6802737478321372,0.31972625216786277,snapshot_80.xyz,32,4000,16.757672110741936,4000,all,80
0.0655774,0.0960148,0.0,0.6829926219707795,0.3170073780292205,snapshot_81.xyz,32,4000,16.757672110741936,4000,all,81
0.0668693,0.0964321,0.0,0.6934340328583533,0.30656596714164674,snapshot_82.xyz,32,4000,16.757672110741936,4000,all,82
0.0667976,0.0965712,0.0,0.6916927614029856,0.30830723859701437,snapshot_83.xyz,32,4000,16.757672110741936,4000,all,83
0.0660083,0.0969188,0.0,0.6810680693529017,0.31893193064709835,snapshot_84.xyz,32,4000,16.757672110741936,4000,all,84
0.0657929,0.0962235,0.0,0.6837508508836199,0.31624914911638013,snapshot_85.xyz,32,4000,16.757672110741936,4000,all,85
0.06608,0.0969188,0.0,0.6818078639025659,0.31819213609743413,snapshot_86.xyz,32,4000,16.757672110741936,4000,all,86
0.0661518,0.0963626,0.0,0.6864883263838875,0.31351167361611254,snapshot_87.xyz,32,4000,16.757672110741936,4000,all,87
0.06608,0.096293,0.0,0.6862388750999553,0.3137611249000447,snapshot_88.xyz,32,4000,16.757672110741936,4000,all,88
0.0664389,0.0963626,0.0,0.689467698048828,0.310532301951172,snapshot_89.xyz,32,4000,16.757672110741936,4000,all,89
0.0656492,0.0956669,0.0,0.6862268977044308,0.3137731022955692,snapshot_90.xyz,32,4000,16.757672110741936,4000,all,90
0.0668693,0.0965016,0.0,0.6929346249181361,0.30706537508186393,snapshot_91.xyz,32,4000,16.757672110741936,4000,all,91
0.0667976,0.0967102,0.0,0.6906986026292987,0.3093013973707013,snapshot_92.xyz,32,4000,16.757672110741936,4000,all,92
0.0654337,0.0969883,0.0,0.6746556027892023,0.32534439721079766,snapshot_93.xyz,32,4000,16.757672110741936,4000,all,93
0.0663671,0.0974747,0.0,0.680864880835745,0.31913511916425497,snapshot_94.xyz,32,4000,16.757672110741936,4000,all,94
0.066941,0.0968493,0.0,0.691187236252611,0.308812763747389,snapshot_95.xyz,32,4000,16.757672110741936,4000,all,95
0.0673711,0.0964321,0.0,0.6986376942947421,0.3013623057052579,snapshot_96.xyz,32,4000,16.757672110741936,4000,all,96
0.0665824,0.0963626,0.0,0.6909568650077934,0.3090431349922066,snapshot_97.xyz,32,4000,16.757672110741936,4000,all,97
0.0665824,0.0965016,0.0,0.6899616172167093,0.31003838278329066,snapshot_98.xyz,32,4000,16.757672110741936,4000,all,98
0.06529,0.0967797,0.0,0.6746249471738391,0.32537505282616086,snapshot_99.xyz,32,4000,16.757672110741936,4000,all,99
0.0675861,0.0965016,0.0,0.7003624810365837,0.2996375189634163,snapshot_100.xyz,32,4000,16.757672110741936,4000,all,100
0.0659365,0.0965712,0.0,0.6827760243219511,0.31722397567804894,snapshot_101.xyz,32,4000,16.757672110741936,4000,all,101
0.0651463,0.0957365,0.0,0.6804750539240519,0.31952494607594806,snapshot_102.xyz,32,4000,16.757672110741936,4000,all,102
0.0652182,0.0961539,0.0,0.678268900169416,0.321731099830584,snapshot_103.xyz,32,4000,16.757672110741936,4000,all,103
0.0656492,0.0962235,0.0,0.6822574527012633,0.31774254729873674,snapshot_104.xyz,32,4000,16.757672110741936,4000,all,104
0.06608,0.0960148,0.0,0.6882272316351229,0.3117727683648771,snapshot_105.xyz,32,4000,16.757672110741936,4000,all,105
0.0650026,0.0965016,0.0,0.673590904192262,0.326409095807738,snapshot_106.xyz,32,4000,16.757672110741936,4000,all,106
0.0655056,0.096293,0.0,0.6802737478321372,0.31972625216786277,snapshot_107.xyz,32,4000,16.757672110741936,4000,all,107
0.0646431,0.0955277,0.0,0.6766948225488523,0.32330517745114773,snapshot_108.xyz,32,4000,16.757672110741936,4000,all,108
0.0664389,0.0966407,0.0,0.6874836378461663,0.3125163621538337,snapshot_109.xyz,32,4000,16.757672110741936,4000,all,109
0.0650026,0.0963626,0.0,0.6745625377480474,0.3254374622519526,snapshot_110.xyz,32,4000,16.757672110741936,4000,all,110
0.0663671,0.0970578,0.0,0.6837894532948408,0.31621054670515925,snapshot_111.xyz,32,4000,16.757672110741936,4000,all,111
0.0664389,0.0963626,0.0,0.689467698048828,0.310532301951172,snapshot_112.xyz,32,4000,16.757672110741936,4000,all,112
0.0674428,0.0988634,0.0,0.6821816769401011,0.3178183230598989,snapshot_113.xyz,32,4000,16.757672110741936,4000,all,113
0.067801,0.0986552,0.0,0.6872521671437491,0.31274783285625085,snapshot_114.xyz,32,4000,16.757672110741936,4000,all,114
0.067801,0.0986552,0.0,0.6872521671437491,0.31274783285625085,snapshot_115.xyz,32,4000,16.757672110741936,4000,all,115
0.0673711,0.0980999,0.0,0.6867601292152183,0.31323987078478166,snapshot_116.xyz,32,4000,16.757672110741936,4000,all,116
0.0688032,0.100736,0.0,0.6830050825921219,0.3169949174078781,snapshot_117.xyz,32,4000,16.757672110741936,4000,all,117
0.0675144,0.0981693,0.0,0.6877343527966483,0.3122656472033517,snapshot_118.xyz,32,4000,16.757672110741936,4000,all,118
0.0692324,0.10025,0.0,0.690597506234414,0.30940249376558604,snapshot_119.xyz,32,4000,16.757672110741936,4000,all,119
0.0686601,0.0992797,0.0,0.691582468520755,0.308417531479245,snapshot_120.xyz,32,4000,16.757672110741936,4000,all,120
0.0685886,0.100389,0.0,0.6832282421380829,0.31677175786191714,snapshot_121.xyz,32,4000,16.757672110741936,4000,all,121
0.0680875,0.0990022,0.0,0.6877372422026985,0.3122627577973015,snapshot_122.xyz,32,4000,16.757672110741936,4000,all,122
0.0683739,0.100112,0.0,0.6829740690426722,0.3170259309573278,snapshot_123.xyz,32,4000,16.757672110741936,4000,all,123
0.0690178,0.100043,0.0,0.6898813510190618,0.3101186489809382,snapshot_124.xyz,32,4000,16.757672110741936,4000,all,124
0.0679443,0.0980304,0.0,0.6930941830289379,0.3069058169710621,snapshot_125.xyz,32,4000,16.757672110741936,4000,all,125
0.0685886,0.0994184,0.0,0.6898984493816034,0.3101015506183966,snapshot_126.xyz,32,4000,16.757672110741936,4000,all,126
0.0683023,0.0981693,0.0,0.6957602835102216,0.30423971648977843,snapshot_127.xyz,32,4000,16.757672110741936,4000,all,127
0.0683023,0.0990022,0.0,0.6899068909579786,0.31009310904202136,snapshot_128.xyz,32,4000,16.757672110741936,4000,all,128
0.0680159,0.0996265,0.0,0.6827089178080129,0.3172910821919871,snapshot_129.xyz,32,4000,16.757672110741936,4000,all,129
0.0682307,0.10032,0.0,0.680130582137161,0.31986941786283896,snapshot_130.xyz,32,4000,16.757672110741936,4000,all,130
0.0684454,0.0995572,0.0,0.6874982422165349,0.3125017577834651,snapshot_131.xyz,32,4000,16.757672110741936,4000,all,131
0.0688032,0.0990716,0.0,0.6944795481247905,0.3055204518752095,snapshot_132.xyz,32,4000,16.757672110741936,4000,all,132
0.0684454,0.0982387,0.0,0.6967254249089209,0.30327457509107913,snapshot_133.xyz,32,4000,16.757672110741936,4000,all,133
0.0691609,0.100043,0.0,0.6913117359535399,0.3086882640464601,snapshot_134.xyz,32,4000,16.757672110741936,4000,all,134
0.0684454,0.0997652,0.0,0.6860648803390361,0.3139351196609639,snapshot_135.xyz,32,4000,16.757672110741936,4000,all,135
0.067801,0.0986552,0.0,0.6872521671437491,0.31274783285625085,snapshot_136.xyz,32,4000,16.757672110741936,4000,all,136
0.0695898,0.0995572,0.0,0.6989931416311427,0.3010068583688573,snapshot_137.xyz,32,4000,16.757672110741936,4000,all,137
0.0692324,0.100943,0.0,0.6858563743895069,0.31414362561049314,snapshot_138.xyz,32,4000,16.757672110741936,4000,all,138
0.0682307,0.0987246,0.0,0.6911215644327757,0.3088784355672243,snapshot_139.xyz,32,4000,16.757672110741936,4000,all,139
0.0700186,0.0994878,0.0,0.7037908165624328,0.2962091834375672,snapshot_140.xyz,32,4000,16.757672110741936,4000,all,140
0.0707327,0.100597,0.0,0.7031293179717089,0.29687068202829114,snapshot_141.xyz,32,4000,16.757672110741936,4000,all,141
0.0699471,0.098794,0.0,0.7080095957244367,0.29199040427556333,snapshot_142.xyz,32,4000,16.757672110741936,4000,all,142
0.0697328,0.100112,0.0,0.6965478663896435,0.3034521336103565,snapshot_143.xyz,32,4000,16.757672110741936,4000,all,143
0.0689463,0.10025,0.0,0.6877436408977556,0.31225635910224436,snapshot_144.xyz,32,4000,16.757672110741936,4000,all,144
0.0693039,0.0986552,0.0,0.7024860321604943,0.2975139678395057,snapshot_145.xyz,32,4000,16.757672110741936,4000,all,145
0.0695184,0.0996265,0.0,0.6977902465709424,0.30220975342905765,snapshot_146.xyz,32,4000,16.757672110741936,4000,all,146
0.0698042,0.0998345,0.0,0.6991991746340193,0.30080082536598074,snapshot_147.xyz,32,4000,16.757672110741936,4000,all,147
0.0703757,0.0996265,0.0,0.7063953867695844,0.29360461323041565,snapshot_148.xyz,32,4000,16.757672110741936,4000,all,148
0.0709468,0.0992103,0.0,0.7151152652496767,0.2848847347503233,snapshot_149.xyz,32,4000,16.757672110741936,4000,all,149
0.0702329,0.0985858,0.0,0.7124038147481686,0.2875961852518314,snapshot_150.xyz,32,4000,16.757672110741936,4000,all,150
0.0708041,0.099141,0.0,0.7141757698631241,0.28582423013687586,snapshot_151.xyz,32,4000,16.757672110741936,4000,all,151
0.0696613,0.099141,0.0,0.7026487527864353,0.29735124721356465,snapshot_152.xyz,32,4000,16.757672110741936,4000,all,152
0.0700186,0.0993491,0.0,0.7047733698644477,0.2952266301355523,snapshot_153.xyz,32,4000,16.757672110741936,4000,all,153
0.0707327,0.0996265,0.0,0.7099787707085965,0.2900212292914035,snapshot_154.xyz,32,4000,16.757672110741936,4000,all,154
0.0694469,0.0988634,0.0,0.702453081726908,0.297546918273092,snapshot_155.xyz,32,4000,16.757672110741936,4000,all,155
0.0721591,0.100043,0.0,0.721280849234829,0.27871915076517095,snapshot_156.xyz,32,4000,16.757672110741936,4000,all,156
0.0712322,0.100043,0.0,0.7120158331917275,0.28798416680827255,snapshot_157.xyz,32,4000,16.757672110741936,4000,all,157
0.0716601,0.100736,0.0,0.7113653510165184,0.28863464898348157,snapshot_158.xyz,32,4000,16.757672110741936,4000,all,158
0.0715175,0.099141,0.0,0.7213715818884214,0.27862841811157857,snapshot_159.xyz,32,4000,16.757672110741936,4000,all,159
0.0717314,0.0997652,0.0,0.7190022172059997,0.28099778279400034,snapshot_160.xyz,32,4000,16.757672110741936,4000,all,160
0.0718027,0.0992797,0.0,0.7232364723100493,0.2767635276899507,snapshot_161.xyz,32,4000,16.757672110741936,4000,all,161
0.0716601,0.0994878,0.0,0.7202903270551767,0.2797096729448233,snapshot_162.xyz,32,4000,16.757672110741936,4000,all,162
0.07009,0.0985164,0.0,0.7114551485843981,0.28854485141560193,snapshot_163.xyz,32,4000,16.757672110741936,4000,all,163
0.0706613,0.098794,0.0,0.7152387796829767,0.28476122031702333,snapshot_164.xyz,32,4000,16.757672110741936,4000,all,164
0.0716601,0.100389,0.0,0.7138242237695365,0.28617577623046353,snapshot_165.xyz,32,4000,16.757672110741936,4000,all,165
0.0708754,0.0992797,0.0,0.7138961942874525,0.28610380571254745,snapshot_166.xyz,32,4000,16.757672110741936,4000,all,166
0.0728002,0.100043,0.0,0.7276890936897134,0.27231090631028665,snapshot_167.xyz,32,4000,16.757672110741936,4000,all,167
0.0732985,0.0999732,0.0,0.7331814926400275,0.2668185073599725,snapshot_168.xyz,32,4000,16.757672110741936,4000,all,168
0.0724441,0.10032,0.0,0.7221301834130781,0.2778698165869219,snapshot_169.xyz,32,4000,16.757672110741936,4000,all,169
0.0713035,0.0990716,0.0,0.719716851246977,0.28028314875302296,snapshot_170.xyz,32,4000,16.757672110741936,4000,all,170
0.0729426,0.0993491,0.0,0.7342049399541616,0.2657950600458384,snapshot_171.xyz,32,4000,16.757672110741936,4000,all,171
0.0729426,0.0999039,0.0,0.7301276526742199,0.26987234732578014,snapshot_172.xyz,32,4000,16.757672110741936,4000,all,172
0.0709468,0.0987246,0.0,0.718633451034494,0.28136654896550595,snapshot_173.xyz,32,4000,16.757672110741936,4000,all,173
0.0722304,0.0992797,0.0,0.7275445030555089,0.2724554969444911,snapshot_174.xyz,32,4000,16.757672110741936,4000,all,174
0.0742943,0.10032,0.0,0.7405731658692184,0.2594268341307816,snapshot_175.xyz,32,4000,16.757672110741936,4000,all,175
0.0728002,0.0989328,0.0,0.735855045040674,0.264144954959326,snapshot_176.xyz,32,4000,16.757672110741936,4000,all,176
0.0740099,0.099141,0.0,0.7465115340777276,0.25348846592227237,snapshot_177.xyz,32,4000,16.757672110741936,4000,all,177
0.0726578,0.0989328,0.0,0.7344156841815859,0.26558431581841413,snapshot_178.xyz,32,4000,16.757672110741936,4000,all,178
0.0745786,0.100666,0.0,0.7408519261716964,0.2591480738283036,snapshot_179.xyz,32,4000,16.757672110741936,4000,all,179
0.0736543,0.10032,0.0,0.7341935805422648,0.2658064194577352,snapshot_180.xyz,32,4000,16.757672110741936,4000,all,180
0.0731562,0.10025,0.0,0.7297376558603491,0.2702623441396509,snapshot_181.xyz,32,4000,16.757672110741936,4000,all,181
0.0734409,0.100112,0.0,0.7335873821320121,0.26641261786798787,snapshot_182.xyz,32,4000,16.757672110741936,4000,all,182
0.0737254,0.100181,0.0,0.7359219812140025,0.26407801878599746,snapshot_183.xyz,32,4000,16.757672110741936,4000,all,183
0.0740099,0.100458,0.0,0.7367248004141034,0.2632751995858966,snapshot_184.xyz,32,4000,16.757672110741936,4000,all,184
0.0741521,0.0994878,0.0,0.7453386244343527,0.2546613755656473,snapshot_185.xyz,32,4000,16.757672110741936,4000,all,185
0.0745076,0.100043,0.0,0.744755755025339,0.255244244974661,snapshot_186.xyz,32,4000,16.757672110741936,4000,all,186
0.075289,0.100666,0.0,0.7479089265491824,0.2520910734508176,snapshot_187.xyz,32,4000,16.757672110741936,4000,all,187
0.0746497,0.0992797,0.0,0.7519130295518621,0.24808697044813788,snapshot_188.xyz,32,4000,16.757672110741936,4000,all,188
0.0758569,0.100666,0.0,0.7535503546381102,0.24644964536188985,snapshot_189.xyz,32,4000,16.757672110741936,4000,all,189
0.0747208,0.0996265,0.0,0.7500092846782733,0.24999071532172668,snapshot_190.xyz,32,4000,16.757672110741936,4000,all,190
0.0759279,0.0999732,0.0,0.7594825413210742,0.24051745867892582,snapshot_191.xyz,32,4000,16.757672110741936,4000,all,191
0.0741521,0.0997652,0.0,0.7432661890117997,0.25673381098820025,snapshot_192.xyz,32,4000,16.757672110741936,4000,all,192
0.075218,0.100528,0.0,0.748229349037084,0.25177065096291595,snapshot_193.xyz,32,4000,16.757672110741936,4000,all,193
0.0747208,0.10025,0.0,0.74534463840399,0.25465536159601,snapshot_194.xyz,32,4000,16.757672110741936,4000,all,194
0.0764954,0.0992103,0.0,0.7710429259865156,0.22895707401348442,snapshot_195.xyz,32,4000,16.757672110741936,4000,all,195
0.0762826,0.100943,0.0,0.7556997513448184,0.24430024865518163,snapshot_196.xyz,32,4000,16.757672110741936,4000,all,196
0.0736543,0.0999039,0.0,0.7372514986902413,0.2627485013097587,snapshot_197.xyz,32,4000,16.757672110741936,4000,all,197
0.0762117,0.100112,0.0,0.761264383890043,0.23873561610995697,snapshot_198.xyz,32,4000,16.757672110741936,4000,all,198
0.075786,0.0990716,0.0,0.7649619063384462,0.23503809366155382,snapshot_199.xyz,32,4000,16.757672110741936,4000,all,199
0.0746497,0.0998345,0.0,0.7477345005984904,0.25226549940150955,snapshot_200.xyz,32,4000,16.757672110741936,4000,all,200
0.075502,0.100181,0.0,0.7536558828520378,0.24634411714796223,snapshot_201.xyz,32,4000,16.757672110741936,4000,all,201
0.07536,0.100181,0.0,0.7522384484083807,0.24776155159161928,snapshot_202.xyz,32,4000,16.757672110741936,4000,all,202
0.0760698,0.100597,0.0,0.7561835840034992,0.24381641599650083,snapshot_203.xyz,32,4000,16.757672110741936,4000,all,203
0.0759988,0.0995572,0.0,0.7633681943646468,0.23663180563535324,snapshot_204.xyz,32,4000,16.757672110741936,4000,all,204
0.0768499,0.100458,0.0,0.7649953214278603,0.2350046785721397,snapshot_205.xyz,32,4000,16.757672110741936,4000,all,205
0.0772751,0.100874,0.0,0.7660556734143584,0.23394432658564157,snapshot_206.xyz,32,4000,16.757672110741936,4000,all,206
0.0775585,0.101013,0.0,0.76780711393583,0.23219288606417,snapshot_207.xyz,32,4000,16.757672110741936,4000,all,207
0.0766372,0.100874,0.0,0.7597319428197553,0.2402680571802447,snapshot_208.xyz,32,4000,16.757672110741936,4000,all,208
0.0764245,0.0993491,0.0,0.7692520616694063,0.2307479383305937,snapshot_209.xyz,32,4000,16.757672110741936,4000,all,209
0.0765663,0.100181,0.0,0.7642796538265739,0.23572034617342608,snapshot_210.xyz,32,4000,16.757672110741936,4000,all,210
0.0779834,0.100805,0.0,0.7736064679331381,0.22639353206686186,snapshot_211.xyz,32,4000,16.757672110741936,4000,all,211
0.0771334,0.10025,0.0,0.7694104738154613,0.23058952618453865,snapshot_212.xyz,32,4000,16.757672110741936,4000,all,212
0.0766372,0.0994878,0.0,0.7703175665760023,0.22968243342399774,snapshot_213.xyz,32,4000,16.757672110741936,4000,all,213
0.0774168,0.100389,0.0,0.7711681558736514,0.2288318441263486,snapshot_214.xyz,32,4000,16.757672110741936,4000,all,214
0.0765663,0.100043,0.0,0.7653339064202392,0.23466609357976076,snapshot_215.xyz,32,4000,16.757672110741936,4000,all,215
0.0762826,0.0992103,0.0,0.7688979874065496,0.23110201259345042,snapshot_216.xyz,32,4000,16.757672110741936,4000,all,216
0.0768499,0.100666,0.0,0.7634146583752209,0.23658534162477907,snapshot_217.xyz,32,4000,16.757672110741936,4000,all,217
0.0771334,0.100805,0.0,0.7651743465105898,0.2348256534894102,snapshot_218.xyz,32,4000,16.757672110741936,4000,all,218
0.077771,0.0999732,0.0,0.7779184821532171,0.22208151784678287,snapshot_219.xyz,32,4000,16.757672110741936,4000,all,219
0.0783373,0.0990716,0.0,0.7907139886708199,0.20928601132918012,snapshot_220.xyz,32,4000,16.757672110741936,4000,all,220
0.0783373,0.100389,0.0,0.7803374871748896,0.2196625128251104,snapshot_221.xyz,32,4000,16.757672110741936,4000,all,221
0.0786912,0.10025,0.0,0.784949625935162,0.21505037406483796,snapshot_222.xyz,32,4000,16.757672110741936,4000,all,222
0.0781958,0.100389,0.0,0.7789279701959377,0.22107202980406226,snapshot_223.xyz,32,4000,16.757672110741936,4000,all,223
0.0778418,0.10032,0.0,0.7759350079744817,0.22406499202551833,snapshot_224.xyz,32,4000,16.757672110741936,4000,all,224
0.0770625,0.0996265,0.0,0.7735140750703879,0.22648592492961206,snapshot_225.xyz,32,4000,16.757672110741936,4000,all,225
0.0774168,0.100597,0.0,0.769573645337336,0.23042635466266403,snapshot_226.xyz,32,4000,16.757672110741936,4000,all,226
0.0785496,0.100389,0.0,0.7824522607058542,0.21754773929414584,snapshot_227.xyz,32,4000,16.757672110741936,4000,all,227
0.078125,0.0996958,0.0,0.7836338140623778,0.21636618593762225,snapshot_228.xyz,32,4000,16.757672110741936,4000,all,228
0.0779834,0.0996958,0.0,0.7822134934470659,0.21778650655293408,snapshot_229.xyz,32,4000,16.757672110741936,4000,all,229
0.0794691,0.10032,0.0,0.7921561004784688,0.20784389952153115,snapshot_230.xyz,32,4000,16.757672110741936,4000,all,230
0.0789034,0.100666,0.0,0.7838138000913912,0.21618619990860877,snapshot_231.xyz,32,4000,16.757672110741936,4000,all,231
0.0800344,0.0996958,0.0,0.8027860752408829,0.19721392475911714,snapshot_232.xyz,32,4000,16.757672110741936,4000,all,232
0.0789034,0.0996958,0.0,0.7914415652414645,0.20855843475853553,snapshot_233.xyz,32,4000,16.757672110741936,4000,all,233
0.0789034,0.0998345,0.0,0.7903420160365404,0.20965798396345958,snapshot_234.xyz,32,4000,16.757672110741936,4000,all,234
0.0798224,0.100458,0.0,0.7945848016086324,0.20541519839136757,snapshot_235.xyz,32,4000,16.757672110741936,4000,all,235
0.0796104,0.101151,0.0,0.78704511077498,0.21295488922502004,snapshot_236.xyz,32,4000,16.757672110741936,4000,all,236
0.0808818,0.100458,0.0,0.8051305022994685,0.19486949770053152,snapshot_237.xyz,32,4000,16.757672110741936,4000,all,237
0.0793984,0.0994878,0.0,0.7980717233670861,0.2019282766329139,snapshot_238.xyz,32,4000,16.757672110741936,4000,all,238
0.0793984,0.100181,0.0,0.7925494854313692,0.20745051456863084,snapshot_239.xyz,32,4000,16.757672110741936,4000,all,239
0.0795397,0.10025,0.0,0.7934134663341645,0.20658653366583546,snapshot_240.xyz,32,4000,16.757672110741936,4000,all,240
0.0789741,0.0996265,0.0,0.7927017410026449,0.2072982589973551,snapshot_241.xyz,32,4000,16.757672110741936,4000,all,241
0.0796104,0.10025,0.0,0.7941187032418952,0.20588129675810485,snapshot_242.xyz,32,4000,16.757672110741936,4000,all,242
0.0798224,0.0990716,0.0,0.8057041573972764,0.1942958426027236,snapshot_243.xyz,32,4000,16.757672110741936,4000,all,243
0.0803169,0.0990716,0.0,0.8106954969940932,0.18930450300590684,snapshot_244.xyz,32,4000,16.757672110741936,4000,all,244
0.0788326,0.100597,0.0,0.783647623686591,0.21635237631340898,snapshot_245.xyz,32,4000,16.757672110741936,4000,all,245
0.0798224,0.100181,0.0,0.7967818248969365,0.2032181751030635,snapshot_246.xyz,32,4000,16.757672110741936,4000,all,246
0.0801757,0.0996958,0.0,0.8042033867023486,0.1957966132976514,snapshot_247.xyz,32,4000,16.757672110741936,4000,all,247
0.0805994,0.0999732,0.0,0.8062100642972317,0.19378993570276826,snapshot_248.xyz,32,4000,16.757672110741936,4000,all,248
0.0793984,0.0992103,0.0,0.8003040006934763,0.1996959993065237,snapshot_249.xyz,32,4000,16.757672110741936,4000,all,249
0.0800344,0.0996958,0.0,0.8027860752408829,0.19721392475911714,snapshot_250.xyz,32,4000,16.757672110741936,4000,all,250
0.0805994,0.0987246,0.0,0.8164064478356965,0.1835935521643035,snapshot_251.xyz,32,4000,16.757672110741936,4000,all,251
0.0810935,0.0992797,0.0,0.816818543972232,0.18318145602776803,snapshot_252.xyz,32,4000,16.757672110741936,4000,all,252
0.0803169,0.100043,0.0,0.8028237857721179,0.19717621422788212,snapshot_253.xyz,32,4000,16.757672110741936,4000,all,253
0.0801757,0.0992103,0.0,0.8081388726775345,0.19186112732246552,snapshot_254.xyz,32,4000,16.757672110741936,4000,all,254
0.0808112,0.0999039,0.0,0.8088893426582946,0.1911106573417054,snapshot_255.xyz,32,4000,16.757672110741936,4000,all,255
0.081023,0.0997652,0.0,0.8121368974351778,0.1878631025648222,snapshot_256.xyz,32,4000,16.757672110741936,4000,all,256
0.0815168,0.100458,0.0,0.8114515518923331,0.1885484481076669,snapshot_257.xyz,32,4000,16.757672110741936,4000,all,257
0.080105,0.0992103,0.0,0.8074262450572168,0.19257375494278317,snapshot_258.xyz,32,4000,16.757672110741936,4000,all,258
0.0809524,0.10025,0.0,0.8075052369077306,0.19249476309226943,snapshot_259.xyz,32,4000,16.757672110741936,4000,all,259
0.081023,0.0990022,0.0,0.8183959548373673,0.18160404516263273,snapshot_260.xyz,32,4000,16.757672110741936,4000,all,260
0.0805994,0.100181,0.0,0.8045377866062426,0.19546221339375736,snapshot_261.xyz,32,4000,16.757672110741936,4000,all,261
0.0801757,0.0992797,0.0,0.8075739551993006,0.19242604480069936,snapshot_262.xyz,32,4000,16.757672110741936,4000,all,262
0.0811641,0.100181,0.0,0.8101745840029546,0.1898254159970454,snapshot_263.xyz,32,4000,16.757672110741936,4000,all,263
0.08067,0.100458,0.0,0.8030221585140058,0.19697784148599418,snapshot_264.xyz,32,4000,16.757672110741936,4000,all,264
0.0824334,0.100874,0.0,0.8171917441560759,0.18280825584392413,snapshot_265.xyz,32,4000,16.757672110741936,4000,all,265
0.0810935,0.100874,0.0,0.8039088367666594,0.19609116323334064,snapshot_266.xyz,32,4000,16.757672110741936,4000,all,266
0.0814463,0.100181,0.0,0.8129914854114053,0.1870085145885947,snapshot_267.xyz,32,4000,16.757672110741936,4000,all,267
0.0805994,0.100181,0.0,0.8045377866062426,0.19546221339375736,snapshot_268.xyz,32,4000,16.757672110741936,4000,all,268
0.0818695,0.100043,0.0,0.8183431124616414,0.18165688753835862,snapshot_269.xyz,32,4000,16.757672110741936,4000,all,269
0.0823629,0.0998345,0.0,0.8249943656751925,0.17500563432480754,snapshot_270.xyz,32,4000,16.757672110741936,4000,all,270
0.082081,0.0995572,0.0,0.8244607120328816,0.17553928796711837,snapshot_271.xyz,32,4000,16.757672110741936,4000,all,271
0.0820105,0.100805,0.0,0.8135558752046029,0.18644412479539707,snapshot_272.xyz,32,4000,16.757672110741936,4000,all,272
0.0823629,0.100528,0.0,0.8193030797389782,0.1806969202610218,snapshot_273.xyz,32,4000,16.757672110741936,4000,all,273
0.08067,0.100528,0.0,0.8024629953843705,0.1975370046156295,snapshot_274.xyz,32,4000,16.757672110741936,4000,all,274
0.0802463,0.101151,0.0,0.7933317515397772,0.2066682484602228,snapshot_275.xyz,32,4000,16.757672110741936,4000,all,275
0.082222,0.100389,0.0,0.8190339579037543,0.18096604209624567,snapshot_276.xyz,32,4000,16.757672110741936,4000,all,276
0.0822925,0.100181,0.0,0.8214381968636767,0.1785618031363233,snapshot_277.xyz,32,4000,16.757672110741936,4000,all,277
0.081023,0.100805,0.0,0.8037597341401715,0.19624026585982846,snapshot_278.xyz,32,4000,16.757672110741936,4000,all,278
0.0816579,0.0990716,0.0,0.8242311621090203,0.17576883789097975,snapshot_279.xyz,32,4000,16.757672110741936,4000,all,279
0.0826448,0.0992797,0.0,0.8324440948149522,0.16755590518504782,snapshot_280.xyz,32,4000,16.757672110741936,4000,all,280
0.0827857,0.0997652,0.0,0.8298053830393765,0.17019461696062355,snapshot_281.xyz,32,4000,16.757672110741936,4000,all,281
0.0832083,0.100666,0.0,0.8265779905827191,0.17342200941728092,snapshot_282.xyz,32,4000,16.757672110741936,4000,all,282
0.0812347,0.0999039,0.0,0.8131284164081682,0.18687158359183176,snapshot_283.xyz,32,4000,16.757672110741936,4000,all,283
0.0815168,0.0994878,0.0,0.8193647864361259,0.18063521356387413,snapshot_284.xyz,32,4000,16.757672110741936,4000,all,284
0.0822925,0.0999732,0.0,0.8231456030216099,0.17685439697839012,snapshot_285.xyz,32,4000,16.757672110741936,4000,all,285
0.082997,0.0999732,0.0,0.8301924915877456,0.16980750841225445,snapshot_286.xyz,32,4000,16.757672110741936,4000,all,286
0.0828562,0.10032,0.0,0.8259190590111642,0.17408094098883575,snapshot_287.xyz,32,4000,16.757672110741936,4000,all,287
0.0818695,0.100112,0.0,0.8177790874220872,0.18222091257791284,snapshot_288.xyz,32,4000,16.757672110741936,4000,all,288
0.0839122,0.0996265,0.0,0.8422678704963037,0.1577321295036963,snapshot_289.xyz,32,4000,16.757672110741936,4000,all,289
0.082081,0.10025,0.0,0.8187630922693266,0.18123690773067336,snapshot_290.xyz,32,4000,16.757672110741936,4000,all,290
0.0832083,0.0994184,0.0,0.8369507053020366,0.16304929469796337,snapshot_291.xyz,32,4000,16.757672110741936,4000,all,291
0.0821515,0.0999732,0.0,0.8217352250403108,0.17826477495968918,snapshot_292.xyz,32,4000,16.757672110741936,4000,all,292
0.0827857,0.0999732,0.0,0.8280789251519408,0.17192107484805919,snapshot_293.xyz,32,4000,16.757672110741936,4000,all,293
0.0833491,0.100528,0.0,0.8291132818717173,0.1708867181282827,snapshot_294.xyz,32,4000,16.757672110741936,4000,all,294
0.081799,0.101151,0.0,0.8086820693814197,0.19131793061858027,snapshot_295.xyz,32,4000,16.757672110741936,4000,all,295
0.0841233,0.100943,0.0,0.8333742805345591,0.1666257194654409,snapshot_296.xyz,32,4000,16.757672110741936,4000,all,296
0.082997,0.0999039,0.0,0.8307683684020344,0.16923163159796561,snapshot_297.xyz,32,4000,16.757672110741936,4000,all,297
0.0841233,0.100389,0.0,0.8379732839255296,0.1620267160744704,snapshot_298.xyz,32,4000,16.757672110741936,4000,all,298
0.0834899,0.100043,0.0,0.8345401477364733,0.16545985226352666,snapshot_299.xyz,32,4000,16.757672110741936,4000,all,299
0.0832083,0.10032,0.0,0.8294288277511961,0.17057117224880392,snapshot_300.xyz,32,4000,16.757672110741936,4000,all,300
0.0838418,0.100528,0.0,0.8340144039471589,0.16598559605284113,snapshot_301.xyz,32,4000,16.757672110741936,4000,all,301
0.0829266,0.100112,0.0,0.8283382611475147,0.17166173885248526,snapshot_302.xyz,32,4000,16.757672110741936,4000,all,302
0.0829266,0.101013,0.0,0.8209497787413501,0.1790502212586499,snapshot_303.xyz,32,4000,16.757672110741936,4000,all,303
0.0836307,0.100736,0.0,0.830196751905972,0.16980324809402803,snapshot_304.xyz,32,4000,16.757672110741936,4000,all,304
0.0844047,0.100389,0.0,0.840776379882258,0.15922362011774205,snapshot_305.xyz,32,4000,16.757672110741936,4000,all,305
0.0833491,0.100943,0.0,0.8257046055694797,0.17429539443052033,snapshot_306.xyz,32,4000,16.757672110741936,4000,all,306
0.0838418,0.0990716,0.0,0.846274815386044,0.153725184613956,snapshot_307.xyz,32,4000,16.757672110741936,4000,all,307
0.0841233,0.100736,0.0,0.8350867614358322,0.16491323856416784,snapshot_308.xyz,32,4000,16.757672110741936,4000,all,308
0.0831379,0.100389,0.0,0.8281574674516132,0.17184253254838677,snapshot_309.xyz,32,4000,16.757672110741936,4000,all,309
0.0837715,0.100112,0.0,0.8367778088540834,0.16322219114591663,snapshot_310.xyz,32,4000,16.757672110741936,4000,all,310
0.0838418,0.0996958,0.0,0.8409762497517448,0.1590237502482552,snapshot_311.xyz,32,4000,16.757672110741936,4000,all,311
0.0839122,0.100805,0.0,0.8324210108625565,0.1675789891374435,snapshot_312.xyz,32,4000,16.757672110741936,4000,all,312
0.0847563,0.0999732,0.0,0.8477902077756839,0.15220979222431608,snapshot_313.xyz,32,4000,16.757672110741936,4000,all,313
0.0840529,0.099141,0.0,0.847811702524687,0.15218829747531304,snapshot_314.xyz,32,4000,16.757672110741936,4000,all,314
0.0834899,0.0993491,0.0,0.8403689615708648,0.15963103842913517,snapshot_315.xyz,32,4000,16.757672110741936,4000,all,315
0.082997,0.0993491,0.0,0.83540766851436,0.16459233148564,snapshot_316.xyz,32,4000,16.757672110741936,4000,all,316
0.0849672,0.10032,0.0,0.8469617224880382,0.15303827751196175,snapshot_317.xyz,32,4000,16.757672110741936,4000,all,317
0.0837011,0.0996958,0.0,0.839564956597971,0.16043504340202897,snapshot_318.xyz,32,4000,16.757672110741936,4000,all,318
0.0844047,0.100528,0.0,0.8396138389304472,0.16038616106955284,snapshot_319.xyz,32,4000,16.757672110741936,4000,all,319
0.0848266,0.0999732,0.0,0.8484933962301897,0.1515066037698103,snapshot_320.xyz,32,4000,16.757672110741936,4000,all,320
0.0841233,0.0994878,0.0,0.8455639786988958,0.15443602130110423,snapshot_321.xyz,32,4000,16.757672110741936,4000,all,321
0.0839826,0.10025,0.0,0.8377316708229426,0.16226832917705736,snapshot_322.xyz,32,4000,16.757672110741936,4000,all,322
0.0853888,0.0996958,0.0,0.8564934530842824,0.14350654691571763,snapshot_323.xyz,32,4000,16.757672110741936,4000,all,323
0.0838418,0.0996958,0.0,0.8409762497517448,0.1590237502482552,snapshot_324.xyz,32,4000,16.757672110741936,4000,all,324
0.0837011,0.0998345,0.0,0.8383985495995873,0.16160145040041274,snapshot_325.xyz,32,4000,16.757672110741936,4000,all,325
0.0841233,0.0999039,0.0,0.8420422025566568,0.15795779744334315,snapshot_326.xyz,32,4000,16.757672110741936,4000,all,326
0.0851077,0.100112,0.0,0.8501248601566245,0.14987513984337553,snapshot_327.xyz,32,4000,16.757672110741936,4000,all,327
0.085178,0.100043,0.0,0.8514138920264286,0.1485861079735714,snapshot_328.xyz,32,4000,16.757672110741936,4000,all,328
0.0844047,0.100736,0.0,0.8378802017153748,0.1621197982846252,snapshot_329.xyz,32,4000,16.757672110741936,4000,all,329
0.0857401,0.100112,0.0,0.8564417852005753,0.14355821479942465,snapshot_330.xyz,32,4000,16.757672110741936,4000,all,330
0.0841936,0.100458,0.0,0.8380975133886798,0.16190248661132023,snapshot_331.xyz,32,4000,16.757672110741936,4000,all,331
0.0840529,0.0992103,0.0,0.8472194923309374,0.1527805076690626,snapshot_332.xyz,32,4000,16.757672110741936,4000,all,332
0.0838418,0.0998345,0.0,0.839807882044784,0.16019211795521604,snapshot_333.xyz,32,4000,16.757672110741936,4000,all,333
0.0846859,0.100666,0.0,0.8412562334849899,0.1587437665150101,snapshot_334.xyz,32,4000,16.757672110741936,4000,all,334
0.0851077,0.0995572,0.0,0.8548623303990067,0.14513766960099328,snapshot_335.xyz,32,4000,16.757672110741936,4000,all,335
0.0866528,0.0996958,0.0,0.8691720212887604,0.13082797871123963,snapshot_336.xyz,32,4000,16.757672110741936,4000,all,336
0.0848266,0.10032,0.0,0.845560207336523,0.15443979266347696,snapshot_337.xyz,32,4000,16.757672110741936,4000,all,337
0.0856698,0.10032,0.0,0.8539653110047847,0.14603468899521532,snapshot_338.xyz,32,4000,16.757672110741936,4000,all,338
0.085178,0.101082,0.0,0.8426623929087276,0.15733760709127242,snapshot_339.xyz,32,4000,16.757672110741936,4000,all,339
0.0838418,0.100597,0.0,0.8334423491754226,0.1665576508245774,snapshot_340.xyz,32,4000,16.757672110741936,4000,all,340
0.085178,0.100181,0.0,0.8502410636747487,0.14975893632525128,snapshot_341.xyz,32,4000,16.757672110741936,4000,all,341
0.0856698,0.100458,0.0,0.8527922116705489,0.14720778832945114,snapshot_342.xyz,32,4000,16.757672110741936,4000,all,342
0.0860912,0.100597,0.0,0.8558028569440441,0.14419714305595588,snapshot_343.xyz,32,4000,16.757672110741936,4000,all,343
0.0848969,0.100112,0.0,0.8480192184753076,0.1519807815246924,snapshot_344.xyz,32,4000,16.757672110741936,4000,all,344
0.0865826,0.101082,0.0,0.8565580419857145,0.1434419580142855,snapshot_345.xyz,32,4000,16.757672110741936,4000,all,345
0.0853888,0.100736,0.0,0.8476493011435832,0.15235069885641683,snapshot_346.xyz,32,4000,16.757672110741936,4000,all,346
0.0870737,0.0999732,0.0,0.8709704200725795,0.12902957992742048,snapshot_347.xyz,32,4000,16.757672110741936,4000,all,347
0.0862316,0.10122,0.0,0.8519225449515906,0.1480774550484094,snapshot_348.xyz,32,4000,16.757672110741936,4000,all,348
0.0861614,0.100389,0.0,0.858275309047804,0.14172469095219598,snapshot_349.xyz,32,4000,16.757672110741936,4000,all,349
0.0865124,0.101013,0.0,0.8564481799372358,0.14355182006276423,snapshot_350.xyz,32,4000,16.757672110741936,4000,all,350
0.0865826,0.100736,0.0,0.8595000794155018,0.14049992058449823,snapshot_351.xyz,32,4000,16.757672110741936,4000,all,351
0.0858805,0.0999039,0.0,0.8596311054923781,0.1403688945076219,snapshot_352.xyz,32,4000,16.757672110741936,4000,all,352
0.0859508,0.0996958,0.0,0.8621306012891214,0.13786939871087855,snapshot_353.xyz,32,4000,16.757672110741936,4000,all,353
0.087214,0.10032,0.0,0.8693580542264753,0.13064194577352473,snapshot_354.xyz,32,4000,16.757672110741936,4000,all,354
0.0856698,0.100736,0.0,0.8504387706480305,0.14956122935196947,snapshot_355.xyz,32,4000,16.757672110741936,4000,all,355
0.0861614,0.10032,0.0,0.858865629984051,0.14113437001594897,snapshot_356.xyz,32,4000,16.757672110741936,4000,all,356
0.0855996,0.0997652,0.0,0.85801060890972,0.14198939109027997,snapshot_357.xyz,32,4000,16.757672110741936,4000,all,357
0.0870737,0.100112,0.0,0.8697628655905386,0.13023713440946139,snapshot_358.xyz,32,4000,16.757672110741936,4000,all,358
0.0853186,0.100112,0.0,0.8522315007191944,0.1477684992808056,snapshot_359.xyz,32,4000,16.757672110741936,4000,all,359
0.0865124,0.101013,0.0,0.8564481799372358,0.14355182006276423,snapshot_360.xyz,32,4000,16.757672110741936,4000,all,360
0.0862316,0.0995572,0.0,0.8661513180362647,0.13384868196373534,snapshot_361.xyz,32,4000,16.757672110741936,4000,all,361
0.0869334,0.100458,0.0,0.8653706026399091,0.13462939736009094,snapshot_362.xyz,32,4000,16.757672110741936,4000,all,362
0.087214,0.100112,0.0,0.8711642959884929,0.12883570401150712,snapshot_363.xyz,32,4000,16.757672110741936,4000,all,363
0.0857401,0.100666,0.0,0.8517284882681342,0.1482715117318658,snapshot_364.xyz,32,4000,16.757672110741936,4000,all,364
0.0874945,0.100805,0.0,0.8679579385943157,0.1320420614056843,snapshot_365.xyz,32,4000,16.757672110741936,4000,all,365
0.0860912,0.0996958,0.0,0.8635388852890493,0.13646111471095068,snapshot_366.xyz,32,4000,16.757672110741936,4000,all,366
0.0870737,0.10025,0.0,0.8685655860349127,0.13143441396508726,snapshot_367.xyz,32,4000,16.757672110741936,4000,all,367
0.0865826,0.100043,0.0,0.8654538548424177,0.13454614515758234,snapshot_368.xyz,32,4000,16.757672110741936,4000,all,368
0.086372,0.0994184,0.0,0.8687727825030377,0.1312272174969623,snapshot_369.xyz,32,4000,16.757672110741936,4000,all,369
0.0859508,0.0999732,0.0,0.8597384098938515,0.14026159010614847,snapshot_370.xyz,32,4000,16.757672110741936,4000,all,370
0.0870036,0.0996265,0.0,0.8732977671603438,0.1267022328396562,snapshot_371.xyz,32,4000,16.757672110741936,4000,all,371
0.0855293,0.0999039,0.0,0.8561157272138525,0.14388427278614746,snapshot_372.xyz,32,4000,16.757672110741936,4000,all,372
0.0874945,0.100458,0.0,0.8709560214218878,0.12904397857811223,snapshot_373.xyz,32,4000,16.757672110741936,4000,all,373
0.0863018,0.0999039,0.0,0.8638481580799148,0.13615184192008523,snapshot_374.xyz,32,4000,16.757672110741936,4000,all,374
0.0869334,0.100736,0.0,0.8629824491740786,0.13701755082592137,snapshot_375.xyz,32,4000,16.757672110741936,4000,all,375
0.087214,0.0996265,0.0,0.8754096550616552,0.12459034493834475,snapshot_376.xyz,32,4000,16.757672110741936,4000,all,376
0.0872842,0.100597,0.0,0.8676620575166257,0.13233794248337427,snapshot_377.xyz,32,4000,16.757672110741936,4000,all,377
0.0873543,0.100043,0.0,0.8731675379586776,0.12683246204132237,snapshot_378.xyz,32,4000,16.757672110741936,4000,all,378
0.0865826,0.0997652,0.0,0.8678637440710789,0.1321362559289211,snapshot_379.xyz,32,4000,16.757672110741936,4000,all,379
0.0874945,0.100666,0.0,0.8691564182544255,0.13084358174557453,snapshot_380.xyz,32,4000,16.757672110741936,4000,all,380
0.086372,0.0996958,0.0,0.8663554532889048,0.13364454671109516,snapshot_381.xyz,32,4000,16.757672110741936,4000,all,381
0.087214,0.0997652,0.0,0.8741926042347432,0.1258073957652568,snapshot_382.xyz,32,4000,16.757672110741936,4000,all,382
0.0871439,0.100043,0.0,0.8710644422898153,0.12893555771018472,snapshot_383.xyz,32,4000,16.757672110741936,4000,all,383
0.0872842,0.101082,0.0,0.8634989414534734,0.1365010585465266,snapshot_384.xyz,32,4000,16.757672110741936,4000,all,384
0.0872842,0.100943,0.0,0.8646879922332406,0.13531200776675945,snapshot_385.xyz,32,4000,16.757672110741936,4000,all,385
0.0878451,0.10025,0.0,0.876260349127182,0.12373965087281802,snapshot_386.xyz,32,4000,16.757672110741936,4000,all,386
0.0867931,0.0999039,0.0,0.8687658840145379,0.13123411598546209,snapshot_387.xyz,32,4000,16.757672110741936,4000,all,387
0.0866528,0.0996265,0.0,0.8697766156594882,0.13022338434051184,snapshot_388.xyz,32,4000,16.757672110741936,4000,all,388
0.0873543,0.100181,0.0,0.8719647438136972,0.12803525618630285,snapshot_389.xyz,32,4000,16.757672110741936,4000,all,389
0.0879152,0.0999732,0.0,0.8793876758971404,0.1206123241028596,snapshot_390.xyz,32,4000,16.757672110741936,4000,all,390
0.0857401,0.100943,0.0,0.8493912406011312,0.15060875939886875,snapshot_391.xyz,32,4000,16.757672110741936,4000,all,391
0.0876348,0.100666,0.0,0.8705501360936164,0.12944986390638358,snapshot_392.xyz,32,4000,16.757672110741936,4000,all,392
0.0873543,0.101151,0.0,0.8636029302725627,0.13639706972743726,snapshot_393.xyz,32,4000,16.757672110741936,4000,all,393
0.0867229,0.100181,0.0,0.8656621515057745,0.13433784849422548,snapshot_394.xyz,32,4000,16.757672110741936,4000,all,394
0.0868633,0.100043,0.0,0.868259648351209,0.13174035164879105,snapshot_395.xyz,32,4000,16.757672110741936,4000,all,395
0.0886158,0.100389,0.0,0.8827242028509098,0.1172757971490902,snapshot_396.xyz,32,4000,16.757672110741936,4000,all,396
0.0867931,0.100528,0.0,0.8633723937609421,0.1366276062390579,snapshot_397.xyz,32,4000,16.757672110741936,4000,all,397
0.0865124,0.0995572,0.0,0.8689718071621139,0.13102819283788614,snapshot_398.xyz,32,4000,16.757672110741936,4000,all,398
0.087214,0.0999039,0.0,0.8729789327543769,0.12702106724562312,snapshot_399.xyz,32,4000,16.757672110741936,4000,all,399
0.0878451,0.100666,0.0,0.8726392227763097,0.12736077722369032,snapshot_400.xyz,32,4000,16.757672110741936,4000,all,400
0.087775,0.0997652,0.0,0.8798158075160477,0.12018419248395229,snapshot_401.xyz,32,4000,16.757672110741936,4000,all,401
0.0865826,0.100528,0.0,0.8612784497851343,0.13872155021486565,snapshot_402.xyz,32,4000,16.757672110741936,4000,all,402
0.0878451,0.100597,0.0,0.8732377705100549,0.1267622294899451,snapshot_403.xyz,32,4000,16.757672110741936,4000,all,403
0.0873543,0.101428,0.0,0.8612444295460818,0.13875557045391818,snapshot_404.xyz,32,4000,16.757672110741936,4000,all,404
0.0875647,0.100458,0.0,0.8716548209201854,0.12834517907981458,snapshot_405.xyz,32,4000,16.757672110741936,4000,all,405
0.0875647,0.100458,0.0,0.8716548209201854,0.12834517907981458,snapshot_406.xyz,32,4000,16.757672110741936,4000,all,406
0.0874244,0.10025,0.0,0.8720638403990024,0.12793615960099758,snapshot_407.xyz,32,4000,16.757672110741936,4000,all,407
0.0881955,0.100597,0.0,0.8767209757746254,0.12327902422537462,snapshot_408.xyz,32,4000,16.757672110741936,4000,all,408
0.0874244,0.100181,0.0,0.872664477296094,0.12733552270390602,snapshot_409.xyz,32,4000,16.757672110741936,4000,all,409
0.0875647,0.0999039,0.0,0.8764893062232805,0.12351069377671953,snapshot_410.xyz,32,4000,16.757672110741936,4000,all,410
0.0875647,0.0992797,0.0,0.882000046333742,0.11799995366625804,snapshot_411.xyz,32,4000,16.757672110741936,4000,all,411
0.0881955,0.100112,0.0,0.8809683154866549,0.11903168451334512,snapshot_412.xyz,32,4000,16.757672110741936,4000,all,412
0.0878451,0.0996265,0.0,0.8817443150165869,0.1182556849834131,snapshot_413.xyz,32,4000,16.757672110741936,4000,all,413
0.0883356,0.100112,0.0,0.8823677481221032,0.11763225187789683,snapshot_414.xyz,32,4000,16.757672110741936,4000,all,414
0.087775,0.10025,0.0,0.8755610972568578,0.12443890274314218,snapshot_415.xyz,32,4000,16.757672110741936,4000,all,415
0.0883356,0.100805,0.0,0.8763017707454986,0.12369822925450136,snapshot_416.xyz,32,4000,16.757672110741936,4000,all,416
0.0882656,0.101428,0.0,0.8702291280514256,0.1297708719485744,snapshot_417.xyz,32,4000,16.757672110741936,4000,all,417
0.0879852,0.10025,0.0,0.8776578553615959,0.1223421446384041,snapshot_418.xyz,32,4000,16.757672110741936,4000,all,418
0.0875647,0.100458,0.0,0.8716548209201854,0.12834517907981458,snapshot_419.xyz,32,4000,16.757672110741936,4000,all,419
0.0879852,0.10032,0.0,0.8770454545454545,0.12295454545454554,snapshot_420.xyz,32,4000,16.757672110741936,4000,all,420
0.0887559,0.100181,0.0,0.8859554206885536,0.1140445793114464,snapshot_421.xyz,32,4000,16.757672110741936,4000,all,421
0.089176,0.100736,0.0,0.8852445997458704,0.11475540025412956,snapshot_422.xyz,32,4000,16.757672110741936,4000,all,422
0.0886859,0.100181,0.0,0.8852566853994269,0.11474331460057308,snapshot_423.xyz,32,4000,16.757672110741936,4000,all,423
0.0886158,0.100112,0.0,0.8851666133929997,0.11483338660700027,snapshot_424.xyz,32,4000,16.757672110741936,4000,all,424
0.0881254,0.0994878,0.0,0.8857910216127003,0.11420897838729971,snapshot_425.xyz,32,4000,16.757672110741936,4000,all,425
0.0887559,0.100389,0.0,0.8841197740788332,0.11588022592116676,snapshot_426.xyz,32,4000,16.757672110741936,4000,all,426
0.0880553,0.100597,0.0,0.8753272960426255,0.12467270395737451,snapshot_427.xyz,32,4000,16.757672110741936,4000,all,427
0.088896,0.100597,0.0,0.8836844041074783,0.11631559589252172,snapshot_428.xyz,32,4000,16.757672110741936,4000,all,428
0.0876348,0.0994878,0.0,0.8808597637097212,0.11914023629027881,snapshot_429.xyz,32,4000,16.757672110741936,4000,all,429
0.0884757,0.100805,0.0,0.8776915827587917,0.12230841724120833,snapshot_430.xyz,32,4000,16.757672110741936,4000,all,430
0.0885458,0.100736,0.0,0.8789886435832274,0.12101135641677263,snapshot_431.xyz,32,4000,16.757672110741936,4000,all,431
0.0882656,0.100597,0.0,0.8774178156406254,0.12258218435937462,snapshot_432.xyz,32,4000,16.757672110741936,4000,all,432
0.088966,0.0997652,0.0,0.8917538380116514,0.10824616198834858,snapshot_433.xyz,32,4000,16.757672110741936,4000,all,433
0.0884757,0.100043,0.0,0.8843767180112552,0.11562328198874483,snapshot_434.xyz,32,4000,16.757672110741936,4000,all,434
0.089316,0.0999732,0.0,0.8933994310475208,0.10660056895247916,snapshot_435.xyz,32,4000,16.757672110741936,4000,all,435
0.088966,0.101013,0.0,0.8807381228158752,0.11926187718412484,snapshot_436.xyz,32,4000,16.757672110741936,4000,all,436
0.0886859,0.0997652,0.0,0.8889462457851034,0.1110537542148966,snapshot_437.xyz,32,4000,16.757672110741936,4000,all,437
0.0883356,0.0992103,0.0,0.890387389212612,0.10961261078738804,snapshot_438.xyz,32,4000,16.757672110741936,4000,all,438
0.0883356,0.100043,0.0,0.8829763201823215,0.11702367981767847,snapshot_439.xyz,32,4000,16.757672110741936,4000,all,439
0.0884757,0.099141,0.0,0.8924229128211335,0.10757708717886649,snapshot_440.xyz,32,4000,16.757672110741936,4000,all,440
0.0879152,0.10025,0.0,0.8769596009975061,0.12304039900249386,snapshot_441.xyz,32,4000,16.757672110741936,4000,all,441
0.089106,0.0996958,0.0,0.8937788753387806,0.10622112466121936,snapshot_442.xyz,32,4000,16.757672110741936,4000,all,442
0.089176,0.101636,0.0,0.877405643669566,0.12259435633043403,snapshot_443.xyz,32,4000,16.757672110741936,4000,all,443
0.088896,0.100528,0.0,0.8842909438166481,0.11570905618335192,snapshot_444.xyz,32,4000,16.757672110741936,4000,all,444
0.0885458,0.101082,0.0,0.875979897508953,0.124020102491047,snapshot_445.xyz,32,4000,16.757672110741936,4000,all,445
0.089106,0.100181,0.0,0.8894500953274573,0.11054990467254266,snapshot_446.xyz,32,4000,16.757672110741936,4000,all,446
0.089386,0.0999039,0.0,0.894719825752548,0.10528017424745195,snapshot_447.xyz,32,4000,16.757672110741936,4000,all,447
0.088896,0.100805,0.0,0.8818610187986706,0.11813898120132937,snapshot_448.xyz,32,4000,16.757672110741936,4000,all,448
0.0888259,0.100805,0.0,0.8811656167848817,0.1188343832151183,snapshot_449.xyz,32,4000,16.757672110741936,4000,all,449
0.089526,0.0998345,0.0,0.8967441115045399,0.10325588849546008,snapshot_450.xyz,32,4000,16.757672110741936,4000,all,450
0.0886859,0.100389,0.0,0.8834224865274083,0.11657751347259171,snapshot_451.xyz,32,4000,16.757672110741936,4000,all,451
0.0888259,0.0993491,0.0,0.8940785573296588,0.1059214426703412,snapshot_452.xyz,32,4000,16.757672110741936,4000,all,452
0.0877049,0.0999732,0.0,0.8772841121420542,0.12271588785794585,snapshot_453.xyz,32,4000,16.757672110741936,4000,all,453
0.088966,0.100597,0.0,0.884380249908049,0.11561975009195102,snapshot_454.xyz,32,4000,16.757672110741936,4000,all,454
0.0898059,0.100874,0.0,0.8902779705375021,0.10972202946249787,snapshot_455.xyz,32,4000,16.757672110741936,4000,all,455
0.088966,0.0995572,0.0,0.8936169357916857,0.10638306420831434,snapshot_456.xyz,32,4000,16.757672110741936,4000,all,456
0.089456,0.100458,0.0,0.8904815942981146,0.10951840570188542,snapshot_457.xyz,32,4000,16.757672110741936,4000,all,457
0.0887559,0.100666,0.0,0.8816869648143365,0.1183130351856635,snapshot_458.xyz,32,4000,16.757672110741936,4000,all,458
0.0883356,0.10032,0.0,0.8805382775119617,0.11946172248803832,snapshot_459.xyz,32,4000,16.757672110741936,4000,all,459
0.0886859,0.100112,0.0,0.8858668291513504,0.1141331708486496,snapshot_460.xyz,32,4000,16.757672110741936,4000,all,460
0.089526,0.100736,0.0,0.8887190279542566,0.11128097204574339,snapshot_461.xyz,32,4000,16.757672110741936,4000,all,461
0.089596,0.101151,0.0,0.885764846615456,0.11423515338454404,snapshot_462.xyz,32,4000,16.757672110741936,4000,all,462
0.0903654,0.100458,0.0,0.8995341336678014,0.10046586633219856,snapshot_463.xyz,32,4000,16.757672110741936,4000,all,463
0.089316,0.101151,0.0,0.8829967078921612,0.11700329210783877,snapshot_464.xyz,32,4000,16.757672110741936,4000,all,464
0.0888259,0.100458,0.0,0.8842093213084075,0.11579067869159254,snapshot_465.xyz,32,4000,16.757672110741936,4000,all,465
0.0896659,0.100943,0.0,0.888282496062134,0.11171750393786595,snapshot_466.xyz,32,4000,16.757672110741936,4000,all,466
0.089316,0.100112,0.0,0.8921607799264824,0.10783922007351765,snapshot_467.xyz,32,4000,16.757672110741936,4000,all,467
0.0898758,0.100458,0.0,0.8946604551155707,0.10533954488442931,snapshot_468.xyz,32,4000,16.757672110741936,4000,all,468
0.0896659,0.100597,0.0,0.8913377138483255,0.1086622861516745,snapshot_469.xyz,32,4000,16.757672110741936,4000,all,469
0.0896659,0.100666,0.0,0.8907267597798662,0.10927324022013385,snapshot_470.xyz,32,4000,16.757672110741936,4000,all,470
0.089526,0.100112,0.0,0.8942584305577752,0.10574156944222479,snapshot_471.xyz,32,4000,16.757672110741936,4000,all,471
0.0897359,0.0994878,0.0,0.9019789361107592,0.09802106388924081,snapshot_472.xyz,32,4000,16.757672110741936,4000,all,472
0.0898758,0.101082,0.0,0.8891375319047902,0.11086246809520983,snapshot_473.xyz,32,4000,16.757672110741936,4000,all,473
0.0903654,0.0996265,0.0,0.90704180112721,0.09295819887279,snapshot_474.xyz,32,4000,16.757672110741936,4000,all,474
0.0897359,0.10025,0.0,0.8951211970074812,0.10487880299251884,snapshot_475.xyz,32,4000,16.757672110741936,4000,all,475
0.0906451,0.100043,0.0,0.9060613936007517,0.09393860639924834,snapshot_476.xyz,32,4000,16.757672110741936,4000,all,476
0.0900857,0.10032,0.0,0.8979834529505581,0.10201654704944185,snapshot_477.xyz,32,4000,16.757672110741936,4000,all,477
0.089596,0.100458,0.0,0.8918752115311871,0.1081247884688129,snapshot_478.xyz,32,4000,16.757672110741936,4000,all,478
0.0902256,0.0998345,0.0,0.903751709078525,0.09624829092147502,snapshot_479.xyz,32,4000,16.757672110741936,4000,all,479
0.0907849,0.100112,0.0,0.90683334665175,0.09316665334825003,snapshot_480.xyz,32,4000,16.757672110741936,4000,all,480
0.089526,0.101428,0.0,0.8826556769333911,0.11734432306660891,snapshot_481.xyz,32,4000,16.757672110741936,4000,all,481
0.0884057,0.0993491,0.0,0.8898490273188182,0.11015097268118179,snapshot_482.xyz,32,4000,16.757672110741936,4000,all,482
0.0901556,0.100181,0.0,0.8999271318912767,0.10007286810872329,snapshot_483.xyz,32,4000,16.757672110741936,4000,all,483
0.089596,0.100181,0.0,0.8943412423513439,0.10565875764865607,snapshot_484.xyz,32,4000,16.757672110741936,4000,all,484
0.0903654,0.101151,0.0,0.8933712963786813,0.10662870362131871,snapshot_485.xyz,32,4000,16.757672110741936,4000,all,485
0.0902256,0.10032,0.0,0.8993779904306219,0.10062200956937806,snapshot_486.xyz,32,4000,16.757672110741936,4000,all,486
0.0899458,0.100597,0.0,0.8941201029851785,0.10587989701482148,snapshot_487.xyz,32,4000,16.757672110741936,4000,all,487
0.0901556,0.100874,0.0,0.893744671570474,0.10625532842952601,snapshot_488.xyz,32,4000,16.757672110741936,4000,all,488
0.090715,0.0998345,0.0,0.908653822075535,0.09134617792446498,snapshot_489.xyz,32,4000,16.757672110741936,4000,all,489
0.0902955,0.100112,0.0,0.9019448217995845,0.09805517820041554,snapshot_490.xyz,32,4000,16.757672110741936,4000,all,490
0.0910645,0.100666,0.0,0.9046202292730415,0.09537977072695847,snapshot_491.xyz,32,4000,16.757672110741936,4000,all,491
0.0911344,0.10032,0.0,0.9084370015948963,0.09156299840510373,snapshot_492.xyz,32,4000,16.757672110741936,4000,all,492
0.0904354,0.0999039,0.0,0.9052239201872999,0.09477607981270009,snapshot_493.xyz,32,4000,16.757672110741936,4000,all,493
0.0901556,0.10025,0.0,0.8993077306733167,0.10069226932668329,snapshot_494.xyz,32,4000,16.757672110741936,4000,all,494
0.0898059,0.0999039,0.0,0.898922864873143,0.10107713512685701,snapshot_495.xyz,32,4000,16.757672110741936,4000,all,495
0.0900857,0.100181,0.0,0.8992293947954203,0.1007706052045797,snapshot_496.xyz,32,4000,16.757672110741936,4000,all,496
0.0912042,0.10025,0.0,0.9097675810473815,0.09023241895261847,snapshot_497.xyz,32,4000,16.757672110741936,4000,all,497
0.0903654,0.10025,0.0,0.9014004987531171,0.09859950124688288,snapshot_498.xyz,32,4000,16.757672110741936,4000,all,498
0.0906451,0.0998345,0.0,0.9079536633127827,0.09204633668721729,snapshot_499.xyz,32,4000,16.757672110741936,4000,all,499
0.0906451,0.10032,0.0,0.9035596092503987,0.09644039074960131,snapshot_500.xyz,32,4000,16.757672110741936,4000,all,500
0.0911344,0.100597,0.0,0.9059355646788672,0.09406443532113284,snapshot_501.xyz,32,4000,16.757672110741936,4000,all,501
0.0912741,0.100666,0.0,0.9067023622672997,0.09329763773270028,snapshot_502.xyz,32,4000,16.757672110741936,4000,all,502
0.0912042,0.100043,0.0,0.9116499905040831,0.08835000949591687,snapshot_503.xyz,32,4000,16.757672110741936,4000,all,503
0.0905752,0.100943,0.0,0.8972905501124396,0.10270944988756037,snapshot_504.xyz,32,4000,16.757672110741936,4000,all,504
0.0908548,0.100181,0.0,0.9069064992363821,0.09309350076361789,snapshot_505.xyz,32,4000,16.757672110741936,4000,all,505
0.0908548,0.10025,0.0,0.906282294264339,0.09371770573566096,snapshot_506.xyz,32,4000,16.757672110741936,4000,all,506
0.0908548,0.0996265,0.0,0.9119541487455646,0.08804585125443543,snapshot_507.xyz,32,4000,16.757672110741936,4000,all,507
0.0910645,0.100528,0.0,0.9058620483845297,0.09413795161547034,snapshot_508.xyz,32,4000,16.757672110741936,4000,all,508
0.0900157,0.10025,0.0,0.8979122194513716,0.10208778054862844,snapshot_509.xyz,32,4000,16.757672110741936,4000,all,509
0.0909247,0.10025,0.0,0.9069795511221944,0.09302044887780558,snapshot_510.xyz,32,4000,16.757672110741936,4000,all,510
0.0909946,0.10025,0.0,0.9076768079800498,0.0923231920199502,snapshot_511.xyz,32,4000,16.757672110741936,4000,all,511
0.0912042,0.100181,0.0,0.9103941865223945,0.08960581347760554,snapshot_512.xyz,32,4000,16.757672110741936,4000,all,512
0.092182,0.100389,0.0,0.918248015220791,0.08175198477920897,snapshot_513.xyz,32,4000,16.757672110741936,4000,all,513
0.0914837,0.100736,0.0,0.9081529939644218,0.09184700603557816,snapshot_514.xyz,32,4000,16.757672110741936,4000,all,514
0.0912042,0.100805,0.0,0.9047586925251723,0.09524130747482773,snapshot_515.xyz,32,4000,16.757672110741936,4000,all,515
0.0923216,0.100805,0.0,0.9158434601458261,0.08415653985417393,snapshot_516.xyz,32,4000,16.757672110741936,4000,all,516
0.0926705,0.10032,0.0,0.9237490031897926,0.07625099681020742,snapshot_517.xyz,32,4000,16.757672110741936,4000,all,517
0.0921122,0.100043,0.0,0.9207260877822536,0.07927391221774638,snapshot_518.xyz,32,4000,16.757672110741936,4000,all,518
0.092531,0.100112,0.0,0.9242748122103244,0.07572518778967563,snapshot_519.xyz,32,4000,16.757672110741936,4000,all,519
0.0923914,0.101359,0.0,0.9115263568109393,0.0884736431890607,snapshot_520.xyz,32,4000,16.757672110741936,4000,all,520
0.0923914,0.100805,0.0,0.9165358861167601,0.08346411388323993,snapshot_521.xyz,32,4000,16.757672110741936,4000,all,521
0.0931589,0.100389,0.0,0.9279791610634631,0.07202083893653688,snapshot_522.xyz,32,4000,16.757672110741936,4000,all,522
0.0935076,0.100805,0.0,0.9276087495659937,0.0723912504340063,snapshot_523.xyz,32,4000,16.757672110741936,4000,all,523
0.0926705,0.0999039,0.0,0.9275964201597735,0.0724035798402265,snapshot_524.xyz,32,4000,16.757672110741936,4000,all,524
0.0928799,0.100874,0.0,0.9207516307472688,0.07924836925273115,snapshot_525.xyz,32,4000,16.757672110741936,4000,all,525
0.0939955,0.100389,0.0,0.9363127434280647,0.0636872565719353,snapshot_526.xyz,32,4000,16.757672110741936,4000,all,526
0.0930194,0.100597,0.0,0.9246736980228039,0.07532630197719614,snapshot_527.xyz,32,4000,16.757672110741936,4000,all,527
0.0937167,0.100458,0.0,0.9328943439049154,0.06710565609508456,snapshot_528.xyz,32,4000,16.757672110741936,4000,all,528
0.0935773,0.101013,0.0,0.9263886826448081,0.07361131735519189,snapshot_529.xyz,32,4000,16.757672110741936,4000,all,529
0.0941349,0.10025,0.0,0.9390014962593515,0.060998503740648524,snapshot_530.xyz,32,4000,16.757672110741936,4000,all,530
0.0937864,0.100943,0.0,0.9291025628324896,0.0708974371675104,snapshot_531.xyz,32,4000,16.757672110741936,4000,all,531
0.0939258,0.100043,0.0,0.9388542926541587,0.06114570734584135,snapshot_532.xyz,32,4000,16.757672110741936,4000,all,532
0.0938561,0.100943,0.0,0.9297930515241274,0.07020694847587261,snapshot_533.xyz,32,4000,16.757672110741936,4000,all,533
0.0942742,0.100528,0.0,0.9377904663377367,0.06220953366226334,snapshot_534.xyz,32,4000,16.757672110741936,4000,all,534
0.0938561,0.0998345,0.0,0.940116893458674,0.059883106541326,snapshot_535.xyz,32,4000,16.757672110741936,4000,all,535
0.0935773,0.100389,0.0,0.9321469483708374,0.06785305162916255,snapshot_536.xyz,32,4000,16.757672110741936,4000,all,536
0.0945529,0.100943,0.0,0.9366959571243176,0.06330404287568236,snapshot_537.xyz,32,4000,16.757672110741936,4000,all,537
0.0941349,0.101013,0.0,0.9319087642184668,0.0680912357815332,snapshot_538.xyz,32,4000,16.757672110741936,4000,all,538
0.0942742,0.100666,0.0,0.9365048775157451,0.06349512248425493,snapshot_539.xyz,32,4000,16.757672110741936,4000,all,539
0.0941349,0.100943,0.0,0.9325550062906788,0.06744499370932122,snapshot_540.xyz,32,4000,16.757672110741936,4000,all,540
0.0942046,0.101774,0.0,0.9256254053098041,0.07437459469019592,snapshot_541.xyz,32,4000,16.757672110741936,4000,all,541
0.0946226,0.100528,0.0,0.9412561674359382,0.05874383256406179,snapshot_542.xyz,32,4000,16.757672110741936,4000,all,542
0.0942742,0.0999039,0.0,0.9436488465415264,0.056351153458473635,snapshot_543.xyz,32,4000,16.757672110741936,4000,all,543
0.0942046,0.100043,0.0,0.9416410943294383,0.05835890567056168,snapshot_544.xyz,32,4000,16.757672110741936,4000,all,544
0.0943439,0.100805,0.0,0.9359049650314963,0.06409503496850366,snapshot_545.xyz,32,4000,16.757672110741936,4000,all,545
0.0937167,0.100528,0.0,0.9322447477319751,0.06775525226802492,snapshot_546.xyz,32,4000,16.757672110741936,4000,all,546
0.0952493,0.100805,0.0,0.944886662367938,0.055113337632062054,snapshot_547.xyz,32,4000,16.757672110741936,4000,all,547
0.0940652,0.100805,0.0,0.9331402212191855,0.0668597787808145,snapshot_548.xyz,32,4000,16.757672110741936,4000,all,548
0.0944136,0.100043,0.0,0.9437301960157132,0.056269803984286826,snapshot_549.xyz,32,4000,16.757672110741936,4000,all,549
0.0939258,0.100389,0.0,0.9356184442518602,0.06438155574813975,snapshot_550.xyz,32,4000,16.757672110741936,4000,all,550
0.0942046,0.0999732,0.0,0.94229853600765,0.05770146399234999,snapshot_551.xyz,32,4000,16.757672110741936,4000,all,551
0.093647,0.100666,0.0,0.9302743726779646,0.06972562732203536,snapshot_552.xyz,32,4000,16.757672110741936,4000,all,552
0.0942742,0.10122,0.0,0.9313791740762695,0.06862082592373053,snapshot_553.xyz,32,4000,16.757672110741936,4000,all,553
0.0944833,0.100736,0.0,0.9379298364040661,0.06207016359593387,snapshot_554.xyz,32,4000,16.757672110741936,4000,all,554
0.0935773,0.100458,0.0,0.9315066993171275,0.06849330068287252,snapshot_555.xyz,32,4000,16.757672110741936,4000,all,555
0.0941349,0.10025,0.0,0.9390014962593515,0.060998503740648524,snapshot_556.xyz,32,4000,16.757672110741936,4000,all,556
0.0943439,0.100666,0.0,0.9371972662070609,0.0628027337929391,snapshot_557.xyz,32,4000,16.757672110741936,4000,all,557
0.0944136,0.100874,0.0,0.9359557467732021,0.06404425322679785,snapshot_558.xyz,32,4000,16.757672110741936,4000,all,558
0.0942046,0.0996958,0.0,0.9449204480028246,0.0550795519971754,snapshot_559.xyz,32,4000,16.757672110741936,4000,all,559
0.0937167,0.10032,0.0,0.9341776315789473,0.06582236842105271,snapshot_560.xyz,32,4000,16.757672110741936,4000,all,560
0.0937864,0.100458,0.0,0.9335881661988095,0.06641183380119053,snapshot_561.xyz,32,4000,16.757672110741936,4000,all,561
0.0934378,0.100666,0.0,0.928196213219955,0.07180378678004495,snapshot_562.xyz,32,4000,16.757672110741936,4000,all,562
0.0945529,0.100805,0.0,0.9379782748871582,0.062021725112841763,snapshot_563.xyz,32,4000,16.757672110741936,4000,all,563
0.0931589,0.100736,0.0,0.9247826000635324,0.07521739993646759,snapshot_564.xyz,32,4000,16.757672110741936,4000,all,564
0.0935773,0.10032,0.0,0.9327880781499203,0.06721192185007974,snapshot_565.xyz,32,4000,16.757672110741936,4000,all,565
0.0942742,0.101013,0.0,0.9332877946402938,0.06671220535970623,snapshot_566.xyz,32,4000,16.757672110741936,4000,all,566
0.0942742,0.100874,0.0,0.9345738247714971,0.06542617522850291,snapshot_567.xyz,32,4000,16.757672110741936,4000,all,567
0.0934378,0.101013,0.0,0.9250076722798055,0.07499232772019448,snapshot_568.xyz,32,4000,16.757672110741936,4000,all,568
0.0948315,0.0996958,0.0,0.9512085764896816,0.0487914235103184,snapshot_569.xyz,32,4000,16.757672110741936,4000,all,569
0.0946922,0.100943,0.0,0.9380759438494992,0.061924056150500784,snapshot_570.xyz,32,4000,16.757672110741936,4000,all,570
0.0943439,0.100736,0.0,0.9365460212833544,0.0634539787166456,snapshot_571.xyz,32,4000,16.757672110741936,4000,all,571
0.0941349,0.100458,0.0,0.9370572776682792,0.06294272233172082,snapshot_572.xyz,32,4000,16.757672110741936,4000,all,572
0.0946226,0.100389,0.0,0.9425594437637589,0.057440556236241114,snapshot_573.xyz,32,4000,16.757672110741936,4000,all,573
0.0940652,0.100943,0.0,0.931864517599041,0.06813548240095901,snapshot_574.xyz,32,4000,16.757672110741936,4000,all,574
0.0935773,0.100597,0.0,0.9302195890533514,0.06978041094664855,snapshot_575.xyz,32,4000,16.757672110741936,4000,all,575
0.0945529,0.100805,0.0,0.9379782748871582,0.062021725112841763,snapshot_576.xyz,32,4000,16.757672110741936,4000,all,576
0.0940652,0.100112,0.0,0.939599648393799,0.06040035160620105,snapshot_577.xyz,32,4000,16.757672110741936,4000,all,577
0.0942742,0.100597,0.0,0.9371472310307464,0.06285276896925363,snapshot_578.xyz,32,4000,16.757672110741936,4000,all,578
0.0937864,0.10032,0.0,0.934872408293461,0.06512759170653903,snapshot_579.xyz,32,4000,16.757672110741936,4000,all,579
0.093647,0.100805,0.0,0.9289916174792916,0.0710083825207084,snapshot_580.xyz,32,4000,16.757672110741936,4000,all,580
0.0939955,0.0997652,0.0,0.9421672086058064,0.05783279139419362,snapshot_581.xyz,32,4000,16.757672110741936,4000,all,581
0.0949011,0.100736,0.0,0.9420773109911055,0.05792268900889452,snapshot_582.xyz,32,4000,16.757672110741936,4000,all,582
0.093647,0.10032,0.0,0.9334828548644337,0.06651714513556628,snapshot_583.xyz,32,4000,16.757672110741936,4000,all,583
0.0939258,0.100666,0.0,0.9330439274432281,0.06695607255677194,snapshot_584.xyz,32,4000,16.757672110741936,4000,all,584
0.0939258,0.100389,0.0,0.9356184442518602,0.06438155574813975,snapshot_585.xyz,32,4000,16.757672110741936,4000,all,585
0.0944136,0.100181,0.0,0.9424302013355825,0.05756979866441747,snapshot_586.xyz,32,4000,16.757672110741936,4000,all,586
0.0938561,0.100528,0.0,0.9336314260703484,0.06636857392965156,snapshot_587.xyz,32,4000,16.757672110741936,4000,all,587
0.0942046,0.10032,0.0,0.9390410685805421,0.06095893141945785,snapshot_588.xyz,32,4000,16.757672110741936,4000,all,588
0.0941349,0.100943,0.0,0.9325550062906788,0.06744499370932122,snapshot_589.xyz,32,4000,16.757672110741936,4000,all,589
0.0941349,0.100458,0.0,0.9370572776682792,0.06294272233172082,snapshot_590.xyz,32,4000,16.757672110741936,4000,all,590
0.0941349,0.10122,0.0,0.930002963841138,0.06999703615886199,snapshot_591.xyz,32,4000,16.757672110741936,4000,all,591
0.0933681,0.100043,0.0,0.9332796897334146,0.06672031026658543,snapshot_592.xyz,32,4000,16.757672110741936,4000,all,592
0.0938561,0.100874,0.0,0.9304290501021075,0.06957094989789248,snapshot_593.xyz,32,4000,16.757672110741936,4000,all,593
0.093647,0.100736,0.0,0.9296279383735704,0.07037206162642962,snapshot_594.xyz,32,4000,16.757672110741936,4000,all,594
0.0941349,0.100112,0.0,0.9402958686271374,0.05970413137286257,snapshot_595.xyz,32,4000,16.757672110741936,4000,all,595
0.0939955,0.100736,0.0,0.9330874761753494,0.06691252382465063,snapshot_596.xyz,32,4000,16.757672110741936,4000,all,596
0.0931589,0.100874,0.0,0.9235174574221305,0.07648254257786946,snapshot_597.xyz,32,4000,16.757672110741936,4000,all,597
0.0949708,0.100943,0.0,0.9408359172998622,0.05916408270013784,snapshot_598.xyz,32,4000,16.757672110741936,4000,all,598
0.093647,0.10032,0.0,0.9334828548644337,0.06651714513556628,snapshot_599.xyz,32,4000,16.757672110741936,4000,all,599
0.093647,0.100874,0.0,0.9283561670995498,0.07164383290045018,snapshot_600.xyz,32,4000,16.757672110741936,4000,all,600
0.0939258,0.100874,0.0,0.9311200111029602,0.06887998889703983,snapshot_601.xyz,32,4000,16.757672110741936,4000,all,601
0.0940652,0.101151,0.0,0.9299482951231327,0.0700517048768673,snapshot_602.xyz,32,4000,16.757672110741936,4000,all,602
0.0943439,0.100943,0.0,0.9346254817074982,0.06537451829250185,snapshot_603.xyz,32,4000,16.757672110741936,4000,all,603
0.0945529,0.100666,0.0,0.9392734388969463,0.060726561103053744,snapshot_604.xyz,32,4000,16.757672110741936,4000,all,604
0.0941349,0.100528,0.0,0.9364047827470953,0.06359521725290473,snapshot_605.xyz,32,4000,16.757672110741936,4000,all,605
0.0942046,0.10122,0.0,0.9306915629322268,0.06930843706777323,snapshot_606.xyz,32,4000,16.757672110741936,4000,all,606
0.0939955,0.100597,0.0,0.934376770679046,0.06562322932095399,snapshot_607.xyz,32,4000,16.757672110741936,4000,all,607
0.0943439,0.100805,0.0,0.9359049650314963,0.06409503496850366,snapshot_608.xyz,32,4000,16.757672110741936,4000,all,608
0.0931589,0.10025,0.0,0.9292658354114713,0.07073416458852866,snapshot_609.xyz,32,4000,16.757672110741936,4000,all,609
0.0939955,0.101013,0.0,0.9305287438250521,0.06947125617494787,snapshot_610.xyz,32,4000,16.757672110741936,4000,all,610
0.0935076,0.100666,0.0,0.928889595295333,0.07111040470466701,snapshot_611.xyz,32,4000,16.757672110741936,4000,all,611
0.0942742,0.100528,0.0,0.9377904663377367,0.06220953366226334,snapshot_612.xyz,32,4000,16.757672110741936,4000,all,612
0.0940652,0.100112,0.0,0.939599648393799,0.06040035160620105,snapshot_613.xyz,32,4000,16.757672110741936,4000,all,613
0.0944833,0.100736,0.0,0.9379298364040661,0.06207016359593387,snapshot_614.xyz,32,4000,16.757672110741936,4000,all,614
0.0941349,0.100805,0.0,0.9338316551758344,0.06616834482416556,snapshot_615.xyz,32,4000,16.757672110741936,4000,all,615
0.0939258,0.101013,0.0,0.9298387336283449,0.0701612663716551,snapshot_616.xyz,32,4000,16.757672110741936,4000,all,616
0.0941349,0.100528,0.0,0.9364047827470953,0.06359521725290473,snapshot_617.xyz,32,4000,16.757672110741936,4000,all,617
0.0946922,0.100874,0.0,0.9387176081051609,0.06128239189483908,snapshot_618.xyz,32,4000,16.757672110741936,4000,all,618
0.0945529,0.100805,0.0,0.9379782748871582,0.062021725112841763,snapshot_619.xyz,32,4000,16.757672110741936,4000,all,619
0.0933681,0.100112,0.0,0.9326364471791593,0.06736355282084072,snapshot_620.xyz,32,4000,16.757672110741936,4000,all,620
0.0940652,0.100943,0.0,0.931864517599041,0.06813548240095901,snapshot_621.xyz,32,4000,16.757672110741936,4000,all,621
0.0935773,0.10122,0.0,0.9244941711124284,0.07550582888757162,snapshot_622.xyz,32,4000,16.757672110741936,4000,all,622
0.0942742,0.101151,0.0,0.9320145129558778,0.06798548704412222,snapshot_623.xyz,32,4000,16.757672110741936,4000,all,623
0.0942742,0.100458,0.0,0.9384439268151864,0.0615560731848136,snapshot_624.xyz,32,4000,16.757672110741936,4000,all,624
0.093647,0.10122,0.0,0.925182770203517,0.07481722979648298,snapshot_625.xyz,32,4000,16.757672110741936,4000,all,625
0.0941349,0.100458,0.0,0.9370572776682792,0.06294272233172082,snapshot_626.xyz,32,4000,16.757672110741936,4000,all,626
0.0939955,0.100943,0.0,0.9311740289074031,0.06882597109259692,snapshot_627.xyz,32,4000,16.757672110741936,4000,all,627
0.0947619,0.100805,0.0,0.9400515847428202,0.059948415257179755,snapshot_628.xyz,32,4000,16.757672110741936,4000,all,628
0.0930891,0.100597,0.0,0.9253665616270862,0.07463343837291381,snapshot_629.xyz,32,4000,16.757672110741936,4000,all,629
0.0939258,0.100458,0.0,0.9349758107865974,0.06502418921340258,snapshot_630.xyz,32,4000,16.757672110741936,4000,all,630
0.0940652,0.100736,0.0,0.9337793837357051,0.06622061626429487,snapshot_631.xyz,32,4000,16.757672110741936,4000,all,631
0.0940652,0.101082,0.0,0.9305830909558576,0.06941690904414244,snapshot_632.xyz,32,4000,16.757672110741936,4000,all,632
0.0940652,0.100943,0.0,0.931864517599041,0.06813548240095901,snapshot_633.xyz,32,4000,16.757672110741936,4000,all,633
0.0949708,0.10122,0.0,0.9382612131989725,0.06173878680102751,snapshot_634.xyz,32,4000,16.757672110741936,4000,all,634
0.0949011,0.10032,0.0,0.9459838516746412,0.05401614832535884,snapshot_635.xyz,32,4000,16.757672110741936,4000,all,635
0.0935076,0.10032,0.0,0.9320933014354066,0.06790669856459342,snapshot_636.xyz,32,4000,16.757672110741936,4000,all,636
0.0940652,0.100597,0.0,0.9350696342833285,0.06493036571667155,snapshot_637.xyz,32,4000,16.757672110741936,4000,all,637
0.0939258,0.100458,0.0,0.9349758107865974,0.06502418921340258,snapshot_638.xyz,32,4000,16.757672110741936,4000,all,638
0.093647,0.101082,0.0,0.9264458558398131,0.07355414416018691,snapshot_639.xyz,32,4000,16.757672110741936,4000,all,639
0.0941349,0.100389,0.0,0.9377013417804738,0.06229865821952618,snapshot_640.xyz,32,4000,16.757672110741936,4000,all,640
0.0947619,0.0999732,0.0,0.9478730299720325,0.05212697002796751,snapshot_641.xyz,32,4000,16.757672110741936,4000,all,641
0.0944136,0.100389,0.0,0.9404775423602187,0.05952245763978126,snapshot_642.xyz,32,4000,16.757672110741936,4000,all,642
0.0937864,0.100043,0.0,0.9374608918165189,0.06253910818348107,snapshot_643.xyz,32,4000,16.757672110741936,4000,all,643
0.093647,0.100805,0.0,0.9289916174792916,0.0710083825207084,snapshot_644.xyz,32,4000,16.757672110741936,4000,all,644
0.0949708,0.100181,0.0,0.9479921342370309,0.05200786576296912,snapshot_645.xyz,32,4000,16.757672110741936,4000,all,645
0.0940652,0.100528,0.0,0.9357114435779086,0.06428855642209141,snapshot_646.xyz,32,4000,16.757672110741936,4000,all,646
0.0944833,0.100597,0.0,0.9392258218435937,0.06077417815640629,snapshot_647.xyz,32,4000,16.757672110741936,4000,all,647
0.0938561,0.101151,0.0,0.927881088669415,0.07211891133058501,snapshot_648.xyz,32,4000,16.757672110741936,4000,all,648
0.093647,0.0997652,0.0,0.9386740065674203,0.06132599343257972,snapshot_649.xyz,32,4000,16.757672110741936,4000,all,649
0.0943439,0.100666,0.0,0.9371972662070609,0.0628027337929391,snapshot_650.xyz,32,4000,16.757672110741936,4000,all,650
0.0940652,0.100736,0.0,0.9337793837357051,0.06622061626429487,snapshot_651.xyz,32,4000,16.757672110741936,4000,all,651
0.0941349,0.100597,0.0,0.9357624978876108,0.06423750211238921,snapshot_652.xyz,32,4000,16.757672110741936,4000,all,652
0.0946226,0.100943,0.0,0.9373864458159555,0.06261355418404446,snapshot_653.xyz,32,4000,16.757672110741936,4000,all,653
0.0935773,0.10032,0.0,0.9327880781499203,0.06721192185007974,snapshot_654.xyz,32,4000,16.757672110741936,4000,all,654
0.0939955,0.100389,0.0,0.9363127434280647,0.0636872565719353,snapshot_655.xyz,32,4000,16.757672110741936,4000,all,655
0.0944833,0.100528,0.0,0.9398704838452968,0.06012951615470319,snapshot_656.xyz,32,4000,16.757672110741936,4000,all,656
0.0942046,0.100389,0.0,0.9383956409566785,0.06160435904332151,snapshot_657.xyz,32,4000,16.757672110741936,4000,all,657
0.0941349,0.100943,0.0,0.9325550062906788,0.06744499370932122,snapshot_658.xyz,32,4000,16.757672110741936,4000,all,658
0.0939258,0.100874,0.0,0.9311200111029602,0.06887998889703983,snapshot_659.xyz,32,4000,16.757672110741936,4000,all,659
0.0944833,0.100736,0.0,0.9379298364040661,0.06207016359593387,snapshot_660.xyz,32,4000,16.757672110741936,4000,all,660
0.0935773,0.100666,0.0,0.9295819839866489,0.07041801601335107,snapshot_661.xyz,32,4000,16.757672110741936,4000,all,661
0.0939955,0.100943,0.0,0.9311740289074031,0.06882597109259692,snapshot_662.xyz,32,4000,16.757672110741936,4000,all,662
0.0940652,0.101013,0.0,0.9312187540217596,0.06878124597824042,snapshot_663.xyz,32,4000,16.757672110741936,4000,all,663
0.0938561,0.101013,0.0,0.9291487234316375,0.07085127656836254,snapshot_664.xyz,32,4000,16.757672110741936,4000,all,664
0.0942742,0.100666,0.0,0.9365048775157451,0.06349512248425493,snapshot_665.xyz,32,4000,16.757672110741936,4000,all,665
0.0945529,0.100181,0.0,0.9438206845609446,0.05617931543905541,snapshot_666.xyz,32,4000,16.757672110741936,4000,all,666
0.0938561,0.100874,0.0,0.9304290501021075,0.06957094989789248,snapshot_667.xyz,32,4000,16.757672110741936,4000,all,667
0.0944136,0.101567,0.0,0.9295696436834798,0.07043035631652017,snapshot_668.xyz,32,4000,16.757672110741936,4000,all,668
0.0946226,0.10032,0.0,0.9432077352472089,0.05679226475279109,snapshot_669.xyz,32,4000,16.757672110741936,4000,all,669
0.0944833,0.101013,0.0,0.9353578252304159,0.06464217476958412,snapshot_670.xyz,32,4000,16.757672110741936,4000,all,670
0.0932286,0.101151,0.0,0.9216774920663166,0.07832250793368345,snapshot_671.xyz,32,4000,16.757672110741936,4000,all,671
0.0941349,0.0994184,0.0,0.9468559139957995,0.05314408600420051,snapshot_672.xyz,32,4000,16.757672110741936,4000,all,672
0.0937167,0.10122,0.0,0.9258713692946058,0.07412863070539422,snapshot_673.xyz,32,4000,16.757672110741936,4000,all,673
0.0944833,0.100043,0.0,0.9444268964345331,0.05557310356546685,snapshot_674.xyz,32,4000,16.757672110741936,4000,all,674
0.0939955,0.10025,0.0,0.9376109725685785,0.062389027431421495,snapshot_675.xyz,32,4000,16.757672110741936,4000,all,675
0.0945529,0.100389,0.0,0.9418651445875543,0.058134855412445674,snapshot_676.xyz,32,4000,16.757672110741936,4000,all,676
0.0939258,0.10129,0.0,0.927295883107908,0.072704116892092,snapshot_677.xyz,32,4000,16.757672110741936,4000,all,677
0.0948315,0.100736,0.0,0.9413863961245235,0.05861360387547654,snapshot_678.xyz,32,4000,16.757672110741936,4000,all,678
0.0941349,0.100666,0.0,0.9351210935171755,0.06487890648282446,snapshot_679.xyz,32,4000,16.757672110741936,4000,all,679
0.0944833,0.0998345,0.0,0.9463992908263176,0.053600709173682426,snapshot_680.xyz,32,4000,16.757672110741936,4000,all,680
0.0935773,0.10129,0.0,0.9238552670549905,0.07614473294500945,snapshot_681.xyz,32,4000,16.757672110741936,4000,all,681
0.0944833,0.100874,0.0,0.9366467077740548,0.06335329222594521,snapshot_682.xyz,32,4000,16.757672110741936,4000,all,682
0.0939955,0.100597,0.0,0.934376770679046,0.06562322932095399,snapshot_683.xyz,32,4000,16.757672110741936,4000,all,683
0.0949011,0.100528,0.0,0.944026539869489,0.055973460130510966,snapshot_684.xyz,32,4000,16.757672110741936,4000,all,684
0.0942742,0.100528,0.0,0.9377904663377367,0.06220953366226334,snapshot_685.xyz,32,4000,16.757672110741936,4000,all,685
0.0943439,0.10129,0.0,0.9314236351071181,0.06857636489288188,snapshot_686.xyz,32,4000,16.757672110741936,4000,all,686
0.0946226,0.10025,0.0,0.9438663341645885,0.05613366583541146,snapshot_687.xyz,32,4000,16.757672110741936,4000,all,687
0.0944136,0.101082,0.0,0.9340297975900753,0.06597020240992468,snapshot_688.xyz,32,4000,16.757672110741936,4000,all,688
0.0937167,0.100458,0.0,0.9328943439049154,0.06710565609508456,snapshot_689.xyz,32,4000,16.757672110741936,4000,all,689
0.0946922,0.100112,0.0,0.9458626338500878,0.05413736614991216,snapshot_690.xyz,32,4000,16.757672110741936,4000,all,690
0.0938561,0.0999732,0.0,0.9388126017772763,0.06118739822272368,snapshot_691.xyz,32,4000,16.757672110741936,4000,all,691
0.0935076,0.0999732,0.0,0.9353266675469025,0.06467333245309748,snapshot_692.xyz,32,4000,16.757672110741936,4000,all,692
0.0940652,0.100458,0.0,0.9363634553743853,0.06363654462561474,snapshot_693.xyz,32,4000,16.757672110741936,4000,all,693
0.0944136,0.0999732,0.0,0.9443890962778024,0.05561090372219757,snapshot_694.xyz,32,4000,16.757672110741936,4000,all,694
0.0942742,0.100666,0.0,0.9365048775157451,0.06349512248425493,snapshot_695.xyz,32,4000,16.757672110741936,4000,all,695
0.0947619,0.100458,0.0,0.9432986919906826,0.056701308009317386,snapshot_696.xyz,32,4000,16.757672110741936,4000,all,696
0.0942046,0.100736,0.0,0.9351631988564167,0.06483680114358326,snapshot_697.xyz,32,4000,16.757672110741936,4000,all,697
0.0946922,0.100597,0.0,0.9413024245255822,0.058697575474417785,snapshot_698.xyz,32,4000,16.757672110741936,4000,all,698
0.0939258,0.100805,0.0,0.9317573533058876,0.0682426466941124,snapshot_699.xyz,32,4000,16.757672110741936,4000,all,699
0.0941349,0.0996958,0.0,0.9442213212592706,0.05577867874072939,snapshot_700.xyz,32,4000,16.757672110741936,4000,all,700
0.0939955,0.10032,0.0,0.9369567384370014,0.06304326156299855,snapshot_701.xyz,32,4000,16.757672110741936,4000,all,701
0.0944136,0.10032,0.0,0.9411244019138756,0.058875598086124414,snapshot_702.xyz,32,4000,16.757672110741936,4000,all,702
0.0941349,0.101013,0.0,0.9319087642184668,0.0680912357815332,snapshot_703.xyz,32,4000,16.757672110741936,4000,all,703
0.0946922,0.100597,0.0,0.9413024245255822,0.058697575474417785,snapshot_704.xyz,32,4000,16.757672110741936,4000,all,704
0.0946226,0.100736,0.0,0.9393126588310038,0.06068734116899621,snapshot_705.xyz,32,4000,16.757672110741936,4000,all,705
0.0937864,0.10032,0.0,0.934872408293461,0.06512759170653903,snapshot_706.xyz,32,4000,16.757672110741936,4000,all,706
0.0937167,0.101359,0.0,0.9246016633944691,0.07539833660553086,snapshot_707.xyz,32,4000,16.757672110741936,4000,all,707
0.0939955,0.100666,0.0,0.9337363161345439,0.06626368386545611,snapshot_708.xyz,32,4000,16.757672110741936,4000,all,708
0.0937864,0.0993491,0.0,0.9440085516627731,0.05599144833722691,snapshot_709.xyz,32,4000,16.757672110741936,4000,all,709
0.0942742,0.100805,0.0,0.9352135310748475,0.0647864689251525,snapshot_710.xyz,32,4000,16.757672110741936,4000,all,710
0.0940652,0.100458,0.0,0.9363634553743853,0.06363654462561474,snapshot_711.xyz,32,4000,16.757672110741936,4000,all,711
0.093647,0.0997652,0.0,0.9386740065674203,0.06132599343257972,snapshot_712.xyz,32,4000,16.757672110741936,4000,all,712
0.0939258,0.100389,0.0,0.9356184442518602,0.06438155574813975,snapshot_713.xyz,32,4000,16.757672110741936,4000,all,713
0.0942742,0.101013,0.0,0.9332877946402938,0.06671220535970623,snapshot_714.xyz,32,4000,16.757672110741936,4000,all,714
0.0945529,0.101013,0.0,0.9360468454555353,0.06395315454446471,snapshot_715.xyz,32,4000,16.757672110741936,4000,all,715
0.0944833,0.101151,0.0,0.9340817194095956,0.06591828059040439,snapshot_716.xyz,32,4000,16.757672110741936,4000,all,716
0.0941349,0.10122,0.0,0.930002963841138,0.06999703615886199,snapshot_717.xyz,32,4000,16.757672110741936,4000,all,717
0.0940652,0.101082,0.0,0.9305830909558576,0.06941690904414244,snapshot_718.xyz,32,4000,16.757672110741936,4000,all,718
0.0939258,0.100805,0.0,0.9317573533058876,0.0682426466941124,snapshot_719.xyz,32,4000,16.757672110741936,4000,all,719
0.0939258,0.10025,0.0,0.936915710723192,0.06308428927680798,snapshot_720.xyz,32,4000,16.757672110741936,4000,all,720
0.0937167,0.100805,0.0,0.9296830514359407,0.07031694856405935,snapshot_721.xyz,32,4000,16.757672110741936,4000,all,721
0.0948315,0.100458,0.0,0.9439915188436958,0.05600848115630419,snapshot_722.xyz,32,4000,16.757672110741936,4000,all,722
0.0939258,0.10032,0.0,0.936261961722488,0.06373803827751201,snapshot_723.xyz,32,4000,16.757672110741936,4000,all,723
0.0942046,0.100874,0.0,0.9338838551063703,0.06611614489362971,snapshot_724.xyz,32,4000,16.757672110741936,4000,all,724
0.0949708,0.100528,0.0,0.9447198790386757,0.055280120961324286,snapshot_725.xyz,32,4000,16.757672110741936,4000,all,725
0.0946226,0.100805,0.0,0.9386697088438073,0.06133029115619271,snapshot_726.xyz,32,4000,16.757672110741936,4000,all,726
0.0942046,0.10032,0.0,0.9390410685805421,0.06095893141945785,snapshot_727.xyz,32,4000,16.757672110741936,4000,all,727
0.0939258,0.100943,0.0,0.9304835402157653,0.06951645978423471,snapshot_728.xyz,32,4000,16.757672110741936,4000,all,728
0.0939955,0.0996958,0.0,0.9428230677721628,0.05717693222783715,snapshot_729.xyz,32,4000,16.757672110741936,4000,all,729
0.0944833,0.100458,0.0,0.9405253936968684,0.059474606303131616,snapshot_730.xyz,32,4000,16.757672110741936,4000,all,730
0.0940652,0.100805,0.0,0.9331402212191855,0.0668597787808145,snapshot_731.xyz,32,4000,16.757672110741936,4000,all,731
0.0940652,0.10025,0.0,0.9383062344139651,0.0616937655860349,snapshot_732.xyz,32,4000,16.757672110741936,4000,all,732
0.0939955,0.101013,0.0,0.9305287438250521,0.06947125617494787,snapshot_733.xyz,32,4000,16.757672110741936,4000,all,733
0.0944833,0.100943,0.0,0.9360064590907741,0.06399354090922593,snapshot_734.xyz,32,4000,16.757672110741936,4000,all,734
0.0940652,0.10032,0.0,0.9376515151515151,0.062348484848484875,snapshot_735.xyz,32,4000,16.757672110741936,4000,all,735
0.0944833,0.10025,0.0,0.9424768079800498,0.05752319201995015,snapshot_736.xyz,32,4000,16.757672110741936,4000,all,736
0.0937864,0.0999732,0.0,0.9381154149312017,0.06188458506879835,snapshot_737.xyz,32,4000,16.757672110741936,4000,all,737
0.0939258,0.100736,0.0,0.9323955686149936,0.06760443138500638,snapshot_738.xyz,32,4000,16.757672110741936,4000,all,738
0.0950404,0.100874,0.0,0.9421694391022463,0.057830560897753736,snapshot_739.xyz,32,4000,16.757672110741936,4000,all,739
0.0942742,0.100528,0.0,0.9377904663377367,0.06220953366226334,snapshot_740.xyz,32,4000,16.757672110741936,4000,all,740
0.0938561,0.100458,0.0,0.9342819884927034,0.06571801150729661,snapshot_741.xyz,32,4000,16.757672110741936,4000,all,741
0.0948315,0.10032,0.0,0.9452900717703349,0.05470992822966514,snapshot_742.xyz,32,4000,16.757672110741936,4000,all,742
0.0939258,0.100874,0.0,0.9311200111029602,0.06887998889703983,snapshot_743.xyz,32,4000,16.757672110741936,4000,all,743
0.0937167,0.100597,0.0,0.9316053162619163,0.06839468373808366,snapshot_744.xyz,32,4000,16.757672110741936,4000,all,744
0.0946226,0.100666,0.0,0.9399658275882621,0.06003417241173792,snapshot_745.xyz,32,4000,16.757672110741936,4000,all,745
0.0939258,0.100736,0.0,0.9323955686149936,0.06760443138500638,snapshot_746.xyz,32,4000,16.757672110741936,4000,all,746
0.0942046,0.0999732,0.0,0.94229853600765,0.05770146399234999,snapshot_747.xyz,32,4000,16.757672110741936,4000,all,747
0.0939955,0.101359,0.0,0.927352282481082,0.07264771751891796,snapshot_748.xyz,32,4000,16.757672110741936,4000,all,748
0.0933681,0.100181,0.0,0.9319940906958404,0.06800590930415962,snapshot_749.xyz,32,4000,16.757672110741936,4000,all,749
0.0939258,0.0999039,0.0,0.9401614951968842,0.05983850480311581,snapshot_750.xyz,32,4000,16.757672110741936,4000,all,750
0.0939258,0.101013,0.0,0.9298387336283449,0.0701612663716551,snapshot_751.xyz,32,4000,16.757672110741936,4000,all,751
0.0945529,0.100736,0.0,0.9386207512706479,0.061379248729352076,snapshot_752.xyz,32,4000,16.757672110741936,4000,all,752
0.0939258,0.101013,0.0,0.9298387336283449,0.0701612663716551,snapshot_753.xyz,32,4000,16.757672110741936,4000,all,753
0.0946922,0.100528,0.0,0.9419485118573929,0.05805148814260708,snapshot_754.xyz,32,4000,16.757672110741936,4000,all,754
0.0937864,0.10122,0.0,0.9265599683856945,0.07344003161430546,snapshot_755.xyz,32,4000,16.757672110741936,4000,all,755
0.0949011,0.101082,0.0,0.9388526147088502,0.061147385291149825,snapshot_756.xyz,32,4000,16.757672110741936,4000,all,756
0.0950404,0.100874,0.0,0.9421694391022463,0.057830560897753736,snapshot_757.xyz,32,4000,16.757672110741936,4000,all,757
0.0938561,0.10032,0.0,0.9355671850079744,0.06443281499202558,snapshot_758.xyz,32,4000,16.757672110741936,4000,all,758
0.0939258,0.100528,0.0,0.9343247652395352,0.06567523476046477,snapshot_759.xyz,32,4000,16.757672110741936,4000,all,759
0.0943439,0.100597,0.0,0.9378400946350288,0.06215990536497118,snapshot_760.xyz,32,4000,16.757672110741936,4000,all,760
0.0939258,0.100943,0.0,0.9304835402157653,0.06951645978423471,snapshot_761.xyz,32,4000,16.757672110741936,4000,all,761
0.0944833,0.100736,0.0,0.9379298364040661,0.06207016359593387,snapshot_762.xyz,32,4000,16.757672110741936,4000,all,762
0.0949011,0.10025,0.0,0.9466443890274314,0.05335561097256858,snapshot_763.xyz,32,4000,16.757672110741936,4000,all,763
0.0949708,0.0999732,0.0,0.949962589974113,0.05003741002588702,snapshot_764.xyz,32,4000,16.757672110741936,4000,all,764
0.0944833,0.100874,0.0,0.9366467077740548,0.06335329222594521,snapshot_765.xyz,32,4000,16.757672110741936,4000,all,765
0.0942742,0.100528,0.0,0.9377904663377367,0.06220953366226334,snapshot_766.xyz,32,4000,16.757672110741936,4000,all,766
0.0946226,0.100112,0.0,0.9451674124980022,0.05483258750199782,snapshot_767.xyz,32,4000,16.757672110741936,4000,all,767
0.0946922,0.100736,0.0,0.9400035736975858,0.059996426302414196,snapshot_768.xyz,32,4000,16.757672110741936,4000,all,768
0.0941349,0.100389,0.0,0.9377013417804738,0.06229865821952618,snapshot_769.xyz,32,4000,16.757672110741936,4000,all,769
0.0935076,0.10032,0.0,0.9320933014354066,0.06790669856459342,snapshot_770.xyz,32,4000,16.757672110741936,4000,all,770
0.0947619,0.100528,0.0,0.9426418510265796,0.0573581489734204,snapshot_771.xyz,32,4000,16.757672110741936,4000,all,771
0.0949708,0.100458,0.0,0.9453781679906029,0.054621832009397076,snapshot_772.xyz,32,4000,16.757672110741936,4000,all,772
0.0950404,0.101151,0.0,0.9395893268479797,0.06041067315202031,snapshot_773.xyz,32,4000,16.757672110741936,4000,all,773
0.0949011,0.100458,0.0,0.944684345696709,0.055315654303290995,snapshot_774.xyz,32,4000,16.757672110741936,4000,all,774
0.0942046,0.10129,0.0,0.9300483759502418,0.06995162404975819,snapshot_775.xyz,32,4000,16.757672110741936,4000,all,775
0.0946922,0.100666,0.0,0.9406572228955159,0.0593427771044841,snapshot_776.xyz,32,4000,16.757672110741936,4000,all,776
0.0946226,0.100736,0.0,0.9393126588310038,0.06068734116899621,snapshot_777.xyz,32,4000,16.757672110741936,4000,all,777
0.0940652,0.10025,0.0,0.9383062344139651,0.0616937655860349,snapshot_778.xyz,32,4000,16.757672110741936,4000,all,778
0.0948315,0.100458,0.0,0.9439915188436958,0.05600848115630419,snapshot_779.xyz,32,4000,16.757672110741936,4000,all,779
0.0937864,0.100458,0.0,0.9335881661988095,0.06641183380119053,snapshot_780.xyz,32,4000,16.757672110741936,4000,all,780
0.0944136,0.100666,0.0,0.9378896548983767,0.06211034510162328,snapshot_781.xyz,32,4000,16.757672110741936,4000,all,781
0.0937167,0.100666,0.0,0.9309667613692806,0.06903323863071942,snapshot_782.xyz,32,4000,16.757672110741936,4000,all,782
0.0946922,0.10032,0.0,0.9439015151515151,0.0560984848484849,snapshot_783.xyz,32,4000,16.757672110741936,4000,all,783
0.0944136,0.100389,0.0,0.9404775423602187,0.05952245763978126,snapshot_784.xyz,32,4000,16.757672110741936,4000,all,784
0.0940652,0.100112,0.0,0.939599648393799,0.06040035160620105,snapshot_785.xyz,32,4000,16.757672110741936,4000,all,785
0.0938561,0.100528,0.0,0.9336314260703484,0.06636857392965156,snapshot_786.xyz,32,4000,16.757672110741936,4000,all,786
0.0943439,0.100389,0.0,0.9397832431840141,0.06021675681598593,snapshot_787.xyz,32,4000,16.757672110741936,4000,all,787
0.0947619,0.101082,0.0,0.9374755149284738,0.06252448507152619,snapshot_788.xyz,32,4000,16.757672110741936,4000,all,788
0.0942742,0.100181,0.0,0.9410387199169503,0.05896128008304968,snapshot_789.xyz,32,4000,16.757672110741936,4000,all,789
0.0944833,0.100805,0.0,0.9372878329447945,0.06271216705520555,snapshot_790.xyz,32,4000,16.757672110741936,4000,all,790
0.093647,0.100112,0.0,0.9354223269937668,0.06457767300623318,snapshot_791.xyz,32,4000,16.757672110741936,4000,all,791
0.0941349,0.101013,0.0,0.9319087642184668,0.0680912357815332,snapshot_792.xyz,32,4000,16.757672110741936,4000,all,792
0.0944136,0.100528,0.0,0.9391771446761101,0.06082285532388987,snapshot_793.xyz,32,4000,16.757672110741936,4000,all,793
0.0944136,0.101082,0.0,0.9340297975900753,0.06597020240992468,snapshot_794.xyz,32,4000,16.757672110741936,4000,all,794
0.0937864,0.10032,0.0,0.934872408293461,0.06512759170653903,snapshot_795.xyz,32,4000,16.757672110741936,4000,all,795
0.0949011,0.100805,0.0,0.9414324686275483,0.05856753137245174,snapshot_796.xyz,32,4000,16.757672110741936,4000,all,796
0.0946922,0.101151,0.0,0.936146948621368,0.06385305137863195,snapshot_797.xyz,32,4000,16.757672110741936,4000,all,797
0.0940652,0.100805,0.0,0.9331402212191855,0.0668597787808145,snapshot_798.xyz,32,4000,16.757672110741936,4000,all,798
0.0939955,0.100874,0.0,0.9318109721038126,0.06818902789618742,snapshot_799.xyz,32,4000,16.757672110741936,4000,all,799
0.0954581,0.100943,0.0,0.9456633941927622,0.05433660580723776,snapshot_800.xyz,32,4000,16.757672110741936,4000,all,800
0.09511,0.100805,0.0,0.9435047864689251,0.056495213531074895,snapshot_801.xyz,32,4000,16.757672110741936,4000,all,801
0.0942046,0.100458,0.0,0.9377510999621732,0.06224890003782679,snapshot_802.xyz,32,4000,16.757672110741936,4000,all,802
0.0940652,0.100528,0.0,0.9357114435779086,0.06428855642209141,snapshot_803.xyz,32,4000,16.757672110741936,4000,all,803
0.0933681,0.100666,0.0,0.9275038245286392,0.07249617547136078,snapshot_804.xyz,32,4000,16.757672110741936,4000,all,804
0.093647,0.100874,0.0,0.9283561670995498,0.07164383290045018,snapshot_805.xyz,32,4000,16.757672110741936,4000,all,805
0.0940652,0.100112,0.0,0.939599648393799,0.06040035160620105,snapshot_806.xyz,32,4000,16.757672110741936,4000,all,806
0.0940652,0.100043,0.0,0.9402476934917985,0.059752306508201514,snapshot_807.xyz,32,4000,16.757672110741936,4000,all,807
0.0940652,0.100666,0.0,0.9344287048258597,0.06557129517414029,snapshot_808.xyz,32,4000,16.757672110741936,4000,all,808
0.0946922,0.100874,0.0,0.9387176081051609,0.06128239189483908,snapshot_809.xyz,32,4000,16.757672110741936,4000,all,809
0.0946922,0.10025,0.0,0.9445605985037406,0.055439401496259366,snapshot_810.xyz,32,4000,16.757672110741936,4000,all,810
0.0943439,0.100389,0.0,0.9397832431840141,0.06021675681598593,snapshot_811.xyz,32,4000,16.757672110741936,4000,all,811
0.0943439,0.10032,0.0,0.9404296251993619,0.05957037480063809,snapshot_812.xyz,32,4000,16.757672110741936,4000,all,812
0.093647,0.101082,0.0,0.9264458558398131,0.07355414416018691,snapshot_813.xyz,32,4000,16.757672110741936,4000,all,813
0.0940652,0.100666,0.0,0.9344287048258597,0.06557129517414029,snapshot_814.xyz,32,4000,16.757672110741936,4000,all,814
0.0945529,0.100181,0.0,0.9438206845609446,0.05617931543905541,snapshot_815.xyz,32,4000,16.757672110741936,4000,all,815
0.09511,0.100597,0.0,0.9454556298895592,0.054544370110440776,snapshot_816.xyz,32,4000,16.757672110741936,4000,all,816
0.0941349,0.100666,0.0,0.9351210935171755,0.06487890648282446,snapshot_817.xyz,32,4000,16.757672110741936,4000,all,817
0.0944833,0.100112,0.0,0.9437759709125779,0.05622402908742208,snapshot_818.xyz,32,4000,16.757672110741936,4000,all,818
0.0948315,0.101082,0.0,0.938164064818662,0.06183593518133801,snapshot_819.xyz,32,4000,16.757672110741936,4000,all,819
0.0939258,0.100666,0.0,0.9330439274432281,0.06695607255677194,snapshot_820.xyz,32,4000,16.757672110741936,4000,all,820
0.0943439,0.100736,0.0,0.9365460212833544,0.0634539787166456,snapshot_821.xyz,32,4000,16.757672110741936,4000,all,821
0.0947619,0.100043,0.0,0.947211698969443,0.05278830103055698,snapshot_822.xyz,32,4000,16.757672110741936,4000,all,822
0.093647,0.100112,0.0,0.9354223269937668,0.06457767300623318,snapshot_823.xyz,32,4000,16.757672110741936,4000,all,823
0.0948315,0.100874,0.0,0.9400985387711401,0.059901461228859865,snapshot_824.xyz,32,4000,16.757672110741936,4000,all,824
0.0952493,0.100458,0.0,0.9481504708435365,0.05184952915646346,snapshot_825.xyz,32,4000,16.757672110741936,4000,all,825
0.0949708,0.100389,0.0,0.9460279512695613,0.053972048730438704,snapshot_826.xyz,32,4000,16.757672110741936,4000,all,826
0.0943439,0.100597,0.0,0.9378400946350288,0.06215990536497118,snapshot_827.xyz,32,4000,16.757672110741936,4000,all,827
0.0949011,0.100458,0.0,0.944684345696709,0.055315654303290995,snapshot_828.xyz,32,4000,16.757672110741936,4000,all,828
0.0940652,0.100597,0.0,0.9350696342833285,0.06493036571667155,snapshot_829.xyz,32,4000,16.757672110741936,4000,all,829
0.0944833,0.100528,0.0,0.9398704838452968,0.06012951615470319,snapshot_830.xyz,32,4000,16.757672110741936,4000,all,830
0.0941349,0.100874,0.0,0.9331928941055176,0.06680710589448235,snapshot_831.xyz,32,4000,16.757672110741936,4000,all,831
0.0943439,0.100736,0.0,0.9365460212833544,0.0634539787166456,snapshot_832.xyz,32,4000,16.757672110741936,4000,all,832
0.0942046,0.100389,0.0,0.9383956409566785,0.06160435904332151,snapshot_833.xyz,32,4000,16.757672110741936,4000,all,833
0.0948315,0.100458,0.0,0.9439915188436958,0.05600848115630419,snapshot_834.xyz,32,4000,16.757672110741936,4000,all,834
0.0950404,0.101151,0.0,0.9395893268479797,0.06041067315202031,snapshot_835.xyz,32,4000,16.757672110741936,4000,all,835
0.0946226,0.100112,0.0,0.9451674124980022,0.05483258750199782,snapshot_836.xyz,32,4000,16.757672110741936,4000,all,836
0.0947619,0.100736,0.0,0.9406954812579414,0.059304518742058554,snapshot_837.xyz,32,4000,16.757672110741936,4000,all,837
0.0944136,0.10032,0.0,0.9411244019138756,0.058875598086124414,snapshot_838.xyz,32,4000,16.757672110741936,4000,all,838
0.0943439,0.100805,0.0,0.9359049650314963,0.06409503496850366,snapshot_839.xyz,32,4000,16.757672110741936,4000,all,839
0.0942742,0.0999039,0.0,0.9436488465415264,0.056351153458473635,snapshot_840.xyz,32,4000,16.757672110741936,4000,all,840
0.0942742,0.100112,0.0,0.9416873102125619,0.05831268978743809,snapshot_841.xyz,32,4000,16.757672110741936,4000,all,841
0.0942046,0.10032,0.0,0.9390410685805421,0.06095893141945785,snapshot_842.xyz,32,4000,16.757672110741936,4000,all,842
0.0948315,0.101082,0.0,0.938164064818662,0.06183593518133801,snapshot_843.xyz,32,4000,16.757672110741936,4000,all,843
0.0937864,0.100389,0.0,0.9342298458994511,0.06577015410054887,snapshot_844.xyz,32,4000,16.757672110741936,4000,all,844
0.0945529,0.0998345,0.0,0.9470964446158391,0.052903555384160916,snapshot_845.xyz,32,4000,16.757672110741936,4000,all,845
0.0942046,0.100597,0.0,0.9364553614918933,0.06354463850810665,snapshot_846.xyz,32,4000,16.757672110741936,4000,all,846
0.0945529,0.0999039,0.0,0.9464385274248552,0.053561472575144764,snapshot_847.xyz,32,4000,16.757672110741936,4000,all,847
0.0948315,0.10122,0.0,0.9368850029638411,0.06311499703615886,snapshot_848.xyz,32,4000,16.757672110741936,4000,all,848
0.0938561,0.100666,0.0,0.9323515387519122,0.06764846124808777,snapshot_849.xyz,32,4000,16.757672110741936,4000,all,849
0.0938561,0.100597,0.0,0.9329910434704811,0.06700895652951888,snapshot_850.xyz,32,4000,16.757672110741936,4000,all,850
0.0941349,0.100043,0.0,0.9409443939106183,0.05905560608938165,snapshot_851.xyz,32,4000,16.757672110741936,4000,all,851
0.0946226,0.100597,0.0,0.9406105549867292,0.059389445013270814,snapshot_852.xyz,32,4000,16.757672110741936,4000,all,852
0.0939955,0.100874,0.0,0.9318109721038126,0.06818902789618742,snapshot_853.xyz,32,4000,16.757672110741936,4000,all,853
0.0942742,0.100666,0.0,0.9365048775157451,0.06349512248425493,snapshot_854.xyz,32,4000,16.757672110741936,4000,all,854
0.093647,0.100666,0.0,0.9302743726779646,0.06972562732203536,snapshot_855.xyz,32,4000,16.757672110741936,4000,all,855
0.0941349,0.100943,0.0,0.9325550062906788,0.06744499370932122,snapshot_856.xyz,32,4000,16.757672110741936,4000,all,856
0.0940652,0.100666,0.0,0.9344287048258597,0.06557129517414029,snapshot_857.xyz,32,4000,16.757672110741936,4000,all,857
0.0946922,0.100528,0.0,0.9419485118573929,0.05805148814260708,snapshot_858.xyz,32,4000,16.757672110741936,4000,all,858
0.0953885,0.100458,0.0,0.9495361245495629,0.05046387545043707,snapshot_859.xyz,32,4000,16.757672110741936,4000,all,859
0.093647,0.100043,0.0,0.936067490978879,0.06393250902112102,snapshot_860.xyz,32,4000,16.757672110741936,4000,all,860
0.0932984,0.10032,0.0,0.9300079744816586,0.06999202551834138,snapshot_861.xyz,32,4000,16.757672110741936,4000,all,861
0.0945529,0.100528,0.0,0.9405628282667514,0.059437171733248584,snapshot_862.xyz,32,4000,16.757672110741936,4000,all,862
0.0951797,0.100736,0.0,0.9448429558449809,0.0551570441550191,snapshot_863.xyz,32,4000,16.757672110741936,4000,all,863
0.0950404,0.100597,0.0,0.9447637603507062,0.055236239649293806,snapshot_864.xyz,32,4000,16.757672110741936,4000,all,864
0.0944136,0.100458,0.0,0.9398315714029744,0.06016842859702565,snapshot_865.xyz,32,4000,16.757672110741936,4000,all,865
0.0933681,0.10025,0.0,0.9313526184538652,0.06864738154613481,snapshot_866.xyz,32,4000,16.757672110741936,4000,all,866
0.0937864,0.100666,0.0,0.9316591500605964,0.06834084993940359,snapshot_867.xyz,32,4000,16.757672110741936,4000,all,867
0.0941349,0.10025,0.0,0.9390014962593515,0.060998503740648524,snapshot_868.xyz,32,4000,16.757672110741936,4000,all,868
0.0948315,0.100874,0.0,0.9400985387711401,0.059901461228859865,snapshot_869.xyz,32,4000,16.757672110741936,4000,all,869
0.0946922,0.100458,0.0,0.9426048696967887,0.057395130303211306,snapshot_870.xyz,32,4000,16.757672110741936,4000,all,870
0.0940652,0.100597,0.0,0.9350696342833285,0.06493036571667155,snapshot_871.xyz,32,4000,16.757672110741936,4000,all,871
0.0939955,0.101013,0.0,0.9305287438250521,0.06947125617494787,snapshot_872.xyz,32,4000,16.757672110741936,4000,all,872
0.0948315,0.100458,0.0,0.9439915188436958,0.05600848115630419,snapshot_873.xyz,32,4000,16.757672110741936,4000,all,873
0.0946226,0.101359,0.0,0.9335392022415375,0.06646079775846248,snapshot_874.xyz,32,4000,16.757672110741936,4000,all,874
0.0948315,0.101013,0.0,0.9388049062991891,0.06119509370081089,snapshot_875.xyz,32,4000,16.757672110741936,4000,all,875
0.09511,0.100805,0.0,0.9435047864689251,0.056495213531074895,snapshot_876.xyz,32,4000,16.757672110741936,4000,all,876
0.0944833,0.100597,0.0,0.9392258218435937,0.06077417815640629,snapshot_877.xyz,32,4000,16.757672110741936,4000,all,877
0.0946226,0.0998345,0.0,0.9477946000631043,0.05220539993689566,snapshot_878.xyz,32,4000,16.757672110741936,4000,all,878
0.0949011,0.100528,0.0,0.944026539869489,0.055973460130510966,snapshot_879.xyz,32,4000,16.757672110741936,4000,all,879
0.0941349,0.100389,0.0,0.9377013417804738,0.06229865821952618,snapshot_880.xyz,32,4000,16.757672110741936,4000,all,880
0.0942742,0.100597,0.0,0.9371472310307464,0.06285276896925363,snapshot_881.xyz,32,4000,16.757672110741936,4000,all,881
0.0954581,0.100458,0.0,0.9502289514025762,0.04977104859742376,snapshot_882.xyz,32,4000,16.757672110741936,4000,all,882
0.0946922,0.100528,0.0,0.9419485118573929,0.05805148814260708,snapshot_883.xyz,32,4000,16.757672110741936,4000,all,883
0.0944136,0.100389,0.0,0.9404775423602187,0.05952245763978126,snapshot_884.xyz,32,4000,16.757672110741936,4000,all,884
0.0940652,0.100736,0.0,0.9337793837357051,0.06622061626429487,snapshot_885.xyz,32,4000,16.757672110741936,4000,all,885
0.0950404,0.100874,0.0,0.9421694391022463,0.057830560897753736,snapshot_886.xyz,32,4000,16.757672110741936,4000,all,886
0.0946226,0.100597,0.0,0.9406105549867292,0.059389445013270814,snapshot_887.xyz,32,4000,16.757672110741936,4000,all,887
0.0944833,0.100597,0.0,0.9392258218435937,0.06077417815640629,snapshot_888.xyz,32,4000,16.757672110741936,4000,all,888
0.0947619,0.100528,0.0,0.9426418510265796,0.0573581489734204,snapshot_889.xyz,32,4000,16.757672110741936,4000,all,889
0.0945529,0.100597,0.0,0.9399176913824467,0.06008230861755326,snapshot_890.xyz,32,4000,16.757672110741936,4000,all,890
0.0943439,0.100112,0.0,0.9423835304459005,0.05761646955409949,snapshot_891.xyz,32,4000,16.757672110741936,4000,all,891
0.0948315,0.100805,0.0,0.9407420266851843,0.05925797331481575,snapshot_892.xyz,32,4000,16.757672110741936,4000,all,892
0.0942046,0.101151,0.0,0.9313264327589444,0.06867356724105556,snapshot_893.xyz,32,4000,16.757672110741936,4000,all,893
0.0937864,0.101082,0.0,0.927824934211828,0.07217506578817201,snapshot_894.xyz,32,4000,16.757672110741936,4000,all,894
0.0942046,0.100458,0.0,0.9377510999621732,0.06224890003782679,snapshot_895.xyz,32,4000,16.757672110741936,4000,all,895
0.0944833,0.100458,0.0,0.9405253936968684,0.059474606303131616,snapshot_896.xyz,32,4000,16.757672110741936,4000,all,896
0.0949708,0.100736,0.0,0.9427692185514611,0.05723078144853888,snapshot_897.xyz,32,4000,16.757672110741936,4000,all,897
0.0941349,0.100389,0.0,0.9377013417804738,0.06229865821952618,snapshot_898.xyz,32,4000,16.757672110741936,4000,all,898
0.0946922,0.10129,0.0,0.9348622766314543,0.06513772336854573,snapshot_899.xyz,32,4000,16.757672110741936,4000,all,899
0.0940652,0.100458,0.0,0.9363634553743853,0.06363654462561474,snapshot_900.xyz,32,4000,16.757672110741936,4000,all,900
0.0944136,0.10025,0.0,0.9417815461346632,0.05821845386533675,snapshot_901.xyz,32,4000,16.757672110741936,4000,all,901
0.0958061,0.100597,0.0,0.9523753193435192,0.047624680656480844,snapshot_902.xyz,32,4000,16.757672110741936,4000,all,902
0.0952493,0.100458,0.0,0.9481504708435365,0.05184952915646346,snapshot_903.xyz,32,4000,16.757672110741936,4000,all,903
0.0941349,0.100389,0.0,0.9377013417804738,0.06229865821952618,snapshot_904.xyz,32,4000,16.757672110741936,4000,all,904
0.0948315,0.101013,0.0,0.9388049062991891,0.06119509370081089,snapshot_905.xyz,32,4000,16.757672110741936,4000,all,905
0.0942742,0.0997652,0.0,0.9449607678829893,0.05503923211701067,snapshot_906.xyz,32,4000,16.757672110741936,4000,all,906
0.0943439,0.100805,0.0,0.9359049650314963,0.06409503496850366,snapshot_907.xyz,32,4000,16.757672110741936,4000,all,907
0.0942046,0.101013,0.0,0.9325987744151742,0.06740122558482575,snapshot_908.xyz,32,4000,16.757672110741936,4000,all,908
0.0948315,0.100528,0.0,0.9433341954480343,0.05666580455196568,snapshot_909.xyz,32,4000,16.757672110741936,4000,all,909
0.09511,0.100666,0.0,0.9448075815071623,0.055192418492837736,snapshot_910.xyz,32,4000,16.757672110741936,4000,all,910
0.0948315,0.0998345,0.0,0.949887063089413,0.05011293691058705,snapshot_911.xyz,32,4000,16.757672110741936,4000,all,911
0.0941349,0.101082,0.0,0.9312726301418649,0.0687273698581351,snapshot_912.xyz,32,4000,16.757672110741936,4000,all,912
0.09511,0.10122,0.0,0.9396364354870579,0.060363564512942114,snapshot_913.xyz,32,4000,16.757672110741936,4000,all,913
0.0933681,0.100736,0.0,0.9268593154383735,0.07314068456162648,snapshot_914.xyz,32,4000,16.757672110741936,4000,all,914
0.0946922,0.10032,0.0,0.9439015151515151,0.0560984848484849,snapshot_915.xyz,32,4000,16.757672110741936,4000,all,915
0.0949708,0.100458,0.0,0.9453781679906029,0.054621832009397076,snapshot_916.xyz,32,4000,16.757672110741936,4000,all,916
0.0949011,0.10032,0.0,0.9459838516746412,0.05401614832535884,snapshot_917.xyz,32,4000,16.757672110741936,4000,all,917
0.0942742,0.0999732,0.0,0.942994722585653,0.05700527741434702,snapshot_918.xyz,32,4000,16.757672110741936,4000,all,918
0.0939955,0.100736,0.0,0.9330874761753494,0.06691252382465063,snapshot_919.xyz,32,4000,16.757672110741936,4000,all,919
0.0943439,0.101428,0.0,0.9301563670781243,0.06984363292187568,snapshot_920.xyz,32,4000,16.757672110741936,4000,all,920
0.0937864,0.101151,0.0,0.9271920198515091,0.07280798014849088,snapshot_921.xyz,32,4000,16.757672110741936,4000,all,921
0.0944833,0.100112,0.0,0.9437759709125779,0.05622402908742208,snapshot_922.xyz,32,4000,16.757672110741936,4000,all,922
0.0944833,0.100181,0.0,0.9431259420448987,0.056874057955101254,snapshot_923.xyz,32,4000,16.757672110741936,4000,all,923
0.0947619,0.100389,0.0,0.9439470459910946,0.05605295400890542,snapshot_924.xyz,32,4000,16.757672110741936,4000,all,924
0.0942046,0.100597,0.0,0.9364553614918933,0.06354463850810665,snapshot_925.xyz,32,4000,16.757672110741936,4000,all,925
0.0937864,0.100181,0.0,0.9361695331450075,0.0638304668549925,snapshot_926.xyz,32,4000,16.757672110741936,4000,all,926
0.0940652,0.101013,0.0,0.9312187540217596,0.06878124597824042,snapshot_927.xyz,32,4000,16.757672110741936,4000,all,927
0.0940652,0.100181,0.0,0.938952495982272,0.06104750401772796,snapshot_928.xyz,32,4000,16.757672110741936,4000,all,928
0.0949011,0.100597,0.0,0.9433790272075707,0.05662097279242928,snapshot_929.xyz,32,4000,16.757672110741936,4000,all,929
0.0946226,0.100181,0.0,0.9445164252702608,0.05548357472973919,snapshot_930.xyz,32,4000,16.757672110741936,4000,all,930
0.0951797,0.100528,0.0,0.9467979070507719,0.053202092949228064,snapshot_931.xyz,32,4000,16.757672110741936,4000,all,931
0.0953885,0.100389,0.0,0.9501887657014214,0.04981123429857859,snapshot_932.xyz,32,4000,16.757672110741936,4000,all,932
0.0940652,0.100805,0.0,0.9331402212191855,0.0668597787808145,snapshot_933.xyz,32,4000,16.757672110741936,4000,all,933
0.0948315,0.100805,0.0,0.9407420266851843,0.05925797331481575,snapshot_934.xyz,32,4000,16.757672110741936,4000,all,934
0.0953885,0.100389,0.0,0.9501887657014214,0.04981123429857859,snapshot_935.xyz,32,4000,16.757672110741936,4000,all,935
0.0937864,0.100666,0.0,0.9316591500605964,0.06834084993940359,snapshot_936.xyz,32,4000,16.757672110741936,4000,all,936
0.0946922,0.10032,0.0,0.9439015151515151,0.0560984848484849,snapshot_937.xyz,32,4000,16.757672110741936,4000,all,937
0.0951797,0.100458,0.0,0.9474576439905235,0.05254235600947654,snapshot_938.xyz,32,4000,16.757672110741936,4000,all,938
0.0935076,0.100528,0.0,0.930164730224415,0.06983526977558496,snapshot_939.xyz,32,4000,16.757672110741936,4000,all,939
0.0944833,0.100874,0.0,0.9366467077740548,0.06335329222594521,snapshot_940.xyz,32,4000,16.757672110741936,4000,all,940
0.0941349,0.100458,0.0,0.9370572776682792,0.06294272233172082,snapshot_941.xyz,32,4000,16.757672110741936,4000,all,941
0.0939955,0.100874,0.0,0.9318109721038126,0.06818902789618742,snapshot_942.xyz,32,4000,16.757672110741936,4000,all,942
0.0949708,0.10032,0.0,0.9466786283891546,0.05332137161084538,snapshot_943.xyz,32,4000,16.757672110741936,4000,all,943
0.0948315,0.100666,0.0,0.9420410068940853,0.05795899310591468,snapshot_944.xyz,32,4000,16.757672110741936,4000,all,944
0.0944136,0.100389,0.0,0.9404775423602187,0.05952245763978126,snapshot_945.xyz,32,4000,16.757672110741936,4000,all,945
0.0952493,0.101082,0.0,0.9422973427514294,0.0577026572485706,snapshot_946.xyz,32,4000,16.757672110741936,4000,all,946
0.0942046,0.100043,0.0,0.9416410943294383,0.05835890567056168,snapshot_947.xyz,32,4000,16.757672110741936,4000,all,947
0.0945529,0.100389,0.0,0.9418651445875543,0.058134855412445674,snapshot_948.xyz,32,4000,16.757672110741936,4000,all,948
0.0946922,0.100528,0.0,0.9419485118573929,0.05805148814260708,snapshot_949.xyz,32,4000,16.757672110741936,4000,all,949
0.0942742,0.100736,0.0,0.9358541137229986,0.06414588627700135,snapshot_950.xyz,32,4000,16.757672110741936,4000,all,950
0.0946922,0.100043,0.0,0.9465149985506232,0.053485001449376846,snapshot_951.xyz,32,4000,16.757672110741936,4000,all,951
0.09511,0.100389,0.0,0.9474145573718236,0.05258544262817644,snapshot_952.xyz,32,4000,16.757672110741936,4000,all,952
0.0941349,0.100805,0.0,0.9338316551758344,0.06616834482416556,snapshot_953.xyz,32,4000,16.757672110741936,4000,all,953
0.0947619,0.10122,0.0,0.9361973918197983,0.06380260818020167,snapshot_954.xyz,32,4000,16.757672110741936,4000,all,954
0.0944136,0.100597,0.0,0.9385329582393113,0.061467041760688734,snapshot_955.xyz,32,4000,16.757672110741936,4000,all,955
0.0949708,0.100528,0.0,0.9447198790386757,0.055280120961324286,snapshot_956.xyz,32,4000,16.757672110741936,4000,all,956
0.0943439,0.100805,0.0,0.9359049650314963,0.06409503496850366,snapshot_957.xyz,32,4000,16.757672110741936,4000,all,957
0.0944833,0.100528,0.0,0.9398704838452968,0.06012951615470319,snapshot_958.xyz,32,4000,16.757672110741936,4000,all,958
0.0945529,0.100112,0.0,0.9444711922646635,0.05552880773533653,snapshot_959.xyz,32,4000,16.757672110741936,4000,all,959
0.0946226,0.100597,0.0,0.9406105549867292,0.059389445013270814,snapshot_960.xyz,32,4000,16.757672110741936,4000,all,960
0.0946226,0.100597,0.0,0.9406105549867292,0.059389445013270814,snapshot_961.xyz,32,4000,16.757672110741936,4000,all,961
0.093647,0.0999732,0.0,0.936721041239052,0.06327895876094802,snapshot_962.xyz,32,4000,16.757672110741936,4000,all,962
0.0949708,0.100736,0.0,0.9427692185514611,0.05723078144853888,snapshot_963.xyz,32,4000,16.757672110741936,4000,all,963
0.0948315,0.100181,0.0,0.9466016510116688,0.05339834898833118,snapshot_964.xyz,32,4000,16.757672110741936,4000,all,964
0.0947619,0.10032,0.0,0.9445962918660286,0.05540370813397144,snapshot_965.xyz,32,4000,16.757672110741936,4000,all,965
0.0948315,0.10032,0.0,0.9452900717703349,0.05470992822966514,snapshot_966.xyz,32,4000,16.757672110741936,4000,all,966
0.0948315,0.100389,0.0,0.9446403490422257,0.05535965095777429,snapshot_967.xyz,32,4000,16.757672110741936,4000,all,967
0.0946226,0.100043,0.0,0.9458192977019881,0.05418070229801186,snapshot_968.xyz,32,4000,16.757672110741936,4000,all,968
0.0947619,0.101013,0.0,0.9381158860740696,0.061884113925930406,snapshot_969.xyz,32,4000,16.757672110741936,4000,all,969
0.09511,0.101151,0.0,0.940277407044913,0.05972259295508697,snapshot_970.xyz,32,4000,16.757672110741936,4000,all,970
0.0949708,0.100389,0.0,0.9460279512695613,0.053972048730438704,snapshot_971.xyz,32,4000,16.757672110741936,4000,all,971
0.0942046,0.10025,0.0,0.9396967581047381,0.06030324189526193,snapshot_972.xyz,32,4000,16.757672110741936,4000,all,972
0.0948315,0.100528,0.0,0.9433341954480343,0.05666580455196568,snapshot_973.xyz,32,4000,16.757672110741936,4000,all,973
0.0947619,0.0997652,0.0,0.9498492460296777,0.050150753970322315,snapshot_974.xyz,32,4000,16.757672110741936,4000,all,974
0.0946922,0.100181,0.0,0.9452111677863068,0.05478883221369324,snapshot_975.xyz,32,4000,16.757672110741936,4000,all,975
0.0944136,0.100666,0.0,0.9378896548983767,0.06211034510162328,snapshot_976.xyz,32,4000,16.757672110741936,4000,all,976
0.0951797,0.100181,0.0,0.950077359978439,0.04992264002156099,snapshot_977.xyz,32,4000,16.757672110741936,4000,all,977
0.0946922,0.101082,0.0,0.9367859757424665,0.06321402425753353,snapshot_978.xyz,32,4000,16.757672110741936,4000,all,978
0.0945529,0.0998345,0.0,0.9470964446158391,0.052903555384160916,snapshot_979.xyz,32,4000,16.757672110741936,4000,all,979
0.0946922,0.100528,0.0,0.9419485118573929,0.05805148814260708,snapshot_980.xyz,32,4000,16.757672110741936,4000,all,980
0.0939955,0.100389,0.0,0.9363127434280647,0.0636872565719353,snapshot_981.xyz,32,4000,16.757672110741936,4000,all,981
0.0949011,0.101082,0.0,0.9388526147088502,0.061147385291149825,snapshot_982.xyz,32,4000,16.757672110741936,4000,all,982
0.09511,0.100458,0.0,0.9467638216966294,0.053236178303370574,snapshot_983.xyz,32,4000,16.757672110741936,4000,all,983
0.0942742,0.100112,0.0,0.9416873102125619,0.05831268978743809,snapshot_984.xyz,32,4000,16.757672110741936,4000,all,984
0.0953885,0.100597,0.0,0.9482241021104009,0.05177589788959913,snapshot_985.xyz,32,4000,16.757672110741936,4000,all,985
0.0946922,0.100597,0.0,0.9413024245255822,0.058697575474417785,snapshot_986.xyz,32,4000,16.757672110741936,4000,all,986
0.0941349,0.100458,0.0,0.9370572776682792,0.06294272233172082,snapshot_987.xyz,32,4000,16.757672110741936,4000,all,987
0.0944833,0.100805,0.0,0.9372878329447945,0.06271216705520555,snapshot_988.xyz,32,4000,16.757672110741936,4000,all,988
0.0944136,0.100736,0.0,0.9372379288437103,0.06276207115628973,snapshot_989.xyz,32,4000,16.757672110741936,4000,all,989
0.0951797,0.100874,0.0,0.9435503697682257,0.056449630231774295,snapshot_990.xyz,32,4000,16.757672110741936,4000,all,990
0.09511,0.101151,0.0,0.940277407044913,0.05972259295508697,snapshot_991.xyz,32,4000,16.757672110741936,4000,all,991
0.0942742,0.100458,0.0,0.9384439268151864,0.0615560731848136,snapshot_992.xyz,32,4000,16.757672110741936,4000,all,992
0.0942742,0.100458,0.0,0.9384439268151864,0.0615560731848136,snapshot_993.xyz,32,4000,16.757672110741936,4000,all,993
0.0944136,0.100943,0.0,0.935315970399136,0.06468402960086395,snapshot_994.xyz,32,4000,16.757672110741936,4000,all,994
0.0942742,0.0996265,0.0,0.9462763421378849,0.05372365786211508,snapshot_995.xyz,32,4000,16.757672110741936,4000,all,995
0.0944136,0.100597,0.0,0.9385329582393113,0.061467041760688734,snapshot_996.xyz,32,4000,16.757672110741936,4000,all,996
0.0940652,0.100389,0.0,0.9370070426042694,0.06299295739573063,snapshot_997.xyz,32,4000,16.757672110741936,4000,all,997
0.0952493,0.100736,0.0,0.9455338707115628,0.05446612928843719,snapshot_998.xyz,32,4000,16.757672110741936,4000,all,998
0.09511,0.100874,0.0,0.9428594087673731,0.057140591232626936,snapshot_999.xyz,32,4000,16.757672110741936,4000,all,999
0.0945529,0.100943,0.0,0.9366959571243176,0.06330404287568236,snapshot_1000.xyz,32,4000,16.757672110741936,4000,all,1000
0.0946226,0.100666,0.0,0.9399658275882621,0.06003417241173792,snapshot_1001.xyz,32,4000,16.757672110741936,4000,all,1001
0.0943439,0.101082,0.0,0.9333402584040679,0.06665974159593213,snapshot_1002.xyz,32,4000,16.757672110741936,4000,all,1002
0.0940652,0.10032,0.0,0.9376515151515151,0.062348484848484875,snapshot_1003.xyz,32,4000,16.757672110741936,4000,all,1003
0.0946226,0.100528,0.0,0.9412561674359382,0.05874383256406179,snapshot_1004.xyz,32,4000,16.757672110741936,4000,all,1004
0.0952493,0.100389,0.0,0.9488021595991591,0.051197840400840855,snapshot_1005.xyz,32,4000,16.757672110741936,4000,all,1005
0.0956669,0.10032,0.0,0.9536174242424241,0.04638257575757587,snapshot_1006.xyz,32,4000,16.757672110741936,4000,all,1006
0.0948315,0.101151,0.0,0.9375240976362073,0.062475902363792746,snapshot_1007.xyz,32,4000,16.757672110741936,4000,all,1007
0.0950404,0.100736,0.0,0.9434601334180431,0.056539866581956866,snapshot_1008.xyz,32,4000,16.757672110741936,4000,all,1008
0.0957365,0.101151,0.0,0.9464711174382853,0.05352888256171473,snapshot_1009.xyz,32,4000,16.757672110741936,4000,all,1009
0.09511,0.100043,0.0,0.9506912027828033,0.04930879721719672,snapshot_1010.xyz,32,4000,16.757672110741936,4000,all,1010
0.0944833,0.100389,0.0,0.9411718415364233,0.058828158463576696,snapshot_1011.xyz,32,4000,16.757672110741936,4000,all,1011
0.0946922,0.100943,0.0,0.9380759438494992,0.061924056150500784,snapshot_1012.xyz,32,4000,16.757672110741936,4000,all,1012
0.0947619,0.0998345,0.0,0.9491899092998912,0.05081009070010878,snapshot_1013.xyz,32,4000,16.757672110741936,4000,all,1013
0.0943439,0.100597,0.0,0.9378400946350288,0.06215990536497118,snapshot_1014.xyz,32,4000,16.757672110741936,4000,all,1014
0.0942046,0.101013,0.0,0.9325987744151742,0.06740122558482575,snapshot_1015.xyz,32,4000,16.757672110741936,4000,all,1015
0.0940652,0.10032,0.0,0.9376515151515151,0.062348484848484875,snapshot_1016.xyz,32,4000,16.757672110741936,4000,all,1016
0.0945529,0.100805,0.0,0.9379782748871582,0.062021725112841763,snapshot_1017.xyz,32,4000,16.757672110741936,4000,all,1017
0.0946226,0.101082,0.0,0.9360974258522783,0.06390257414772171,snapshot_1018.xyz,32,4000,16.757672110741936,4000,all,1018
0.0947619,0.100528,0.0,0.9426418510265796,0.0573581489734204,snapshot_1019.xyz,32,4000,16.757672110741936,4000,all,1019
0.0950404,0.100181,0.0,0.9486868767530768,0.051313123246923165,snapshot_1020.xyz,32,4000,16.757672110741936,4000,all,1020
0.0939258,0.100666,0.0,0.9330439274432281,0.06695607255677194,snapshot_1021.xyz,32,4000,16.757672110741936,4000,all,1021
0.0948315,0.10129,0.0,0.9362375357883305,0.06376246421166953,snapshot_1022.xyz,32,4000,16.757672110741936,4000,all,1022
0.0949708,0.101013,0.0,0.940183936721016,0.05981606327898403,snapshot_1023.xyz,32,4000,16.757672110741936,4000,all,1023
0.0949708,0.100528,0.0,0.9447198790386757,0.055280120961324286,snapshot_1024.xyz,32,4000,16.757672110741936,4000,all,1024
0.0942742,0.100666,0.0,0.9365048775157451,0.06349512248425493,snapshot_1025.xyz,32,4000,16.757672110741936,4000,all,1025
0.0948315,0.100112,0.0,0.9472540754355122,0.05274592456448779,snapshot_1026.xyz,32,4000,16.757672110741936,4000,all,1026
0.09511,0.101082,0.0,0.9409192536752339,0.05908074632476612,snapshot_1027.xyz,32,4000,16.757672110741936,4000,all,1027
0.0949708,0.100528,0.0,0.9447198790386757,0.055280120961324286,snapshot_1028.xyz,32,4000,16.757672110741936,4000,all,1028
0.0948315,0.100736,0.0,0.9413863961245235,0.05861360387547654,snapshot_1029.xyz,32,4000,16.757672110741936,4000,all,1029
0.0949708,0.100943,0.0,0.9408359172998622,0.05916408270013784,snapshot_1030.xyz,32,4000,16.757672110741936,4000,all,1030
0.0950404,0.10032,0.0,0.9473724082934608,0.05262759170653919,snapshot_1031.xyz,32,4000,16.757672110741936,4000,all,1031
0.0942046,0.100805,0.0,0.9345230891324835,0.0654769108675165,snapshot_1032.xyz,32,4000,16.757672110741936,4000,all,1032
0.0949708,0.100805,0.0,0.9421239025841971,0.05787609741580291,snapshot_1033.xyz,32,4000,16.757672110741936,4000,all,1033
0.0943439,0.100666,0.0,0.9371972662070609,0.0628027337929391,snapshot_1034.xyz,32,4000,16.757672110741936,4000,all,1034
0.0950404,0.101013,0.0,0.9408729569461356,0.0591270430538644,snapshot_1035.xyz,32,4000,16.757672110741936,4000,all,1035
0.0934378,0.10032,0.0,0.9313975279106858,0.06860247208931425,snapshot_1036.xyz,32,4000,16.757672110741936,4000,all,1036
0.0948315,0.10032,0.0,0.9452900717703349,0.05470992822966514,snapshot_1037.xyz,32,4000,16.757672110741936,4000,all,1037
0.0941349,0.10025,0.0,0.9390014962593515,0.060998503740648524,snapshot_1038.xyz,32,4000,16.757672110741936,4000,all,1038
0.0950404,0.100181,0.0,0.9486868767530768,0.051313123246923165,snapshot_1039.xyz,32,4000,16.757672110741936,4000,all,1039
0.0946226,0.100181,0.0,0.9445164252702608,0.05548357472973919,snapshot_1040.xyz,32,4000,16.757672110741936,4000,all,1040
0.0946226,0.100736,0.0,0.9393126588310038,0.06068734116899621,snapshot_1041.xyz,32,4000,16.757672110741936,4000,all,1041
0.0944136,0.100666,0.0,0.9378896548983767,0.06211034510162328,snapshot_1042.xyz,32,4000,16.757672110741936,4000,all,1042
0.0949011,0.100112,0.0,0.9479492967875979,0.05205070321240213,snapshot_1043.xyz,32,4000,16.757672110741936,4000,all,1043
0.0942742,0.100597,0.0,0.9371472310307464,0.06285276896925363,snapshot_1044.xyz,32,4000,16.757672110741936,4000,all,1044
0.0945529,0.100528,0.0,0.9405628282667514,0.059437171733248584,snapshot_1045.xyz,32,4000,16.757672110741936,4000,all,1045
0.0946922,0.100874,0.0,0.9387176081051609,0.06128239189483908,snapshot_1046.xyz,32,4000,16.757672110741936,4000,all,1046
0.0938561,0.100597,0.0,0.9329910434704811,0.06700895652951888,snapshot_1047.xyz,32,4000,16.757672110741936,4000,all,1047
0.0948315,0.0998345,0.0,0.949887063089413,0.05011293691058705,snapshot_1048.xyz,32,4000,16.757672110741936,4000,all,1048
0.0932286,0.100874,0.0,0.9242084184229831,0.07579158157701693,snapshot_1049.xyz,32,4000,16.757672110741936,4000,all,1049
0.0944833,0.101151,0.0,0.9340817194095956,0.06591828059040439,snapshot_1050.xyz,32,4000,16.757672110741936,4000,all,1050
0.0952493,0.100736,0.0,0.9455338707115628,0.05446612928843719,snapshot_1051.xyz,32,4000,16.757672110741936,4000,all,1051
0.0945529,0.101359,0.0,0.9328515474698842,0.06714845253011581,snapshot_1052.xyz,32,4000,16.757672110741936,4000,all,1052
0.0950404,0.10032,0.0,0.9473724082934608,0.05262759170653919,snapshot_1053.xyz,32,4000,16.757672110741936,4000,all,1053
0.0949708,0.100181,0.0,0.9479921342370309,0.05200786576296912,snapshot_1054.xyz,32,4000,16.757672110741936,4000,all,1054
0.0944833,0.100736,0.0,0.9379298364040661,0.06207016359593387,snapshot_1055.xyz,32,4000,16.757672110741936,4000,all,1055
0.0940652,0.100043,0.0,0.9402476934917985,0.059752306508201514,snapshot_1056.xyz,32,4000,16.757672110741936,4000,all,1056
0.0953885,0.100666,0.0,0.9475741561202392,0.05242584387976079,snapshot_1057.xyz,32,4000,16.757672110741936,4000,all,1057
0.0946226,0.0997652,0.0,0.9484529675678494,0.05154703243215064,snapshot_1058.xyz,32,4000,16.757672110741936,4000,all,1058
0.0946226,0.100458,0.0,0.9419120428437755,0.0580879571562245,snapshot_1059.xyz,32,4000,16.757672110741936,4000,all,1059
0.0953885,0.100736,0.0,0.9469157004447267,0.05308429955527327,snapshot_1060.xyz,32,4000,16.757672110741936,4000,all,1060
0.0949011,0.0997652,0.0,0.95124452213798,0.04875547786201995,snapshot_1061.xyz,32,4000,16.757672110741936,4000,all,1061
0.0942046,0.0999039,0.0,0.9429521770421374,0.05704782295786259,snapshot_1062.xyz,32,4000,16.757672110741936,4000,all,1062
0.0942742,0.100597,0.0,0.9371472310307464,0.06285276896925363,snapshot_1063.xyz,32,4000,16.757672110741936,4000,all,1063
0.0945529,0.10032,0.0,0.9425129585326952,0.05748704146730477,snapshot_1064.xyz,32,4000,16.757672110741936,4000,all,1064
0.0948315,0.100943,0.0,0.9394559305746807,0.06054406942531931,snapshot_1065.xyz,32,4000,16.757672110741936,4000,all,1065
0.0938561,0.0999039,0.0,0.9394638247355708,0.060536175264429226,snapshot_1066.xyz,32,4000,16.757672110741936,4000,all,1066
0.0949011,0.101082,0.0,0.9388526147088502,0.061147385291149825,snapshot_1067.xyz,32,4000,16.757672110741936,4000,all,1067
0.09511,0.101359,0.0,0.9383478526820509,0.0616521473179491,snapshot_1068.xyz,32,4000,16.757672110741936,4000,all,1068
0.0945529,0.100597,0.0,0.9399176913824467,0.06008230861755326,snapshot_1069.xyz,32,4000,16.757672110741936,4000,all,1069
0.0941349,0.100043,0.0,0.9409443939106183,0.05905560608938165,snapshot_1070.xyz,32,4000,16.757672110741936,4000,all,1070
0.09511,0.100112,0.0,0.9500359597251078,0.04996404027489221,snapshot_1071.xyz,32,4000,16.757672110741936,4000,all,1071
0.0942742,0.100874,0.0,0.9345738247714971,0.06542617522850291,snapshot_1072.xyz,32,4000,16.757672110741936,4000,all,1072
0.0947619,0.100666,0.0,0.9413496115868316,0.058650388413168386,snapshot_1073.xyz,32,4000,16.757672110741936,4000,all,1073
0.0956669,0.100043,0.0,0.9562578091420688,0.043742190857931185,snapshot_1074.xyz,32,4000,16.757672110741936,4000,all,1074
0.0945529,0.100528,0.0,0.9405628282667514,0.059437171733248584,snapshot_1075.xyz,32,4000,16.757672110741936,4000,all,1075
0.0944136,0.10122,0.0,0.9327563722584469,0.06724362774155312,snapshot_1076.xyz,32,4000,16.757672110741936,4000,all,1076
0.0945529,0.100736,0.0,0.9386207512706479,0.061379248729352076,snapshot_1077.xyz,32,4000,16.757672110741936,4000,all,1077
0.0946922,0.100874,0.0,0.9387176081051609,0.06128239189483908,snapshot_1078.xyz,32,4000,16.757672110741936,4000,all,1078
0.0951797,0.10032,0.0,0.9487609649122807,0.05123903508771932,snapshot_1079.xyz,32,4000,16.757672110741936,4000,all,1079
0.09511,0.100528,0.0,0.9461045678815851,0.053895432118414854,snapshot_1080.xyz,32,4000,16.757672110741936,4000,all,1080
0.09511,0.100528,0.0,0.9461045678815851,0.053895432118414854,snapshot_1081.xyz,32,4000,16.757672110741936,4000,all,1081
0.0946922,0.101636,0.0,0.9316797197843284,0.0683202802156716,snapshot_1082.xyz,32,4000,16.757672110741936,4000,all,1082
0.0948315,0.100805,0.0,0.9407420266851843,0.05925797331481575,snapshot_1083.xyz,32,4000,16.757672110741936,4000,all,1083
0.0943439,0.100181,0.0,0.9417344606262663,0.05826553937373369,snapshot_1084.xyz,32,4000,16.757672110741936,4000,all,1084
0.0951797,0.100874,0.0,0.9435503697682257,0.056449630231774295,snapshot_1085.xyz,32,4000,16.757672110741936,4000,all,1085
0.0950404,0.0999732,0.0,0.950658776552116,0.04934122344788405,snapshot_1086.xyz,32,4000,16.757672110741936,4000,all,1086
0.0946922,0.100943,0.0,0.9380759438494992,0.061924056150500784,snapshot_1087.xyz,32,4000,16.757672110741936,4000,all,1087
0.0942742,0.100874,0.0,0.9345738247714971,0.06542617522850291,snapshot_1088.xyz,32,4000,16.757672110741936,4000,all,1088
0.0946922,0.101151,0.0,0.936146948621368,0.06385305137863195,snapshot_1089.xyz,32,4000,16.757672110741936,4000,all,1089
0.0958756,0.100112,0.0,0.9576833945980502,0.042316605401949814,snapshot_1090.xyz,32,4000,16.757672110741936,4000,all,1090
0.0946922,0.100389,0.0,0.94325274681489,0.05674725318510998,snapshot_1091.xyz,32,4000,16.757672110741936,4000,all,1091
0.0942742,0.10122,0.0,0.9313791740762695,0.06862082592373053,snapshot_1092.xyz,32,4000,16.757672110741936,4000,all,1092
0.0946922,0.101151,0.0,0.936146948621368,0.06385305137863195,snapshot_1093.xyz,32,4000,16.757672110741936,4000,all,1093
0.0946226,0.100528,0.0,0.9412561674359382,0.05874383256406179,snapshot_1094.xyz,32,4000,16.757672110741936,4000,all,1094
0.0949708,0.100736,0.0,0.9427692185514611,0.05723078144853888,snapshot_1095.xyz,32,4000,16.757672110741936,4000,all,1095
0.0946226,0.100805,0.0,0.9386697088438073,0.06133029115619271,snapshot_1096.xyz,32,4000,16.757672110741936,4000,all,1096
0.0950404,0.0999732,0.0,0.950658776552116,0.04934122344788405,snapshot_1097.xyz,32,4000,16.757672110741936,4000,all,1097
0.0944136,0.100805,0.0,0.9365963989881454,0.0634036010118546,snapshot_1098.xyz,32,4000,16.757672110741936,4000,all,1098
0.0958061,0.100597,0.0,0.9523753193435192,0.047624680656480844,snapshot_1099.xyz,32,4000,16.757672110741936,4000,all,1099
0.0949708,0.100597,0.0,0.9440718908118532,0.055928109188146835,snapshot_1100.xyz,32,4000,16.757672110741936,4000,all,1100
0.0949708,0.100736,0.0,0.9427692185514611,0.05723078144853888,snapshot_1101.xyz,32,4000,16.757672110741936,4000,all,1101
0.0948315,0.100458,0.0,0.9439915188436958,0.05600848115630419,snapshot_1102.xyz,32,4000,16.757672110741936,4000,all,1102
0.0952493,0.10122,0.0,0.9410126457221892,0.058987354277810766,snapshot_1103.xyz,32,4000,16.757672110741936,4000,all,1103
0.0947619,0.100736,0.0,0.9406954812579414,0.059304518742058554,snapshot_1104.xyz,32,4000,16.757672110741936,4000,all,1104
0.0949708,0.100736,0.0,0.9427692185514611,0.05723078144853888,snapshot_1105.xyz,32,4000,16.757672110741936,4000,all,1105
0.0955973,0.100597,0.0,0.95029971072696,0.049700289273040044,snapshot_1106.xyz,32,4000,16.757672110741936,4000,all,1106
0.0951797,0.101013,0.0,0.9422519873679626,0.05774801263203744,snapshot_1107.xyz,32,4000,16.757672110741936,4000,all,1107
0.0950404,0.100389,0.0,0.9467212543206924,0.05327874567930757,snapshot_1108.xyz,32,4000,16.757672110741936,4000,all,1108
0.0944833,0.100389,0.0,0.9411718415364233,0.058828158463576696,snapshot_1109.xyz,32,4000,16.757672110741936,4000,all,1109
0.0946922,0.100736,0.0,0.9400035736975858,0.059996426302414196,snapshot_1110.xyz,32,4000,16.757672110741936,4000,all,1110
0.0949708,0.100666,0.0,0.9434247908926549,0.05657520910734515,snapshot_1111.xyz,32,4000,16.757672110741936,4000,all,1111
0.0937167,0.100943,0.0,0.9284120741408517,0.0715879258591483,snapshot_1112.xyz,32,4000,16.757672110741936,4000,all,1112
0.0937167,0.101013,0.0,0.9277687030382228,0.07223129696177721,snapshot_1113.xyz,32,4000,16.757672110741936,4000,all,1113
0.0942046,0.100458,0.0,0.9377510999621732,0.06224890003782679,snapshot_1114.xyz,32,4000,16.757672110741936,4000,all,1114
0.0941349,0.100181,0.0,0.9396482366915881,0.060351763308411854,snapshot_1115.xyz,32,4000,16.757672110741936,4000,all,1115
0.09511,0.100666,0.0,0.9448075815071623,0.055192418492837736,snapshot_1116.xyz,32,4000,16.757672110741936,4000,all,1116
0.0944136,0.100043,0.0,0.9437301960157132,0.056269803984286826,snapshot_1117.xyz,32,4000,16.757672110741936,4000,all,1117
0.0942742,0.100458,0.0,0.9384439268151864,0.0615560731848136,snapshot_1118.xyz,32,4000,16.757672110741936,4000,all,1118
0.0951797,0.0999039,0.0,0.9527125567670531,0.04728744323294687,snapshot_1119.xyz,32,4000,16.757672110741936,4000,all,1119
0.0949708,0.101013,0.0,0.940183936721016,0.05981606327898403,snapshot_1120.xyz,32,4000,16.757672110741936,4000,all,1120
0.0949011,0.100528,0.0,0.944026539869489,0.055973460130510966,snapshot_1121.xyz,32,4000,16.757672110741936,4000,all,1121
0.0950404,0.100874,0.0,0.9421694391022463,0.057830560897753736,snapshot_1122.xyz,32,4000,16.757672110741936,4000,all,1122
0.0951797,0.10025,0.0,0.9494234413965087,0.050576558603491306,snapshot_1123.xyz,32,4000,16.757672110741936,4000,all,1123
0.09511,0.0999039,0.0,0.9520148863057398,0.04798511369426017,snapshot_1124.xyz,32,4000,16.757672110741936,4000,all,1124
0.0946922,0.101428,0.0,0.9335903300863667,0.06640966991363328,snapshot_1125.xyz,32,4000,16.757672110741936,4000,all,1125
0.0939258,0.100528,0.0,0.9343247652395352,0.06567523476046477,snapshot_1126.xyz,32,4000,16.757672110741936,4000,all,1126
0.0940652,0.0999039,0.0,0.9415568361195108,0.0584431638804892,snapshot_1127.xyz,32,4000,16.757672110741936,4000,all,1127
0.0943439,0.100736,0.0,0.9365460212833544,0.0634539787166456,snapshot_1128.xyz,32,4000,16.757672110741936,4000,all,1128
0.0952493,0.100736,0.0,0.9455338707115628,0.05446612928843719,snapshot_1129.xyz,32,4000,16.757672110741936,4000,all,1129
0.0946922,0.100805,0.0,0.9393601507861713,0.0606398492138287,snapshot_1130.xyz,32,4000,16.757672110741936,4000,all,1130
0.0942046,0.100458,0.0,0.9377510999621732,0.06224890003782679,snapshot_1131.xyz,32,4000,16.757672110741936,4000,all,1131
0.0944833,0.100736,0.0,0.9379298364040661,0.06207016359593387,snapshot_1132.xyz,32,4000,16.757672110741936,4000,all,1132
0.0946922,0.100458,0.0,0.9426048696967887,0.057395130303211306,snapshot_1133.xyz,32,4000,16.757672110741936,4000,all,1133
0.0943439,0.100181,0.0,0.9417344606262663,0.05826553937373369,snapshot_1134.xyz,32,4000,16.757672110741936,4000,all,1134
0.0954581,0.100528,0.0,0.9495672847365908,0.0504327152634092,snapshot_1135.xyz,32,4000,16.757672110741936,4000,all,1135
0.0958061,0.100943,0.0,0.9491108843604806,0.05088911563951937,snapshot_1136.xyz,32,4000,16.757672110741936,4000,all,1136
0.09511,0.100528,0.0,0.9461045678815851,0.053895432118414854,snapshot_1137.xyz,32,4000,16.757672110741936,4000,all,1137
0.0948315,0.100666,0.0,0.9420410068940853,0.05795899310591468,snapshot_1138.xyz,32,4000,16.757672110741936,4000,all,1138
0.0945529,0.100736,0.0,0.9386207512706479,0.061379248729352076,snapshot_1139.xyz,32,4000,16.757672110741936,4000,all,1139
0.0948315,0.10032,0.0,0.9452900717703349,0.05470992822966514,snapshot_1140.xyz,32,4000,16.757672110741936,4000,all,1140
0.0946226,0.100666,0.0,0.9399658275882621,0.06003417241173792,snapshot_1141.xyz,32,4000,16.757672110741936,4000,all,1141
0.0945529,0.100597,0.0,0.9399176913824467,0.06008230861755326,snapshot_1142.xyz,32,4000,16.757672110741936,4000,all,1142
0.0946922,0.10025,0.0,0.9445605985037406,0.055439401496259366,snapshot_1143.xyz,32,4000,16.757672110741936,4000,all,1143
0.0948315,0.101013,0.0,0.9388049062991891,0.06119509370081089,snapshot_1144.xyz,32,4000,16.757672110741936,4000,all,1144
0.09511,0.100181,0.0,0.9493816192691228,0.05061838073087721,snapshot_1145.xyz,32,4000,16.757672110741936,4000,all,1145
0.0953189,0.100528,0.0,0.9481825958936813,0.05181740410631874,snapshot_1146.xyz,32,4000,16.757672110741936,4000,all,1146
0.0949011,0.100389,0.0,0.9453336520933568,0.05466634790664315,snapshot_1147.xyz,32,4000,16.757672110741936,4000,all,1147
0.0949011,0.10025,0.0,0.9466443890274314,0.05335561097256858,snapshot_1148.xyz,32,4000,16.757672110741936,4000,all,1148
0.0939258,0.10032,0.0,0.936261961722488,0.06373803827751201,snapshot_1149.xyz,32,4000,16.757672110741936,4000,all,1149
0.0949708,0.100112,0.0,0.9486455170209365,0.05135448297906353,snapshot_1150.xyz,32,4000,16.757672110741936,4000,all,1150
0.0951797,0.100458,0.0,0.9474576439905235,0.05254235600947654,snapshot_1151.xyz,32,4000,16.757672110741936,4000,all,1151
0.0948315,0.100943,0.0,0.9394559305746807,0.06054406942531931,snapshot_1152.xyz,32,4000,16.757672110741936,4000,all,1152
0.0947619,0.10032,0.0,0.9445962918660286,0.05540370813397144,snapshot_1153.xyz,32,4000,16.757672110741936,4000,all,1153
0.0944833,0.100736,0.0,0.9379298364040661,0.06207016359593387,snapshot_1154.xyz,32,4000,16.757672110741936,4000,all,1154
0.0938561,0.101082,0.0,0.9285144733978353,0.07148552660216467,snapshot_1155.xyz,32,4000,16.757672110741936,4000,all,1155
0.0948315,0.100597,0.0,0.9426871576687177,0.05731284233128231,snapshot_1156.xyz,32,4000,16.757672110741936,4000,all,1156
0.0944833,0.0997652,0.0,0.947056689106021,0.05294331089397897,snapshot_1157.xyz,32,4000,16.757672110741936,4000,all,1157
0.0938561,0.10025,0.0,0.9362204488778054,0.06377955112219458,snapshot_1158.xyz,32,4000,16.757672110741936,4000,all,1158
0.0946226,0.100874,0.0,0.9380276384400341,0.06197236155996588,snapshot_1159.xyz,32,4000,16.757672110741936,4000,all,1159
0.0942742,0.100389,0.0,0.9390889440078096,0.06091105599219038,snapshot_1160.xyz,32,4000,16.757672110741936,4000,all,1160
0.0955973,0.100458,0.0,0.9516146051086025,0.04838539489139748,snapshot_1161.xyz,32,4000,16.757672110741936,4000,all,1161
0.0939955,0.100943,0.0,0.9311740289074031,0.06882597109259692,snapshot_1162.xyz,32,4000,16.757672110741936,4000,all,1162
0.0950404,0.100458,0.0,0.9460709948436161,0.05392900515638388,snapshot_1163.xyz,32,4000,16.757672110741936,4000,all,1163
0.09511,0.100736,0.0,0.9441510482846251,0.05584895171537485,snapshot_1164.xyz,32,4000,16.757672110741936,4000,all,1164
0.0946226,0.100528,0.0,0.9412561674359382,0.05874383256406179,snapshot_1165.xyz,32,4000,16.757672110741936,4000,all,1165
0.0942046,0.100528,0.0,0.937098121916282,0.06290187808371805,snapshot_1166.xyz,32,4000,16.757672110741936,4000,all,1166
0.0946226,0.100943,0.0,0.9373864458159555,0.06261355418404446,snapshot_1167.xyz,32,4000,16.757672110741936,4000,all,1167
0.0950404,0.100043,0.0,0.9499955019341683,0.05000449806583174,snapshot_1168.xyz,32,4000,16.757672110741936,4000,all,1168
0.0944833,0.10032,0.0,0.9418191786283892,0.05818082137161085,snapshot_1169.xyz,32,4000,16.757672110741936,4000,all,1169
0.0943439,0.101082,0.0,0.9333402584040679,0.06665974159593213,snapshot_1170.xyz,32,4000,16.757672110741936,4000,all,1170
0.0940652,0.10032,0.0,0.9376515151515151,0.062348484848484875,snapshot_1171.xyz,32,4000,16.757672110741936,4000,all,1171
0.0943439,0.100528,0.0,0.9384838055069233,0.06151619449307666,snapshot_1172.xyz,32,4000,16.757672110741936,4000,all,1172
0.0947619,0.100666,0.0,0.9413496115868316,0.058650388413168386,snapshot_1173.xyz,32,4000,16.757672110741936,4000,all,1173
0.0949708,0.10032,0.0,0.9466786283891546,0.05332137161084538,snapshot_1174.xyz,32,4000,16.757672110741936,4000,all,1174
0.0946226,0.100943,0.0,0.9373864458159555,0.06261355418404446,snapshot_1175.xyz,32,4000,16.757672110741936,4000,all,1175
0.0948315,0.100666,0.0,0.9420410068940853,0.05795899310591468,snapshot_1176.xyz,32,4000,16.757672110741936,4000,all,1176
0.0942046,0.100458,0.0,0.9377510999621732,0.06224890003782679,snapshot_1177.xyz,32,4000,16.757672110741936,4000,all,1177
0.0947619,0.101636,0.0,0.9323655004132393,0.06763449958676071,snapshot_1178.xyz,32,4000,16.757672110741936,4000,all,1178
0.0944136,0.101428,0.0,0.9308435540481917,0.06915644595180825,snapshot_1179.xyz,32,4000,16.757672110741936,4000,all,1179
0.0948315,0.100943,0.0,0.9394559305746807,0.06054406942531931,snapshot_1180.xyz,32,4000,16.757672110741936,4000,all,1180
0.0943439,0.100736,0.0,0.9365460212833544,0.0634539787166456,snapshot_1181.xyz,32,4000,16.757672110741936,4000,all,1181
0.0953189,0.100181,0.0,0.9514668450105309,0.048533154989469085,snapshot_1182.xyz,32,4000,16.757672110741936,4000,all,1182
0.0955973,0.100943,0.0,0.9470423902598495,0.05295760974015051,snapshot_1183.xyz,32,4000,16.757672110741936,4000,all,1183
0.0943439,0.100528,0.0,0.9384838055069233,0.06151619449307666,snapshot_1184.xyz,32,4000,16.757672110741936,4000,all,1184
0.0946226,0.100805,0.0,0.9386697088438073,0.06133029115619271,snapshot_1185.xyz,32,4000,16.757672110741936,4000,all,1185
0.0946922,0.100805,0.0,0.9393601507861713,0.0606398492138287,snapshot_1186.xyz,32,4000,16.757672110741936,4000,all,1186
0.0946226,0.10129,0.0,0.9341751406851614,0.06582485931483861,snapshot_1187.xyz,32,4000,16.757672110741936,4000,all,1187
0.0949011,0.0999732,0.0,0.9492654031280383,0.05073459687196169,snapshot_1188.xyz,32,4000,16.757672110741936,4000,all,1188
0.0951797,0.100528,0.0,0.9467979070507719,0.053202092949228064,snapshot_1189.xyz,32,4000,16.757672110741936,4000,all,1189
0.0948315,0.100597,0.0,0.9426871576687177,0.05731284233128231,snapshot_1190.xyz,32,4000,16.757672110741936,4000,all,1190
0.0939955,0.101013,0.0,0.9305287438250521,0.06947125617494787,snapshot_1191.xyz,32,4000,16.757672110741936,4000,all,1191
0.0948315,0.100528,0.0,0.9433341954480343,0.05666580455196568,snapshot_1192.xyz,32,4000,16.757672110741936,4000,all,1192
0.0953189,0.101013,0.0,0.9436300278182016,0.0563699721817984,snapshot_1193.xyz,32,4000,16.757672110741936,4000,all,1193
0.0953885,0.100666,0.0,0.9475741561202392,0.05242584387976079,snapshot_1194.xyz,32,4000,16.757672110741936,4000,all,1194
0.0944833,0.100805,0.0,0.9372878329447945,0.06271216705520555,snapshot_1195.xyz,32,4000,16.757672110741936,4000,all,1195
0.0953189,0.100805,0.0,0.945577104310302,0.05442289568969805,snapshot_1196.xyz,32,4000,16.757672110741936,4000,all,1196
0.0953189,0.100528,0.0,0.9481825958936813,0.05181740410631874,snapshot_1197.xyz,32,4000,16.757672110741936,4000,all,1197
0.0949708,0.0999732,0.0,0.949962589974113,0.05003741002588702,snapshot_1198.xyz,32,4000,16.757672110741936,4000,all,1198
0.0943439,0.100943,0.0,0.9346254817074982,0.06537451829250185,snapshot_1199.xyz,32,4000,16.757672110741936,4000,all,1199
0.0957365,0.10025,0.0,0.9549775561097257,0.04502244389027432,snapshot_1200.xyz,32,4000,16.757672110741936,4000,all,1200
0.0947619,0.100528,0.0,0.9426418510265796,0.0573581489734204,snapshot_1201.xyz,32,4000,16.757672110741936,4000,all,1201
