cid,cid_shuffled,cid_shuffled_std,cid_normalized,compression_gain,snapshot,nbins,n_particles_total,box_length,n_particles_filtered,atom_types,snapshot_num
0.112319,0.173243,0.0,0.6483321115427463,0.3516678884572537,snapshot_1.xyz,32,10000,40.0,10000,all,1
0.17496,0.177004,0.0,0.9884522383674946,0.011547761632505371,snapshot_2.xyz,32,10000,40.0,10000,all,2
0.169011,0.179903,0.0,0.9394562625414806,0.060543737458519375,snapshot_3.xyz,32,10000,40.0,10000,all,3
0.1704,0.182732,0.0,0.9325131887135257,0.06748681128647427,snapshot_4.xyz,32,10000,40.0,10000,all,4
0.167222,0.18168,0.0,0.9204205195948921,0.07957948040510787,snapshot_5.xyz,32,10000,40.0,10000,all,5
0.168017,0.181943,0.0,0.9234595450223422,0.07654045497765782,snapshot_6.xyz,32,10000,40.0,10000,all,6
0.166957,0.181877,0.0,0.9179665378250135,0.08203346217498653,snapshot_7.xyz,32,10000,40.0,10000,all,7
0.16709,0.182074,0.0,0.9177037907663915,0.08229620923360847,snapshot_8.xyz,32,10000,40.0,10000,all,8
0.168746,0.183849,0.0,0.9178510625567721,0.08214893744322793,snapshot_9.xyz,32,10000,40.0,10000,all,9
0.167421,0.1826,0.0,0.9168729463307775,0.08312705366922246,snapshot_10.xyz,32,10000,40.0,10000,all,10
0.168878,0.182272,0.0,0.9265164150280899,0.0734835849719101,snapshot_11.xyz,32,10000,40.0,10000,all,11
0.170334,0.182009,0.0,0.9358548203660259,0.06414517963397415,snapshot_12.xyz,32,10000,40.0,10000,all,12
0.169739,0.182666,0.0,0.9292314935455969,0.07076850645440314,snapshot_13.xyz,32,10000,40.0,10000,all,13
0.170665,0.182206,0.0,0.9366596050624019,0.06334039493759813,snapshot_14.xyz,32,10000,40.0,10000,all,14
0.169937,0.182009,0.0,0.9336736095467807,0.06632639045321931,snapshot_15.xyz,32,10000,40.0,10000,all,15
0.170136,0.181877,0.0,0.9354453834184642,0.06455461658153583,snapshot_16.xyz,32,10000,40.0,10000,all,16
0.172979,0.184572,0.0,0.9371898229417245,0.06281017705827552,snapshot_17.xyz,32,10000,40.0,10000,all,17
0.170004,0.18214,0.0,0.93336993521467,0.06663006478532996,snapshot_18.xyz,32,10000,40.0,10000,all,18
0.17126,0.182732,0.0,0.9372195346190049,0.06278046538099513,snapshot_19.xyz,32,10000,40.0,10000,all,19
0.171459,0.183783,0.0,0.9329426551966178,0.06705734480338221,snapshot_20.xyz,32,10000,40.0,10000,all,20
0.169937,0.181548,0.0,0.9360444620706371,0.06395553792936293,snapshot_21.xyz,32,10000,40.0,10000,all,21
0.17093,0.183323,0.0,0.9323980078877172,0.0676019921122828,snapshot_22.xyz,32,10000,40.0,10000,all,22
0.171591,0.183389,0.0,0.9356668066241705,0.06433319337582954,snapshot_23.xyz,32,10000,40.0,10000,all,23
0.169805,0.181482,0.0,0.935657530774402,0.06434246922559805,snapshot_24.xyz,32,10000,40.0,10000,all,24
0.171393,0.181548,0.0,0.9440643796681869,0.055935620331813096,snapshot_25.xyz,32,10000,40.0,10000,all,25
0.171062,0.182469,0.0,0.9374852714707703,0.06251472852922968,snapshot_26.xyz,32,10000,40.0,10000,all,26
0.172979,0.181745,0.0,0.9517675864535475,0.04823241354645247,snapshot_27.xyz,32,10000,40.0,10000,all,27
0.171128,0.182469,0.0,0.9378469767467351,0.06215302325326488,snapshot_28.xyz,32,10000,40.0,10000,all,28
0.172913,0.182995,0.0,0.9449055985136207,0.05509440148637934,snapshot_29.xyz,32,10000,40.0,10000,all,29
0.173507,0.182009,0.0,0.9532880242185825,0.0467119757814175,snapshot_30.xyz,32,10000,40.0,10000,all,30
0.175092,0.183652,0.0,0.9533901073769956,0.04660989262300441,snapshot_31.xyz,32,10000,40.0,10000,all,31
0.172979,0.18168,0.0,0.9521081021576397,0.047891897842360254,snapshot_32.xyz,32,10000,40.0,10000,all,32
0.173507,0.182009,0.0,0.9532880242185825,0.0467119757814175,snapshot_33.xyz,32,10000,40.0,10000,all,33
0.174366,0.182469,0.0,0.9555924568008812,0.04440754319911877,snapshot_34.xyz,32,10000,40.0,10000,all,34
0.172913,0.18089,0.0,0.9559013765271713,0.04409862347282867,snapshot_35.xyz,32,10000,40.0,10000,all,35
0.174101,0.181351,0.0,0.9600222772413717,0.03997772275862832,snapshot_36.xyz,32,10000,40.0,10000,all,36
0.171723,0.181417,0.0,0.9465650958840681,0.05343490411593188,snapshot_37.xyz,32,10000,40.0,10000,all,37
0.174432,0.18214,0.0,0.9576809047985066,0.04231909520149335,snapshot_38.xyz,32,10000,40.0,10000,all,38
0.173177,0.181943,0.0,0.9518200755181568,0.04817992448184316,snapshot_39.xyz,32,10000,40.0,10000,all,39
0.174035,0.181417,0.0,0.9593092157846288,0.0406907842153712,snapshot_40.xyz,32,10000,40.0,10000,all,40
0.172913,0.181285,0.0,0.9538185729652205,0.046181427034779454,snapshot_41.xyz,32,10000,40.0,10000,all,41
0.173705,0.181811,0.0,0.9554152389019366,0.04458476109806342,snapshot_42.xyz,32,10000,40.0,10000,all,42
0.174498,0.181088,0.0,0.9636088531542675,0.036391146845732525,snapshot_43.xyz,32,10000,40.0,10000,all,43
0.173639,0.182272,0.0,0.95263671875,0.04736328125,snapshot_44.xyz,32,10000,40.0,10000,all,44
0.173639,0.182337,0.0,0.9522971201676017,0.04770287983239829,snapshot_45.xyz,32,10000,40.0,10000,all,45
0.173639,0.18089,0.0,0.9599148653878047,0.04008513461219532,snapshot_46.xyz,32,10000,40.0,10000,all,46
0.173573,0.181877,0.0,0.9543427701138681,0.045657229886131856,snapshot_47.xyz,32,10000,40.0,10000,all,47
0.174762,0.181351,0.0,0.9636671427232273,0.03633285727677271,snapshot_48.xyz,32,10000,40.0,10000,all,48
0.17529,0.182009,0.0,0.9630842430868803,0.03691575691311966,snapshot_49.xyz,32,10000,40.0,10000,all,49
0.175224,0.182272,0.0,0.9613325140449438,0.0386674859550562,snapshot_50.xyz,32,10000,40.0,10000,all,50
0.17463,0.182074,0.0,0.9591155244570888,0.04088447554291119,snapshot_51.xyz,32,10000,40.0,10000,all,51
0.174564,0.182009,0.0,0.9590954293469004,0.0409045706530996,snapshot_52.xyz,32,10000,40.0,10000,all,52
0.173969,0.18168,0.0,0.9575572435050639,0.04244275649493612,snapshot_53.xyz,32,10000,40.0,10000,all,53
0.17463,0.18168,0.0,0.9611955085865258,0.038804491413474196,snapshot_54.xyz,32,10000,40.0,10000,all,54
0.174234,0.181811,0.0,0.9583248538317264,0.041675146168273614,snapshot_55.xyz,32,10000,40.0,10000,all,55
0.17496,0.18168,0.0,0.963011889035667,0.036988110964332965,snapshot_56.xyz,32,10000,40.0,10000,all,56
0.173045,0.182535,0.0,0.9480099706905525,0.051990029309447516,snapshot_57.xyz,32,10000,40.0,10000,all,57
0.173837,0.182206,0.0,0.954068471949332,0.045931528050668025,snapshot_58.xyz,32,10000,40.0,10000,all,58
0.173177,0.182074,0.0,0.9511352526994518,0.04886474730054824,snapshot_59.xyz,32,10000,40.0,10000,all,59
0.175949,0.184046,0.0,0.9560055638264348,0.04399443617356524,snapshot_60.xyz,32,10000,40.0,10000,all,60
0.175092,0.183389,0.0,0.9547573736701765,0.045242626329823454,snapshot_61.xyz,32,10000,40.0,10000,all,61
0.176213,0.182272,0.0,0.9667584708567417,0.033241529143258286,snapshot_62.xyz,32,10000,40.0,10000,all,62
0.176807,0.183586,0.0,0.9630745263800071,0.03692547361999288,snapshot_63.xyz,32,10000,40.0,10000,all,63
0.174894,0.181088,0.0,0.9657956352712493,0.03420436472875066,snapshot_64.xyz,32,10000,40.0,10000,all,64
0.175949,0.181614,0.0,0.9688074707896968,0.031192529210303244,snapshot_65.xyz,32,10000,40.0,10000,all,65
0.175685,0.182074,0.0,0.9649098718103628,0.03509012818963719,snapshot_66.xyz,32,10000,40.0,10000,all,66
0.175883,0.181614,0.0,0.9684440626823924,0.03155593731760764,snapshot_67.xyz,32,10000,40.0,10000,all,67
0.175619,0.18089,0.0,0.9708607440986234,0.02913925590137656,snapshot_68.xyz,32,10000,40.0,10000,all,68
0.1743,0.181614,0.0,0.9597277742905284,0.04027222570947164,snapshot_69.xyz,32,10000,40.0,10000,all,69
0.176081,0.18306,0.0,0.9618758876870971,0.038124112312902914,snapshot_70.xyz,32,10000,40.0,10000,all,70
0.175883,0.181219,0.0,0.9705549638834781,0.02944503611652194,snapshot_71.xyz,32,10000,40.0,10000,all,71
0.175685,0.182337,0.0,0.9635181010985154,0.036481898901484566,snapshot_72.xyz,32,10000,40.0,10000,all,72
0.175619,0.18168,0.0,0.9666391457507705,0.03336085424922952,snapshot_73.xyz,32,10000,40.0,10000,all,73
0.176807,0.183455,0.0,0.9637622305197459,0.036237769480254145,snapshot_74.xyz,32,10000,40.0,10000,all,74
0.176675,0.183192,0.0,0.9644253024149526,0.03557469758504739,snapshot_75.xyz,32,10000,40.0,10000,all,75
0.175553,0.181417,0.0,0.9676766785913117,0.03232332140868832,snapshot_76.xyz,32,10000,40.0,10000,all,76
0.177532,0.184046,0.0,0.964606674418352,0.03539332558164798,snapshot_77.xyz,32,10000,40.0,10000,all,77
0.174828,0.181482,0.0,0.9633352067973684,0.03666479320263161,snapshot_78.xyz,32,10000,40.0,10000,all,78
0.175949,0.183389,0.0,0.9594305001935776,0.04056949980642244,snapshot_79.xyz,32,10000,40.0,10000,all,79
0.174828,0.182009,0.0,0.9605459070705296,0.03945409292947044,snapshot_80.xyz,32,10000,40.0,10000,all,80
0.173573,0.181482,0.0,0.9564199204328804,0.04358007956711962,snapshot_81.xyz,32,10000,40.0,10000,all,81
0.174234,0.180693,0.0,0.9642542876591789,0.035745712340821134,snapshot_82.xyz,32,10000,40.0,10000,all,82
0.17529,0.182206,0.0,0.9620429623612834,0.037957037638716606,snapshot_83.xyz,32,10000,40.0,10000,all,83
0.17529,0.181417,0.0,0.9662269798309971,0.033773020169002854,snapshot_84.xyz,32,10000,40.0,10000,all,84
0.174366,0.181548,0.0,0.9604402141582392,0.039559785841760786,snapshot_85.xyz,32,10000,40.0,10000,all,85
0.17529,0.182272,0.0,0.961694610252809,0.038305389747191,snapshot_86.xyz,32,10000,40.0,10000,all,86
0.176015,0.181417,0.0,0.9702232977063892,0.029776702293610846,snapshot_87.xyz,32,10000,40.0,10000,all,87
0.174564,0.18168,0.0,0.9608322324966975,0.03916776750330253,snapshot_88.xyz,32,10000,40.0,10000,all,88
0.176609,0.182337,0.0,0.9685856408737666,0.03141435912623336,snapshot_89.xyz,32,10000,40.0,10000,all,89
0.1743,0.182074,0.0,0.9573030745740743,0.042696925425925736,snapshot_90.xyz,32,10000,40.0,10000,all,90
0.17529,0.181943,0.0,0.9634336028316561,0.03656639716834387,snapshot_91.xyz,32,10000,40.0,10000,all,91
0.174432,0.182666,0.0,0.95492319315034,0.04507680684965998,snapshot_92.xyz,32,10000,40.0,10000,all,92
0.174762,0.18089,0.0,0.9661230582121731,0.03387694178782685,snapshot_93.xyz,32,10000,40.0,10000,all,93
0.176345,0.182337,0.0,0.9671377723665521,0.03286222763344793,snapshot_94.xyz,32,10000,40.0,10000,all,94
0.174498,0.181745,0.0,0.9601254504938237,0.039874549506176304,snapshot_95.xyz,32,10000,40.0,10000,all,95
0.174894,0.182469,0.0,0.9584860990085987,0.04151390099140129,snapshot_96.xyz,32,10000,40.0,10000,all,96
0.174498,0.18214,0.0,0.9580432634237399,0.04195673657626009,snapshot_97.xyz,32,10000,40.0,10000,all,97
0.175751,0.181351,0.0,0.9691206555243698,0.030879344475630233,snapshot_98.xyz,32,10000,40.0,10000,all,98
0.175751,0.181745,0.0,0.9670197254394894,0.03298027456051056,snapshot_99.xyz,32,10000,40.0,10000,all,99
0.175817,0.1826,0.0,0.9628532311062431,0.0371467688937569,snapshot_100.xyz,32,10000,40.0,10000,all,100
0.177136,0.182074,0.0,0.9728791590232542,0.02712084097674583,snapshot_101.xyz,32,10000,40.0,10000,all,101
0.175422,0.181351,0.0,0.9673064940364265,0.032693505963573455,snapshot_102.xyz,32,10000,40.0,10000,all,102
0.177795,0.182863,0.0,0.972285262737678,0.027714737262321987,snapshot_103.xyz,32,10000,40.0,10000,all,103
0.178059,0.183586,0.0,0.9698942185133942,0.03010578148660581,snapshot_104.xyz,32,10000,40.0,10000,all,104
0.175751,0.182403,0.0,0.9635313015685047,0.03646869843149525,snapshot_105.xyz,32,10000,40.0,10000,all,105
0.176609,0.182863,0.0,0.965799532983709,0.03420046701629098,snapshot_106.xyz,32,10000,40.0,10000,all,106
0.176477,0.18043,0.0,0.9780912265144377,0.021908773485562305,snapshot_107.xyz,32,10000,40.0,10000,all,107
0.175751,0.182337,0.0,0.963880068225319,0.03611993177468098,snapshot_108.xyz,32,10000,40.0,10000,all,108
0.176938,0.18306,0.0,0.9665574128700973,0.03344258712990267,snapshot_109.xyz,32,10000,40.0,10000,all,109
0.176081,0.183586,0.0,0.9591199764687939,0.04088002353120612,snapshot_110.xyz,32,10000,40.0,10000,all,110
0.175685,0.183126,0.0,0.9593667747889432,0.040633225211056834,snapshot_111.xyz,32,10000,40.0,10000,all,111
0.17529,0.181614,0.0,0.9651788959000959,0.03482110409990413,snapshot_112.xyz,32,10000,40.0,10000,all,112
0.17463,0.181745,0.0,0.9608517428264878,0.039148257173512224,snapshot_113.xyz,32,10000,40.0,10000,all,113
0.175026,0.180364,0.0,0.9704042935397307,0.029595706460269322,snapshot_114.xyz,32,10000,40.0,10000,all,114
0.175488,0.182929,0.0,0.9593230160335431,0.040676983966456914,snapshot_115.xyz,32,10000,40.0,10000,all,115
0.175553,0.181811,0.0,0.9655796403957956,0.03442035960420442,snapshot_116.xyz,32,10000,40.0,10000,all,116
0.176543,0.183258,0.0,0.9633576706064674,0.036642329393532624,snapshot_117.xyz,32,10000,40.0,10000,all,117
0.175619,0.183258,0.0,0.9583155987733141,0.04168440122668593,snapshot_118.xyz,32,10000,40.0,10000,all,118
0.173111,0.18214,0.0,0.9504282420116393,0.049571757988360665,snapshot_119.xyz,32,10000,40.0,10000,all,119
0.177136,0.182403,0.0,0.971124378436758,0.02887562156324197,snapshot_120.xyz,32,10000,40.0,10000,all,120
0.172913,0.181811,0.0,0.95105906683314,0.04894093316685999,snapshot_121.xyz,32,10000,40.0,10000,all,121
0.175224,0.181351,0.0,0.9662146886424667,0.033785311357533265,snapshot_122.xyz,32,10000,40.0,10000,all,122
0.175553,0.183126,0.0,0.9586459596125071,0.04135404038749291,snapshot_123.xyz,32,10000,40.0,10000,all,123
0.175553,0.183455,0.0,0.9569267667820446,0.04307323321795542,snapshot_124.xyz,32,10000,40.0,10000,all,124
0.175092,0.182403,0.0,0.9599184223943684,0.04008157760563158,snapshot_125.xyz,32,10000,40.0,10000,all,125
0.174564,0.18306,0.0,0.9535889872173058,0.046411012782694216,snapshot_126.xyz,32,10000,40.0,10000,all,126
0.176477,0.184309,0.0,0.95750614457243,0.042493855427570004,snapshot_127.xyz,32,10000,40.0,10000,all,127
0.174168,0.183783,0.0,0.9476828651181012,0.05231713488189882,snapshot_128.xyz,32,10000,40.0,10000,all,128
0.175026,0.183389,0.0,0.9543974829460872,0.04560251705391283,snapshot_129.xyz,32,10000,40.0,10000,all,129
0.17463,0.182863,0.0,0.9549772233858135,0.04502277661418652,snapshot_130.xyz,32,10000,40.0,10000,all,130
0.174035,0.180824,0.0,0.9624552050612749,0.03754479493872509,snapshot_131.xyz,32,10000,40.0,10000,all,131
0.173111,0.182206,0.0,0.9500839708900913,0.049916029109908666,snapshot_132.xyz,32,10000,40.0,10000,all,132
0.174894,0.183455,0.0,0.953334605216538,0.04666539478346199,snapshot_133.xyz,32,10000,40.0,10000,all,133
0.175817,0.183915,0.0,0.9559687899301308,0.04403121006986921,snapshot_134.xyz,32,10000,40.0,10000,all,134
0.17463,0.183783,0.0,0.9501966993682768,0.049803300631723224,snapshot_135.xyz,32,10000,40.0,10000,all,135
0.174894,0.183652,0.0,0.9523119813560429,0.04768801864395711,snapshot_136.xyz,32,10000,40.0,10000,all,136
0.173507,0.183718,0.0,0.9444202527787152,0.05557974722128478,snapshot_137.xyz,32,10000,40.0,10000,all,137
0.174101,0.182732,0.0,0.9527668935928025,0.04723310640719747,snapshot_138.xyz,32,10000,40.0,10000,all,138
0.17245,0.182535,0.0,0.9447503218560823,0.05524967814391768,snapshot_139.xyz,32,10000,40.0,10000,all,139
0.173639,0.182272,0.0,0.95263671875,0.04736328125,snapshot_140.xyz,32,10000,40.0,10000,all,140
0.172979,0.181548,0.0,0.9528003613369468,0.04719963866305321,snapshot_141.xyz,32,10000,40.0,10000,all,141
0.173573,0.183783,0.0,0.9444453513110571,0.05555464868894289,snapshot_142.xyz,32,10000,40.0,10000,all,142
0.172913,0.183455,0.0,0.9425363168079366,0.05746368319206341,snapshot_143.xyz,32,10000,40.0,10000,all,143
0.171591,0.181417,0.0,0.9458374904226174,0.054162509577382556,snapshot_144.xyz,32,10000,40.0,10000,all,144
0.173837,0.183323,0.0,0.9482552652967712,0.05174473470322882,snapshot_145.xyz,32,10000,40.0,10000,all,145
0.17093,0.183323,0.0,0.9323980078877172,0.0676019921122828,snapshot_146.xyz,32,10000,40.0,10000,all,146
0.171393,0.184243,0.0,0.9302551521631758,0.06974484783682422,snapshot_147.xyz,32,10000,40.0,10000,all,147
0.170533,0.182666,0.0,0.9335782247380464,0.06642177526195359,snapshot_148.xyz,32,10000,40.0,10000,all,148
0.170334,0.182863,0.0,0.9314842258958893,0.0685157741041107,snapshot_149.xyz,32,10000,40.0,10000,all,149
0.169342,0.183323,0.0,0.9237357014668098,0.07626429853319017,snapshot_150.xyz,32,10000,40.0,10000,all,150
0.168945,0.18306,0.0,0.9228941330711243,0.07710586692887567,snapshot_151.xyz,32,10000,40.0,10000,all,151
0.167421,0.182535,0.0,0.9171994412030569,0.08280055879694315,snapshot_152.xyz,32,10000,40.0,10000,all,152
0.16815,0.184375,0.0,0.9119999999999999,0.08800000000000008,snapshot_153.xyz,32,10000,40.0,10000,all,153
0.16762,0.184572,0.0,0.9081550831111976,0.09184491688880236,snapshot_154.xyz,32,10000,40.0,10000,all,154
0.166493,0.183323,0.0,0.9081948255265296,0.09180517447347036,snapshot_155.xyz,32,10000,40.0,10000,all,155
0.166759,0.182797,0.0,0.9122633303610016,0.0877366696389984,snapshot_156.xyz,32,10000,40.0,10000,all,156
0.165167,0.184177,0.0,0.8967840718439327,0.10321592815606728,snapshot_157.xyz,32,10000,40.0,10000,all,157
0.163906,0.183126,0.0,0.8950449417341065,0.10495505826589346,snapshot_158.xyz,32,10000,40.0,10000,all,158
0.16457,0.18398,0.0,0.8944994021089249,0.10550059789107513,snapshot_159.xyz,32,10000,40.0,10000,all,159
0.161182,0.183783,0.0,0.8770234461294025,0.12297655387059747,snapshot_160.xyz,32,10000,40.0,10000,all,160
0.161448,0.183718,0.0,0.8787816109472126,0.12121838905278737,snapshot_161.xyz,32,10000,40.0,10000,all,161
0.156189,0.182666,0.0,0.8550523907021559,0.14494760929784412,snapshot_162.xyz,32,10000,40.0,10000,all,162
0.15352,0.182206,0.0,0.8425628135187644,0.1574371864812356,snapshot_163.xyz,32,10000,40.0,10000,all,163
0.150379,0.183192,0.0,0.820881916240884,0.17911808375911598,snapshot_164.xyz,32,10000,40.0,10000,all,164
0.146494,0.184572,0.0,0.7936956851526775,0.20630431484732248,snapshot_165.xyz,32,10000,40.0,10000,all,165
0.143205,0.184769,0.0,0.7750488447737446,0.22495115522625542,snapshot_166.xyz,32,10000,40.0,10000,all,166
0.137686,0.183258,0.0,0.7513232710168178,0.24867672898318216,snapshot_167.xyz,32,10000,40.0,10000,all,167
0.135865,0.182272,0.0,0.7453969891151686,0.2546030108848314,snapshot_168.xyz,32,10000,40.0,10000,all,168
0.134108,0.18214,0.0,0.7362907653453388,0.26370923465466123,snapshot_169.xyz,32,10000,40.0,10000,all,169
0.128082,0.181811,0.0,0.7044788269136631,0.29552117308633685,snapshot_170.xyz,32,10000,40.0,10000,all,170
0.124685,0.183192,0.0,0.6806246997685489,0.3193753002314511,snapshot_171.xyz,32,10000,40.0,10000,all,171
0.120871,0.1826,0.0,0.6619441401971522,0.3380558598028478,snapshot_172.xyz,32,10000,40.0,10000,all,172
0.118277,0.181811,0.0,0.6505491966932694,0.3494508033067306,snapshot_173.xyz,32,10000,40.0,10000,all,173
0.116842,0.1826,0.0,0.6398795180722892,0.36012048192771084,snapshot_174.xyz,32,10000,40.0,10000,all,174
0.11376,0.182206,0.0,0.6243482651504341,0.37565173484956593,snapshot_175.xyz,32,10000,40.0,10000,all,175
0.113074,0.180495,0.0,0.6264661070943793,0.37353389290562067,snapshot_176.xyz,32,10000,40.0,10000,all,176
0.112114,0.181548,0.0,0.6175446713816732,0.38245532861832676,snapshot_177.xyz,32,10000,40.0,10000,all,177
0.109227,0.179706,0.0,0.6078094220560248,0.39219057794397516,snapshot_178.xyz,32,10000,40.0,10000,all,178
0.10785,0.179574,0.0,0.6005880584048916,0.3994119415951084,snapshot_179.xyz,32,10000,40.0,10000,all,179
0.104816,0.179837,0.0,0.5828389041187297,0.41716109588127026,snapshot_180.xyz,32,10000,40.0,10000,all,180
0.102743,0.179903,0.0,0.5711022050771805,0.42889779492281954,snapshot_181.xyz,32,10000,40.0,10000,all,181
0.100528,0.178059,0.0,0.564576909900651,0.435423090099349,snapshot_182.xyz,32,10000,40.0,10000,all,182
0.099141,0.179969,0.0,0.5508782068022827,0.4491217931977173,snapshot_183.xyz,32,10000,40.0,10000,all,183
0.0981693,0.178059,0.0,0.5513301770761377,0.44866982292386226,snapshot_184.xyz,32,10000,40.0,10000,all,184
0.0982387,0.177466,0.0,0.5535634994872257,0.4464365005127743,snapshot_185.xyz,32,10000,40.0,10000,all,185
0.0962235,0.176609,0.0,0.5448391644819913,0.4551608355180087,snapshot_186.xyz,32,10000,40.0,10000,all,186
0.0946922,0.176477,0.0,0.5365696379698205,0.4634303620301795,snapshot_187.xyz,32,10000,40.0,10000,all,187
0.0944833,0.176081,0.0,0.5365899784758151,0.46341002152418487,snapshot_188.xyz,32,10000,40.0,10000,all,188
0.0929496,0.174696,0.0,0.532064844071988,0.46793515592801205,snapshot_189.xyz,32,10000,40.0,10000,all,189
0.0924612,0.17463,0.0,0.5294691633739906,0.47053083662600936,snapshot_190.xyz,32,10000,40.0,10000,all,190
0.090715,0.174762,0.0,0.5190773737997963,0.48092262620020365,snapshot_191.xyz,32,10000,40.0,10000,all,191
0.0918329,0.174366,0.0,0.5266674695754906,0.4733325304245094,snapshot_192.xyz,32,10000,40.0,10000,all,192
0.0919027,0.174894,0.0,0.5254765743821973,0.4745234256178027,snapshot_193.xyz,32,10000,40.0,10000,all,193
0.0910645,0.173045,0.0,0.5262475078736745,0.47375249212632553,snapshot_194.xyz,32,10000,40.0,10000,all,194
0.089596,0.172714,0.0,0.5187535463251386,0.4812464536748614,snapshot_195.xyz,32,10000,40.0,10000,all,195
0.089386,0.171921,0.0,0.5199248492039948,0.48007515079600516,snapshot_196.xyz,32,10000,40.0,10000,all,196
0.088896,0.171591,0.0,0.518069129499799,0.481930870500201,snapshot_197.xyz,32,10000,40.0,10000,all,197
0.0884757,0.171326,0.0,0.5164172396483896,0.4835827603516104,snapshot_198.xyz,32,10000,40.0,10000,all,198
0.0875647,0.16954,0.0,0.5164840155715466,0.48351598442845345,snapshot_199.xyz,32,10000,40.0,10000,all,199
0.0881254,0.169606,0.0,0.5195889296369233,0.48041107036307673,snapshot_200.xyz,32,10000,40.0,10000,all,200
0.0879152,0.170665,0.0,0.5151331555972226,0.4848668444027774,snapshot_201.xyz,32,10000,40.0,10000,all,201
0.0880553,0.170268,0.0,0.517157070030775,0.48284292996922495,snapshot_202.xyz,32,10000,40.0,10000,all,202
0.0877049,0.169871,0.0,0.5163029593044134,0.4836970406955866,snapshot_203.xyz,32,10000,40.0,10000,all,203
0.087775,0.170202,0.0,0.5157107437045394,0.4842892562954606,snapshot_204.xyz,32,10000,40.0,10000,all,204
0.0883356,0.169739,0.0,0.5204201745032079,0.4795798254967921,snapshot_205.xyz,32,10000,40.0,10000,all,205
0.0885458,0.170731,0.0,0.5186275485998442,0.48137245140015583,snapshot_206.xyz,32,10000,40.0,10000,all,206
0.0879152,0.170731,0.0,0.5149340190123645,0.48506598098763554,snapshot_207.xyz,32,10000,40.0,10000,all,207
0.087775,0.17007,0.0,0.5161110131122479,0.48388898688775206,snapshot_208.xyz,32,10000,40.0,10000,all,208
0.0884757,0.169011,0.0,0.5234907787067115,0.47650922129328854,snapshot_209.xyz,32,10000,40.0,10000,all,209
0.0881955,0.17126,0.0,0.5149801471446923,0.4850198528553077,snapshot_210.xyz,32,10000,40.0,10000,all,210
0.0886158,0.169408,0.0,0.5230909992444276,0.4769090007555724,snapshot_211.xyz,32,10000,40.0,10000,all,211
0.0882656,0.170202,0.0,0.5185932010199645,0.48140679898003547,snapshot_212.xyz,32,10000,40.0,10000,all,212
0.0882656,0.169077,0.0,0.5220438025278423,0.4779561974721577,snapshot_213.xyz,32,10000,40.0,10000,all,213
0.0884057,0.170533,0.0,0.5184081673341817,0.4815918326658183,snapshot_214.xyz,32,10000,40.0,10000,all,214
0.0877049,0.170533,0.0,0.5142986987855723,0.48570130121442767,snapshot_215.xyz,32,10000,40.0,10000,all,215
0.0877049,0.168613,0.0,0.5201550295647429,0.4798449704352571,snapshot_216.xyz,32,10000,40.0,10000,all,216
0.0875647,0.169606,0.0,0.51628303243989,0.48371696756010996,snapshot_217.xyz,32,10000,40.0,10000,all,217
0.0878451,0.170136,0.0,0.5163228240936661,0.48367717590633386,snapshot_218.xyz,32,10000,40.0,10000,all,218
0.0888259,0.169606,0.0,0.5237190901265285,0.4762809098734715,snapshot_219.xyz,32,10000,40.0,10000,all,219
0.0884757,0.169805,0.0,0.52104296104355,0.47895703895645003,snapshot_220.xyz,32,10000,40.0,10000,all,220
0.088966,0.169606,0.0,0.5245451222244496,0.4754548777755504,snapshot_221.xyz,32,10000,40.0,10000,all,221
0.0881254,0.169474,0.0,0.519993627341067,0.480006372658933,snapshot_222.xyz,32,10000,40.0,10000,all,222
0.088896,0.171128,0.0,0.5194708054789398,0.48052919452106024,snapshot_223.xyz,32,10000,40.0,10000,all,223
0.0885458,0.169606,0.0,0.5220676155324693,0.4779323844675307,snapshot_224.xyz,32,10000,40.0,10000,all,224
0.088896,0.169342,0.0,0.5249495104581262,0.4750504895418738,snapshot_225.xyz,32,10000,40.0,10000,all,225
0.0883356,0.170334,0.0,0.5186022755292542,0.4813977244707458,snapshot_226.xyz,32,10000,40.0,10000,all,226
0.0882656,0.170467,0.0,0.5177870203617122,0.4822129796382878,snapshot_227.xyz,32,10000,40.0,10000,all,227
0.0879852,0.169871,0.0,0.5179530349500503,0.4820469650499497,snapshot_228.xyz,32,10000,40.0,10000,all,228
0.0887559,0.170533,0.0,0.5204617288149508,0.4795382711850492,snapshot_229.xyz,32,10000,40.0,10000,all,229
0.089036,0.169606,0.0,0.5249578434725186,0.4750421565274814,snapshot_230.xyz,32,10000,40.0,10000,all,230
0.0885458,0.169739,0.0,0.5216585463564649,0.4783414536435351,snapshot_231.xyz,32,10000,40.0,10000,all,231
0.0884057,0.170863,0.0,0.5174069283578072,0.4825930716421928,snapshot_232.xyz,32,10000,40.0,10000,all,232
0.0884057,0.169739,0.0,0.5208331615008925,0.47916683849910746,snapshot_233.xyz,32,10000,40.0,10000,all,233
0.0881254,0.171062,0.0,0.5151664308847085,0.4848335691152915,snapshot_234.xyz,32,10000,40.0,10000,all,234
0.0881955,0.170202,0.0,0.5181813374695949,0.48181866253040506,snapshot_235.xyz,32,10000,40.0,10000,all,235
0.088896,0.169871,0.0,0.5233147506048708,0.47668524939512924,snapshot_236.xyz,32,10000,40.0,10000,all,236
0.088966,0.169805,0.0,0.5239303907423221,0.47606960925767794,snapshot_237.xyz,32,10000,40.0,10000,all,237
0.0877049,0.169937,0.0,0.5161024379623037,0.4838975620376963,snapshot_238.xyz,32,10000,40.0,10000,all,238
0.0886158,0.17007,0.0,0.5210548597636268,0.47894514023637325,snapshot_239.xyz,32,10000,40.0,10000,all,239
0.089526,0.169937,0.0,0.5268187622471857,0.4731812377528143,snapshot_240.xyz,32,10000,40.0,10000,all,240
0.0882656,0.170863,0.0,0.5165869731890462,0.48341302681095377,snapshot_241.xyz,32,10000,40.0,10000,all,241
0.0886859,0.169871,0.0,0.5220779297231428,0.4779220702768572,snapshot_242.xyz,32,10000,40.0,10000,all,242
0.0884757,0.169871,0.0,0.5208405201594152,0.4791594798405848,snapshot_243.xyz,32,10000,40.0,10000,all,243
0.0888259,0.170731,0.0,0.5202681411108704,0.4797318588891296,snapshot_244.xyz,32,10000,40.0,10000,all,244
0.0888259,0.170467,0.0,0.5210738735356403,0.4789261264643597,snapshot_245.xyz,32,10000,40.0,10000,all,245
0.0879852,0.169871,0.0,0.5179530349500503,0.4820469650499497,snapshot_246.xyz,32,10000,40.0,10000,all,246
0.0886859,0.169606,0.0,0.5228936476303904,0.47710635236960963,snapshot_247.xyz,32,10000,40.0,10000,all,247
0.0876348,0.169077,0.0,0.518312958001384,0.481687041998616,snapshot_248.xyz,32,10000,40.0,10000,all,248
0.0871439,0.1704,0.0,0.5114078638497652,0.4885921361502348,snapshot_249.xyz,32,10000,40.0,10000,all,249
0.0875647,0.169143,0.0,0.5176962688376108,0.4823037311623892,snapshot_250.xyz,32,10000,40.0,10000,all,250
0.087775,0.169011,0.0,0.5193448947109952,0.4806551052890048,snapshot_251.xyz,32,10000,40.0,10000,all,251
0.0875647,0.170202,0.0,0.5144751530534306,0.4855248469465694,snapshot_252.xyz,32,10000,40.0,10000,all,252
0.0879152,0.169143,0.0,0.5197684799252703,0.4802315200747297,snapshot_253.xyz,32,10000,40.0,10000,all,253
0.0879852,0.170136,0.0,0.5171462829736211,0.4828537170263789,snapshot_254.xyz,32,10000,40.0,10000,all,254
0.088966,0.169937,0.0,0.5235234233863137,0.47647657661368625,snapshot_255.xyz,32,10000,40.0,10000,all,255
0.0888259,0.170202,0.0,0.5218851717371124,0.47811482826288765,snapshot_256.xyz,32,10000,40.0,10000,all,256
0.0876348,0.169276,0.0,0.5177036319383728,0.48229636806162723,snapshot_257.xyz,32,10000,40.0,10000,all,257
0.0881254,0.170136,0.0,0.5179703296186581,0.4820296703813419,snapshot_258.xyz,32,10000,40.0,10000,all,258
0.0877049,0.170202,0.0,0.5152988801541698,0.4847011198458302,snapshot_259.xyz,32,10000,40.0,10000,all,259
0.0877049,0.169342,0.0,0.5179158153322861,0.48208418466771386,snapshot_260.xyz,32,10000,40.0,10000,all,260
0.0876348,0.170004,0.0,0.5154866944307193,0.48451330556928074,snapshot_261.xyz,32,10000,40.0,10000,all,261
0.087214,0.170268,0.0,0.5122160358963517,0.4877839641036483,snapshot_262.xyz,32,10000,40.0,10000,all,262
0.0883356,0.169276,0.0,0.5218436163425412,0.47815638365745883,snapshot_263.xyz,32,10000,40.0,10000,all,263
0.0879152,0.169276,0.0,0.5193600983009995,0.4806399016990005,snapshot_264.xyz,32,10000,40.0,10000,all,264
0.0874945,0.169474,0.0,0.5162709324144116,0.4837290675855884,snapshot_265.xyz,32,10000,40.0,10000,all,265
0.0881254,0.170004,0.0,0.518372508882144,0.48162749111785597,snapshot_266.xyz,32,10000,40.0,10000,all,266
0.0883356,0.170268,0.0,0.518803298329692,0.48119670167030804,snapshot_267.xyz,32,10000,40.0,10000,all,267
0.0869334,0.170996,0.0,0.5083943484058105,0.49160565159418945,snapshot_268.xyz,32,10000,40.0,10000,all,268
0.0884057,0.169805,0.0,0.5206307234769294,0.4793692765230706,snapshot_269.xyz,32,10000,40.0,10000,all,269
0.0886158,0.170334,0.0,0.5202472788756207,0.4797527211243793,snapshot_270.xyz,32,10000,40.0,10000,all,270
0.0877049,0.169077,0.0,0.5187275619983794,0.48127243800162056,snapshot_271.xyz,32,10000,40.0,10000,all,271
0.0884057,0.170136,0.0,0.5196178351436498,0.4803821648563502,snapshot_272.xyz,32,10000,40.0,10000,all,272
0.0876348,0.169342,0.0,0.5175018601410164,0.4824981398589836,snapshot_273.xyz,32,10000,40.0,10000,all,273
0.0884757,0.170202,0.0,0.5198276165967498,0.4801723834032502,snapshot_274.xyz,32,10000,40.0,10000,all,274
0.0887559,0.170334,0.0,0.521069780548804,0.47893021945119596,snapshot_275.xyz,32,10000,40.0,10000,all,275
0.0885458,0.169937,0.0,0.5210507423339237,0.4789492576660763,snapshot_276.xyz,32,10000,40.0,10000,all,276
0.0885458,0.169805,0.0,0.5214557875209799,0.4785442124790201,snapshot_277.xyz,32,10000,40.0,10000,all,277
0.0878451,0.169606,0.0,0.5179362758392981,0.48206372416070187,snapshot_278.xyz,32,10000,40.0,10000,all,278
0.0886158,0.169276,0.0,0.5234989012027694,0.47650109879723057,snapshot_279.xyz,32,10000,40.0,10000,all,279
0.089316,0.169805,0.0,0.5259915785754248,0.4740084214245752,snapshot_280.xyz,32,10000,40.0,10000,all,280
0.0884757,0.170334,0.0,0.5194247772024375,0.4805752227975625,snapshot_281.xyz,32,10000,40.0,10000,all,281
0.0886158,0.169342,0.0,0.5232948707349624,0.4767051292650376,snapshot_282.xyz,32,10000,40.0,10000,all,282
0.0883356,0.170202,0.0,0.5190044770331723,0.4809955229668277,snapshot_283.xyz,32,10000,40.0,10000,all,283
0.0883356,0.170136,0.0,0.5192058118211313,0.48079418817886865,snapshot_284.xyz,32,10000,40.0,10000,all,284
0.0887559,0.170334,0.0,0.521069780548804,0.47893021945119596,snapshot_285.xyz,32,10000,40.0,10000,all,285
0.0881254,0.170467,0.0,0.5169645737884752,0.48303542621152484,snapshot_286.xyz,32,10000,40.0,10000,all,286
0.089036,0.170202,0.0,0.5231195873138976,0.4768804126861024,snapshot_287.xyz,32,10000,40.0,10000,all,287
0.0886158,0.170202,0.0,0.5206507561603271,0.4793492438396729,snapshot_288.xyz,32,10000,40.0,10000,all,288
0.0886859,0.170136,0.0,0.5212647529035594,0.47873524709644055,snapshot_289.xyz,32,10000,40.0,10000,all,289
0.0886158,0.170136,0.0,0.520852729581041,0.479147270418959,snapshot_290.xyz,32,10000,40.0,10000,all,290
0.088896,0.171062,0.0,0.5196712303141552,0.4803287696858448,snapshot_291.xyz,32,10000,40.0,10000,all,291
0.0884757,0.169937,0.0,0.5206382365229467,0.4793617634770533,snapshot_292.xyz,32,10000,40.0,10000,all,292
0.0879152,0.170004,0.0,0.5171360673866497,0.48286393261335026,snapshot_293.xyz,32,10000,40.0,10000,all,293
0.0878451,0.170004,0.0,0.5167237241476671,0.4832762758523329,snapshot_294.xyz,32,10000,40.0,10000,all,294
0.0882656,0.17007,0.0,0.5189957076497913,0.4810042923502087,snapshot_295.xyz,32,10000,40.0,10000,all,295
0.0884057,0.170334,0.0,0.5190138199067714,0.4809861800932286,snapshot_296.xyz,32,10000,40.0,10000,all,296
0.0873543,0.170004,0.0,0.5138367332533352,0.48616326674666477,snapshot_297.xyz,32,10000,40.0,10000,all,297
0.089176,0.169606,0.0,0.5257832859686568,0.47421671403134324,snapshot_298.xyz,32,10000,40.0,10000,all,298
0.0885458,0.169739,0.0,0.5216585463564649,0.4783414536435351,snapshot_299.xyz,32,10000,40.0,10000,all,299
0.089316,0.170533,0.0,0.5237461371112924,0.47625386288870764,snapshot_300.xyz,32,10000,40.0,10000,all,300
0.0886158,0.170334,0.0,0.5202472788756207,0.4797527211243793,snapshot_301.xyz,32,10000,40.0,10000,all,301
0.089036,0.170268,0.0,0.5229168134940212,0.4770831865059788,snapshot_302.xyz,32,10000,40.0,10000,all,302
0.089036,0.170268,0.0,0.5229168134940212,0.4770831865059788,snapshot_303.xyz,32,10000,40.0,10000,all,303
0.088966,0.170863,0.0,0.5206861637686334,0.4793138362313666,snapshot_304.xyz,32,10000,40.0,10000,all,304
0.089106,0.170533,0.0,0.5225147038989522,0.47748529610104784,snapshot_305.xyz,32,10000,40.0,10000,all,305
0.0887559,0.171921,0.0,0.5162597937424748,0.48374020625752523,snapshot_306.xyz,32,10000,40.0,10000,all,306
0.089106,0.171855,0.0,0.5184952430828315,0.48150475691716854,snapshot_307.xyz,32,10000,40.0,10000,all,307
0.089246,0.17245,0.0,0.5175181211945492,0.4824818788054508,snapshot_308.xyz,32,10000,40.0,10000,all,308
0.0903654,0.172516,0.0,0.5238088061397204,0.47619119386027964,snapshot_309.xyz,32,10000,40.0,10000,all,309
0.089526,0.172582,0.0,0.5187447126583304,0.48125528734166956,snapshot_310.xyz,32,10000,40.0,10000,all,310
0.0909247,0.1743,0.0,0.5216563396442914,0.47834366035570863,snapshot_311.xyz,32,10000,40.0,10000,all,311
0.0911344,0.174168,0.0,0.5232557071333426,0.4767442928666574,snapshot_312.xyz,32,10000,40.0,10000,all,312
0.0921122,0.174035,0.0,0.5292739966098774,0.4707260033901226,snapshot_313.xyz,32,10000,40.0,10000,all,313
0.0927403,0.176015,0.0,0.5268886174473766,0.4731113825526234,snapshot_314.xyz,32,10000,40.0,10000,all,314
0.0932286,0.176807,0.0,0.527290209098056,0.472709790901944,snapshot_315.xyz,32,10000,40.0,10000,all,315
0.0945529,0.175356,0.0,0.5392053878966216,0.46079461210337835,snapshot_316.xyz,32,10000,40.0,10000,all,316
0.0955277,0.176345,0.0,0.5417091496781876,0.4582908503218124,snapshot_317.xyz,32,10000,40.0,10000,all,317
0.0958756,0.178718,0.0,0.536463031144037,0.46353696885596296,snapshot_318.xyz,32,10000,40.0,10000,all,318
0.0967797,0.177466,0.0,0.5453422063944642,0.4546577936055358,snapshot_319.xyz,32,10000,40.0,10000,all,319
0.0981693,0.17852,0.0,0.5499064530584808,0.45009354694151915,snapshot_320.xyz,32,10000,40.0,10000,all,320
0.0980999,0.179706,0.0,0.54589106651976,0.45410893348023995,snapshot_321.xyz,32,10000,40.0,10000,all,321
0.098794,0.177993,0.0,0.555044299494924,0.44495570050507605,snapshot_322.xyz,32,10000,40.0,10000,all,322
0.100181,0.178586,0.0,0.5609678250254779,0.43903217497452207,snapshot_323.xyz,32,10000,40.0,10000,all,323
0.101774,0.178652,0.0,0.5696773615744576,0.4303226384255424,snapshot_324.xyz,32,10000,40.0,10000,all,324
0.100874,0.180035,0.0,0.5603021634682145,0.4396978365317855,snapshot_325.xyz,32,10000,40.0,10000,all,325
0.103365,0.180101,0.0,0.5739279626431835,0.42607203735681654,snapshot_326.xyz,32,10000,40.0,10000,all,326
0.104816,0.181022,0.0,0.5790235440996123,0.4209764559003877,snapshot_327.xyz,32,10000,40.0,10000,all,327
0.10592,0.180956,0.0,0.5853356617078185,0.4146643382921815,snapshot_328.xyz,32,10000,40.0,10000,all,328
0.106058,0.181088,0.0,0.5856710549567061,0.4143289450432939,snapshot_329.xyz,32,10000,40.0,10000,all,329
0.108539,0.180824,0.0,0.6002466486749546,0.3997533513250454,snapshot_330.xyz,32,10000,40.0,10000,all,330
0.108952,0.18168,0.0,0.5996917657419638,0.4003082342580362,snapshot_331.xyz,32,10000,40.0,10000,all,331
0.110053,0.182272,0.0,0.603784454002809,0.396215545997191,snapshot_332.xyz,32,10000,40.0,10000,all,332
0.110946,0.181351,0.0,0.6117749557487965,0.3882250442512035,snapshot_333.xyz,32,10000,40.0,10000,all,333
0.112868,0.181153,0.0,0.6230534410139494,0.37694655898605056,snapshot_334.xyz,32,10000,40.0,10000,all,334
0.115473,0.182929,0.0,0.6312449092270772,0.3687550907729228,snapshot_335.xyz,32,10000,40.0,10000,all,335
0.116773,0.182272,0.0,0.6406524315308989,0.3593475684691011,snapshot_336.xyz,32,10000,40.0,10000,all,336
0.118141,0.18398,0.0,0.6421404500489183,0.3578595499510817,snapshot_337.xyz,32,10000,40.0,10000,all,337
0.119438,0.183192,0.0,0.651982619328355,0.348017380671645,snapshot_338.xyz,32,10000,40.0,10000,all,338
0.121144,0.182666,0.0,0.6631995007281049,0.33680049927189515,snapshot_339.xyz,32,10000,40.0,10000,all,339
0.124209,0.182337,0.0,0.6812056795932806,0.3187943204067194,snapshot_340.xyz,32,10000,40.0,10000,all,340
0.12815,0.182929,0.0,0.7005450201990935,0.2994549798009065,snapshot_341.xyz,32,10000,40.0,10000,all,341
0.132147,0.183586,0.0,0.7198097894174936,0.28019021058250637,snapshot_342.xyz,32,10000,40.0,10000,all,342
0.133365,0.18352,0.0,0.7267055361813427,0.2732944638186573,snapshot_343.xyz,32,10000,40.0,10000,all,343
0.137214,0.182929,0.0,0.7500942988809866,0.24990570111901345,snapshot_344.xyz,32,10000,40.0,10000,all,344
0.140515,0.183389,0.0,0.7662128044757319,0.23378719552426808,snapshot_345.xyz,32,10000,40.0,10000,all,345
0.145018,0.18398,0.0,0.788226981193608,0.211773018806392,snapshot_346.xyz,32,10000,40.0,10000,all,346
0.148237,0.184703,0.0,0.8025695305436296,0.19743046945637044,snapshot_347.xyz,32,10000,40.0,10000,all,347
0.151783,0.183389,0.0,0.8276559662793298,0.1723440337206702,snapshot_348.xyz,32,10000,40.0,10000,all,348
0.155189,0.182535,0.0,0.8501876352480345,0.14981236475196547,snapshot_349.xyz,32,10000,40.0,10000,all,349
0.158721,0.1826,0.0,0.8692278203723987,0.13077217962760135,snapshot_350.xyz,32,10000,40.0,10000,all,350
0.162844,0.183389,0.0,0.8879703799028295,0.11202962009717055,snapshot_351.xyz,32,10000,40.0,10000,all,351
0.163973,0.18352,0.0,0.893488448125545,0.10651155187445505,snapshot_352.xyz,32,10000,40.0,10000,all,352
0.166294,0.182995,0.0,0.9087352113445722,0.09126478865542775,snapshot_353.xyz,32,10000,40.0,10000,all,353
0.167156,0.183783,0.0,0.9095291729920613,0.09047082700793874,snapshot_354.xyz,32,10000,40.0,10000,all,354
0.169143,0.184046,0.0,0.919025678363018,0.08097432163698204,snapshot_355.xyz,32,10000,40.0,10000,all,355
0.169209,0.182535,0.0,0.9269948229106746,0.07300517708932541,snapshot_356.xyz,32,10000,40.0,10000,all,356
0.170202,0.182732,0.0,0.9314296346562178,0.06857036534378225,snapshot_357.xyz,32,10000,40.0,10000,all,357
0.170334,0.181614,0.0,0.9378902507515942,0.06210974924840584,snapshot_358.xyz,32,10000,40.0,10000,all,358
0.171459,0.183389,0.0,0.934947025175992,0.06505297482400796,snapshot_359.xyz,32,10000,40.0,10000,all,359
0.174564,0.183258,0.0,0.9525586877516943,0.04744131224830572,snapshot_360.xyz,32,10000,40.0,10000,all,360
0.173309,0.183323,0.0,0.9453751029603485,0.054624897039651454,snapshot_361.xyz,32,10000,40.0,10000,all,361
0.172781,0.182535,0.0,0.9465636727203002,0.053436327279699825,snapshot_362.xyz,32,10000,40.0,10000,all,362
0.172781,0.182995,0.0,0.9441842673297085,0.055815732670291496,snapshot_363.xyz,32,10000,40.0,10000,all,363
0.173309,0.182009,0.0,0.9522001659258608,0.047799834074139236,snapshot_364.xyz,32,10000,40.0,10000,all,364
0.173111,0.183258,0.0,0.9446299752261837,0.05537002477381625,snapshot_365.xyz,32,10000,40.0,10000,all,365
0.173045,0.183258,0.0,0.9442698272381015,0.05573017276189851,snapshot_366.xyz,32,10000,40.0,10000,all,366
0.173177,0.183258,0.0,0.9449901232142662,0.05500987678573377,snapshot_367.xyz,32,10000,40.0,10000,all,367
0.174432,0.183192,0.0,0.9521813179614831,0.04781868203851691,snapshot_368.xyz,32,10000,40.0,10000,all,368
0.172384,0.182009,0.0,0.9471179996593575,0.0528820003406425,snapshot_369.xyz,32,10000,40.0,10000,all,369
0.174035,0.18168,0.0,0.957920519594892,0.042079480405108005,snapshot_370.xyz,32,10000,40.0,10000,all,370
0.173507,0.182403,0.0,0.9512288723321436,0.048771127667856407,snapshot_371.xyz,32,10000,40.0,10000,all,371
0.173507,0.182469,0.0,0.9508848078303712,0.049115192169628785,snapshot_372.xyz,32,10000,40.0,10000,all,372
0.174366,0.182403,0.0,0.9559382247002516,0.04406177529974842,snapshot_373.xyz,32,10000,40.0,10000,all,373
0.173309,0.181877,0.0,0.9528912396839622,0.047108760316037834,snapshot_374.xyz,32,10000,40.0,10000,all,374
0.175158,0.182009,0.0,0.9623590042250658,0.03764099577493418,snapshot_375.xyz,32,10000,40.0,10000,all,375
0.17529,0.1826,0.0,0.9599671412924424,0.04003285870755757,snapshot_376.xyz,32,10000,40.0,10000,all,376
0.173639,0.182009,0.0,0.954013263080397,0.04598673691960298,snapshot_377.xyz,32,10000,40.0,10000,all,377
0.173771,0.183258,0.0,0.9482314551070077,0.05176854489299232,snapshot_378.xyz,32,10000,40.0,10000,all,378
0.17496,0.182337,0.0,0.9595419470540812,0.040458052945918754,snapshot_379.xyz,32,10000,40.0,10000,all,379
0.174828,0.182732,0.0,0.9567453976315041,0.043254602368495876,snapshot_380.xyz,32,10000,40.0,10000,all,380
0.175422,0.182797,0.0,0.9596546989283194,0.04034530107168055,snapshot_381.xyz,32,10000,40.0,10000,all,381
0.177004,0.183323,0.0,0.9655307844623968,0.03446921553760318,snapshot_382.xyz,32,10000,40.0,10000,all,382
0.174432,0.181943,0.0,0.9587178402027009,0.0412821597972991,snapshot_383.xyz,32,10000,40.0,10000,all,383
0.175751,0.182666,0.0,0.9621440224234394,0.03785597757656056,snapshot_384.xyz,32,10000,40.0,10000,all,384
0.17529,0.181285,0.0,0.9669305237609289,0.03306947623907108,snapshot_385.xyz,32,10000,40.0,10000,all,385
0.175224,0.182074,0.0,0.9623779342465151,0.03762206575348492,snapshot_386.xyz,32,10000,40.0,10000,all,386
0.175158,0.181548,0.0,0.964802696807456,0.035197303192543994,snapshot_387.xyz,32,10000,40.0,10000,all,387
0.173969,0.18089,0.0,0.9617391785062747,0.03826082149372534,snapshot_388.xyz,32,10000,40.0,10000,all,388
0.175158,0.181877,0.0,0.9630574509146291,0.03694254908537087,snapshot_389.xyz,32,10000,40.0,10000,all,389
0.175817,0.183389,0.0,0.9587107187453991,0.04128928125460085,snapshot_390.xyz,32,10000,40.0,10000,all,390
0.177136,0.182206,0.0,0.9721743521069558,0.027825647893044203,snapshot_391.xyz,32,10000,40.0,10000,all,391
0.176015,0.182995,0.0,0.9618568813355557,0.03814311866444431,snapshot_392.xyz,32,10000,40.0,10000,all,392
0.175092,0.181153,0.0,0.9665420942518202,0.03345790574817975,snapshot_393.xyz,32,10000,40.0,10000,all,393
0.17496,0.181745,0.0,0.9626674736581475,0.03733252634185247,snapshot_394.xyz,32,10000,40.0,10000,all,394
0.175092,0.182337,0.0,0.9602658813076885,0.03973411869231147,snapshot_395.xyz,32,10000,40.0,10000,all,395
0.177004,0.183586,0.0,0.964147592953711,0.035852407046289,snapshot_396.xyz,32,10000,40.0,10000,all,396
0.176807,0.183192,0.0,0.9651458578977248,0.03485414210227522,snapshot_397.xyz,32,10000,40.0,10000,all,397
0.175158,0.182995,0.0,0.957173693270308,0.04282630672969201,snapshot_398.xyz,32,10000,40.0,10000,all,398
0.175488,0.181943,0.0,0.9645218557460304,0.03547814425396956,snapshot_399.xyz,32,10000,40.0,10000,all,399
0.174762,0.181745,0.0,0.9615780351591516,0.038421964840848366,snapshot_400.xyz,32,10000,40.0,10000,all,400
0.176873,0.182929,0.0,0.9668942595214537,0.03310574047854631,snapshot_401.xyz,32,10000,40.0,10000,all,401
0.176741,0.181548,0.0,0.9735221539207263,0.026477846079273726,snapshot_402.xyz,32,10000,40.0,10000,all,402
0.178981,0.183323,0.0,0.976315028665252,0.023684971334748006,snapshot_403.xyz,32,10000,40.0,10000,all,403
0.176147,0.18089,0.0,0.9737796450881752,0.02622035491182484,snapshot_404.xyz,32,10000,40.0,10000,all,404
0.176477,0.182535,0.0,0.966811844303832,0.033188155696167954,snapshot_405.xyz,32,10000,40.0,10000,all,405
0.176015,0.182206,0.0,0.966021975127054,0.03397802487294599,snapshot_406.xyz,32,10000,40.0,10000,all,406
0.175356,0.181482,0.0,0.9662445862399577,0.03375541376004232,snapshot_407.xyz,32,10000,40.0,10000,all,407
0.175356,0.182929,0.0,0.9586014245964282,0.041398575403571836,snapshot_408.xyz,32,10000,40.0,10000,all,408
0.176345,0.181548,0.0,0.9713409125961179,0.028659087403882122,snapshot_409.xyz,32,10000,40.0,10000,all,409
0.175158,0.181811,0.0,0.9634070545786559,0.03659294542134406,snapshot_410.xyz,32,10000,40.0,10000,all,410
0.175619,0.18168,0.0,0.9666391457507705,0.03336085424922952,snapshot_411.xyz,32,10000,40.0,10000,all,411
0.176345,0.182995,0.0,0.963660209295336,0.03633979070466398,snapshot_412.xyz,32,10000,40.0,10000,all,412
0.175949,0.182272,0.0,0.9653100860252809,0.0346899139747191,snapshot_413.xyz,32,10000,40.0,10000,all,413
0.176477,0.182469,0.0,0.967161545248782,0.03283845475121805,snapshot_414.xyz,32,10000,40.0,10000,all,414
0.175553,0.18168,0.0,0.9662758696609423,0.033724130339057745,snapshot_415.xyz,32,10000,40.0,10000,all,415
0.176213,0.180759,0.0,0.9748504915384573,0.025149508461542736,snapshot_416.xyz,32,10000,40.0,10000,all,416
0.175751,0.181943,0.0,0.9659673634050224,0.03403263659497757,snapshot_417.xyz,32,10000,40.0,10000,all,417
0.17529,0.181088,0.0,0.9679824173882311,0.0320175826117689,snapshot_418.xyz,32,10000,40.0,10000,all,418
0.175883,0.181417,0.0,0.9694956922449386,0.03050430775506141,snapshot_419.xyz,32,10000,40.0,10000,all,419
0.177334,0.183389,0.0,0.9669827525096925,0.033017247490307544,snapshot_420.xyz,32,10000,40.0,10000,all,420
0.176411,0.182929,0.0,0.9643686894915514,0.03563131050844859,snapshot_421.xyz,32,10000,40.0,10000,all,421
0.176081,0.182797,0.0,0.9632597909156059,0.036740209084394126,snapshot_422.xyz,32,10000,40.0,10000,all,422
0.175685,0.181943,0.0,0.9656046124335644,0.034395387566435565,snapshot_423.xyz,32,10000,40.0,10000,all,423
0.174762,0.181351,0.0,0.9636671427232273,0.03633285727677271,snapshot_424.xyz,32,10000,40.0,10000,all,424
0.175026,0.181943,0.0,0.9619825989458236,0.03801740105417639,snapshot_425.xyz,32,10000,40.0,10000,all,425
0.176807,0.182272,0.0,0.9700173367275281,0.0299826632724719,snapshot_426.xyz,32,10000,40.0,10000,all,426
0.17529,0.182337,0.0,0.9613517826880995,0.03864821731190049,snapshot_427.xyz,32,10000,40.0,10000,all,427
0.175883,0.183192,0.0,0.9601019695183197,0.03989803048168028,snapshot_428.xyz,32,10000,40.0,10000,all,428
0.175883,0.182009,0.0,0.9663423237312441,0.03365767626875593,snapshot_429.xyz,32,10000,40.0,10000,all,429
0.176279,0.182272,0.0,0.9671205670646067,0.032879432935393305,snapshot_430.xyz,32,10000,40.0,10000,all,430
0.175356,0.182206,0.0,0.9624051897303053,0.03759481026969469,snapshot_431.xyz,32,10000,40.0,10000,all,431
0.176015,0.181153,0.0,0.9716372348236021,0.02836276517639791,snapshot_432.xyz,32,10000,40.0,10000,all,432
0.176279,0.182863,0.0,0.963994903288254,0.03600509671174601,snapshot_433.xyz,32,10000,40.0,10000,all,433
0.176675,0.1826,0.0,0.967552026286966,0.032447973713033984,snapshot_434.xyz,32,10000,40.0,10000,all,434
0.177598,0.182666,0.0,0.9722553731947927,0.027744626805207284,snapshot_435.xyz,32,10000,40.0,10000,all,435
0.176807,0.182403,0.0,0.9693206800326748,0.030679319967325203,snapshot_436.xyz,32,10000,40.0,10000,all,436
0.176741,0.181811,0.0,0.9721138984989908,0.02788610150100923,snapshot_437.xyz,32,10000,40.0,10000,all,437
0.174762,0.181153,0.0,0.9647204296920282,0.0352795703079718,snapshot_438.xyz,32,10000,40.0,10000,all,438
0.174564,0.181745,0.0,0.9604885966601557,0.039511403339844264,snapshot_439.xyz,32,10000,40.0,10000,all,439
0.176477,0.183192,0.0,0.9633444691907944,0.03665553080920558,snapshot_440.xyz,32,10000,40.0,10000,all,440
0.175817,0.181943,0.0,0.9663301143764805,0.03366988562351947,snapshot_441.xyz,32,10000,40.0,10000,all,441
0.175685,0.181088,0.0,0.9701636773281499,0.029836322671850102,snapshot_442.xyz,32,10000,40.0,10000,all,442
0.177598,0.18306,0.0,0.9701627881568885,0.0298372118431115,snapshot_443.xyz,32,10000,40.0,10000,all,443
0.176147,0.181877,0.0,0.9684951918054509,0.03150480819454915,snapshot_444.xyz,32,10000,40.0,10000,all,444
0.17463,0.180627,0.0,0.9667989835406666,0.03320101645933338,snapshot_445.xyz,32,10000,40.0,10000,all,445
0.174828,0.181482,0.0,0.9633352067973684,0.03666479320263161,snapshot_446.xyz,32,10000,40.0,10000,all,446
0.176675,0.18352,0.0,0.9627016129032259,0.03729838709677413,snapshot_447.xyz,32,10000,40.0,10000,all,447
0.176213,0.182206,0.0,0.9671086572341197,0.03289134276588035,snapshot_448.xyz,32,10000,40.0,10000,all,448
0.174828,0.182797,0.0,0.9564051926453937,0.0435948073546063,snapshot_449.xyz,32,10000,40.0,10000,all,449
0.176213,0.181614,0.0,0.9702611032189149,0.0297388967810851,snapshot_450.xyz,32,10000,40.0,10000,all,450
0.175619,0.182206,0.0,0.9638486109129227,0.03615138908707727,snapshot_451.xyz,32,10000,40.0,10000,all,451
0.176279,0.1826,0.0,0.9653833515881708,0.03461664841182921,snapshot_452.xyz,32,10000,40.0,10000,all,452
0.175685,0.182074,0.0,0.9649098718103628,0.03509012818963719,snapshot_453.xyz,32,10000,40.0,10000,all,453
0.177598,0.183652,0.0,0.967035480147235,0.03296451985276505,snapshot_454.xyz,32,10000,40.0,10000,all,454
0.175158,0.182666,0.0,0.9588976602104388,0.04110233978956124,snapshot_455.xyz,32,10000,40.0,10000,all,455
0.176807,0.182995,0.0,0.9661848684390284,0.0338151315609716,snapshot_456.xyz,32,10000,40.0,10000,all,456
0.176279,0.182797,0.0,0.9643429596765811,0.035657040323418876,snapshot_457.xyz,32,10000,40.0,10000,all,457
0.175883,0.182995,0.0,0.9611355501516436,0.03886444984835635,snapshot_458.xyz,32,10000,40.0,10000,all,458
0.175883,0.181943,0.0,0.9666928653479387,0.033307134652061254,snapshot_459.xyz,32,10000,40.0,10000,all,459
0.175158,0.181417,0.0,0.9654993743695465,0.03450062563045353,snapshot_460.xyz,32,10000,40.0,10000,all,460
0.175026,0.18089,0.0,0.967582508706949,0.03241749129305105,snapshot_461.xyz,32,10000,40.0,10000,all,461
0.176609,0.18168,0.0,0.9720882870981945,0.027911712901805497,snapshot_462.xyz,32,10000,40.0,10000,all,462
0.1743,0.181417,0.0,0.960769938870117,0.03923006112988303,snapshot_463.xyz,32,10000,40.0,10000,all,463
0.175026,0.182469,0.0,0.9592095095605281,0.040790490439471916,snapshot_464.xyz,32,10000,40.0,10000,all,464
0.176543,0.182929,0.0,0.9650902809286663,0.03490971907133367,snapshot_465.xyz,32,10000,40.0,10000,all,465
0.176675,0.18352,0.0,0.9627016129032259,0.03729838709677413,snapshot_466.xyz,32,10000,40.0,10000,all,466
0.175817,0.18306,0.0,0.9604337375723806,0.0395662624276194,snapshot_467.xyz,32,10000,40.0,10000,all,467
0.176081,0.181022,0.0,0.9727049750859011,0.027295024914098853,snapshot_468.xyz,32,10000,40.0,10000,all,468
0.175224,0.181417,0.0,0.9658631771002717,0.0341368228997283,snapshot_469.xyz,32,10000,40.0,10000,all,469
0.176015,0.183455,0.0,0.9594450955275136,0.04055490447248644,snapshot_470.xyz,32,10000,40.0,10000,all,470
0.176543,0.183192,0.0,0.9637047469321806,0.036295253067819444,snapshot_471.xyz,32,10000,40.0,10000,all,471
0.175356,0.182666,0.0,0.959981605772284,0.040018394227716025,snapshot_472.xyz,32,10000,40.0,10000,all,472
0.176807,0.18306,0.0,0.9658418005025674,0.034158199497432595,snapshot_473.xyz,32,10000,40.0,10000,all,473
0.176081,0.181614,0.0,0.9695342870043058,0.030465712995694227,snapshot_474.xyz,32,10000,40.0,10000,all,474
0.174762,0.182074,0.0,0.9598405044102947,0.04015949558970533,snapshot_475.xyz,32,10000,40.0,10000,all,475
0.178257,0.183652,0.0,0.9706237884694966,0.029376211530503404,snapshot_476.xyz,32,10000,40.0,10000,all,476
0.176147,0.182929,0.0,0.9629255066173215,0.03707449338267854,snapshot_477.xyz,32,10000,40.0,10000,all,477
0.176213,0.182995,0.0,0.9629388781114239,0.03706112188857613,snapshot_478.xyz,32,10000,40.0,10000,all,478
0.176609,0.182206,0.0,0.9692820214482508,0.03071797855174918,snapshot_479.xyz,32,10000,40.0,10000,all,479
0.175949,0.181811,0.0,0.967757726430194,0.032242273569806024,snapshot_480.xyz,32,10000,40.0,10000,all,480
0.176807,0.182732,0.0,0.9675754657093447,0.03242453429065528,snapshot_481.xyz,32,10000,40.0,10000,all,481
0.175883,0.182074,0.0,0.9659973417401716,0.0340026582598284,snapshot_482.xyz,32,10000,40.0,10000,all,482
0.17529,0.1826,0.0,0.9599671412924424,0.04003285870755757,snapshot_483.xyz,32,10000,40.0,10000,all,483
0.177136,0.183126,0.0,0.9672902810087043,0.03270971899129571,snapshot_484.xyz,32,10000,40.0,10000,all,484
0.175883,0.181943,0.0,0.9666928653479387,0.033307134652061254,snapshot_485.xyz,32,10000,40.0,10000,all,485
0.174828,0.181877,0.0,0.9612430378772467,0.03875696212275326,snapshot_486.xyz,32,10000,40.0,10000,all,486
0.175422,0.182863,0.0,0.9593083346549056,0.040691665345094385,snapshot_487.xyz,32,10000,40.0,10000,all,487
0.175883,0.182074,0.0,0.9659973417401716,0.0340026582598284,snapshot_488.xyz,32,10000,40.0,10000,all,488
0.176015,0.182074,0.0,0.9667223216933774,0.03327767830662265,snapshot_489.xyz,32,10000,40.0,10000,all,489
0.176213,0.181219,0.0,0.9723759649926333,0.027624035007366654,snapshot_490.xyz,32,10000,40.0,10000,all,490
0.176147,0.183389,0.0,0.9605101723658452,0.03948982763415476,snapshot_491.xyz,32,10000,40.0,10000,all,491
0.176477,0.182732,0.0,0.9657695422804982,0.03423045771950184,snapshot_492.xyz,32,10000,40.0,10000,all,492
0.17707,0.182206,0.0,0.971812124737934,0.02818787526206601,snapshot_493.xyz,32,10000,40.0,10000,all,493
0.176807,0.183652,0.0,0.9627284211443381,0.0372715788556619,snapshot_494.xyz,32,10000,40.0,10000,all,494
0.176477,0.182535,0.0,0.966811844303832,0.033188155696167954,snapshot_495.xyz,32,10000,40.0,10000,all,495
0.175817,0.182206,0.0,0.9649352930199884,0.03506470698001163,snapshot_496.xyz,32,10000,40.0,10000,all,496
0.176081,0.182535,0.0,0.9646423973484536,0.035357602651546416,snapshot_497.xyz,32,10000,40.0,10000,all,497
0.17529,0.182074,0.0,0.962740424223118,0.03725957577688199,snapshot_498.xyz,32,10000,40.0,10000,all,498
0.175553,0.181285,0.0,0.9683812780980223,0.031618721901977676,snapshot_499.xyz,32,10000,40.0,10000,all,499
0.178191,0.183323,0.0,0.9720056948664378,0.02799430513356216,snapshot_500.xyz,32,10000,40.0,10000,all,500
0.177598,0.183718,0.0,0.9666880762908371,0.033311923709162916,snapshot_501.xyz,32,10000,40.0,10000,all,501
0.174366,0.182666,0.0,0.9545618779630582,0.04543812203694175,snapshot_502.xyz,32,10000,40.0,10000,all,502
0.175224,0.1826,0.0,0.9596056955093099,0.04039430449069015,snapshot_503.xyz,32,10000,40.0,10000,all,503
0.175158,0.182206,0.0,0.9613185076232397,0.03868149237676033,snapshot_504.xyz,32,10000,40.0,10000,all,504
0.176081,0.182732,0.0,0.9636024341658822,0.036397565834117795,snapshot_505.xyz,32,10000,40.0,10000,all,505
0.175224,0.182469,0.0,0.9602946253884221,0.03970537461157786,snapshot_506.xyz,32,10000,40.0,10000,all,506
0.175092,0.18214,0.0,0.96130449105084,0.03869550894915996,snapshot_507.xyz,32,10000,40.0,10000,all,507
0.173969,0.18168,0.0,0.9575572435050639,0.04244275649493612,snapshot_508.xyz,32,10000,40.0,10000,all,508
0.174432,0.182863,0.0,0.9538944455685404,0.04610555443145958,snapshot_509.xyz,32,10000,40.0,10000,all,509
0.174366,0.182469,0.0,0.9555924568008812,0.04440754319911877,snapshot_510.xyz,32,10000,40.0,10000,all,510
0.175949,0.1826,0.0,0.9635761226725081,0.03642387732749186,snapshot_511.xyz,32,10000,40.0,10000,all,511
0.174894,0.182337,0.0,0.9591799799272774,0.04082002007272256,snapshot_512.xyz,32,10000,40.0,10000,all,512
0.175619,0.182337,0.0,0.9631561339717117,0.036843866028288264,snapshot_513.xyz,32,10000,40.0,10000,all,513
0.175356,0.181811,0.0,0.9644960975958551,0.035503902404144916,snapshot_514.xyz,32,10000,40.0,10000,all,514
0.1743,0.182732,0.0,0.9538559201453495,0.04614407985465052,snapshot_515.xyz,32,10000,40.0,10000,all,515
0.174366,0.181614,0.0,0.9600911823978328,0.039908817602167246,snapshot_516.xyz,32,10000,40.0,10000,all,516
0.173441,0.181219,0.0,0.9570795556757294,0.04292044432427056,snapshot_517.xyz,32,10000,40.0,10000,all,517
0.1743,0.181548,0.0,0.9600766739374712,0.0399233260625288,snapshot_518.xyz,32,10000,40.0,10000,all,518
0.176741,0.182009,0.0,0.9710563763330385,0.02894362366696146,snapshot_519.xyz,32,10000,40.0,10000,all,519
0.17463,0.183192,0.0,0.9532621511856414,0.04673784881435861,snapshot_520.xyz,32,10000,40.0,10000,all,520
0.174035,0.181548,0.0,0.9586170048692357,0.041382995130764266,snapshot_521.xyz,32,10000,40.0,10000,all,521
0.175356,0.182074,0.0,0.9631029141997209,0.03689708580027906,snapshot_522.xyz,32,10000,40.0,10000,all,522
0.175026,0.181943,0.0,0.9619825989458236,0.03801740105417639,snapshot_523.xyz,32,10000,40.0,10000,all,523
0.173705,0.180759,0.0,0.9609756637290536,0.03902433627094637,snapshot_524.xyz,32,10000,40.0,10000,all,524
0.172714,0.181417,0.0,0.9520276490075352,0.047972350992464774,snapshot_525.xyz,32,10000,40.0,10000,all,525
0.175488,0.182535,0.0,0.9613937053167886,0.03860629468321142,snapshot_526.xyz,32,10000,40.0,10000,all,526
0.176279,0.181943,0.0,0.9688693711766871,0.031130628823312856,snapshot_527.xyz,32,10000,40.0,10000,all,527
0.174035,0.181022,0.0,0.9614024814663411,0.03859751853365889,snapshot_528.xyz,32,10000,40.0,10000,all,528
0.174498,0.18306,0.0,0.9532284496886266,0.04677155031137337,snapshot_529.xyz,32,10000,40.0,10000,all,529
0.174168,0.182009,0.0,0.9569197127614568,0.04308028723854318,snapshot_530.xyz,32,10000,40.0,10000,all,530
0.173705,0.182863,0.0,0.9499187916637045,0.05008120833629548,snapshot_531.xyz,32,10000,40.0,10000,all,531
0.176345,0.183323,0.0,0.9619360363947785,0.03806396360522146,snapshot_532.xyz,32,10000,40.0,10000,all,532
0.175751,0.18352,0.0,0.9576667393199652,0.042333260680034845,snapshot_533.xyz,32,10000,40.0,10000,all,533
0.1743,0.182206,0.0,0.9566095518259553,0.04339044817404469,snapshot_534.xyz,32,10000,40.0,10000,all,534
0.175026,0.182206,0.0,0.9605940528851957,0.039405947114804274,snapshot_535.xyz,32,10000,40.0,10000,all,535
0.176279,0.18306,0.0,0.9629575002731344,0.037042499726865574,snapshot_536.xyz,32,10000,40.0,10000,all,536
0.176213,0.181219,0.0,0.9723759649926333,0.027624035007366654,snapshot_537.xyz,32,10000,40.0,10000,all,537
0.175553,0.182403,0.0,0.9624457931064729,0.037554206893527065,snapshot_538.xyz,32,10000,40.0,10000,all,538
0.175817,0.183783,0.0,0.956655403383338,0.04334459661666201,snapshot_539.xyz,32,10000,40.0,10000,all,539
0.174498,0.182797,0.0,0.9545999113771013,0.04540008862289868,snapshot_540.xyz,32,10000,40.0,10000,all,540
0.176081,0.182337,0.0,0.9656899038593373,0.034310096140662716,snapshot_541.xyz,32,10000,40.0,10000,all,541
0.17496,0.184177,0.0,0.9499557490891913,0.05004425091080866,snapshot_542.xyz,32,10000,40.0,10000,all,542
0.175224,0.182863,0.0,0.9582255568376326,0.04177444316236745,snapshot_543.xyz,32,10000,40.0,10000,all,543
0.175092,0.181614,0.0,0.9640886715781823,0.035911328421817656,snapshot_544.xyz,32,10000,40.0,10000,all,544
0.174035,0.182863,0.0,0.9517234213591595,0.04827657864084045,snapshot_545.xyz,32,10000,40.0,10000,all,545
0.174168,0.18214,0.0,0.9562314702975733,0.04376852970242673,snapshot_546.xyz,32,10000,40.0,10000,all,546
0.174035,0.181351,0.0,0.9596583421100516,0.04034165788994837,snapshot_547.xyz,32,10000,40.0,10000,all,547
0.175026,0.182666,0.0,0.9581750298358752,0.041824970164124786,snapshot_548.xyz,32,10000,40.0,10000,all,548
0.175488,0.182732,0.0,0.9603572444891973,0.03964275551080265,snapshot_549.xyz,32,10000,40.0,10000,all,549
0.174498,0.182863,0.0,0.9542553715076313,0.04574462849236871,snapshot_550.xyz,32,10000,40.0,10000,all,550
0.176477,0.183258,0.0,0.962997522618385,0.037002477381614995,snapshot_551.xyz,32,10000,40.0,10000,all,551
0.173573,0.181811,0.0,0.9546892102238038,0.04531078977619618,snapshot_552.xyz,32,10000,40.0,10000,all,552
0.176081,0.182797,0.0,0.9632597909156059,0.036740209084394126,snapshot_553.xyz,32,10000,40.0,10000,all,553
0.175553,0.181548,0.0,0.9669784299469011,0.033021570053098914,snapshot_554.xyz,32,10000,40.0,10000,all,554
0.174762,0.182666,0.0,0.9567297690867486,0.04327023091325144,snapshot_555.xyz,32,10000,40.0,10000,all,555
0.17496,0.182797,0.0,0.9571273051527105,0.042872694847289505,snapshot_556.xyz,32,10000,40.0,10000,all,556
0.174564,0.182272,0.0,0.9577115519662922,0.04228844803370779,snapshot_557.xyz,32,10000,40.0,10000,all,557
0.175751,0.182666,0.0,0.9621440224234394,0.03785597757656056,snapshot_558.xyz,32,10000,40.0,10000,all,558
0.175092,0.182929,0.0,0.9571582417221982,0.04284175827780179,snapshot_559.xyz,32,10000,40.0,10000,all,559
0.174366,0.182863,0.0,0.9535335196294493,0.04646648037055068,snapshot_560.xyz,32,10000,40.0,10000,all,560
0.174498,0.182995,0.0,0.9535670373507472,0.046432962649252785,snapshot_561.xyz,32,10000,40.0,10000,all,561
0.174696,0.182535,0.0,0.9570548114060317,0.04294518859396834,snapshot_562.xyz,32,10000,40.0,10000,all,562
0.175224,0.18214,0.0,0.9620292083013067,0.03797079169869333,snapshot_563.xyz,32,10000,40.0,10000,all,563
0.174564,0.181351,0.0,0.9625753373292675,0.03742466267073252,snapshot_564.xyz,32,10000,40.0,10000,all,564
0.175092,0.181482,0.0,0.964789896518663,0.03521010348133702,snapshot_565.xyz,32,10000,40.0,10000,all,565
0.175751,0.18168,0.0,0.967365697930427,0.03263430206957296,snapshot_566.xyz,32,10000,40.0,10000,all,566
0.176477,0.183849,0.0,0.9599018759960619,0.040098124003938085,snapshot_567.xyz,32,10000,40.0,10000,all,567
0.175553,0.182469,0.0,0.9620976713852764,0.037902328614723646,snapshot_568.xyz,32,10000,40.0,10000,all,568
0.174035,0.181088,0.0,0.961052085174059,0.038947914825940955,snapshot_569.xyz,32,10000,40.0,10000,all,569
0.17496,0.182009,0.0,0.961271145932344,0.03872885406765603,snapshot_570.xyz,32,10000,40.0,10000,all,570
0.174366,0.181614,0.0,0.9600911823978328,0.039908817602167246,snapshot_571.xyz,32,10000,40.0,10000,all,571
0.175817,0.181614,0.0,0.9680806545750879,0.03191934542491215,snapshot_572.xyz,32,10000,40.0,10000,all,572
0.174366,0.1826,0.0,0.9549069003285869,0.04509309967141306,snapshot_573.xyz,32,10000,40.0,10000,all,573
0.174762,0.181482,0.0,0.9629715343670446,0.037028465632955365,snapshot_574.xyz,32,10000,40.0,10000,all,574
0.175685,0.182863,0.0,0.960746569836435,0.03925343016356497,snapshot_575.xyz,32,10000,40.0,10000,all,575
0.17463,0.181482,0.0,0.9622441895063973,0.03775581049360266,snapshot_576.xyz,32,10000,40.0,10000,all,576
0.175422,0.18306,0.0,0.9582759750901344,0.0417240249098656,snapshot_577.xyz,32,10000,40.0,10000,all,577
0.174035,0.182535,0.0,0.9534335880789985,0.04656641192100153,snapshot_578.xyz,32,10000,40.0,10000,all,578
0.175026,0.183258,0.0,0.9550797236682709,0.044920276331729125,snapshot_579.xyz,32,10000,40.0,10000,all,579
0.174432,0.181351,0.0,0.9618474670666276,0.038152532933372396,snapshot_580.xyz,32,10000,40.0,10000,all,580
0.175949,0.18306,0.0,0.9611548126297389,0.0388451873702611,snapshot_581.xyz,32,10000,40.0,10000,all,581
0.175553,0.183258,0.0,0.9579554507852317,0.0420445492147683,snapshot_582.xyz,32,10000,40.0,10000,all,582
0.173771,0.182206,0.0,0.9537062445803102,0.04629375541968983,snapshot_583.xyz,32,10000,40.0,10000,all,583
0.174035,0.181153,0.0,0.96070724746485,0.039292752535149966,snapshot_584.xyz,32,10000,40.0,10000,all,584
0.174432,0.181877,0.0,0.9590657422323878,0.04093425776761217,snapshot_585.xyz,32,10000,40.0,10000,all,585
0.174828,0.181745,0.0,0.9619411813254837,0.038058818674516326,snapshot_586.xyz,32,10000,40.0,10000,all,586
0.174366,0.180956,0.0,0.9635823073012223,0.036417692698777704,snapshot_587.xyz,32,10000,40.0,10000,all,587
0.174894,0.181219,0.0,0.9650974787411916,0.03490252125880844,snapshot_588.xyz,32,10000,40.0,10000,all,588
0.174762,0.183652,0.0,0.9515932306754078,0.0484067693245922,snapshot_589.xyz,32,10000,40.0,10000,all,589
0.174762,0.181943,0.0,0.9605315950599913,0.039468404940008694,snapshot_590.xyz,32,10000,40.0,10000,all,590
0.175883,0.1826,0.0,0.9632146768893757,0.036785323110624324,snapshot_591.xyz,32,10000,40.0,10000,all,591
0.175224,0.182863,0.0,0.9582255568376326,0.04177444316236745,snapshot_592.xyz,32,10000,40.0,10000,all,592
0.175224,0.181614,0.0,0.9648154877927912,0.03518451220720875,snapshot_593.xyz,32,10000,40.0,10000,all,593
0.175026,0.181745,0.0,0.9630306198244794,0.03696938017552065,snapshot_594.xyz,32,10000,40.0,10000,all,594
0.174564,0.181811,0.0,0.9601399255270583,0.03986007447294171,snapshot_595.xyz,32,10000,40.0,10000,all,595
0.17463,0.182403,0.0,0.9573855693162941,0.04261443068370585,snapshot_596.xyz,32,10000,40.0,10000,all,596
0.176279,0.182995,0.0,0.9632995437033799,0.03670045629662011,snapshot_597.xyz,32,10000,40.0,10000,all,597
0.175158,0.183126,0.0,0.9564889748042331,0.043511025195766884,snapshot_598.xyz,32,10000,40.0,10000,all,598
0.17496,0.182863,0.0,0.9567818530812685,0.04321814691873149,snapshot_599.xyz,32,10000,40.0,10000,all,599
0.176147,0.183915,0.0,0.9577630970828915,0.042236902917108465,snapshot_600.xyz,32,10000,40.0,10000,all,600
0.175356,0.183915,0.0,0.953462197210668,0.04653780278933195,snapshot_601.xyz,32,10000,40.0,10000,all,601
0.173375,0.18306,0.0,0.9470938490112532,0.05290615098874685,snapshot_602.xyz,32,10000,40.0,10000,all,602
0.173639,0.183652,0.0,0.9454784048090954,0.054521595190904604,snapshot_603.xyz,32,10000,40.0,10000,all,603
0.17126,0.182797,0.0,0.936886272750647,0.06311372724935305,snapshot_604.xyz,32,10000,40.0,10000,all,604
0.172054,0.182469,0.0,0.942921811376179,0.05707818862382097,snapshot_605.xyz,32,10000,40.0,10000,all,605
0.173045,0.182995,0.0,0.9456269296975328,0.054373070302467186,snapshot_606.xyz,32,10000,40.0,10000,all,606
0.171194,0.181943,0.0,0.9409210576938932,0.059078942306106774,snapshot_607.xyz,32,10000,40.0,10000,all,607
0.173903,0.1826,0.0,0.9523713033953998,0.04762869660460023,snapshot_608.xyz,32,10000,40.0,10000,all,608
0.1743,0.184046,0.0,0.9470458472338439,0.052954152766156115,snapshot_609.xyz,32,10000,40.0,10000,all,609
0.172186,0.18214,0.0,0.9453497309761723,0.05465026902382775,snapshot_610.xyz,32,10000,40.0,10000,all,610
0.170863,0.181745,0.0,0.9401249002723596,0.05987509972764038,snapshot_611.xyz,32,10000,40.0,10000,all,611
0.170996,0.182666,0.0,0.936112905521553,0.06388709447844698,snapshot_612.xyz,32,10000,40.0,10000,all,612
0.172252,0.18398,0.0,0.9362539406457223,0.06374605935427768,snapshot_613.xyz,32,10000,40.0,10000,all,613
0.17126,0.181877,0.0,0.9416253841882151,0.058374615811784936,snapshot_614.xyz,32,10000,40.0,10000,all,614
0.171723,0.18306,0.0,0.9380694854146181,0.0619305145853819,snapshot_615.xyz,32,10000,40.0,10000,all,615
0.172847,0.182797,0.0,0.9455680344863429,0.05443196551365714,snapshot_616.xyz,32,10000,40.0,10000,all,616
0.173573,0.184375,0.0,0.9414128813559322,0.05858711864406785,snapshot_617.xyz,32,10000,40.0,10000,all,617
0.172054,0.181877,0.0,0.9459909719205837,0.05400902807941632,snapshot_618.xyz,32,10000,40.0,10000,all,618
0.173903,0.183586,0.0,0.9472563267351541,0.05274367326484586,snapshot_619.xyz,32,10000,40.0,10000,all,619
0.172913,0.1826,0.0,0.9469496166484118,0.05305038335158818,snapshot_620.xyz,32,10000,40.0,10000,all,620
0.172979,0.183192,0.0,0.9442497488973317,0.05575025110266829,snapshot_621.xyz,32,10000,40.0,10000,all,621
0.171987,0.182272,0.0,0.9435733409410113,0.05642665905898869,snapshot_622.xyz,32,10000,40.0,10000,all,622
0.172318,0.183849,0.0,0.937280050476206,0.062719949523794,snapshot_623.xyz,32,10000,40.0,10000,all,623
0.171657,0.181943,0.0,0.9434658107209402,0.05653418927905984,snapshot_624.xyz,32,10000,40.0,10000,all,624
0.170863,0.181088,0.0,0.9435357395299522,0.05646426047004782,snapshot_625.xyz,32,10000,40.0,10000,all,625
0.17093,0.18398,0.0,0.9290683769974997,0.07093162300250033,snapshot_626.xyz,32,10000,40.0,10000,all,626
0.17245,0.182535,0.0,0.9447503218560823,0.05524967814391768,snapshot_627.xyz,32,10000,40.0,10000,all,627
0.172252,0.182272,0.0,0.9450272120786517,0.0549727879213483,snapshot_628.xyz,32,10000,40.0,10000,all,628
0.173573,0.182272,0.0,0.9522746225421349,0.04772537745786509,snapshot_629.xyz,32,10000,40.0,10000,all,629
0.171921,0.183389,0.0,0.9374662602446167,0.06253373975538334,snapshot_630.xyz,32,10000,40.0,10000,all,630
0.172384,0.183323,0.0,0.9403293640186993,0.059670635981300735,snapshot_631.xyz,32,10000,40.0,10000,all,631
0.172252,0.182469,0.0,0.944006927204073,0.055993072795927024,snapshot_632.xyz,32,10000,40.0,10000,all,632
0.171393,0.182206,0.0,0.9406550827085826,0.05934491729141744,snapshot_633.xyz,32,10000,40.0,10000,all,633
0.171194,0.181877,0.0,0.9412625015807387,0.05873749841926135,snapshot_634.xyz,32,10000,40.0,10000,all,634
0.172582,0.182403,0.0,0.9461576838100251,0.053842316189974926,snapshot_635.xyz,32,10000,40.0,10000,all,635
0.172054,0.183323,0.0,0.9385292625584352,0.06147073744156484,snapshot_636.xyz,32,10000,40.0,10000,all,636
0.171855,0.18306,0.0,0.9387905604719764,0.0612094395280236,snapshot_637.xyz,32,10000,40.0,10000,all,637
0.172252,0.183586,0.0,0.9382632662621332,0.06173673373786681,snapshot_638.xyz,32,10000,40.0,10000,all,638
0.171723,0.183718,0.0,0.9347097181549984,0.06529028184500163,snapshot_639.xyz,32,10000,40.0,10000,all,639
0.171194,0.182535,0.0,0.9378694496945792,0.062130550305420806,snapshot_640.xyz,32,10000,40.0,10000,all,640
0.171921,0.181877,0.0,0.9452597084843052,0.05474029151569482,snapshot_641.xyz,32,10000,40.0,10000,all,641
0.173441,0.182929,0.0,0.9481328821564651,0.05186711784353493,snapshot_642.xyz,32,10000,40.0,10000,all,642
0.172582,0.182863,0.0,0.9437775821243226,0.05622241787567739,snapshot_643.xyz,32,10000,40.0,10000,all,643
0.172648,0.184834,0.0,0.9340705714316629,0.06592942856833706,snapshot_644.xyz,32,10000,40.0,10000,all,644
0.172384,0.181417,0.0,0.9502086353539084,0.049791364646091574,snapshot_645.xyz,32,10000,40.0,10000,all,645
0.1743,0.183455,0.0,0.9500967539723638,0.04990324602763618,snapshot_646.xyz,32,10000,40.0,10000,all,646
0.170731,0.181482,0.0,0.9407599651756097,0.05924003482439033,snapshot_647.xyz,32,10000,40.0,10000,all,647
0.172979,0.183586,0.0,0.9422232632117917,0.05777673678820827,snapshot_648.xyz,32,10000,40.0,10000,all,648
0.172714,0.183783,0.0,0.939771360789627,0.060228639210373025,snapshot_649.xyz,32,10000,40.0,10000,all,649
0.17245,0.183718,0.0,0.9386668698766588,0.061333130123341184,snapshot_650.xyz,32,10000,40.0,10000,all,650
0.174366,0.182535,0.0,0.9552469389432163,0.04475306105678367,snapshot_651.xyz,32,10000,40.0,10000,all,651
0.173573,0.18306,0.0,0.9481754615972905,0.05182453840270951,snapshot_652.xyz,32,10000,40.0,10000,all,652
0.171525,0.182863,0.0,0.9379972985240317,0.062002701475968314,snapshot_653.xyz,32,10000,40.0,10000,all,653
0.171591,0.184046,0.0,0.9323267009334623,0.06767329906653774,snapshot_654.xyz,32,10000,40.0,10000,all,654
0.171326,0.183192,0.0,0.9352264291017076,0.06477357089829239,snapshot_655.xyz,32,10000,40.0,10000,all,655
0.171591,0.182863,0.0,0.9383582244631227,0.06164177553687733,snapshot_656.xyz,32,10000,40.0,10000,all,656
0.172318,0.181811,0.0,0.9477864375642838,0.052213562435716177,snapshot_657.xyz,32,10000,40.0,10000,all,657
0.17245,0.181877,0.0,0.9481682675654425,0.05183173243455752,snapshot_658.xyz,32,10000,40.0,10000,all,658
0.172582,0.183323,0.0,0.9414094248948577,0.05859057510514232,snapshot_659.xyz,32,10000,40.0,10000,all,659
0.174234,0.184243,0.0,0.9456750052919243,0.054324994708075725,snapshot_660.xyz,32,10000,40.0,10000,all,660
0.16954,0.181482,0.0,0.9341973308647689,0.06580266913523114,snapshot_661.xyz,32,10000,40.0,10000,all,661
0.171525,0.182009,0.0,0.9423984528237614,0.057601547176238554,snapshot_662.xyz,32,10000,40.0,10000,all,662
0.174894,0.183718,0.0,0.9519698668611677,0.04803013313883231,snapshot_663.xyz,32,10000,40.0,10000,all,663
0.172913,0.184046,0.0,0.9395096877954425,0.06049031220455747,snapshot_664.xyz,32,10000,40.0,10000,all,664
0.172648,0.182995,0.0,0.9434574715156152,0.05654252848438479,snapshot_665.xyz,32,10000,40.0,10000,all,665
0.171789,0.182403,0.0,0.9418101675959276,0.058189832404072384,snapshot_666.xyz,32,10000,40.0,10000,all,666
0.173639,0.181614,0.0,0.9560881870340392,0.043911812965960806,snapshot_667.xyz,32,10000,40.0,10000,all,667
0.172648,0.182469,0.0,0.9461771588598611,0.05382284114013891,snapshot_668.xyz,32,10000,40.0,10000,all,668
0.172714,0.182009,0.0,0.9489310968138939,0.05106890318610613,snapshot_669.xyz,32,10000,40.0,10000,all,669
0.172913,0.182863,0.0,0.9455876803946124,0.054412319605387616,snapshot_670.xyz,32,10000,40.0,10000,all,670
0.172781,0.183323,0.0,0.9424949406239259,0.057505059376074086,snapshot_671.xyz,32,10000,40.0,10000,all,671
0.17093,0.182074,0.0,0.9387941166778342,0.06120588332216581,snapshot_672.xyz,32,10000,40.0,10000,all,672
0.171657,0.181811,0.0,0.9441507939563613,0.055849206043638744,snapshot_673.xyz,32,10000,40.0,10000,all,673
0.172186,0.181745,0.0,0.9474043302429228,0.05259566975707719,snapshot_674.xyz,32,10000,40.0,10000,all,674
0.17126,0.182732,0.0,0.9372195346190049,0.06278046538099513,snapshot_675.xyz,32,10000,40.0,10000,all,675
0.172979,0.182535,0.0,0.9476483961979894,0.05235160380201065,snapshot_676.xyz,32,10000,40.0,10000,all,676
0.171855,0.181285,0.0,0.9479824585597264,0.052017541440273596,snapshot_677.xyz,32,10000,40.0,10000,all,677
0.173177,0.183192,0.0,0.94533058212149,0.054669417878509985,snapshot_678.xyz,32,10000,40.0,10000,all,678
0.171459,0.18214,0.0,0.941358295816405,0.058641704183595045,snapshot_679.xyz,32,10000,40.0,10000,all,679
0.172847,0.183323,0.0,0.9428549609159789,0.05714503908402113,snapshot_680.xyz,32,10000,40.0,10000,all,680
0.171921,0.182009,0.0,0.9445741694092049,0.05542583059079509,snapshot_681.xyz,32,10000,40.0,10000,all,681
0.174366,0.183258,0.0,0.9514782437874472,0.048521756212552836,snapshot_682.xyz,32,10000,40.0,10000,all,682
0.172318,0.183126,0.0,0.9409805270687941,0.05901947293120591,snapshot_683.xyz,32,10000,40.0,10000,all,683
0.171326,0.181351,0.0,0.9447204592199657,0.055279540780034275,snapshot_684.xyz,32,10000,40.0,10000,all,684
0.173177,0.184309,0.0,0.9396014302068808,0.060398569793119194,snapshot_685.xyz,32,10000,40.0,10000,all,685
0.173045,0.180627,0.0,0.9580239941979881,0.041976005802011884,snapshot_686.xyz,32,10000,40.0,10000,all,686
0.173705,0.182337,0.0,0.9526590872944054,0.047340912705594596,snapshot_687.xyz,32,10000,40.0,10000,all,687
0.172186,0.181811,0.0,0.9470604088861511,0.05293959111384894,snapshot_688.xyz,32,10000,40.0,10000,all,688
0.172318,0.183258,0.0,0.940302742581497,0.05969725741850296,snapshot_689.xyz,32,10000,40.0,10000,all,689
0.172979,0.183126,0.0,0.9445900636720072,0.05540993632799285,snapshot_690.xyz,32,10000,40.0,10000,all,690
0.171921,0.18214,0.0,0.9438948061930383,0.05610519380696166,snapshot_691.xyz,32,10000,40.0,10000,all,691
0.171657,0.180561,0.0,0.9506870254373868,0.04931297456261319,snapshot_692.xyz,32,10000,40.0,10000,all,692
0.172714,0.182797,0.0,0.9448404514297282,0.05515954857027183,snapshot_693.xyz,32,10000,40.0,10000,all,693
0.171459,0.18214,0.0,0.941358295816405,0.058641704183595045,snapshot_694.xyz,32,10000,40.0,10000,all,694
0.172384,0.182403,0.0,0.9450721753479931,0.05492782465200685,snapshot_695.xyz,32,10000,40.0,10000,all,695
0.172979,0.182732,0.0,0.9466267539347241,0.05337324606527594,snapshot_696.xyz,32,10000,40.0,10000,all,696
0.171657,0.183783,0.0,0.9340200127324072,0.0659799872675928,snapshot_697.xyz,32,10000,40.0,10000,all,697
0.174366,0.182995,0.0,0.9528457061668352,0.04715429383316483,snapshot_698.xyz,32,10000,40.0,10000,all,698
0.172582,0.183849,0.0,0.9387160115094453,0.06128398849055472,snapshot_699.xyz,32,10000,40.0,10000,all,699
0.17212,0.182732,0.0,0.9419258805244839,0.058074119475516106,snapshot_700.xyz,32,10000,40.0,10000,all,700
0.171591,0.1826,0.0,0.9397097480832419,0.060290251916758075,snapshot_701.xyz,32,10000,40.0,10000,all,701
0.169011,0.183783,0.0,0.9196225983904931,0.0803774016095069,snapshot_702.xyz,32,10000,40.0,10000,all,702
0.163375,0.184966,0.0,0.8832704388914719,0.11672956110852806,snapshot_703.xyz,32,10000,40.0,10000,all,703
0.158654,0.184375,0.0,0.8604962711864406,0.13950372881355944,snapshot_704.xyz,32,10000,40.0,10000,all,704
0.157122,0.183915,0.0,0.8543185710790312,0.1456814289209688,snapshot_705.xyz,32,10000,40.0,10000,all,705
0.151582,0.181811,0.0,0.8337339324903333,0.16626606750966666,snapshot_706.xyz,32,10000,40.0,10000,all,706
0.151582,0.183718,0.0,0.82507974177816,0.17492025822183999,snapshot_707.xyz,32,10000,40.0,10000,all,707
0.151449,0.183718,0.0,0.8243558061812125,0.1756441938187875,snapshot_708.xyz,32,10000,40.0,10000,all,708
0.149442,0.183849,0.0,0.812851851247491,0.18714814875250896,snapshot_709.xyz,32,10000,40.0,10000,all,709
0.149375,0.184966,0.0,0.8075808526972525,0.19241914730274745,snapshot_710.xyz,32,10000,40.0,10000,all,710
0.148371,0.183192,0.0,0.8099207388968951,0.1900792611031049,snapshot_711.xyz,32,10000,40.0,10000,all,711
0.148772,0.183323,0.0,0.8115293771103461,0.18847062288965388,snapshot_712.xyz,32,10000,40.0,10000,all,712
0.146159,0.182732,0.0,0.7998544316266445,0.2001455683733555,snapshot_713.xyz,32,10000,40.0,10000,all,713
0.143138,0.182403,0.0,0.7847349001935274,0.21526509980647257,snapshot_714.xyz,32,10000,40.0,10000,all,714
0.144078,0.182995,0.0,0.7873329872400886,0.2126670127599114,snapshot_715.xyz,32,10000,40.0,10000,all,715
0.142264,0.18352,0.0,0.7751961639058413,0.22480383609415866,snapshot_716.xyz,32,10000,40.0,10000,all,716
0.142869,0.182929,0.0,0.7810079320392064,0.21899206796079362,snapshot_717.xyz,32,10000,40.0,10000,all,717
0.140179,0.183849,0.0,0.7624681124183432,0.23753188758165678,snapshot_718.xyz,32,10000,40.0,10000,all,718
0.141323,0.182863,0.0,0.77283540136605,0.22716459863395,snapshot_719.xyz,32,10000,40.0,10000,all,719
0.140381,0.18352,0.0,0.7649357018308632,0.23506429816913677,snapshot_720.xyz,32,10000,40.0,10000,all,720
0.140044,0.18398,0.0,0.7611914338515056,0.23880856614849444,snapshot_721.xyz,32,10000,40.0,10000,all,721
0.138091,0.1826,0.0,0.756248630887185,0.24375136911281503,snapshot_722.xyz,32,10000,40.0,10000,all,722
0.137956,0.184177,0.0,0.7490403253392117,0.2509596746607883,snapshot_723.xyz,32,10000,40.0,10000,all,723
0.137349,0.182535,0.0,0.7524529542279562,0.24754704577204378,snapshot_724.xyz,32,10000,40.0,10000,all,724
0.136607,0.183192,0.0,0.7457039608716538,0.2542960391283462,snapshot_725.xyz,32,10000,40.0,10000,all,725
0.136337,0.184243,0.0,0.7399846941267784,0.26001530587322164,snapshot_726.xyz,32,10000,40.0,10000,all,726
0.134649,0.183323,0.0,0.7344904894639515,0.26550951053604854,snapshot_727.xyz,32,10000,40.0,10000,all,727
0.1312,0.182074,0.0,0.7205861353076222,0.27941386469237783,snapshot_728.xyz,32,10000,40.0,10000,all,728
0.133297,0.182666,0.0,0.7297307654407498,0.2702692345592502,snapshot_729.xyz,32,10000,40.0,10000,all,729
0.134987,0.182403,0.0,0.7400481351732153,0.2599518648267847,snapshot_730.xyz,32,10000,40.0,10000,all,730
0.132283,0.184309,0.0,0.7177240395205877,0.2822759604794123,snapshot_731.xyz,32,10000,40.0,10000,all,731
0.134041,0.184112,0.0,0.7280405405405405,0.27195945945945954,snapshot_732.xyz,32,10000,40.0,10000,all,732
0.133973,0.182732,0.0,0.733166604645054,0.266833395354946,snapshot_733.xyz,32,10000,40.0,10000,all,733
0.132486,0.183258,0.0,0.7229479749860851,0.2770520250139149,snapshot_734.xyz,32,10000,40.0,10000,all,734
0.130793,0.182666,0.0,0.7160226862141832,0.2839773137858168,snapshot_735.xyz,32,10000,40.0,10000,all,735
0.130251,0.18306,0.0,0.7115208128482465,0.28847918715175347,snapshot_736.xyz,32,10000,40.0,10000,all,736
0.132486,0.183783,0.0,0.7208827802353862,0.2791172197646138,snapshot_737.xyz,32,10000,40.0,10000,all,737
0.132892,0.183455,0.0,0.7243847264996865,0.27561527350031345,snapshot_738.xyz,32,10000,40.0,10000,all,738
0.133568,0.183783,0.0,0.7267701582844985,0.27322984171550146,snapshot_739.xyz,32,10000,40.0,10000,all,739
0.1335,0.181877,0.0,0.7340125469410645,0.26598745305893545,snapshot_740.xyz,32,10000,40.0,10000,all,740
0.132486,0.183849,0.0,0.7206239903398984,0.27937600966010157,snapshot_741.xyz,32,10000,40.0,10000,all,741
0.131335,0.18214,0.0,0.7210662128033382,0.27893378719666184,snapshot_742.xyz,32,10000,40.0,10000,all,742
0.130658,0.182929,0.0,0.7142552575042775,0.28574474249572246,snapshot_743.xyz,32,10000,40.0,10000,all,743
0.131335,0.183783,0.0,0.7146199594086504,0.2853800405913496,snapshot_744.xyz,32,10000,40.0,10000,all,744
0.131741,0.183718,0.0,0.7170827028380453,0.2829172971619547,snapshot_745.xyz,32,10000,40.0,10000,all,745
0.132283,0.183258,0.0,0.721840247083347,0.27815975291665296,snapshot_746.xyz,32,10000,40.0,10000,all,746
0.133094,0.183586,0.0,0.7249681348250956,0.2750318651749044,snapshot_747.xyz,32,10000,40.0,10000,all,747
0.132689,0.183126,0.0,0.7245776132280506,0.2754223867719494,snapshot_748.xyz,32,10000,40.0,10000,all,748
0.132486,0.182337,0.0,0.7265996479047039,0.2734003520952961,snapshot_749.xyz,32,10000,40.0,10000,all,749
0.132418,0.183258,0.0,0.7225769134226064,0.27742308657739356,snapshot_750.xyz,32,10000,40.0,10000,all,750
0.133094,0.183783,0.0,0.7241910296382146,0.2758089703617854,snapshot_751.xyz,32,10000,40.0,10000,all,751
0.13235,0.183783,0.0,0.7201427770794905,0.2798572229205095,snapshot_752.xyz,32,10000,40.0,10000,all,752
0.131944,0.183192,0.0,0.7202497925673611,0.2797502074326389,snapshot_753.xyz,32,10000,40.0,10000,all,753
0.131741,0.183783,0.0,0.7168290864769864,0.2831709135230136,snapshot_754.xyz,32,10000,40.0,10000,all,754
0.131403,0.183455,0.0,0.7162682946771687,0.2837317053228313,snapshot_755.xyz,32,10000,40.0,10000,all,755
0.131944,0.183455,0.0,0.7192172467362569,0.28078275326374313,snapshot_756.xyz,32,10000,40.0,10000,all,756
0.132147,0.182206,0.0,0.7252615171838468,0.2747384828161532,snapshot_757.xyz,32,10000,40.0,10000,all,757
0.130387,0.182074,0.0,0.7161209178685589,0.2838790821314411,snapshot_758.xyz,32,10000,40.0,10000,all,758
0.13059,0.182797,0.0,0.7143990328068842,0.2856009671931158,snapshot_759.xyz,32,10000,40.0,10000,all,759
0.131335,0.1849,0.0,0.710302866414278,0.289697133585722,snapshot_760.xyz,32,10000,40.0,10000,all,760
0.131335,0.181417,0.0,0.7239398733305038,0.2760601266694962,snapshot_761.xyz,32,10000,40.0,10000,all,761
0.130997,0.183323,0.0,0.7145693666370286,0.28543063336297136,snapshot_762.xyz,32,10000,40.0,10000,all,762
0.131809,0.184966,0.0,0.7126120476195626,0.28738795238043735,snapshot_763.xyz,32,10000,40.0,10000,all,763
0.130116,0.182929,0.0,0.7112923593306693,0.28870764066933075,snapshot_764.xyz,32,10000,40.0,10000,all,764
0.131674,0.184046,0.0,0.7154407050411311,0.2845592949588689,snapshot_765.xyz,32,10000,40.0,10000,all,765
0.131606,0.182206,0.0,0.7222923504165615,0.2777076495834385,snapshot_766.xyz,32,10000,40.0,10000,all,766
0.132689,0.182929,0.0,0.7253579257526144,0.2746420742473856,snapshot_767.xyz,32,10000,40.0,10000,all,767
0.132553,0.182797,0.0,0.7251377210785735,0.27486227892142645,snapshot_768.xyz,32,10000,40.0,10000,all,768
0.132892,0.183192,0.0,0.7254246910345431,0.2745753089654569,snapshot_769.xyz,32,10000,40.0,10000,all,769
0.130184,0.18306,0.0,0.7111548126297389,0.2888451873702611,snapshot_770.xyz,32,10000,40.0,10000,all,770
0.131741,0.18306,0.0,0.7196602206926691,0.2803397793073309,snapshot_771.xyz,32,10000,40.0,10000,all,771
0.131877,0.183258,0.0,0.7196247912778705,0.2803752087221295,snapshot_772.xyz,32,10000,40.0,10000,all,772
0.131267,0.182469,0.0,0.7193934312129732,0.28060656878702683,snapshot_773.xyz,32,10000,40.0,10000,all,773
0.13208,0.184177,0.0,0.7171362330801349,0.28286376691986514,snapshot_774.xyz,32,10000,40.0,10000,all,774
0.131809,0.183455,0.0,0.71848137145349,0.28151862854651,snapshot_775.xyz,32,10000,40.0,10000,all,775
0.131403,0.183455,0.0,0.7162682946771687,0.2837317053228313,snapshot_776.xyz,32,10000,40.0,10000,all,776
0.1312,0.182797,0.0,0.7177360678785758,0.2822639321214242,snapshot_777.xyz,32,10000,40.0,10000,all,777
0.12781,0.182863,0.0,0.6989385496245824,0.30106145037541765,snapshot_778.xyz,32,10000,40.0,10000,all,778
0.127878,0.182666,0.0,0.7000645987759079,0.2999354012240921,snapshot_779.xyz,32,10000,40.0,10000,all,779
0.127064,0.183126,0.0,0.6938610574140209,0.30613894258597907,snapshot_780.xyz,32,10000,40.0,10000,all,780
0.127471,0.182074,0.0,0.7001054516295572,0.2998945483704428,snapshot_781.xyz,32,10000,40.0,10000,all,781
0.128964,0.183455,0.0,0.7029734812351802,0.2970265187648198,snapshot_782.xyz,32,10000,40.0,10000,all,782
0.130387,0.182863,0.0,0.713031066973636,0.28696893302636395,snapshot_783.xyz,32,10000,40.0,10000,all,783
0.130997,0.184703,0.0,0.7092304943612178,0.29076950563878223,snapshot_784.xyz,32,10000,40.0,10000,all,784
0.130048,0.182929,0.0,0.710920630408519,0.28907936959148095,snapshot_785.xyz,32,10000,40.0,10000,all,785
0.130455,0.182009,0.0,0.7167502705910146,0.2832497294089854,snapshot_786.xyz,32,10000,40.0,10000,all,786
0.130522,0.184046,0.0,0.7091814003020984,0.2908185996979016,snapshot_787.xyz,32,10000,40.0,10000,all,787
0.129031,0.183192,0.0,0.704348443163457,0.295651556836543,snapshot_788.xyz,32,10000,40.0,10000,all,788
0.128217,0.183389,0.0,0.6991531662204385,0.30084683377956145,snapshot_789.xyz,32,10000,40.0,10000,all,789
0.127471,0.182535,0.0,0.6983373051743501,0.3016626948256499,snapshot_790.xyz,32,10000,40.0,10000,all,790
0.129167,0.1826,0.0,0.7073767798466594,0.29262322015334064,snapshot_791.xyz,32,10000,40.0,10000,all,791
0.130522,0.184243,0.0,0.7084231151251337,0.2915768848748663,snapshot_792.xyz,32,10000,40.0,10000,all,792
0.131267,0.183586,0.0,0.71501639558572,0.28498360441427995,snapshot_793.xyz,32,10000,40.0,10000,all,793
0.13059,0.184375,0.0,0.7082847457627118,0.29171525423728817,snapshot_794.xyz,32,10000,40.0,10000,all,794
0.130251,0.183652,0.0,0.709227234116699,0.29077276588330103,snapshot_795.xyz,32,10000,40.0,10000,all,795
0.131538,0.183652,0.0,0.7162350532528913,0.2837649467471087,snapshot_796.xyz,32,10000,40.0,10000,all,796
0.129031,0.18398,0.0,0.7013316664854876,0.2986683335145124,snapshot_797.xyz,32,10000,40.0,10000,all,797
0.129709,0.18352,0.0,0.7067840017436792,0.29321599825632083,snapshot_798.xyz,32,10000,40.0,10000,all,798
0.129845,0.18306,0.0,0.709302960777887,0.290697039222113,snapshot_799.xyz,32,10000,40.0,10000,all,799
0.129506,0.182206,0.0,0.7107669341295018,0.28923306587049824,snapshot_800.xyz,32,10000,40.0,10000,all,800
0.129167,0.182797,0.0,0.7066144411560366,0.29338555884396345,snapshot_801.xyz,32,10000,40.0,10000,all,801
0.117594,0.180824,0.0,0.6503229659779675,0.34967703402203254,snapshot_802.xyz,32,10000,40.0,10000,all,802
0.102535,0.177861,0.0,0.576489505850074,0.42351049414992603,snapshot_803.xyz,32,10000,40.0,10000,all,803
0.101428,0.179508,0.0,0.5650333132785168,0.4349666867214832,snapshot_804.xyz,32,10000,40.0,10000,all,804
0.0990022,0.179245,0.0,0.5523289352562136,0.4476710647437864,snapshot_805.xyz,32,10000,40.0,10000,all,805
0.0977526,0.179179,0.0,0.5455583522622628,0.4544416477377372,snapshot_806.xyz,32,10000,40.0,10000,all,806
0.0982387,0.177202,0.0,0.55438821232266,0.44561178767734,snapshot_807.xyz,32,10000,40.0,10000,all,807
0.0980999,0.178784,0.0,0.548706260068015,0.45129373993198496,snapshot_808.xyz,32,10000,40.0,10000,all,808
0.0992797,0.180035,0.0,0.5514466631488322,0.4485533368511678,snapshot_809.xyz,32,10000,40.0,10000,all,809
0.0976137,0.177268,0.0,0.5506560687772186,0.4493439312227814,snapshot_810.xyz,32,10000,40.0,10000,all,810
0.0977526,0.179179,0.0,0.5455583522622628,0.4544416477377372,snapshot_811.xyz,32,10000,40.0,10000,all,811
0.0982387,0.178191,0.0,0.5513112334517456,0.4486887665482544,snapshot_812.xyz,32,10000,40.0,10000,all,812
0.0978221,0.178915,0.0,0.5467518095184865,0.45324819048151355,snapshot_813.xyz,32,10000,40.0,10000,all,813
0.0970578,0.178191,0.0,0.5446840749532805,0.45531592504671947,snapshot_814.xyz,32,10000,40.0,10000,all,814
0.0977526,0.177993,0.0,0.5491935076098498,0.45080649239015025,snapshot_815.xyz,32,10000,40.0,10000,all,815
0.0974052,0.177729,0.0,0.5480546224870448,0.45194537751295516,snapshot_816.xyz,32,10000,40.0,10000,all,816
0.0980304,0.178191,0.0,0.5501422630772599,0.4498577369227401,snapshot_817.xyz,32,10000,40.0,10000,all,817
0.0971968,0.179311,0.0,0.5420570963298403,0.45794290367015966,snapshot_818.xyz,32,10000,40.0,10000,all,818
0.0987246,0.177795,0.0,0.5552720830169576,0.44472791698304237,snapshot_819.xyz,32,10000,40.0,10000,all,819
0.0963626,0.178059,0.0,0.5411835402872083,0.4588164597127917,snapshot_820.xyz,32,10000,40.0,10000,all,820
0.0971273,0.178388,0.0,0.5444721618046057,0.45552783819539433,snapshot_821.xyz,32,10000,40.0,10000,all,821
0.0980304,0.178981,0.0,0.5477140031623469,0.45228599683765314,snapshot_822.xyz,32,10000,40.0,10000,all,822
0.0970578,0.177268,0.0,0.5475201389985784,0.45247986100142157,snapshot_823.xyz,32,10000,40.0,10000,all,823
0.0977526,0.178323,0.0,0.5481771840985178,0.4518228159014822,snapshot_824.xyz,32,10000,40.0,10000,all,824
0.0978915,0.1774,0.0,0.5518122886133033,0.44818771138669666,snapshot_825.xyz,32,10000,40.0,10000,all,825
0.0971273,0.177136,0.0,0.5483204995032066,0.4516795004967934,snapshot_826.xyz,32,10000,40.0,10000,all,826
0.0969188,0.177861,0.0,0.5449131625257926,0.4550868374742074,snapshot_827.xyz,32,10000,40.0,10000,all,827
0.097961,0.178388,0.0,0.5491456824450076,0.4508543175549924,snapshot_828.xyz,32,10000,40.0,10000,all,828
0.0974747,0.176938,0.0,0.5508974895161016,0.4491025104838984,snapshot_829.xyz,32,10000,40.0,10000,all,829
0.0968493,0.177664,0.0,0.5451261932636888,0.45487380673631117,snapshot_830.xyz,32,10000,40.0,10000,all,830
0.0976831,0.178388,0.0,0.5475878422315402,0.4524121577684598,snapshot_831.xyz,32,10000,40.0,10000,all,831
0.0983776,0.179574,0.0,0.5478387739873255,0.4521612260126745,snapshot_832.xyz,32,10000,40.0,10000,all,832
0.0969883,0.178586,0.0,0.5430901638426304,0.4569098361573696,snapshot_833.xyz,32,10000,40.0,10000,all,833
0.0968493,0.177598,0.0,0.5453287762249575,0.45467122377504254,snapshot_834.xyz,32,10000,40.0,10000,all,834
0.0966407,0.176873,0.0,0.5463846941025481,0.4536153058974519,snapshot_835.xyz,32,10000,40.0,10000,all,835
0.0975442,0.177532,0.0,0.5494457337268774,0.45055426627312256,snapshot_836.xyz,32,10000,40.0,10000,all,836
0.0977526,0.178388,0.0,0.5479774424288629,0.4520225575711371,snapshot_837.xyz,32,10000,40.0,10000,all,837
0.0958756,0.178191,0.0,0.5380496209123918,0.46195037908760817,snapshot_838.xyz,32,10000,40.0,10000,all,838
0.0955973,0.177532,0.0,0.5384792600770565,0.4615207399229435,snapshot_839.xyz,32,10000,40.0,10000,all,839
0.0959452,0.1774,0.0,0.5408410372040586,0.45915896279594137,snapshot_840.xyz,32,10000,40.0,10000,all,840
0.0974052,0.177927,0.0,0.5474447385725606,0.4525552614274394,snapshot_841.xyz,32,10000,40.0,10000,all,841
0.0969188,0.176675,0.0,0.5485711051365502,0.45142889486344984,snapshot_842.xyz,32,10000,40.0,10000,all,842
0.0958061,0.178323,0.0,0.5372615983356045,0.4627384016643955,snapshot_843.xyz,32,10000,40.0,10000,all,843
0.0977526,0.177729,0.0,0.5500092837972419,0.4499907162027581,snapshot_844.xyz,32,10000,40.0,10000,all,844
0.0969883,0.177268,0.0,0.5471280772615474,0.45287192273845256,snapshot_845.xyz,32,10000,40.0,10000,all,845
0.0969883,0.177268,0.0,0.5471280772615474,0.45287192273845256,snapshot_846.xyz,32,10000,40.0,10000,all,846
0.0965016,0.177532,0.0,0.5435729896582026,0.45642701034179745,snapshot_847.xyz,32,10000,40.0,10000,all,847
0.0976831,0.177466,0.0,0.5504327589510103,0.4495672410489897,snapshot_848.xyz,32,10000,40.0,10000,all,848
0.0970578,0.178784,0.0,0.5428774386969751,0.45712256130302487,snapshot_849.xyz,32,10000,40.0,10000,all,849
0.0951797,0.177993,0.0,0.5347384447703,0.46526155522970003,snapshot_850.xyz,32,10000,40.0,10000,all,850
0.0954581,0.176807,0.0,0.5399000039591193,0.4600999960408807,snapshot_851.xyz,32,10000,40.0,10000,all,851
0.0972663,0.178388,0.0,0.5452513621992511,0.4547486378007489,snapshot_852.xyz,32,10000,40.0,10000,all,852
0.0961539,0.176938,0.0,0.5434327278481728,0.45656727215182724,snapshot_853.xyz,32,10000,40.0,10000,all,853
0.0974747,0.177334,0.0,0.5496672944838553,0.4503327055161447,snapshot_854.xyz,32,10000,40.0,10000,all,854
0.0958061,0.177927,0.0,0.538457344866153,0.46154265513384696,snapshot_855.xyz,32,10000,40.0,10000,all,855
0.0969188,0.177993,0.0,0.5445090537268319,0.4554909462731681,snapshot_856.xyz,32,10000,40.0,10000,all,856
0.097961,0.178784,0.0,0.5479293449078217,0.45207065509217825,snapshot_857.xyz,32,10000,40.0,10000,all,857
0.0967797,0.176807,0.0,0.5473748211326475,0.45262517886735254,snapshot_858.xyz,32,10000,40.0,10000,all,858
0.0966407,0.177466,0.0,0.5445589577721929,0.4554410422278071,snapshot_859.xyz,32,10000,40.0,10000,all,859
0.0960843,0.177532,0.0,0.5412224275060271,0.4587775724939729,snapshot_860.xyz,32,10000,40.0,10000,all,860
0.0959452,0.1774,0.0,0.5408410372040586,0.45915896279594137,snapshot_861.xyz,32,10000,40.0,10000,all,861
0.0958061,0.177861,0.0,0.5386571536199617,0.4613428463800383,snapshot_862.xyz,32,10000,40.0,10000,all,862
0.0966407,0.178388,0.0,0.5417443998475234,0.45825560015247657,snapshot_863.xyz,32,10000,40.0,10000,all,863
0.0963626,0.178059,0.0,0.5411835402872083,0.4588164597127917,snapshot_864.xyz,32,10000,40.0,10000,all,864
0.0966407,0.17885,0.0,0.5403449818283478,0.4596550181716522,snapshot_865.xyz,32,10000,40.0,10000,all,865
0.0960148,0.178981,0.0,0.5364524726088243,0.46354752739117566,snapshot_866.xyz,32,10000,40.0,10000,all,866
0.0967102,0.178586,0.0,0.5415329309128375,0.4584670690871625,snapshot_867.xyz,32,10000,40.0,10000,all,867
0.0958756,0.177268,0.0,0.5408511406458019,0.45914885935419814,snapshot_868.xyz,32,10000,40.0,10000,all,868
0.0967102,0.177466,0.0,0.5449505820833286,0.4550494179166714,snapshot_869.xyz,32,10000,40.0,10000,all,869
0.0968493,0.178125,0.0,0.5437153684210526,0.4562846315789474,snapshot_870.xyz,32,10000,40.0,10000,all,870
0.0958061,0.177532,0.0,0.5396553860712435,0.4603446139287565,snapshot_871.xyz,32,10000,40.0,10000,all,871
0.0962235,0.177004,0.0,0.543623307947843,0.45637669205215703,snapshot_872.xyz,32,10000,40.0,10000,all,872
0.0964321,0.177993,0.0,0.5417746765322232,0.4582253234677768,snapshot_873.xyz,32,10000,40.0,10000,all,873
0.0978221,0.177729,0.0,0.5504003285901569,0.44959967140984314,snapshot_874.xyz,32,10000,40.0,10000,all,874
0.0967797,0.17885,0.0,0.5411221694157115,0.45887783058428855,snapshot_875.xyz,32,10000,40.0,10000,all,875
0.0957365,0.176609,0.0,0.5420816606175224,0.4579183393824776,snapshot_876.xyz,32,10000,40.0,10000,all,876
0.0958756,0.178981,0.0,0.5356747364245367,0.46432526357546333,snapshot_877.xyz,32,10000,40.0,10000,all,877
0.0960148,0.176609,0.0,0.5436574580004416,0.45634254199955837,snapshot_878.xyz,32,10000,40.0,10000,all,878
0.0958756,0.177927,0.0,0.5388479544981931,0.4611520455018069,snapshot_879.xyz,32,10000,40.0,10000,all,879
0.0956669,0.177993,0.0,0.537475631064143,0.462524368935857,snapshot_880.xyz,32,10000,40.0,10000,all,880
0.0967797,0.177136,0.0,0.5463581654773734,0.45364183452262663,snapshot_881.xyz,32,10000,40.0,10000,all,881
0.0962235,0.178323,0.0,0.5396022947124038,0.46039770528759616,snapshot_882.xyz,32,10000,40.0,10000,all,882
0.0970578,0.178981,0.0,0.5422799068057503,0.45772009319424967,snapshot_883.xyz,32,10000,40.0,10000,all,883
0.0978915,0.177795,0.0,0.5505863494473973,0.44941365055260274,snapshot_884.xyz,32,10000,40.0,10000,all,884
0.0967102,0.176147,0.0,0.5490312068897001,0.4509687931102999,snapshot_885.xyz,32,10000,40.0,10000,all,885
0.0961539,0.176147,0.0,0.5458730492145765,0.45412695078542353,snapshot_886.xyz,32,10000,40.0,10000,all,886
0.0957365,0.177927,0.0,0.5380661732058654,0.46193382679413464,snapshot_887.xyz,32,10000,40.0,10000,all,887
0.0969883,0.178586,0.0,0.5430901638426304,0.4569098361573696,snapshot_888.xyz,32,10000,40.0,10000,all,888
0.0965712,0.178191,0.0,0.5419532973045776,0.45804670269542236,snapshot_889.xyz,32,10000,40.0,10000,all,889
0.0965016,0.178257,0.0,0.5413621905451119,0.4586378094548881,snapshot_890.xyz,32,10000,40.0,10000,all,890
0.0949708,0.17707,0.0,0.5363460778223301,0.4636539221776699,snapshot_891.xyz,32,10000,40.0,10000,all,891
0.0958756,0.177532,0.0,0.540046864790573,0.45995313520942704,snapshot_892.xyz,32,10000,40.0,10000,all,892
0.0958061,0.177993,0.0,0.5382576842909552,0.4617423157090448,snapshot_893.xyz,32,10000,40.0,10000,all,893
0.0946922,0.177136,0.0,0.5345734351007136,0.46542656489928635,snapshot_894.xyz,32,10000,40.0,10000,all,894
0.0960843,0.177334,0.0,0.5418267224559307,0.45817327754406934,snapshot_895.xyz,32,10000,40.0,10000,all,895
0.0957365,0.178981,0.0,0.5348975589587722,0.4651024410412278,snapshot_896.xyz,32,10000,40.0,10000,all,896
0.0967102,0.178059,0.0,0.5431357022110649,0.4568642977889351,snapshot_897.xyz,32,10000,40.0,10000,all,897
0.0960148,0.178388,0.0,0.5382357557683253,0.4617642442316747,snapshot_898.xyz,32,10000,40.0,10000,all,898
0.09511,0.177993,0.0,0.5343468563370469,0.4656531436629531,snapshot_899.xyz,32,10000,40.0,10000,all,899
0.0950404,0.177202,0.0,0.5363393189693119,0.46366068103068814,snapshot_900.xyz,32,10000,40.0,10000,all,900
0.0942046,0.177795,0.0,0.5298495458252481,0.4701504541747519,snapshot_901.xyz,32,10000,40.0,10000,all,901
0.0874945,0.171393,0.0,0.5104905101141821,0.4895094898858179,snapshot_902.xyz,32,10000,40.0,10000,all,902
0.0862316,0.169606,0.0,0.5084230510713065,0.4915769489286935,snapshot_903.xyz,32,10000,40.0,10000,all,903
0.0858103,0.16868,0.0,0.5087165046241404,0.4912834953758596,snapshot_904.xyz,32,10000,40.0,10000,all,904
0.0869334,0.171591,0.0,0.5066314666853157,0.49336853331468433,snapshot_905.xyz,32,10000,40.0,10000,all,905
0.0880553,0.170467,0.0,0.5165533505018567,0.4834466494981433,snapshot_906.xyz,32,10000,40.0,10000,all,906
0.0860912,0.169673,0.0,0.5073948123743908,0.49260518762560923,snapshot_907.xyz,32,10000,40.0,10000,all,907
0.0865124,0.169805,0.0,0.5094808751214628,0.4905191248785372,snapshot_908.xyz,32,10000,40.0,10000,all,908
0.0870036,0.169673,0.0,0.5127722147896248,0.48722778521037524,snapshot_909.xyz,32,10000,40.0,10000,all,909
0.0857401,0.170004,0.0,0.5043416625491165,0.4956583374508835,snapshot_910.xyz,32,10000,40.0,10000,all,910
0.0862316,0.169805,0.0,0.507827213568505,0.492172786431495,snapshot_911.xyz,32,10000,40.0,10000,all,911
0.086372,0.16815,0.0,0.5136604222420459,0.4863395777579541,snapshot_912.xyz,32,10000,40.0,10000,all,912
0.0866528,0.16954,0.0,0.5111053438716527,0.48889465612834726,snapshot_913.xyz,32,10000,40.0,10000,all,913
0.0869334,0.168945,0.0,0.5145662789665275,0.4854337210334725,snapshot_914.xyz,32,10000,40.0,10000,all,914
0.0862316,0.169408,0.0,0.509017283717416,0.49098271628258405,snapshot_915.xyz,32,10000,40.0,10000,all,915
0.0865124,0.169011,0.0,0.5118743750406779,0.4881256249593221,snapshot_916.xyz,32,10000,40.0,10000,all,916
0.0860912,0.170268,0.0,0.5056217257499942,0.4943782742500058,snapshot_917.xyz,32,10000,40.0,10000,all,917
0.0866528,0.169606,0.0,0.5109064537811162,0.4890935462188838,snapshot_918.xyz,32,10000,40.0,10000,all,918
0.0863018,0.168878,0.0,0.5110304480157273,0.4889695519842727,snapshot_919.xyz,32,10000,40.0,10000,all,919
0.0864422,0.169805,0.0,0.5090674597332233,0.4909325402667767,snapshot_920.xyz,32,10000,40.0,10000,all,920
0.086021,0.168084,0.0,0.5117738749672782,0.4882261250327218,snapshot_921.xyz,32,10000,40.0,10000,all,921
0.0856698,0.169606,0.0,0.5051106682546608,0.4948893317453392,snapshot_922.xyz,32,10000,40.0,10000,all,922
0.0865124,0.168547,0.0,0.5132835351563659,0.48671646484363407,snapshot_923.xyz,32,10000,40.0,10000,all,923
0.0867229,0.169805,0.0,0.5107205323753717,0.48927946762462826,snapshot_924.xyz,32,10000,40.0,10000,all,924
0.086021,0.169276,0.0,0.5081700890852808,0.49182991091471917,snapshot_925.xyz,32,10000,40.0,10000,all,925
0.0865826,0.1704,0.0,0.5081138497652582,0.4918861502347418,snapshot_926.xyz,32,10000,40.0,10000,all,926
0.0867931,0.17007,0.0,0.5103375080849062,0.4896624919150938,snapshot_927.xyz,32,10000,40.0,10000,all,927
0.0868633,0.16954,0.0,0.5123469387755103,0.4876530612244897,snapshot_928.xyz,32,10000,40.0,10000,all,928
0.0868633,0.170004,0.0,0.5109485659160962,0.48905143408390384,snapshot_929.xyz,32,10000,40.0,10000,all,929
0.0862316,0.171062,0.0,0.5040955910722429,0.4959044089277571,snapshot_930.xyz,32,10000,40.0,10000,all,930
0.0865826,0.170533,0.0,0.5077175678607659,0.49228243213923406,snapshot_931.xyz,32,10000,40.0,10000,all,931
0.0862316,0.170268,0.0,0.5064463081729978,0.49355369182700215,snapshot_932.xyz,32,10000,40.0,10000,all,932
0.0865124,0.169209,0.0,0.5112754049725488,0.48872459502745125,snapshot_933.xyz,32,10000,40.0,10000,all,933
0.0855293,0.170136,0.0,0.5027113603235059,0.49728863967649406,snapshot_934.xyz,32,10000,40.0,10000,all,934
0.0859508,0.169209,0.0,0.5079564325774634,0.49204356742253663,snapshot_935.xyz,32,10000,40.0,10000,all,935
0.0862316,0.17093,0.0,0.5044848768501726,0.4955151231498274,snapshot_936.xyz,32,10000,40.0,10000,all,936
0.0857401,0.169937,0.0,0.5045405061875872,0.49545949381241283,snapshot_937.xyz,32,10000,40.0,10000,all,937
0.0866528,0.169673,0.0,0.5107047084686427,0.4892952915313573,snapshot_938.xyz,32,10000,40.0,10000,all,938
0.0863018,0.169673,0.0,0.5086360234097352,0.49136397659026476,snapshot_939.xyz,32,10000,40.0,10000,all,939
0.0858805,0.168945,0.0,0.508334073219095,0.49166592678090504,snapshot_940.xyz,32,10000,40.0,10000,all,940
0.086372,0.169805,0.0,0.508654044344984,0.49134595565501604,snapshot_941.xyz,32,10000,40.0,10000,all,941
0.0866528,0.170004,0.0,0.5097103597562411,0.4902896402437589,snapshot_942.xyz,32,10000,40.0,10000,all,942
0.0864422,0.168547,0.0,0.5128670341210463,0.4871329658789537,snapshot_943.xyz,32,10000,40.0,10000,all,943
0.0861614,0.169805,0.0,0.5074137981802656,0.49258620181973445,snapshot_944.xyz,32,10000,40.0,10000,all,944
0.0863018,0.169739,0.0,0.5084382493121793,0.4915617506878207,snapshot_945.xyz,32,10000,40.0,10000,all,945
0.0858805,0.169276,0.0,0.5073400836503698,0.49265991634963024,snapshot_946.xyz,32,10000,40.0,10000,all,946
0.086372,0.168349,0.0,0.5130532405894898,0.48694675941051024,snapshot_947.xyz,32,10000,40.0,10000,all,947
0.0860912,0.169937,0.0,0.5066065659626803,0.4933934340373197,snapshot_948.xyz,32,10000,40.0,10000,all,948
0.0862316,0.169474,0.0,0.5088190518899655,0.49118094811003454,snapshot_949.xyz,32,10000,40.0,10000,all,949
0.086372,0.170334,0.0,0.5070743363039675,0.4929256636960325,snapshot_950.xyz,32,10000,40.0,10000,all,950
0.0862316,0.170334,0.0,0.5062500733852313,0.4937499266147687,snapshot_951.xyz,32,10000,40.0,10000,all,951
0.0875647,0.170136,0.0,0.5146747308035924,0.4853252691964076,snapshot_952.xyz,32,10000,40.0,10000,all,952
0.0867931,0.169474,0.0,0.5121322444740786,0.48786775552592143,snapshot_953.xyz,32,10000,40.0,10000,all,953
0.0868633,0.169408,0.0,0.5127461513033623,0.4872538486966377,snapshot_954.xyz,32,10000,40.0,10000,all,954
0.0862316,0.169606,0.0,0.5084230510713065,0.4915769489286935,snapshot_955.xyz,32,10000,40.0,10000,all,955
0.0858103,0.169408,0.0,0.5065303881752928,0.49346961182470717,snapshot_956.xyz,32,10000,40.0,10000,all,956
0.0861614,0.169673,0.0,0.5078085493861723,0.49219145061382774,snapshot_957.xyz,32,10000,40.0,10000,all,957
0.0857401,0.169606,0.0,0.5055251583080786,0.49447484169192135,snapshot_958.xyz,32,10000,40.0,10000,all,958
0.0865124,0.1704,0.0,0.5077018779342723,0.49229812206572765,snapshot_959.xyz,32,10000,40.0,10000,all,959
0.0878451,0.169474,0.0,0.5183396863235658,0.48166031367643425,snapshot_960.xyz,32,10000,40.0,10000,all,960
0.0862316,0.169276,0.0,0.5094142111108485,0.4905857888891515,snapshot_961.xyz,32,10000,40.0,10000,all,961
0.0863018,0.170136,0.0,0.5072518455823576,0.4927481544176424,snapshot_962.xyz,32,10000,40.0,10000,all,962
0.0859508,0.16954,0.0,0.5069647280877668,0.4930352719122332,snapshot_963.xyz,32,10000,40.0,10000,all,963
0.0870737,0.170136,0.0,0.511788804250717,0.48821119574928296,snapshot_964.xyz,32,10000,40.0,10000,all,964
0.0878451,0.169011,0.0,0.5197596606138062,0.4802403393861938,snapshot_965.xyz,32,10000,40.0,10000,all,965
0.0863018,0.16954,0.0,0.5090350359797098,0.4909649640202902,snapshot_966.xyz,32,10000,40.0,10000,all,966
0.0868633,0.169143,0.0,0.5135494817994242,0.48645051820057583,snapshot_967.xyz,32,10000,40.0,10000,all,967
0.0861614,0.169209,0.0,0.5092010472256204,0.49079895277437957,snapshot_968.xyz,32,10000,40.0,10000,all,968
0.0859508,0.169276,0.0,0.5077553817434248,0.4922446182565752,snapshot_969.xyz,32,10000,40.0,10000,all,969
0.0874945,0.170136,0.0,0.5142621197159919,0.4857378802840081,snapshot_970.xyz,32,10000,40.0,10000,all,970
0.0867931,0.169739,0.0,0.5113326931347539,0.48866730686524606,snapshot_971.xyz,32,10000,40.0,10000,all,971
0.087214,0.170004,0.0,0.5130114585539164,0.4869885414460836,snapshot_972.xyz,32,10000,40.0,10000,all,972
0.087214,0.169011,0.0,0.5160255841335771,0.48397441586642287,snapshot_973.xyz,32,10000,40.0,10000,all,973
0.087214,0.16954,0.0,0.5144154771735284,0.4855845228264716,snapshot_974.xyz,32,10000,40.0,10000,all,974
0.0869334,0.16868,0.0,0.5153746739388191,0.4846253260611809,snapshot_975.xyz,32,10000,40.0,10000,all,975
0.0868633,0.16954,0.0,0.5123469387755103,0.4876530612244897,snapshot_976.xyz,32,10000,40.0,10000,all,976
0.0865826,0.169805,0.0,0.5098942905097023,0.49010570949029775,snapshot_977.xyz,32,10000,40.0,10000,all,977
0.0874244,0.1704,0.0,0.5130539906103286,0.48694600938967136,snapshot_978.xyz,32,10000,40.0,10000,all,978
0.0866528,0.169606,0.0,0.5109064537811162,0.4890935462188838,snapshot_979.xyz,32,10000,40.0,10000,all,979
0.0870036,0.169474,0.0,0.5133743229049883,0.4866256770950117,snapshot_980.xyz,32,10000,40.0,10000,all,980
0.0873543,0.16868,0.0,0.5178699312307328,0.48213006876926723,snapshot_981.xyz,32,10000,40.0,10000,all,981
0.0874244,0.169739,0.0,0.515051932673104,0.484948067326896,snapshot_982.xyz,32,10000,40.0,10000,all,982
0.0866528,0.170268,0.0,0.508920055442009,0.491079944557991,snapshot_983.xyz,32,10000,40.0,10000,all,983
0.0865124,0.169342,0.0,0.5108738529130399,0.4891261470869601,snapshot_984.xyz,32,10000,40.0,10000,all,984
0.0866528,0.16954,0.0,0.5111053438716527,0.48889465612834726,snapshot_985.xyz,32,10000,40.0,10000,all,985
0.0872842,0.169871,0.0,0.5138263741309582,0.4861736258690418,snapshot_986.xyz,32,10000,40.0,10000,all,986
0.0867229,0.168415,0.0,0.5149357242525904,0.4850642757474096,snapshot_987.xyz,32,10000,40.0,10000,all,987
0.0868633,0.169739,0.0,0.5117462692722357,0.48825373072776435,snapshot_988.xyz,32,10000,40.0,10000,all,988
0.0863018,0.16954,0.0,0.5090350359797098,0.4909649640202902,snapshot_989.xyz,32,10000,40.0,10000,all,989
0.0868633,0.168945,0.0,0.5141513510314007,0.48584864896859925,snapshot_990.xyz,32,10000,40.0,10000,all,990
0.0876348,0.170467,0.0,0.5140865974059495,0.48591340259405047,snapshot_991.xyz,32,10000,40.0,10000,all,991
0.0871439,0.169937,0.0,0.5128012145677515,0.4871987854322485,snapshot_992.xyz,32,10000,40.0,10000,all,992
0.0882656,0.170004,0.0,0.5191971953601092,0.4808028046398908,snapshot_993.xyz,32,10000,40.0,10000,all,993
0.087214,0.168812,0.0,0.5166338885861195,0.48336611141388053,snapshot_994.xyz,32,10000,40.0,10000,all,994
0.0872842,0.169276,0.0,0.5156324582338903,0.48436754176610974,snapshot_995.xyz,32,10000,40.0,10000,all,995
0.0871439,0.17007,0.0,0.5124001881578174,0.4875998118421826,snapshot_996.xyz,32,10000,40.0,10000,all,996
0.0866528,0.169673,0.0,0.5107047084686427,0.4892952915313573,snapshot_997.xyz,32,10000,40.0,10000,all,997
0.0873543,0.169077,0.0,0.5166539505669014,0.48334604943309856,snapshot_998.xyz,32,10000,40.0,10000,all,998
0.086372,0.170202,0.0,0.5074675973255309,0.49253240267446907,snapshot_999.xyz,32,10000,40.0,10000,all,999
0.087214,0.170863,0.0,0.5104323346774902,0.48956766532250984,snapshot_1000.xyz,32,10000,40.0,10000,all,1000
0.0869334,0.169143,0.0,0.5139639240169561,0.4860360759830439,snapshot_1001.xyz,32,10000,40.0,10000,all,1001
