cid,cid_shuffled,cid_shuffled_std,cid_normalized,compression_gain,snapshot,nbins,n_particles_total,box_length,n_particles_filtered,atom_types,snapshot_num
0.0693754,0.0978221,0.0,0.7091996593816735,0.2908003406183265,snapshot_1.xyz,32,4000,16.757672110741936,4000,all,1
0.0665106,0.0935076,0.0,0.7112854997882526,0.2887145002117474,snapshot_2.xyz,32,4000,16.757672110741936,4000,all,2
0.0675861,0.0946922,0.0,0.7137451659165168,0.2862548340834832,snapshot_3.xyz,32,4000,16.757672110741936,4000,all,3
0.0670844,0.0942046,0.0,0.7121138458206925,0.2878861541793075,snapshot_4.xyz,32,4000,16.757672110741936,4000,all,4
0.067801,0.0946922,0.0,0.7160146242245929,0.28398537577540706,snapshot_5.xyz,32,4000,16.757672110741936,4000,all,5
0.0663671,0.0942046,0.0,0.7044995679616494,0.29550043203835064,snapshot_6.xyz,32,4000,16.757672110741936,4000,all,6
0.068517,0.0944136,0.0,0.725711126363151,0.27428887363684895,snapshot_7.xyz,32,4000,16.757672110741936,4000,all,7
0.0677294,0.0940652,0.0,0.7200261095495464,0.2799738904504536,snapshot_8.xyz,32,4000,16.757672110741936,4000,all,8
0.0679443,0.0943439,0.0,0.7201769271781218,0.27982307282187824,snapshot_9.xyz,32,4000,16.757672110741936,4000,all,9
0.0655774,0.0939955,0.0,0.6976653137650206,0.3023346862349794,snapshot_10.xyz,32,4000,16.757672110741936,4000,all,10
0.067801,0.0945529,0.0,0.7170694923159417,0.28293050768405825,snapshot_11.xyz,32,4000,16.757672110741936,4000,all,11
0.0686601,0.0941349,0.0,0.7293798580547705,0.27062014194522954,snapshot_12.xyz,32,4000,16.757672110741936,4000,all,12
0.0677294,0.0939955,0.0,0.720560026809794,0.27943997319020597,snapshot_13.xyz,32,4000,16.757672110741936,4000,all,13
0.0689463,0.0948315,0.0,0.7270400658009206,0.2729599341990794,snapshot_14.xyz,32,4000,16.757672110741936,4000,all,14
0.0675144,0.0955277,0.0,0.7067520729589428,0.2932479270410572,snapshot_15.xyz,32,4000,16.757672110741936,4000,all,15
0.067801,0.0944136,0.0,0.7181274731606464,0.2818725268393536,snapshot_16.xyz,32,4000,16.757672110741936,4000,all,16
0.0688032,0.0944136,0.0,0.7287424693052695,0.27125753069473046,snapshot_17.xyz,32,4000,16.757672110741936,4000,all,17
0.0673711,0.0942742,0.0,0.7146292410861084,0.28537075891389163,snapshot_18.xyz,32,4000,16.757672110741936,4000,all,18
0.0657929,0.0940652,0.0,0.6994393250638918,0.30056067493610816,snapshot_19.xyz,32,4000,16.757672110741936,4000,all,19
0.0667976,0.0946922,0.0,0.7054181865032177,0.29458181349678225,snapshot_20.xyz,32,4000,16.757672110741936,4000,all,20
0.0683739,0.0942046,0.0,0.7258021370506323,0.27419786294936765,snapshot_21.xyz,32,4000,16.757672110741936,4000,all,21
0.06608,0.0939955,0.0,0.7030123782521503,0.29698762174784965,snapshot_22.xyz,32,4000,16.757672110741936,4000,all,22
0.0670127,0.0939258,0.0,0.7134642451807702,0.28653575481922977,snapshot_23.xyz,32,4000,16.757672110741936,4000,all,23
0.0680875,0.0948315,0.0,0.7179840032056858,0.2820159967943142,snapshot_24.xyz,32,4000,16.757672110741936,4000,all,24
0.0681591,0.0943439,0.0,0.7224537039490629,0.27754629605093706,snapshot_25.xyz,32,4000,16.757672110741936,4000,all,25
0.0688748,0.0949708,0.0,0.7252208047105005,0.27477919528949946,snapshot_26.xyz,32,4000,16.757672110741936,4000,all,26
0.0683739,0.0941349,0.0,0.7263395403830036,0.27366045961699637,snapshot_27.xyz,32,4000,16.757672110741936,4000,all,27
0.0675861,0.0945529,0.0,0.7147966905298515,0.2852033094701485,snapshot_28.xyz,32,4000,16.757672110741936,4000,all,28
0.0690894,0.0938561,0.0,0.7361205078838775,0.2638794921161225,snapshot_29.xyz,32,4000,16.757672110741936,4000,all,29
0.067801,0.0941349,0.0,0.7202535935131392,0.2797464064868608,snapshot_30.xyz,32,4000,16.757672110741936,4000,all,30
0.068517,0.0942742,0.0,0.7267842103141686,0.2732157896858314,snapshot_31.xyz,32,4000,16.757672110741936,4000,all,31
0.0688032,0.0937864,0.0,0.733615961376063,0.266384038623937,snapshot_32.xyz,32,4000,16.757672110741936,4000,all,32
0.0674428,0.0949011,0.0,0.7106640492049091,0.2893359507950909,snapshot_33.xyz,32,4000,16.757672110741936,4000,all,33
0.0660083,0.0953189,0.0,0.69249959871547,0.30750040128453004,snapshot_34.xyz,32,4000,16.757672110741936,4000,all,34
0.0679443,0.0945529,0.0,0.7185850460430088,0.28141495395699123,snapshot_35.xyz,32,4000,16.757672110741936,4000,all,35
0.0672278,0.0943439,0.0,0.7125823715152756,0.2874176284847244,snapshot_36.xyz,32,4000,16.757672110741936,4000,all,36
0.0680159,0.0950404,0.0,0.715652501462536,0.284347498537464,snapshot_37.xyz,32,4000,16.757672110741936,4000,all,37
0.0684454,0.0946226,0.0,0.7233515037633715,0.27664849623662846,snapshot_38.xyz,32,4000,16.757672110741936,4000,all,38
0.0665106,0.0952493,0.0,0.6982791474583016,0.30172085254169845,snapshot_39.xyz,32,4000,16.757672110741936,4000,all,39
0.0691609,0.0947619,0.0,0.729838679891391,0.27016132010860905,snapshot_40.xyz,32,4000,16.757672110741936,4000,all,40
0.0693039,0.0942046,0.0,0.7356742664370954,0.26432573356290456,snapshot_41.xyz,32,4000,16.757672110741936,4000,all,41
0.0687317,0.0946922,0.0,0.7258433112759024,0.2741566887240976,snapshot_42.xyz,32,4000,16.757672110741936,4000,all,42
0.0692324,0.0943439,0.0,0.7338301681401765,0.26616983185982346,snapshot_43.xyz,32,4000,16.757672110741936,4000,all,43
0.0683023,0.0935076,0.0,0.7304465091607527,0.2695534908392473,snapshot_44.xyz,32,4000,16.757672110741936,4000,all,44
0.0672994,0.0935076,0.0,0.7197211777438411,0.28027882225615885,snapshot_45.xyz,32,4000,16.757672110741936,4000,all,45
0.0688748,0.0935773,0.0,0.7360203810112068,0.2639796189887932,snapshot_46.xyz,32,4000,16.757672110741936,4000,all,46
0.068517,0.0945529,0.0,0.724641972906172,0.27535802709382795,snapshot_47.xyz,32,4000,16.757672110741936,4000,all,47
0.0690894,0.0964321,0.0,0.7164564496676935,0.2835435503323065,snapshot_48.xyz,32,4000,16.757672110741936,4000,all,48
0.0685886,0.0958061,0.0,0.7159105735438557,0.2840894264561443,snapshot_49.xyz,32,4000,16.757672110741936,4000,all,49
0.0697328,0.0962235,0.0,0.7246961501088611,0.2753038498911389,snapshot_50.xyz,32,4000,16.757672110741936,4000,all,50
0.0705185,0.0961539,0.0,0.733391989300486,0.266608010699514,snapshot_51.xyz,32,4000,16.757672110741936,4000,all,51
0.0653619,0.0943439,0.0,0.6928047282336219,0.30719527176637806,snapshot_52.xyz,32,4000,16.757672110741936,4000,all,52
0.0668693,0.0949708,0.0,0.7041037876905324,0.2958962123094676,snapshot_53.xyz,32,4000,16.757672110741936,4000,all,53
0.0662236,0.0957365,0.0,0.6917278154100055,0.3082721845899945,snapshot_54.xyz,32,4000,16.757672110741936,4000,all,54
0.0665824,0.0959452,0.0,0.6939628037671505,0.30603719623284953,snapshot_55.xyz,32,4000,16.757672110741936,4000,all,55
0.067801,0.0953189,0.0,0.7113069915829914,0.2886930084170086,snapshot_56.xyz,32,4000,16.757672110741936,4000,all,56
0.0677294,0.0956669,0.0,0.7079710955408819,0.2920289044591181,snapshot_57.xyz,32,4000,16.757672110741936,4000,all,57
0.0673711,0.0961539,0.0,0.7006590476309333,0.29934095236906666,snapshot_58.xyz,32,4000,16.757672110741936,4000,all,58
0.0692324,0.0949708,0.0,0.7289861725919967,0.2710138274080033,snapshot_59.xyz,32,4000,16.757672110741936,4000,all,59
0.0668693,0.0952493,0.0,0.70204505439935,0.29795494560064995,snapshot_60.xyz,32,4000,16.757672110741936,4000,all,60
0.0692324,0.0946226,0.0,0.7316687556672508,0.26833124433274924,snapshot_61.xyz,32,4000,16.757672110741936,4000,all,61
0.0665106,0.0942046,0.0,0.7060228481411737,0.29397715185882634,snapshot_62.xyz,32,4000,16.757672110741936,4000,all,62
0.0674428,0.09511,0.0,0.7091031437283145,0.2908968562716855,snapshot_63.xyz,32,4000,16.757672110741936,4000,all,63
0.0680159,0.0951797,0.0,0.7146051101232721,0.2853948898767279,snapshot_64.xyz,32,4000,16.757672110741936,4000,all,64
0.0710895,0.0955277,0.0,0.744176819917155,0.255823180082845,snapshot_65.xyz,32,4000,16.757672110741936,4000,all,65
0.0700186,0.0953885,0.0,0.7340360735308764,0.2659639264691236,snapshot_66.xyz,32,4000,16.757672110741936,4000,all,66
0.0703043,0.0957365,0.0,0.7343521018629259,0.2656478981370741,snapshot_67.xyz,32,4000,16.757672110741936,4000,all,67
0.0695184,0.0948315,0.0,0.7330728713560367,0.2669271286439633,snapshot_68.xyz,32,4000,16.757672110741936,4000,all,68
0.0679443,0.0947619,0.0,0.717000186783929,0.28299981321607104,snapshot_69.xyz,32,4000,16.757672110741936,4000,all,69
0.0662236,0.093647,0.0,0.7071620019861822,0.2928379980138178,snapshot_70.xyz,32,4000,16.757672110741936,4000,all,70
0.0667258,0.0953189,0.0,0.700026962123986,0.29997303787601404,snapshot_71.xyz,32,4000,16.757672110741936,4000,all,71
0.066941,0.0955973,0.0,0.7002394419089243,0.2997605580910757,snapshot_72.xyz,32,4000,16.757672110741936,4000,all,72
0.0682307,0.09511,0.0,0.7173872358321943,0.2826127641678057,snapshot_73.xyz,32,4000,16.757672110741936,4000,all,73
0.0687317,0.0954581,0.0,0.7200195687951049,0.27998043120489513,snapshot_74.xyz,32,4000,16.757672110741936,4000,all,74
0.0683023,0.0953189,0.0,0.7165661794250667,0.28343382057493327,snapshot_75.xyz,32,4000,16.757672110741936,4000,all,75
0.0683739,0.0958756,0.0,0.7131522514591825,0.2868477485408175,snapshot_76.xyz,32,4000,16.757672110741936,4000,all,76
0.0680159,0.0947619,0.0,0.7177557647113451,0.28224423528865494,snapshot_77.xyz,32,4000,16.757672110741936,4000,all,77
0.0671561,0.09511,0.0,0.7060887393544317,0.2939112606455683,snapshot_78.xyz,32,4000,16.757672110741936,4000,all,78
0.0671561,0.0951797,0.0,0.7055716712702392,0.29442832872976077,snapshot_79.xyz,32,4000,16.757672110741936,4000,all,79
0.0685886,0.0955277,0.0,0.7179969788867523,0.2820030211132477,snapshot_80.xyz,32,4000,16.757672110741936,4000,all,80
0.0687317,0.0953189,0.0,0.7210710572614666,0.2789289427385334,snapshot_81.xyz,32,4000,16.757672110741936,4000,all,81
0.0696613,0.0950404,0.0,0.7329651390356101,0.2670348609643899,snapshot_82.xyz,32,4000,16.757672110741936,4000,all,82
0.0691609,0.0952493,0.0,0.7261040238615927,0.2738959761384073,snapshot_83.xyz,32,4000,16.757672110741936,4000,all,83
0.0683023,0.0945529,0.0,0.722371286338124,0.277628713661876,snapshot_84.xyz,32,4000,16.757672110741936,4000,all,84
0.0672994,0.0935773,0.0,0.7191851015150041,0.28081489848499586,snapshot_85.xyz,32,4000,16.757672110741936,4000,all,85
0.066941,0.0944136,0.0,0.7090186159621071,0.29098138403789287,snapshot_86.xyz,32,4000,16.757672110741936,4000,all,86
0.0663671,0.0940652,0.0,0.7055436016720317,0.2944563983279683,snapshot_87.xyz,32,4000,16.757672110741936,4000,all,87
0.0664389,0.0939258,0.0,0.7073551675897356,0.2926448324102644,snapshot_88.xyz,32,4000,16.757672110741936,4000,all,88
0.0662236,0.0942046,0.0,0.7029762877821252,0.2970237122178748,snapshot_89.xyz,32,4000,16.757672110741936,4000,all,89
0.0672278,0.0951797,0.0,0.7063249831634266,0.2936750168365734,snapshot_90.xyz,32,4000,16.757672110741936,4000,all,90
0.0672994,0.0944833,0.0,0.7122888383449772,0.28771116165502275,snapshot_91.xyz,32,4000,16.757672110741936,4000,all,91
0.0685886,0.0939955,0.0,0.7297008899362204,0.2702991100637796,snapshot_92.xyz,32,4000,16.757672110741936,4000,all,92
0.0665106,0.0935076,0.0,0.7112854997882526,0.2887145002117474,snapshot_93.xyz,32,4000,16.757672110741936,4000,all,93
0.0664389,0.0933681,0.0,0.7115802934835345,0.28841970651646553,snapshot_94.xyz,32,4000,16.757672110741936,4000,all,94
0.0680159,0.09511,0.0,0.7151287982336243,0.2848712017663757,snapshot_95.xyz,32,4000,16.757672110741936,4000,all,95
0.0665824,0.093647,0.0,0.7109934114280223,0.2890065885719777,snapshot_96.xyz,32,4000,16.757672110741936,4000,all,96
0.0675861,0.0940652,0.0,0.7185026981285321,0.28149730187146793,snapshot_97.xyz,32,4000,16.757672110741936,4000,all,97
0.066941,0.0944136,0.0,0.7090186159621071,0.29098138403789287,snapshot_98.xyz,32,4000,16.757672110741936,4000,all,98
0.0682307,0.0946922,0.0,0.7205524847875538,0.27944751521244615,snapshot_99.xyz,32,4000,16.757672110741936,4000,all,99
0.0689463,0.0948315,0.0,0.7270400658009206,0.2729599341990794,snapshot_100.xyz,32,4000,16.757672110741936,4000,all,100
0.0679443,0.0943439,0.0,0.7201769271781218,0.27982307282187824,snapshot_101.xyz,32,4000,16.757672110741936,4000,all,101
0.0685886,0.0965712,0.0,0.710238663286777,0.289761336713223,snapshot_102.xyz,32,4000,16.757672110741936,4000,all,102
0.0695184,0.0963626,0.0,0.7214251172135246,0.27857488278647535,snapshot_103.xyz,32,4000,16.757672110741936,4000,all,103
0.0688748,0.0948315,0.0,0.7262860969192726,0.2737139030807274,snapshot_104.xyz,32,4000,16.757672110741936,4000,all,104
0.0704471,0.0969188,0.0,0.72686723318902,0.27313276681098,snapshot_105.xyz,32,4000,16.757672110741936,4000,all,105
0.0695898,0.0953885,0.0,0.7295407727346587,0.27045922726534133,snapshot_106.xyz,32,4000,16.757672110741936,4000,all,106
0.0720878,0.0954581,0.0,0.7551774024414899,0.2448225975585101,snapshot_107.xyz,32,4000,16.757672110741936,4000,all,107
0.0742232,0.0961539,0.0,0.7719208477243253,0.22807915227567466,snapshot_108.xyz,32,4000,16.757672110741936,4000,all,108
0.0740099,0.0967797,0.0,0.7647254537883462,0.23527454621165378,snapshot_109.xyz,32,4000,16.757672110741936,4000,all,109
0.0747208,0.0973358,0.0,0.7676599976575936,0.23234000234240637,snapshot_110.xyz,32,4000,16.757672110741936,4000,all,110
0.0749339,0.0958756,0.0,0.7815742482967512,0.21842575170324885,snapshot_111.xyz,32,4000,16.757672110741936,4000,all,111
0.0737966,0.0965712,0.0,0.7641677850125089,0.23583221498749107,snapshot_112.xyz,32,4000,16.757672110741936,4000,all,112
0.075218,0.0962235,0.0,0.7817009358420759,0.2182990641579241,snapshot_113.xyz,32,4000,16.757672110741936,4000,all,113
0.075431,0.0958061,0.0,0.7873298255539052,0.21267017444609482,snapshot_114.xyz,32,4000,16.757672110741936,4000,all,114
0.0769917,0.0964321,0.0,0.7984032288003683,0.2015967711996317,snapshot_115.xyz,32,4000,16.757672110741936,4000,all,115
0.075644,0.0958061,0.0,0.789553066036505,0.210446933963495,snapshot_116.xyz,32,4000,16.757672110741936,4000,all,116
0.0803169,0.0942046,0.0,0.8525793857200179,0.1474206142799821,snapshot_117.xyz,32,4000,16.757672110741936,4000,all,117
0.0814463,0.0944136,0.0,0.8626543209876543,0.13734567901234573,snapshot_118.xyz,32,4000,16.757672110741936,4000,all,118
0.0849672,0.0951797,0.0,0.8927029608204271,0.1072970391795729,snapshot_119.xyz,32,4000,16.757672110741936,4000,all,119
0.0879852,0.0960843,0.0,0.915708393566899,0.08429160643310096,snapshot_120.xyz,32,4000,16.757672110741936,4000,all,120
0.0884057,0.0961539,0.0,0.9194187651254916,0.08058123487450841,snapshot_121.xyz,32,4000,16.757672110741936,4000,all,121
0.0879152,0.0967797,0.0,0.9084053784006357,0.09159462159936427,snapshot_122.xyz,32,4000,16.757672110741936,4000,all,122
0.0881254,0.0957365,0.0,0.9204994960124927,0.0795005039875073,snapshot_123.xyz,32,4000,16.757672110741936,4000,all,123
0.0885458,0.0960843,0.0,0.9215428535150904,0.07845714648490965,snapshot_124.xyz,32,4000,16.757672110741936,4000,all,124
0.0887559,0.09511,0.0,0.9331920933655767,0.06680790663442326,snapshot_125.xyz,32,4000,16.757672110741936,4000,all,125
0.0879852,0.0963626,0.0,0.9130637820067121,0.08693621799328788,snapshot_126.xyz,32,4000,16.757672110741936,4000,all,126
0.0870737,0.0962235,0.0,0.9049109624987659,0.0950890375012341,snapshot_127.xyz,32,4000,16.757672110741936,4000,all,127
0.0869334,0.0961539,0.0,0.9041068537001619,0.09589314629983814,snapshot_128.xyz,32,4000,16.757672110741936,4000,all,128
0.0868633,0.0960843,0.0,0.9040321884012269,0.0959678115987731,snapshot_129.xyz,32,4000,16.757672110741936,4000,all,129
0.0867229,0.0964321,0.0,0.8993156843001449,0.10068431569985514,snapshot_130.xyz,32,4000,16.757672110741936,4000,all,130
0.0865826,0.0960843,0.0,0.9011107954161085,0.0988892045838915,snapshot_131.xyz,32,4000,16.757672110741936,4000,all,131
0.0872842,0.0957365,0.0,0.9117128785781807,0.08828712142181927,snapshot_132.xyz,32,4000,16.757672110741936,4000,all,132
0.0866528,0.0960843,0.0,0.9018414038505771,0.0981585961494229,snapshot_133.xyz,32,4000,16.757672110741936,4000,all,133
0.086372,0.0968493,0.0,0.8918185263083988,0.10818147369160125,snapshot_134.xyz,32,4000,16.757672110741936,4000,all,134
0.0865826,0.0960148,0.0,0.9017630615280144,0.09823693847198556,snapshot_135.xyz,32,4000,16.757672110741936,4000,all,135
0.0868633,0.0960148,0.0,0.9046865691539222,0.0953134308460778,snapshot_136.xyz,32,4000,16.757672110741936,4000,all,136
0.0868633,0.0968493,0.0,0.8968913559519791,0.10310864404802089,snapshot_137.xyz,32,4000,16.757672110741936,4000,all,137
0.0865124,0.0966407,0.0,0.8951963303245941,0.10480366967540589,snapshot_138.xyz,32,4000,16.757672110741936,4000,all,138
0.0858805,0.0957365,0.0,0.8970507591148621,0.1029492408851379,snapshot_139.xyz,32,4000,16.757672110741936,4000,all,139
0.0860912,0.096293,0.0,0.8940546041768354,0.10594539582316465,snapshot_140.xyz,32,4000,16.757672110741936,4000,all,140
0.0860912,0.0966407,0.0,0.8908379181856093,0.10916208181439069,snapshot_141.xyz,32,4000,16.757672110741936,4000,all,141
0.0860912,0.0966407,0.0,0.8908379181856093,0.10916208181439069,snapshot_142.xyz,32,4000,16.757672110741936,4000,all,142
0.0856698,0.0958061,0.0,0.8941998474001134,0.10580015259988662,snapshot_143.xyz,32,4000,16.757672110741936,4000,all,143
0.0862316,0.0962235,0.0,0.8961594620856652,0.10384053791433479,snapshot_144.xyz,32,4000,16.757672110741936,4000,all,144
0.0843343,0.0965016,0.0,0.8739160801478939,0.1260839198521061,snapshot_145.xyz,32,4000,16.757672110741936,4000,all,145
0.0856698,0.0964321,0.0,0.8883950468775439,0.11160495312245611,snapshot_146.xyz,32,4000,16.757672110741936,4000,all,146
0.0850374,0.0969188,0.0,0.8774087174005456,0.1225912825994544,snapshot_147.xyz,32,4000,16.757672110741936,4000,all,147
0.0847563,0.0961539,0.0,0.8814650263795852,0.11853497362041476,snapshot_148.xyz,32,4000,16.757672110741936,4000,all,148
0.0852483,0.0965016,0.0,0.8833874257007137,0.11661257429928629,snapshot_149.xyz,32,4000,16.757672110741936,4000,all,149
0.0847563,0.0966407,0.0,0.877024897377606,0.12297510262239397,snapshot_150.xyz,32,4000,16.757672110741936,4000,all,150
0.0850374,0.0960148,0.0,0.8856697092531568,0.1143302907468432,snapshot_151.xyz,32,4000,16.757672110741936,4000,all,151
0.0845453,0.0952493,0.0,0.8876212213633067,0.11237877863669332,snapshot_152.xyz,32,4000,16.757672110741936,4000,all,152
0.0853186,0.096293,0.0,0.8860311756825521,0.11396882431744793,snapshot_153.xyz,32,4000,16.757672110741936,4000,all,153
0.085178,0.0953885,0.0,0.8929587948232753,0.10704120517672466,snapshot_154.xyz,32,4000,16.757672110741936,4000,all,154
0.0837011,0.0955973,0.0,0.87555924696618,0.12444075303381996,snapshot_155.xyz,32,4000,16.757672110741936,4000,all,155
0.0853186,0.0958061,0.0,0.8905341100410098,0.1094658899589902,snapshot_156.xyz,32,4000,16.757672110741936,4000,all,156
0.0834195,0.09511,0.0,0.8770844285564083,0.12291557144359166,snapshot_157.xyz,32,4000,16.757672110741936,4000,all,157
0.0838418,0.0953885,0.0,0.8789508169223753,0.12104918307762469,snapshot_158.xyz,32,4000,16.757672110741936,4000,all,158
0.0838418,0.0958756,0.0,0.8744852704963514,0.12551472950364861,snapshot_159.xyz,32,4000,16.757672110741936,4000,all,159
0.085178,0.0958756,0.0,0.8884220802790282,0.11157791972097175,snapshot_160.xyz,32,4000,16.757672110741936,4000,all,160
0.0857401,0.0969883,0.0,0.8840251865431191,0.11597481345688088,snapshot_161.xyz,32,4000,16.757672110741936,4000,all,161
0.0848266,0.096293,0.0,0.8809217700144351,0.11907822998556494,snapshot_162.xyz,32,4000,16.757672110741936,4000,all,162
0.0848969,0.0959452,0.0,0.8848478089576133,0.11515219104238672,snapshot_163.xyz,32,4000,16.757672110741936,4000,all,163
0.0850374,0.096293,0.0,0.8831109218738641,0.11688907812613591,snapshot_164.xyz,32,4000,16.757672110741936,4000,all,164
0.0852483,0.096293,0.0,0.8853011122303801,0.1146988877696199,snapshot_165.xyz,32,4000,16.757672110741936,4000,all,165
0.0846156,0.0955277,0.0,0.885770305366925,0.11422969463307497,snapshot_166.xyz,32,4000,16.757672110741936,4000,all,166
0.0845453,0.0969188,0.0,0.8723312711259322,0.12766872887406777,snapshot_167.xyz,32,4000,16.757672110741936,4000,all,167
0.084475,0.0960148,0.0,0.87981227894033,0.12018772105967002,snapshot_168.xyz,32,4000,16.757672110741936,4000,all,168
0.0844047,0.0956669,0.0,0.8822769421816741,0.11772305781832593,snapshot_169.xyz,32,4000,16.757672110741936,4000,all,169
0.0845453,0.0961539,0.0,0.8792706276084485,0.12072937239155146,snapshot_170.xyz,32,4000,16.757672110741936,4000,all,170
0.0851077,0.0960843,0.0,0.8857607330229809,0.11423926697701914,snapshot_171.xyz,32,4000,16.757672110741936,4000,all,171
0.0847563,0.0949708,0.0,0.892445888631032,0.10755411136896798,snapshot_172.xyz,32,4000,16.757672110741936,4000,all,172
0.0847563,0.0959452,0.0,0.8833823891137859,0.11661761088621414,snapshot_173.xyz,32,4000,16.757672110741936,4000,all,173
0.0853186,0.0957365,0.0,0.8911815242880197,0.10881847571198033,snapshot_174.xyz,32,4000,16.757672110741936,4000,all,174
0.0850374,0.0958756,0.0,0.8869555966272962,0.11304440337270383,snapshot_175.xyz,32,4000,16.757672110741936,4000,all,175
0.085178,0.0967797,0.0,0.8801225876914271,0.11987741230857285,snapshot_176.xyz,32,4000,16.757672110741936,4000,all,176
0.0846859,0.0960148,0.0,0.8820088153076401,0.11799118469235992,snapshot_177.xyz,32,4000,16.757672110741936,4000,all,177
0.0848266,0.0966407,0.0,0.8777523341614869,0.1222476658385131,snapshot_178.xyz,32,4000,16.757672110741936,4000,all,178
0.0844047,0.096293,0.0,0.8765403508043159,0.12345964919568408,snapshot_179.xyz,32,4000,16.757672110741936,4000,all,179
0.0846859,0.0964321,0.0,0.8781920128256047,0.12180798717439534,snapshot_180.xyz,32,4000,16.757672110741936,4000,all,180
0.0856698,0.0954581,0.0,0.8974597231664992,0.10254027683350075,snapshot_181.xyz,32,4000,16.757672110741936,4000,all,181
0.0848266,0.0958756,0.0,0.8847569141679426,0.11524308583205745,snapshot_182.xyz,32,4000,16.757672110741936,4000,all,182
0.0849672,0.0963626,0.0,0.8817445772530007,0.1182554227469993,snapshot_183.xyz,32,4000,16.757672110741936,4000,all,183
0.0853186,0.0959452,0.0,0.8892430262274715,0.11075697377252847,snapshot_184.xyz,32,4000,16.757672110741936,4000,all,184
0.0852483,0.096293,0.0,0.8853011122303801,0.1146988877696199,snapshot_185.xyz,32,4000,16.757672110741936,4000,all,185
0.0847563,0.0964321,0.0,0.8789220601853532,0.12107793981464676,snapshot_186.xyz,32,4000,16.757672110741936,4000,all,186
0.0849672,0.0964321,0.0,0.881109091267327,0.11889090873267305,snapshot_187.xyz,32,4000,16.757672110741936,4000,all,187
0.0848969,0.0955973,0.0,0.8880679684468076,0.11193203155319242,snapshot_188.xyz,32,4000,16.757672110741936,4000,all,188
0.0846859,0.096293,0.0,0.879460604613004,0.12053939538699598,snapshot_189.xyz,32,4000,16.757672110741936,4000,all,189
0.0854591,0.0960843,0.0,0.8894179382063458,0.11058206179365415,snapshot_190.xyz,32,4000,16.757672110741936,4000,all,190
0.0852483,0.0965016,0.0,0.8833874257007137,0.11661257429928629,snapshot_191.xyz,32,4000,16.757672110741936,4000,all,191
0.0853888,0.0967797,0.0,0.8823007304217724,0.11769926957822763,snapshot_192.xyz,32,4000,16.757672110741936,4000,all,192
0.0851077,0.0965712,0.0,0.8812948373842304,0.11870516261576958,snapshot_193.xyz,32,4000,16.757672110741936,4000,all,193
0.0851077,0.0953885,0.0,0.8922218087085969,0.10777819129140309,snapshot_194.xyz,32,4000,16.757672110741936,4000,all,194
0.0847563,0.0968493,0.0,0.8751359070225598,0.12486409297744017,snapshot_195.xyz,32,4000,16.757672110741936,4000,all,195
0.0852483,0.096293,0.0,0.8853011122303801,0.1146988877696199,snapshot_196.xyz,32,4000,16.757672110741936,4000,all,196
0.0844047,0.0961539,0.0,0.8778083884273025,0.12219161157269753,snapshot_197.xyz,32,4000,16.757672110741936,4000,all,197
0.0853888,0.0958061,0.0,0.8912668400028808,0.10873315999711919,snapshot_198.xyz,32,4000,16.757672110741936,4000,all,198
0.0852483,0.0965712,0.0,0.8827507579899597,0.11724924201004028,snapshot_199.xyz,32,4000,16.757672110741936,4000,all,199
0.0853888,0.0960148,0.0,0.8893295616925724,0.11067043830742762,snapshot_200.xyz,32,4000,16.757672110741936,4000,all,200
0.0858805,0.0957365,0.0,0.8970507591148621,0.1029492408851379,snapshot_201.xyz,32,4000,16.757672110741936,4000,all,201
0.0853888,0.0960843,0.0,0.8886862890191218,0.11131371098087817,snapshot_202.xyz,32,4000,16.757672110741936,4000,all,202
0.0860912,0.096293,0.0,0.8940546041768354,0.10594539582316465,snapshot_203.xyz,32,4000,16.757672110741936,4000,all,203
0.0862316,0.0963626,0.0,0.894865850444052,0.10513414955594802,snapshot_204.xyz,32,4000,16.757672110741936,4000,all,204
0.0847563,0.0965712,0.0,0.877656071375317,0.12234392862468302,snapshot_205.xyz,32,4000,16.757672110741936,4000,all,205
0.0853888,0.0960843,0.0,0.8886862890191218,0.11131371098087817,snapshot_206.xyz,32,4000,16.757672110741936,4000,all,206
0.0845453,0.096293,0.0,0.8780004777086601,0.12199952229133992,snapshot_207.xyz,32,4000,16.757672110741936,4000,all,207
0.0846859,0.0968493,0.0,0.874409004504937,0.12559099549506303,snapshot_208.xyz,32,4000,16.757672110741936,4000,all,208
0.0846156,0.0956669,0.0,0.8844814664215105,0.11551853357848951,snapshot_209.xyz,32,4000,16.757672110741936,4000,all,209
0.0848266,0.0956669,0.0,0.8866870359549646,0.11331296404503544,snapshot_210.xyz,32,4000,16.757672110741936,4000,all,210
0.0862316,0.0965016,0.0,0.8935768940618601,0.10642310593813986,snapshot_211.xyz,32,4000,16.757672110741936,4000,all,211
0.0844047,0.0967102,0.0,0.8727590264522254,0.12724097354777464,snapshot_212.xyz,32,4000,16.757672110741936,4000,all,212
0.0845453,0.0964321,0.0,0.8767339921042889,0.12326600789571107,snapshot_213.xyz,32,4000,16.757672110741936,4000,all,213
0.085178,0.0958756,0.0,0.8884220802790282,0.11157791972097175,snapshot_214.xyz,32,4000,16.757672110741936,4000,all,214
0.0843343,0.0965016,0.0,0.8739160801478939,0.1260839198521061,snapshot_215.xyz,32,4000,16.757672110741936,4000,all,215
0.0841936,0.0965016,0.0,0.8724580732340188,0.1275419267659812,snapshot_216.xyz,32,4000,16.757672110741936,4000,all,216
0.0848969,0.0961539,0.0,0.8829272655607312,0.1170727344392688,snapshot_217.xyz,32,4000,16.757672110741936,4000,all,217
0.0849672,0.0962235,0.0,0.8830192208763972,0.11698077912360283,snapshot_218.xyz,32,4000,16.757672110741936,4000,all,218
0.0848969,0.0957365,0.0,0.8867767257002293,0.11322327429977075,snapshot_219.xyz,32,4000,16.757672110741936,4000,all,219
0.0841233,0.0961539,0.0,0.8748818300661751,0.12511816993382485,snapshot_220.xyz,32,4000,16.757672110741936,4000,all,220
0.0852483,0.0957365,0.0,0.8904472171011056,0.10955278289889436,snapshot_221.xyz,32,4000,16.757672110741936,4000,all,221
0.0845453,0.0952493,0.0,0.8876212213633067,0.11237877863669332,snapshot_222.xyz,32,4000,16.757672110741936,4000,all,222
0.0844047,0.0961539,0.0,0.8778083884273025,0.12219161157269753,snapshot_223.xyz,32,4000,16.757672110741936,4000,all,223
0.0853186,0.0960148,0.0,0.8885984244095702,0.11140157559042985,snapshot_224.xyz,32,4000,16.757672110741936,4000,all,224
0.0841936,0.0962235,0.0,0.8749796047743014,0.12502039522569863,snapshot_225.xyz,32,4000,16.757672110741936,4000,all,225
0.0841233,0.0954581,0.0,0.8812588978829454,0.11874110211705458,snapshot_226.xyz,32,4000,16.757672110741936,4000,all,226
0.084475,0.0962235,0.0,0.8779040463088538,0.12209595369114623,snapshot_227.xyz,32,4000,16.757672110741936,4000,all,227
0.0843343,0.0963626,0.0,0.8751766764284068,0.1248233235715932,snapshot_228.xyz,32,4000,16.757672110741936,4000,all,228
0.0838418,0.096293,0.0,0.8706946507015046,0.12930534929849535,snapshot_229.xyz,32,4000,16.757672110741936,4000,all,229
0.0852483,0.0957365,0.0,0.8904472171011056,0.10955278289889436,snapshot_230.xyz,32,4000,16.757672110741936,4000,all,230
0.085178,0.0958756,0.0,0.8884220802790282,0.11157791972097175,snapshot_231.xyz,32,4000,16.757672110741936,4000,all,231
0.0853888,0.0954581,0.0,0.8945160232604671,0.10548397673953291,snapshot_232.xyz,32,4000,16.757672110741936,4000,all,232
0.0853186,0.0955277,0.0,0.8931294273807493,0.1068705726192507,snapshot_233.xyz,32,4000,16.757672110741936,4000,all,233
0.0847563,0.0956669,0.0,0.8859521945416858,0.11404780545831417,snapshot_234.xyz,32,4000,16.757672110741936,4000,all,234
0.0847563,0.0953189,0.0,0.8891867195278167,0.1108132804721833,snapshot_235.xyz,32,4000,16.757672110741936,4000,all,235
0.0848266,0.0956669,0.0,0.8866870359549646,0.11331296404503544,snapshot_236.xyz,32,4000,16.757672110741936,4000,all,236
0.084475,0.0956669,0.0,0.8830117835949528,0.1169882164050472,snapshot_237.xyz,32,4000,16.757672110741936,4000,all,237
0.0846859,0.0958756,0.0,0.883289387497966,0.11671061250203396,snapshot_238.xyz,32,4000,16.757672110741936,4000,all,238
0.0845453,0.0962235,0.0,0.8786346370689073,0.12136536293109268,snapshot_239.xyz,32,4000,16.757672110741936,4000,all,239
0.0827857,0.0957365,0.0,0.8647245303515378,0.13527546964846215,snapshot_240.xyz,32,4000,16.757672110741936,4000,all,240
0.085178,0.0955277,0.0,0.8916576029779845,0.10834239702201554,snapshot_241.xyz,32,4000,16.757672110741936,4000,all,241
0.084475,0.0955973,0.0,0.8836546638869508,0.1163453361130492,snapshot_242.xyz,32,4000,16.757672110741936,4000,all,242
0.0860912,0.0963626,0.0,0.8934088536423882,0.1065911463576118,snapshot_243.xyz,32,4000,16.757672110741936,4000,all,243
0.0853186,0.0956669,0.0,0.8918298805542982,0.10817011944570176,snapshot_244.xyz,32,4000,16.757672110741936,4000,all,244
0.0849672,0.0955973,0.0,0.8888033448643425,0.11119665513565746,snapshot_245.xyz,32,4000,16.757672110741936,4000,all,245
0.0847563,0.0959452,0.0,0.8833823891137859,0.11661761088621414,snapshot_246.xyz,32,4000,16.757672110741936,4000,all,246
0.0845453,0.0956669,0.0,0.8837466250082318,0.11625337499176824,snapshot_247.xyz,32,4000,16.757672110741936,4000,all,247
0.0852483,0.0960148,0.0,0.8878662456204669,0.1121337543795331,snapshot_248.xyz,32,4000,16.757672110741936,4000,all,248
0.0847563,0.0959452,0.0,0.8833823891137859,0.11661761088621414,snapshot_249.xyz,32,4000,16.757672110741936,4000,all,249
0.0846156,0.0957365,0.0,0.8838384524188789,0.11616154758112107,snapshot_250.xyz,32,4000,16.757672110741936,4000,all,250
0.0833491,0.0959452,0.0,0.8687156835360185,0.13128431646398153,snapshot_251.xyz,32,4000,16.757672110741936,4000,all,251
0.0841936,0.0960148,0.0,0.8768814807717144,0.12311851922828565,snapshot_252.xyz,32,4000,16.757672110741936,4000,all,252
0.0845453,0.0956669,0.0,0.8837466250082318,0.11625337499176824,snapshot_253.xyz,32,4000,16.757672110741936,4000,all,253
0.0839826,0.0960148,0.0,0.8746839028983032,0.12531609710169678,snapshot_254.xyz,32,4000,16.757672110741936,4000,all,254
0.0847563,0.0960843,0.0,0.8821035278396159,0.11789647216038412,snapshot_255.xyz,32,4000,16.757672110741936,4000,all,255
0.0838418,0.0952493,0.0,0.8802353403122123,0.11976465968778771,snapshot_256.xyz,32,4000,16.757672110741936,4000,all,256
0.0838418,0.0955277,0.0,0.8776700370677825,0.12232996293221754,snapshot_257.xyz,32,4000,16.757672110741936,4000,all,257
0.0841936,0.0953885,0.0,0.8826388925289735,0.11736110747102646,snapshot_258.xyz,32,4000,16.757672110741936,4000,all,258
0.0838418,0.0955277,0.0,0.8776700370677825,0.12232996293221754,snapshot_259.xyz,32,4000,16.757672110741936,4000,all,259
0.0839122,0.0955277,0.0,0.8784069960859522,0.12159300391404781,snapshot_260.xyz,32,4000,16.757672110741936,4000,all,260
0.0847563,0.0955277,0.0,0.8872431765864771,0.11275682341352289,snapshot_261.xyz,32,4000,16.757672110741936,4000,all,261
0.0839826,0.0955277,0.0,0.8791439551041217,0.12085604489587831,snapshot_262.xyz,32,4000,16.757672110741936,4000,all,262
0.0840529,0.0958061,0.0,0.8773230514549699,0.12267694854503008,snapshot_263.xyz,32,4000,16.757672110741936,4000,all,263
0.0845453,0.0959452,0.0,0.8811832170864202,0.11881678291357978,snapshot_264.xyz,32,4000,16.757672110741936,4000,all,264
0.0841936,0.0961539,0.0,0.8756129496567481,0.12438705034325193,snapshot_265.xyz,32,4000,16.757672110741936,4000,all,265
0.0840529,0.0953885,0.0,0.8811638719552147,0.11883612804478527,snapshot_266.xyz,32,4000,16.757672110741936,4000,all,266
0.0836307,0.0952493,0.0,0.878019051058643,0.12198094894135703,snapshot_267.xyz,32,4000,16.757672110741936,4000,all,267
0.0827153,0.0953885,0.0,0.8671412172326853,0.13285878276731466,snapshot_268.xyz,32,4000,16.757672110741936,4000,all,268
0.084475,0.0954581,0.0,0.8849432368756553,0.11505676312434465,snapshot_269.xyz,32,4000,16.757672110741936,4000,all,269
0.0848266,0.0950404,0.0,0.8925320179628874,0.10746798203711261,snapshot_270.xyz,32,4000,16.757672110741936,4000,all,270
0.0843343,0.0958061,0.0,0.8802602339517003,0.11973976604829972,snapshot_271.xyz,32,4000,16.757672110741936,4000,all,271
0.0839826,0.0953189,0.0,0.881069756365212,0.11893024363478799,snapshot_272.xyz,32,4000,16.757672110741936,4000,all,272
0.0834195,0.0957365,0.0,0.8713447849043989,0.12865521509560107,snapshot_273.xyz,32,4000,16.757672110741936,4000,all,273
0.0834195,0.0952493,0.0,0.8758017119285916,0.12419828807140842,snapshot_274.xyz,32,4000,16.757672110741936,4000,all,274
0.0829266,0.0946226,0.0,0.8763931661146491,0.12360683388535088,snapshot_275.xyz,32,4000,16.757672110741936,4000,all,275
0.0841936,0.0957365,0.0,0.8794305202300062,0.12056947976999377,snapshot_276.xyz,32,4000,16.757672110741936,4000,all,276
0.0831379,0.0952493,0.0,0.8728452597551899,0.1271547402448101,snapshot_277.xyz,32,4000,16.757672110741936,4000,all,277
0.0837011,0.0957365,0.0,0.8742861917868315,0.12571380821316847,snapshot_278.xyz,32,4000,16.757672110741936,4000,all,278
0.0845453,0.0949708,0.0,0.8902241531081133,0.10977584689188669,snapshot_279.xyz,32,4000,16.757672110741936,4000,all,279
0.084475,0.0953189,0.0,0.8862355734277252,0.11376442657227481,snapshot_280.xyz,32,4000,16.757672110741936,4000,all,280
0.0840529,0.0951797,0.0,0.8830969208770357,0.11690307912296427,snapshot_281.xyz,32,4000,16.757672110741936,4000,all,281
0.0841936,0.0960843,0.0,0.8762472120835557,0.12375278791644428,snapshot_282.xyz,32,4000,16.757672110741936,4000,all,282
0.0844047,0.0958061,0.0,0.8809950514633201,0.11900494853667987,snapshot_283.xyz,32,4000,16.757672110741936,4000,all,283
0.0832787,0.0955277,0.0,0.8717754117392128,0.1282245882607872,snapshot_284.xyz,32,4000,16.757672110741936,4000,all,284
0.0828562,0.0956669,0.0,0.8660905705108037,0.13390942948919626,snapshot_285.xyz,32,4000,16.757672110741936,4000,all,285
0.0838418,0.0955277,0.0,0.8776700370677825,0.12232996293221754,snapshot_286.xyz,32,4000,16.757672110741936,4000,all,286
0.0832083,0.0955277,0.0,0.8710384527210433,0.1289615472789567,snapshot_287.xyz,32,4000,16.757672110741936,4000,all,287
0.0830675,0.0961539,0.0,0.863901516215151,0.136098483784849,snapshot_288.xyz,32,4000,16.757672110741936,4000,all,288
0.0840529,0.0959452,0.0,0.8760511208481508,0.12394887915184916,snapshot_289.xyz,32,4000,16.757672110741936,4000,all,289
0.0831379,0.0952493,0.0,0.8728452597551899,0.1271547402448101,snapshot_290.xyz,32,4000,16.757672110741936,4000,all,290
0.0850374,0.0958756,0.0,0.8869555966272962,0.11304440337270383,snapshot_291.xyz,32,4000,16.757672110741936,4000,all,291
0.0834195,0.0955277,0.0,0.873249329775552,0.12675067022444797,snapshot_292.xyz,32,4000,16.757672110741936,4000,all,292
0.0846156,0.0961539,0.0,0.8800017471990216,0.11999825280097842,snapshot_293.xyz,32,4000,16.757672110741936,4000,all,293
0.0839122,0.0955973,0.0,0.8777674683280805,0.1222325316719195,snapshot_294.xyz,32,4000,16.757672110741936,4000,all,294
0.0837715,0.0943439,0.0,0.8879376409073613,0.11206235909263873,snapshot_295.xyz,32,4000,16.757672110741936,4000,all,295
0.084264,0.0960148,0.0,0.877614701066919,0.12238529893308103,snapshot_296.xyz,32,4000,16.757672110741936,4000,all,296
0.082997,0.0952493,0.0,0.8713659837920069,0.12863401620799308,snapshot_297.xyz,32,4000,16.757672110741936,4000,all,297
0.0837011,0.0951797,0.0,0.8794007545726662,0.1205992454273338,snapshot_298.xyz,32,4000,16.757672110741936,4000,all,298
0.0831379,0.0955973,0.0,0.8696678671887177,0.1303321328112823,snapshot_299.xyz,32,4000,16.757672110741936,4000,all,299
0.0846156,0.09511,0.0,0.8896603932288929,0.1103396067711071,snapshot_300.xyz,32,4000,16.757672110741936,4000,all,300
0.0839122,0.0949011,0.0,0.8842068216279896,0.11579317837201042,snapshot_301.xyz,32,4000,16.757672110741936,4000,all,301
0.0841233,0.0949708,0.0,0.885780682062276,0.114219317937724,snapshot_302.xyz,32,4000,16.757672110741936,4000,all,302
0.0835603,0.0955973,0.0,0.8740864020218145,0.12591359797818547,snapshot_303.xyz,32,4000,16.757672110741936,4000,all,303
0.0839122,0.0948315,0.0,0.8848557704981995,0.11514422950180048,snapshot_304.xyz,32,4000,16.757672110741936,4000,all,304
0.0839826,0.0952493,0.0,0.8817135663989133,0.1182864336010867,snapshot_305.xyz,32,4000,16.757672110741936,4000,all,305
0.084475,0.0955277,0.0,0.8842984809641602,0.1157015190358398,snapshot_306.xyz,32,4000,16.757672110741936,4000,all,306
0.0834195,0.0960843,0.0,0.8681907450020451,0.13180925499795493,snapshot_307.xyz,32,4000,16.757672110741936,4000,all,307
0.0839122,0.0958061,0.0,0.8758544602066048,0.12414553979339515,snapshot_308.xyz,32,4000,16.757672110741936,4000,all,308
0.0837715,0.0953885,0.0,0.8782138308076969,0.12178616919230312,snapshot_309.xyz,32,4000,16.757672110741936,4000,all,309
0.0836307,0.0949708,0.0,0.8805938246282016,0.11940617537179843,snapshot_310.xyz,32,4000,16.757672110741936,4000,all,310
0.084475,0.0953189,0.0,0.8862355734277252,0.11376442657227481,snapshot_311.xyz,32,4000,16.757672110741936,4000,all,311
0.0840529,0.0953885,0.0,0.8811638719552147,0.11883612804478527,snapshot_312.xyz,32,4000,16.757672110741936,4000,all,312
0.0837011,0.0949708,0.0,0.8813351051059906,0.11866489489400944,snapshot_313.xyz,32,4000,16.757672110741936,4000,all,313
0.0834195,0.0955973,0.0,0.8726135570774488,0.1273864429225512,snapshot_314.xyz,32,4000,16.757672110741936,4000,all,314
0.0841936,0.0965712,0.0,0.8718292824361714,0.12817071756382858,snapshot_315.xyz,32,4000,16.757672110741936,4000,all,315
0.0838418,0.0957365,0.0,0.8757558506943537,0.12424414930564631,snapshot_316.xyz,32,4000,16.757672110741936,4000,all,316
0.0834899,0.0959452,0.0,0.8701831879030948,0.1298168120969052,snapshot_317.xyz,32,4000,16.757672110741936,4000,all,317
0.084475,0.0956669,0.0,0.8830117835949528,0.1169882164050472,snapshot_318.xyz,32,4000,16.757672110741936,4000,all,318
0.0849672,0.0954581,0.0,0.8900994258213814,0.10990057417861865,snapshot_319.xyz,32,4000,16.757672110741936,4000,all,319
0.0826448,0.0955277,0.0,0.865139640125325,0.13486035987467504,snapshot_320.xyz,32,4000,16.757672110741936,4000,all,320
0.0836307,0.0953189,0.0,0.8773779386879202,0.12262206131207976,snapshot_321.xyz,32,4000,16.757672110741936,4000,all,321
0.0832787,0.0957365,0.0,0.8698740814631828,0.1301259185368172,snapshot_322.xyz,32,4000,16.757672110741936,4000,all,322
0.0837715,0.0956669,0.0,0.8756581429940763,0.1243418570059237,snapshot_323.xyz,32,4000,16.757672110741936,4000,all,323
0.0838418,0.096293,0.0,0.8706946507015046,0.12930534929849535,snapshot_324.xyz,32,4000,16.757672110741936,4000,all,324
0.0844047,0.0960843,0.0,0.8784442411507395,0.12155575884926051,snapshot_325.xyz,32,4000,16.757672110741936,4000,all,325
0.0852483,0.0960843,0.0,0.8872240313974291,0.11277596860257089,snapshot_326.xyz,32,4000,16.757672110741936,4000,all,326
0.0846859,0.0955277,0.0,0.8865062175683074,0.11349378243169261,snapshot_327.xyz,32,4000,16.757672110741936,4000,all,327
0.0834899,0.0964321,0.0,0.8657895037026052,0.1342104962973948,snapshot_328.xyz,32,4000,16.757672110741936,4000,all,328
0.0845453,0.0958061,0.0,0.8824625989368109,0.1175374010631891,snapshot_329.xyz,32,4000,16.757672110741936,4000,all,329
0.0848969,0.0952493,0.0,0.8913125870741307,0.10868741292586925,snapshot_330.xyz,32,4000,16.757672110741936,4000,all,330
0.0832787,0.0959452,0.0,0.8679819313524804,0.13201806864751964,snapshot_331.xyz,32,4000,16.757672110741936,4000,all,331
0.0839122,0.0948315,0.0,0.8848557704981995,0.11514422950180048,snapshot_332.xyz,32,4000,16.757672110741936,4000,all,332
0.0823629,0.0953885,0.0,0.8634468515596744,0.13655314844032562,snapshot_333.xyz,32,4000,16.757672110741936,4000,all,333
0.084475,0.0955277,0.0,0.8842984809641602,0.1157015190358398,snapshot_334.xyz,32,4000,16.757672110741936,4000,all,334
0.084475,0.0955277,0.0,0.8842984809641602,0.1157015190358398,snapshot_335.xyz,32,4000,16.757672110741936,4000,all,335
0.0852483,0.0954581,0.0,0.8930441733074511,0.10695582669254888,snapshot_336.xyz,32,4000,16.757672110741936,4000,all,336
0.0837011,0.0957365,0.0,0.8742861917868315,0.12571380821316847,snapshot_337.xyz,32,4000,16.757672110741936,4000,all,337
0.0833491,0.0941349,0.0,0.8854218786018788,0.11457812139812118,snapshot_338.xyz,32,4000,16.757672110741936,4000,all,338
0.0830675,0.0952493,0.0,0.8721061467118394,0.1278938532881606,snapshot_339.xyz,32,4000,16.757672110741936,4000,all,339
0.0832787,0.0951797,0.0,0.8749628334613367,0.12503716653866326,snapshot_340.xyz,32,4000,16.757672110741936,4000,all,340
0.0835603,0.0957365,0.0,0.8728154883456153,0.1271845116543847,snapshot_341.xyz,32,4000,16.757672110741936,4000,all,341
0.0844047,0.0956669,0.0,0.8822769421816741,0.11772305781832593,snapshot_342.xyz,32,4000,16.757672110741936,4000,all,342
0.082997,0.0955277,0.0,0.8688265288497473,0.13117347115025269,snapshot_343.xyz,32,4000,16.757672110741936,4000,all,343
0.0846859,0.0958756,0.0,0.883289387497966,0.11671061250203396,snapshot_344.xyz,32,4000,16.757672110741936,4000,all,344
0.0839122,0.0953885,0.0,0.8796888513814559,0.12031114861854408,snapshot_345.xyz,32,4000,16.757672110741936,4000,all,345
0.085178,0.0964321,0.0,0.8832950853502102,0.11670491464978983,snapshot_346.xyz,32,4000,16.757672110741936,4000,all,346
0.0845453,0.0955277,0.0,0.8850343931655427,0.11496560683445733,snapshot_347.xyz,32,4000,16.757672110741936,4000,all,347
0.0839826,0.0958061,0.0,0.8765892777182246,0.12341072228177541,snapshot_348.xyz,32,4000,16.757672110741936,4000,all,348
0.0848969,0.09511,0.0,0.8926180212385658,0.10738197876143418,snapshot_349.xyz,32,4000,16.757672110741936,4000,all,349
0.0841936,0.09511,0.0,0.8852234255073073,0.11477657449269274,snapshot_350.xyz,32,4000,16.757672110741936,4000,all,350
0.0848266,0.0953189,0.0,0.8899242437753688,0.11007575622463117,snapshot_351.xyz,32,4000,16.757672110741936,4000,all,351
0.0840529,0.0966407,0.0,0.8697463904959298,0.13025360950407017,snapshot_352.xyz,32,4000,16.757672110741936,4000,all,352
0.0834195,0.0955277,0.0,0.873249329775552,0.12675067022444797,snapshot_353.xyz,32,4000,16.757672110741936,4000,all,353
0.0849672,0.0959452,0.0,0.8855805188795272,0.11441948112047284,snapshot_354.xyz,32,4000,16.757672110741936,4000,all,354
0.0855293,0.0955973,0.0,0.894683218040677,0.10531678195932304,snapshot_355.xyz,32,4000,16.757672110741936,4000,all,355
0.085178,0.0956669,0.0,0.8903601977277408,0.10963980227225922,snapshot_356.xyz,32,4000,16.757672110741936,4000,all,356
0.0845453,0.0953189,0.0,0.8869730976752774,0.11302690232472257,snapshot_357.xyz,32,4000,16.757672110741936,4000,all,357
0.0845453,0.0961539,0.0,0.8792706276084485,0.12072937239155146,snapshot_358.xyz,32,4000,16.757672110741936,4000,all,358
0.0827857,0.0955277,0.0,0.8666146049784513,0.13338539502154867,snapshot_359.xyz,32,4000,16.757672110741936,4000,all,359
0.0850374,0.0959452,0.0,0.8863121865398165,0.11368781346018353,snapshot_360.xyz,32,4000,16.757672110741936,4000,all,360
0.0843343,0.0954581,0.0,0.8834692917625638,0.11653070823743616,snapshot_361.xyz,32,4000,16.757672110741936,4000,all,361
0.0858805,0.0965712,0.0,0.889297223188694,0.11070277681130603,snapshot_362.xyz,32,4000,16.757672110741936,4000,all,362
0.0855996,0.0961539,0.0,0.8902353414682087,0.10976465853179129,snapshot_363.xyz,32,4000,16.757672110741936,4000,all,363
0.0862316,0.0964321,0.0,0.8942209077682639,0.1057790922317361,snapshot_364.xyz,32,4000,16.757672110741936,4000,all,364
0.0853888,0.0958061,0.0,0.8912668400028808,0.10873315999711919,snapshot_365.xyz,32,4000,16.757672110741936,4000,all,365
0.0849672,0.0953189,0.0,0.8913992922704732,0.10860070772952679,snapshot_366.xyz,32,4000,16.757672110741936,4000,all,366
0.085178,0.0958756,0.0,0.8884220802790282,0.11157791972097175,snapshot_367.xyz,32,4000,16.757672110741936,4000,all,367
0.0851077,0.0960843,0.0,0.8857607330229809,0.11423926697701914,snapshot_368.xyz,32,4000,16.757672110741936,4000,all,368
0.0841936,0.0957365,0.0,0.8794305202300062,0.12056947976999377,snapshot_369.xyz,32,4000,16.757672110741936,4000,all,369
0.0859508,0.0958756,0.0,0.896482525272332,0.10351747472766804,snapshot_370.xyz,32,4000,16.757672110741936,4000,all,370
0.0858103,0.0955973,0.0,0.8976226316015202,0.10237736839847977,snapshot_371.xyz,32,4000,16.757672110741936,4000,all,371
0.084264,0.096293,0.0,0.875079185402885,0.12492081459711502,snapshot_372.xyz,32,4000,16.757672110741936,4000,all,372
0.0839826,0.0951797,0.0,0.8823583180026834,0.11764168199731662,snapshot_373.xyz,32,4000,16.757672110741936,4000,all,373
0.0857401,0.0961539,0.0,0.8916965406499372,0.1083034593500628,snapshot_374.xyz,32,4000,16.757672110741936,4000,all,374
0.0860912,0.096293,0.0,0.8940546041768354,0.10594539582316465,snapshot_375.xyz,32,4000,16.757672110741936,4000,all,375
0.0841233,0.0963626,0.0,0.8729870302378723,0.12701296976212773,snapshot_376.xyz,32,4000,16.757672110741936,4000,all,376
0.0840529,0.0960843,0.0,0.8747828729563519,0.12521712704364807,snapshot_377.xyz,32,4000,16.757672110741936,4000,all,377
0.0850374,0.0958756,0.0,0.8869555966272962,0.11304440337270383,snapshot_378.xyz,32,4000,16.757672110741936,4000,all,378
0.0854591,0.0963626,0.0,0.8868492547938722,0.11315074520612778,snapshot_379.xyz,32,4000,16.757672110741936,4000,all,379
0.0845453,0.0966407,0.0,0.8748415522652465,0.1251584477347535,snapshot_380.xyz,32,4000,16.757672110741936,4000,all,380
0.0853186,0.0959452,0.0,0.8892430262274715,0.11075697377252847,snapshot_381.xyz,32,4000,16.757672110741936,4000,all,381
0.0857401,0.0954581,0.0,0.898196171933026,0.10180382806697397,snapshot_382.xyz,32,4000,16.757672110741936,4000,all,382
0.0847563,0.0969188,0.0,0.8745083513208997,0.12549164867910034,snapshot_383.xyz,32,4000,16.757672110741936,4000,all,383
0.0858103,0.096293,0.0,0.8911374658594083,0.10886253414059166,snapshot_384.xyz,32,4000,16.757672110741936,4000,all,384
0.0855996,0.0974052,0.0,0.8787990784886228,0.12120092151137718,snapshot_385.xyz,32,4000,16.757672110741936,4000,all,385
0.0854591,0.096293,0.0,0.8874902640898091,0.11250973591019087,snapshot_386.xyz,32,4000,16.757672110741936,4000,all,386
0.0859508,0.0968493,0.0,0.8874695015864853,0.1125304984135147,snapshot_387.xyz,32,4000,16.757672110741936,4000,all,387
0.0863018,0.0960843,0.0,0.8981883616782347,0.10181163832176532,snapshot_388.xyz,32,4000,16.757672110741936,4000,all,388
0.0863018,0.0969883,0.0,0.8898166067453497,0.11018339325465032,snapshot_389.xyz,32,4000,16.757672110741936,4000,all,389
0.0855996,0.0958756,0.0,0.8928194451977354,0.10718055480226463,snapshot_390.xyz,32,4000,16.757672110741936,4000,all,390
0.0869334,0.0969883,0.0,0.8963287324347369,0.10367126756526313,snapshot_391.xyz,32,4000,16.757672110741936,4000,all,391
0.086372,0.0968493,0.0,0.8918185263083988,0.10818147369160125,snapshot_392.xyz,32,4000,16.757672110741936,4000,all,392
0.0860912,0.0975442,0.0,0.8825865607591227,0.11741343924087733,snapshot_393.xyz,32,4000,16.757672110741936,4000,all,393
0.086372,0.0965712,0.0,0.8943867322762895,0.10561326772371049,snapshot_394.xyz,32,4000,16.757672110741936,4000,all,394
0.086372,0.0965016,0.0,0.8950317922189891,0.1049682077810109,snapshot_395.xyz,32,4000,16.757672110741936,4000,all,395
0.0854591,0.0965016,0.0,0.8855718454409045,0.1144281545590955,snapshot_396.xyz,32,4000,16.757672110741936,4000,all,396
0.0861614,0.0967797,0.0,0.8902838095179051,0.10971619048209491,snapshot_397.xyz,32,4000,16.757672110741936,4000,all,397
0.0855293,0.0963626,0.0,0.8875777531947041,0.11242224680529589,snapshot_398.xyz,32,4000,16.757672110741936,4000,all,398
0.0852483,0.0966407,0.0,0.8821159201040556,0.1178840798959444,snapshot_399.xyz,32,4000,16.757672110741936,4000,all,399
0.0860912,0.0972663,0.0,0.8851082029438768,0.11489179705612318,snapshot_400.xyz,32,4000,16.757672110741936,4000,all,400
0.0861614,0.0974747,0.0,0.8839360367356863,0.11606396326431367,snapshot_401.xyz,32,4000,16.757672110741936,4000,all,401
0.0864422,0.0965712,0.0,0.8951136570737446,0.10488634292625543,snapshot_402.xyz,32,4000,16.757672110741936,4000,all,402
0.0860912,0.0966407,0.0,0.8908379181856093,0.10916208181439069,snapshot_403.xyz,32,4000,16.757672110741936,4000,all,403
0.0863018,0.0970578,0.0,0.8891794374074006,0.11082056259259943,snapshot_404.xyz,32,4000,16.757672110741936,4000,all,404
0.0864422,0.0965712,0.0,0.8951136570737446,0.10488634292625543,snapshot_405.xyz,32,4000,16.757672110741936,4000,all,405
0.0866528,0.0965016,0.0,0.8979415885332471,0.10205841146675287,snapshot_406.xyz,32,4000,16.757672110741936,4000,all,406
0.086372,0.0974052,0.0,0.8867288399387302,0.1132711600612698,snapshot_407.xyz,32,4000,16.757672110741936,4000,all,407
0.0869334,0.0970578,0.0,0.8956868999709451,0.10431310002905492,snapshot_408.xyz,32,4000,16.757672110741936,4000,all,408
0.0869334,0.0967102,0.0,0.8989062167175748,0.10109378328242524,snapshot_409.xyz,32,4000,16.757672110741936,4000,all,409
0.0868633,0.0964321,0.0,0.9007716310232796,0.09922836897672038,snapshot_410.xyz,32,4000,16.757672110741936,4000,all,410
0.0861614,0.0962235,0.0,0.895429910572781,0.10457008942721902,snapshot_411.xyz,32,4000,16.757672110741936,4000,all,411
0.0870737,0.0966407,0.0,0.9010044422277571,0.09899555777224289,snapshot_412.xyz,32,4000,16.757672110741936,4000,all,412
0.086372,0.0969188,0.0,0.8911790075816044,0.1088209924183956,snapshot_413.xyz,32,4000,16.757672110741936,4000,all,413
0.0867229,0.0969883,0.0,0.8941583675556743,0.10584163244432565,snapshot_414.xyz,32,4000,16.757672110741936,4000,all,414
0.0866528,0.0966407,0.0,0.8966491343709224,0.10335086562907758,snapshot_415.xyz,32,4000,16.757672110741936,4000,all,415
0.086021,0.0975442,0.0,0.8818668870112216,0.11813311298877838,snapshot_416.xyz,32,4000,16.757672110741936,4000,all,416
0.0865826,0.0976831,0.0,0.8863621240521646,0.11363787594783537,snapshot_417.xyz,32,4000,16.757672110741936,4000,all,417
0.0869334,0.0970578,0.0,0.8956868999709451,0.10431310002905492,snapshot_418.xyz,32,4000,16.757672110741936,4000,all,418
0.0870036,0.0966407,0.0,0.9002790749653097,0.09972092503469032,snapshot_419.xyz,32,4000,16.757672110741936,4000,all,419
0.0865826,0.096293,0.0,0.8991577788624302,0.1008422211375698,snapshot_420.xyz,32,4000,16.757672110741936,4000,all,420
0.0867229,0.0967797,0.0,0.8960856460600726,0.10391435393992743,snapshot_421.xyz,32,4000,16.757672110741936,4000,all,421
0.0870737,0.0963626,0.0,0.903604718013005,0.09639528198699499,snapshot_422.xyz,32,4000,16.757672110741936,4000,all,422
0.0869334,0.0967797,0.0,0.8982606889667978,0.10173931103320222,snapshot_423.xyz,32,4000,16.757672110741936,4000,all,423
0.0870737,0.0970578,0.0,0.8971324303662355,0.10286756963376453,snapshot_424.xyz,32,4000,16.757672110741936,4000,all,424
0.0867931,0.0976137,0.0,0.8891487567831154,0.11085124321688455,snapshot_425.xyz,32,4000,16.757672110741936,4000,all,425
0.0867931,0.0972663,0.0,0.892324474149834,0.10767552585016604,snapshot_426.xyz,32,4000,16.757672110741936,4000,all,426
0.0878451,0.0967797,0.0,0.9076810529480872,0.09231894705191279,snapshot_427.xyz,32,4000,16.757672110741936,4000,all,427
0.0866528,0.0971968,0.0,0.8915190623559623,0.10848093764403766,snapshot_428.xyz,32,4000,16.757672110741936,4000,all,428
0.087214,0.0970578,0.0,0.8985779607615256,0.10142203923847437,snapshot_429.xyz,32,4000,16.757672110741936,4000,all,429
0.0865826,0.0969188,0.0,0.8933519606103253,0.10664803938967471,snapshot_430.xyz,32,4000,16.757672110741936,4000,all,430
0.087214,0.0962235,0.0,0.9063690262773646,0.0936309737226354,snapshot_431.xyz,32,4000,16.757672110741936,4000,all,431
0.0875647,0.0971273,0.0,0.9015457034222097,0.09845429657779026,snapshot_432.xyz,32,4000,16.757672110741936,4000,all,432
0.0871439,0.0969883,0.0,0.8984990973137996,0.10150090268620038,snapshot_433.xyz,32,4000,16.757672110741936,4000,all,433
0.0868633,0.0976137,0.0,0.8898679181303445,0.11013208186965551,snapshot_434.xyz,32,4000,16.757672110741936,4000,all,434
0.086372,0.0968493,0.0,0.8918185263083988,0.10818147369160125,snapshot_435.xyz,32,4000,16.757672110741936,4000,all,435
0.087775,0.0968493,0.0,0.9063049500615906,0.09369504993840938,snapshot_436.xyz,32,4000,16.757672110741936,4000,all,436
0.0872842,0.0969883,0.0,0.8999456635491085,0.10005433645089146,snapshot_437.xyz,32,4000,16.757672110741936,4000,all,437
0.0867931,0.0973358,0.0,0.8916873339511259,0.10831266604887413,snapshot_438.xyz,32,4000,16.757672110741936,4000,all,438
0.0873543,0.0966407,0.0,0.9039079807989802,0.09609201920101984,snapshot_439.xyz,32,4000,16.757672110741936,4000,all,439
0.087775,0.0974052,0.0,0.9011325884039046,0.09886741159609536,snapshot_440.xyz,32,4000,16.757672110741936,4000,all,440
0.0884057,0.0970578,0.0,0.9108562114533815,0.08914378854661853,snapshot_441.xyz,32,4000,16.757672110741936,4000,all,441
0.0873543,0.0969883,0.0,0.9006684311406633,0.0993315688593367,snapshot_442.xyz,32,4000,16.757672110741936,4000,all,442
0.0875647,0.0965712,0.0,0.9067372052951604,0.09326279470483956,snapshot_443.xyz,32,4000,16.757672110741936,4000,all,443
0.0872842,0.0967797,0.0,0.90188541605316,0.09811458394684003,snapshot_444.xyz,32,4000,16.757672110741936,4000,all,444
0.0872842,0.0977526,0.0,0.8929092423117135,0.10709075768828646,snapshot_445.xyz,32,4000,16.757672110741936,4000,all,445
0.0877049,0.0971968,0.0,0.9023434927898861,0.09765650721011387,snapshot_446.xyz,32,4000,16.757672110741936,4000,all,446
0.0874244,0.0971968,0.0,0.8994575953117798,0.10054240468822018,snapshot_447.xyz,32,4000,16.757672110741936,4000,all,447
0.0880553,0.0974747,0.0,0.9033656938672292,0.0966343061327708,snapshot_448.xyz,32,4000,16.757672110741936,4000,all,448
0.0872842,0.0975442,0.0,0.8948169137683225,0.10518308623167749,snapshot_449.xyz,32,4000,16.757672110741936,4000,all,449
0.0882656,0.0973358,0.0,0.9068153752267922,0.09318462477320777,snapshot_450.xyz,32,4000,16.757672110741936,4000,all,450
0.0874945,0.0980999,0.0,0.8918918367908631,0.10810816320913685,snapshot_451.xyz,32,4000,16.757672110741936,4000,all,451
0.087214,0.0971968,0.0,0.8972929149930862,0.10270708500691383,snapshot_452.xyz,32,4000,16.757672110741936,4000,all,452
0.0882656,0.0971273,0.0,0.9087620061506909,0.09123799384930908,snapshot_453.xyz,32,4000,16.757672110741936,4000,all,453
0.0877049,0.0967102,0.0,0.906883658600644,0.09311634139935598,snapshot_454.xyz,32,4000,16.757672110741936,4000,all,454
0.0877049,0.0978221,0.0,0.89657551821112,0.10342448178887997,snapshot_455.xyz,32,4000,16.757672110741936,4000,all,455
0.0870036,0.0974052,0.0,0.8932130933461458,0.10678690665385415,snapshot_456.xyz,32,4000,16.757672110741936,4000,all,456
0.0874244,0.0973358,0.0,0.8981731284892095,0.1018268715107905,snapshot_457.xyz,32,4000,16.757672110741936,4000,all,457
0.0879152,0.0970578,0.0,0.9058025217962905,0.0941974782037095,snapshot_458.xyz,32,4000,16.757672110741936,4000,all,458
0.0880553,0.0965016,0.0,0.9124750263208071,0.08752497367919287,snapshot_459.xyz,32,4000,16.757672110741936,4000,all,459
0.0881955,0.0967102,0.0,0.9119565464656262,0.08804345353437382,snapshot_460.xyz,32,4000,16.757672110741936,4000,all,460
0.0879152,0.0967102,0.0,0.9090581965501054,0.09094180344989455,snapshot_461.xyz,32,4000,16.757672110741936,4000,all,461
0.0882656,0.0971968,0.0,0.9081122012247317,0.09188779877526831,snapshot_462.xyz,32,4000,16.757672110741936,4000,all,462
0.0881254,0.0976137,0.0,0.9027974556850115,0.09720254431498854,snapshot_463.xyz,32,4000,16.757672110741936,4000,all,463
0.0885458,0.0973358,0.0,0.9096940693968714,0.09030593060312864,snapshot_464.xyz,32,4000,16.757672110741936,4000,all,464
0.0876348,0.0975442,0.0,0.898411181802711,0.10158881819728904,snapshot_465.xyz,32,4000,16.757672110741936,4000,all,465
0.0879852,0.0976137,0.0,0.9013611818832807,0.09863881811671926,snapshot_466.xyz,32,4000,16.757672110741936,4000,all,466
0.0881955,0.0973358,0.0,0.9060951879986603,0.09390481200133971,snapshot_467.xyz,32,4000,16.757672110741936,4000,all,467
0.0881254,0.0978915,0.0,0.9002354647747761,0.09976453522522388,snapshot_468.xyz,32,4000,16.757672110741936,4000,all,468
0.0885458,0.0974052,0.0,0.909045923626254,0.09095407637374597,snapshot_469.xyz,32,4000,16.757672110741936,4000,all,469
0.0879852,0.0967102,0.0,0.9097820085161649,0.09021799148383514,snapshot_470.xyz,32,4000,16.757672110741936,4000,all,470
0.0879152,0.0967102,0.0,0.9090581965501054,0.09094180344989455,snapshot_471.xyz,32,4000,16.757672110741936,4000,all,471
0.089246,0.0976137,0.0,0.9142774016352214,0.08572259836477858,snapshot_472.xyz,32,4000,16.757672110741936,4000,all,472
0.0879852,0.0970578,0.0,0.9065237415230925,0.09347625847690755,snapshot_473.xyz,32,4000,16.757672110741936,4000,all,473
0.088966,0.0980304,0.0,0.9075348055297132,0.09246519447028678,snapshot_474.xyz,32,4000,16.757672110741936,4000,all,474
0.0885458,0.097961,0.0,0.9038882820714365,0.09611171792856354,snapshot_475.xyz,32,4000,16.757672110741936,4000,all,475
0.0884757,0.0972663,0.0,0.9096233741799575,0.09037662582004247,snapshot_476.xyz,32,4000,16.757672110741936,4000,all,476
0.0885458,0.0973358,0.0,0.9096940693968714,0.09030593060312864,snapshot_477.xyz,32,4000,16.757672110741936,4000,all,477
0.0885458,0.0973358,0.0,0.9096940693968714,0.09030593060312864,snapshot_478.xyz,32,4000,16.757672110741936,4000,all,478
0.089386,0.0974747,0.0,0.9170174414489093,0.08298255855109071,snapshot_479.xyz,32,4000,16.757672110741936,4000,all,479
0.089596,0.0969188,0.0,0.924443967527456,0.07555603247254405,snapshot_480.xyz,32,4000,16.757672110741936,4000,all,480
0.0884757,0.0973358,0.0,0.9089738821687396,0.09102611783126036,snapshot_481.xyz,32,4000,16.757672110741936,4000,all,481
0.0880553,0.0973358,0.0,0.9046548135423965,0.09534518645760348,snapshot_482.xyz,32,4000,16.757672110741936,4000,all,482
0.089036,0.0969883,0.0,0.9180076359725864,0.08199236402741361,snapshot_483.xyz,32,4000,16.757672110741936,4000,all,483
0.0882656,0.0975442,0.0,0.904877993771029,0.09512200622897105,snapshot_484.xyz,32,4000,16.757672110741936,4000,all,484
0.0884057,0.0966407,0.0,0.9147874549749744,0.08521254502502562,snapshot_485.xyz,32,4000,16.757672110741936,4000,all,485
0.0881254,0.0969188,0.0,0.9092704408226269,0.09072955917737313,snapshot_486.xyz,32,4000,16.757672110741936,4000,all,486
0.089246,0.0978221,0.0,0.9123296269452404,0.08767037305475955,snapshot_487.xyz,32,4000,16.757672110741936,4000,all,487
0.087775,0.0974052,0.0,0.9011325884039046,0.09886741159609536,snapshot_488.xyz,32,4000,16.757672110741936,4000,all,488
0.0878451,0.0976831,0.0,0.8992865705531459,0.10071342944685413,snapshot_489.xyz,32,4000,16.757672110741936,4000,all,489
0.088966,0.0971968,0.0,0.9153181997761244,0.08468180022387561,snapshot_490.xyz,32,4000,16.757672110741936,4000,all,490
0.0886859,0.0968493,0.0,0.91571028391532,0.08428971608468006,snapshot_491.xyz,32,4000,16.757672110741936,4000,all,491
0.088896,0.0976137,0.0,0.9106918393627125,0.08930816063728753,snapshot_492.xyz,32,4000,16.757672110741936,4000,all,492
0.088966,0.0971273,0.0,0.9159731609959301,0.08402683900406993,snapshot_493.xyz,32,4000,16.757672110741936,4000,all,493
0.0880553,0.0975442,0.0,0.9027220480561633,0.0972779519438367,snapshot_494.xyz,32,4000,16.757672110741936,4000,all,494
0.089176,0.0968493,0.0,0.9207707231750772,0.07922927682492276,snapshot_495.xyz,32,4000,16.757672110741936,4000,all,495
0.089036,0.0974747,0.0,0.9134267661249535,0.08657323387504645,snapshot_496.xyz,32,4000,16.757672110741936,4000,all,496
0.088966,0.0974747,0.0,0.9127086310601623,0.08729136893983769,snapshot_497.xyz,32,4000,16.757672110741936,4000,all,497
0.089106,0.0970578,0.0,0.9180714996630874,0.08192850033691257,snapshot_498.xyz,32,4000,16.757672110741936,4000,all,498
0.088966,0.0972663,0.0,0.9146641745393832,0.0853358254606168,snapshot_499.xyz,32,4000,16.757672110741936,4000,all,499
0.089596,0.0964321,0.0,0.9291097051707885,0.0708902948292115,snapshot_500.xyz,32,4000,16.757672110741936,4000,all,500
0.088896,0.0970578,0.0,0.9159078404826815,0.08409215951731852,snapshot_501.xyz,32,4000,16.757672110741936,4000,all,501
0.089036,0.0965712,0.0,0.9219725963848436,0.07802740361515637,snapshot_502.xyz,32,4000,16.757672110741936,4000,all,502
0.089526,0.0969188,0.0,0.9237217134343388,0.07627828656566116,snapshot_503.xyz,32,4000,16.757672110741936,4000,all,503
0.089386,0.0969883,0.0,0.9216163186693652,0.07838368133063478,snapshot_504.xyz,32,4000,16.757672110741936,4000,all,504
0.0888259,0.0967102,0.0,0.9184749902285385,0.08152500977146149,snapshot_505.xyz,32,4000,16.757672110741936,4000,all,505
0.088966,0.0964321,0.0,0.9225766109003122,0.07742338909968782,snapshot_506.xyz,32,4000,16.757672110741936,4000,all,506
0.0898059,0.0970578,0.0,0.9252826666172116,0.07471733338278841,snapshot_507.xyz,32,4000,16.757672110741936,4000,all,507
0.089526,0.0974052,0.0,0.9191090414064136,0.08089095859358642,snapshot_508.xyz,32,4000,16.757672110741936,4000,all,508
0.089526,0.0973358,0.0,0.919764362136028,0.08023563786397203,snapshot_509.xyz,32,4000,16.757672110741936,4000,all,509
0.0897359,0.0969883,0.0,0.925223970313945,0.07477602968605501,snapshot_510.xyz,32,4000,16.757672110741936,4000,all,510
0.0896659,0.0974747,0.0,0.9198889558008386,0.08011104419916137,snapshot_511.xyz,32,4000,16.757672110741936,4000,all,511
0.0898059,0.0976831,0.0,0.9193596435821549,0.08064035641784506,snapshot_512.xyz,32,4000,16.757672110741936,4000,all,512
0.089246,0.0970578,0.0,0.9195139391166913,0.08048606088330867,snapshot_513.xyz,32,4000,16.757672110741936,4000,all,513
0.0899458,0.0976137,0.0,0.921446477287512,0.07855352271248806,snapshot_514.xyz,32,4000,16.757672110741936,4000,all,514
0.0902955,0.0969883,0.0,0.930993738419995,0.069006261580005,snapshot_515.xyz,32,4000,16.757672110741936,4000,all,515
0.0898059,0.0973358,0.0,0.9226399741924348,0.07736002580756518,snapshot_516.xyz,32,4000,16.757672110741936,4000,all,516
0.0898758,0.0971968,0.0,0.9246785902416541,0.07532140975834589,snapshot_517.xyz,32,4000,16.757672110741936,4000,all,517
0.0898758,0.0972663,0.0,0.9240178766952172,0.07598212330478282,snapshot_518.xyz,32,4000,16.757672110741936,4000,all,518
0.0903654,0.0974747,0.0,0.9270651769125732,0.07293482308742683,snapshot_519.xyz,32,4000,16.757672110741936,4000,all,519
0.0899458,0.0967797,0.0,0.9293870512101196,0.07061294878988045,snapshot_520.xyz,32,4000,16.757672110741936,4000,all,520
0.088966,0.0971273,0.0,0.9159731609959301,0.08402683900406993,snapshot_521.xyz,32,4000,16.757672110741936,4000,all,521
0.0905752,0.0977526,0.0,0.926575866012771,0.07342413398722902,snapshot_522.xyz,32,4000,16.757672110741936,4000,all,522
0.0906451,0.0974747,0.0,0.9299346394500317,0.07006536054996826,snapshot_523.xyz,32,4000,16.757672110741936,4000,all,523
0.0905053,0.0976831,0.0,0.9265195310140649,0.07348046898593508,snapshot_524.xyz,32,4000,16.757672110741936,4000,all,524
0.0909946,0.0980304,0.0,0.9282283862964957,0.07177161370350427,snapshot_525.xyz,32,4000,16.757672110741936,4000,all,525
0.0912741,0.0969188,0.0,0.9417584617225966,0.058241538277403415,snapshot_526.xyz,32,4000,16.757672110741936,4000,all,526
0.0911344,0.0971273,0.0,0.9382985010393576,0.061701498960642365,snapshot_527.xyz,32,4000,16.757672110741936,4000,all,527
0.0914138,0.0980304,0.0,0.9325046108146045,0.06749538918539555,snapshot_528.xyz,32,4000,16.757672110741936,4000,all,528
0.0912741,0.0974052,0.0,0.9370557218711116,0.06294427812888836,snapshot_529.xyz,32,4000,16.757672110741936,4000,all,529
0.0910645,0.0980304,0.0,0.9289414304134228,0.07105856958657719,snapshot_530.xyz,32,4000,16.757672110741936,4000,all,530
0.0905053,0.0974747,0.0,0.9285004211349202,0.07149957886507985,snapshot_531.xyz,32,4000,16.757672110741936,4000,all,531
0.0916932,0.0982387,0.0,0.9333714717316088,0.06662852826839116,snapshot_532.xyz,32,4000,16.757672110741936,4000,all,532
0.0902256,0.0970578,0.0,0.9296068940363371,0.07039310596366288,snapshot_533.xyz,32,4000,16.757672110741936,4000,all,533
0.0916234,0.0971968,0.0,0.9426586060446434,0.057341393955356645,snapshot_534.xyz,32,4000,16.757672110741936,4000,all,534
0.0911344,0.0963626,0.0,0.945744510837192,0.05425548916280798,snapshot_535.xyz,32,4000,16.757672110741936,4000,all,535
0.0910645,0.0970578,0.0,0.9382501973051111,0.061749802694888944,snapshot_536.xyz,32,4000,16.757672110741936,4000,all,536
0.0908548,0.0968493,0.0,0.9381048701436149,0.06189512985638512,snapshot_537.xyz,32,4000,16.757672110741936,4000,all,537
0.0907849,0.0967102,0.0,0.9387313851072586,0.06126861489274138,snapshot_538.xyz,32,4000,16.757672110741936,4000,all,538
0.0909946,0.0969188,0.0,0.9388746043079361,0.06112539569206388,snapshot_539.xyz,32,4000,16.757672110741936,4000,all,539
0.0914138,0.0970578,0.0,0.9418490837418528,0.05815091625814717,snapshot_540.xyz,32,4000,16.757672110741936,4000,all,540
0.0914837,0.0972663,0.0,0.9405487820550386,0.05945121794496144,snapshot_541.xyz,32,4000,16.757672110741936,4000,all,541
0.0914837,0.0977526,0.0,0.9358697364571378,0.06413026354286222,snapshot_542.xyz,32,4000,16.757672110741936,4000,all,542
0.0921122,0.0964321,0.0,0.9552026762872529,0.04479732371274714,snapshot_543.xyz,32,4000,16.757672110741936,4000,all,543
0.0919726,0.0972663,0.0,0.9455751889400543,0.05442481105994568,snapshot_544.xyz,32,4000,16.757672110741936,4000,all,544
0.092531,0.0969883,0.0,0.9540429103304213,0.04595708966957868,snapshot_545.xyz,32,4000,16.757672110741936,4000,all,545
0.0923216,0.0974747,0.0,0.9471339742517803,0.05286602574821975,snapshot_546.xyz,32,4000,16.757672110741936,4000,all,546
0.0916234,0.0969188,0.0,0.945362509647251,0.05463749035274901,snapshot_547.xyz,32,4000,16.757672110741936,4000,all,547
0.0912042,0.0973358,0.0,0.937005706019779,0.06299429398022105,snapshot_548.xyz,32,4000,16.757672110741936,4000,all,548
0.0912042,0.0974052,0.0,0.9363381010459401,0.06366189895405994,snapshot_549.xyz,32,4000,16.757672110741936,4000,all,549
0.0916234,0.0975442,0.0,0.9393013628693453,0.06069863713065471,snapshot_550.xyz,32,4000,16.757672110741936,4000,all,550
0.0907849,0.0967797,0.0,0.9380572578753603,0.06194274212463968,snapshot_551.xyz,32,4000,16.757672110741936,4000,all,551
0.0909946,0.0969188,0.0,0.9388746043079361,0.06112539569206388,snapshot_552.xyz,32,4000,16.757672110741936,4000,all,552
0.0918329,0.0971273,0.0,0.9454900939282775,0.05450990607172246,snapshot_553.xyz,32,4000,16.757672110741936,4000,all,553
0.090715,0.0980304,0.0,0.9253762098287878,0.07462379017121223,snapshot_554.xyz,32,4000,16.757672110741936,4000,all,554
0.0915535,0.0971968,0.0,0.941939446566142,0.058060553433857964,snapshot_555.xyz,32,4000,16.757672110741936,4000,all,555
0.0916234,0.0974747,0.0,0.9399710899341059,0.06002891006589406,snapshot_556.xyz,32,4000,16.757672110741936,4000,all,556
0.0914837,0.0985858,0.0,0.9279602133370121,0.07203978666298794,snapshot_557.xyz,32,4000,16.757672110741936,4000,all,557
0.0907849,0.0968493,0.0,0.9373831302859185,0.06261686971408154,snapshot_558.xyz,32,4000,16.757672110741936,4000,all,558
0.0909946,0.0964321,0.0,0.9436131744512459,0.05638682554875407,snapshot_559.xyz,32,4000,16.757672110741936,4000,all,559
0.0916932,0.0974052,0.0,0.9413583669044364,0.05864163309556358,snapshot_560.xyz,32,4000,16.757672110741936,4000,all,560
0.0912042,0.0971273,0.0,0.9390171455399254,0.060982854460074565,snapshot_561.xyz,32,4000,16.757672110741936,4000,all,561
0.0909946,0.0971273,0.0,0.9368591528849252,0.06314084711507484,snapshot_562.xyz,32,4000,16.757672110741936,4000,all,562
0.0912042,0.0970578,0.0,0.9396895458170286,0.06031045418297143,snapshot_563.xyz,32,4000,16.757672110741936,4000,all,563
0.0908548,0.096293,0.0,0.9435244514139137,0.05647554858608628,snapshot_564.xyz,32,4000,16.757672110741936,4000,all,564
0.0911344,0.0971968,0.0,0.937627576216501,0.062372423783499054,snapshot_565.xyz,32,4000,16.757672110741936,4000,all,565
0.0909946,0.0974052,0.0,0.9341862652096602,0.0658137347903398,snapshot_566.xyz,32,4000,16.757672110741936,4000,all,566
0.0911344,0.0969883,0.0,0.9396432353180745,0.06035676468192552,snapshot_567.xyz,32,4000,16.757672110741936,4000,all,567
0.091344,0.0971968,0.0,0.9397840258115493,0.060215974188450705,snapshot_568.xyz,32,4000,16.757672110741936,4000,all,568
0.0917631,0.0968493,0.0,0.9474833581657276,0.052516641834272404,snapshot_569.xyz,32,4000,16.757672110741936,4000,all,569
0.0916234,0.0980999,0.0,0.9339805647100556,0.06601943528994436,snapshot_570.xyz,32,4000,16.757672110741936,4000,all,570
0.0914138,0.0976831,0.0,0.9358200139020978,0.06417998609790221,snapshot_571.xyz,32,4000,16.757672110741936,4000,all,571
0.0908548,0.0972663,0.0,0.9340830277290284,0.0659169722709716,snapshot_572.xyz,32,4000,16.757672110741936,4000,all,572
0.0911344,0.0972663,0.0,0.9369576101897574,0.06304238981024257,snapshot_573.xyz,32,4000,16.757672110741936,4000,all,573
0.0915535,0.0966407,0.0,0.9473596528170843,0.05264034718291566,snapshot_574.xyz,32,4000,16.757672110741936,4000,all,574
0.0919726,0.0969188,0.0,0.948965525780344,0.05103447421965601,snapshot_575.xyz,32,4000,16.757672110741936,4000,all,575
0.0915535,0.0981693,0.0,0.932608259404926,0.06739174059507402,snapshot_576.xyz,32,4000,16.757672110741936,4000,all,576
0.0923216,0.0975442,0.0,0.9464591436497506,0.05354085635024941,snapshot_577.xyz,32,4000,16.757672110741936,4000,all,577
0.0916932,0.0967797,0.0,0.9474424905222893,0.05255750947771065,snapshot_578.xyz,32,4000,16.757672110741936,4000,all,578
0.0916234,0.0976831,0.0,0.9379657279508943,0.06203427204910572,snapshot_579.xyz,32,4000,16.757672110741936,4000,all,579
0.0918329,0.0971968,0.0,0.9448140267992361,0.055185973200763905,snapshot_580.xyz,32,4000,16.757672110741936,4000,all,580
0.0916932,0.0973358,0.0,0.9420295513058916,0.05797044869410839,snapshot_581.xyz,32,4000,16.757672110741936,4000,all,581
0.0921122,0.0978221,0.0,0.941629754421547,0.05837024557845305,snapshot_582.xyz,32,4000,16.757672110741936,4000,all,582
0.0905752,0.0976137,0.0,0.9278943426998464,0.07210565730015361,snapshot_583.xyz,32,4000,16.757672110741936,4000,all,583
0.0917631,0.0974747,0.0,0.9414042823419821,0.058595717658017854,snapshot_584.xyz,32,4000,16.757672110741936,4000,all,584
0.0912741,0.0973358,0.0,0.9377238385054625,0.06227616149453752,snapshot_585.xyz,32,4000,16.757672110741936,4000,all,585
0.0910645,0.0974052,0.0,0.9349038860348319,0.06509611396516812,snapshot_586.xyz,32,4000,16.757672110741936,4000,all,586
0.090715,0.0971273,0.0,0.9339804565760605,0.06601954342393945,snapshot_587.xyz,32,4000,16.757672110741936,4000,all,587
0.0908548,0.0971968,0.0,0.9347509383024956,0.06524906169750444,snapshot_588.xyz,32,4000,16.757672110741936,4000,all,588
0.0908548,0.0971273,0.0,0.9354198047304929,0.06458019526950709,snapshot_589.xyz,32,4000,16.757672110741936,4000,all,589
0.091344,0.0968493,0.0,0.9431560166155046,0.05684398338449537,snapshot_590.xyz,32,4000,16.757672110741936,4000,all,590
0.0909247,0.0973358,0.0,0.9341342034482687,0.0658657965517313,snapshot_591.xyz,32,4000,16.757672110741936,4000,all,591
0.0909247,0.0970578,0.0,0.9368098184792979,0.0631901815207021,snapshot_592.xyz,32,4000,16.757672110741936,4000,all,592
0.0917631,0.0974052,0.0,0.9420759877296079,0.05792401227039212,snapshot_593.xyz,32,4000,16.757672110741936,4000,all,593
0.091344,0.0969883,0.0,0.9418043207273454,0.058195679272654566,snapshot_594.xyz,32,4000,16.757672110741936,4000,all,594
0.0916234,0.0980304,0.0,0.9346427230736587,0.0653572769263413,snapshot_595.xyz,32,4000,16.757672110741936,4000,all,595
0.0915535,0.0977526,0.0,0.9365837839607335,0.0634162160392665,snapshot_596.xyz,32,4000,16.757672110741936,4000,all,596
0.0908548,0.0972663,0.0,0.9340830277290284,0.0659169722709716,snapshot_597.xyz,32,4000,16.757672110741936,4000,all,597
0.0926008,0.0965712,0.0,0.9588862932219958,0.04111370677800419,snapshot_598.xyz,32,4000,16.757672110741936,4000,all,598
0.0906451,0.0974052,0.0,0.9305981610838026,0.06940183891619744,snapshot_599.xyz,32,4000,16.757672110741936,4000,all,599
0.0912741,0.0972663,0.0,0.9383938733148068,0.06160612668519316,snapshot_600.xyz,32,4000,16.757672110741936,4000,all,600
0.0910645,0.0974052,0.0,0.9349038860348319,0.06509611396516812,snapshot_601.xyz,32,4000,16.757672110741936,4000,all,601
0.0916234,0.0978915,0.0,0.9359689043481813,0.06403109565181875,snapshot_602.xyz,32,4000,16.757672110741936,4000,all,602
0.0911344,0.0981693,0.0,0.9283391039764978,0.07166089602350223,snapshot_603.xyz,32,4000,16.757672110741936,4000,all,603
0.0918329,0.0971968,0.0,0.9448140267992361,0.055185973200763905,snapshot_604.xyz,32,4000,16.757672110741936,4000,all,604
0.0916234,0.0976137,0.0,0.9386325894828287,0.06136741051717132,snapshot_605.xyz,32,4000,16.757672110741936,4000,all,605
0.0905053,0.0973358,0.0,0.9298254085341673,0.07017459146583271,snapshot_606.xyz,32,4000,16.757672110741936,4000,all,606
0.0909946,0.0973358,0.0,0.9348523359339523,0.06514766406604766,snapshot_607.xyz,32,4000,16.757672110741936,4000,all,607
0.0915535,0.0973358,0.0,0.9405943137057485,0.05940568629425147,snapshot_608.xyz,32,4000,16.757672110741936,4000,all,608
0.0908548,0.0969188,0.0,0.9374321597048251,0.06256784029517493,snapshot_609.xyz,32,4000,16.757672110741936,4000,all,609
0.0915535,0.0976831,0.0,0.9372501486951171,0.06274985130488286,snapshot_610.xyz,32,4000,16.757672110741936,4000,all,610
0.0917631,0.0972663,0.0,0.9434213083051376,0.056578691694862404,snapshot_611.xyz,32,4000,16.757672110741936,4000,all,611
0.0907849,0.0972663,0.0,0.9333643821138462,0.0666356178861538,snapshot_612.xyz,32,4000,16.757672110741936,4000,all,612
0.092182,0.0965712,0.0,0.9545495965670925,0.045450403432907516,snapshot_613.xyz,32,4000,16.757672110741936,4000,all,613
0.092182,0.0972663,0.0,0.947728041469656,0.052271958530344054,snapshot_614.xyz,32,4000,16.757672110741936,4000,all,614
0.0914138,0.0969188,0.0,0.9431998745341461,0.05680012546585389,snapshot_615.xyz,32,4000,16.757672110741936,4000,all,615
0.0917631,0.0973358,0.0,0.9427476837915751,0.05725231620842486,snapshot_616.xyz,32,4000,16.757672110741936,4000,all,616
0.0916234,0.0978221,0.0,0.9366329285509103,0.0633670714490897,snapshot_617.xyz,32,4000,16.757672110741936,4000,all,617
0.0917631,0.0981693,0.0,0.9347433464433382,0.06525665355666177,snapshot_618.xyz,32,4000,16.757672110741936,4000,all,618
0.0921122,0.0968493,0.0,0.9510879273262688,0.04891207267373121,snapshot_619.xyz,32,4000,16.757672110741936,4000,all,619
0.0912042,0.0967797,0.0,0.9423897780216306,0.0576102219783694,snapshot_620.xyz,32,4000,16.757672110741936,4000,all,620
0.0904354,0.0971273,0.0,0.9311017602671957,0.06889823973280429,snapshot_621.xyz,32,4000,16.757672110741936,4000,all,621
0.0911344,0.0969883,0.0,0.9396432353180745,0.06035676468192552,snapshot_622.xyz,32,4000,16.757672110741936,4000,all,622
0.0914138,0.0980304,0.0,0.9325046108146045,0.06749538918539555,snapshot_623.xyz,32,4000,16.757672110741936,4000,all,623
0.0918329,0.097961,0.0,0.9374434724022824,0.06255652759771757,snapshot_624.xyz,32,4000,16.757672110741936,4000,all,624
0.0909247,0.097961,0.0,0.9281724359694163,0.07182756403058366,snapshot_625.xyz,32,4000,16.757672110741936,4000,all,625
0.0916234,0.0968493,0.0,0.9460409109823199,0.053959089017680095,snapshot_626.xyz,32,4000,16.757672110741936,4000,all,626
0.0909946,0.0975442,0.0,0.9328550544266087,0.06714494557339135,snapshot_627.xyz,32,4000,16.757672110741936,4000,all,627
0.090715,0.0966407,0.0,0.9386831842070681,0.06131681579293191,snapshot_628.xyz,32,4000,16.757672110741936,4000,all,628
0.0924612,0.0978221,0.0,0.9451974553807371,0.05480254461926293,snapshot_629.xyz,32,4000,16.757672110741936,4000,all,629
0.0916234,0.0967102,0.0,0.9474016184435561,0.05259838155644392,snapshot_630.xyz,32,4000,16.757672110741936,4000,all,630
0.0914138,0.0970578,0.0,0.9418490837418528,0.05815091625814717,snapshot_631.xyz,32,4000,16.757672110741936,4000,all,631
0.0916234,0.0973358,0.0,0.9413124461914321,0.05868755380856794,snapshot_632.xyz,32,4000,16.757672110741936,4000,all,632
0.0911344,0.0970578,0.0,0.9389703867180176,0.06102961328198242,snapshot_633.xyz,32,4000,16.757672110741936,4000,all,633
0.0915535,0.0973358,0.0,0.9405943137057485,0.05940568629425147,snapshot_634.xyz,32,4000,16.757672110741936,4000,all,634
0.0915535,0.0973358,0.0,0.9405943137057485,0.05940568629425147,snapshot_635.xyz,32,4000,16.757672110741936,4000,all,635
0.0910645,0.0969883,0.0,0.9389225298309178,0.06107747016908216,snapshot_636.xyz,32,4000,16.757672110741936,4000,all,636
0.0916234,0.0973358,0.0,0.9413124461914321,0.05868755380856794,snapshot_637.xyz,32,4000,16.757672110741936,4000,all,637
0.0909247,0.0977526,0.0,0.9301512184842142,0.06984878151578577,snapshot_638.xyz,32,4000,16.757672110741936,4000,all,638
0.0916234,0.0971273,0.0,0.9433331308499258,0.05666686915007424,snapshot_639.xyz,32,4000,16.757672110741936,4000,all,639
0.0909247,0.0974747,0.0,0.9328030760802547,0.0671969239197453,snapshot_640.xyz,32,4000,16.757672110741936,4000,all,640
0.0919027,0.0969883,0.0,0.9475648093636037,0.052435190636396345,snapshot_641.xyz,32,4000,16.757672110741936,4000,all,641
0.0917631,0.0969188,0.0,0.9468039224588005,0.05319607754119948,snapshot_642.xyz,32,4000,16.757672110741936,4000,all,642
0.0912741,0.0966407,0.0,0.9444685313744623,0.055531468625537705,snapshot_643.xyz,32,4000,16.757672110741936,4000,all,643
0.090715,0.0973358,0.0,0.9319798059912181,0.0680201940087819,snapshot_644.xyz,32,4000,16.757672110741936,4000,all,644
0.0903654,0.0978221,0.0,0.9237728488756631,0.07622715112433687,snapshot_645.xyz,32,4000,16.757672110741936,4000,all,645
0.0910645,0.0967102,0.0,0.9416224969031189,0.058377503096881056,snapshot_646.xyz,32,4000,16.757672110741936,4000,all,646
0.0914138,0.0972663,0.0,0.9398301364398564,0.060169863560143644,snapshot_647.xyz,32,4000,16.757672110741936,4000,all,647
0.0918329,0.0969188,0.0,0.9475241129687945,0.05247588703120554,snapshot_648.xyz,32,4000,16.757672110741936,4000,all,648
0.0912741,0.096293,0.0,0.9478788696997704,0.05212113030022958,snapshot_649.xyz,32,4000,16.757672110741936,4000,all,649
0.0919726,0.0972663,0.0,0.9455751889400543,0.05442481105994568,snapshot_650.xyz,32,4000,16.757672110741936,4000,all,650
0.0914138,0.0977526,0.0,0.9351546659628491,0.06484533403715087,snapshot_651.xyz,32,4000,16.757672110741936,4000,all,651
0.091344,0.0966407,0.0,0.9451918291154762,0.05480817088452383,snapshot_652.xyz,32,4000,16.757672110741936,4000,all,652
0.0914837,0.0978915,0.0,0.9345418141513818,0.06545818584861818,snapshot_653.xyz,32,4000,16.757672110741936,4000,all,653
0.0909247,0.0971968,0.0,0.9354700977809969,0.06452990221900312,snapshot_654.xyz,32,4000,16.757672110741936,4000,all,654
0.0915535,0.0971273,0.0,0.9426134567727096,0.05738654322729042,snapshot_655.xyz,32,4000,16.757672110741936,4000,all,655
0.0917631,0.0974747,0.0,0.9414042823419821,0.058595717658017854,snapshot_656.xyz,32,4000,16.757672110741936,4000,all,656
0.0910645,0.0971273,0.0,0.9375788269621415,0.062421173037858546,snapshot_657.xyz,32,4000,16.757672110741936,4000,all,657
0.0910645,0.0969883,0.0,0.9389225298309178,0.06107747016908216,snapshot_658.xyz,32,4000,16.757672110741936,4000,all,658
0.0917631,0.097961,0.0,0.9367309439470809,0.0632690560529191,snapshot_659.xyz,32,4000,16.757672110741936,4000,all,659
0.0910645,0.0971968,0.0,0.9369084167379996,0.06309158326200037,snapshot_660.xyz,32,4000,16.757672110741936,4000,all,660
0.0917631,0.0970578,0.0,0.9454479701785946,0.05455202982140539,snapshot_661.xyz,32,4000,16.757672110741936,4000,all,661
0.0906451,0.0969883,0.0,0.9345982969079776,0.06540170309202242,snapshot_662.xyz,32,4000,16.757672110741936,4000,all,662
0.091344,0.0971273,0.0,0.9404564936943578,0.0595435063056422,snapshot_663.xyz,32,4000,16.757672110741936,4000,all,663
0.0912741,0.0971968,0.0,0.939064866333048,0.060935133666952024,snapshot_664.xyz,32,4000,16.757672110741936,4000,all,664
0.0916932,0.0976137,0.0,0.9393476530446034,0.06065234695539656,snapshot_665.xyz,32,4000,16.757672110741936,4000,all,665
0.0908548,0.0974747,0.0,0.932085966922699,0.06791403307730104,snapshot_666.xyz,32,4000,16.757672110741936,4000,all,666
0.0912741,0.0971968,0.0,0.939064866333048,0.060935133666952024,snapshot_667.xyz,32,4000,16.757672110741936,4000,all,667
0.0907849,0.0966407,0.0,0.939406481948082,0.06059351805191804,snapshot_668.xyz,32,4000,16.757672110741936,4000,all,668
0.0919726,0.0976137,0.0,0.942209956184429,0.05779004381557096,snapshot_669.xyz,32,4000,16.757672110741936,4000,all,669
0.0914138,0.0971968,0.0,0.9405021564495951,0.05949784355040488,snapshot_670.xyz,32,4000,16.757672110741936,4000,all,670
0.0919027,0.0978915,0.0,0.9388220632026274,0.0611779367973726,snapshot_671.xyz,32,4000,16.757672110741936,4000,all,671
0.0915535,0.0978915,0.0,0.935254848480205,0.06474515151979499,snapshot_672.xyz,32,4000,16.757672110741936,4000,all,672
0.0921122,0.0974747,0.0,0.9449857245008193,0.0550142754991807,snapshot_673.xyz,32,4000,16.757672110741936,4000,all,673
0.0903654,0.0965712,0.0,0.9357386052984741,0.06426139470152592,snapshot_674.xyz,32,4000,16.757672110741936,4000,all,674
0.0910645,0.0975442,0.0,0.9335716526456725,0.06642834735432745,snapshot_675.xyz,32,4000,16.757672110741936,4000,all,675
0.0915535,0.0973358,0.0,0.9405943137057485,0.05940568629425147,snapshot_676.xyz,32,4000,16.757672110741936,4000,all,676
0.0911344,0.0966407,0.0,0.9430229706531514,0.05697702934684856,snapshot_677.xyz,32,4000,16.757672110741936,4000,all,677
0.0914138,0.0978915,0.0,0.9338277582834056,0.06617224171659442,snapshot_678.xyz,32,4000,16.757672110741936,4000,all,678
0.0917631,0.097961,0.0,0.9367309439470809,0.0632690560529191,snapshot_679.xyz,32,4000,16.757672110741936,4000,all,679
0.0910645,0.0978915,0.0,0.9302595220218303,0.06974047797816973,snapshot_680.xyz,32,4000,16.757672110741936,4000,all,680
0.0907849,0.0976137,0.0,0.9300426067242611,0.06995739327573891,snapshot_681.xyz,32,4000,16.757672110741936,4000,all,681
0.0910645,0.0971273,0.0,0.9375788269621415,0.062421173037858546,snapshot_682.xyz,32,4000,16.757672110741936,4000,all,682
0.0916932,0.0981693,0.0,0.9340313112144021,0.06596868878559792,snapshot_683.xyz,32,4000,16.757672110741936,4000,all,683
0.0915535,0.0974052,0.0,0.939924151893328,0.06007584810667199,snapshot_684.xyz,32,4000,16.757672110741936,4000,all,684
0.0915535,0.0976831,0.0,0.9372501486951171,0.06274985130488286,snapshot_685.xyz,32,4000,16.757672110741936,4000,all,685
0.0910645,0.0969883,0.0,0.9389225298309178,0.06107747016908216,snapshot_686.xyz,32,4000,16.757672110741936,4000,all,686
0.091344,0.0974747,0.0,0.9371047051183538,0.06289529488164625,snapshot_687.xyz,32,4000,16.757672110741936,4000,all,687
0.0911344,0.0976831,0.0,0.9329597443160589,0.06704025568394112,snapshot_688.xyz,32,4000,16.757672110741936,4000,all,688
0.0915535,0.0976831,0.0,0.9372501486951171,0.06274985130488286,snapshot_689.xyz,32,4000,16.757672110741936,4000,all,689
0.0919027,0.098447,0.0,0.9335246376222739,0.06647536237772611,snapshot_690.xyz,32,4000,16.757672110741936,4000,all,690
0.0917631,0.0978221,0.0,0.9380610311984715,0.06193896880152849,snapshot_691.xyz,32,4000,16.757672110741936,4000,all,691
0.0914837,0.0966407,0.0,0.9466373898367872,0.053362610163212754,snapshot_692.xyz,32,4000,16.757672110741936,4000,all,692
0.0912741,0.0976137,0.0,0.9350541983348649,0.06494580166513508,snapshot_693.xyz,32,4000,16.757672110741936,4000,all,693
0.0909247,0.0974747,0.0,0.9328030760802547,0.0671969239197453,snapshot_694.xyz,32,4000,16.757672110741936,4000,all,694
0.0914837,0.0970578,0.0,0.9425692731547594,0.05743072684524064,snapshot_695.xyz,32,4000,16.757672110741936,4000,all,695
0.091344,0.0972663,0.0,0.939112518929989,0.06088748107001096,snapshot_696.xyz,32,4000,16.757672110741936,4000,all,696
0.0922518,0.0974747,0.0,0.9464178910014598,0.05358210899854021,snapshot_697.xyz,32,4000,16.757672110741936,4000,all,697
0.091344,0.0974052,0.0,0.9377733426962831,0.062226657303716904,snapshot_698.xyz,32,4000,16.757672110741936,4000,all,698
0.0910645,0.0966407,0.0,0.9422996729121376,0.057700327087862435,snapshot_699.xyz,32,4000,16.757672110741936,4000,all,699
0.091344,0.0970578,0.0,0.9411299246428416,0.05887007535715838,snapshot_700.xyz,32,4000,16.757672110741936,4000,all,700
0.0916234,0.0971273,0.0,0.9433331308499258,0.05666686915007424,snapshot_701.xyz,32,4000,16.757672110741936,4000,all,701
0.0911344,0.0976137,0.0,0.9336230467649521,0.06637695323504789,snapshot_702.xyz,32,4000,16.757672110741936,4000,all,702
0.0920424,0.0973358,0.0,0.945617131620637,0.054382868379363014,snapshot_703.xyz,32,4000,16.757672110741936,4000,all,703
0.0909946,0.0973358,0.0,0.9348523359339523,0.06514766406604766,snapshot_704.xyz,32,4000,16.757672110741936,4000,all,704
0.091344,0.0971968,0.0,0.9397840258115493,0.060215974188450705,snapshot_705.xyz,32,4000,16.757672110741936,4000,all,705
0.0911344,0.0969188,0.0,0.9403170489110473,0.05968295108895272,snapshot_706.xyz,32,4000,16.757672110741936,4000,all,706
0.0917631,0.0971968,0.0,0.9440958961611905,0.055904103838809505,snapshot_707.xyz,32,4000,16.757672110741936,4000,all,707
0.0920424,0.097961,0.0,0.9395820785822928,0.06041792141770719,snapshot_708.xyz,32,4000,16.757672110741936,4000,all,708
0.0921122,0.0978221,0.0,0.941629754421547,0.05837024557845305,snapshot_709.xyz,32,4000,16.757672110741936,4000,all,709
0.0919027,0.0974052,0.0,0.9435091761014813,0.05649082389851867,snapshot_710.xyz,32,4000,16.757672110741936,4000,all,710
0.0910645,0.0976831,0.0,0.9322441650602817,0.06775583493971826,snapshot_711.xyz,32,4000,16.757672110741936,4000,all,711
0.0909946,0.0969188,0.0,0.9388746043079361,0.06112539569206388,snapshot_712.xyz,32,4000,16.757672110741936,4000,all,712
0.0914138,0.0974052,0.0,0.9384899368822199,0.06151006311778007,snapshot_713.xyz,32,4000,16.757672110741936,4000,all,713
0.0917631,0.0973358,0.0,0.9427476837915751,0.05725231620842486,snapshot_714.xyz,32,4000,16.757672110741936,4000,all,714
0.0907849,0.0969883,0.0,0.936039707882291,0.06396029211770904,snapshot_715.xyz,32,4000,16.757672110741936,4000,all,715
0.0909247,0.0976831,0.0,0.9308130065487275,0.06918699345127255,snapshot_716.xyz,32,4000,16.757672110741936,4000,all,716
0.092531,0.0973358,0.0,0.950636867421853,0.04936313257814695,snapshot_717.xyz,32,4000,16.757672110741936,4000,all,717
0.0917631,0.0983776,0.0,0.932764165826367,0.06723583417363299,snapshot_718.xyz,32,4000,16.757672110741936,4000,all,718
0.0919027,0.0976137,0.0,0.9414938681762909,0.05850613182370912,snapshot_719.xyz,32,4000,16.757672110741936,4000,all,719
0.0910645,0.0976137,0.0,0.932906958756814,0.06709304124318605,snapshot_720.xyz,32,4000,16.757672110741936,4000,all,720
0.092182,0.0969188,0.0,0.9511260973103257,0.04887390268967429,snapshot_721.xyz,32,4000,16.757672110741936,4000,all,721
0.0918329,0.0974052,0.0,0.9427925819155445,0.05720741808445551,snapshot_722.xyz,32,4000,16.757672110741936,4000,all,722
0.0919027,0.0972663,0.0,0.944856543324872,0.05514345667512799,snapshot_723.xyz,32,4000,16.757672110741936,4000,all,723
0.0920424,0.0976137,0.0,0.9429250197462037,0.057074980253796315,snapshot_724.xyz,32,4000,16.757672110741936,4000,all,724
0.0915535,0.0974052,0.0,0.939924151893328,0.06007584810667199,snapshot_725.xyz,32,4000,16.757672110741936,4000,all,725
0.0912042,0.0977526,0.0,0.933010477470676,0.066989522529324,snapshot_726.xyz,32,4000,16.757672110741936,4000,all,726
0.0922518,0.0969883,0.0,0.9511642125905908,0.04883578740940919,snapshot_727.xyz,32,4000,16.757672110741936,4000,all,727
0.0914837,0.0967797,0.0,0.9452777803609642,0.054722219639035785,snapshot_728.xyz,32,4000,16.757672110741936,4000,all,728
0.092182,0.0974747,0.0,0.9457018077511395,0.054298192248860455,snapshot_729.xyz,32,4000,16.757672110741936,4000,all,729
0.0920424,0.0977526,0.0,0.9415851854579828,0.058414814542017246,snapshot_730.xyz,32,4000,16.757672110741936,4000,all,730
0.0916932,0.0974052,0.0,0.9413583669044364,0.05864163309556358,snapshot_731.xyz,32,4000,16.757672110741936,4000,all,731
0.0914138,0.0971968,0.0,0.9405021564495951,0.05949784355040488,snapshot_732.xyz,32,4000,16.757672110741936,4000,all,732
0.0918329,0.0977526,0.0,0.9394420199565024,0.06055798004349755,snapshot_733.xyz,32,4000,16.757672110741936,4000,all,733
0.0916932,0.0971968,0.0,0.9433767366826892,0.056623263317310824,snapshot_734.xyz,32,4000,16.757672110741936,4000,all,734
0.092531,0.0971968,0.0,0.9519963620201488,0.04800363797985119,snapshot_735.xyz,32,4000,16.757672110741936,4000,all,735
0.0915535,0.0971968,0.0,0.941939446566142,0.058060553433857964,snapshot_736.xyz,32,4000,16.757672110741936,4000,all,736
0.0914837,0.0972663,0.0,0.9405487820550386,0.05945121794496144,snapshot_737.xyz,32,4000,16.757672110741936,4000,all,737
0.0907849,0.0975442,0.0,0.9307052597694174,0.06929474023058257,snapshot_738.xyz,32,4000,16.757672110741936,4000,all,738
0.0914138,0.0969188,0.0,0.9431998745341461,0.05680012546585389,snapshot_739.xyz,32,4000,16.757672110741936,4000,all,739
0.0915535,0.0969188,0.0,0.9446412873456955,0.055358712654304476,snapshot_740.xyz,32,4000,16.757672110741936,4000,all,740
0.0910645,0.0971968,0.0,0.9369084167379996,0.06309158326200037,snapshot_741.xyz,32,4000,16.757672110741936,4000,all,741
0.0909247,0.0966407,0.0,0.9408530774301097,0.05914692256989029,snapshot_742.xyz,32,4000,16.757672110741936,4000,all,742
0.0907849,0.0973358,0.0,0.9326979384769016,0.06730206152309837,snapshot_743.xyz,32,4000,16.757672110741936,4000,all,743
0.0910645,0.0971273,0.0,0.9375788269621415,0.062421173037858546,snapshot_744.xyz,32,4000,16.757672110741936,4000,all,744
0.0909247,0.0969188,0.0,0.9381533820063805,0.06184661799361946,snapshot_745.xyz,32,4000,16.757672110741936,4000,all,745
0.0918329,0.0972663,0.0,0.9441389258150047,0.05586107418499531,snapshot_746.xyz,32,4000,16.757672110741936,4000,all,746
0.0914138,0.0966407,0.0,0.9459140920957734,0.05408590790422663,snapshot_747.xyz,32,4000,16.757672110741936,4000,all,747
0.0912042,0.0982387,0.0,0.9283937999993892,0.0716062000006108,snapshot_748.xyz,32,4000,16.757672110741936,4000,all,748
0.0920424,0.0967797,0.0,0.9510506852160112,0.048949314783988784,snapshot_749.xyz,32,4000,16.757672110741936,4000,all,749
0.0914837,0.0973358,0.0,0.9398772085912891,0.06012279140871091,snapshot_750.xyz,32,4000,16.757672110741936,4000,all,750
0.0917631,0.0975442,0.0,0.9407335341311939,0.05926646586880613,snapshot_751.xyz,32,4000,16.757672110741936,4000,all,751
0.0905053,0.096293,0.0,0.9398949040947939,0.060105095905206074,snapshot_752.xyz,32,4000,16.757672110741936,4000,all,752
0.092182,0.0977526,0.0,0.9430132804651744,0.05698671953482559,snapshot_753.xyz,32,4000,16.757672110741936,4000,all,753
0.0909946,0.0967102,0.0,0.9408997189541537,0.059100281045846303,snapshot_754.xyz,32,4000,16.757672110741936,4000,all,754
0.0912042,0.0976137,0.0,0.9343381103267266,0.06566188967327335,snapshot_755.xyz,32,4000,16.757672110741936,4000,all,755
0.0914138,0.0976831,0.0,0.9358200139020978,0.06417998609790221,snapshot_756.xyz,32,4000,16.757672110741936,4000,all,756
0.0914837,0.0968493,0.0,0.9445984637989123,0.055401536201087676,snapshot_757.xyz,32,4000,16.757672110741936,4000,all,757
0.091344,0.0972663,0.0,0.939112518929989,0.06088748107001096,snapshot_758.xyz,32,4000,16.757672110741936,4000,all,758
0.0911344,0.0974052,0.0,0.9356215068600034,0.06437849313999655,snapshot_759.xyz,32,4000,16.757672110741936,4000,all,759
0.0915535,0.0970578,0.0,0.9432884322537703,0.05671156774622965,snapshot_760.xyz,32,4000,16.757672110741936,4000,all,760
0.0914138,0.0974747,0.0,0.9378207883686742,0.06217921163132578,snapshot_761.xyz,32,4000,16.757672110741936,4000,all,761
0.0909946,0.0970578,0.0,0.9375300078922044,0.06246999210779558,snapshot_762.xyz,32,4000,16.757672110741936,4000,all,762
0.0912042,0.0971273,0.0,0.9390171455399254,0.060982854460074565,snapshot_763.xyz,32,4000,16.757672110741936,4000,all,763
0.0919726,0.0971273,0.0,0.9469284125060616,0.053071587493938366,snapshot_764.xyz,32,4000,16.757672110741936,4000,all,764
0.0912042,0.0973358,0.0,0.937005706019779,0.06299429398022105,snapshot_765.xyz,32,4000,16.757672110741936,4000,all,765
0.0919027,0.0976137,0.0,0.9414938681762909,0.05850613182370912,snapshot_766.xyz,32,4000,16.757672110741936,4000,all,766
0.0914138,0.0974747,0.0,0.9378207883686742,0.06217921163132578,snapshot_767.xyz,32,4000,16.757672110741936,4000,all,767
0.091344,0.0974747,0.0,0.9371047051183538,0.06289529488164625,snapshot_768.xyz,32,4000,16.757672110741936,4000,all,768
0.0912042,0.0971273,0.0,0.9390171455399254,0.060982854460074565,snapshot_769.xyz,32,4000,16.757672110741936,4000,all,769
0.0914138,0.0968493,0.0,0.9438767239412159,0.05612327605878409,snapshot_770.xyz,32,4000,16.757672110741936,4000,all,770
0.0921122,0.0973358,0.0,0.9463342367350965,0.053665763264903465,snapshot_771.xyz,32,4000,16.757672110741936,4000,all,771
0.0917631,0.0977526,0.0,0.9387279724529066,0.06127202754709338,snapshot_772.xyz,32,4000,16.757672110741936,4000,all,772
0.0921122,0.0978221,0.0,0.941629754421547,0.05837024557845305,snapshot_773.xyz,32,4000,16.757672110741936,4000,all,773
0.0920424,0.0978221,0.0,0.9409162142297088,0.059083785770291164,snapshot_774.xyz,32,4000,16.757672110741936,4000,all,774
0.0914837,0.0974747,0.0,0.93853789752623,0.06146210247377004,snapshot_775.xyz,32,4000,16.757672110741936,4000,all,775
0.0909946,0.0971968,0.0,0.9361892572594982,0.0638107427405018,snapshot_776.xyz,32,4000,16.757672110741936,4000,all,776
0.092182,0.097961,0.0,0.941007135492696,0.05899286450730401,snapshot_777.xyz,32,4000,16.757672110741936,4000,all,777
0.0912042,0.0971968,0.0,0.9383457068545467,0.06165429314545334,snapshot_778.xyz,32,4000,16.757672110741936,4000,all,778
0.0916932,0.0971273,0.0,0.9440517753504937,0.05594822464950633,snapshot_779.xyz,32,4000,16.757672110741936,4000,all,779
0.0917631,0.0965016,0.0,0.9508971871968962,0.0491028128031038,snapshot_780.xyz,32,4000,16.757672110741936,4000,all,780
0.0912042,0.0971968,0.0,0.9383457068545467,0.06165429314545334,snapshot_781.xyz,32,4000,16.757672110741936,4000,all,781
0.0911344,0.0969883,0.0,0.9396432353180745,0.06035676468192552,snapshot_782.xyz,32,4000,16.757672110741936,4000,all,782
0.0922518,0.0968493,0.0,0.952529341977691,0.04747065802230899,snapshot_783.xyz,32,4000,16.757672110741936,4000,all,783
0.0919726,0.0974052,0.0,0.9442267969266528,0.05577320307334721,snapshot_784.xyz,32,4000,16.757672110741936,4000,all,784
0.0915535,0.0973358,0.0,0.9405943137057485,0.05940568629425147,snapshot_785.xyz,32,4000,16.757672110741936,4000,all,785
0.0916932,0.0978915,0.0,0.9366819386770046,0.06331806132299544,snapshot_786.xyz,32,4000,16.757672110741936,4000,all,786
0.0914837,0.0972663,0.0,0.9405487820550386,0.05945121794496144,snapshot_787.xyz,32,4000,16.757672110741936,4000,all,787
0.092182,0.0969883,0.0,0.9504445381556332,0.049555461844366766,snapshot_788.xyz,32,4000,16.757672110741936,4000,all,788
0.0906451,0.0974747,0.0,0.9299346394500317,0.07006536054996826,snapshot_789.xyz,32,4000,16.757672110741936,4000,all,789
0.0914837,0.0971273,0.0,0.9418948122721418,0.05810518772785822,snapshot_790.xyz,32,4000,16.757672110741936,4000,all,790
0.091344,0.0978221,0.0,0.9337767232557878,0.06622327674421224,snapshot_791.xyz,32,4000,16.757672110741936,4000,all,791
0.0905053,0.0976137,0.0,0.9271782546917082,0.07282174530829177,snapshot_792.xyz,32,4000,16.757672110741936,4000,all,792
0.0907849,0.0965712,0.0,0.9400825504912438,0.059917449508756215,snapshot_793.xyz,32,4000,16.757672110741936,4000,all,793
0.0916234,0.0971273,0.0,0.9433331308499258,0.05666686915007424,snapshot_794.xyz,32,4000,16.757672110741936,4000,all,794
0.0912042,0.0963626,0.0,0.9464688582499848,0.053531141750015165,snapshot_795.xyz,32,4000,16.757672110741936,4000,all,795
0.0907849,0.0970578,0.0,0.9353694396534848,0.06463056034651515,snapshot_796.xyz,32,4000,16.757672110741936,4000,all,796
0.0917631,0.0969883,0.0,0.9461254604936884,0.0538745395063116,snapshot_797.xyz,32,4000,16.757672110741936,4000,all,797
0.0924612,0.0970578,0.0,0.952640591482601,0.04735940851739895,snapshot_798.xyz,32,4000,16.757672110741936,4000,all,798
0.0920424,0.0970578,0.0,0.9483256368885344,0.05167436311146556,snapshot_799.xyz,32,4000,16.757672110741936,4000,all,799
0.092182,0.0976831,0.0,0.9436842196859028,0.05631578031409723,snapshot_800.xyz,32,4000,16.757672110741936,4000,all,800
0.0911344,0.0969883,0.0,0.9396432353180745,0.06035676468192552,snapshot_801.xyz,32,4000,16.757672110741936,4000,all,801
0.0915535,0.0971968,0.0,0.941939446566142,0.058060553433857964,snapshot_802.xyz,32,4000,16.757672110741936,4000,all,802
0.0920424,0.0967797,0.0,0.9510506852160112,0.048949314783988784,snapshot_803.xyz,32,4000,16.757672110741936,4000,all,803
0.0923216,0.0978915,0.0,0.9431012907147198,0.05689870928528018,snapshot_804.xyz,32,4000,16.757672110741936,4000,all,804
0.0914837,0.0977526,0.0,0.9358697364571378,0.06413026354286222,snapshot_805.xyz,32,4000,16.757672110741936,4000,all,805
0.0920424,0.0974747,0.0,0.9442696412504988,0.05573035874950116,snapshot_806.xyz,32,4000,16.757672110741936,4000,all,806
0.091344,0.0965712,0.0,0.9458720612356479,0.05412793876435207,snapshot_807.xyz,32,4000,16.757672110741936,4000,all,807
0.0915535,0.0970578,0.0,0.9432884322537703,0.05671156774622965,snapshot_808.xyz,32,4000,16.757672110741936,4000,all,808
0.0916234,0.0976137,0.0,0.9386325894828287,0.06136741051717132,snapshot_809.xyz,32,4000,16.757672110741936,4000,all,809
0.0907849,0.0971273,0.0,0.9347001306532767,0.06529986934672327,snapshot_810.xyz,32,4000,16.757672110741936,4000,all,810
0.0927403,0.0974747,0.0,0.9514294478464669,0.04857055215353312,snapshot_811.xyz,32,4000,16.757672110741936,4000,all,811
0.091344,0.0971273,0.0,0.9404564936943578,0.0595435063056422,snapshot_812.xyz,32,4000,16.757672110741936,4000,all,812
0.0902256,0.0971273,0.0,0.9289417084588988,0.07105829154110122,snapshot_813.xyz,32,4000,16.757672110741936,4000,all,813
0.0916234,0.0978915,0.0,0.9359689043481813,0.06403109565181875,snapshot_814.xyz,32,4000,16.757672110741936,4000,all,814
0.0915535,0.0974747,0.0,0.9392539807765502,0.0607460192234498,snapshot_815.xyz,32,4000,16.757672110741936,4000,all,815
0.0918329,0.0973358,0.0,0.9434647889060345,0.05653521109396553,snapshot_816.xyz,32,4000,16.757672110741936,4000,all,816
0.0915535,0.0974052,0.0,0.939924151893328,0.06007584810667199,snapshot_817.xyz,32,4000,16.757672110741936,4000,all,817
0.091344,0.0968493,0.0,0.9431560166155046,0.05684398338449537,snapshot_818.xyz,32,4000,16.757672110741936,4000,all,818
0.0914837,0.0967102,0.0,0.9459570965627204,0.05404290343727958,snapshot_819.xyz,32,4000,16.757672110741936,4000,all,819
0.0918329,0.0978221,0.0,0.9387745713903095,0.06122542860969049,snapshot_820.xyz,32,4000,16.757672110741936,4000,all,820
0.092182,0.0978221,0.0,0.942343294613385,0.05765670538661505,snapshot_821.xyz,32,4000,16.757672110741936,4000,all,821
0.0914138,0.0970578,0.0,0.9418490837418528,0.05815091625814717,snapshot_822.xyz,32,4000,16.757672110741936,4000,all,822
0.0914138,0.0974747,0.0,0.9378207883686742,0.06217921163132578,snapshot_823.xyz,32,4000,16.757672110741936,4000,all,823
0.0916932,0.0971968,0.0,0.9433767366826892,0.056623263317310824,snapshot_824.xyz,32,4000,16.757672110741936,4000,all,824
0.0921122,0.0974747,0.0,0.9449857245008193,0.0550142754991807,snapshot_825.xyz,32,4000,16.757672110741936,4000,all,825
0.0917631,0.0973358,0.0,0.9427476837915751,0.05725231620842486,snapshot_826.xyz,32,4000,16.757672110741936,4000,all,826
0.0922518,0.0969883,0.0,0.9511642125905908,0.04883578740940919,snapshot_827.xyz,32,4000,16.757672110741936,4000,all,827
0.0918329,0.0968493,0.0,0.9482040654914388,0.05179593450856124,snapshot_828.xyz,32,4000,16.757672110741936,4000,all,828
0.0915535,0.0969188,0.0,0.9446412873456955,0.055358712654304476,snapshot_829.xyz,32,4000,16.757672110741936,4000,all,829
0.0912042,0.0967797,0.0,0.9423897780216306,0.0576102219783694,snapshot_830.xyz,32,4000,16.757672110741936,4000,all,830
0.0914138,0.0975442,0.0,0.9371525933884332,0.06284740661156685,snapshot_831.xyz,32,4000,16.757672110741936,4000,all,831
0.0916234,0.0973358,0.0,0.9413124461914321,0.05868755380856794,snapshot_832.xyz,32,4000,16.757672110741936,4000,all,832
0.0921122,0.0976831,0.0,0.9429696641486605,0.05703033585133954,snapshot_833.xyz,32,4000,16.757672110741936,4000,all,833
0.0919027,0.0976137,0.0,0.9414938681762909,0.05850613182370912,snapshot_834.xyz,32,4000,16.757672110741936,4000,all,834
0.0917631,0.0967797,0.0,0.9481647494257577,0.05183525057424232,snapshot_835.xyz,32,4000,16.757672110741936,4000,all,835
0.092531,0.0975442,0.0,0.9486058627781048,0.05139413722189523,snapshot_836.xyz,32,4000,16.757672110741936,4000,all,836
0.0915535,0.0976831,0.0,0.9372501486951171,0.06274985130488286,snapshot_837.xyz,32,4000,16.757672110741936,4000,all,837
0.0914138,0.0972663,0.0,0.9398301364398564,0.060169863560143644,snapshot_838.xyz,32,4000,16.757672110741936,4000,all,838
0.092182,0.0969188,0.0,0.9511260973103257,0.04887390268967429,snapshot_839.xyz,32,4000,16.757672110741936,4000,all,839
0.0908548,0.0974052,0.0,0.9327510235593172,0.06724897644068284,snapshot_840.xyz,32,4000,16.757672110741936,4000,all,840
0.0922518,0.0973358,0.0,0.9477684469640152,0.05223155303598481,snapshot_841.xyz,32,4000,16.757672110741936,4000,all,841
0.0923914,0.0977526,0.0,0.9451554229759618,0.05484457702403822,snapshot_842.xyz,32,4000,16.757672110741936,4000,all,842
0.0919726,0.0974052,0.0,0.9442267969266528,0.05577320307334721,snapshot_843.xyz,32,4000,16.757672110741936,4000,all,843
0.0909247,0.0969188,0.0,0.9381533820063805,0.06184661799361946,snapshot_844.xyz,32,4000,16.757672110741936,4000,all,844
0.0920424,0.0967102,0.0,0.9517341500689689,0.04826584993103111,snapshot_845.xyz,32,4000,16.757672110741936,4000,all,845
0.0909247,0.0969883,0.0,0.9374811188566043,0.06251888114339565,snapshot_846.xyz,32,4000,16.757672110741936,4000,all,846
0.0917631,0.0965712,0.0,0.9502118644067797,0.04978813559322026,snapshot_847.xyz,32,4000,16.757672110741936,4000,all,847
0.0911344,0.0976137,0.0,0.9336230467649521,0.06637695323504789,snapshot_848.xyz,32,4000,16.757672110741936,4000,all,848
0.0914138,0.0967797,0.0,0.9445555214574958,0.05544447854250423,snapshot_849.xyz,32,4000,16.757672110741936,4000,all,849
0.0921122,0.0974052,0.0,0.9456599852985262,0.05434001470147376,snapshot_850.xyz,32,4000,16.757672110741936,4000,all,850
0.0920424,0.0963626,0.0,0.9551672536855584,0.04483274631444156,snapshot_851.xyz,32,4000,16.757672110741936,4000,all,851
0.091344,0.0975442,0.0,0.9364370203456484,0.06356297965435165,snapshot_852.xyz,32,4000,16.757672110741936,4000,all,852
0.0921122,0.0969883,0.0,0.9497248637206757,0.05027513627932434,snapshot_853.xyz,32,4000,16.757672110741936,4000,all,853
0.0914138,0.0976137,0.0,0.9364853499047777,0.06351465009522228,snapshot_854.xyz,32,4000,16.757672110741936,4000,all,854
0.0914138,0.0965016,0.0,0.9472775580923011,0.052722441907698925,snapshot_855.xyz,32,4000,16.757672110741936,4000,all,855
0.0919027,0.0974052,0.0,0.9435091761014813,0.05649082389851867,snapshot_856.xyz,32,4000,16.757672110741936,4000,all,856
0.091344,0.0968493,0.0,0.9431560166155046,0.05684398338449537,snapshot_857.xyz,32,4000,16.757672110741936,4000,all,857
0.0923216,0.0971968,0.0,0.9498419701060118,0.05015802989398821,snapshot_858.xyz,32,4000,16.757672110741936,4000,all,858
0.091344,0.0969188,0.0,0.9424796840241522,0.057520315975847836,snapshot_859.xyz,32,4000,16.757672110741936,4000,all,859
0.091344,0.0977526,0.0,0.9344406184592533,0.0655593815407467,snapshot_860.xyz,32,4000,16.757672110741936,4000,all,860
0.0912042,0.0977526,0.0,0.933010477470676,0.066989522529324,snapshot_861.xyz,32,4000,16.757672110741936,4000,all,861
0.0919027,0.0971968,0.0,0.9455321574372819,0.05446784256271808,snapshot_862.xyz,32,4000,16.757672110741936,4000,all,862
0.090715,0.0970578,0.0,0.9346492502405783,0.06535074975942168,snapshot_863.xyz,32,4000,16.757672110741936,4000,all,863
0.091344,0.0976137,0.0,0.9357702863430031,0.06422971365699692,snapshot_864.xyz,32,4000,16.757672110741936,4000,all,864
0.0918329,0.0975442,0.0,0.9414491071739786,0.05855089282602144,snapshot_865.xyz,32,4000,16.757672110741936,4000,all,865
0.0919726,0.0971273,0.0,0.9469284125060616,0.053071587493938366,snapshot_866.xyz,32,4000,16.757672110741936,4000,all,866
0.0915535,0.0974747,0.0,0.9392539807765502,0.0607460192234498,snapshot_867.xyz,32,4000,16.757672110741936,4000,all,867
0.0914138,0.0972663,0.0,0.9398301364398564,0.060169863560143644,snapshot_868.xyz,32,4000,16.757672110741936,4000,all,868
0.0919726,0.0974052,0.0,0.9442267969266528,0.05577320307334721,snapshot_869.xyz,32,4000,16.757672110741936,4000,all,869
0.092182,0.0973358,0.0,0.9470513418495559,0.05294865815044414,snapshot_870.xyz,32,4000,16.757672110741936,4000,all,870
0.0918329,0.0976831,0.0,0.9401104182811562,0.05988958171884384,snapshot_871.xyz,32,4000,16.757672110741936,4000,all,871
0.0920424,0.0969188,0.0,0.9496857162903378,0.05031428370966218,snapshot_872.xyz,32,4000,16.757672110741936,4000,all,872
0.0921122,0.0969188,0.0,0.9504059068003319,0.04959409319966812,snapshot_873.xyz,32,4000,16.757672110741936,4000,all,873
0.092531,0.0974747,0.0,0.9492822240027413,0.050717775997258685,snapshot_874.xyz,32,4000,16.757672110741936,4000,all,874
0.0907849,0.0978915,0.0,0.9274032985499251,0.07259670145007491,snapshot_875.xyz,32,4000,16.757672110741936,4000,all,875
0.0919027,0.0972663,0.0,0.944856543324872,0.05514345667512799,snapshot_876.xyz,32,4000,16.757672110741936,4000,all,876
0.0918329,0.0976831,0.0,0.9401104182811562,0.05988958171884384,snapshot_877.xyz,32,4000,16.757672110741936,4000,all,877
0.0917631,0.0975442,0.0,0.9407335341311939,0.05926646586880613,snapshot_878.xyz,32,4000,16.757672110741936,4000,all,878
0.0916234,0.0976831,0.0,0.9379657279508943,0.06203427204910572,snapshot_879.xyz,32,4000,16.757672110741936,4000,all,879
0.092531,0.0978915,0.0,0.9452403937011895,0.05475960629881049,snapshot_880.xyz,32,4000,16.757672110741936,4000,all,880
0.0916234,0.0967797,0.0,0.9467212648933608,0.05327873510663916,snapshot_881.xyz,32,4000,16.757672110741936,4000,all,881
0.0917631,0.0967797,0.0,0.9481647494257577,0.05183525057424232,snapshot_882.xyz,32,4000,16.757672110741936,4000,all,882
0.0916234,0.0963626,0.0,0.9508190937147813,0.04918090628521865,snapshot_883.xyz,32,4000,16.757672110741936,4000,all,883
0.0916932,0.0969883,0.0,0.9454047550065318,0.05459524499346824,snapshot_884.xyz,32,4000,16.757672110741936,4000,all,884
0.091344,0.0969188,0.0,0.9424796840241522,0.057520315975847836,snapshot_885.xyz,32,4000,16.757672110741936,4000,all,885
0.0916932,0.0976831,0.0,0.9386802834881367,0.0613197165118633,snapshot_886.xyz,32,4000,16.757672110741936,4000,all,886
0.0912042,0.0970578,0.0,0.9396895458170286,0.06031045418297143,snapshot_887.xyz,32,4000,16.757672110741936,4000,all,887
0.0919726,0.0971968,0.0,0.9462513169157832,0.053748683084216764,snapshot_888.xyz,32,4000,16.757672110741936,4000,all,888
0.0916932,0.0973358,0.0,0.9420295513058916,0.05797044869410839,snapshot_889.xyz,32,4000,16.757672110741936,4000,all,889
0.0914837,0.0972663,0.0,0.9405487820550386,0.05945121794496144,snapshot_890.xyz,32,4000,16.757672110741936,4000,all,890
0.091344,0.0971968,0.0,0.9397840258115493,0.060215974188450705,snapshot_891.xyz,32,4000,16.757672110741936,4000,all,891
0.0914138,0.0969883,0.0,0.9425239951623031,0.05747600483769688,snapshot_892.xyz,32,4000,16.757672110741936,4000,all,892
0.091344,0.0969883,0.0,0.9418043207273454,0.058195679272654566,snapshot_893.xyz,32,4000,16.757672110741936,4000,all,893
0.0920424,0.0971273,0.0,0.9476470570066294,0.052352942993370566,snapshot_894.xyz,32,4000,16.757672110741936,4000,all,894
0.0919027,0.0970578,0.0,0.9468862883766168,0.053113711623383186,snapshot_895.xyz,32,4000,16.757672110741936,4000,all,895
0.0916234,0.0973358,0.0,0.9413124461914321,0.05868755380856794,snapshot_896.xyz,32,4000,16.757672110741936,4000,all,896
0.0912741,0.0965712,0.0,0.9451482429544212,0.054851757045578764,snapshot_897.xyz,32,4000,16.757672110741936,4000,all,897
0.0920424,0.0970578,0.0,0.9483256368885344,0.05167436311146556,snapshot_898.xyz,32,4000,16.757672110741936,4000,all,898
0.092182,0.0970578,0.0,0.9497639550865566,0.050236044913443356,snapshot_899.xyz,32,4000,16.757672110741936,4000,all,899
0.0909946,0.0965712,0.0,0.9422540053349239,0.05774599466507613,snapshot_900.xyz,32,4000,16.757672110741936,4000,all,900
0.0926008,0.0974052,0.0,0.950676144600083,0.049323855399917016,snapshot_901.xyz,32,4000,16.757672110741936,4000,all,901
0.0930194,0.0978915,0.0,0.9502295909246461,0.049770409075353905,snapshot_902.xyz,32,4000,16.757672110741936,4000,all,902
0.0916932,0.0974747,0.0,0.9406871731844264,0.059312826815573594,snapshot_903.xyz,32,4000,16.757672110741936,4000,all,903
0.0914138,0.097961,0.0,0.933165239227856,0.06683476077214401,snapshot_904.xyz,32,4000,16.757672110741936,4000,all,904
0.0917631,0.0967797,0.0,0.9481647494257577,0.05183525057424232,snapshot_905.xyz,32,4000,16.757672110741936,4000,all,905
0.091344,0.0970578,0.0,0.9411299246428416,0.05887007535715838,snapshot_906.xyz,32,4000,16.757672110741936,4000,all,906
0.0908548,0.0972663,0.0,0.9340830277290284,0.0659169722709716,snapshot_907.xyz,32,4000,16.757672110741936,4000,all,907
0.0911344,0.0969188,0.0,0.9403170489110473,0.05968295108895272,snapshot_908.xyz,32,4000,16.757672110741936,4000,all,908
0.0917631,0.0974052,0.0,0.9420759877296079,0.05792401227039212,snapshot_909.xyz,32,4000,16.757672110741936,4000,all,909
0.0916234,0.0978221,0.0,0.9366329285509103,0.0633670714490897,snapshot_910.xyz,32,4000,16.757672110741936,4000,all,910
0.0916234,0.0976137,0.0,0.9386325894828287,0.06136741051717132,snapshot_911.xyz,32,4000,16.757672110741936,4000,all,911
0.0921122,0.0980999,0.0,0.9389632405333747,0.061036759466625345,snapshot_912.xyz,32,4000,16.757672110741936,4000,all,912
0.0912741,0.0963626,0.0,0.9471942434097875,0.05280575659021247,snapshot_913.xyz,32,4000,16.757672110741936,4000,all,913
0.0917631,0.0978221,0.0,0.9380610311984715,0.06193896880152849,snapshot_914.xyz,32,4000,16.757672110741936,4000,all,914
0.092531,0.0969883,0.0,0.9540429103304213,0.04595708966957868,snapshot_915.xyz,32,4000,16.757672110741936,4000,all,915
0.0923914,0.0971273,0.0,0.9512402795094684,0.048759720490531566,snapshot_916.xyz,32,4000,16.757672110741936,4000,all,916
0.0919027,0.0972663,0.0,0.944856543324872,0.05514345667512799,snapshot_917.xyz,32,4000,16.757672110741936,4000,all,917
0.0917631,0.0981693,0.0,0.9347433464433382,0.06525665355666177,snapshot_918.xyz,32,4000,16.757672110741936,4000,all,918
0.0915535,0.0960148,0.0,0.9535352883097189,0.0464647116902811,snapshot_919.xyz,32,4000,16.757672110741936,4000,all,919
0.0916932,0.0969188,0.0,0.946082700157245,0.05391729984275495,snapshot_920.xyz,32,4000,16.757672110741936,4000,all,920
0.0919027,0.0971968,0.0,0.9455321574372819,0.05446784256271808,snapshot_921.xyz,32,4000,16.757672110741936,4000,all,921
0.0921122,0.0976137,0.0,0.9436400833079783,0.05635991669202167,snapshot_922.xyz,32,4000,16.757672110741936,4000,all,922
0.0912042,0.0969188,0.0,0.9410372394210411,0.058962760578958884,snapshot_923.xyz,32,4000,16.757672110741936,4000,all,923
0.0919726,0.0970578,0.0,0.9476064777895233,0.05239352221047666,snapshot_924.xyz,32,4000,16.757672110741936,4000,all,924
0.092531,0.0972663,0.0,0.9513161290189922,0.04868387098100779,snapshot_925.xyz,32,4000,16.757672110741936,4000,all,925
0.0915535,0.0965712,0.0,0.9480414450685091,0.05195855493149093,snapshot_926.xyz,32,4000,16.757672110741936,4000,all,926
0.0917631,0.0978221,0.0,0.9380610311984715,0.06193896880152849,snapshot_927.xyz,32,4000,16.757672110741936,4000,all,927
0.0909946,0.0974747,0.0,0.9335201852378104,0.06647981476218956,snapshot_928.xyz,32,4000,16.757672110741936,4000,all,928
0.0916932,0.0967797,0.0,0.9474424905222893,0.05255750947771065,snapshot_929.xyz,32,4000,16.757672110741936,4000,all,929
0.0926008,0.0974747,0.0,0.9499983072530616,0.05000169274693844,snapshot_930.xyz,32,4000,16.757672110741936,4000,all,930
0.0912042,0.0974052,0.0,0.9363381010459401,0.06366189895405994,snapshot_931.xyz,32,4000,16.757672110741936,4000,all,931
0.0916234,0.0971968,0.0,0.9426586060446434,0.057341393955356645,snapshot_932.xyz,32,4000,16.757672110741936,4000,all,932
0.0915535,0.0958756,0.0,0.9549197084555402,0.045080291544459805,snapshot_933.xyz,32,4000,16.757672110741936,4000,all,933
0.0919027,0.0973358,0.0,0.944181894020494,0.05581810597950598,snapshot_934.xyz,32,4000,16.757672110741936,4000,all,934
0.0900857,0.0970578,0.0,0.9281654848966286,0.07183451510337135,snapshot_935.xyz,32,4000,16.757672110741936,4000,all,935
0.0915535,0.0965016,0.0,0.9487252024836893,0.0512747975163107,snapshot_936.xyz,32,4000,16.757672110741936,4000,all,936
0.0915535,0.0975442,0.0,0.9385847646502816,0.06141523534971838,snapshot_937.xyz,32,4000,16.757672110741936,4000,all,937
0.0915535,0.0972663,0.0,0.9412663995649058,0.058733600435094235,snapshot_938.xyz,32,4000,16.757672110741936,4000,all,938
0.091344,0.0966407,0.0,0.9451918291154762,0.05480817088452383,snapshot_939.xyz,32,4000,16.757672110741936,4000,all,939
0.0917631,0.0967102,0.0,0.9488461403243919,0.05115385967560815,snapshot_940.xyz,32,4000,16.757672110741936,4000,all,940
0.0912042,0.0977526,0.0,0.933010477470676,0.066989522529324,snapshot_941.xyz,32,4000,16.757672110741936,4000,all,941
0.0922518,0.0969883,0.0,0.9511642125905908,0.04883578740940919,snapshot_942.xyz,32,4000,16.757672110741936,4000,all,942
0.0919726,0.0973358,0.0,0.9449000265061775,0.05509997349382245,snapshot_943.xyz,32,4000,16.757672110741936,4000,all,943
0.0919726,0.0968493,0.0,0.9496465126748465,0.050353487325153545,snapshot_944.xyz,32,4000,16.757672110741936,4000,all,944
0.0918329,0.0968493,0.0,0.9482040654914388,0.05179593450856124,snapshot_945.xyz,32,4000,16.757672110741936,4000,all,945
0.091344,0.0974052,0.0,0.9377733426962831,0.062226657303716904,snapshot_946.xyz,32,4000,16.757672110741936,4000,all,946
0.0914138,0.0974052,0.0,0.9384899368822199,0.06151006311778007,snapshot_947.xyz,32,4000,16.757672110741936,4000,all,947
0.0914138,0.0978221,0.0,0.934490263447626,0.06550973655237402,snapshot_948.xyz,32,4000,16.757672110741936,4000,all,948
0.0916932,0.0974747,0.0,0.9406871731844264,0.059312826815573594,snapshot_949.xyz,32,4000,16.757672110741936,4000,all,949
0.0916932,0.0971968,0.0,0.9433767366826892,0.056623263317310824,snapshot_950.xyz,32,4000,16.757672110741936,4000,all,950
0.091344,0.0975442,0.0,0.9364370203456484,0.06356297965435165,snapshot_951.xyz,32,4000,16.757672110741936,4000,all,951
0.0917631,0.0976831,0.0,0.9393958627439137,0.060604137256086266,snapshot_952.xyz,32,4000,16.757672110741936,4000,all,952
0.0917631,0.0970578,0.0,0.9454479701785946,0.05455202982140539,snapshot_953.xyz,32,4000,16.757672110741936,4000,all,953
0.0923216,0.0978221,0.0,0.9437703749970611,0.05622962500293893,snapshot_954.xyz,32,4000,16.757672110741936,4000,all,954
0.0934378,0.0976831,0.0,0.956540077045057,0.04345992295494305,snapshot_955.xyz,32,4000,16.757672110741936,4000,all,955
0.0908548,0.0978221,0.0,0.9287758083296106,0.0712241916703894,snapshot_956.xyz,32,4000,16.757672110741936,4000,all,956
0.092182,0.0977526,0.0,0.9430132804651744,0.05698671953482559,snapshot_957.xyz,32,4000,16.757672110741936,4000,all,957
0.0918329,0.0975442,0.0,0.9414491071739786,0.05855089282602144,snapshot_958.xyz,32,4000,16.757672110741936,4000,all,958
0.0908548,0.0974052,0.0,0.9327510235593172,0.06724897644068284,snapshot_959.xyz,32,4000,16.757672110741936,4000,all,959
0.0923216,0.0967797,0.0,0.9539355877317248,0.04606441226827518,snapshot_960.xyz,32,4000,16.757672110741936,4000,all,960
0.0919726,0.0964321,0.0,0.9537550255568426,0.04624497444315745,snapshot_961.xyz,32,4000,16.757672110741936,4000,all,961
0.092182,0.0972663,0.0,0.947728041469656,0.052271958530344054,snapshot_962.xyz,32,4000,16.757672110741936,4000,all,962
0.0914138,0.0968493,0.0,0.9438767239412159,0.05612327605878409,snapshot_963.xyz,32,4000,16.757672110741936,4000,all,963
0.0923216,0.0973358,0.0,0.9484855520784747,0.051514447921525264,snapshot_964.xyz,32,4000,16.757672110741936,4000,all,964
0.0922518,0.0968493,0.0,0.952529341977691,0.04747065802230899,snapshot_965.xyz,32,4000,16.757672110741936,4000,all,965
0.091344,0.0976831,0.0,0.9351054583648554,0.06489454163514463,snapshot_966.xyz,32,4000,16.757672110741936,4000,all,966
0.0920424,0.0969188,0.0,0.9496857162903378,0.05031428370966218,snapshot_967.xyz,32,4000,16.757672110741936,4000,all,967
0.0919027,0.097961,0.0,0.9381560008574841,0.061843999142515926,snapshot_968.xyz,32,4000,16.757672110741936,4000,all,968
0.0919726,0.0971968,0.0,0.9462513169157832,0.053748683084216764,snapshot_969.xyz,32,4000,16.757672110741936,4000,all,969
0.0916234,0.0969883,0.0,0.9446850805715741,0.055314919428425924,snapshot_970.xyz,32,4000,16.757672110741936,4000,all,970
0.0917631,0.0969883,0.0,0.9461254604936884,0.0538745395063116,snapshot_971.xyz,32,4000,16.757672110741936,4000,all,971
0.0914138,0.0975442,0.0,0.9371525933884332,0.06284740661156685,snapshot_972.xyz,32,4000,16.757672110741936,4000,all,972
0.0914138,0.0969188,0.0,0.9431998745341461,0.05680012546585389,snapshot_973.xyz,32,4000,16.757672110741936,4000,all,973
0.0916234,0.0973358,0.0,0.9413124461914321,0.05868755380856794,snapshot_974.xyz,32,4000,16.757672110741936,4000,all,974
0.0914138,0.0965016,0.0,0.9472775580923011,0.052722441907698925,snapshot_975.xyz,32,4000,16.757672110741936,4000,all,975
0.0912042,0.0964321,0.0,0.9457867245450425,0.054213275454957466,snapshot_976.xyz,32,4000,16.757672110741936,4000,all,976
0.0919027,0.0968493,0.0,0.94892477281715,0.05107522718284996,snapshot_977.xyz,32,4000,16.757672110741936,4000,all,977
0.0926008,0.0976831,0.0,0.9479715529093569,0.05202844709064314,snapshot_978.xyz,32,4000,16.757672110741936,4000,all,978
0.092182,0.0976137,0.0,0.944355146869753,0.05564485313024703,snapshot_979.xyz,32,4000,16.757672110741936,4000,all,979
0.0919027,0.0970578,0.0,0.9468862883766168,0.053113711623383186,snapshot_980.xyz,32,4000,16.757672110741936,4000,all,980
0.0920424,0.0970578,0.0,0.9483256368885344,0.05167436311146556,snapshot_981.xyz,32,4000,16.757672110741936,4000,all,981
0.0910645,0.0968493,0.0,0.9402700897167042,0.05972991028329577,snapshot_982.xyz,32,4000,16.757672110741936,4000,all,982
0.0914837,0.0975442,0.0,0.9378691916074969,0.06213080839250307,snapshot_983.xyz,32,4000,16.757672110741936,4000,all,983
0.092182,0.0973358,0.0,0.9470513418495559,0.05294865815044414,snapshot_984.xyz,32,4000,16.757672110741936,4000,all,984
0.0916234,0.0975442,0.0,0.9393013628693453,0.06069863713065471,snapshot_985.xyz,32,4000,16.757672110741936,4000,all,985
0.0919726,0.0969188,0.0,0.948965525780344,0.05103447421965601,snapshot_986.xyz,32,4000,16.757672110741936,4000,all,986
0.0912042,0.0969883,0.0,0.940362909753032,0.05963709024696795,snapshot_987.xyz,32,4000,16.757672110741936,4000,all,987
0.0916234,0.0971273,0.0,0.9433331308499258,0.05666686915007424,snapshot_988.xyz,32,4000,16.757672110741936,4000,all,988
0.0923216,0.0972663,0.0,0.9491632764893905,0.05083672351060953,snapshot_989.xyz,32,4000,16.757672110741936,4000,all,989
0.0916234,0.0971273,0.0,0.9433331308499258,0.05666686915007424,snapshot_990.xyz,32,4000,16.757672110741936,4000,all,990
0.0930194,0.0975442,0.0,0.9536128237250395,0.04638717627496047,snapshot_991.xyz,32,4000,16.757672110741936,4000,all,991
0.0918329,0.0974052,0.0,0.9427925819155445,0.05720741808445551,snapshot_992.xyz,32,4000,16.757672110741936,4000,all,992
0.0912042,0.0964321,0.0,0.9457867245450425,0.054213275454957466,snapshot_993.xyz,32,4000,16.757672110741936,4000,all,993
0.0920424,0.0978221,0.0,0.9409162142297088,0.059083785770291164,snapshot_994.xyz,32,4000,16.757672110741936,4000,all,994
0.0917631,0.0974052,0.0,0.9420759877296079,0.05792401227039212,snapshot_995.xyz,32,4000,16.757672110741936,4000,all,995
0.0924612,0.0965016,0.0,0.9581312641448431,0.041868735855156936,snapshot_996.xyz,32,4000,16.757672110741936,4000,all,996
0.0919726,0.0968493,0.0,0.9496465126748465,0.050353487325153545,snapshot_997.xyz,32,4000,16.757672110741936,4000,all,997
0.0916932,0.0967102,0.0,0.9481233623754268,0.051876637624573174,snapshot_998.xyz,32,4000,16.757672110741936,4000,all,998
0.0914837,0.0968493,0.0,0.9445984637989123,0.055401536201087676,snapshot_999.xyz,32,4000,16.757672110741936,4000,all,999
0.0921122,0.0965712,0.0,0.9538268137912753,0.04617318620872468,snapshot_1000.xyz,32,4000,16.757672110741936,4000,all,1000
0.0919726,0.0974052,0.0,0.9442267969266528,0.05577320307334721,snapshot_1001.xyz,32,4000,16.757672110741936,4000,all,1001
0.0930891,0.0972663,0.0,0.9570539847819851,0.04294601521801489,snapshot_1002.xyz,32,4000,16.757672110741936,4000,all,1002
0.0917631,0.0974747,0.0,0.9414042823419821,0.058595717658017854,snapshot_1003.xyz,32,4000,16.757672110741936,4000,all,1003
0.0926008,0.0973358,0.0,0.9513539725363124,0.048646027463687624,snapshot_1004.xyz,32,4000,16.757672110741936,4000,all,1004
0.0921122,0.0974052,0.0,0.9456599852985262,0.05434001470147376,snapshot_1005.xyz,32,4000,16.757672110741936,4000,all,1005
0.0916234,0.0971273,0.0,0.9433331308499258,0.05666686915007424,snapshot_1006.xyz,32,4000,16.757672110741936,4000,all,1006
0.0920424,0.0971968,0.0,0.946969447553829,0.05303055244617105,snapshot_1007.xyz,32,4000,16.757672110741936,4000,all,1007
0.0923216,0.0968493,0.0,0.9532500493034023,0.04674995069659771,snapshot_1008.xyz,32,4000,16.757672110741936,4000,all,1008
0.0919726,0.0978221,0.0,0.9402026740378708,0.059797325962129166,snapshot_1009.xyz,32,4000,16.757672110741936,4000,all,1009
0.0922518,0.0973358,0.0,0.9477684469640152,0.05223155303598481,snapshot_1010.xyz,32,4000,16.757672110741936,4000,all,1010
0.0916932,0.0971968,0.0,0.9433767366826892,0.056623263317310824,snapshot_1011.xyz,32,4000,16.757672110741936,4000,all,1011
0.0919726,0.0971968,0.0,0.9462513169157832,0.053748683084216764,snapshot_1012.xyz,32,4000,16.757672110741936,4000,all,1012
0.0910645,0.0968493,0.0,0.9402700897167042,0.05972991028329577,snapshot_1013.xyz,32,4000,16.757672110741936,4000,all,1013
0.0916932,0.0967102,0.0,0.9481233623754268,0.051876637624573174,snapshot_1014.xyz,32,4000,16.757672110741936,4000,all,1014
0.092182,0.0969188,0.0,0.9511260973103257,0.04887390268967429,snapshot_1015.xyz,32,4000,16.757672110741936,4000,all,1015
0.0924612,0.0967102,0.0,0.956064613660193,0.04393538633980698,snapshot_1016.xyz,32,4000,16.757672110741936,4000,all,1016
0.0918329,0.0968493,0.0,0.9482040654914388,0.05179593450856124,snapshot_1017.xyz,32,4000,16.757672110741936,4000,all,1017
0.092182,0.0971968,0.0,0.9484057088299204,0.05159429117007963,snapshot_1018.xyz,32,4000,16.757672110741936,4000,all,1018
0.0908548,0.0965712,0.0,0.9408063687724705,0.05919363122752952,snapshot_1019.xyz,32,4000,16.757672110741936,4000,all,1019
0.0916234,0.097961,0.0,0.935304866222272,0.06469513377772795,snapshot_1020.xyz,32,4000,16.757672110741936,4000,all,1020
0.0918329,0.0973358,0.0,0.9434647889060345,0.05653521109396553,snapshot_1021.xyz,32,4000,16.757672110741936,4000,all,1021
0.0915535,0.0969883,0.0,0.9439643750844173,0.05603562491558267,snapshot_1022.xyz,32,4000,16.757672110741936,4000,all,1022
0.0916234,0.0965712,0.0,0.9487652633497358,0.051234736650264234,snapshot_1023.xyz,32,4000,16.757672110741936,4000,all,1023
0.0921122,0.0973358,0.0,0.9463342367350965,0.053665763264903465,snapshot_1024.xyz,32,4000,16.757672110741936,4000,all,1024
0.0923216,0.0982387,0.0,0.9397681361825839,0.060231863817416076,snapshot_1025.xyz,32,4000,16.757672110741936,4000,all,1025
0.0914837,0.0974052,0.0,0.9392075577073914,0.060792442292608606,snapshot_1026.xyz,32,4000,16.757672110741936,4000,all,1026
0.0929496,0.0971968,0.0,0.9563030881675116,0.04369691183248836,snapshot_1027.xyz,32,4000,16.757672110741936,4000,all,1027
0.0922518,0.0973358,0.0,0.9477684469640152,0.05223155303598481,snapshot_1028.xyz,32,4000,16.757672110741936,4000,all,1028
0.0923216,0.0976137,0.0,0.9457852739933023,0.054214726006697744,snapshot_1029.xyz,32,4000,16.757672110741936,4000,all,1029
0.0919726,0.0971968,0.0,0.9462513169157832,0.053748683084216764,snapshot_1030.xyz,32,4000,16.757672110741936,4000,all,1030
0.0916932,0.0965016,0.0,0.9501728468750776,0.04982715312492236,snapshot_1031.xyz,32,4000,16.757672110741936,4000,all,1031
0.0922518,0.0978221,0.0,0.943056834805223,0.056943165194777046,snapshot_1032.xyz,32,4000,16.757672110741936,4000,all,1032
0.0921122,0.0962235,0.0,0.957273431126492,0.04272656887350801,snapshot_1033.xyz,32,4000,16.757672110741936,4000,all,1033
0.0919027,0.0980999,0.0,0.9368276624135193,0.06317233758648066,snapshot_1034.xyz,32,4000,16.757672110741936,4000,all,1034
0.0916932,0.0969883,0.0,0.9454047550065318,0.05459524499346824,snapshot_1035.xyz,32,4000,16.757672110741936,4000,all,1035
0.0916932,0.0974052,0.0,0.9413583669044364,0.05864163309556358,snapshot_1036.xyz,32,4000,16.757672110741936,4000,all,1036
0.0918329,0.0971968,0.0,0.9448140267992361,0.055185973200763905,snapshot_1037.xyz,32,4000,16.757672110741936,4000,all,1037
0.0919027,0.0971968,0.0,0.9455321574372819,0.05446784256271808,snapshot_1038.xyz,32,4000,16.757672110741936,4000,all,1038
0.0923216,0.0975442,0.0,0.9464591436497506,0.05354085635024941,snapshot_1039.xyz,32,4000,16.757672110741936,4000,all,1039
0.0918329,0.0972663,0.0,0.9441389258150047,0.05586107418499531,snapshot_1040.xyz,32,4000,16.757672110741936,4000,all,1040
0.0919027,0.0971968,0.0,0.9455321574372819,0.05446784256271808,snapshot_1041.xyz,32,4000,16.757672110741936,4000,all,1041
0.0921122,0.0971273,0.0,0.9483657015071973,0.051634298492802655,snapshot_1042.xyz,32,4000,16.757672110741936,4000,all,1042
0.0924612,0.0968493,0.0,0.9546914639548246,0.045308536045175374,snapshot_1043.xyz,32,4000,16.757672110741936,4000,all,1043
0.0914138,0.0975442,0.0,0.9371525933884332,0.06284740661156685,snapshot_1044.xyz,32,4000,16.757672110741936,4000,all,1044
0.0910645,0.0978221,0.0,0.9309194956967803,0.06908050430321966,snapshot_1045.xyz,32,4000,16.757672110741936,4000,all,1045
0.0929496,0.0971968,0.0,0.9563030881675116,0.04369691183248836,snapshot_1046.xyz,32,4000,16.757672110741936,4000,all,1046
0.092182,0.0969883,0.0,0.9504445381556332,0.049555461844366766,snapshot_1047.xyz,32,4000,16.757672110741936,4000,all,1047
0.0918329,0.0973358,0.0,0.9434647889060345,0.05653521109396553,snapshot_1048.xyz,32,4000,16.757672110741936,4000,all,1048
0.092182,0.0973358,0.0,0.9470513418495559,0.05294865815044414,snapshot_1049.xyz,32,4000,16.757672110741936,4000,all,1049
0.091344,0.0970578,0.0,0.9411299246428416,0.05887007535715838,snapshot_1050.xyz,32,4000,16.757672110741936,4000,all,1050
0.0919027,0.0974052,0.0,0.9435091761014813,0.05649082389851867,snapshot_1051.xyz,32,4000,16.757672110741936,4000,all,1051
0.0929496,0.0964321,0.0,0.9638865066715335,0.03611349332846647,snapshot_1052.xyz,32,4000,16.757672110741936,4000,all,1052
0.0919027,0.0971968,0.0,0.9455321574372819,0.05446784256271808,snapshot_1053.xyz,32,4000,16.757672110741936,4000,all,1053
0.0923216,0.0974747,0.0,0.9471339742517803,0.05286602574821975,snapshot_1054.xyz,32,4000,16.757672110741936,4000,all,1054
0.0921122,0.0978221,0.0,0.941629754421547,0.05837024557845305,snapshot_1055.xyz,32,4000,16.757672110741936,4000,all,1055
0.0909946,0.0964321,0.0,0.9436131744512459,0.05638682554875407,snapshot_1056.xyz,32,4000,16.757672110741936,4000,all,1056
0.0908548,0.0969883,0.0,0.9367604133694477,0.06323958663055229,snapshot_1057.xyz,32,4000,16.757672110741936,4000,all,1057
0.0916932,0.0971968,0.0,0.9433767366826892,0.056623263317310824,snapshot_1058.xyz,32,4000,16.757672110741936,4000,all,1058
0.0919027,0.097961,0.0,0.9381560008574841,0.061843999142515926,snapshot_1059.xyz,32,4000,16.757672110741936,4000,all,1059
0.0923216,0.0976831,0.0,0.9451133307603875,0.054886669239612496,snapshot_1060.xyz,32,4000,16.757672110741936,4000,all,1060
0.0919726,0.0966407,0.0,0.9516963349810174,0.048303665018982644,snapshot_1061.xyz,32,4000,16.757672110741936,4000,all,1061
0.0921122,0.0974747,0.0,0.9449857245008193,0.0550142754991807,snapshot_1062.xyz,32,4000,16.757672110741936,4000,all,1062
0.092182,0.0974052,0.0,0.9463765794844629,0.053623420515537146,snapshot_1063.xyz,32,4000,16.757672110741936,4000,all,1063
0.0919726,0.0976831,0.0,0.9415405530741756,0.05845944692582439,snapshot_1064.xyz,32,4000,16.757672110741936,4000,all,1064
0.0916932,0.0971273,0.0,0.9440517753504937,0.05594822464950633,snapshot_1065.xyz,32,4000,16.757672110741936,4000,all,1065
0.0914138,0.0967102,0.0,0.9452343186137554,0.0547656813862446,snapshot_1066.xyz,32,4000,16.757672110741936,4000,all,1066
0.0912741,0.0971968,0.0,0.939064866333048,0.060935133666952024,snapshot_1067.xyz,32,4000,16.757672110741936,4000,all,1067
0.0914138,0.0970578,0.0,0.9418490837418528,0.05815091625814717,snapshot_1068.xyz,32,4000,16.757672110741936,4000,all,1068
0.0918329,0.0974052,0.0,0.9427925819155445,0.05720741808445551,snapshot_1069.xyz,32,4000,16.757672110741936,4000,all,1069
0.092531,0.0974747,0.0,0.9492822240027413,0.050717775997258685,snapshot_1070.xyz,32,4000,16.757672110741936,4000,all,1070
0.0919027,0.0968493,0.0,0.94892477281715,0.05107522718284996,snapshot_1071.xyz,32,4000,16.757672110741936,4000,all,1071
0.0923216,0.0969188,0.0,0.9525664783303137,0.047433521669686285,snapshot_1072.xyz,32,4000,16.757672110741936,4000,all,1072
0.0916234,0.0970578,0.0,0.9440086216666769,0.05599137833332313,snapshot_1073.xyz,32,4000,16.757672110741936,4000,all,1073
0.092182,0.0969188,0.0,0.9511260973103257,0.04887390268967429,snapshot_1074.xyz,32,4000,16.757672110741936,4000,all,1074
0.0917631,0.0974747,0.0,0.9414042823419821,0.058595717658017854,snapshot_1075.xyz,32,4000,16.757672110741936,4000,all,1075
0.0912741,0.0967102,0.0,0.9437897967329196,0.05621020326708037,snapshot_1076.xyz,32,4000,16.757672110741936,4000,all,1076
0.091344,0.0975442,0.0,0.9364370203456484,0.06356297965435165,snapshot_1077.xyz,32,4000,16.757672110741936,4000,all,1077
0.0917631,0.0971273,0.0,0.9447714494277099,0.05522855057229015,snapshot_1078.xyz,32,4000,16.757672110741936,4000,all,1078
0.0923216,0.0972663,0.0,0.9491632764893905,0.05083672351060953,snapshot_1079.xyz,32,4000,16.757672110741936,4000,all,1079
0.0915535,0.0970578,0.0,0.9432884322537703,0.05671156774622965,snapshot_1080.xyz,32,4000,16.757672110741936,4000,all,1080
0.0923914,0.0969883,0.0,0.9526035614605061,0.047396438539493935,snapshot_1081.xyz,32,4000,16.757672110741936,4000,all,1081
0.0919027,0.0975442,0.0,0.9421646802167634,0.05783531978323664,snapshot_1082.xyz,32,4000,16.757672110741936,4000,all,1082
0.0912042,0.0970578,0.0,0.9396895458170286,0.06031045418297143,snapshot_1083.xyz,32,4000,16.757672110741936,4000,all,1083
0.0922518,0.0976137,0.0,0.9450702104315275,0.0549297895684725,snapshot_1084.xyz,32,4000,16.757672110741936,4000,all,1084
0.0919726,0.0973358,0.0,0.9449000265061775,0.05509997349382245,snapshot_1085.xyz,32,4000,16.757672110741936,4000,all,1085
0.0914138,0.0977526,0.0,0.9351546659628491,0.06484533403715087,snapshot_1086.xyz,32,4000,16.757672110741936,4000,all,1086
0.0918329,0.0974747,0.0,0.9421203655923024,0.05787963440769761,snapshot_1087.xyz,32,4000,16.757672110741936,4000,all,1087
0.0909946,0.0973358,0.0,0.9348523359339523,0.06514766406604766,snapshot_1088.xyz,32,4000,16.757672110741936,4000,all,1088
0.0921122,0.0977526,0.0,0.9422992329615786,0.05770076703842142,snapshot_1089.xyz,32,4000,16.757672110741936,4000,all,1089
0.0909247,0.0978221,0.0,0.9294903707853338,0.07050962921466619,snapshot_1090.xyz,32,4000,16.757672110741936,4000,all,1090
0.0922518,0.0966407,0.0,0.9545853869022057,0.045414613097794265,snapshot_1091.xyz,32,4000,16.757672110741936,4000,all,1091
0.0926008,0.0976137,0.0,0.9486455282404007,0.051354471759599285,snapshot_1092.xyz,32,4000,16.757672110741936,4000,all,1092
0.0916932,0.0967102,0.0,0.9481233623754268,0.051876637624573174,snapshot_1093.xyz,32,4000,16.757672110741936,4000,all,1093
0.0924612,0.0978915,0.0,0.9445273593723662,0.055472640627633796,snapshot_1094.xyz,32,4000,16.757672110741936,4000,all,1094
0.0922518,0.0974052,0.0,0.9470931736703995,0.05290682632960053,snapshot_1095.xyz,32,4000,16.757672110741936,4000,all,1095
0.0930891,0.0969188,0.0,0.960485478565562,0.03951452143443801,snapshot_1096.xyz,32,4000,16.757672110741936,4000,all,1096
0.092182,0.0978915,0.0,0.9416752220570733,0.058324777942926676,snapshot_1097.xyz,32,4000,16.757672110741936,4000,all,1097
0.0921122,0.0975442,0.0,0.9443124245213965,0.05568757547860348,snapshot_1098.xyz,32,4000,16.757672110741936,4000,all,1098
0.0930891,0.0971968,0.0,0.9577383206031473,0.04226167939685266,snapshot_1099.xyz,32,4000,16.757672110741936,4000,all,1099
0.0909946,0.0969883,0.0,0.938201824343761,0.06179817565623902,snapshot_1100.xyz,32,4000,16.757672110741936,4000,all,1100
0.092182,0.0969188,0.0,0.9511260973103257,0.04887390268967429,snapshot_1101.xyz,32,4000,16.757672110741936,4000,all,1101
0.0916932,0.0977526,0.0,0.9380129019586181,0.061987098041381916,snapshot_1102.xyz,32,4000,16.757672110741936,4000,all,1102
0.0909247,0.0976137,0.0,0.9314747827405374,0.06852521725946259,snapshot_1103.xyz,32,4000,16.757672110741936,4000,all,1103
0.0919027,0.0971968,0.0,0.9455321574372819,0.05446784256271808,snapshot_1104.xyz,32,4000,16.757672110741936,4000,all,1104
0.0919726,0.0974052,0.0,0.9442267969266528,0.05577320307334721,snapshot_1105.xyz,32,4000,16.757672110741936,4000,all,1105
0.0920424,0.0973358,0.0,0.945617131620637,0.054382868379363014,snapshot_1106.xyz,32,4000,16.757672110741936,4000,all,1106
0.0914837,0.0981693,0.0,0.931897242824386,0.06810275717561398,snapshot_1107.xyz,32,4000,16.757672110741936,4000,all,1107
0.0924612,0.0976831,0.0,0.9465424418348721,0.05345755816512787,snapshot_1108.xyz,32,4000,16.757672110741936,4000,all,1108
0.0916932,0.0977526,0.0,0.9380129019586181,0.061987098041381916,snapshot_1109.xyz,32,4000,16.757672110741936,4000,all,1109
0.0912042,0.0976137,0.0,0.9343381103267266,0.06566188967327335,snapshot_1110.xyz,32,4000,16.757672110741936,4000,all,1110
0.0920424,0.0970578,0.0,0.9483256368885344,0.05167436311146556,snapshot_1111.xyz,32,4000,16.757672110741936,4000,all,1111
0.0920424,0.0974052,0.0,0.9449433911125895,0.055056608887410485,snapshot_1112.xyz,32,4000,16.757672110741936,4000,all,1112
0.0921122,0.0960148,0.0,0.9593541828968035,0.04064581710319648,snapshot_1113.xyz,32,4000,16.757672110741936,4000,all,1113
0.0918329,0.0969883,0.0,0.946845134928646,0.05315486507135403,snapshot_1114.xyz,32,4000,16.757672110741936,4000,all,1114
0.0914837,0.0976137,0.0,0.937201437912916,0.06279856208708401,snapshot_1115.xyz,32,4000,16.757672110741936,4000,all,1115
0.0919027,0.0969883,0.0,0.9475648093636037,0.052435190636396345,snapshot_1116.xyz,32,4000,16.757672110741936,4000,all,1116
0.0919726,0.0967797,0.0,0.9503294595870829,0.049670540412917075,snapshot_1117.xyz,32,4000,16.757672110741936,4000,all,1117
0.092182,0.0976831,0.0,0.9436842196859028,0.05631578031409723,snapshot_1118.xyz,32,4000,16.757672110741936,4000,all,1118
0.0919027,0.0968493,0.0,0.94892477281715,0.05107522718284996,snapshot_1119.xyz,32,4000,16.757672110741936,4000,all,1119
0.092182,0.0978221,0.0,0.942343294613385,0.05765670538661505,snapshot_1120.xyz,32,4000,16.757672110741936,4000,all,1120
0.0918329,0.0976831,0.0,0.9401104182811562,0.05988958171884384,snapshot_1121.xyz,32,4000,16.757672110741936,4000,all,1121
0.0919726,0.0972663,0.0,0.9455751889400543,0.05442481105994568,snapshot_1122.xyz,32,4000,16.757672110741936,4000,all,1122
0.0918329,0.0971273,0.0,0.9454900939282775,0.05450990607172246,snapshot_1123.xyz,32,4000,16.757672110741936,4000,all,1123
0.0922518,0.0968493,0.0,0.952529341977691,0.04747065802230899,snapshot_1124.xyz,32,4000,16.757672110741936,4000,all,1124
0.0916234,0.0969883,0.0,0.9446850805715741,0.055314919428425924,snapshot_1125.xyz,32,4000,16.757672110741936,4000,all,1125
0.0918329,0.0969188,0.0,0.9475241129687945,0.05247588703120554,snapshot_1126.xyz,32,4000,16.757672110741936,4000,all,1126
0.0924612,0.0978915,0.0,0.9445273593723662,0.055472640627633796,snapshot_1127.xyz,32,4000,16.757672110741936,4000,all,1127
0.0923914,0.0967102,0.0,0.9553428697283224,0.044657130271677614,snapshot_1128.xyz,32,4000,16.757672110741936,4000,all,1128
0.0919027,0.0974747,0.0,0.9428364488426229,0.057163551157377146,snapshot_1129.xyz,32,4000,16.757672110741936,4000,all,1129
0.0919027,0.0967102,0.0,0.9502896281881332,0.04971037181186677,snapshot_1130.xyz,32,4000,16.757672110741936,4000,all,1130
0.092531,0.0975442,0.0,0.9486058627781048,0.05139413722189523,snapshot_1131.xyz,32,4000,16.757672110741936,4000,all,1131
0.092531,0.0974052,0.0,0.9499595504141464,0.05004044958585363,snapshot_1132.xyz,32,4000,16.757672110741936,4000,all,1132
0.0928799,0.0977526,0.0,0.9501527325104396,0.049847267489560365,snapshot_1133.xyz,32,4000,16.757672110741936,4000,all,1133
0.0912741,0.0965712,0.0,0.9451482429544212,0.054851757045578764,snapshot_1134.xyz,32,4000,16.757672110741936,4000,all,1134
0.0914138,0.0970578,0.0,0.9418490837418528,0.05815091625814717,snapshot_1135.xyz,32,4000,16.757672110741936,4000,all,1135
0.0911344,0.0972663,0.0,0.9369576101897574,0.06304238981024257,snapshot_1136.xyz,32,4000,16.757672110741936,4000,all,1136
0.0919726,0.0971273,0.0,0.9469284125060616,0.053071587493938366,snapshot_1137.xyz,32,4000,16.757672110741936,4000,all,1137
0.0923216,0.0965712,0.0,0.955995162118727,0.04400483788127296,snapshot_1138.xyz,32,4000,16.757672110741936,4000,all,1138
0.0922518,0.0971273,0.0,0.9498029905083328,0.050197009491667166,snapshot_1139.xyz,32,4000,16.757672110741936,4000,all,1139
0.0922518,0.0972663,0.0,0.9484456589795232,0.051554341020476846,snapshot_1140.xyz,32,4000,16.757672110741936,4000,all,1140
0.0924612,0.0975442,0.0,0.94789028973532,0.05210971026468003,snapshot_1141.xyz,32,4000,16.757672110741936,4000,all,1141
0.0914138,0.0971968,0.0,0.9405021564495951,0.05949784355040488,snapshot_1142.xyz,32,4000,16.757672110741936,4000,all,1142
0.0921122,0.0974747,0.0,0.9449857245008193,0.0550142754991807,snapshot_1143.xyz,32,4000,16.757672110741936,4000,all,1143
0.0917631,0.0967797,0.0,0.9481647494257577,0.05183525057424232,snapshot_1144.xyz,32,4000,16.757672110741936,4000,all,1144
0.0912042,0.0971273,0.0,0.9390171455399254,0.060982854460074565,snapshot_1145.xyz,32,4000,16.757672110741936,4000,all,1145
0.0922518,0.0977526,0.0,0.9437273279687701,0.056272672031229876,snapshot_1146.xyz,32,4000,16.757672110741936,4000,all,1146
0.0919027,0.0974747,0.0,0.9428364488426229,0.057163551157377146,snapshot_1147.xyz,32,4000,16.757672110741936,4000,all,1147
0.092531,0.0977526,0.0,0.9465835179831534,0.05341648201684657,snapshot_1148.xyz,32,4000,16.757672110741936,4000,all,1148
0.0915535,0.0973358,0.0,0.9405943137057485,0.05940568629425147,snapshot_1149.xyz,32,4000,16.757672110741936,4000,all,1149
0.0917631,0.0969188,0.0,0.9468039224588005,0.05319607754119948,snapshot_1150.xyz,32,4000,16.757672110741936,4000,all,1150
0.0912741,0.0968493,0.0,0.9424342767578082,0.05756572324219178,snapshot_1151.xyz,32,4000,16.757672110741936,4000,all,1151
0.0916932,0.0965016,0.0,0.9501728468750776,0.04982715312492236,snapshot_1152.xyz,32,4000,16.757672110741936,4000,all,1152
0.091344,0.0965712,0.0,0.9458720612356479,0.05412793876435207,snapshot_1153.xyz,32,4000,16.757672110741936,4000,all,1153
0.0918329,0.0974747,0.0,0.9421203655923024,0.05787963440769761,snapshot_1154.xyz,32,4000,16.757672110741936,4000,all,1154
0.0919027,0.0971968,0.0,0.9455321574372819,0.05446784256271808,snapshot_1155.xyz,32,4000,16.757672110741936,4000,all,1155
0.0921122,0.0977526,0.0,0.9422992329615786,0.05770076703842142,snapshot_1156.xyz,32,4000,16.757672110741936,4000,all,1156
0.0920424,0.0968493,0.0,0.9503672200005575,0.04963277999944249,snapshot_1157.xyz,32,4000,16.757672110741936,4000,all,1157
0.0916932,0.0972663,0.0,0.9427026626899553,0.057297337310044716,snapshot_1158.xyz,32,4000,16.757672110741936,4000,all,1158
0.091344,0.0971968,0.0,0.9397840258115493,0.060215974188450705,snapshot_1159.xyz,32,4000,16.757672110741936,4000,all,1159
0.0911344,0.0973358,0.0,0.9362886009053195,0.06371139909468049,snapshot_1160.xyz,32,4000,16.757672110741936,4000,all,1160
0.0915535,0.0972663,0.0,0.9412663995649058,0.058733600435094235,snapshot_1161.xyz,32,4000,16.757672110741936,4000,all,1161
0.0917631,0.0962235,0.0,0.9536454192582893,0.04635458074171073,snapshot_1162.xyz,32,4000,16.757672110741936,4000,all,1162
0.0916932,0.0975442,0.0,0.9400169359121301,0.05998306408786991,snapshot_1163.xyz,32,4000,16.757672110741936,4000,all,1163
0.0921122,0.0972663,0.0,0.9470104239597888,0.05298957604021115,snapshot_1164.xyz,32,4000,16.757672110741936,4000,all,1164
0.0922518,0.0971273,0.0,0.9498029905083328,0.050197009491667166,snapshot_1165.xyz,32,4000,16.757672110741936,4000,all,1165
0.092531,0.0968493,0.0,0.9554121712805359,0.044587828719464095,snapshot_1166.xyz,32,4000,16.757672110741936,4000,all,1166
0.0926008,0.0966407,0.0,0.9581967018036914,0.04180329819630857,snapshot_1167.xyz,32,4000,16.757672110741936,4000,all,1167
0.0921122,0.0977526,0.0,0.9422992329615786,0.05770076703842142,snapshot_1168.xyz,32,4000,16.757672110741936,4000,all,1168
0.0914837,0.0976831,0.0,0.9365355931578748,0.06346440684212518,snapshot_1169.xyz,32,4000,16.757672110741936,4000,all,1169
0.0923914,0.0973358,0.0,0.9492026571929342,0.050797342807065826,snapshot_1170.xyz,32,4000,16.757672110741936,4000,all,1170
0.0921122,0.0974747,0.0,0.9449857245008193,0.0550142754991807,snapshot_1171.xyz,32,4000,16.757672110741936,4000,all,1171
0.0921122,0.0976137,0.0,0.9436400833079783,0.05635991669202167,snapshot_1172.xyz,32,4000,16.757672110741936,4000,all,1172
0.0909247,0.0969188,0.0,0.9381533820063805,0.06184661799361946,snapshot_1173.xyz,32,4000,16.757672110741936,4000,all,1173
0.0919726,0.0967797,0.0,0.9503294595870829,0.049670540412917075,snapshot_1174.xyz,32,4000,16.757672110741936,4000,all,1174
0.0916234,0.0970578,0.0,0.9440086216666769,0.05599137833332313,snapshot_1175.xyz,32,4000,16.757672110741936,4000,all,1175
0.0914138,0.0969188,0.0,0.9431998745341461,0.05680012546585389,snapshot_1176.xyz,32,4000,16.757672110741936,4000,all,1176
0.0916932,0.0971273,0.0,0.9440517753504937,0.05594822464950633,snapshot_1177.xyz,32,4000,16.757672110741936,4000,all,1177
0.0915535,0.0966407,0.0,0.9473596528170843,0.05264034718291566,snapshot_1178.xyz,32,4000,16.757672110741936,4000,all,1178
0.0909946,0.0970578,0.0,0.9375300078922044,0.06246999210779558,snapshot_1179.xyz,32,4000,16.757672110741936,4000,all,1179
0.0928101,0.0976137,0.0,0.9507896944793611,0.049210305520638875,snapshot_1180.xyz,32,4000,16.757672110741936,4000,all,1180
0.0922518,0.0971273,0.0,0.9498029905083328,0.050197009491667166,snapshot_1181.xyz,32,4000,16.757672110741936,4000,all,1181
0.0918329,0.0968493,0.0,0.9482040654914388,0.05179593450856124,snapshot_1182.xyz,32,4000,16.757672110741936,4000,all,1182
0.0916234,0.0969188,0.0,0.945362509647251,0.05463749035274901,snapshot_1183.xyz,32,4000,16.757672110741936,4000,all,1183
0.0914138,0.0972663,0.0,0.9398301364398564,0.060169863560143644,snapshot_1184.xyz,32,4000,16.757672110741936,4000,all,1184
0.0927403,0.0974052,0.0,0.9521083063327215,0.04789169366727852,snapshot_1185.xyz,32,4000,16.757672110741936,4000,all,1185
0.0919027,0.0978221,0.0,0.9394881115821476,0.06051188841785238,snapshot_1186.xyz,32,4000,16.757672110741936,4000,all,1186
0.0917631,0.0974747,0.0,0.9414042823419821,0.058595717658017854,snapshot_1187.xyz,32,4000,16.757672110741936,4000,all,1187
0.092182,0.0978915,0.0,0.9416752220570733,0.058324777942926676,snapshot_1188.xyz,32,4000,16.757672110741936,4000,all,1188
0.0919726,0.0969188,0.0,0.948965525780344,0.05103447421965601,snapshot_1189.xyz,32,4000,16.757672110741936,4000,all,1189
0.0910645,0.0973358,0.0,0.935570468419636,0.06442953158036402,snapshot_1190.xyz,32,4000,16.757672110741936,4000,all,1190
0.0914837,0.0980304,0.0,0.9332176549315314,0.06678234506846858,snapshot_1191.xyz,32,4000,16.757672110741936,4000,all,1191
0.0928799,0.0976137,0.0,0.9515047580411357,0.048495241958864344,snapshot_1192.xyz,32,4000,16.757672110741936,4000,all,1192
0.0918329,0.0970578,0.0,0.9461671292776057,0.05383287072239429,snapshot_1193.xyz,32,4000,16.757672110741936,4000,all,1193
0.0914138,0.0972663,0.0,0.9398301364398564,0.060169863560143644,snapshot_1194.xyz,32,4000,16.757672110741936,4000,all,1194
0.092531,0.0977526,0.0,0.9465835179831534,0.05341648201684657,snapshot_1195.xyz,32,4000,16.757672110741936,4000,all,1195
0.0917631,0.0976137,0.0,0.9400637410527416,0.0599362589472584,snapshot_1196.xyz,32,4000,16.757672110741936,4000,all,1196
0.0909247,0.0971273,0.0,0.936139478807709,0.06386052119229102,snapshot_1197.xyz,32,4000,16.757672110741936,4000,all,1197
0.0919726,0.0975442,0.0,0.942881278435827,0.05711872156417297,snapshot_1198.xyz,32,4000,16.757672110741936,4000,all,1198
0.092531,0.0975442,0.0,0.9486058627781048,0.05139413722189523,snapshot_1199.xyz,32,4000,16.757672110741936,4000,all,1199
0.091344,0.0971273,0.0,0.9404564936943578,0.0595435063056422,snapshot_1200.xyz,32,4000,16.757672110741936,4000,all,1200
0.0918329,0.0967797,0.0,0.9488859750546861,0.05111402494531392,snapshot_1201.xyz,32,4000,16.757672110741936,4000,all,1201
