cid,cid_shuffled,cid_shuffled_std,cid_normalized,compression_gain,snapshot,nbins,n_particles_total,box_length,n_particles_filtered,atom_types,snapshot_num
0.0687317,0.0967797,0.0,0.7101871570174325,0.2898128429825675,snapshot_1.xyz,32,4000,16.757672110741936,4000,all,1
0.06608,0.0939258,0.0,0.703534066252297,0.296465933747703,snapshot_2.xyz,32,4000,16.757672110741936,4000,all,2
0.0674428,0.0940652,0.0,0.7169792867075178,0.28302071329248224,snapshot_3.xyz,32,4000,16.757672110741936,4000,all,3
0.0659365,0.0935076,0.0,0.7051458918847238,0.29485410811527624,snapshot_4.xyz,32,4000,16.757672110741936,4000,all,4
0.0662236,0.0954581,0.0,0.6937452138687025,0.30625478613129753,snapshot_5.xyz,32,4000,16.757672110741936,4000,all,5
0.0674428,0.0943439,0.0,0.7148612681901003,0.2851387318098997,snapshot_6.xyz,32,4000,16.757672110741936,4000,all,6
0.0674428,0.0947619,0.0,0.7117079754627124,0.28829202453728764,snapshot_7.xyz,32,4000,16.757672110741936,4000,all,7
0.0655774,0.0943439,0.0,0.6950889246681555,0.30491107533184447,snapshot_8.xyz,32,4000,16.757672110741936,4000,all,8
0.0682307,0.0953885,0.0,0.7152927239656772,0.2847072760343228,snapshot_9.xyz,32,4000,16.757672110741936,4000,all,9
0.0663671,0.0939955,0.0,0.7060667797926496,0.29393322020735035,snapshot_10.xyz,32,4000,16.757672110741936,4000,all,10
0.0667258,0.0953189,0.0,0.700026962123986,0.29997303787601404,snapshot_11.xyz,32,4000,16.757672110741936,4000,all,11
0.0678726,0.0949708,0.0,0.7146680874542491,0.28533191254575085,snapshot_12.xyz,32,4000,16.757672110741936,4000,all,12
0.0690178,0.0946226,0.0,0.7294007985407293,0.27059920145927074,snapshot_13.xyz,32,4000,16.757672110741936,4000,all,13
0.0676577,0.0944833,0.0,0.7160810428932943,0.28391895710670567,snapshot_14.xyz,32,4000,16.757672110741936,4000,all,14
0.0686601,0.0955277,0.0,0.7187454528895808,0.2812545471104192,snapshot_15.xyz,32,4000,16.757672110741936,4000,all,15
0.0679443,0.0955277,0.0,0.7112523383269984,0.2887476616730016,snapshot_16.xyz,32,4000,16.757672110741936,4000,all,16
0.0678726,0.0953189,0.0,0.712058154259019,0.28794184574098103,snapshot_17.xyz,32,4000,16.757672110741936,4000,all,17
0.0675861,0.0955277,0.0,0.7075026405953456,0.2924973594046544,snapshot_18.xyz,32,4000,16.757672110741936,4000,all,18
0.0662954,0.0950404,0.0,0.6975496736124849,0.3024503263875151,snapshot_19.xyz,32,4000,16.757672110741936,4000,all,19
0.0670127,0.0965712,0.0,0.6939201335387776,0.3060798664612224,snapshot_20.xyz,32,4000,16.757672110741936,4000,all,20
0.0681591,0.0971273,0.0,0.7017501773445777,0.2982498226554223,snapshot_21.xyz,32,4000,16.757672110741936,4000,all,21
0.0673711,0.0960148,0.0,0.7016741169069769,0.2983258830930231,snapshot_22.xyz,32,4000,16.757672110741936,4000,all,22
0.066941,0.0942046,0.0,0.7105916271604571,0.2894083728395429,snapshot_23.xyz,32,4000,16.757672110741936,4000,all,23
0.0662954,0.0950404,0.0,0.6975496736124849,0.3024503263875151,snapshot_24.xyz,32,4000,16.757672110741936,4000,all,24
0.0668693,0.0934378,0.0,0.7156557624430371,0.2843442375569629,snapshot_25.xyz,32,4000,16.757672110741936,4000,all,25
0.0672278,0.0942046,0.0,0.7136360644809278,0.28636393551907224,snapshot_26.xyz,32,4000,16.757672110741936,4000,all,26
0.0679443,0.0940652,0.0,0.7223106951348639,0.2776893048651361,snapshot_27.xyz,32,4000,16.757672110741936,4000,all,27
0.0671561,0.0945529,0.0,0.7102489717396293,0.2897510282603707,snapshot_28.xyz,32,4000,16.757672110741936,4000,all,28
0.0674428,0.0949011,0.0,0.7106640492049091,0.2893359507950909,snapshot_29.xyz,32,4000,16.757672110741936,4000,all,29
0.0684454,0.0969188,0.0,0.7062138615005551,0.2937861384994449,snapshot_30.xyz,32,4000,16.757672110741936,4000,all,30
0.0691609,0.0971968,0.0,0.7115553186936195,0.28844468130638046,snapshot_31.xyz,32,4000,16.757672110741936,4000,all,31
0.0680159,0.0960843,0.0,0.7078773535322629,0.2921226464677371,snapshot_32.xyz,32,4000,16.757672110741936,4000,all,32
0.0682307,0.0958061,0.0,0.7121749032681636,0.2878250967318364,snapshot_33.xyz,32,4000,16.757672110741936,4000,all,33
0.0679443,0.0944833,0.0,0.7191143831767095,0.2808856168232905,snapshot_34.xyz,32,4000,16.757672110741936,4000,all,34
0.0685886,0.0952493,0.0,0.7200955807549242,0.2799044192450758,snapshot_35.xyz,32,4000,16.757672110741936,4000,all,35
0.066941,0.093647,0.0,0.7148226851901289,0.2851773148098711,snapshot_36.xyz,32,4000,16.757672110741936,4000,all,36
0.0667976,0.0942742,0.0,0.7085459224262841,0.2914540775737159,snapshot_37.xyz,32,4000,16.757672110741936,4000,all,37
0.0654337,0.0944833,0.0,0.692542491636088,0.30745750836391195,snapshot_38.xyz,32,4000,16.757672110741936,4000,all,38
0.0661518,0.0946226,0.0,0.6991120514549378,0.3008879485450622,snapshot_39.xyz,32,4000,16.757672110741936,4000,all,39
0.0676577,0.0942046,0.0,0.718199535903767,0.28180046409623305,snapshot_40.xyz,32,4000,16.757672110741936,4000,all,40
0.0680159,0.0946922,0.0,0.7182840825326691,0.28171591746733093,snapshot_41.xyz,32,4000,16.757672110741936,4000,all,41
0.0673711,0.0944136,0.0,0.7135741037308184,0.2864258962691816,snapshot_42.xyz,32,4000,16.757672110741936,4000,all,42
0.0675144,0.0943439,0.0,0.7156201937804141,0.2843798062195859,snapshot_43.xyz,32,4000,16.757672110741936,4000,all,43
0.0679443,0.0944136,0.0,0.719645262970589,0.28035473702941105,snapshot_44.xyz,32,4000,16.757672110741936,4000,all,44
0.0676577,0.0939258,0.0,0.7203313679521495,0.27966863204785053,snapshot_45.xyz,32,4000,16.757672110741936,4000,all,45
0.0670127,0.0939955,0.0,0.7129351937060816,0.2870648062939184,snapshot_46.xyz,32,4000,16.757672110741936,4000,all,46
0.0670844,0.0938561,0.0,0.7147580178592547,0.28524198214074525,snapshot_47.xyz,32,4000,16.757672110741936,4000,all,47
0.0671561,0.0944136,0.0,0.7112968894311836,0.28870311056881637,snapshot_48.xyz,32,4000,16.757672110741936,4000,all,48
0.0683023,0.0946922,0.0,0.7213086188725153,0.2786913811274847,snapshot_49.xyz,32,4000,16.757672110741936,4000,all,49
0.06608,0.0942742,0.0,0.7009340837684117,0.2990659162315883,snapshot_50.xyz,32,4000,16.757672110741936,4000,all,50
0.067801,0.0940652,0.0,0.7207872837138495,0.2792127162861505,snapshot_51.xyz,32,4000,16.757672110741936,4000,all,51
0.0682307,0.0947619,0.0,0.720022498493593,0.279977501506407,snapshot_52.xyz,32,4000,16.757672110741936,4000,all,52
0.0688032,0.0950404,0.0,0.7239363470692463,0.27606365293075374,snapshot_53.xyz,32,4000,16.757672110741936,4000,all,53
0.0681591,0.0940652,0.0,0.7245942176277731,0.2754057823722269,snapshot_54.xyz,32,4000,16.757672110741936,4000,all,54
0.0694469,0.0944136,0.0,0.735560343001432,0.264439656998568,snapshot_55.xyz,32,4000,16.757672110741936,4000,all,55
0.0642834,0.0945529,0.0,0.6798670373938822,0.3201329626061178,snapshot_56.xyz,32,4000,16.757672110741936,4000,all,56
0.0655056,0.0942046,0.0,0.6953545792880602,0.3046454207119398,snapshot_57.xyz,32,4000,16.757672110741936,4000,all,57
0.0680159,0.0942046,0.0,0.7220018979964885,0.2779981020035115,snapshot_58.xyz,32,4000,16.757672110741936,4000,all,58
0.0680159,0.0940652,0.0,0.723071869299167,0.276928130700833,snapshot_59.xyz,32,4000,16.757672110741936,4000,all,59
0.0673711,0.0958061,0.0,0.7032026144473056,0.2967973855526944,snapshot_60.xyz,32,4000,16.757672110741936,4000,all,60
0.065721,0.0938561,0.0,0.7002315246425113,0.29976847535748874,snapshot_61.xyz,32,4000,16.757672110741936,4000,all,61
0.0675144,0.0946226,0.0,0.7135124166953772,0.28648758330462276,snapshot_62.xyz,32,4000,16.757672110741936,4000,all,62
0.0686601,0.09511,0.0,0.7219020082010305,0.27809799179896955,snapshot_63.xyz,32,4000,16.757672110741936,4000,all,63
0.0685886,0.0947619,0.0,0.7237993328542378,0.2762006671457622,snapshot_64.xyz,32,4000,16.757672110741936,4000,all,64
0.0672994,0.0944136,0.0,0.7128146792411262,0.2871853207588738,snapshot_65.xyz,32,4000,16.757672110741936,4000,all,65
0.0682307,0.0949011,0.0,0.7189663765751926,0.2810336234248074,snapshot_66.xyz,32,4000,16.757672110741936,4000,all,66
0.0680875,0.0948315,0.0,0.7179840032056858,0.2820159967943142,snapshot_67.xyz,32,4000,16.757672110741936,4000,all,67
0.0675861,0.0945529,0.0,0.7147966905298515,0.2852033094701485,snapshot_68.xyz,32,4000,16.757672110741936,4000,all,68
0.0667976,0.0966407,0.0,0.6911953245371775,0.30880467546282253,snapshot_69.xyz,32,4000,16.757672110741936,4000,all,69
0.0666541,0.0939955,0.0,0.7091201174524312,0.2908798825475688,snapshot_70.xyz,32,4000,16.757672110741936,4000,all,70
0.0676577,0.0948315,0.0,0.713451753900339,0.286548246099661,snapshot_71.xyz,32,4000,16.757672110741936,4000,all,71
0.0672278,0.09511,0.0,0.7068426033014404,0.29315739669855956,snapshot_72.xyz,32,4000,16.757672110741936,4000,all,72
0.0698042,0.0939258,0.0,0.7431845137331808,0.25681548626681916,snapshot_73.xyz,32,4000,16.757672110741936,4000,all,73
0.0675144,0.0945529,0.0,0.7140383848618076,0.2859616151381924,snapshot_74.xyz,32,4000,16.757672110741936,4000,all,74
0.0675861,0.0942742,0.0,0.7169098226237931,0.2830901773762069,snapshot_75.xyz,32,4000,16.757672110741936,4000,all,75
0.0667976,0.0944136,0.0,0.7074997669827228,0.29250023301727723,snapshot_76.xyz,32,4000,16.757672110741936,4000,all,76
0.0663671,0.0942742,0.0,0.70397945567292,0.29602054432708,snapshot_77.xyz,32,4000,16.757672110741936,4000,all,77
0.0660083,0.0942742,0.0,0.7001735363439838,0.2998264636560162,snapshot_78.xyz,32,4000,16.757672110741936,4000,all,78
0.0682307,0.0942742,0.0,0.7237473242944518,0.27625267570554823,snapshot_79.xyz,32,4000,16.757672110741936,4000,all,79
0.0683739,0.0942742,0.0,0.7252662976721097,0.2747337023278903,snapshot_80.xyz,32,4000,16.757672110741936,4000,all,80
0.0677294,0.0943439,0.0,0.7178990904552387,0.2821009095447613,snapshot_81.xyz,32,4000,16.757672110741936,4000,all,81
0.0677294,0.0944136,0.0,0.7173691078403959,0.28263089215960413,snapshot_82.xyz,32,4000,16.757672110741936,4000,all,82
0.0675144,0.0942742,0.0,0.7161492751993652,0.2838507248006348,snapshot_83.xyz,32,4000,16.757672110741936,4000,all,83
0.0657929,0.0938561,0.0,0.7009975909930202,0.29900240900697983,snapshot_84.xyz,32,4000,16.757672110741936,4000,all,84
0.0671561,0.0942046,0.0,0.71287495515081,0.28712504484919,snapshot_85.xyz,32,4000,16.757672110741936,4000,all,85
0.0674428,0.0951797,0.0,0.708583868198786,0.29141613180121395,snapshot_86.xyz,32,4000,16.757672110741936,4000,all,86
0.066941,0.0943439,0.0,0.7095424293462534,0.29045757065374656,snapshot_87.xyz,32,4000,16.757672110741936,4000,all,87
0.0671561,0.0946226,0.0,0.7097257948946657,0.2902742051053343,snapshot_88.xyz,32,4000,16.757672110741936,4000,all,88
0.0685886,0.0947619,0.0,0.7237993328542378,0.2762006671457622,snapshot_89.xyz,32,4000,16.757672110741936,4000,all,89
0.0672278,0.0941349,0.0,0.7141644597274763,0.28583554027252367,snapshot_90.xyz,32,4000,16.757672110741936,4000,all,90
0.0655774,0.0941349,0.0,0.6966321736146742,0.3033678263853258,snapshot_91.xyz,32,4000,16.757672110741936,4000,all,91
0.0688748,0.0952493,0.0,0.7231003272464995,0.27689967275350047,snapshot_92.xyz,32,4000,16.757672110741936,4000,all,92
0.0665824,0.0948315,0.0,0.7021126946215129,0.29788730537848707,snapshot_93.xyz,32,4000,16.757672110741936,4000,all,93
0.0661518,0.0943439,0.0,0.7011772886217339,0.2988227113782661,snapshot_94.xyz,32,4000,16.757672110741936,4000,all,94
0.0672994,0.0943439,0.0,0.7133412971055892,0.28665870289441076,snapshot_95.xyz,32,4000,16.757672110741936,4000,all,95
0.0679443,0.0943439,0.0,0.7201769271781218,0.27982307282187824,snapshot_96.xyz,32,4000,16.757672110741936,4000,all,96
0.0680159,0.0940652,0.0,0.723071869299167,0.276928130700833,snapshot_97.xyz,32,4000,16.757672110741936,4000,all,97
0.0667258,0.0937864,0.0,0.711465628278727,0.28853437172127305,snapshot_98.xyz,32,4000,16.757672110741936,4000,all,98
0.0675144,0.093647,0.0,0.7209456789859793,0.2790543210140207,snapshot_99.xyz,32,4000,16.757672110741936,4000,all,99
0.0688748,0.0942046,0.0,0.7311192871685671,0.2688807128314329,snapshot_100.xyz,32,4000,16.757672110741936,4000,all,100
0.0665824,0.0948315,0.0,0.7021126946215129,0.29788730537848707,snapshot_101.xyz,32,4000,16.757672110741936,4000,all,101
0.0680159,0.0965712,0.0,0.7043083238066836,0.2956916761933164,snapshot_102.xyz,32,4000,16.757672110741936,4000,all,102
0.0689463,0.0972663,0.0,0.7088405747931196,0.29115942520688043,snapshot_103.xyz,32,4000,16.757672110741936,4000,all,103
0.0695898,0.0950404,0.0,0.73221282738709,0.26778717261290996,snapshot_104.xyz,32,4000,16.757672110741936,4000,all,104
0.0703043,0.0958061,0.0,0.7338186190649656,0.2661813809350344,snapshot_105.xyz,32,4000,16.757672110741936,4000,all,105
0.0706613,0.096293,0.0,0.7338155421474042,0.2661844578525958,snapshot_106.xyz,32,4000,16.757672110741936,4000,all,106
0.0710182,0.0951797,0.0,0.7461486010147121,0.25385139898528786,snapshot_107.xyz,32,4000,16.757672110741936,4000,all,107
0.0732985,0.0960843,0.0,0.762856158602394,0.23714384139760603,snapshot_108.xyz,32,4000,16.757672110741936,4000,all,108
0.0717314,0.0961539,0.0,0.7460061422365604,0.25399385776343963,snapshot_109.xyz,32,4000,16.757672110741936,4000,all,109
0.073512,0.0961539,0.0,0.7645243718663517,0.2354756281336483,snapshot_110.xyz,32,4000,16.757672110741936,4000,all,110
0.0730138,0.0953885,0.0,0.7654360850626648,0.2345639149373352,snapshot_111.xyz,32,4000,16.757672110741936,4000,all,111
0.0736543,0.0953885,0.0,0.7721507309581345,0.22784926904186553,snapshot_112.xyz,32,4000,16.757672110741936,4000,all,112
0.0739388,0.0955277,0.0,0.7740037706340674,0.22599622936593255,snapshot_113.xyz,32,4000,16.757672110741936,4000,all,113
0.0767081,0.0978915,0.0,0.7836032750545247,0.21639672494547535,snapshot_114.xyz,32,4000,16.757672110741936,4000,all,114
0.0762826,0.0965712,0.0,0.7899104494921882,0.21008955050781175,snapshot_115.xyz,32,4000,16.757672110741936,4000,all,115
0.0744365,0.0976137,0.0,0.7625620174217349,0.2374379825782651,snapshot_116.xyz,32,4000,16.757672110741936,4000,all,116
0.0761407,0.0967797,0.0,0.786742467686922,0.21325753231307798,snapshot_117.xyz,32,4000,16.757672110741936,4000,all,117
0.0768499,0.0981693,0.0,0.7828302738228754,0.2171697261771246,snapshot_118.xyz,32,4000,16.757672110741936,4000,all,118
0.0769208,0.0983082,0.0,0.782445411471271,0.217554588528729,snapshot_119.xyz,32,4000,16.757672110741936,4000,all,119
0.0785496,0.099141,0.0,0.7923018730898417,0.20769812691015832,snapshot_120.xyz,32,4000,16.757672110741936,4000,all,120
0.0830675,0.0997652,0.0,0.8326300152758678,0.16736998472413223,snapshot_121.xyz,32,4000,16.757672110741936,4000,all,121
0.0865124,0.0992797,0.0,0.8714006992366012,0.12859930076339876,snapshot_122.xyz,32,4000,16.757672110741936,4000,all,122
0.0881955,0.0988634,0.0,0.8920945466168471,0.10790545338315294,snapshot_123.xyz,32,4000,16.757672110741936,4000,all,123
0.0898059,0.0992103,0.0,0.9052074230195856,0.09479257698041443,snapshot_124.xyz,32,4000,16.757672110741936,4000,all,124
0.0902256,0.0985858,0.0,0.9151987405894155,0.08480125941058447,snapshot_125.xyz,32,4000,16.757672110741936,4000,all,125
0.0904354,0.0988634,0.0,0.9147510605542597,0.0852489394457403,snapshot_126.xyz,32,4000,16.757672110741936,4000,all,126
0.0909946,0.0978221,0.0,0.930204933241057,0.06979506675894298,snapshot_127.xyz,32,4000,16.757672110741936,4000,all,127
0.0899458,0.0976831,0.0,0.920791825812244,0.07920817418775605,snapshot_128.xyz,32,4000,16.757672110741936,4000,all,128
0.089316,0.0981693,0.0,0.9098160015401965,0.09018399845980352,snapshot_129.xyz,32,4000,16.757672110741936,4000,all,129
0.0904354,0.0974052,0.0,0.9284452986082878,0.07155470139171216,snapshot_130.xyz,32,4000,16.757672110741936,4000,all,130
0.0900157,0.0971968,0.0,0.9261179380391125,0.07388206196088754,snapshot_131.xyz,32,4000,16.757672110741936,4000,all,131
0.0898059,0.0978915,0.0,0.9174024302416449,0.08259756975835508,snapshot_132.xyz,32,4000,16.757672110741936,4000,all,132
0.089386,0.0980304,0.0,0.911819190781635,0.08818080921836502,snapshot_133.xyz,32,4000,16.757672110741936,4000,all,133
0.089316,0.0977526,0.0,0.9136943672086473,0.08630563279135273,snapshot_134.xyz,32,4000,16.757672110741936,4000,all,134
0.089176,0.0976137,0.0,0.9135602891807196,0.08643971081928037,snapshot_135.xyz,32,4000,16.757672110741936,4000,all,135
0.089456,0.0966407,0.0,0.9256555467830841,0.07434445321691585,snapshot_136.xyz,32,4000,16.757672110741936,4000,all,136
0.0887559,0.0970578,0.0,0.914464370715182,0.08553562928481795,snapshot_137.xyz,32,4000,16.757672110741936,4000,all,137
0.0888259,0.0974747,0.0,0.9112713350233446,0.08872866497665544,snapshot_138.xyz,32,4000,16.757672110741936,4000,all,138
0.0884757,0.0972663,0.0,0.9096233741799575,0.09037662582004247,snapshot_139.xyz,32,4000,16.757672110741936,4000,all,139
0.089246,0.0966407,0.0,0.9234825492778923,0.0765174507221077,snapshot_140.xyz,32,4000,16.757672110741936,4000,all,140
0.089106,0.0978915,0.0,0.9102526777095049,0.08974732229049509,snapshot_141.xyz,32,4000,16.757672110741936,4000,all,141
0.089176,0.0974747,0.0,0.9148630362545359,0.08513696374546409,snapshot_142.xyz,32,4000,16.757672110741936,4000,all,142
0.089176,0.0973358,0.0,0.9161685628514894,0.0838314371485106,snapshot_143.xyz,32,4000,16.757672110741936,4000,all,143
0.089526,0.0974747,0.0,0.9184537115784916,0.08154628842150835,snapshot_144.xyz,32,4000,16.757672110741936,4000,all,144
0.0884057,0.0975442,0.0,0.9063142657379937,0.09368573426200633,snapshot_145.xyz,32,4000,16.757672110741936,4000,all,145
0.0879152,0.0976831,0.0,0.9000041972459925,0.09999580275400755,snapshot_146.xyz,32,4000,16.757672110741936,4000,all,146
0.0883356,0.0974052,0.0,0.9068879279545651,0.09311207204543492,snapshot_147.xyz,32,4000,16.757672110741936,4000,all,147
0.089106,0.097961,0.0,0.9096068843723523,0.09039311562764774,snapshot_148.xyz,32,4000,16.757672110741936,4000,all,148
0.0884757,0.0969188,0.0,0.9128848066628973,0.08711519333710271,snapshot_149.xyz,32,4000,16.757672110741936,4000,all,149
0.089386,0.0982387,0.0,0.9098858189287927,0.09011418107120728,snapshot_150.xyz,32,4000,16.757672110741936,4000,all,150
0.088896,0.0976137,0.0,0.9106918393627125,0.08930816063728753,snapshot_151.xyz,32,4000,16.757672110741936,4000,all,151
0.0881955,0.0972663,0.0,0.9067426230873386,0.09325737691266145,snapshot_152.xyz,32,4000,16.757672110741936,4000,all,152
0.0883356,0.0976831,0.0,0.9043079099660024,0.09569209003399759,snapshot_153.xyz,32,4000,16.757672110741936,4000,all,153
0.0881955,0.0976137,0.0,0.9035155925858768,0.09648440741412323,snapshot_154.xyz,32,4000,16.757672110741936,4000,all,154
0.0884757,0.0976831,0.0,0.9057421396331607,0.09425786036683925,snapshot_155.xyz,32,4000,16.757672110741936,4000,all,155
0.0886158,0.0969883,0.0,0.9136751546320535,0.08632484536794649,snapshot_156.xyz,32,4000,16.757672110741936,4000,all,156
0.087775,0.0974052,0.0,0.9011325884039046,0.09886741159609536,snapshot_157.xyz,32,4000,16.757672110741936,4000,all,157
0.0877049,0.0972663,0.0,0.901698738411968,0.09830126158803199,snapshot_158.xyz,32,4000,16.757672110741936,4000,all,158
0.0882656,0.0980304,0.0,0.9003900830762702,0.09960991692372978,snapshot_159.xyz,32,4000,16.757672110741936,4000,all,159
0.0883356,0.0971968,0.0,0.9088323895436887,0.09116761045631128,snapshot_160.xyz,32,4000,16.757672110741936,4000,all,160
0.0879852,0.0978221,0.0,0.8994409238812089,0.10055907611879111,snapshot_161.xyz,32,4000,16.757672110741936,4000,all,161
0.0878451,0.0968493,0.0,0.9070287549832574,0.09297124501674259,snapshot_162.xyz,32,4000,16.757672110741936,4000,all,162
0.0884757,0.0974747,0.0,0.9076786078849179,0.09232139211508206,snapshot_163.xyz,32,4000,16.757672110741936,4000,all,163
0.0882656,0.0973358,0.0,0.9068153752267922,0.09318462477320777,snapshot_164.xyz,32,4000,16.757672110741936,4000,all,164
0.0869334,0.0969883,0.0,0.8963287324347369,0.10367126756526313,snapshot_165.xyz,32,4000,16.757672110741936,4000,all,165
0.0877049,0.0976831,0.0,0.8978513171674528,0.10214868283254719,snapshot_166.xyz,32,4000,16.757672110741936,4000,all,166
0.0879852,0.0972663,0.0,0.9045805176099019,0.09541948239009812,snapshot_167.xyz,32,4000,16.757672110741936,4000,all,167
0.0887559,0.0970578,0.0,0.914464370715182,0.08553562928481795,snapshot_168.xyz,32,4000,16.757672110741936,4000,all,168
0.0886859,0.0975442,0.0,0.9091868096719231,0.09081319032807689,snapshot_169.xyz,32,4000,16.757672110741936,4000,all,169
0.0887559,0.0968493,0.0,0.9164330563050017,0.08356694369499829,snapshot_170.xyz,32,4000,16.757672110741936,4000,all,170
0.0884757,0.0971273,0.0,0.910925146688933,0.08907485331106701,snapshot_171.xyz,32,4000,16.757672110741936,4000,all,171
0.0884757,0.0968493,0.0,0.9135399016823044,0.08646009831769563,snapshot_172.xyz,32,4000,16.757672110741936,4000,all,172
0.0876348,0.0971968,0.0,0.9016222756304734,0.09837772436952663,snapshot_173.xyz,32,4000,16.757672110741936,4000,all,173
0.0882656,0.0965712,0.0,0.9139950627102076,0.08600493728979242,snapshot_174.xyz,32,4000,16.757672110741936,4000,all,174
0.0879852,0.0976137,0.0,0.9013611818832807,0.09863881811671926,snapshot_175.xyz,32,4000,16.757672110741936,4000,all,175
0.0879152,0.0978915,0.0,0.8980881894750821,0.10191181052491793,snapshot_176.xyz,32,4000,16.757672110741936,4000,all,176
0.0879152,0.0971273,0.0,0.9051543695747746,0.09484563042522542,snapshot_177.xyz,32,4000,16.757672110741936,4000,all,177
0.0897359,0.097961,0.0,0.9160369943140636,0.0839630056859364,snapshot_178.xyz,32,4000,16.757672110741936,4000,all,178
0.089316,0.0980999,0.0,0.910459643689749,0.08954035631025103,snapshot_179.xyz,32,4000,16.757672110741936,4000,all,179
0.0888259,0.0976137,0.0,0.9099737024618471,0.09002629753815294,snapshot_180.xyz,32,4000,16.757672110741936,4000,all,180
0.0882656,0.0972663,0.0,0.9074633249131508,0.09253667508684915,snapshot_181.xyz,32,4000,16.757672110741936,4000,all,181
0.0887559,0.0971968,0.0,0.9131566059787977,0.08684339402120234,snapshot_182.xyz,32,4000,16.757672110741936,4000,all,182
0.0882656,0.0972663,0.0,0.9074633249131508,0.09253667508684915,snapshot_183.xyz,32,4000,16.757672110741936,4000,all,183
0.0885458,0.0973358,0.0,0.9096940693968714,0.09030593060312864,snapshot_184.xyz,32,4000,16.757672110741936,4000,all,184
0.0881254,0.0976137,0.0,0.9027974556850115,0.09720254431498854,snapshot_185.xyz,32,4000,16.757672110741936,4000,all,185
0.0886158,0.0972663,0.0,0.9110637497262669,0.08893625027373309,snapshot_186.xyz,32,4000,16.757672110741936,4000,all,186
0.0879152,0.0978221,0.0,0.8987253391616006,0.10127466083839942,snapshot_187.xyz,32,4000,16.757672110741936,4000,all,187
0.0883356,0.0971968,0.0,0.9088323895436887,0.09116761045631128,snapshot_188.xyz,32,4000,16.757672110741936,4000,all,188
0.089456,0.0974052,0.0,0.9183903939420072,0.08160960605799283,snapshot_189.xyz,32,4000,16.757672110741936,4000,all,189
0.0883356,0.0978221,0.0,0.9030229365347913,0.09697706346520873,snapshot_190.xyz,32,4000,16.757672110741936,4000,all,190
0.0884057,0.0974052,0.0,0.9076076020582065,0.09239239794179355,snapshot_191.xyz,32,4000,16.757672110741936,4000,all,191
0.0883356,0.0973358,0.0,0.9075345350837,0.09246546491630003,snapshot_192.xyz,32,4000,16.757672110741936,4000,all,192
0.0886158,0.0976137,0.0,0.9078213406519782,0.09217865934802183,snapshot_193.xyz,32,4000,16.757672110741936,4000,all,193
0.0884057,0.0973358,0.0,0.9082547223118319,0.09174527768816809,snapshot_194.xyz,32,4000,16.757672110741936,4000,all,194
0.0881955,0.0980304,0.0,0.8996749987758899,0.10032500122411014,snapshot_195.xyz,32,4000,16.757672110741936,4000,all,195
0.089106,0.0983082,0.0,0.9063943801229196,0.09360561987708038,snapshot_196.xyz,32,4000,16.757672110741936,4000,all,196
0.0881955,0.0972663,0.0,0.9067426230873386,0.09325737691266145,snapshot_197.xyz,32,4000,16.757672110741936,4000,all,197
0.0881254,0.0981693,0.0,0.8976879737351698,0.10231202626483016,snapshot_198.xyz,32,4000,16.757672110741936,4000,all,198
0.0875647,0.0978221,0.0,0.895142304244133,0.10485769575586701,snapshot_199.xyz,32,4000,16.757672110741936,4000,all,199
0.0886158,0.0973358,0.0,0.9104132292537791,0.0895867707462209,snapshot_200.xyz,32,4000,16.757672110741936,4000,all,200
0.0873543,0.0974052,0.0,0.896813517142822,0.10318648285717802,snapshot_201.xyz,32,4000,16.757672110741936,4000,all,201
0.0870737,0.0978221,0.0,0.8901229885680231,0.10987701143197692,snapshot_202.xyz,32,4000,16.757672110741936,4000,all,202
0.0886158,0.0976137,0.0,0.9078213406519782,0.09217865934802183,snapshot_203.xyz,32,4000,16.757672110741936,4000,all,203
0.087775,0.0970578,0.0,0.9043580217148958,0.09564197828510423,snapshot_204.xyz,32,4000,16.757672110741936,4000,all,204
0.0880553,0.0976831,0.0,0.9014384269131509,0.0985615730868491,snapshot_205.xyz,32,4000,16.757672110741936,4000,all,205
0.0882656,0.0977526,0.0,0.9029488729711538,0.09705112702884622,snapshot_206.xyz,32,4000,16.757672110741936,4000,all,206
0.0877049,0.0982387,0.0,0.8927734182150212,0.10722658178497879,snapshot_207.xyz,32,4000,16.757672110741936,4000,all,207
0.0887559,0.0982387,0.0,0.9034718496885646,0.09652815031143536,snapshot_208.xyz,32,4000,16.757672110741936,4000,all,208
0.0883356,0.0976831,0.0,0.9043079099660024,0.09569209003399759,snapshot_209.xyz,32,4000,16.757672110741936,4000,all,209
0.0888259,0.0975442,0.0,0.9106220564626087,0.08937794353739126,snapshot_210.xyz,32,4000,16.757672110741936,4000,all,210
0.0886158,0.0976137,0.0,0.9078213406519782,0.09217865934802183,snapshot_211.xyz,32,4000,16.757672110741936,4000,all,211
0.0886158,0.0973358,0.0,0.9104132292537791,0.0895867707462209,snapshot_212.xyz,32,4000,16.757672110741936,4000,all,212
0.0872842,0.0969883,0.0,0.8999456635491085,0.10005433645089146,snapshot_213.xyz,32,4000,16.757672110741936,4000,all,213
0.0877049,0.097961,0.0,0.8953042537336287,0.10469574626637135,snapshot_214.xyz,32,4000,16.757672110741936,4000,all,214
0.0884057,0.0978915,0.0,0.9030988390207525,0.0969011609792475,snapshot_215.xyz,32,4000,16.757672110741936,4000,all,215
0.0886859,0.0980304,0.0,0.9046775286033719,0.09532247139662808,snapshot_216.xyz,32,4000,16.757672110741936,4000,all,216
0.0878451,0.0974052,0.0,0.9018522625075458,0.0981477374924542,snapshot_217.xyz,32,4000,16.757672110741936,4000,all,217
0.0886859,0.0968493,0.0,0.91571028391532,0.08428971608468006,snapshot_218.xyz,32,4000,16.757672110741936,4000,all,218
0.0881254,0.0971273,0.0,0.907318539689665,0.09268146031033497,snapshot_219.xyz,32,4000,16.757672110741936,4000,all,219
0.0881955,0.0975442,0.0,0.904159345199407,0.095840654800593,snapshot_220.xyz,32,4000,16.757672110741936,4000,all,220
0.0878451,0.0975442,0.0,0.9005671275175766,0.09943287248242338,snapshot_221.xyz,32,4000,16.757672110741936,4000,all,221
0.0877049,0.0974052,0.0,0.9004129143002633,0.09958708569973673,snapshot_222.xyz,32,4000,16.757672110741936,4000,all,222
0.0882656,0.0974052,0.0,0.9061692804901587,0.09383071950984134,snapshot_223.xyz,32,4000,16.757672110741936,4000,all,223
0.0885458,0.0972663,0.0,0.9103440760057697,0.08965592399423028,snapshot_224.xyz,32,4000,16.757672110741936,4000,all,224
0.0876348,0.0978915,0.0,0.8952237936899525,0.10477620631004747,snapshot_225.xyz,32,4000,16.757672110741936,4000,all,225
0.0873543,0.0977526,0.0,0.8936263587873877,0.10637364121261228,snapshot_226.xyz,32,4000,16.757672110741936,4000,all,226
0.0877049,0.0968493,0.0,0.9055811451399236,0.0944188548600764,snapshot_227.xyz,32,4000,16.757672110741936,4000,all,227
0.0870036,0.0971968,0.0,0.8951282346743926,0.10487176532560738,snapshot_228.xyz,32,4000,16.757672110741936,4000,all,228
0.0883356,0.0978915,0.0,0.9023827400744702,0.09761725992552983,snapshot_229.xyz,32,4000,16.757672110741936,4000,all,229
0.0880553,0.0973358,0.0,0.9046548135423965,0.09534518645760348,snapshot_230.xyz,32,4000,16.757672110741936,4000,all,230
0.0886158,0.0976831,0.0,0.9071763693003191,0.09282363069968091,snapshot_231.xyz,32,4000,16.757672110741936,4000,all,231
0.0882656,0.0973358,0.0,0.9068153752267922,0.09318462477320777,snapshot_232.xyz,32,4000,16.757672110741936,4000,all,232
0.087775,0.0974747,0.0,0.9004900758863583,0.09950992411364168,snapshot_233.xyz,32,4000,16.757672110741936,4000,all,233
0.0874945,0.0971968,0.0,0.9001788124711925,0.09982118752880753,snapshot_234.xyz,32,4000,16.757672110741936,4000,all,234
0.0882656,0.0968493,0.0,0.911370551981274,0.08862944801872596,snapshot_235.xyz,32,4000,16.757672110741936,4000,all,235
0.087214,0.0974052,0.0,0.8953731422963045,0.10462685770369551,snapshot_236.xyz,32,4000,16.757672110741936,4000,all,236
0.0871439,0.0974052,0.0,0.8946534681926632,0.10534653180733677,snapshot_237.xyz,32,4000,16.757672110741936,4000,all,237
0.087214,0.0964321,0.0,0.9044083868338447,0.09559161316615528,snapshot_238.xyz,32,4000,16.757672110741936,4000,all,238
0.0877049,0.0974052,0.0,0.9004129143002633,0.09958708569973673,snapshot_239.xyz,32,4000,16.757672110741936,4000,all,239
0.0876348,0.0969883,0.0,0.9035605325590819,0.09643946744091814,snapshot_240.xyz,32,4000,16.757672110741936,4000,all,240
0.0877049,0.097961,0.0,0.8953042537336287,0.10469574626637135,snapshot_241.xyz,32,4000,16.757672110741936,4000,all,241
0.0881955,0.0983082,0.0,0.8971326908640378,0.1028673091359622,snapshot_242.xyz,32,4000,16.757672110741936,4000,all,242
0.0883356,0.0971968,0.0,0.9088323895436887,0.09116761045631128,snapshot_243.xyz,32,4000,16.757672110741936,4000,all,243
0.0870737,0.0974052,0.0,0.8939327674497871,0.10606723255021289,snapshot_244.xyz,32,4000,16.757672110741936,4000,all,244
0.0876348,0.0977526,0.0,0.8964958476807778,0.10350415231922216,snapshot_245.xyz,32,4000,16.757672110741936,4000,all,245
0.087775,0.0969883,0.0,0.9050060677421916,0.09499393225780839,snapshot_246.xyz,32,4000,16.757672110741936,4000,all,246
0.087775,0.0971968,0.0,0.9030647099492988,0.09693529005070123,snapshot_247.xyz,32,4000,16.757672110741936,4000,all,247
0.0874945,0.0973358,0.0,0.8988933157173414,0.10110668428265857,snapshot_248.xyz,32,4000,16.757672110741936,4000,all,248
0.0880553,0.0974747,0.0,0.9033656938672292,0.0966343061327708,snapshot_249.xyz,32,4000,16.757672110741936,4000,all,249
0.0881254,0.0976831,0.0,0.9021560536059975,0.09784394639400251,snapshot_250.xyz,32,4000,16.757672110741936,4000,all,250
0.0875647,0.0976137,0.0,0.8970533849244522,0.10294661507554781,snapshot_251.xyz,32,4000,16.757672110741936,4000,all,251
0.0876348,0.0969883,0.0,0.9035605325590819,0.09643946744091814,snapshot_252.xyz,32,4000,16.757672110741936,4000,all,252
0.0874244,0.0973358,0.0,0.8981731284892095,0.1018268715107905,snapshot_253.xyz,32,4000,16.757672110741936,4000,all,253
0.087214,0.0969188,0.0,0.8998666925302418,0.10013330746975824,snapshot_254.xyz,32,4000,16.757672110741936,4000,all,254
0.0874244,0.0969188,0.0,0.9020375819758396,0.09796241802416039,snapshot_255.xyz,32,4000,16.757672110741936,4000,all,255
0.0879152,0.0969883,0.0,0.9064516029253012,0.09354839707469875,snapshot_256.xyz,32,4000,16.757672110741936,4000,all,256
0.087775,0.0967797,0.0,0.9069567274955389,0.0930432725044611,snapshot_257.xyz,32,4000,16.757672110741936,4000,all,257
0.0875647,0.0972663,0.0,0.9002573347603434,0.09974266523965658,snapshot_258.xyz,32,4000,16.757672110741936,4000,all,258
0.087214,0.0975442,0.0,0.8940972400204216,0.10590275997957843,snapshot_259.xyz,32,4000,16.757672110741936,4000,all,259
0.0872842,0.0967102,0.0,0.902533548684627,0.09746645131537301,snapshot_260.xyz,32,4000,16.757672110741936,4000,all,260
0.0871439,0.0970578,0.0,0.8978557107208281,0.10214428927917185,snapshot_261.xyz,32,4000,16.757672110741936,4000,all,261
0.0879852,0.0974052,0.0,0.9032905840755935,0.09670941592440652,snapshot_262.xyz,32,4000,16.757672110741936,4000,all,262
0.0872842,0.0978221,0.0,0.8922748540462739,0.10772514595372606,snapshot_263.xyz,32,4000,16.757672110741936,4000,all,263
0.0883356,0.0978221,0.0,0.9030229365347913,0.09697706346520873,snapshot_264.xyz,32,4000,16.757672110741936,4000,all,264
0.0878451,0.097961,0.0,0.8967354355304661,0.10326456446953391,snapshot_265.xyz,32,4000,16.757672110741936,4000,all,265
0.0868633,0.0972663,0.0,0.8930462040809612,0.10695379591903875,snapshot_266.xyz,32,4000,16.757672110741936,4000,all,266
0.0875647,0.0974747,0.0,0.8983325929702785,0.10166740702972155,snapshot_267.xyz,32,4000,16.757672110741936,4000,all,267
0.0872842,0.0971273,0.0,0.8986577409235097,0.1013422590764903,snapshot_268.xyz,32,4000,16.757672110741936,4000,all,268
0.087214,0.0974052,0.0,0.8953731422963045,0.10462685770369551,snapshot_269.xyz,32,4000,16.757672110741936,4000,all,269
0.0884757,0.0971968,0.0,0.9102737950220584,0.08972620497794159,snapshot_270.xyz,32,4000,16.757672110741936,4000,all,270
0.0881955,0.0969188,0.0,0.9099937267073055,0.0900062732926945,snapshot_271.xyz,32,4000,16.757672110741936,4000,all,271
0.0874945,0.0967102,0.0,0.9047080866340883,0.0952919133659117,snapshot_272.xyz,32,4000,16.757672110741936,4000,all,272
0.0875647,0.0974052,0.0,0.8989735660929806,0.10102643390701938,snapshot_273.xyz,32,4000,16.757672110741936,4000,all,273
0.0874945,0.0974052,0.0,0.8982528653501045,0.10174713464989549,snapshot_274.xyz,32,4000,16.757672110741936,4000,all,274
0.087214,0.0974747,0.0,0.8947347362956747,0.10526526370432532,snapshot_275.xyz,32,4000,16.757672110741936,4000,all,275
0.0872842,0.0973358,0.0,0.8967327540329458,0.10326724596705417,snapshot_276.xyz,32,4000,16.757672110741936,4000,all,276
0.0878451,0.0967797,0.0,0.9076810529480872,0.09231894705191279,snapshot_277.xyz,32,4000,16.757672110741936,4000,all,277
0.0877049,0.0969883,0.0,0.9042833001506367,0.09571669984936326,snapshot_278.xyz,32,4000,16.757672110741936,4000,all,278
0.0871439,0.0969188,0.0,0.899143406645563,0.10085659335443697,snapshot_279.xyz,32,4000,16.757672110741936,4000,all,279
0.0878451,0.0974747,0.0,0.9012092368583847,0.09879076314161528,snapshot_280.xyz,32,4000,16.757672110741936,4000,all,280
0.0879152,0.0968493,0.0,0.9077525599049244,0.09224744009507557,snapshot_281.xyz,32,4000,16.757672110741936,4000,all,281
0.0874244,0.0971273,0.0,0.9001012073845356,0.09989879261546442,snapshot_282.xyz,32,4000,16.757672110741936,4000,all,282
0.0871439,0.0971968,0.0,0.8965716978336735,0.10342830216632648,snapshot_283.xyz,32,4000,16.757672110741936,4000,all,283
0.086372,0.0969883,0.0,0.8905404053891037,0.10945959461089627,snapshot_284.xyz,32,4000,16.757672110741936,4000,all,284
0.086372,0.0964321,0.0,0.8956768544913986,0.10432314550860144,snapshot_285.xyz,32,4000,16.757672110741936,4000,all,285
0.0875647,0.0975442,0.0,0.8976925332310891,0.10230746676891089,snapshot_286.xyz,32,4000,16.757672110741936,4000,all,286
0.0870036,0.0971968,0.0,0.8951282346743926,0.10487176532560738,snapshot_287.xyz,32,4000,16.757672110741936,4000,all,287
0.0868633,0.0975442,0.0,0.890501946809754,0.10949805319024597,snapshot_288.xyz,32,4000,16.757672110741936,4000,all,288
0.0865124,0.0976831,0.0,0.8856434736407834,0.11435652635921656,snapshot_289.xyz,32,4000,16.757672110741936,4000,all,289
0.0865124,0.0978221,0.0,0.8843850213806492,0.11561497861935077,snapshot_290.xyz,32,4000,16.757672110741936,4000,all,290
0.0874945,0.0978221,0.0,0.8944246749967544,0.10557532500324562,snapshot_291.xyz,32,4000,16.757672110741936,4000,all,291
0.0875647,0.0975442,0.0,0.8976925332310891,0.10230746676891089,snapshot_292.xyz,32,4000,16.757672110741936,4000,all,292
0.0868633,0.0977526,0.0,0.8886034744855892,0.11139652551441082,snapshot_293.xyz,32,4000,16.757672110741936,4000,all,293
0.0877049,0.0974052,0.0,0.9004129143002633,0.09958708569973673,snapshot_294.xyz,32,4000,16.757672110741936,4000,all,294
0.0869334,0.0974747,0.0,0.8918560405930974,0.10814395940690258,snapshot_295.xyz,32,4000,16.757672110741936,4000,all,295
0.0868633,0.0978221,0.0,0.8879721453536574,0.11202785464634257,snapshot_296.xyz,32,4000,16.757672110741936,4000,all,296
0.0874244,0.0970578,0.0,0.9007457411975133,0.09925425880248673,snapshot_297.xyz,32,4000,16.757672110741936,4000,all,297
0.087214,0.0977526,0.0,0.8921911028453463,0.1078088971546537,snapshot_298.xyz,32,4000,16.757672110741936,4000,all,298
0.0867229,0.0969883,0.0,0.8941583675556743,0.10584163244432565,snapshot_299.xyz,32,4000,16.757672110741936,4000,all,299
0.0868633,0.0971968,0.0,0.8936847715151116,0.10631522848488839,snapshot_300.xyz,32,4000,16.757672110741936,4000,all,300
0.0864422,0.0969883,0.0,0.8912642040328576,0.10873579596714245,snapshot_301.xyz,32,4000,16.757672110741936,4000,all,301
0.0858103,0.0972663,0.0,0.8822202551140529,0.11777974488594711,snapshot_302.xyz,32,4000,16.757672110741936,4000,all,302
0.0867931,0.0976137,0.0,0.8891487567831154,0.11085124321688455,snapshot_303.xyz,32,4000,16.757672110741936,4000,all,303
0.0861614,0.0972663,0.0,0.885829932875004,0.114170067124996,snapshot_304.xyz,32,4000,16.757672110741936,4000,all,304
0.0869334,0.0975442,0.0,0.8912205953813758,0.10877940461862423,snapshot_305.xyz,32,4000,16.757672110741936,4000,all,305
0.0870737,0.097961,0.0,0.8888608732046427,0.11113912679535731,snapshot_306.xyz,32,4000,16.757672110741936,4000,all,306
0.0873543,0.097961,0.0,0.891725278427129,0.10827472157287099,snapshot_307.xyz,32,4000,16.757672110741936,4000,all,307
0.087214,0.0973358,0.0,0.8960115394335897,0.10398846056641031,snapshot_308.xyz,32,4000,16.757672110741936,4000,all,308
0.0869334,0.0971968,0.0,0.8944059886745243,0.10559401132547575,snapshot_309.xyz,32,4000,16.757672110741936,4000,all,309
0.0867931,0.0973358,0.0,0.8916873339511259,0.10831266604887413,snapshot_310.xyz,32,4000,16.757672110741936,4000,all,310
0.0873543,0.0974052,0.0,0.896813517142822,0.10318648285717802,snapshot_311.xyz,32,4000,16.757672110741936,4000,all,311
0.0859508,0.0976137,0.0,0.880519845062732,0.11948015493726805,snapshot_312.xyz,32,4000,16.757672110741936,4000,all,312
0.0867931,0.0978221,0.0,0.8872545161062787,0.1127454838937213,snapshot_313.xyz,32,4000,16.757672110741936,4000,all,313
0.0869334,0.0974747,0.0,0.8918560405930974,0.10814395940690258,snapshot_314.xyz,32,4000,16.757672110741936,4000,all,314
0.0868633,0.0974747,0.0,0.891136879621071,0.10886312037892898,snapshot_315.xyz,32,4000,16.757672110741936,4000,all,315
0.0872842,0.0976137,0.0,0.8941798128746273,0.10582018712537267,snapshot_316.xyz,32,4000,16.757672110741936,4000,all,316
0.0867229,0.0974747,0.0,0.889696505862547,0.110303494137453,snapshot_317.xyz,32,4000,16.757672110741936,4000,all,317
0.0866528,0.0978915,0.0,0.8851922792070813,0.11480772079291868,snapshot_318.xyz,32,4000,16.757672110741936,4000,all,318
0.0867931,0.0971968,0.0,0.8929625255152432,0.10703747448475676,snapshot_319.xyz,32,4000,16.757672110741936,4000,all,319
0.0867229,0.0967797,0.0,0.8960856460600726,0.10391435393992743,snapshot_320.xyz,32,4000,16.757672110741936,4000,all,320
0.0874244,0.0978221,0.0,0.8937080680132609,0.10629193198673914,snapshot_321.xyz,32,4000,16.757672110741936,4000,all,321
0.0865826,0.0976137,0.0,0.8869922971877923,0.11300770281220773,snapshot_322.xyz,32,4000,16.757672110741936,4000,all,322
0.0872842,0.097961,0.0,0.8910096875287105,0.10899031247128954,snapshot_323.xyz,32,4000,16.757672110741936,4000,all,323
0.0861614,0.0971968,0.0,0.8864633403568841,0.11353665964311588,snapshot_324.xyz,32,4000,16.757672110741936,4000,all,324
0.0865124,0.0971273,0.0,0.8907114683513286,0.10928853164867136,snapshot_325.xyz,32,4000,16.757672110741936,4000,all,325
0.0865124,0.0982387,0.0,0.8806346175183507,0.1193653824816493,snapshot_326.xyz,32,4000,16.757672110741936,4000,all,326
0.0856698,0.0966407,0.0,0.8864774365251908,0.11352256347480916,snapshot_327.xyz,32,4000,16.757672110741936,4000,all,327
0.0874945,0.0976137,0.0,0.8963342235772234,0.10366577642277663,snapshot_328.xyz,32,4000,16.757672110741936,4000,all,328
0.0872842,0.0980304,0.0,0.8903789028709462,0.10962109712905377,snapshot_329.xyz,32,4000,16.757672110741936,4000,all,329
0.0871439,0.0972663,0.0,0.8959310675948401,0.10406893240515991,snapshot_330.xyz,32,4000,16.757672110741936,4000,all,330
0.0860912,0.0972663,0.0,0.8851082029438768,0.11489179705612318,snapshot_331.xyz,32,4000,16.757672110741936,4000,all,331
0.0863018,0.0962235,0.0,0.8968890135985491,0.10311098640145089,snapshot_332.xyz,32,4000,16.757672110741936,4000,all,332
0.0867931,0.0973358,0.0,0.8916873339511259,0.10831266604887413,snapshot_333.xyz,32,4000,16.757672110741936,4000,all,333
0.0862316,0.0967102,0.0,0.891649484749282,0.10835051525071804,snapshot_334.xyz,32,4000,16.757672110741936,4000,all,334
0.0856698,0.0971968,0.0,0.8814055606768948,0.1185944393231052,snapshot_335.xyz,32,4000,16.757672110741936,4000,all,335
0.0857401,0.0978915,0.0,0.875868691357268,0.12413130864273203,snapshot_336.xyz,32,4000,16.757672110741936,4000,all,336
0.0862316,0.0973358,0.0,0.8859186445275018,0.1140813554724982,snapshot_337.xyz,32,4000,16.757672110741936,4000,all,337
0.0869334,0.0972663,0.0,0.8937669059067734,0.10623309409322657,snapshot_338.xyz,32,4000,16.757672110741936,4000,all,338
0.0872842,0.0974052,0.0,0.8960938430391807,0.10390615696081928,snapshot_339.xyz,32,4000,16.757672110741936,4000,all,339
0.0869334,0.0973358,0.0,0.8931287357786137,0.10687126422138626,snapshot_340.xyz,32,4000,16.757672110741936,4000,all,340
0.085178,0.0969883,0.0,0.8782296421320923,0.12177035786790769,snapshot_341.xyz,32,4000,16.757672110741936,4000,all,341
0.086021,0.0970578,0.0,0.8862863159890292,0.11371368401097082,snapshot_342.xyz,32,4000,16.757672110741936,4000,all,342
0.0857401,0.0971968,0.0,0.8821288355172187,0.11787116448278134,snapshot_343.xyz,32,4000,16.757672110741936,4000,all,343
0.0865826,0.0981693,0.0,0.8819722662787653,0.11802773372123465,snapshot_344.xyz,32,4000,16.757672110741936,4000,all,344
0.0870737,0.0971968,0.0,0.8958494518338053,0.10415054816619473,snapshot_345.xyz,32,4000,16.757672110741936,4000,all,345
0.0867931,0.0970578,0.0,0.8942413695756549,0.10575863042434508,snapshot_346.xyz,32,4000,16.757672110741936,4000,all,346
0.0866528,0.0969188,0.0,0.8940762782865657,0.10592372171343434,snapshot_347.xyz,32,4000,16.757672110741936,4000,all,347
0.0873543,0.0977526,0.0,0.8936263587873877,0.10637364121261228,snapshot_348.xyz,32,4000,16.757672110741936,4000,all,348
0.0861614,0.0965712,0.0,0.892205957883924,0.10779404211607602,snapshot_349.xyz,32,4000,16.757672110741936,4000,all,349
0.087214,0.0970578,0.0,0.8985779607615256,0.10142203923847437,snapshot_350.xyz,32,4000,16.757672110741936,4000,all,350
0.0864422,0.0978915,0.0,0.883040917750775,0.11695908224922502,snapshot_351.xyz,32,4000,16.757672110741936,4000,all,351
0.086021,0.097961,0.0,0.8781147599554925,0.12188524004450751,snapshot_352.xyz,32,4000,16.757672110741936,4000,all,352
0.086021,0.0972663,0.0,0.8843864730127495,0.11561352698725047,snapshot_353.xyz,32,4000,16.757672110741936,4000,all,353
0.0865826,0.0969883,0.0,0.8927118013203654,0.10728819867963457,snapshot_354.xyz,32,4000,16.757672110741936,4000,all,354
0.0865124,0.0971273,0.0,0.8907114683513286,0.10928853164867136,snapshot_355.xyz,32,4000,16.757672110741936,4000,all,355
0.0867931,0.0976137,0.0,0.8891487567831154,0.11085124321688455,snapshot_356.xyz,32,4000,16.757672110741936,4000,all,356
0.0865826,0.0971968,0.0,0.890796816356094,0.10920318364390602,snapshot_357.xyz,32,4000,16.757672110741936,4000,all,357
0.086372,0.0970578,0.0,0.8899027177619934,0.11009728223800663,snapshot_358.xyz,32,4000,16.757672110741936,4000,all,358
0.0856698,0.0973358,0.0,0.8801468729902051,0.11985312700979489,snapshot_359.xyz,32,4000,16.757672110741936,4000,all,359
0.0867931,0.0971968,0.0,0.8929625255152432,0.10703747448475676,snapshot_360.xyz,32,4000,16.757672110741936,4000,all,360
0.0869334,0.0972663,0.0,0.8937669059067734,0.10623309409322657,snapshot_361.xyz,32,4000,16.757672110741936,4000,all,361
0.0867229,0.0974747,0.0,0.889696505862547,0.110303494137453,snapshot_362.xyz,32,4000,16.757672110741936,4000,all,362
0.0861614,0.0969883,0.0,0.8883690094578418,0.11163099054215819,snapshot_363.xyz,32,4000,16.757672110741936,4000,all,363
0.0859508,0.0967797,0.0,0.8881077333366398,0.11189226666336016,snapshot_364.xyz,32,4000,16.757672110741936,4000,all,364
0.085178,0.0967797,0.0,0.8801225876914271,0.11987741230857285,snapshot_365.xyz,32,4000,16.757672110741936,4000,all,365
0.0870036,0.0971273,0.0,0.8957687488481612,0.10423125115183884,snapshot_366.xyz,32,4000,16.757672110741936,4000,all,366
0.085178,0.0971273,0.0,0.8769727975553733,0.12302720244462673,snapshot_367.xyz,32,4000,16.757672110741936,4000,all,367
0.0864422,0.0970578,0.0,0.8906259981165862,0.10937400188341384,snapshot_368.xyz,32,4000,16.757672110741936,4000,all,368
0.0868633,0.0977526,0.0,0.8886034744855892,0.11139652551441082,snapshot_369.xyz,32,4000,16.757672110741936,4000,all,369
0.0859508,0.0973358,0.0,0.8830337861300774,0.11696621386992256,snapshot_370.xyz,32,4000,16.757672110741936,4000,all,370
0.0858805,0.0972663,0.0,0.8829419850451801,0.11705801495481993,snapshot_371.xyz,32,4000,16.757672110741936,4000,all,371
0.0859508,0.0975442,0.0,0.8811472132633206,0.11885278673667943,snapshot_372.xyz,32,4000,16.757672110741936,4000,all,372
0.086021,0.0980999,0.0,0.8768714341197086,0.12312856588029142,snapshot_373.xyz,32,4000,16.757672110741936,4000,all,373
0.0872842,0.0973358,0.0,0.8967327540329458,0.10326724596705417,snapshot_374.xyz,32,4000,16.757672110741936,4000,all,374
0.086021,0.0967797,0.0,0.8888330920637283,0.11116690793627171,snapshot_375.xyz,32,4000,16.757672110741936,4000,all,375
0.0864422,0.0968493,0.0,0.8925433637620509,0.1074566362379491,snapshot_376.xyz,32,4000,16.757672110741936,4000,all,376
0.0866528,0.0974747,0.0,0.8889773448905204,0.11102265510947962,snapshot_377.xyz,32,4000,16.757672110741936,4000,all,377
0.0869334,0.0974747,0.0,0.8918560405930974,0.10814395940690258,snapshot_378.xyz,32,4000,16.757672110741936,4000,all,378
0.0862316,0.0976137,0.0,0.8833964904516477,0.1166035095483523,snapshot_379.xyz,32,4000,16.757672110741936,4000,all,379
0.0861614,0.0974052,0.0,0.8845667377101017,0.11543326228989825,snapshot_380.xyz,32,4000,16.757672110741936,4000,all,380
0.0867931,0.0968493,0.0,0.8961665184983267,0.10383348150167326,snapshot_381.xyz,32,4000,16.757672110741936,4000,all,381
0.0856698,0.0972663,0.0,0.8807757671464834,0.11922423285351658,snapshot_382.xyz,32,4000,16.757672110741936,4000,all,382
0.0867931,0.0974052,0.0,0.8910520177567522,0.10894798224324775,snapshot_383.xyz,32,4000,16.757672110741936,4000,all,383
0.087214,0.0972663,0.0,0.8966517694206524,0.10334823057934761,snapshot_384.xyz,32,4000,16.757672110741936,4000,all,384
0.087214,0.0971968,0.0,0.8972929149930862,0.10270708500691383,snapshot_385.xyz,32,4000,16.757672110741936,4000,all,385
0.0862316,0.0969188,0.0,0.8897303722291239,0.11026962777087612,snapshot_386.xyz,32,4000,16.757672110741936,4000,all,386
0.0868633,0.0970578,0.0,0.8949646499302478,0.10503535006975218,snapshot_387.xyz,32,4000,16.757672110741936,4000,all,387
0.0858103,0.0971273,0.0,0.8834828107030671,0.11651718929693289,snapshot_388.xyz,32,4000,16.757672110741936,4000,all,388
0.0862316,0.0971968,0.0,0.8871855863567526,0.1128144136432474,snapshot_389.xyz,32,4000,16.757672110741936,4000,all,389
0.0860912,0.0970578,0.0,0.8870095963436221,0.11299040365637791,snapshot_390.xyz,32,4000,16.757672110741936,4000,all,390
0.0862316,0.0974052,0.0,0.885287438452978,0.11471256154702203,snapshot_391.xyz,32,4000,16.757672110741936,4000,all,391
0.085178,0.0977526,0.0,0.8713630123393138,0.1286369876606862,snapshot_392.xyz,32,4000,16.757672110741936,4000,all,392
0.0876348,0.0969188,0.0,0.9042084714214373,0.09579152857856266,snapshot_393.xyz,32,4000,16.757672110741936,4000,all,393
0.0870737,0.0971273,0.0,0.8964904820786741,0.1035095179213259,snapshot_394.xyz,32,4000,16.757672110741936,4000,all,394
0.0867229,0.0973358,0.0,0.89096611935177,0.10903388064823005,snapshot_395.xyz,32,4000,16.757672110741936,4000,all,395
0.0869334,0.0974747,0.0,0.8918560405930974,0.10814395940690258,snapshot_396.xyz,32,4000,16.757672110741936,4000,all,396
0.0859508,0.0971968,0.0,0.8842966023572791,0.11570339764272086,snapshot_397.xyz,32,4000,16.757672110741936,4000,all,397
0.0874945,0.0975442,0.0,0.8969728594831882,0.10302714051681183,snapshot_398.xyz,32,4000,16.757672110741936,4000,all,398
0.0872842,0.0977526,0.0,0.8929092423117135,0.10709075768828646,snapshot_399.xyz,32,4000,16.757672110741936,4000,all,399
0.0879152,0.0976137,0.0,0.900644069428779,0.09935593057122105,snapshot_400.xyz,32,4000,16.757672110741936,4000,all,400
0.0866528,0.0967102,0.0,0.896004764750771,0.10399523524922905,snapshot_401.xyz,32,4000,16.757672110741936,4000,all,401
0.0866528,0.0968493,0.0,0.8947178761230077,0.10528212387699232,snapshot_402.xyz,32,4000,16.757672110741936,4000,all,402
0.087775,0.0971968,0.0,0.9030647099492988,0.09693529005070123,snapshot_403.xyz,32,4000,16.757672110741936,4000,all,403
0.0858805,0.0969883,0.0,0.885472783830627,0.114527216169373,snapshot_404.xyz,32,4000,16.757672110741936,4000,all,404
0.0869334,0.0971273,0.0,0.8950459860409997,0.10495401395900028,snapshot_405.xyz,32,4000,16.757672110741936,4000,all,405
0.0863018,0.0977526,0.0,0.882859381745345,0.11714061825465505,snapshot_406.xyz,32,4000,16.757672110741936,4000,all,406
0.0869334,0.0969883,0.0,0.8963287324347369,0.10367126756526313,snapshot_407.xyz,32,4000,16.757672110741936,4000,all,407
0.0885458,0.0978221,0.0,0.9051717352213866,0.09482826477861339,snapshot_408.xyz,32,4000,16.757672110741936,4000,all,408
0.0873543,0.0976137,0.0,0.8948979497754925,0.10510205022450747,snapshot_409.xyz,32,4000,16.757672110741936,4000,all,409
0.0876348,0.0969883,0.0,0.9035605325590819,0.09643946744091814,snapshot_410.xyz,32,4000,16.757672110741936,4000,all,410
0.0870036,0.0976831,0.0,0.8906719790833829,0.10932802091661709,snapshot_411.xyz,32,4000,16.757672110741936,4000,all,411
0.0868633,0.0974747,0.0,0.891136879621071,0.10886312037892898,snapshot_412.xyz,32,4000,16.757672110741936,4000,all,412
0.0874945,0.0974052,0.0,0.8982528653501045,0.10174713464989549,snapshot_413.xyz,32,4000,16.757672110741936,4000,all,413
0.0882656,0.0971968,0.0,0.9081122012247317,0.09188779877526831,snapshot_414.xyz,32,4000,16.757672110741936,4000,all,414
0.0874945,0.0976137,0.0,0.8963342235772234,0.10366577642277663,snapshot_415.xyz,32,4000,16.757672110741936,4000,all,415
0.0867229,0.0971968,0.0,0.8922402795153751,0.1077597204846249,snapshot_416.xyz,32,4000,16.757672110741936,4000,all,416
0.0866528,0.0977526,0.0,0.8864500790771807,0.11354992092281935,snapshot_417.xyz,32,4000,16.757672110741936,4000,all,417
0.0871439,0.0975442,0.0,0.8933785914487996,0.10662140855120039,snapshot_418.xyz,32,4000,16.757672110741936,4000,all,418
0.0864422,0.0969188,0.0,0.8919033252578447,0.10809667474215534,snapshot_419.xyz,32,4000,16.757672110741936,4000,all,419
0.0873543,0.0971968,0.0,0.8987363781523671,0.10126362184763293,snapshot_420.xyz,32,4000,16.757672110741936,4000,all,420
0.0879852,0.0980304,0.0,0.897529745874749,0.10247025412525101,snapshot_421.xyz,32,4000,16.757672110741936,4000,all,421
0.087214,0.0969883,0.0,0.8992218649053546,0.1007781350946454,snapshot_422.xyz,32,4000,16.757672110741936,4000,all,422
0.0877049,0.0971968,0.0,0.9023434927898861,0.09765650721011387,snapshot_423.xyz,32,4000,16.757672110741936,4000,all,423
0.0869334,0.0974052,0.0,0.8924923926032696,0.10750760739673038,snapshot_424.xyz,32,4000,16.757672110741936,4000,all,424
0.087775,0.0973358,0.0,0.9017750920010932,0.09822490799890682,snapshot_425.xyz,32,4000,16.757672110741936,4000,all,425
0.0880553,0.0975442,0.0,0.9027220480561633,0.0972779519438367,snapshot_426.xyz,32,4000,16.757672110741936,4000,all,426
0.0873543,0.0972663,0.0,0.8980942011775918,0.10190579882240824,snapshot_427.xyz,32,4000,16.757672110741936,4000,all,427
0.0874945,0.0967797,0.0,0.9040583924108052,0.09594160758919479,snapshot_428.xyz,32,4000,16.757672110741936,4000,all,428
0.0881254,0.0966407,0.0,0.9118870206859016,0.08811297931409845,snapshot_429.xyz,32,4000,16.757672110741936,4000,all,429
0.0884757,0.0969883,0.0,0.9122306505011429,0.08776934949885706,snapshot_430.xyz,32,4000,16.757672110741936,4000,all,430
0.0877049,0.0972663,0.0,0.901698738411968,0.09830126158803199,snapshot_431.xyz,32,4000,16.757672110741936,4000,all,431
0.0865124,0.0967102,0.0,0.8945530047502745,0.10544699524972545,snapshot_432.xyz,32,4000,16.757672110741936,4000,all,432
0.0866528,0.0974052,0.0,0.8896116429102349,0.11038835708976513,snapshot_433.xyz,32,4000,16.757672110741936,4000,all,433
0.0876348,0.0973358,0.0,0.9003347175448293,0.0996652824551707,snapshot_434.xyz,32,4000,16.757672110741936,4000,all,434
0.0880553,0.098447,0.0,0.8944437108291771,0.10555628917082294,snapshot_435.xyz,32,4000,16.757672110741936,4000,all,435
0.0884757,0.0971968,0.0,0.9102737950220584,0.08972620497794159,snapshot_436.xyz,32,4000,16.757672110741936,4000,all,436
0.0881955,0.0975442,0.0,0.904159345199407,0.095840654800593,snapshot_437.xyz,32,4000,16.757672110741936,4000,all,437
0.0884757,0.0977526,0.0,0.905098176416791,0.09490182358320898,snapshot_438.xyz,32,4000,16.757672110741936,4000,all,438
0.0883356,0.0967102,0.0,0.9134052044148394,0.08659479558516059,snapshot_439.xyz,32,4000,16.757672110741936,4000,all,439
0.0878451,0.0973358,0.0,0.902495279229225,0.09750472077077499,snapshot_440.xyz,32,4000,16.757672110741936,4000,all,440
0.0881955,0.0969188,0.0,0.9099937267073055,0.0900062732926945,snapshot_441.xyz,32,4000,16.757672110741936,4000,all,441
0.0884757,0.0975442,0.0,0.9070318891333365,0.09296811086666346,snapshot_442.xyz,32,4000,16.757672110741936,4000,all,442
0.0885458,0.0971968,0.0,0.9109950121814709,0.08900498781852906,snapshot_443.xyz,32,4000,16.757672110741936,4000,all,443
0.0873543,0.0971968,0.0,0.8987363781523671,0.10126362184763293,snapshot_444.xyz,32,4000,16.757672110741936,4000,all,444
0.0880553,0.0974052,0.0,0.9040102581792349,0.09598974182076514,snapshot_445.xyz,32,4000,16.757672110741936,4000,all,445
0.0886158,0.0976137,0.0,0.9078213406519782,0.09217865934802183,snapshot_446.xyz,32,4000,16.757672110741936,4000,all,446
0.0884057,0.0976831,0.0,0.905025536658849,0.094974463341151,snapshot_447.xyz,32,4000,16.757672110741936,4000,all,447
0.0886158,0.0967102,0.0,0.9163025203132658,0.08369747968673424,snapshot_448.xyz,32,4000,16.757672110741936,4000,all,448
0.0881254,0.0971968,0.0,0.9066697669059064,0.0933302330940936,snapshot_449.xyz,32,4000,16.757672110741936,4000,all,449
0.0881955,0.0976137,0.0,0.9035155925858768,0.09648440741412323,snapshot_450.xyz,32,4000,16.757672110741936,4000,all,450
0.0879852,0.0975442,0.0,0.9020033994845413,0.09799660051545867,snapshot_451.xyz,32,4000,16.757672110741936,4000,all,451
0.0877049,0.0971968,0.0,0.9023434927898861,0.09765650721011387,snapshot_452.xyz,32,4000,16.757672110741936,4000,all,452
0.0879852,0.0972663,0.0,0.9045805176099019,0.09541948239009812,snapshot_453.xyz,32,4000,16.757672110741936,4000,all,453
0.0874945,0.0964321,0.0,0.9073171692828425,0.09268283071715755,snapshot_454.xyz,32,4000,16.757672110741936,4000,all,454
0.0884057,0.0974747,0.0,0.9069604728201267,0.0930395271798733,snapshot_455.xyz,32,4000,16.757672110741936,4000,all,455
0.0876348,0.0974747,0.0,0.8990517539423051,0.10094824605769492,snapshot_456.xyz,32,4000,16.757672110741936,4000,all,456
0.0881254,0.0972663,0.0,0.9060219212615264,0.09397807873847364,snapshot_457.xyz,32,4000,16.757672110741936,4000,all,457
0.0879152,0.0976137,0.0,0.900644069428779,0.09935593057122105,snapshot_458.xyz,32,4000,16.757672110741936,4000,all,458
0.0884757,0.0971273,0.0,0.910925146688933,0.08907485331106701,snapshot_459.xyz,32,4000,16.757672110741936,4000,all,459
0.0884057,0.0973358,0.0,0.9082547223118319,0.09174527768816809,snapshot_460.xyz,32,4000,16.757672110741936,4000,all,460
0.0881955,0.0969188,0.0,0.9099937267073055,0.0900062732926945,snapshot_461.xyz,32,4000,16.757672110741936,4000,all,461
0.089176,0.0976831,0.0,0.9129112405318833,0.08708875946811667,snapshot_462.xyz,32,4000,16.757672110741936,4000,all,462
0.089036,0.0975442,0.0,0.9127759518249163,0.08722404817508367,snapshot_463.xyz,32,4000,16.757672110741936,4000,all,463
0.0881254,0.0976831,0.0,0.9021560536059975,0.09784394639400251,snapshot_464.xyz,32,4000,16.757672110741936,4000,all,464
0.088896,0.0975442,0.0,0.9113407050342307,0.0886592949657693,snapshot_465.xyz,32,4000,16.757672110741936,4000,all,465
0.0879852,0.0976831,0.0,0.9007208002203043,0.09927919977969568,snapshot_466.xyz,32,4000,16.757672110741936,4000,all,466
0.0886158,0.0965016,0.0,0.9182832201745876,0.08171677982541237,snapshot_467.xyz,32,4000,16.757672110741936,4000,all,467
0.0883356,0.0974052,0.0,0.9068879279545651,0.09311207204543492,snapshot_468.xyz,32,4000,16.757672110741936,4000,all,468
0.0886859,0.0975442,0.0,0.9091868096719231,0.09081319032807689,snapshot_469.xyz,32,4000,16.757672110741936,4000,all,469
0.089456,0.0974052,0.0,0.9183903939420072,0.08160960605799283,snapshot_470.xyz,32,4000,16.757672110741936,4000,all,470
0.0888259,0.0978221,0.0,0.9080350963637052,0.09196490363629484,snapshot_471.xyz,32,4000,16.757672110741936,4000,all,471
0.089386,0.0975442,0.0,0.9163640688016303,0.08363593119836965,snapshot_472.xyz,32,4000,16.757672110741936,4000,all,472
0.089176,0.097961,0.0,0.9103214544563653,0.08967854554363475,snapshot_473.xyz,32,4000,16.757672110741936,4000,all,473
0.089106,0.0968493,0.0,0.9200479507853955,0.07995204921460453,snapshot_474.xyz,32,4000,16.757672110741936,4000,all,474
0.0882656,0.097961,0.0,0.9010279601065729,0.09897203989342707,snapshot_475.xyz,32,4000,16.757672110741936,4000,all,475
0.089106,0.0969883,0.0,0.9187293725119422,0.0812706274880578,snapshot_476.xyz,32,4000,16.757672110741936,4000,all,476
0.0886859,0.0971968,0.0,0.9124364176598406,0.08756358234015937,snapshot_477.xyz,32,4000,16.757672110741936,4000,all,477
0.0883356,0.0976831,0.0,0.9043079099660024,0.09569209003399759,snapshot_478.xyz,32,4000,16.757672110741936,4000,all,478
0.0886859,0.0976831,0.0,0.9078939959931657,0.09210600400683433,snapshot_479.xyz,32,4000,16.757672110741936,4000,all,479
0.0886158,0.0971968,0.0,0.911715200500428,0.08828479949957202,snapshot_480.xyz,32,4000,16.757672110741936,4000,all,480
0.0884057,0.0985164,0.0,0.8973703870624586,0.10262961293754136,snapshot_481.xyz,32,4000,16.757672110741936,4000,all,481
0.089596,0.0973358,0.0,0.9204835219929357,0.0795164780070643,snapshot_482.xyz,32,4000,16.757672110741936,4000,all,482
0.089246,0.097961,0.0,0.9110360245403784,0.08896397545962165,snapshot_483.xyz,32,4000,16.757672110741936,4000,all,483
0.0885458,0.0978915,0.0,0.9045300153741641,0.09546998462583589,snapshot_484.xyz,32,4000,16.757672110741936,4000,all,484
0.088966,0.0973358,0.0,0.9140110832807662,0.08598891671923381,snapshot_485.xyz,32,4000,16.757672110741936,4000,all,485
0.0888259,0.0974747,0.0,0.9112713350233446,0.08872866497665544,snapshot_486.xyz,32,4000,16.757672110741936,4000,all,486
0.089526,0.0969883,0.0,0.9230597917480767,0.07694020825192327,snapshot_487.xyz,32,4000,16.757672110741936,4000,all,487
0.089316,0.0970578,0.0,0.9202351588434934,0.07976484115650662,snapshot_488.xyz,32,4000,16.757672110741936,4000,all,488
0.089106,0.0971273,0.0,0.9174145683036593,0.0825854316963407,snapshot_489.xyz,32,4000,16.757672110741936,4000,all,489
0.0899458,0.0969883,0.0,0.9273881488798134,0.07261185112018664,snapshot_490.xyz,32,4000,16.757672110741936,4000,all,490
0.0884057,0.097961,0.0,0.9024581210890048,0.0975418789109952,snapshot_491.xyz,32,4000,16.757672110741936,4000,all,491
0.0885458,0.0969188,0.0,0.9136080925475758,0.0863919074524242,snapshot_492.xyz,32,4000,16.757672110741936,4000,all,492
0.089386,0.0971273,0.0,0.9202973829191174,0.07970261708088255,snapshot_493.xyz,32,4000,16.757672110741936,4000,all,493
0.089106,0.0977526,0.0,0.9115460867537029,0.08845391324629714,snapshot_494.xyz,32,4000,16.757672110741936,4000,all,494
0.089316,0.0976831,0.0,0.914344446480507,0.08565555351949306,snapshot_495.xyz,32,4000,16.757672110741936,4000,all,495
0.089176,0.0974747,0.0,0.9148630362545359,0.08513696374546409,snapshot_496.xyz,32,4000,16.757672110741936,4000,all,496
0.0885458,0.0977526,0.0,0.9058152928924652,0.09418470710753479,snapshot_497.xyz,32,4000,16.757672110741936,4000,all,497
0.088966,0.0977526,0.0,0.9101138997837398,0.0898861002162602,snapshot_498.xyz,32,4000,16.757672110741936,4000,all,498
0.089036,0.0967797,0.0,0.9199863194450904,0.08001368055490965,snapshot_499.xyz,32,4000,16.757672110741936,4000,all,499
0.089316,0.0975442,0.0,0.9156464454062877,0.0843535545937123,snapshot_500.xyz,32,4000,16.757672110741936,4000,all,500
0.089036,0.0974052,0.0,0.9140785091555688,0.08592149084443124,snapshot_501.xyz,32,4000,16.757672110741936,4000,all,501
0.089386,0.0971273,0.0,0.9202973829191174,0.07970261708088255,snapshot_502.xyz,32,4000,16.757672110741936,4000,all,502
0.089456,0.0976137,0.0,0.9164287389987266,0.08357126100127343,snapshot_503.xyz,32,4000,16.757672110741936,4000,all,503
0.089456,0.0976831,0.0,0.9157776524291306,0.08422234757086944,snapshot_504.xyz,32,4000,16.757672110741936,4000,all,504
0.0899458,0.0969188,0.0,0.9280531744099185,0.07194682559008148,snapshot_505.xyz,32,4000,16.757672110741936,4000,all,505
0.0902955,0.0983776,0.0,0.9178461357056892,0.08215386429431082,snapshot_506.xyz,32,4000,16.757672110741936,4000,all,506
0.0897359,0.0982387,0.0,0.9134475517285957,0.08655244827140429,snapshot_507.xyz,32,4000,16.757672110741936,4000,all,507
0.0898059,0.0971968,0.0,0.9239594307631527,0.07604056923684732,snapshot_508.xyz,32,4000,16.757672110741936,4000,all,508
0.089526,0.097961,0.0,0.9138943048764303,0.08610569512356969,snapshot_509.xyz,32,4000,16.757672110741936,4000,all,509
0.0899458,0.0965712,0.0,0.9313936246002951,0.06860637539970493,snapshot_510.xyz,32,4000,16.757672110741936,4000,all,510
0.0898758,0.0971273,0.0,0.9253402493428727,0.07465975065712727,snapshot_511.xyz,32,4000,16.757672110741936,4000,all,511
0.0905053,0.0969883,0.0,0.9331568859336641,0.06684311406633592,snapshot_512.xyz,32,4000,16.757672110741936,4000,all,512
0.0906451,0.0976137,0.0,0.9286104307079848,0.07138956929201523,snapshot_513.xyz,32,4000,16.757672110741936,4000,all,513
0.090715,0.0970578,0.0,0.9346492502405783,0.06535074975942168,snapshot_514.xyz,32,4000,16.757672110741936,4000,all,514
0.0896659,0.0976137,0.0,0.9185790519158684,0.08142094808413158,snapshot_515.xyz,32,4000,16.757672110741936,4000,all,515
0.0900857,0.0969188,0.0,0.9294966508045911,0.0705033491954089,snapshot_516.xyz,32,4000,16.757672110741936,4000,all,516
0.0906451,0.0976137,0.0,0.9286104307079848,0.07138956929201523,snapshot_517.xyz,32,4000,16.757672110741936,4000,all,517
0.0911344,0.097961,0.0,0.9303130837782383,0.06968691622176171,snapshot_518.xyz,32,4000,16.757672110741936,4000,all,518
0.0905752,0.0982387,0.0,0.9219910279757366,0.07800897202426338,snapshot_519.xyz,32,4000,16.757672110741936,4000,all,519
0.0909946,0.097961,0.0,0.9288859852390235,0.07111401476097645,snapshot_520.xyz,32,4000,16.757672110741936,4000,all,520
0.0900857,0.0974052,0.0,0.9248551412039604,0.0751448587960396,snapshot_521.xyz,32,4000,16.757672110741936,4000,all,521
0.0905053,0.0980304,0.0,0.9232370774780068,0.07676292252199324,snapshot_522.xyz,32,4000,16.757672110741936,4000,all,522
0.090715,0.0971273,0.0,0.9339804565760605,0.06601954342393945,snapshot_523.xyz,32,4000,16.757672110741936,4000,all,523
0.0909247,0.0973358,0.0,0.9341342034482687,0.0658657965517313,snapshot_524.xyz,32,4000,16.757672110741936,4000,all,524
0.0906451,0.0980304,0.0,0.9246631657118608,0.0753368342881392,snapshot_525.xyz,32,4000,16.757672110741936,4000,all,525
0.0905752,0.0981693,0.0,0.9226428221450086,0.07735717785499141,snapshot_526.xyz,32,4000,16.757672110741936,4000,all,526
0.0908548,0.0978221,0.0,0.9287758083296106,0.0712241916703894,snapshot_527.xyz,32,4000,16.757672110741936,4000,all,527
0.0914138,0.0974052,0.0,0.9384899368822199,0.06151006311778007,snapshot_528.xyz,32,4000,16.757672110741936,4000,all,528
0.091344,0.0981693,0.0,0.9304741910149099,0.06952580898509009,snapshot_529.xyz,32,4000,16.757672110741936,4000,all,529
0.0910645,0.0971273,0.0,0.9375788269621415,0.062421173037858546,snapshot_530.xyz,32,4000,16.757672110741936,4000,all,530
0.0909247,0.0975442,0.0,0.9321384562075449,0.06786154379245513,snapshot_531.xyz,32,4000,16.757672110741936,4000,all,531
0.0907849,0.0978221,0.0,0.9280612458738875,0.0719387541261125,snapshot_532.xyz,32,4000,16.757672110741936,4000,all,532
0.0909946,0.0973358,0.0,0.9348523359339523,0.06514766406604766,snapshot_533.xyz,32,4000,16.757672110741936,4000,all,533
0.0915535,0.0974747,0.0,0.9392539807765502,0.0607460192234498,snapshot_534.xyz,32,4000,16.757672110741936,4000,all,534
0.0911344,0.0975442,0.0,0.9342882508647362,0.06571174913526379,snapshot_535.xyz,32,4000,16.757672110741936,4000,all,535
0.0912741,0.0976137,0.0,0.9350541983348649,0.06494580166513508,snapshot_536.xyz,32,4000,16.757672110741936,4000,all,536
0.0922518,0.098447,0.0,0.9370707080967423,0.06292929190325769,snapshot_537.xyz,32,4000,16.757672110741936,4000,all,537
0.0915535,0.0974052,0.0,0.939924151893328,0.06007584810667199,snapshot_538.xyz,32,4000,16.757672110741936,4000,all,538
0.0912042,0.0978915,0.0,0.9316866122186297,0.0683133877813703,snapshot_539.xyz,32,4000,16.757672110741936,4000,all,539
0.0909946,0.097961,0.0,0.9288859852390235,0.07111401476097645,snapshot_540.xyz,32,4000,16.757672110741936,4000,all,540
0.0915535,0.0972663,0.0,0.9412663995649058,0.058733600435094235,snapshot_541.xyz,32,4000,16.757672110741936,4000,all,541
0.0914138,0.0974052,0.0,0.9384899368822199,0.06151006311778007,snapshot_542.xyz,32,4000,16.757672110741936,4000,all,542
0.0919027,0.0980304,0.0,0.9374918392661868,0.06250816073381316,snapshot_543.xyz,32,4000,16.757672110741936,4000,all,543
0.0909247,0.0980999,0.0,0.9268582332907577,0.07314176670924233,snapshot_544.xyz,32,4000,16.757672110741936,4000,all,544
0.0914837,0.0976831,0.0,0.9365355931578748,0.06346440684212518,snapshot_545.xyz,32,4000,16.757672110741936,4000,all,545
0.0915535,0.0975442,0.0,0.9385847646502816,0.06141523534971838,snapshot_546.xyz,32,4000,16.757672110741936,4000,all,546
0.0918329,0.0972663,0.0,0.9441389258150047,0.05586107418499531,snapshot_547.xyz,32,4000,16.757672110741936,4000,all,547
0.0921122,0.0975442,0.0,0.9443124245213965,0.05568757547860348,snapshot_548.xyz,32,4000,16.757672110741936,4000,all,548
0.0910645,0.0976137,0.0,0.932906958756814,0.06709304124318605,snapshot_549.xyz,32,4000,16.757672110741936,4000,all,549
0.0919726,0.0976137,0.0,0.942209956184429,0.05779004381557096,snapshot_550.xyz,32,4000,16.757672110741936,4000,all,550
0.0916932,0.0971968,0.0,0.9433767366826892,0.056623263317310824,snapshot_551.xyz,32,4000,16.757672110741936,4000,all,551
0.0918329,0.0976831,0.0,0.9401104182811562,0.05988958171884384,snapshot_552.xyz,32,4000,16.757672110741936,4000,all,552
0.0919726,0.0973358,0.0,0.9449000265061775,0.05509997349382245,snapshot_553.xyz,32,4000,16.757672110741936,4000,all,553
0.092182,0.0976137,0.0,0.944355146869753,0.05564485313024703,snapshot_554.xyz,32,4000,16.757672110741936,4000,all,554
0.0916932,0.0978915,0.0,0.9366819386770046,0.06331806132299544,snapshot_555.xyz,32,4000,16.757672110741936,4000,all,555
0.0914138,0.0967797,0.0,0.9445555214574958,0.05544447854250423,snapshot_556.xyz,32,4000,16.757672110741936,4000,all,556
0.0914138,0.097961,0.0,0.933165239227856,0.06683476077214401,snapshot_557.xyz,32,4000,16.757672110741936,4000,all,557
0.0918329,0.0975442,0.0,0.9414491071739786,0.05855089282602144,snapshot_558.xyz,32,4000,16.757672110741936,4000,all,558
0.0914138,0.0978221,0.0,0.934490263447626,0.06550973655237402,snapshot_559.xyz,32,4000,16.757672110741936,4000,all,559
0.0901556,0.0969188,0.0,0.9302178731061466,0.06978212689385344,snapshot_560.xyz,32,4000,16.757672110741936,4000,all,560
0.0908548,0.0970578,0.0,0.9360896290663914,0.06391037093360863,snapshot_561.xyz,32,4000,16.757672110741936,4000,all,561
0.0914138,0.0972663,0.0,0.9398301364398564,0.060169863560143644,snapshot_562.xyz,32,4000,16.757672110741936,4000,all,562
0.0916932,0.0980304,0.0,0.9353547470988591,0.06464525290114087,snapshot_563.xyz,32,4000,16.757672110741936,4000,all,563
0.0917631,0.0967797,0.0,0.9481647494257577,0.05183525057424232,snapshot_564.xyz,32,4000,16.757672110741936,4000,all,564
0.0908548,0.0967102,0.0,0.9394541630562236,0.060545836943776354,snapshot_565.xyz,32,4000,16.757672110741936,4000,all,565
0.0914138,0.0971273,0.0,0.9411751381949257,0.05882486180507429,snapshot_566.xyz,32,4000,16.757672110741936,4000,all,566
0.090715,0.0970578,0.0,0.9346492502405783,0.06535074975942168,snapshot_567.xyz,32,4000,16.757672110741936,4000,all,567
0.0910645,0.0975442,0.0,0.9335716526456725,0.06642834735432745,snapshot_568.xyz,32,4000,16.757672110741936,4000,all,568
0.0912042,0.0969188,0.0,0.9410372394210411,0.058962760578958884,snapshot_569.xyz,32,4000,16.757672110741936,4000,all,569
0.0911344,0.0975442,0.0,0.9342882508647362,0.06571174913526379,snapshot_570.xyz,32,4000,16.757672110741936,4000,all,570
0.0915535,0.0973358,0.0,0.9405943137057485,0.05940568629425147,snapshot_571.xyz,32,4000,16.757672110741936,4000,all,571
0.0912042,0.0973358,0.0,0.937005706019779,0.06299429398022105,snapshot_572.xyz,32,4000,16.757672110741936,4000,all,572
0.091344,0.0978915,0.0,0.9331147239545823,0.06688527604541772,snapshot_573.xyz,32,4000,16.757672110741936,4000,all,573
0.0914138,0.0974052,0.0,0.9384899368822199,0.06151006311778007,snapshot_574.xyz,32,4000,16.757672110741936,4000,all,574
0.0905053,0.0971273,0.0,0.9318214343444119,0.06817856565558811,snapshot_575.xyz,32,4000,16.757672110741936,4000,all,575
0.0909247,0.0965712,0.0,0.9415301870536972,0.058469812946302824,snapshot_576.xyz,32,4000,16.757672110741936,4000,all,576
0.0909946,0.0974052,0.0,0.9341862652096602,0.0658137347903398,snapshot_577.xyz,32,4000,16.757672110741936,4000,all,577
0.0909946,0.0981693,0.0,0.9269150335186254,0.07308496648137464,snapshot_578.xyz,32,4000,16.757672110741936,4000,all,578
0.0909247,0.0969883,0.0,0.9374811188566043,0.06251888114339565,snapshot_579.xyz,32,4000,16.757672110741936,4000,all,579
0.0909946,0.0966407,0.0,0.9415763751711236,0.05842362482887642,snapshot_580.xyz,32,4000,16.757672110741936,4000,all,580
0.0918329,0.0970578,0.0,0.9461671292776057,0.05383287072239429,snapshot_581.xyz,32,4000,16.757672110741936,4000,all,581
0.0911344,0.0974747,0.0,0.934954403552922,0.06504559644707797,snapshot_582.xyz,32,4000,16.757672110741936,4000,all,582
0.0922518,0.0980304,0.0,0.9410529794839151,0.058947020516084914,snapshot_583.xyz,32,4000,16.757672110741936,4000,all,583
0.0915535,0.0968493,0.0,0.9453191711246235,0.05468082887537651,snapshot_584.xyz,32,4000,16.757672110741936,4000,all,584
0.0912042,0.0970578,0.0,0.9396895458170286,0.06031045418297143,snapshot_585.xyz,32,4000,16.757672110741936,4000,all,585
0.0919027,0.0971968,0.0,0.9455321574372819,0.05446784256271808,snapshot_586.xyz,32,4000,16.757672110741936,4000,all,586
0.0902256,0.0971273,0.0,0.9289417084588988,0.07105829154110122,snapshot_587.xyz,32,4000,16.757672110741936,4000,all,587
0.0907849,0.0972663,0.0,0.9333643821138462,0.0666356178861538,snapshot_588.xyz,32,4000,16.757672110741936,4000,all,588
0.0909946,0.0972663,0.0,0.9355203189593929,0.06447968104060708,snapshot_589.xyz,32,4000,16.757672110741936,4000,all,589
0.090715,0.0971273,0.0,0.9339804565760605,0.06601954342393945,snapshot_590.xyz,32,4000,16.757672110741936,4000,all,590
0.0908548,0.0975442,0.0,0.9314218579884811,0.0685781420115189,snapshot_591.xyz,32,4000,16.757672110741936,4000,all,591
0.0922518,0.0968493,0.0,0.952529341977691,0.04747065802230899,snapshot_592.xyz,32,4000,16.757672110741936,4000,all,592
0.0910645,0.0967797,0.0,0.9409462934892339,0.059053706510766135,snapshot_593.xyz,32,4000,16.757672110741936,4000,all,593
0.0917631,0.0975442,0.0,0.9407335341311939,0.05926646586880613,snapshot_594.xyz,32,4000,16.757672110741936,4000,all,594
0.0916234,0.0975442,0.0,0.9393013628693453,0.06069863713065471,snapshot_595.xyz,32,4000,16.757672110741936,4000,all,595
0.0916932,0.0972663,0.0,0.9427026626899553,0.057297337310044716,snapshot_596.xyz,32,4000,16.757672110741936,4000,all,596
0.0916932,0.0971968,0.0,0.9433767366826892,0.056623263317310824,snapshot_597.xyz,32,4000,16.757672110741936,4000,all,597
0.0918329,0.0967102,0.0,0.9495678842562625,0.050432115743737516,snapshot_598.xyz,32,4000,16.757672110741936,4000,all,598
0.0909247,0.0965712,0.0,0.9415301870536972,0.058469812946302824,snapshot_599.xyz,32,4000,16.757672110741936,4000,all,599
0.0909946,0.0975442,0.0,0.9328550544266087,0.06714494557339135,snapshot_600.xyz,32,4000,16.757672110741936,4000,all,600
0.0914837,0.0974747,0.0,0.93853789752623,0.06146210247377004,snapshot_601.xyz,32,4000,16.757672110741936,4000,all,601
0.0911344,0.0969188,0.0,0.9403170489110473,0.05968295108895272,snapshot_602.xyz,32,4000,16.757672110741936,4000,all,602
0.0911344,0.0977526,0.0,0.9322964299670803,0.06770357003291971,snapshot_603.xyz,32,4000,16.757672110741936,4000,all,603
0.0923216,0.0970578,0.0,0.951202273284579,0.04879772671542104,snapshot_604.xyz,32,4000,16.757672110741936,4000,all,604
0.0909946,0.0968493,0.0,0.9395483498590077,0.0604516501409923,snapshot_605.xyz,32,4000,16.757672110741936,4000,all,605
0.0902256,0.0973358,0.0,0.9269518512202088,0.07304814877979116,snapshot_606.xyz,32,4000,16.757672110741936,4000,all,606
0.0917631,0.0969883,0.0,0.9461254604936884,0.0538745395063116,snapshot_607.xyz,32,4000,16.757672110741936,4000,all,607
0.0916234,0.0967797,0.0,0.9467212648933608,0.05327873510663916,snapshot_608.xyz,32,4000,16.757672110741936,4000,all,608
0.0906451,0.0972663,0.0,0.9319270908834818,0.0680729091165182,snapshot_609.xyz,32,4000,16.757672110741936,4000,all,609
0.0906451,0.0967102,0.0,0.9372858292093286,0.06271417079067143,snapshot_610.xyz,32,4000,16.757672110741936,4000,all,610
0.0911344,0.0964321,0.0,0.9450628991798374,0.054937100820162565,snapshot_611.xyz,32,4000,16.757672110741936,4000,all,611
0.0919726,0.0977526,0.0,0.9408711379543869,0.05912886204561307,snapshot_612.xyz,32,4000,16.757672110741936,4000,all,612
0.0915535,0.0971273,0.0,0.9426134567727096,0.05738654322729042,snapshot_613.xyz,32,4000,16.757672110741936,4000,all,613
0.0910645,0.0976831,0.0,0.9322441650602817,0.06775583493971826,snapshot_614.xyz,32,4000,16.757672110741936,4000,all,614
0.0909247,0.0978221,0.0,0.9294903707853338,0.07050962921466619,snapshot_615.xyz,32,4000,16.757672110741936,4000,all,615
0.0907849,0.0971968,0.0,0.9340317788239942,0.06596822117600576,snapshot_616.xyz,32,4000,16.757672110741936,4000,all,616
0.091344,0.0972663,0.0,0.939112518929989,0.06088748107001096,snapshot_617.xyz,32,4000,16.757672110741936,4000,all,617
0.0919726,0.0975442,0.0,0.942881278435827,0.05711872156417297,snapshot_618.xyz,32,4000,16.757672110741936,4000,all,618
0.0915535,0.0971968,0.0,0.941939446566142,0.058060553433857964,snapshot_619.xyz,32,4000,16.757672110741936,4000,all,619
0.092182,0.0971273,0.0,0.949084346007765,0.050915653992234966,snapshot_620.xyz,32,4000,16.757672110741936,4000,all,620
0.0910645,0.0973358,0.0,0.935570468419636,0.06442953158036402,snapshot_621.xyz,32,4000,16.757672110741936,4000,all,621
0.0919027,0.0976831,0.0,0.9408249738183986,0.05917502618160142,snapshot_622.xyz,32,4000,16.757672110741936,4000,all,622
0.0915535,0.0969188,0.0,0.9446412873456955,0.055358712654304476,snapshot_623.xyz,32,4000,16.757672110741936,4000,all,623
0.0919027,0.0962235,0.0,0.9550962083067026,0.04490379169329739,snapshot_624.xyz,32,4000,16.757672110741936,4000,all,624
0.0916932,0.0974052,0.0,0.9413583669044364,0.05864163309556358,snapshot_625.xyz,32,4000,16.757672110741936,4000,all,625
0.0911344,0.0973358,0.0,0.9362886009053195,0.06371139909468049,snapshot_626.xyz,32,4000,16.757672110741936,4000,all,626
0.0921122,0.0960843,0.0,0.958660259792703,0.04133974020729703,snapshot_627.xyz,32,4000,16.757672110741936,4000,all,627
0.091344,0.097961,0.0,0.9324527107726543,0.06754728922734565,snapshot_628.xyz,32,4000,16.757672110741936,4000,all,628
0.091344,0.0966407,0.0,0.9451918291154762,0.05480817088452383,snapshot_629.xyz,32,4000,16.757672110741936,4000,all,629
0.0918329,0.0973358,0.0,0.9434647889060345,0.05653521109396553,snapshot_630.xyz,32,4000,16.757672110741936,4000,all,630
0.0909247,0.0973358,0.0,0.9341342034482687,0.0658657965517313,snapshot_631.xyz,32,4000,16.757672110741936,4000,all,631
0.0919726,0.0971273,0.0,0.9469284125060616,0.053071587493938366,snapshot_632.xyz,32,4000,16.757672110741936,4000,all,632
0.0906451,0.0966407,0.0,0.9379598864660542,0.062040113533945784,snapshot_633.xyz,32,4000,16.757672110741936,4000,all,633
0.0915535,0.0971273,0.0,0.9426134567727096,0.05738654322729042,snapshot_634.xyz,32,4000,16.757672110741936,4000,all,634
0.0916932,0.0976137,0.0,0.9393476530446034,0.06065234695539656,snapshot_635.xyz,32,4000,16.757672110741936,4000,all,635
0.0915535,0.0975442,0.0,0.9385847646502816,0.06141523534971838,snapshot_636.xyz,32,4000,16.757672110741936,4000,all,636
0.092182,0.0980999,0.0,0.9396747601169827,0.0603252398830173,snapshot_637.xyz,32,4000,16.757672110741936,4000,all,637
0.0909946,0.0967102,0.0,0.9408997189541537,0.059100281045846303,snapshot_638.xyz,32,4000,16.757672110741936,4000,all,638
0.0916234,0.0976137,0.0,0.9386325894828287,0.06136741051717132,snapshot_639.xyz,32,4000,16.757672110741936,4000,all,639
0.0912741,0.0975442,0.0,0.9357204221265847,0.06427957787341532,snapshot_640.xyz,32,4000,16.757672110741936,4000,all,640
0.0914837,0.0967797,0.0,0.9452777803609642,0.054722219639035785,snapshot_641.xyz,32,4000,16.757672110741936,4000,all,641
0.091344,0.0967797,0.0,0.9438342958285674,0.05616570417143263,snapshot_642.xyz,32,4000,16.757672110741936,4000,all,642
0.0914837,0.0968493,0.0,0.9445984637989123,0.055401536201087676,snapshot_643.xyz,32,4000,16.757672110741936,4000,all,643
0.0914837,0.0974052,0.0,0.9392075577073914,0.060792442292608606,snapshot_644.xyz,32,4000,16.757672110741936,4000,all,644
0.0919726,0.0980304,0.0,0.9382048833831138,0.06179511661688619,snapshot_645.xyz,32,4000,16.757672110741936,4000,all,645
0.0912741,0.0966407,0.0,0.9444685313744623,0.055531468625537705,snapshot_646.xyz,32,4000,16.757672110741936,4000,all,646
0.0912042,0.0965712,0.0,0.9444244246731945,0.05557557532680546,snapshot_647.xyz,32,4000,16.757672110741936,4000,all,647
0.0918329,0.0973358,0.0,0.9434647889060345,0.05653521109396553,snapshot_648.xyz,32,4000,16.757672110741936,4000,all,648
0.0917631,0.0977526,0.0,0.9387279724529066,0.06127202754709338,snapshot_649.xyz,32,4000,16.757672110741936,4000,all,649
0.0918329,0.0974747,0.0,0.9421203655923024,0.05787963440769761,snapshot_650.xyz,32,4000,16.757672110741936,4000,all,650
0.0905053,0.0971273,0.0,0.9318214343444119,0.06817856565558811,snapshot_651.xyz,32,4000,16.757672110741936,4000,all,651
0.0917631,0.0972663,0.0,0.9434213083051376,0.056578691694862404,snapshot_652.xyz,32,4000,16.757672110741936,4000,all,652
0.0922518,0.0969188,0.0,0.9518462878203197,0.04815371217968034,snapshot_653.xyz,32,4000,16.757672110741936,4000,all,653
0.0917631,0.097961,0.0,0.9367309439470809,0.0632690560529191,snapshot_654.xyz,32,4000,16.757672110741936,4000,all,654
0.0912042,0.0976831,0.0,0.9336742998533012,0.06632570014669881,snapshot_655.xyz,32,4000,16.757672110741936,4000,all,655
0.0912741,0.0966407,0.0,0.9444685313744623,0.055531468625537705,snapshot_656.xyz,32,4000,16.757672110741936,4000,all,656
0.0921122,0.0977526,0.0,0.9422992329615786,0.05770076703842142,snapshot_657.xyz,32,4000,16.757672110741936,4000,all,657
0.0909946,0.0973358,0.0,0.9348523359339523,0.06514766406604766,snapshot_658.xyz,32,4000,16.757672110741936,4000,all,658
0.0919027,0.0975442,0.0,0.9421646802167634,0.05783531978323664,snapshot_659.xyz,32,4000,16.757672110741936,4000,all,659
0.0912042,0.0976831,0.0,0.9336742998533012,0.06632570014669881,snapshot_660.xyz,32,4000,16.757672110741936,4000,all,660
0.0909946,0.0974747,0.0,0.9335201852378104,0.06647981476218956,snapshot_661.xyz,32,4000,16.757672110741936,4000,all,661
0.0909946,0.0969188,0.0,0.9388746043079361,0.06112539569206388,snapshot_662.xyz,32,4000,16.757672110741936,4000,all,662
0.0909247,0.0968493,0.0,0.9388266100013113,0.06117338999868871,snapshot_663.xyz,32,4000,16.757672110741936,4000,all,663
0.0914138,0.0963626,0.0,0.9486439759823831,0.05135602401761685,snapshot_664.xyz,32,4000,16.757672110741936,4000,all,664
0.0912741,0.0976137,0.0,0.9350541983348649,0.06494580166513508,snapshot_665.xyz,32,4000,16.757672110741936,4000,all,665
0.0906451,0.0976137,0.0,0.9286104307079848,0.07138956929201523,snapshot_666.xyz,32,4000,16.757672110741936,4000,all,666
0.0915535,0.0976137,0.0,0.9379165014746905,0.06208349852530948,snapshot_667.xyz,32,4000,16.757672110741936,4000,all,667
0.0909946,0.0972663,0.0,0.9355203189593929,0.06447968104060708,snapshot_668.xyz,32,4000,16.757672110741936,4000,all,668
0.0919027,0.0967102,0.0,0.9502896281881332,0.04971037181186677,snapshot_669.xyz,32,4000,16.757672110741936,4000,all,669
0.0918329,0.0971968,0.0,0.9448140267992361,0.055185973200763905,snapshot_670.xyz,32,4000,16.757672110741936,4000,all,670
0.0912042,0.0970578,0.0,0.9396895458170286,0.06031045418297143,snapshot_671.xyz,32,4000,16.757672110741936,4000,all,671
0.0909946,0.0973358,0.0,0.9348523359339523,0.06514766406604766,snapshot_672.xyz,32,4000,16.757672110741936,4000,all,672
0.0905752,0.0970578,0.0,0.9332088714147652,0.06679112858523484,snapshot_673.xyz,32,4000,16.757672110741936,4000,all,673
0.0914837,0.0978915,0.0,0.9345418141513818,0.06545818584861818,snapshot_674.xyz,32,4000,16.757672110741936,4000,all,674
0.091344,0.0969188,0.0,0.9424796840241522,0.057520315975847836,snapshot_675.xyz,32,4000,16.757672110741936,4000,all,675
0.0924612,0.0966407,0.0,0.9567521758430971,0.04324782415690287,snapshot_676.xyz,32,4000,16.757672110741936,4000,all,676
0.0915535,0.0975442,0.0,0.9385847646502816,0.06141523534971838,snapshot_677.xyz,32,4000,16.757672110741936,4000,all,677
0.092182,0.0972663,0.0,0.947728041469656,0.052271958530344054,snapshot_678.xyz,32,4000,16.757672110741936,4000,all,678
0.0914138,0.0966407,0.0,0.9459140920957734,0.05408590790422663,snapshot_679.xyz,32,4000,16.757672110741936,4000,all,679
0.0918329,0.0971968,0.0,0.9448140267992361,0.055185973200763905,snapshot_680.xyz,32,4000,16.757672110741936,4000,all,680
0.0910645,0.0969188,0.0,0.9395958266094917,0.0604041733905083,snapshot_681.xyz,32,4000,16.757672110741936,4000,all,681
0.0919027,0.0972663,0.0,0.944856543324872,0.05514345667512799,snapshot_682.xyz,32,4000,16.757672110741936,4000,all,682
0.0920424,0.0970578,0.0,0.9483256368885344,0.05167436311146556,snapshot_683.xyz,32,4000,16.757672110741936,4000,all,683
0.0912741,0.0976831,0.0,0.9343898791090782,0.06561012089092177,snapshot_684.xyz,32,4000,16.757672110741936,4000,all,684
0.0912741,0.0965016,0.0,0.9458299137009126,0.05417008629908737,snapshot_685.xyz,32,4000,16.757672110741936,4000,all,685
0.091344,0.0973358,0.0,0.938441970991146,0.06155802900885399,snapshot_686.xyz,32,4000,16.757672110741936,4000,all,686
0.092182,0.097961,0.0,0.941007135492696,0.05899286450730401,snapshot_687.xyz,32,4000,16.757672110741936,4000,all,687
0.0916932,0.0969883,0.0,0.9454047550065318,0.05459524499346824,snapshot_688.xyz,32,4000,16.757672110741936,4000,all,688
0.0923914,0.0974747,0.0,0.9478500575021006,0.05214994249789939,snapshot_689.xyz,32,4000,16.757672110741936,4000,all,689
0.0914837,0.0972663,0.0,0.9405487820550386,0.05945121794496144,snapshot_690.xyz,32,4000,16.757672110741936,4000,all,690
0.0909946,0.0973358,0.0,0.9348523359339523,0.06514766406604766,snapshot_691.xyz,32,4000,16.757672110741936,4000,all,691
0.0910645,0.097961,0.0,0.929599534508631,0.07040046549136902,snapshot_692.xyz,32,4000,16.757672110741936,4000,all,692
0.0911344,0.0966407,0.0,0.9430229706531514,0.05697702934684856,snapshot_693.xyz,32,4000,16.757672110741936,4000,all,693
0.0919027,0.0968493,0.0,0.94892477281715,0.05107522718284996,snapshot_694.xyz,32,4000,16.757672110741936,4000,all,694
0.0908548,0.0974747,0.0,0.932085966922699,0.06791403307730104,snapshot_695.xyz,32,4000,16.757672110741936,4000,all,695
0.0915535,0.0980304,0.0,0.9339296789567317,0.06607032104326827,snapshot_696.xyz,32,4000,16.757672110741936,4000,all,696
0.092531,0.0969188,0.0,0.9547270498602954,0.04527295013970456,snapshot_697.xyz,32,4000,16.757672110741936,4000,all,697
0.0920424,0.0973358,0.0,0.945617131620637,0.054382868379363014,snapshot_698.xyz,32,4000,16.757672110741936,4000,all,698
0.0924612,0.0977526,0.0,0.9458694704795576,0.054130529520442394,snapshot_699.xyz,32,4000,16.757672110741936,4000,all,699
0.0919027,0.0968493,0.0,0.94892477281715,0.05107522718284996,snapshot_700.xyz,32,4000,16.757672110741936,4000,all,700
0.0914837,0.0965016,0.0,0.9480018984141195,0.051998101585880474,snapshot_701.xyz,32,4000,16.757672110741936,4000,all,701
0.0916234,0.0977526,0.0,0.9372988544550221,0.06270114554497785,snapshot_702.xyz,32,4000,16.757672110741936,4000,all,702
0.0910645,0.0967797,0.0,0.9409462934892339,0.059053706510766135,snapshot_703.xyz,32,4000,16.757672110741936,4000,all,703
0.0916234,0.0976137,0.0,0.9386325894828287,0.06136741051717132,snapshot_704.xyz,32,4000,16.757672110741936,4000,all,704
0.0919027,0.0971273,0.0,0.9462087384288455,0.05379126157115455,snapshot_705.xyz,32,4000,16.757672110741936,4000,all,705
0.0917631,0.0980999,0.0,0.935404623246303,0.06459537675369698,snapshot_706.xyz,32,4000,16.757672110741936,4000,all,706
0.0921122,0.0976137,0.0,0.9436400833079783,0.05635991669202167,snapshot_707.xyz,32,4000,16.757672110741936,4000,all,707
0.0916932,0.0969188,0.0,0.946082700157245,0.05391729984275495,snapshot_708.xyz,32,4000,16.757672110741936,4000,all,708
0.0922518,0.0971273,0.0,0.9498029905083328,0.050197009491667166,snapshot_709.xyz,32,4000,16.757672110741936,4000,all,709
0.0919027,0.0976137,0.0,0.9414938681762909,0.05850613182370912,snapshot_710.xyz,32,4000,16.757672110741936,4000,all,710
0.0915535,0.0977526,0.0,0.9365837839607335,0.0634162160392665,snapshot_711.xyz,32,4000,16.757672110741936,4000,all,711
0.0914138,0.0967797,0.0,0.9445555214574958,0.05544447854250423,snapshot_712.xyz,32,4000,16.757672110741936,4000,all,712
0.0911344,0.0975442,0.0,0.9342882508647362,0.06571174913526379,snapshot_713.xyz,32,4000,16.757672110741936,4000,all,713
0.0919027,0.0977526,0.0,0.9401560674600984,0.05984393253990161,snapshot_714.xyz,32,4000,16.757672110741936,4000,all,714
0.0915535,0.0966407,0.0,0.9473596528170843,0.05264034718291566,snapshot_715.xyz,32,4000,16.757672110741936,4000,all,715
0.0906451,0.0971273,0.0,0.9332607824988444,0.06673921750115563,snapshot_716.xyz,32,4000,16.757672110741936,4000,all,716
0.0923914,0.0970578,0.0,0.95192143238359,0.04807856761641005,snapshot_717.xyz,32,4000,16.757672110741936,4000,all,717
0.0918329,0.0973358,0.0,0.9434647889060345,0.05653521109396553,snapshot_718.xyz,32,4000,16.757672110741936,4000,all,718
0.0912042,0.0971273,0.0,0.9390171455399254,0.060982854460074565,snapshot_719.xyz,32,4000,16.757672110741936,4000,all,719
0.0917631,0.0974747,0.0,0.9414042823419821,0.058595717658017854,snapshot_720.xyz,32,4000,16.757672110741936,4000,all,720
0.092182,0.0970578,0.0,0.9497639550865566,0.050236044913443356,snapshot_721.xyz,32,4000,16.757672110741936,4000,all,721
0.0917631,0.0971273,0.0,0.9447714494277099,0.05522855057229015,snapshot_722.xyz,32,4000,16.757672110741936,4000,all,722
0.0926705,0.0969883,0.0,0.9554812281481375,0.04451877185186248,snapshot_723.xyz,32,4000,16.757672110741936,4000,all,723
0.0911344,0.0971273,0.0,0.9382985010393576,0.061701498960642365,snapshot_724.xyz,32,4000,16.757672110741936,4000,all,724
0.0916932,0.0973358,0.0,0.9420295513058916,0.05797044869410839,snapshot_725.xyz,32,4000,16.757672110741936,4000,all,725
0.0918329,0.0981693,0.0,0.9354543630238781,0.06454563697612192,snapshot_726.xyz,32,4000,16.757672110741936,4000,all,726
0.0917631,0.0971273,0.0,0.9447714494277099,0.05522855057229015,snapshot_727.xyz,32,4000,16.757672110741936,4000,all,727
0.0908548,0.0969883,0.0,0.9367604133694477,0.06323958663055229,snapshot_728.xyz,32,4000,16.757672110741936,4000,all,728
0.0909247,0.0978221,0.0,0.9294903707853338,0.07050962921466619,snapshot_729.xyz,32,4000,16.757672110741936,4000,all,729
0.0914837,0.0976137,0.0,0.937201437912916,0.06279856208708401,snapshot_730.xyz,32,4000,16.757672110741936,4000,all,730
0.0919726,0.0976831,0.0,0.9415405530741756,0.05845944692582439,snapshot_731.xyz,32,4000,16.757672110741936,4000,all,731
0.0920424,0.0972663,0.0,0.9462928064499214,0.05370719355007858,snapshot_732.xyz,32,4000,16.757672110741936,4000,all,732
0.091344,0.0971273,0.0,0.9404564936943578,0.0595435063056422,snapshot_733.xyz,32,4000,16.757672110741936,4000,all,733
0.0912042,0.097961,0.0,0.9310256122334397,0.06897438776656029,snapshot_734.xyz,32,4000,16.757672110741936,4000,all,734
0.0923914,0.0974052,0.0,0.9485263620422729,0.05147363795772708,snapshot_735.xyz,32,4000,16.757672110741936,4000,all,735
0.0909946,0.0976137,0.0,0.9321908707486756,0.06780912925132443,snapshot_736.xyz,32,4000,16.757672110741936,4000,all,736
0.0916234,0.097961,0.0,0.935304866222272,0.06469513377772795,snapshot_737.xyz,32,4000,16.757672110741936,4000,all,737
0.0911344,0.0976137,0.0,0.9336230467649521,0.06637695323504789,snapshot_738.xyz,32,4000,16.757672110741936,4000,all,738
0.0904354,0.0972663,0.0,0.929771154037935,0.07022884596206502,snapshot_739.xyz,32,4000,16.757672110741936,4000,all,739
0.0914138,0.0972663,0.0,0.9398301364398564,0.060169863560143644,snapshot_740.xyz,32,4000,16.757672110741936,4000,all,740
0.0912042,0.0968493,0.0,0.9417125369001118,0.05828746309988819,snapshot_741.xyz,32,4000,16.757672110741936,4000,all,741
0.0919726,0.0974747,0.0,0.9435535580001786,0.056446441999821406,snapshot_742.xyz,32,4000,16.757672110741936,4000,all,742
0.0916234,0.0978915,0.0,0.9359689043481813,0.06403109565181875,snapshot_743.xyz,32,4000,16.757672110741936,4000,all,743
0.0915535,0.0974052,0.0,0.939924151893328,0.06007584810667199,snapshot_744.xyz,32,4000,16.757672110741936,4000,all,744
0.0914837,0.0974052,0.0,0.9392075577073914,0.060792442292608606,snapshot_745.xyz,32,4000,16.757672110741936,4000,all,745
0.0916932,0.0971273,0.0,0.9440517753504937,0.05594822464950633,snapshot_746.xyz,32,4000,16.757672110741936,4000,all,746
0.0914837,0.0970578,0.0,0.9425692731547594,0.05743072684524064,snapshot_747.xyz,32,4000,16.757672110741936,4000,all,747
0.0914837,0.0970578,0.0,0.9425692731547594,0.05743072684524064,snapshot_748.xyz,32,4000,16.757672110741936,4000,all,748
0.0912741,0.0975442,0.0,0.9357204221265847,0.06427957787341532,snapshot_749.xyz,32,4000,16.757672110741936,4000,all,749
0.0917631,0.0969188,0.0,0.9468039224588005,0.05319607754119948,snapshot_750.xyz,32,4000,16.757672110741936,4000,all,750
0.0916234,0.0977526,0.0,0.9372988544550221,0.06270114554497785,snapshot_751.xyz,32,4000,16.757672110741936,4000,all,751
0.0907849,0.0970578,0.0,0.9353694396534848,0.06463056034651515,snapshot_752.xyz,32,4000,16.757672110741936,4000,all,752
0.0909946,0.0976137,0.0,0.9321908707486756,0.06780912925132443,snapshot_753.xyz,32,4000,16.757672110741936,4000,all,753
0.0914837,0.0971968,0.0,0.9412213159280964,0.058778684071903564,snapshot_754.xyz,32,4000,16.757672110741936,4000,all,754
0.0910645,0.0971273,0.0,0.9375788269621415,0.062421173037858546,snapshot_755.xyz,32,4000,16.757672110741936,4000,all,755
0.091344,0.0967102,0.0,0.9445125746818847,0.055487425318115347,snapshot_756.xyz,32,4000,16.757672110741936,4000,all,756
0.0912741,0.0973358,0.0,0.9377238385054625,0.06227616149453752,snapshot_757.xyz,32,4000,16.757672110741936,4000,all,757
0.0914837,0.0967797,0.0,0.9452777803609642,0.054722219639035785,snapshot_758.xyz,32,4000,16.757672110741936,4000,all,758
0.0909946,0.0973358,0.0,0.9348523359339523,0.06514766406604766,snapshot_759.xyz,32,4000,16.757672110741936,4000,all,759
0.0911344,0.0972663,0.0,0.9369576101897574,0.06304238981024257,snapshot_760.xyz,32,4000,16.757672110741936,4000,all,760
0.0915535,0.0969883,0.0,0.9439643750844173,0.05603562491558267,snapshot_761.xyz,32,4000,16.757672110741936,4000,all,761
0.091344,0.0969188,0.0,0.9424796840241522,0.057520315975847836,snapshot_762.xyz,32,4000,16.757672110741936,4000,all,762
0.0914837,0.0967797,0.0,0.9452777803609642,0.054722219639035785,snapshot_763.xyz,32,4000,16.757672110741936,4000,all,763
0.0916932,0.0981693,0.0,0.9340313112144021,0.06596868878559792,snapshot_764.xyz,32,4000,16.757672110741936,4000,all,764
0.0919726,0.0969883,0.0,0.9482855148507604,0.0517144851492396,snapshot_765.xyz,32,4000,16.757672110741936,4000,all,765
0.0905053,0.0974052,0.0,0.9291629194334594,0.07083708056654059,snapshot_766.xyz,32,4000,16.757672110741936,4000,all,766
0.0926705,0.0972663,0.0,0.9527503359334117,0.04724966406658826,snapshot_767.xyz,32,4000,16.757672110741936,4000,all,767
0.0922518,0.0972663,0.0,0.9484456589795232,0.051554341020476846,snapshot_768.xyz,32,4000,16.757672110741936,4000,all,768
0.0924612,0.0971968,0.0,0.9512782313821031,0.0487217686178969,snapshot_769.xyz,32,4000,16.757672110741936,4000,all,769
0.091344,0.0978915,0.0,0.9331147239545823,0.06688527604541772,snapshot_770.xyz,32,4000,16.757672110741936,4000,all,770
0.0914837,0.0965016,0.0,0.9480018984141195,0.051998101585880474,snapshot_771.xyz,32,4000,16.757672110741936,4000,all,771
0.0917631,0.0973358,0.0,0.9427476837915751,0.05725231620842486,snapshot_772.xyz,32,4000,16.757672110741936,4000,all,772
0.0909946,0.0966407,0.0,0.9415763751711236,0.05842362482887642,snapshot_773.xyz,32,4000,16.757672110741936,4000,all,773
0.0917631,0.0965712,0.0,0.9502118644067797,0.04978813559322026,snapshot_774.xyz,32,4000,16.757672110741936,4000,all,774
0.0920424,0.0971273,0.0,0.9476470570066294,0.052352942993370566,snapshot_775.xyz,32,4000,16.757672110741936,4000,all,775
0.0919726,0.0971968,0.0,0.9462513169157832,0.053748683084216764,snapshot_776.xyz,32,4000,16.757672110741936,4000,all,776
0.0916932,0.0974747,0.0,0.9406871731844264,0.059312826815573594,snapshot_777.xyz,32,4000,16.757672110741936,4000,all,777
0.0918329,0.0978915,0.0,0.9381090288738041,0.061890971126195904,snapshot_778.xyz,32,4000,16.757672110741936,4000,all,778
0.0924612,0.0982387,0.0,0.9411891647588985,0.05881083524110153,snapshot_779.xyz,32,4000,16.757672110741936,4000,all,779
0.0908548,0.0970578,0.0,0.9360896290663914,0.06391037093360863,snapshot_780.xyz,32,4000,16.757672110741936,4000,all,780
0.0912741,0.0967102,0.0,0.9437897967329196,0.05621020326708037,snapshot_781.xyz,32,4000,16.757672110741936,4000,all,781
0.0918329,0.0969188,0.0,0.9475241129687945,0.05247588703120554,snapshot_782.xyz,32,4000,16.757672110741936,4000,all,782
0.0908548,0.0969188,0.0,0.9374321597048251,0.06256784029517493,snapshot_783.xyz,32,4000,16.757672110741936,4000,all,783
0.0912042,0.0969883,0.0,0.940362909753032,0.05963709024696795,snapshot_784.xyz,32,4000,16.757672110741936,4000,all,784
0.0919027,0.0969188,0.0,0.9482443034787885,0.05175569652121148,snapshot_785.xyz,32,4000,16.757672110741936,4000,all,785
0.0912741,0.0976137,0.0,0.9350541983348649,0.06494580166513508,snapshot_786.xyz,32,4000,16.757672110741936,4000,all,786
0.0922518,0.0976137,0.0,0.9450702104315275,0.0549297895684725,snapshot_787.xyz,32,4000,16.757672110741936,4000,all,787
0.0914138,0.0976831,0.0,0.9358200139020978,0.06417998609790221,snapshot_788.xyz,32,4000,16.757672110741936,4000,all,788
0.0914138,0.0971273,0.0,0.9411751381949257,0.05882486180507429,snapshot_789.xyz,32,4000,16.757672110741936,4000,all,789
0.0916234,0.0977526,0.0,0.9372988544550221,0.06270114554497785,snapshot_790.xyz,32,4000,16.757672110741936,4000,all,790
0.0922518,0.0977526,0.0,0.9437273279687701,0.056272672031229876,snapshot_791.xyz,32,4000,16.757672110741936,4000,all,791
0.0920424,0.0972663,0.0,0.9462928064499214,0.05370719355007858,snapshot_792.xyz,32,4000,16.757672110741936,4000,all,792
0.0920424,0.0966407,0.0,0.9524185979613145,0.04758140203868555,snapshot_793.xyz,32,4000,16.757672110741936,4000,all,793
0.0912741,0.0968493,0.0,0.9424342767578082,0.05756572324219178,snapshot_794.xyz,32,4000,16.757672110741936,4000,all,794
0.0914837,0.0975442,0.0,0.9378691916074969,0.06213080839250307,snapshot_795.xyz,32,4000,16.757672110741936,4000,all,795
0.0909247,0.0964321,0.0,0.9428883120869502,0.05711168791304977,snapshot_796.xyz,32,4000,16.757672110741936,4000,all,796
0.0909946,0.0971273,0.0,0.9368591528849252,0.06314084711507484,snapshot_797.xyz,32,4000,16.757672110741936,4000,all,797
0.0926705,0.0971968,0.0,0.9534315944557846,0.046568405544215374,snapshot_798.xyz,32,4000,16.757672110741936,4000,all,798
0.0919027,0.0974747,0.0,0.9428364488426229,0.057163551157377146,snapshot_799.xyz,32,4000,16.757672110741936,4000,all,799
0.0914138,0.0969188,0.0,0.9431998745341461,0.05680012546585389,snapshot_800.xyz,32,4000,16.757672110741936,4000,all,800
0.0909247,0.0971273,0.0,0.936139478807709,0.06386052119229102,snapshot_801.xyz,32,4000,16.757672110741936,4000,all,801
0.0908548,0.0971273,0.0,0.9354198047304929,0.06458019526950709,snapshot_802.xyz,32,4000,16.757672110741936,4000,all,802
0.0920424,0.0974052,0.0,0.9449433911125895,0.055056608887410485,snapshot_803.xyz,32,4000,16.757672110741936,4000,all,803
0.0920424,0.0974052,0.0,0.9449433911125895,0.055056608887410485,snapshot_804.xyz,32,4000,16.757672110741936,4000,all,804
0.0916234,0.0970578,0.0,0.9440086216666769,0.05599137833332313,snapshot_805.xyz,32,4000,16.757672110741936,4000,all,805
0.0911344,0.0968493,0.0,0.9409918295744006,0.05900817042559936,snapshot_806.xyz,32,4000,16.757672110741936,4000,all,806
0.0916932,0.0971968,0.0,0.9433767366826892,0.056623263317310824,snapshot_807.xyz,32,4000,16.757672110741936,4000,all,807
0.0918329,0.0970578,0.0,0.9461671292776057,0.05383287072239429,snapshot_808.xyz,32,4000,16.757672110741936,4000,all,808
0.0912741,0.0966407,0.0,0.9444685313744623,0.055531468625537705,snapshot_809.xyz,32,4000,16.757672110741936,4000,all,809
0.0914837,0.096293,0.0,0.9500555595941553,0.04994444040584467,snapshot_810.xyz,32,4000,16.757672110741936,4000,all,810
0.0916234,0.0976831,0.0,0.9379657279508943,0.06203427204910572,snapshot_811.xyz,32,4000,16.757672110741936,4000,all,811
0.0908548,0.0960148,0.0,0.9462582851810346,0.05374171481896539,snapshot_812.xyz,32,4000,16.757672110741936,4000,all,812
0.0917631,0.0967797,0.0,0.9481647494257577,0.05183525057424232,snapshot_813.xyz,32,4000,16.757672110741936,4000,all,813
0.0911344,0.0966407,0.0,0.9430229706531514,0.05697702934684856,snapshot_814.xyz,32,4000,16.757672110741936,4000,all,814
0.0911344,0.0974052,0.0,0.9356215068600034,0.06437849313999655,snapshot_815.xyz,32,4000,16.757672110741936,4000,all,815
0.0917631,0.0976831,0.0,0.9393958627439137,0.060604137256086266,snapshot_816.xyz,32,4000,16.757672110741936,4000,all,816
0.0911344,0.0978221,0.0,0.9316340581525034,0.06836594184749656,snapshot_817.xyz,32,4000,16.757672110741936,4000,all,817
0.091344,0.0973358,0.0,0.938441970991146,0.06155802900885399,snapshot_818.xyz,32,4000,16.757672110741936,4000,all,818
0.0919726,0.0976137,0.0,0.942209956184429,0.05779004381557096,snapshot_819.xyz,32,4000,16.757672110741936,4000,all,819
0.0923216,0.0969188,0.0,0.9525664783303137,0.047433521669686285,snapshot_820.xyz,32,4000,16.757672110741936,4000,all,820
0.0912741,0.0969883,0.0,0.9410836152401887,0.05891638475981131,snapshot_821.xyz,32,4000,16.757672110741936,4000,all,821
0.0911344,0.0974747,0.0,0.934954403552922,0.06504559644707797,snapshot_822.xyz,32,4000,16.757672110741936,4000,all,822
0.0914837,0.0974052,0.0,0.9392075577073914,0.060792442292608606,snapshot_823.xyz,32,4000,16.757672110741936,4000,all,823
0.0907849,0.0978915,0.0,0.9274032985499251,0.07259670145007491,snapshot_824.xyz,32,4000,16.757672110741936,4000,all,824
0.0916234,0.0971273,0.0,0.9433331308499258,0.05666686915007424,snapshot_825.xyz,32,4000,16.757672110741936,4000,all,825
0.0922518,0.097961,0.0,0.9417196639478975,0.05828033605210248,snapshot_826.xyz,32,4000,16.757672110741936,4000,all,826
0.0917631,0.0971968,0.0,0.9440958961611905,0.055904103838809505,snapshot_827.xyz,32,4000,16.757672110741936,4000,all,827
0.0917631,0.0981693,0.0,0.9347433464433382,0.06525665355666177,snapshot_828.xyz,32,4000,16.757672110741936,4000,all,828
0.0922518,0.0978915,0.0,0.9423882563858965,0.05761174361410348,snapshot_829.xyz,32,4000,16.757672110741936,4000,all,829
0.0914138,0.0971968,0.0,0.9405021564495951,0.05949784355040488,snapshot_830.xyz,32,4000,16.757672110741936,4000,all,830
0.0906451,0.0969883,0.0,0.9345982969079776,0.06540170309202242,snapshot_831.xyz,32,4000,16.757672110741936,4000,all,831
0.0915535,0.0969188,0.0,0.9446412873456955,0.055358712654304476,snapshot_832.xyz,32,4000,16.757672110741936,4000,all,832
0.0912741,0.0970578,0.0,0.9404097352299351,0.059590264770064905,snapshot_833.xyz,32,4000,16.757672110741936,4000,all,833
0.0918329,0.0972663,0.0,0.9441389258150047,0.05586107418499531,snapshot_834.xyz,32,4000,16.757672110741936,4000,all,834
0.0919027,0.0974052,0.0,0.9435091761014813,0.05649082389851867,snapshot_835.xyz,32,4000,16.757672110741936,4000,all,835
0.0916932,0.0973358,0.0,0.9420295513058916,0.05797044869410839,snapshot_836.xyz,32,4000,16.757672110741936,4000,all,836
0.0916932,0.0974052,0.0,0.9413583669044364,0.05864163309556358,snapshot_837.xyz,32,4000,16.757672110741936,4000,all,837
0.0914138,0.0976137,0.0,0.9364853499047777,0.06351465009522228,snapshot_838.xyz,32,4000,16.757672110741936,4000,all,838
0.0914138,0.0968493,0.0,0.9438767239412159,0.05612327605878409,snapshot_839.xyz,32,4000,16.757672110741936,4000,all,839
0.0916234,0.0972663,0.0,0.941985045180088,0.058014954819912035,snapshot_840.xyz,32,4000,16.757672110741936,4000,all,840
0.092182,0.0966407,0.0,0.9538631239219088,0.04613687607809125,snapshot_841.xyz,32,4000,16.757672110741936,4000,all,841
0.0916234,0.0973358,0.0,0.9413124461914321,0.05868755380856794,snapshot_842.xyz,32,4000,16.757672110741936,4000,all,842
0.0915535,0.0978915,0.0,0.935254848480205,0.06474515151979499,snapshot_843.xyz,32,4000,16.757672110741936,4000,all,843
0.0916234,0.0977526,0.0,0.9372988544550221,0.06270114554497785,snapshot_844.xyz,32,4000,16.757672110741936,4000,all,844
0.0924612,0.0974747,0.0,0.9485661407524208,0.05143385924757915,snapshot_845.xyz,32,4000,16.757672110741936,4000,all,845
0.0909247,0.0965712,0.0,0.9415301870536972,0.058469812946302824,snapshot_846.xyz,32,4000,16.757672110741936,4000,all,846
0.0919027,0.0972663,0.0,0.944856543324872,0.05514345667512799,snapshot_847.xyz,32,4000,16.757672110741936,4000,all,847
0.0912741,0.0973358,0.0,0.9377238385054625,0.06227616149453752,snapshot_848.xyz,32,4000,16.757672110741936,4000,all,848
0.0920424,0.0978221,0.0,0.9409162142297088,0.059083785770291164,snapshot_849.xyz,32,4000,16.757672110741936,4000,all,849
0.0909946,0.0973358,0.0,0.9348523359339523,0.06514766406604766,snapshot_850.xyz,32,4000,16.757672110741936,4000,all,850
0.0917631,0.0971968,0.0,0.9440958961611905,0.055904103838809505,snapshot_851.xyz,32,4000,16.757672110741936,4000,all,851
0.0917631,0.0971273,0.0,0.9447714494277099,0.05522855057229015,snapshot_852.xyz,32,4000,16.757672110741936,4000,all,852
0.0922518,0.0971968,0.0,0.949123839467966,0.05087616053203403,snapshot_853.xyz,32,4000,16.757672110741936,4000,all,853
0.0918329,0.0972663,0.0,0.9441389258150047,0.05586107418499531,snapshot_854.xyz,32,4000,16.757672110741936,4000,all,854
0.0909247,0.0977526,0.0,0.9301512184842142,0.06984878151578577,snapshot_855.xyz,32,4000,16.757672110741936,4000,all,855
0.0912042,0.0966407,0.0,0.9437452336334484,0.05625476636655158,snapshot_856.xyz,32,4000,16.757672110741936,4000,all,856
0.0912042,0.0974747,0.0,0.9356704868032423,0.06432951319675773,snapshot_857.xyz,32,4000,16.757672110741936,4000,all,857
0.0916234,0.0974747,0.0,0.9399710899341059,0.06002891006589406,snapshot_858.xyz,32,4000,16.757672110741936,4000,all,858
0.0914837,0.0970578,0.0,0.9425692731547594,0.05743072684524064,snapshot_859.xyz,32,4000,16.757672110741936,4000,all,859
0.0926008,0.0981693,0.0,0.9432765640582137,0.056723435941786304,snapshot_860.xyz,32,4000,16.757672110741936,4000,all,860
0.0916932,0.0971968,0.0,0.9433767366826892,0.056623263317310824,snapshot_861.xyz,32,4000,16.757672110741936,4000,all,861
0.0914837,0.0983082,0.0,0.9305805619470197,0.06941943805298034,snapshot_862.xyz,32,4000,16.757672110741936,4000,all,862
0.092182,0.097961,0.0,0.941007135492696,0.05899286450730401,snapshot_863.xyz,32,4000,16.757672110741936,4000,all,863
0.0912042,0.0972663,0.0,0.9376752276996246,0.062324772300375364,snapshot_864.xyz,32,4000,16.757672110741936,4000,all,864
0.0922518,0.0973358,0.0,0.9477684469640152,0.05223155303598481,snapshot_865.xyz,32,4000,16.757672110741936,4000,all,865
0.091344,0.0976831,0.0,0.9351054583648554,0.06489454163514463,snapshot_866.xyz,32,4000,16.757672110741936,4000,all,866
0.091344,0.0971968,0.0,0.9397840258115493,0.060215974188450705,snapshot_867.xyz,32,4000,16.757672110741936,4000,all,867
0.0914138,0.0972663,0.0,0.9398301364398564,0.060169863560143644,snapshot_868.xyz,32,4000,16.757672110741936,4000,all,868
0.0916234,0.0970578,0.0,0.9440086216666769,0.05599137833332313,snapshot_869.xyz,32,4000,16.757672110741936,4000,all,869
0.0915535,0.0971273,0.0,0.9426134567727096,0.05738654322729042,snapshot_870.xyz,32,4000,16.757672110741936,4000,all,870
0.0911344,0.0969883,0.0,0.9396432353180745,0.06035676468192552,snapshot_871.xyz,32,4000,16.757672110741936,4000,all,871
0.0921122,0.0975442,0.0,0.9443124245213965,0.05568757547860348,snapshot_872.xyz,32,4000,16.757672110741936,4000,all,872
0.0919027,0.0967102,0.0,0.9502896281881332,0.04971037181186677,snapshot_873.xyz,32,4000,16.757672110741936,4000,all,873
0.0909247,0.0969188,0.0,0.9381533820063805,0.06184661799361946,snapshot_874.xyz,32,4000,16.757672110741936,4000,all,874
0.0914138,0.0974052,0.0,0.9384899368822199,0.06151006311778007,snapshot_875.xyz,32,4000,16.757672110741936,4000,all,875
0.090715,0.0971273,0.0,0.9339804565760605,0.06601954342393945,snapshot_876.xyz,32,4000,16.757672110741936,4000,all,876
0.091344,0.0974052,0.0,0.9377733426962831,0.062226657303716904,snapshot_877.xyz,32,4000,16.757672110741936,4000,all,877
0.0912042,0.098447,0.0,0.9264294493483802,0.07357055065161977,snapshot_878.xyz,32,4000,16.757672110741936,4000,all,878
0.0920424,0.0972663,0.0,0.9462928064499214,0.05370719355007858,snapshot_879.xyz,32,4000,16.757672110741936,4000,all,879
0.0914138,0.0971968,0.0,0.9405021564495951,0.05949784355040488,snapshot_880.xyz,32,4000,16.757672110741936,4000,all,880
0.0916932,0.0969188,0.0,0.946082700157245,0.05391729984275495,snapshot_881.xyz,32,4000,16.757672110741936,4000,all,881
0.0920424,0.0972663,0.0,0.9462928064499214,0.05370719355007858,snapshot_882.xyz,32,4000,16.757672110741936,4000,all,882
0.0914138,0.0972663,0.0,0.9398301364398564,0.060169863560143644,snapshot_883.xyz,32,4000,16.757672110741936,4000,all,883
0.0918329,0.0974747,0.0,0.9421203655923024,0.05787963440769761,snapshot_884.xyz,32,4000,16.757672110741936,4000,all,884
0.0912741,0.0977526,0.0,0.9337255479649647,0.06627445203503535,snapshot_885.xyz,32,4000,16.757672110741936,4000,all,885
0.0923216,0.0971273,0.0,0.9505216350089007,0.049478364991099255,snapshot_886.xyz,32,4000,16.757672110741936,4000,all,886
0.0912741,0.0971968,0.0,0.939064866333048,0.060935133666952024,snapshot_887.xyz,32,4000,16.757672110741936,4000,all,887
0.0915535,0.0967797,0.0,0.9459990059898925,0.054000994010107495,snapshot_888.xyz,32,4000,16.757672110741936,4000,all,888
0.0917631,0.0969188,0.0,0.9468039224588005,0.05319607754119948,snapshot_889.xyz,32,4000,16.757672110741936,4000,all,889
0.0910645,0.0969883,0.0,0.9389225298309178,0.06107747016908216,snapshot_890.xyz,32,4000,16.757672110741936,4000,all,890
0.0922518,0.0976831,0.0,0.9443987752231451,0.05560122477685492,snapshot_891.xyz,32,4000,16.757672110741936,4000,all,891
0.0916234,0.0978221,0.0,0.9366329285509103,0.0633670714490897,snapshot_892.xyz,32,4000,16.757672110741936,4000,all,892
0.0918329,0.0969883,0.0,0.946845134928646,0.05315486507135403,snapshot_893.xyz,32,4000,16.757672110741936,4000,all,893
0.0919027,0.0973358,0.0,0.944181894020494,0.05581810597950598,snapshot_894.xyz,32,4000,16.757672110741936,4000,all,894
0.0914837,0.0973358,0.0,0.9398772085912891,0.06012279140871091,snapshot_895.xyz,32,4000,16.757672110741936,4000,all,895
0.0918329,0.0965712,0.0,0.9509346471825969,0.049065352817403096,snapshot_896.xyz,32,4000,16.757672110741936,4000,all,896
0.0917631,0.096293,0.0,0.9529571204552771,0.04704287954472286,snapshot_897.xyz,32,4000,16.757672110741936,4000,all,897
0.0923216,0.0971968,0.0,0.9498419701060118,0.05015802989398821,snapshot_898.xyz,32,4000,16.757672110741936,4000,all,898
0.0917631,0.0976831,0.0,0.9393958627439137,0.060604137256086266,snapshot_899.xyz,32,4000,16.757672110741936,4000,all,899
0.0920424,0.0972663,0.0,0.9462928064499214,0.05370719355007858,snapshot_900.xyz,32,4000,16.757672110741936,4000,all,900
0.0916932,0.0976831,0.0,0.9386802834881367,0.0613197165118633,snapshot_901.xyz,32,4000,16.757672110741936,4000,all,901
0.0922518,0.0980304,0.0,0.9410529794839151,0.058947020516084914,snapshot_902.xyz,32,4000,16.757672110741936,4000,all,902
0.0912042,0.0969883,0.0,0.940362909753032,0.05963709024696795,snapshot_903.xyz,32,4000,16.757672110741936,4000,all,903
0.0912741,0.0977526,0.0,0.9337255479649647,0.06627445203503535,snapshot_904.xyz,32,4000,16.757672110741936,4000,all,904
0.0921122,0.0968493,0.0,0.9510879273262688,0.04891207267373121,snapshot_905.xyz,32,4000,16.757672110741936,4000,all,905
0.0921122,0.0970578,0.0,0.9490447959875457,0.05095520401245435,snapshot_906.xyz,32,4000,16.757672110741936,4000,all,906
0.0919726,0.0967797,0.0,0.9503294595870829,0.049670540412917075,snapshot_907.xyz,32,4000,16.757672110741936,4000,all,907
0.0923216,0.0976137,0.0,0.9457852739933023,0.054214726006697744,snapshot_908.xyz,32,4000,16.757672110741936,4000,all,908
0.0919027,0.0976137,0.0,0.9414938681762909,0.05850613182370912,snapshot_909.xyz,32,4000,16.757672110741936,4000,all,909
0.0914138,0.0973358,0.0,0.9391590761056056,0.06084092389439444,snapshot_910.xyz,32,4000,16.757672110741936,4000,all,910
0.0919726,0.0973358,0.0,0.9449000265061775,0.05509997349382245,snapshot_911.xyz,32,4000,16.757672110741936,4000,all,911
0.0924612,0.0976137,0.0,0.9472154011168514,0.05278459888314857,snapshot_912.xyz,32,4000,16.757672110741936,4000,all,912
0.091344,0.0969188,0.0,0.9424796840241522,0.057520315975847836,snapshot_913.xyz,32,4000,16.757672110741936,4000,all,913
0.0907849,0.0969883,0.0,0.936039707882291,0.06396029211770904,snapshot_914.xyz,32,4000,16.757672110741936,4000,all,914
0.0909946,0.0967102,0.0,0.9408997189541537,0.059100281045846303,snapshot_915.xyz,32,4000,16.757672110741936,4000,all,915
0.0918329,0.0974052,0.0,0.9427925819155445,0.05720741808445551,snapshot_916.xyz,32,4000,16.757672110741936,4000,all,916
0.0919726,0.0967102,0.0,0.9510124061370984,0.048987593862901635,snapshot_917.xyz,32,4000,16.757672110741936,4000,all,917
0.0923216,0.0976831,0.0,0.9451133307603875,0.054886669239612496,snapshot_918.xyz,32,4000,16.757672110741936,4000,all,918
0.0931589,0.0977526,0.0,0.9530068765434373,0.0469931234565627,snapshot_919.xyz,32,4000,16.757672110741936,4000,all,919
0.0910645,0.0971273,0.0,0.9375788269621415,0.062421173037858546,snapshot_920.xyz,32,4000,16.757672110741936,4000,all,920
0.0918329,0.0969883,0.0,0.946845134928646,0.05315486507135403,snapshot_921.xyz,32,4000,16.757672110741936,4000,all,921
0.0914837,0.0972663,0.0,0.9405487820550386,0.05945121794496144,snapshot_922.xyz,32,4000,16.757672110741936,4000,all,922
0.0914138,0.0967797,0.0,0.9445555214574958,0.05544447854250423,snapshot_923.xyz,32,4000,16.757672110741936,4000,all,923
0.0920424,0.0971968,0.0,0.946969447553829,0.05303055244617105,snapshot_924.xyz,32,4000,16.757672110741936,4000,all,924
0.0920424,0.0971273,0.0,0.9476470570066294,0.052352942993370566,snapshot_925.xyz,32,4000,16.757672110741936,4000,all,925
0.092182,0.0974052,0.0,0.9463765794844629,0.053623420515537146,snapshot_926.xyz,32,4000,16.757672110741936,4000,all,926
0.0916932,0.0978915,0.0,0.9366819386770046,0.06331806132299544,snapshot_927.xyz,32,4000,16.757672110741936,4000,all,927
0.0923216,0.0970578,0.0,0.951202273284579,0.04879772671542104,snapshot_928.xyz,32,4000,16.757672110741936,4000,all,928
0.0926008,0.0974747,0.0,0.9499983072530616,0.05000169274693844,snapshot_929.xyz,32,4000,16.757672110741936,4000,all,929
0.0912741,0.0969883,0.0,0.9410836152401887,0.05891638475981131,snapshot_930.xyz,32,4000,16.757672110741936,4000,all,930
0.0914837,0.0975442,0.0,0.9378691916074969,0.06213080839250307,snapshot_931.xyz,32,4000,16.757672110741936,4000,all,931
0.0919027,0.0972663,0.0,0.944856543324872,0.05514345667512799,snapshot_932.xyz,32,4000,16.757672110741936,4000,all,932
0.0918329,0.0975442,0.0,0.9414491071739786,0.05855089282602144,snapshot_933.xyz,32,4000,16.757672110741936,4000,all,933
0.0919726,0.0971273,0.0,0.9469284125060616,0.053071587493938366,snapshot_934.xyz,32,4000,16.757672110741936,4000,all,934
0.0912042,0.0971968,0.0,0.9383457068545467,0.06165429314545334,snapshot_935.xyz,32,4000,16.757672110741936,4000,all,935
0.092182,0.0970578,0.0,0.9497639550865566,0.050236044913443356,snapshot_936.xyz,32,4000,16.757672110741936,4000,all,936
0.0920424,0.0974052,0.0,0.9449433911125895,0.055056608887410485,snapshot_937.xyz,32,4000,16.757672110741936,4000,all,937
0.0918329,0.0978915,0.0,0.9381090288738041,0.061890971126195904,snapshot_938.xyz,32,4000,16.757672110741936,4000,all,938
0.0916932,0.0972663,0.0,0.9427026626899553,0.057297337310044716,snapshot_939.xyz,32,4000,16.757672110741936,4000,all,939
0.0926008,0.0968493,0.0,0.956132878606247,0.04386712139375304,snapshot_940.xyz,32,4000,16.757672110741936,4000,all,940
0.0917631,0.0972663,0.0,0.9434213083051376,0.056578691694862404,snapshot_941.xyz,32,4000,16.757672110741936,4000,all,941
0.0919726,0.0974747,0.0,0.9435535580001786,0.056446441999821406,snapshot_942.xyz,32,4000,16.757672110741936,4000,all,942
0.0918329,0.0967797,0.0,0.9488859750546861,0.05111402494531392,snapshot_943.xyz,32,4000,16.757672110741936,4000,all,943
0.0914138,0.0968493,0.0,0.9438767239412159,0.05612327605878409,snapshot_944.xyz,32,4000,16.757672110741936,4000,all,944
0.0916234,0.0976137,0.0,0.9386325894828287,0.06136741051717132,snapshot_945.xyz,32,4000,16.757672110741936,4000,all,945
0.0922518,0.0974052,0.0,0.9470931736703995,0.05290682632960053,snapshot_946.xyz,32,4000,16.757672110741936,4000,all,946
0.0920424,0.0972663,0.0,0.9462928064499214,0.05370719355007858,snapshot_947.xyz,32,4000,16.757672110741936,4000,all,947
0.0912042,0.0966407,0.0,0.9437452336334484,0.05625476636655158,snapshot_948.xyz,32,4000,16.757672110741936,4000,all,948
0.0914837,0.0977526,0.0,0.9358697364571378,0.06413026354286222,snapshot_949.xyz,32,4000,16.757672110741936,4000,all,949
0.0926705,0.0970578,0.0,0.954797038465739,0.045202961534260955,snapshot_950.xyz,32,4000,16.757672110741936,4000,all,950
0.0918329,0.0968493,0.0,0.9482040654914388,0.05179593450856124,snapshot_951.xyz,32,4000,16.757672110741936,4000,all,951
0.091344,0.0980999,0.0,0.9311324476375612,0.0688675523624388,snapshot_952.xyz,32,4000,16.757672110741936,4000,all,952
0.0919027,0.0970578,0.0,0.9468862883766168,0.053113711623383186,snapshot_953.xyz,32,4000,16.757672110741936,4000,all,953
0.0917631,0.0978221,0.0,0.9380610311984715,0.06193896880152849,snapshot_954.xyz,32,4000,16.757672110741936,4000,all,954
0.0912741,0.0971273,0.0,0.9397368196171416,0.06026318038285838,snapshot_955.xyz,32,4000,16.757672110741936,4000,all,955
0.0930194,0.0976831,0.0,0.9522568386957417,0.047743161304258264,snapshot_956.xyz,32,4000,16.757672110741936,4000,all,956
0.0926705,0.0983082,0.0,0.9426528000716116,0.05734719992838844,snapshot_957.xyz,32,4000,16.757672110741936,4000,all,957
0.0930891,0.097961,0.0,0.950266942967099,0.049733057032900985,snapshot_958.xyz,32,4000,16.757672110741936,4000,all,958
0.0918329,0.0976137,0.0,0.9407788046145161,0.05922119538548387,snapshot_959.xyz,32,4000,16.757672110741936,4000,all,959
0.0912741,0.0978915,0.0,0.932400668086606,0.06759933191339396,snapshot_960.xyz,32,4000,16.757672110741936,4000,all,960
0.0919027,0.0969188,0.0,0.9482443034787885,0.05175569652121148,snapshot_961.xyz,32,4000,16.757672110741936,4000,all,961
0.0911344,0.0974747,0.0,0.934954403552922,0.06504559644707797,snapshot_962.xyz,32,4000,16.757672110741936,4000,all,962
0.0918329,0.0971968,0.0,0.9448140267992361,0.055185973200763905,snapshot_963.xyz,32,4000,16.757672110741936,4000,all,963
0.0922518,0.0969883,0.0,0.9511642125905908,0.04883578740940919,snapshot_964.xyz,32,4000,16.757672110741936,4000,all,964
0.092182,0.0970578,0.0,0.9497639550865566,0.050236044913443356,snapshot_965.xyz,32,4000,16.757672110741936,4000,all,965
0.0926705,0.0978915,0.0,0.946665440819683,0.05333455918031704,snapshot_966.xyz,32,4000,16.757672110741936,4000,all,966
0.0924612,0.0976137,0.0,0.9472154011168514,0.05278459888314857,snapshot_967.xyz,32,4000,16.757672110741936,4000,all,967
0.0919726,0.0980304,0.0,0.9382048833831138,0.06179511661688619,snapshot_968.xyz,32,4000,16.757672110741936,4000,all,968
0.0912741,0.0971968,0.0,0.939064866333048,0.060935133666952024,snapshot_969.xyz,32,4000,16.757672110741936,4000,all,969
0.0909946,0.0973358,0.0,0.9348523359339523,0.06514766406604766,snapshot_970.xyz,32,4000,16.757672110741936,4000,all,970
0.0912741,0.0976137,0.0,0.9350541983348649,0.06494580166513508,snapshot_971.xyz,32,4000,16.757672110741936,4000,all,971
0.091344,0.0974052,0.0,0.9377733426962831,0.062226657303716904,snapshot_972.xyz,32,4000,16.757672110741936,4000,all,972
0.0919726,0.0974052,0.0,0.9442267969266528,0.05577320307334721,snapshot_973.xyz,32,4000,16.757672110741936,4000,all,973
0.0917631,0.0971273,0.0,0.9447714494277099,0.05522855057229015,snapshot_974.xyz,32,4000,16.757672110741936,4000,all,974
0.0912741,0.0973358,0.0,0.9377238385054625,0.06227616149453752,snapshot_975.xyz,32,4000,16.757672110741936,4000,all,975
0.092182,0.0978221,0.0,0.942343294613385,0.05765670538661505,snapshot_976.xyz,32,4000,16.757672110741936,4000,all,976
0.0917631,0.0968493,0.0,0.9474833581657276,0.052516641834272404,snapshot_977.xyz,32,4000,16.757672110741936,4000,all,977
0.0914138,0.0971273,0.0,0.9411751381949257,0.05882486180507429,snapshot_978.xyz,32,4000,16.757672110741936,4000,all,978
0.0918329,0.0980999,0.0,0.9361161428299111,0.06388385717008893,snapshot_979.xyz,32,4000,16.757672110741936,4000,all,979
0.0919726,0.0974052,0.0,0.9442267969266528,0.05577320307334721,snapshot_980.xyz,32,4000,16.757672110741936,4000,all,980
0.092182,0.0977526,0.0,0.9430132804651744,0.05698671953482559,snapshot_981.xyz,32,4000,16.757672110741936,4000,all,981
0.0916234,0.0974747,0.0,0.9399710899341059,0.06002891006589406,snapshot_982.xyz,32,4000,16.757672110741936,4000,all,982
0.0916234,0.0965712,0.0,0.9487652633497358,0.051234736650264234,snapshot_983.xyz,32,4000,16.757672110741936,4000,all,983
0.0916234,0.0967102,0.0,0.9474016184435561,0.05259838155644392,snapshot_984.xyz,32,4000,16.757672110741936,4000,all,984
0.0916932,0.0975442,0.0,0.9400169359121301,0.05998306408786991,snapshot_985.xyz,32,4000,16.757672110741936,4000,all,985
0.0915535,0.0974747,0.0,0.9392539807765502,0.0607460192234498,snapshot_986.xyz,32,4000,16.757672110741936,4000,all,986
0.0914138,0.0967797,0.0,0.9445555214574958,0.05544447854250423,snapshot_987.xyz,32,4000,16.757672110741936,4000,all,987
0.0917631,0.0974747,0.0,0.9414042823419821,0.058595717658017854,snapshot_988.xyz,32,4000,16.757672110741936,4000,all,988
0.0923914,0.0968493,0.0,0.9539707566291135,0.04602924337088654,snapshot_989.xyz,32,4000,16.757672110741936,4000,all,989
0.0912741,0.0967102,0.0,0.9437897967329196,0.05621020326708037,snapshot_990.xyz,32,4000,16.757672110741936,4000,all,990
0.0916932,0.0966407,0.0,0.9488052135383954,0.05119478646160458,snapshot_991.xyz,32,4000,16.757672110741936,4000,all,991
0.0919027,0.0968493,0.0,0.94892477281715,0.05107522718284996,snapshot_992.xyz,32,4000,16.757672110741936,4000,all,992
0.0916234,0.0968493,0.0,0.9460409109823199,0.053959089017680095,snapshot_993.xyz,32,4000,16.757672110741936,4000,all,993
0.0924612,0.0976137,0.0,0.9472154011168514,0.05278459888314857,snapshot_994.xyz,32,4000,16.757672110741936,4000,all,994
0.0924612,0.0969188,0.0,0.9540068593503014,0.045993140649698616,snapshot_995.xyz,32,4000,16.757672110741936,4000,all,995
0.0910645,0.0970578,0.0,0.9382501973051111,0.061749802694888944,snapshot_996.xyz,32,4000,16.757672110741936,4000,all,996
0.0912042,0.0974052,0.0,0.9363381010459401,0.06366189895405994,snapshot_997.xyz,32,4000,16.757672110741936,4000,all,997
0.0919726,0.0974747,0.0,0.9435535580001786,0.056446441999821406,snapshot_998.xyz,32,4000,16.757672110741936,4000,all,998
0.0920424,0.0971273,0.0,0.9476470570066294,0.052352942993370566,snapshot_999.xyz,32,4000,16.757672110741936,4000,all,999
0.091344,0.0976137,0.0,0.9357702863430031,0.06422971365699692,snapshot_1000.xyz,32,4000,16.757672110741936,4000,all,1000
0.092531,0.0980999,0.0,0.9432323580350235,0.05676764196497652,snapshot_1001.xyz,32,4000,16.757672110741936,4000,all,1001
0.0926008,0.0974052,0.0,0.950676144600083,0.049323855399917016,snapshot_1002.xyz,32,4000,16.757672110741936,4000,all,1002
0.0920424,0.0974052,0.0,0.9449433911125895,0.055056608887410485,snapshot_1003.xyz,32,4000,16.757672110741936,4000,all,1003
0.092531,0.0973358,0.0,0.950636867421853,0.04936313257814695,snapshot_1004.xyz,32,4000,16.757672110741936,4000,all,1004
0.0917631,0.0974052,0.0,0.9420759877296079,0.05792401227039212,snapshot_1005.xyz,32,4000,16.757672110741936,4000,all,1005
0.0914837,0.0975442,0.0,0.9378691916074969,0.06213080839250307,snapshot_1006.xyz,32,4000,16.757672110741936,4000,all,1006
0.0923914,0.0965016,0.0,0.9574079600752733,0.04259203992472671,snapshot_1007.xyz,32,4000,16.757672110741936,4000,all,1007
0.0918329,0.0967797,0.0,0.9488859750546861,0.05111402494531392,snapshot_1008.xyz,32,4000,16.757672110741936,4000,all,1008
0.0922518,0.0977526,0.0,0.9437273279687701,0.056272672031229876,snapshot_1009.xyz,32,4000,16.757672110741936,4000,all,1009
0.0919027,0.0971273,0.0,0.9462087384288455,0.05379126157115455,snapshot_1010.xyz,32,4000,16.757672110741936,4000,all,1010
0.092182,0.0973358,0.0,0.9470513418495559,0.05294865815044414,snapshot_1011.xyz,32,4000,16.757672110741936,4000,all,1011
0.0914138,0.0972663,0.0,0.9398301364398564,0.060169863560143644,snapshot_1012.xyz,32,4000,16.757672110741936,4000,all,1012
0.0922518,0.0968493,0.0,0.952529341977691,0.04747065802230899,snapshot_1013.xyz,32,4000,16.757672110741936,4000,all,1013
0.0921122,0.0976137,0.0,0.9436400833079783,0.05635991669202167,snapshot_1014.xyz,32,4000,16.757672110741936,4000,all,1014
0.0914837,0.0971968,0.0,0.9412213159280964,0.058778684071903564,snapshot_1015.xyz,32,4000,16.757672110741936,4000,all,1015
0.0930891,0.0972663,0.0,0.9570539847819851,0.04294601521801489,snapshot_1016.xyz,32,4000,16.757672110741936,4000,all,1016
0.0919726,0.0973358,0.0,0.9449000265061775,0.05509997349382245,snapshot_1017.xyz,32,4000,16.757672110741936,4000,all,1017
0.0919027,0.0973358,0.0,0.944181894020494,0.05581810597950598,snapshot_1018.xyz,32,4000,16.757672110741936,4000,all,1018
0.0916932,0.0968493,0.0,0.9467616183080312,0.05323838169196882,snapshot_1019.xyz,32,4000,16.757672110741936,4000,all,1019
0.0914138,0.0977526,0.0,0.9351546659628491,0.06484533403715087,snapshot_1020.xyz,32,4000,16.757672110741936,4000,all,1020
0.0919027,0.0971273,0.0,0.9462087384288455,0.05379126157115455,snapshot_1021.xyz,32,4000,16.757672110741936,4000,all,1021
0.0914138,0.097961,0.0,0.933165239227856,0.06683476077214401,snapshot_1022.xyz,32,4000,16.757672110741936,4000,all,1022
0.0919726,0.0973358,0.0,0.9449000265061775,0.05509997349382245,snapshot_1023.xyz,32,4000,16.757672110741936,4000,all,1023
0.0914138,0.0974052,0.0,0.9384899368822199,0.06151006311778007,snapshot_1024.xyz,32,4000,16.757672110741936,4000,all,1024
0.0921122,0.0976137,0.0,0.9436400833079783,0.05635991669202167,snapshot_1025.xyz,32,4000,16.757672110741936,4000,all,1025
0.0916932,0.0967102,0.0,0.9481233623754268,0.051876637624573174,snapshot_1026.xyz,32,4000,16.757672110741936,4000,all,1026
0.0928799,0.0966407,0.0,0.9610847189641631,0.03891528103583686,snapshot_1027.xyz,32,4000,16.757672110741936,4000,all,1027
0.0926008,0.0970578,0.0,0.9540789096806233,0.045921090319376745,snapshot_1028.xyz,32,4000,16.757672110741936,4000,all,1028
0.0923914,0.0978915,0.0,0.943814325043543,0.05618567495645699,snapshot_1029.xyz,32,4000,16.757672110741936,4000,all,1029
0.092182,0.0967102,0.0,0.9531776379327104,0.046822362067289625,snapshot_1030.xyz,32,4000,16.757672110741936,4000,all,1030
0.0912741,0.0974052,0.0,0.9370557218711116,0.06294427812888836,snapshot_1031.xyz,32,4000,16.757672110741936,4000,all,1031
0.0916234,0.0971273,0.0,0.9433331308499258,0.05666686915007424,snapshot_1032.xyz,32,4000,16.757672110741936,4000,all,1032
0.0916932,0.0978915,0.0,0.9366819386770046,0.06331806132299544,snapshot_1033.xyz,32,4000,16.757672110741936,4000,all,1033
0.0919027,0.0966407,0.0,0.9509730372400035,0.04902696275999652,snapshot_1034.xyz,32,4000,16.757672110741936,4000,all,1034
0.0919027,0.0972663,0.0,0.944856543324872,0.05514345667512799,snapshot_1035.xyz,32,4000,16.757672110741936,4000,all,1035
0.0919027,0.0967102,0.0,0.9502896281881332,0.04971037181186677,snapshot_1036.xyz,32,4000,16.757672110741936,4000,all,1036
0.0914138,0.0976831,0.0,0.9358200139020978,0.06417998609790221,snapshot_1037.xyz,32,4000,16.757672110741936,4000,all,1037
0.092531,0.0975442,0.0,0.9486058627781048,0.05139413722189523,snapshot_1038.xyz,32,4000,16.757672110741936,4000,all,1038
0.091344,0.0971968,0.0,0.9397840258115493,0.060215974188450705,snapshot_1039.xyz,32,4000,16.757672110741936,4000,all,1039
0.0920424,0.0969188,0.0,0.9496857162903378,0.05031428370966218,snapshot_1040.xyz,32,4000,16.757672110741936,4000,all,1040
0.0926008,0.0978221,0.0,0.9466245357644132,0.05337546423558681,snapshot_1041.xyz,32,4000,16.757672110741936,4000,all,1041
0.0923216,0.0974052,0.0,0.9478097678563363,0.052190232143663695,snapshot_1042.xyz,32,4000,16.757672110741936,4000,all,1042
0.0921122,0.0966407,0.0,0.9531408609416117,0.046859139058388344,snapshot_1043.xyz,32,4000,16.757672110741936,4000,all,1043
0.0928101,0.0974052,0.0,0.9528249005186582,0.0471750994813418,snapshot_1044.xyz,32,4000,16.757672110741936,4000,all,1044
0.0926008,0.0972663,0.0,0.9520337465288594,0.047966253471140585,snapshot_1045.xyz,32,4000,16.757672110741936,4000,all,1045
0.0914138,0.0972663,0.0,0.9398301364398564,0.060169863560143644,snapshot_1046.xyz,32,4000,16.757672110741936,4000,all,1046
0.0918329,0.0976831,0.0,0.9401104182811562,0.05988958171884384,snapshot_1047.xyz,32,4000,16.757672110741936,4000,all,1047
0.0920424,0.0974747,0.0,0.9442696412504988,0.05573035874950116,snapshot_1048.xyz,32,4000,16.757672110741936,4000,all,1048
0.0915535,0.0972663,0.0,0.9412663995649058,0.058733600435094235,snapshot_1049.xyz,32,4000,16.757672110741936,4000,all,1049
0.0916932,0.097961,0.0,0.9360173946774737,0.06398260532252631,snapshot_1050.xyz,32,4000,16.757672110741936,4000,all,1050
0.0927403,0.097961,0.0,0.9467063423199027,0.053293657680097306,snapshot_1051.xyz,32,4000,16.757672110741936,4000,all,1051
0.092182,0.0971968,0.0,0.9484057088299204,0.05159429117007963,snapshot_1052.xyz,32,4000,16.757672110741936,4000,all,1052
0.0923216,0.0972663,0.0,0.9491632764893905,0.05083672351060953,snapshot_1053.xyz,32,4000,16.757672110741936,4000,all,1053
0.0920424,0.0976831,0.0,0.9422551086114179,0.057744891388582076,snapshot_1054.xyz,32,4000,16.757672110741936,4000,all,1054
0.0914138,0.0975442,0.0,0.9371525933884332,0.06284740661156685,snapshot_1055.xyz,32,4000,16.757672110741936,4000,all,1055
0.0919726,0.097961,0.0,0.9388695501270914,0.06113044987290861,snapshot_1056.xyz,32,4000,16.757672110741936,4000,all,1056
0.0918329,0.0970578,0.0,0.9461671292776057,0.05383287072239429,snapshot_1057.xyz,32,4000,16.757672110741936,4000,all,1057
0.0919726,0.0976137,0.0,0.942209956184429,0.05779004381557096,snapshot_1058.xyz,32,4000,16.757672110741936,4000,all,1058
0.0919726,0.0973358,0.0,0.9449000265061775,0.05509997349382245,snapshot_1059.xyz,32,4000,16.757672110741936,4000,all,1059
0.092182,0.0982387,0.0,0.9383471076062693,0.06165289239373073,snapshot_1060.xyz,32,4000,16.757672110741936,4000,all,1060
0.092531,0.0977526,0.0,0.9465835179831534,0.05341648201684657,snapshot_1061.xyz,32,4000,16.757672110741936,4000,all,1061
0.0923914,0.0976831,0.0,0.9458278862976298,0.054172113702370184,snapshot_1062.xyz,32,4000,16.757672110741936,4000,all,1062
0.0916932,0.096293,0.0,0.9522312109914531,0.047768789008546864,snapshot_1063.xyz,32,4000,16.757672110741936,4000,all,1063
0.0914837,0.0973358,0.0,0.9398772085912891,0.06012279140871091,snapshot_1064.xyz,32,4000,16.757672110741936,4000,all,1064
0.0919726,0.0965016,0.0,0.9530681356578543,0.04693186434214569,snapshot_1065.xyz,32,4000,16.757672110741936,4000,all,1065
0.0929496,0.0972663,0.0,0.9556197778675656,0.04438022213243442,snapshot_1066.xyz,32,4000,16.757672110741936,4000,all,1066
0.0918329,0.0974052,0.0,0.9427925819155445,0.05720741808445551,snapshot_1067.xyz,32,4000,16.757672110741936,4000,all,1067
0.0911344,0.0971968,0.0,0.937627576216501,0.062372423783499054,snapshot_1068.xyz,32,4000,16.757672110741936,4000,all,1068
0.0923216,0.0974747,0.0,0.9471339742517803,0.05286602574821975,snapshot_1069.xyz,32,4000,16.757672110741936,4000,all,1069
0.0914138,0.0965712,0.0,0.9465948440114652,0.05340515598853479,snapshot_1070.xyz,32,4000,16.757672110741936,4000,all,1070
0.0914138,0.0973358,0.0,0.9391590761056056,0.06084092389439444,snapshot_1071.xyz,32,4000,16.757672110741936,4000,all,1071
0.092531,0.0971273,0.0,0.9526775685106041,0.047322431489395855,snapshot_1072.xyz,32,4000,16.757672110741936,4000,all,1072
0.0921122,0.0970578,0.0,0.9490447959875457,0.05095520401245435,snapshot_1073.xyz,32,4000,16.757672110741936,4000,all,1073
0.0921122,0.0971273,0.0,0.9483657015071973,0.051634298492802655,snapshot_1074.xyz,32,4000,16.757672110741936,4000,all,1074
0.0914837,0.0967102,0.0,0.9459570965627204,0.05404290343727958,snapshot_1075.xyz,32,4000,16.757672110741936,4000,all,1075
0.0916932,0.0976831,0.0,0.9386802834881367,0.0613197165118633,snapshot_1076.xyz,32,4000,16.757672110741936,4000,all,1076
0.091344,0.0974747,0.0,0.9371047051183538,0.06289529488164625,snapshot_1077.xyz,32,4000,16.757672110741936,4000,all,1077
0.0920424,0.0982387,0.0,0.9369260790299546,0.06307392097004538,snapshot_1078.xyz,32,4000,16.757672110741936,4000,all,1078
0.0919726,0.0969188,0.0,0.948965525780344,0.05103447421965601,snapshot_1079.xyz,32,4000,16.757672110741936,4000,all,1079
0.0907849,0.0969188,0.0,0.9367109374032696,0.0632890625967304,snapshot_1080.xyz,32,4000,16.757672110741936,4000,all,1080
0.0916234,0.0978221,0.0,0.9366329285509103,0.0633670714490897,snapshot_1081.xyz,32,4000,16.757672110741936,4000,all,1081
0.0927403,0.0968493,0.0,0.9575732607256842,0.04242673927431584,snapshot_1082.xyz,32,4000,16.757672110741936,4000,all,1082
0.0919726,0.0975442,0.0,0.942881278435827,0.05711872156417297,snapshot_1083.xyz,32,4000,16.757672110741936,4000,all,1083
0.092182,0.0963626,0.0,0.9566159485111443,0.04338405148885571,snapshot_1084.xyz,32,4000,16.757672110741936,4000,all,1084
0.0919726,0.0967797,0.0,0.9503294595870829,0.049670540412917075,snapshot_1085.xyz,32,4000,16.757672110741936,4000,all,1085
0.0926008,0.0974747,0.0,0.9499983072530616,0.05000169274693844,snapshot_1086.xyz,32,4000,16.757672110741936,4000,all,1086
0.0914138,0.0975442,0.0,0.9371525933884332,0.06284740661156685,snapshot_1087.xyz,32,4000,16.757672110741936,4000,all,1087
0.0917631,0.0976137,0.0,0.9400637410527416,0.0599362589472584,snapshot_1088.xyz,32,4000,16.757672110741936,4000,all,1088
0.0921122,0.0971273,0.0,0.9483657015071973,0.051634298492802655,snapshot_1089.xyz,32,4000,16.757672110741936,4000,all,1089
0.0916234,0.0968493,0.0,0.9460409109823199,0.053959089017680095,snapshot_1090.xyz,32,4000,16.757672110741936,4000,all,1090
0.0921122,0.0967797,0.0,0.9517719108449397,0.04822808915506027,snapshot_1091.xyz,32,4000,16.757672110741936,4000,all,1091
0.0919027,0.0974052,0.0,0.9435091761014813,0.05649082389851867,snapshot_1092.xyz,32,4000,16.757672110741936,4000,all,1092
0.0915535,0.0966407,0.0,0.9473596528170843,0.05264034718291566,snapshot_1093.xyz,32,4000,16.757672110741936,4000,all,1093
0.0909247,0.0965016,0.0,0.9422092483440688,0.05779075165593117,snapshot_1094.xyz,32,4000,16.757672110741936,4000,all,1094
0.0921122,0.0967102,0.0,0.9524558940008397,0.04754410599916026,snapshot_1095.xyz,32,4000,16.757672110741936,4000,all,1095
0.0909946,0.0971968,0.0,0.9361892572594982,0.0638107427405018,snapshot_1096.xyz,32,4000,16.757672110741936,4000,all,1096
0.0923216,0.0977526,0.0,0.9444413754723661,0.05555862452763394,snapshot_1097.xyz,32,4000,16.757672110741936,4000,all,1097
0.0917631,0.0969188,0.0,0.9468039224588005,0.05319607754119948,snapshot_1098.xyz,32,4000,16.757672110741936,4000,all,1098
0.0923216,0.0975442,0.0,0.9464591436497506,0.05354085635024941,snapshot_1099.xyz,32,4000,16.757672110741936,4000,all,1099
0.0919726,0.0966407,0.0,0.9516963349810174,0.048303665018982644,snapshot_1100.xyz,32,4000,16.757672110741936,4000,all,1100
0.0910645,0.0976831,0.0,0.9322441650602817,0.06775583493971826,snapshot_1101.xyz,32,4000,16.757672110741936,4000,all,1101
0.092531,0.0974747,0.0,0.9492822240027413,0.050717775997258685,snapshot_1102.xyz,32,4000,16.757672110741936,4000,all,1102
0.0919726,0.0978915,0.0,0.9395361190706036,0.06046388092939636,snapshot_1103.xyz,32,4000,16.757672110741936,4000,all,1103
0.0920424,0.0969883,0.0,0.949005189285718,0.050994810714282024,snapshot_1104.xyz,32,4000,16.757672110741936,4000,all,1104
0.0918329,0.0974747,0.0,0.9421203655923024,0.05787963440769761,snapshot_1105.xyz,32,4000,16.757672110741936,4000,all,1105
0.0920424,0.0974052,0.0,0.9449433911125895,0.055056608887410485,snapshot_1106.xyz,32,4000,16.757672110741936,4000,all,1106
0.0912741,0.0970578,0.0,0.9404097352299351,0.059590264770064905,snapshot_1107.xyz,32,4000,16.757672110741936,4000,all,1107
0.091344,0.0970578,0.0,0.9411299246428416,0.05887007535715838,snapshot_1108.xyz,32,4000,16.757672110741936,4000,all,1108
0.0916932,0.0977526,0.0,0.9380129019586181,0.061987098041381916,snapshot_1109.xyz,32,4000,16.757672110741936,4000,all,1109
0.0912741,0.0974052,0.0,0.9370557218711116,0.06294427812888836,snapshot_1110.xyz,32,4000,16.757672110741936,4000,all,1110
0.092531,0.0971273,0.0,0.9526775685106041,0.047322431489395855,snapshot_1111.xyz,32,4000,16.757672110741936,4000,all,1111
0.0914138,0.097961,0.0,0.933165239227856,0.06683476077214401,snapshot_1112.xyz,32,4000,16.757672110741936,4000,all,1112
0.0915535,0.0976137,0.0,0.9379165014746905,0.06208349852530948,snapshot_1113.xyz,32,4000,16.757672110741936,4000,all,1113
0.0921122,0.0971968,0.0,0.9476875781918747,0.05231242180812534,snapshot_1114.xyz,32,4000,16.757672110741936,4000,all,1114
0.0911344,0.0974747,0.0,0.934954403552922,0.06504559644707797,snapshot_1115.xyz,32,4000,16.757672110741936,4000,all,1115
0.0916234,0.0976137,0.0,0.9386325894828287,0.06136741051717132,snapshot_1116.xyz,32,4000,16.757672110741936,4000,all,1116
0.0919027,0.0970578,0.0,0.9468862883766168,0.053113711623383186,snapshot_1117.xyz,32,4000,16.757672110741936,4000,all,1117
0.0917631,0.0967102,0.0,0.9488461403243919,0.05115385967560815,snapshot_1118.xyz,32,4000,16.757672110741936,4000,all,1118
0.091344,0.0975442,0.0,0.9364370203456484,0.06356297965435165,snapshot_1119.xyz,32,4000,16.757672110741936,4000,all,1119
0.0926008,0.0978915,0.0,0.9459534280300127,0.0540465719699873,snapshot_1120.xyz,32,4000,16.757672110741936,4000,all,1120
0.0912741,0.0968493,0.0,0.9424342767578082,0.05756572324219178,snapshot_1121.xyz,32,4000,16.757672110741936,4000,all,1121
0.0917631,0.0969883,0.0,0.9461254604936884,0.0538745395063116,snapshot_1122.xyz,32,4000,16.757672110741936,4000,all,1122
0.0916234,0.0974052,0.0,0.9406417727184996,0.05935822728150042,snapshot_1123.xyz,32,4000,16.757672110741936,4000,all,1123
0.0930891,0.0974747,0.0,0.9550078122835977,0.04499218771640234,snapshot_1124.xyz,32,4000,16.757672110741936,4000,all,1124
0.0917631,0.0978915,0.0,0.9373959945449809,0.0626040054550191,snapshot_1125.xyz,32,4000,16.757672110741936,4000,all,1125
0.0919027,0.097961,0.0,0.9381560008574841,0.061843999142515926,snapshot_1126.xyz,32,4000,16.757672110741936,4000,all,1126
0.0920424,0.0971968,0.0,0.946969447553829,0.05303055244617105,snapshot_1127.xyz,32,4000,16.757672110741936,4000,all,1127
0.0914837,0.0978221,0.0,0.9352048259033491,0.06479517409665092,snapshot_1128.xyz,32,4000,16.757672110741936,4000,all,1128
0.0919726,0.0971968,0.0,0.9462513169157832,0.053748683084216764,snapshot_1129.xyz,32,4000,16.757672110741936,4000,all,1129
0.091344,0.0974052,0.0,0.9377733426962831,0.062226657303716904,snapshot_1130.xyz,32,4000,16.757672110741936,4000,all,1130
0.0915535,0.0974052,0.0,0.939924151893328,0.06007584810667199,snapshot_1131.xyz,32,4000,16.757672110741936,4000,all,1131
0.0918329,0.0964321,0.0,0.9523063378273416,0.04769366217265836,snapshot_1132.xyz,32,4000,16.757672110741936,4000,all,1132
0.0924612,0.0974747,0.0,0.9485661407524208,0.05143385924757915,snapshot_1133.xyz,32,4000,16.757672110741936,4000,all,1133
0.0923914,0.0969883,0.0,0.9526035614605061,0.047396438539493935,snapshot_1134.xyz,32,4000,16.757672110741936,4000,all,1134
0.0916234,0.0971273,0.0,0.9433331308499258,0.05666686915007424,snapshot_1135.xyz,32,4000,16.757672110741936,4000,all,1135
0.0914837,0.0978915,0.0,0.9345418141513818,0.06545818584861818,snapshot_1136.xyz,32,4000,16.757672110741936,4000,all,1136
0.0923216,0.0965016,0.0,0.9566846560057035,0.043315343994296485,snapshot_1137.xyz,32,4000,16.757672110741936,4000,all,1137
0.0916234,0.0973358,0.0,0.9413124461914321,0.05868755380856794,snapshot_1138.xyz,32,4000,16.757672110741936,4000,all,1138
0.0918329,0.0974052,0.0,0.9427925819155445,0.05720741808445551,snapshot_1139.xyz,32,4000,16.757672110741936,4000,all,1139
0.0920424,0.097961,0.0,0.9395820785822928,0.06041792141770719,snapshot_1140.xyz,32,4000,16.757672110741936,4000,all,1140
0.0919726,0.0969883,0.0,0.9482855148507604,0.0517144851492396,snapshot_1141.xyz,32,4000,16.757672110741936,4000,all,1141
0.0926705,0.0971273,0.0,0.9541138279350914,0.04588617206490864,snapshot_1142.xyz,32,4000,16.757672110741936,4000,all,1142
0.0916932,0.0976137,0.0,0.9393476530446034,0.06065234695539656,snapshot_1143.xyz,32,4000,16.757672110741936,4000,all,1143
0.0915535,0.0970578,0.0,0.9432884322537703,0.05671156774622965,snapshot_1144.xyz,32,4000,16.757672110741936,4000,all,1144
0.0917631,0.0971273,0.0,0.9447714494277099,0.05522855057229015,snapshot_1145.xyz,32,4000,16.757672110741936,4000,all,1145
0.0918329,0.0973358,0.0,0.9434647889060345,0.05653521109396553,snapshot_1146.xyz,32,4000,16.757672110741936,4000,all,1146
0.0926008,0.097961,0.0,0.9452823062239053,0.0547176937760947,snapshot_1147.xyz,32,4000,16.757672110741936,4000,all,1147
0.0921122,0.0978221,0.0,0.941629754421547,0.05837024557845305,snapshot_1148.xyz,32,4000,16.757672110741936,4000,all,1148
0.0922518,0.0969188,0.0,0.9518462878203197,0.04815371217968034,snapshot_1149.xyz,32,4000,16.757672110741936,4000,all,1149
0.0923216,0.0969883,0.0,0.9518838870255485,0.04811611297445151,snapshot_1150.xyz,32,4000,16.757672110741936,4000,all,1150
0.0921122,0.0967797,0.0,0.9517719108449397,0.04822808915506027,snapshot_1151.xyz,32,4000,16.757672110741936,4000,all,1151
0.0916932,0.0970578,0.0,0.9447277807656881,0.055272219234311915,snapshot_1152.xyz,32,4000,16.757672110741936,4000,all,1152
0.0916234,0.0971273,0.0,0.9433331308499258,0.05666686915007424,snapshot_1153.xyz,32,4000,16.757672110741936,4000,all,1153
0.0919027,0.0966407,0.0,0.9509730372400035,0.04902696275999652,snapshot_1154.xyz,32,4000,16.757672110741936,4000,all,1154
0.092182,0.0974747,0.0,0.9457018077511395,0.054298192248860455,snapshot_1155.xyz,32,4000,16.757672110741936,4000,all,1155
0.0929496,0.0973358,0.0,0.9549374433661612,0.045062556633838846,snapshot_1156.xyz,32,4000,16.757672110741936,4000,all,1156
0.0922518,0.0974747,0.0,0.9464178910014598,0.05358210899854021,snapshot_1157.xyz,32,4000,16.757672110741936,4000,all,1157
0.0924612,0.0974747,0.0,0.9485661407524208,0.05143385924757915,snapshot_1158.xyz,32,4000,16.757672110741936,4000,all,1158
0.0917631,0.0974052,0.0,0.9420759877296079,0.05792401227039212,snapshot_1159.xyz,32,4000,16.757672110741936,4000,all,1159
0.0921122,0.0970578,0.0,0.9490447959875457,0.05095520401245435,snapshot_1160.xyz,32,4000,16.757672110741936,4000,all,1160
0.0920424,0.0969883,0.0,0.949005189285718,0.050994810714282024,snapshot_1161.xyz,32,4000,16.757672110741936,4000,all,1161
0.0914138,0.0971273,0.0,0.9411751381949257,0.05882486180507429,snapshot_1162.xyz,32,4000,16.757672110741936,4000,all,1162
0.0920424,0.0975442,0.0,0.9435968514786117,0.05640314852138828,snapshot_1163.xyz,32,4000,16.757672110741936,4000,all,1163
0.0923216,0.0976137,0.0,0.9457852739933023,0.054214726006697744,snapshot_1164.xyz,32,4000,16.757672110741936,4000,all,1164
0.0920424,0.0972663,0.0,0.9462928064499214,0.05370719355007858,snapshot_1165.xyz,32,4000,16.757672110741936,4000,all,1165
0.0917631,0.0969188,0.0,0.9468039224588005,0.05319607754119948,snapshot_1166.xyz,32,4000,16.757672110741936,4000,all,1166
0.0930194,0.097961,0.0,0.9495554353263033,0.050444564673696735,snapshot_1167.xyz,32,4000,16.757672110741936,4000,all,1167
0.0922518,0.0969883,0.0,0.9511642125905908,0.04883578740940919,snapshot_1168.xyz,32,4000,16.757672110741936,4000,all,1168
0.0918329,0.0968493,0.0,0.9482040654914388,0.05179593450856124,snapshot_1169.xyz,32,4000,16.757672110741936,4000,all,1169
0.0917631,0.0974052,0.0,0.9420759877296079,0.05792401227039212,snapshot_1170.xyz,32,4000,16.757672110741936,4000,all,1170
0.0914837,0.0974052,0.0,0.9392075577073914,0.060792442292608606,snapshot_1171.xyz,32,4000,16.757672110741936,4000,all,1171
0.0919027,0.0971273,0.0,0.9462087384288455,0.05379126157115455,snapshot_1172.xyz,32,4000,16.757672110741936,4000,all,1172
0.092531,0.0969883,0.0,0.9540429103304213,0.04595708966957868,snapshot_1173.xyz,32,4000,16.757672110741936,4000,all,1173
0.0920424,0.0967797,0.0,0.9510506852160112,0.048949314783988784,snapshot_1174.xyz,32,4000,16.757672110741936,4000,all,1174
0.0918329,0.0967797,0.0,0.9488859750546861,0.05111402494531392,snapshot_1175.xyz,32,4000,16.757672110741936,4000,all,1175
0.0914138,0.0971273,0.0,0.9411751381949257,0.05882486180507429,snapshot_1176.xyz,32,4000,16.757672110741936,4000,all,1176
0.0919027,0.0975442,0.0,0.9421646802167634,0.05783531978323664,snapshot_1177.xyz,32,4000,16.757672110741936,4000,all,1177
0.0917631,0.0967797,0.0,0.9481647494257577,0.05183525057424232,snapshot_1178.xyz,32,4000,16.757672110741936,4000,all,1178
0.0926705,0.0974052,0.0,0.9513917121467849,0.04860828785321514,snapshot_1179.xyz,32,4000,16.757672110741936,4000,all,1179
0.0909946,0.0974747,0.0,0.9335201852378104,0.06647981476218956,snapshot_1180.xyz,32,4000,16.757672110741936,4000,all,1180
0.0915535,0.0972663,0.0,0.9412663995649058,0.058733600435094235,snapshot_1181.xyz,32,4000,16.757672110741936,4000,all,1181
0.0923914,0.0982387,0.0,0.9404786504707412,0.059521349529258805,snapshot_1182.xyz,32,4000,16.757672110741936,4000,all,1182
0.0915535,0.0973358,0.0,0.9405943137057485,0.05940568629425147,snapshot_1183.xyz,32,4000,16.757672110741936,4000,all,1183
0.0919726,0.0966407,0.0,0.9516963349810174,0.048303665018982644,snapshot_1184.xyz,32,4000,16.757672110741936,4000,all,1184
0.0916234,0.0967102,0.0,0.9474016184435561,0.05259838155644392,snapshot_1185.xyz,32,4000,16.757672110741936,4000,all,1185
0.0914837,0.0976137,0.0,0.937201437912916,0.06279856208708401,snapshot_1186.xyz,32,4000,16.757672110741936,4000,all,1186
0.0919027,0.0974747,0.0,0.9428364488426229,0.057163551157377146,snapshot_1187.xyz,32,4000,16.757672110741936,4000,all,1187
0.0916234,0.0983082,0.0,0.9320016031216114,0.0679983968783886,snapshot_1188.xyz,32,4000,16.757672110741936,4000,all,1188
0.0923914,0.0974747,0.0,0.9478500575021006,0.05214994249789939,snapshot_1189.xyz,32,4000,16.757672110741936,4000,all,1189
0.0919726,0.0971273,0.0,0.9469284125060616,0.053071587493938366,snapshot_1190.xyz,32,4000,16.757672110741936,4000,all,1190
0.092531,0.0972663,0.0,0.9513161290189922,0.04868387098100779,snapshot_1191.xyz,32,4000,16.757672110741936,4000,all,1191
0.0916234,0.0969188,0.0,0.945362509647251,0.05463749035274901,snapshot_1192.xyz,32,4000,16.757672110741936,4000,all,1192
0.0927403,0.0974052,0.0,0.9521083063327215,0.04789169366727852,snapshot_1193.xyz,32,4000,16.757672110741936,4000,all,1193
0.0926008,0.0969883,0.0,0.9547625847653789,0.0452374152346211,snapshot_1194.xyz,32,4000,16.757672110741936,4000,all,1194
0.0924612,0.0976137,0.0,0.9472154011168514,0.05278459888314857,snapshot_1195.xyz,32,4000,16.757672110741936,4000,all,1195
0.0918329,0.0981693,0.0,0.9354543630238781,0.06454563697612192,snapshot_1196.xyz,32,4000,16.757672110741936,4000,all,1196
0.092182,0.0971273,0.0,0.949084346007765,0.050915653992234966,snapshot_1197.xyz,32,4000,16.757672110741936,4000,all,1197
0.0926705,0.0977526,0.0,0.9480105899996523,0.051989410000347736,snapshot_1198.xyz,32,4000,16.757672110741936,4000,all,1198
0.092182,0.0976137,0.0,0.944355146869753,0.05564485313024703,snapshot_1199.xyz,32,4000,16.757672110741936,4000,all,1199
0.0915535,0.0970578,0.0,0.9432884322537703,0.05671156774622965,snapshot_1200.xyz,32,4000,16.757672110741936,4000,all,1200
0.0916234,0.0972663,0.0,0.941985045180088,0.058014954819912035,snapshot_1201.xyz,32,4000,16.757672110741936,4000,all,1201
