cid,cid_shuffled,cid_shuffled_std,cid_normalized,compression_gain,snapshot,nbins,n_particles_total,box_length,n_particles_filtered,atom_types,snapshot_num
0.0695898,0.100597,0.0,0.6917681441792498,0.3082318558207502,snapshot_1.xyz,32,4000,17.09975946676697,4000,all,1
0.0639236,0.0953189,0.0,0.6706288049904059,0.3293711950095941,snapshot_2.xyz,32,4000,17.09975946676697,4000,all,2
0.0651463,0.0953885,0.0,0.682957589227213,0.31704241077278705,snapshot_3.xyz,32,4000,17.09975946676697,4000,all,3
0.0660083,0.0966407,0.0,0.6830279581998062,0.3169720418001938,snapshot_4.xyz,32,4000,17.09975946676697,4000,all,4
0.0644992,0.0966407,0.0,0.6674123842232104,0.33258761577678964,snapshot_5.xyz,32,4000,17.09975946676697,4000,all,5
0.06608,0.0962235,0.0,0.6867345295068252,0.31326547049317477,snapshot_6.xyz,32,4000,17.09975946676697,4000,all,6
0.0647869,0.0965712,0.0,0.670871854134566,0.32912814586543404,snapshot_7.xyz,32,4000,17.09975946676697,4000,all,7
0.0665824,0.0964321,0.0,0.69045888246756,0.30954111753243996,snapshot_8.xyz,32,4000,17.09975946676697,4000,all,8
0.0654337,0.0960843,0.0,0.6810030358757883,0.31899696412421175,snapshot_9.xyz,32,4000,17.09975946676697,4000,all,9
0.0665106,0.0972663,0.0,0.6837990136357608,0.3162009863642392,snapshot_10.xyz,32,4000,17.09975946676697,4000,all,10
0.0654337,0.0967797,0.0,0.6761097626878364,0.3238902373121636,snapshot_11.xyz,32,4000,17.09975946676697,4000,all,11
0.0656492,0.096293,0.0,0.6817650296490919,0.3182349703509081,snapshot_12.xyz,32,4000,17.09975946676697,4000,all,12
0.0666541,0.0967797,0.0,0.6887198451741429,0.31128015482585714,snapshot_13.xyz,32,4000,17.09975946676697,4000,all,13
0.0665824,0.0972663,0.0,0.684537193251928,0.31546280674807203,snapshot_14.xyz,32,4000,17.09975946676697,4000,all,14
0.0665106,0.0960148,0.0,0.6927119569066436,0.30728804309335644,snapshot_15.xyz,32,4000,17.09975946676697,4000,all,15
0.06529,0.0960843,0.0,0.6795074741659147,0.3204925258340853,snapshot_16.xyz,32,4000,17.09975946676697,4000,all,16
0.0660083,0.0961539,0.0,0.6864859355678762,0.3135140644321238,snapshot_17.xyz,32,4000,17.09975946676697,4000,all,17
0.0662954,0.0962235,0.0,0.6889730679096063,0.31102693209039367,snapshot_18.xyz,32,4000,17.09975946676697,4000,all,18
0.0654337,0.0963626,0.0,0.679036265107002,0.320963734892998,snapshot_19.xyz,32,4000,17.09975946676697,4000,all,19
0.0653619,0.0960843,0.0,0.6802557753972294,0.31974422460277063,snapshot_20.xyz,32,4000,17.09975946676697,4000,all,20
0.0665824,0.0964321,0.0,0.69045888246756,0.30954111753243996,snapshot_21.xyz,32,4000,17.09975946676697,4000,all,21
0.0646431,0.0966407,0.0,0.6689014048946251,0.33109859510537487,snapshot_22.xyz,32,4000,17.09975946676697,4000,all,22
0.0663671,0.0965016,0.0,0.6877305661253285,0.31226943387467154,snapshot_23.xyz,32,4000,17.09975946676697,4000,all,23
0.0652182,0.0963626,0.0,0.6767999203010296,0.32320007969897036,snapshot_24.xyz,32,4000,17.09975946676697,4000,all,24
0.0650744,0.0965016,0.0,0.6743349333068053,0.3256650666931947,snapshot_25.xyz,32,4000,17.09975946676697,4000,all,25
0.0670127,0.0972663,0.0,0.6889611304223558,0.31103886957764415,snapshot_26.xyz,32,4000,17.09975946676697,4000,all,26
0.0651463,0.0961539,0.0,0.6775211405881613,0.32247885941183874,snapshot_27.xyz,32,4000,17.09975946676697,4000,all,27
0.0678726,0.0997652,0.0,0.6803233993416543,0.3196766006583457,snapshot_28.xyz,32,4000,17.09975946676697,4000,all,28
0.0654337,0.0955973,0.0,0.6844722601998173,0.31552773980018267,snapshot_29.xyz,32,4000,17.09975946676697,4000,all,29
0.0666541,0.0973358,0.0,0.6847850431187702,0.3152149568812298,snapshot_30.xyz,32,4000,17.09975946676697,4000,all,30
0.0650026,0.0953189,0.0,0.6819487006249547,0.3180512993750453,snapshot_31.xyz,32,4000,17.09975946676697,4000,all,31
0.0677294,0.100043,0.0,0.677002888757834,0.322997111242166,snapshot_32.xyz,32,4000,17.09975946676697,4000,all,32
0.0688032,0.100181,0.0,0.6867889120691547,0.3132110879308453,snapshot_33.xyz,32,4000,17.09975946676697,4000,all,33
0.0687317,0.100805,0.0,0.6818282823272656,0.31817171767273444,snapshot_34.xyz,32,4000,17.09975946676697,4000,all,34
0.0648588,0.0956669,0.0,0.6779648969497286,0.3220351030502714,snapshot_35.xyz,32,4000,17.09975946676697,4000,all,35
0.0688748,0.100874,0.0,0.6827804984436029,0.3172195015563971,snapshot_36.xyz,32,4000,17.09975946676697,4000,all,36
0.0645712,0.0956669,0.0,0.6749586325050775,0.3250413674949225,snapshot_37.xyz,32,4000,17.09975946676697,4000,all,37
0.0660083,0.0969188,0.0,0.6810680693529017,0.31893193064709835,snapshot_38.xyz,32,4000,17.09975946676697,4000,all,38
0.06529,0.0952493,0.0,0.6854643551186204,0.31453564488137964,snapshot_39.xyz,32,4000,17.09975946676697,4000,all,39
0.0666541,0.0958061,0.0,0.6957187485974274,0.30428125140257256,snapshot_40.xyz,32,4000,17.09975946676697,4000,all,40
0.066941,0.0961539,0.0,0.6961860101358344,0.30381398986416563,snapshot_41.xyz,32,4000,17.09975946676697,4000,all,41
0.0670127,0.096293,0.0,0.6959249374305504,0.3040750625694496,snapshot_42.xyz,32,4000,17.09975946676697,4000,all,42
0.065721,0.0967102,0.0,0.6795663745913048,0.32043362540869524,snapshot_43.xyz,32,4000,17.09975946676697,4000,all,43
0.0657929,0.0967102,0.0,0.6803098328821573,0.3196901671178427,snapshot_44.xyz,32,4000,17.09975946676697,4000,all,44
0.0662236,0.0965712,0.0,0.6857489603525688,0.3142510396474312,snapshot_45.xyz,32,4000,17.09975946676697,4000,all,45
0.0649307,0.0955973,0.0,0.6792106053204431,0.3207893946795569,snapshot_46.xyz,32,4000,17.09975946676697,4000,all,46
0.0687317,0.0992797,0.0,0.6923036632866538,0.3076963367133462,snapshot_47.xyz,32,4000,17.09975946676697,4000,all,47
0.0642834,0.0949011,0.0,0.6773725488956398,0.3226274511043602,snapshot_48.xyz,32,4000,17.09975946676697,4000,all,48
0.0668693,0.0966407,0.0,0.691937247971093,0.308062752028907,snapshot_49.xyz,32,4000,17.09975946676697,4000,all,49
0.0662954,0.0957365,0.0,0.6924777906023304,0.3075222093976696,snapshot_50.xyz,32,4000,17.09975946676697,4000,all,50
0.065721,0.0964321,0.0,0.6815261723015469,0.3184738276984531,snapshot_51.xyz,32,4000,17.09975946676697,4000,all,51
0.0655774,0.0969883,0.0,0.6761372247992798,0.32386277520072015,snapshot_52.xyz,32,4000,17.09975946676697,4000,all,52
0.0653619,0.0960843,0.0,0.6802557753972294,0.31974422460277063,snapshot_53.xyz,32,4000,17.09975946676697,4000,all,53
0.0656492,0.0964321,0.0,0.6807816069545307,0.3192183930454693,snapshot_54.xyz,32,4000,17.09975946676697,4000,all,54
0.065721,0.0963626,0.0,0.6820177122659621,0.3179822877340379,snapshot_55.xyz,32,4000,17.09975946676697,4000,all,55
0.0671561,0.0990022,0.0,0.6783293704584342,0.3216706295415658,snapshot_56.xyz,32,4000,17.09975946676697,4000,all,56
0.0673711,0.0978915,0.0,0.6882221643350035,0.3117778356649965,snapshot_57.xyz,32,4000,17.09975946676697,4000,all,57
0.0672278,0.0974747,0.0,0.6896948644109703,0.3103051355890297,snapshot_58.xyz,32,4000,17.09975946676697,4000,all,58
0.0666541,0.0959452,0.0,0.694710105351805,0.305289894648195,snapshot_59.xyz,32,4000,17.09975946676697,4000,all,59
0.0654337,0.0970578,0.0,0.6741725033948842,0.3258274966051158,snapshot_60.xyz,32,4000,17.09975946676697,4000,all,60
0.0664389,0.0958756,0.0,0.6929698484285887,0.30703015157141134,snapshot_61.xyz,32,4000,17.09975946676697,4000,all,61
0.0658647,0.0962235,0.0,0.6844970303512136,0.31550296964878644,snapshot_62.xyz,32,4000,17.09975946676697,4000,all,62
0.0658647,0.0965712,0.0,0.6820325314379443,0.3179674685620557,snapshot_63.xyz,32,4000,17.09975946676697,4000,all,63
0.0660083,0.0965712,0.0,0.6835195172059579,0.31648048279404206,snapshot_64.xyz,32,4000,17.09975946676697,4000,all,64
0.0653619,0.0961539,0.0,0.6797633793325075,0.3202366206674925,snapshot_65.xyz,32,4000,17.09975946676697,4000,all,65
0.06529,0.0969188,0.0,0.6736567105659583,0.3263432894340417,snapshot_66.xyz,32,4000,17.09975946676697,4000,all,66
0.0658647,0.0964321,0.0,0.6830163399946697,0.3169836600053303,snapshot_67.xyz,32,4000,17.09975946676697,4000,all,67
0.0667976,0.0960148,0.0,0.6957010794169233,0.3042989205830767,snapshot_68.xyz,32,4000,17.09975946676697,4000,all,68
0.0665824,0.0980999,0.0,0.6787203656680587,0.3212796343319413,snapshot_69.xyz,32,4000,17.09975946676697,4000,all,69
0.0687317,0.0996265,0.0,0.6898937531680828,0.31010624683191723,snapshot_70.xyz,32,4000,17.09975946676697,4000,all,70
0.0660083,0.0975442,0.0,0.676701433811544,0.323298566188456,snapshot_71.xyz,32,4000,17.09975946676697,4000,all,71
0.0672994,0.0978915,0.0,0.6874897207622724,0.31251027923772756,snapshot_72.xyz,32,4000,17.09975946676697,4000,all,72
0.0681591,0.0992103,0.0,0.6870163682601504,0.31298363173984955,snapshot_73.xyz,32,4000,17.09975946676697,4000,all,73
0.0662954,0.0952493,0.0,0.696019813268969,0.303980186731031,snapshot_74.xyz,32,4000,17.09975946676697,4000,all,74
0.0661518,0.0964321,0.0,0.685993564383644,0.314006435616356,snapshot_75.xyz,32,4000,17.09975946676697,4000,all,75
0.0653619,0.0966407,0.0,0.6763392649266821,0.32366073507331794,snapshot_76.xyz,32,4000,17.09975946676697,4000,all,76
0.0657929,0.0963626,0.0,0.6827638523659594,0.3172361476340406,snapshot_77.xyz,32,4000,17.09975946676697,4000,all,77
0.0664389,0.0961539,0.0,0.6909641730600631,0.3090358269399369,snapshot_78.xyz,32,4000,17.09975946676697,4000,all,78
0.0672994,0.0968493,0.0,0.6948878308877813,0.3051121691122187,snapshot_79.xyz,32,4000,17.09975946676697,4000,all,79
0.0651463,0.0958756,0.0,0.6794877946005031,0.3205122053994969,snapshot_80.xyz,32,4000,17.09975946676697,4000,all,80
0.065721,0.0964321,0.0,0.6815261723015469,0.3184738276984531,snapshot_81.xyz,32,4000,17.09975946676697,4000,all,81
0.065721,0.0958756,0.0,0.6854820204515018,0.31451797954849825,snapshot_82.xyz,32,4000,17.09975946676697,4000,all,82
0.065721,0.0961539,0.0,0.6834980172411104,0.31650198275888963,snapshot_83.xyz,32,4000,17.09975946676697,4000,all,83
0.0662236,0.0972663,0.0,0.6808483513817221,0.31915164861827794,snapshot_84.xyz,32,4000,17.09975946676697,4000,all,84
0.0676577,0.0990716,0.0,0.6829172033155819,0.3170827966844181,snapshot_85.xyz,32,4000,17.09975946676697,4000,all,85
0.0671561,0.097961,0.0,0.6855391431283877,0.3144608568716123,snapshot_86.xyz,32,4000,17.09975946676697,4000,all,86
0.0663671,0.0971968,0.0,0.6828115740435899,0.31718842595641006,snapshot_87.xyz,32,4000,17.09975946676697,4000,all,87
0.0661518,0.0954581,0.0,0.6929930514016096,0.3070069485983904,snapshot_88.xyz,32,4000,17.09975946676697,4000,all,88
0.0656492,0.0969188,0.0,0.6773629058552109,0.32263709414478914,snapshot_89.xyz,32,4000,17.09975946676697,4000,all,89
0.0681591,0.10025,0.0,0.6798912718204488,0.32010872817955116,snapshot_90.xyz,32,4000,17.09975946676697,4000,all,90
0.0653619,0.0954581,0.0,0.6847182166835502,0.31528178331644985,snapshot_91.xyz,32,4000,17.09975946676697,4000,all,91
0.0663671,0.0950404,0.0,0.6983040896292524,0.3016959103707476,snapshot_92.xyz,32,4000,17.09975946676697,4000,all,92
0.0650744,0.0959452,0.0,0.6782454984720445,0.3217545015279555,snapshot_93.xyz,32,4000,17.09975946676697,4000,all,93
0.0663671,0.0976137,0.0,0.6798953425594972,0.32010465744050276,snapshot_94.xyz,32,4000,17.09975946676697,4000,all,94
0.0658647,0.0967797,0.0,0.6805631759552881,0.31943682404471185,snapshot_95.xyz,32,4000,17.09975946676697,4000,all,95
0.0650744,0.0960148,0.0,0.6777538462820316,0.3222461537179684,snapshot_96.xyz,32,4000,17.09975946676697,4000,all,96
0.0663671,0.0967797,0.0,0.6857543472443085,0.3142456527556915,snapshot_97.xyz,32,4000,17.09975946676697,4000,all,97
0.0657929,0.0964321,0.0,0.6822717746476537,0.31772822535234635,snapshot_98.xyz,32,4000,17.09975946676697,4000,all,98
0.064715,0.0959452,0.0,0.6744996101941525,0.3255003898058475,snapshot_99.xyz,32,4000,17.09975946676697,4000,all,99
0.0650026,0.0955973,0.0,0.6799627186123457,0.3200372813876543,snapshot_100.xyz,32,4000,17.09975946676697,4000,all,100
0.0660083,0.0955973,0.0,0.6904828902071503,0.30951710979284974,snapshot_101.xyz,32,4000,17.09975946676697,4000,all,101
0.067801,0.100458,0.0,0.6749188715682175,0.3250811284317825,snapshot_102.xyz,32,4000,17.09975946676697,4000,all,102
0.0673711,0.0978221,0.0,0.6887104243315162,0.3112895756684838,snapshot_103.xyz,32,4000,17.09975946676697,4000,all,103
0.0656492,0.0972663,0.0,0.6749429144523849,0.32505708554761514,snapshot_104.xyz,32,4000,17.09975946676697,4000,all,104
0.0690894,0.0998345,0.0,0.6920393250830122,0.30796067491698775,snapshot_105.xyz,32,4000,17.09975946676697,4000,all,105
0.0660083,0.0980999,0.0,0.6728681680613334,0.3271318319386666,snapshot_106.xyz,32,4000,17.09975946676697,4000,all,106
0.0682307,0.0992797,0.0,0.6872573144358817,0.31274268556411833,snapshot_107.xyz,32,4000,17.09975946676697,4000,all,107
0.0668693,0.0994184,0.0,0.672604869923475,0.327395130076525,snapshot_108.xyz,32,4000,17.09975946676697,4000,all,108
0.0680875,0.0990022,0.0,0.6877372422026985,0.3122627577973015,snapshot_109.xyz,32,4000,17.09975946676697,4000,all,109
0.0683739,0.0997652,0.0,0.6853481975678894,0.31465180243211055,snapshot_110.xyz,32,4000,17.09975946676697,4000,all,110
0.068517,0.0998345,0.0,0.6863058361588428,0.3136941638411572,snapshot_111.xyz,32,4000,17.09975946676697,4000,all,111
0.0671561,0.0985164,0.0,0.6816743202147053,0.3183256797852947,snapshot_112.xyz,32,4000,17.09975946676697,4000,all,112
0.0690894,0.100666,0.0,0.6863230882323723,0.3136769117676277,snapshot_113.xyz,32,4000,17.09975946676697,4000,all,113
0.0687317,0.0990716,0.0,0.693757847859528,0.306242152140472,snapshot_114.xyz,32,4000,17.09975946676697,4000,all,114
0.067801,0.0980304,0.0,0.6916323915846513,0.3083676084153487,snapshot_115.xyz,32,4000,17.09975946676697,4000,all,115
0.0705185,0.101082,0.0,0.6976365722878455,0.3023634277121545,snapshot_116.xyz,32,4000,17.09975946676697,4000,all,116
0.0685886,0.0996958,0.0,0.6879788316057447,0.3120211683942553,snapshot_117.xyz,32,4000,17.09975946676697,4000,all,117
0.0704471,0.100112,0.0,0.7036828751797986,0.29631712482020145,snapshot_118.xyz,32,4000,17.09975946676697,4000,all,118
0.0685886,0.0992797,0.0,0.6908622810101158,0.3091377189898842,snapshot_119.xyz,32,4000,17.09975946676697,4000,all,119
0.0696613,0.0990022,0.0,0.7036338586415251,0.29636614135847494,snapshot_120.xyz,32,4000,17.09975946676697,4000,all,120
0.0711609,0.0997652,0.0,0.7132837903397177,0.28671620966028233,snapshot_121.xyz,32,4000,17.09975946676697,4000,all,121
0.0748629,0.0996265,0.0,0.7514356120108605,0.2485643879891395,snapshot_122.xyz,32,4000,17.09975946676697,4000,all,122
0.0796811,0.100458,0.0,0.7931782436441099,0.20682175635589006,snapshot_123.xyz,32,4000,17.09975946676697,4000,all,123
0.0812347,0.100528,0.0,0.8080803358268344,0.19191966417316564,snapshot_124.xyz,32,4000,17.09975946676697,4000,all,124
0.0855293,0.10025,0.0,0.8531600997506235,0.14683990024937654,snapshot_125.xyz,32,4000,17.09975946676697,4000,all,125
0.0902256,0.101151,0.0,0.8919892042589791,0.1080107957410209,snapshot_126.xyz,32,4000,17.09975946676697,4000,all,126
0.0908548,0.100805,0.0,0.9012925946133624,0.09870740538663758,snapshot_127.xyz,32,4000,17.09975946676697,4000,all,127
0.0920424,0.10025,0.0,0.9181286783042393,0.08187132169576072,snapshot_128.xyz,32,4000,17.09975946676697,4000,all,128
0.0916234,0.100874,0.0,0.9082954973531335,0.09170450264686647,snapshot_129.xyz,32,4000,17.09975946676697,4000,all,129
0.0912741,0.100736,0.0,0.9060723078144853,0.09392769218551467,snapshot_130.xyz,32,4000,17.09975946676697,4000,all,130
0.0915535,0.100666,0.0,0.909477877336936,0.09052212266306403,snapshot_131.xyz,32,4000,17.09975946676697,4000,all,131
0.0907849,0.10025,0.0,0.9055850374064838,0.09441496259351623,snapshot_132.xyz,32,4000,17.09975946676697,4000,all,132
0.0908548,0.100736,0.0,0.9019099428208386,0.09809005717916142,snapshot_133.xyz,32,4000,17.09975946676697,4000,all,133
0.0912042,0.100597,0.0,0.9066294223485789,0.0933705776514211,snapshot_134.xyz,32,4000,17.09975946676697,4000,all,134
0.0911344,0.100458,0.0,0.9071890740408927,0.09281092595910734,snapshot_135.xyz,32,4000,17.09975946676697,4000,all,135
0.0905752,0.100597,0.0,0.9003767507977374,0.09962324920226262,snapshot_136.xyz,32,4000,17.09975946676697,4000,all,136
0.0905053,0.0998345,0.0,0.9065533457872779,0.09344665421272214,snapshot_137.xyz,32,4000,17.09975946676697,4000,all,137
0.0900857,0.100181,0.0,0.8992293947954203,0.1007706052045797,snapshot_138.xyz,32,4000,17.09975946676697,4000,all,138
0.0903654,0.10032,0.0,0.9007715311004784,0.09922846889952164,snapshot_139.xyz,32,4000,17.09975946676697,4000,all,139
0.0905752,0.101082,0.0,0.8960566668645258,0.10394333313547421,snapshot_140.xyz,32,4000,17.09975946676697,4000,all,140
0.0900857,0.101705,0.0,0.885754879307802,0.11424512069219805,snapshot_141.xyz,32,4000,17.09975946676697,4000,all,141
0.0902955,0.100528,0.0,0.8982124383256406,0.10178756167435943,snapshot_142.xyz,32,4000,17.09975946676697,4000,all,142
0.089246,0.100943,0.0,0.884122722724706,0.11587727727529396,snapshot_143.xyz,32,4000,17.09975946676697,4000,all,143
0.089316,0.100736,0.0,0.8866343710292249,0.11336562897077507,snapshot_144.xyz,32,4000,17.09975946676697,4000,all,144
0.089106,0.100736,0.0,0.8845497141041931,0.11545028589580686,snapshot_145.xyz,32,4000,17.09975946676697,4000,all,145
0.088896,0.100528,0.0,0.8842909438166481,0.11570905618335192,snapshot_146.xyz,32,4000,17.09975946676697,4000,all,146
0.089246,0.100389,0.0,0.8890017830638816,0.11099821693611844,snapshot_147.xyz,32,4000,17.09975946676697,4000,all,147
0.087775,0.100528,0.0,0.8731398217412064,0.1268601782587936,snapshot_148.xyz,32,4000,17.09975946676697,4000,all,148
0.0880553,0.100874,0.0,0.8729236473224022,0.12707635267759776,snapshot_149.xyz,32,4000,17.09975946676697,4000,all,149
0.0888259,0.100181,0.0,0.8866541559776804,0.11334584402231962,snapshot_150.xyz,32,4000,17.09975946676697,4000,all,150
0.0881254,0.100528,0.0,0.8766254177940475,0.12337458220595254,snapshot_151.xyz,32,4000,17.09975946676697,4000,all,151
0.0878451,0.100943,0.0,0.870244593483451,0.12975540651654904,snapshot_152.xyz,32,4000,17.09975946676697,4000,all,152
0.0883356,0.100736,0.0,0.876902001270648,0.12309799872935201,snapshot_153.xyz,32,4000,17.09975946676697,4000,all,153
0.0886859,0.100874,0.0,0.879175010409025,0.12082498959097498,snapshot_154.xyz,32,4000,17.09975946676697,4000,all,154
0.0875647,0.101013,0.0,0.8668656509558175,0.13313434904418253,snapshot_155.xyz,32,4000,17.09975946676697,4000,all,155
0.087775,0.10032,0.0,0.8749501594896332,0.12504984051036683,snapshot_156.xyz,32,4000,17.09975946676697,4000,all,156
0.087775,0.100597,0.0,0.872540930644055,0.12745906935594498,snapshot_157.xyz,32,4000,17.09975946676697,4000,all,157
0.0877049,0.100736,0.0,0.8706410816391359,0.1293589183608641,snapshot_158.xyz,32,4000,17.09975946676697,4000,all,158
0.0880553,0.100943,0.0,0.8723269567974005,0.12767304320259953,snapshot_159.xyz,32,4000,17.09975946676697,4000,all,159
0.0870036,0.100597,0.0,0.864872709921767,0.135127290078233,snapshot_160.xyz,32,4000,17.09975946676697,4000,all,160
0.087214,0.100458,0.0,0.8681638097513388,0.13183619024866122,snapshot_161.xyz,32,4000,17.09975946676697,4000,all,161
0.0879852,0.101151,0.0,0.8698401399887297,0.13015986001127033,snapshot_162.xyz,32,4000,17.09975946676697,4000,all,162
0.0875647,0.101082,0.0,0.8662739162264299,0.1337260837735701,snapshot_163.xyz,32,4000,17.09975946676697,4000,all,163
0.0879152,0.100528,0.0,0.8745344580614356,0.1254655419385644,snapshot_164.xyz,32,4000,17.09975946676697,4000,all,164
0.0877049,0.0999732,0.0,0.8772841121420542,0.12271588785794585,snapshot_165.xyz,32,4000,17.09975946676697,4000,all,165
0.0876348,0.100736,0.0,0.8699452033036849,0.13005479669631514,snapshot_166.xyz,32,4000,17.09975946676697,4000,all,166
0.0874945,0.100666,0.0,0.8691564182544255,0.13084358174557453,snapshot_167.xyz,32,4000,17.09975946676697,4000,all,167
0.0879852,0.100874,0.0,0.8722287209786466,0.12777127902135343,snapshot_168.xyz,32,4000,17.09975946676697,4000,all,168
0.0876348,0.10025,0.0,0.8741625935162094,0.1258374064837906,snapshot_169.xyz,32,4000,17.09975946676697,4000,all,169
0.0872842,0.100943,0.0,0.8646879922332406,0.13531200776675945,snapshot_170.xyz,32,4000,17.09975946676697,4000,all,170
0.0886158,0.100597,0.0,0.8808990327743371,0.11910096722566288,snapshot_171.xyz,32,4000,17.09975946676697,4000,all,171
0.0888259,0.101151,0.0,0.8781514765054226,0.12184852349457742,snapshot_172.xyz,32,4000,17.09975946676697,4000,all,172
0.087775,0.10129,0.0,0.8665712311185705,0.13342876888142952,snapshot_173.xyz,32,4000,17.09975946676697,4000,all,173
0.0881955,0.0998345,0.0,0.8834170552263996,0.11658294477360043,snapshot_174.xyz,32,4000,17.09975946676697,4000,all,174
0.0878451,0.100597,0.0,0.8732377705100549,0.1267622294899451,snapshot_175.xyz,32,4000,17.09975946676697,4000,all,175
0.0879152,0.100943,0.0,0.8709390448074655,0.12906095519253447,snapshot_176.xyz,32,4000,17.09975946676697,4000,all,176
0.0884057,0.100874,0.0,0.8763972877054543,0.12360271229454567,snapshot_177.xyz,32,4000,17.09975946676697,4000,all,177
0.0886158,0.10025,0.0,0.8839481296758104,0.11605187032418962,snapshot_178.xyz,32,4000,17.09975946676697,4000,all,178
0.0879852,0.100666,0.0,0.8740309538473764,0.1259690461526236,snapshot_179.xyz,32,4000,17.09975946676697,4000,all,179
0.0867229,0.100736,0.0,0.8608928287801779,0.13910717121982208,snapshot_180.xyz,32,4000,17.09975946676697,4000,all,180
0.0879852,0.100736,0.0,0.8734236022871664,0.12657639771283358,snapshot_181.xyz,32,4000,17.09975946676697,4000,all,181
0.087775,0.0999732,0.0,0.8779853000604163,0.12201469993958369,snapshot_182.xyz,32,4000,17.09975946676697,4000,all,182
0.0875647,0.100389,0.0,0.8722539322037274,0.12774606779627262,snapshot_183.xyz,32,4000,17.09975946676697,4000,all,183
0.087775,0.100181,0.0,0.8761641429013486,0.12383585709865141,snapshot_184.xyz,32,4000,17.09975946676697,4000,all,184
0.089176,0.100666,0.0,0.8858601712594123,0.1141398287405877,snapshot_185.xyz,32,4000,17.09975946676697,4000,all,185
0.0878451,0.100874,0.0,0.8708398596268612,0.12916014037313883,snapshot_186.xyz,32,4000,17.09975946676697,4000,all,186
0.0881955,0.100389,0.0,0.8785374891671397,0.1214625108328603,snapshot_187.xyz,32,4000,17.09975946676697,4000,all,187
0.0885458,0.100736,0.0,0.8789886435832274,0.12101135641677263,snapshot_188.xyz,32,4000,17.09975946676697,4000,all,188
0.0885458,0.100874,0.0,0.8777861490572396,0.12221385094276038,snapshot_189.xyz,32,4000,17.09975946676697,4000,all,189
0.0879152,0.100736,0.0,0.8727287166454891,0.12727128335451088,snapshot_190.xyz,32,4000,17.09975946676697,4000,all,190
0.0887559,0.100874,0.0,0.8798689454170548,0.12013105458294515,snapshot_191.xyz,32,4000,17.09975946676697,4000,all,191
0.0896659,0.100736,0.0,0.8901078065438374,0.10989219345616263,snapshot_192.xyz,32,4000,17.09975946676697,4000,all,192
0.0880553,0.10025,0.0,0.8783571072319202,0.12164289276807982,snapshot_193.xyz,32,4000,17.09975946676697,4000,all,193
0.0878451,0.100666,0.0,0.8726392227763097,0.12736077722369032,snapshot_194.xyz,32,4000,17.09975946676697,4000,all,194
0.0880553,0.100874,0.0,0.8729236473224022,0.12707635267759776,snapshot_195.xyz,32,4000,17.09975946676697,4000,all,195
0.0874244,0.101082,0.0,0.8648859341920421,0.13511406580795793,snapshot_196.xyz,32,4000,17.09975946676697,4000,all,196
0.087775,0.100805,0.0,0.8707405386637568,0.12925946133624322,snapshot_197.xyz,32,4000,17.09975946676697,4000,all,197
0.0878451,0.100112,0.0,0.8774682355761546,0.12253176442384539,snapshot_198.xyz,32,4000,17.09975946676697,4000,all,198
0.0878451,0.100805,0.0,0.8714359406775457,0.1285640593224543,snapshot_199.xyz,32,4000,17.09975946676697,4000,all,199
0.0884057,0.101428,0.0,0.8716104034388926,0.12838959656110738,snapshot_200.xyz,32,4000,17.09975946676697,4000,all,200
0.0896659,0.101151,0.0,0.8864558926753072,0.11354410732469278,snapshot_201.xyz,32,4000,17.09975946676697,4000,all,201
0.0886158,0.100597,0.0,0.8808990327743371,0.11910096722566288,snapshot_202.xyz,32,4000,17.09975946676697,4000,all,202
0.0888259,0.100389,0.0,0.8848170616302582,0.1151829383697418,snapshot_203.xyz,32,4000,17.09975946676697,4000,all,203
0.089036,0.10025,0.0,0.888139650872818,0.11186034912718201,snapshot_204.xyz,32,4000,17.09975946676697,4000,all,204
0.0884057,0.101082,0.0,0.8745938940662037,0.1254061059337963,snapshot_205.xyz,32,4000,17.09975946676697,4000,all,205
0.0886859,0.100805,0.0,0.8797767967858736,0.12022320321412638,snapshot_206.xyz,32,4000,17.09975946676697,4000,all,206
0.0883356,0.10032,0.0,0.8805382775119617,0.11946172248803832,snapshot_207.xyz,32,4000,17.09975946676697,4000,all,207
0.0887559,0.100805,0.0,0.8804712067853776,0.1195287932146224,snapshot_208.xyz,32,4000,17.09975946676697,4000,all,208
0.0886158,0.101013,0.0,0.8772712423153455,0.12272875768465452,snapshot_209.xyz,32,4000,17.09975946676697,4000,all,209
0.089176,0.100597,0.0,0.8864677873097607,0.11353221269023928,snapshot_210.xyz,32,4000,17.09975946676697,4000,all,210
0.0882656,0.0999039,0.0,0.8835050483514657,0.1164949516485343,snapshot_211.xyz,32,4000,17.09975946676697,4000,all,211
0.089456,0.101497,0.0,0.8813659517030059,0.11863404829699409,snapshot_212.xyz,32,4000,17.09975946676697,4000,all,212
0.089176,0.100943,0.0,0.8834292620587857,0.11657073794121431,snapshot_213.xyz,32,4000,17.09975946676697,4000,all,213
0.089176,0.100666,0.0,0.8858601712594123,0.1141398287405877,snapshot_214.xyz,32,4000,17.09975946676697,4000,all,214
0.088966,0.100389,0.0,0.8862126328581816,0.11378736714181836,snapshot_215.xyz,32,4000,17.09975946676697,4000,all,215
0.0885458,0.100874,0.0,0.8777861490572396,0.12221385094276038,snapshot_216.xyz,32,4000,17.09975946676697,4000,all,216
0.0898059,0.100458,0.0,0.8939646419399151,0.1060353580600849,snapshot_217.xyz,32,4000,17.09975946676697,4000,all,217
0.0878451,0.100874,0.0,0.8708398596268612,0.12916014037313883,snapshot_218.xyz,32,4000,17.09975946676697,4000,all,218
0.0887559,0.100736,0.0,0.881074293202033,0.11892570679796699,snapshot_219.xyz,32,4000,17.09975946676697,4000,all,219
0.0886859,0.100874,0.0,0.879175010409025,0.12082498959097498,snapshot_220.xyz,32,4000,17.09975946676697,4000,all,220
0.089316,0.10032,0.0,0.890311004784689,0.10968899521531095,snapshot_221.xyz,32,4000,17.09975946676697,4000,all,221
0.089386,0.0999732,0.0,0.894099618697811,0.10590038130218904,snapshot_222.xyz,32,4000,17.09975946676697,4000,all,222
0.089176,0.100458,0.0,0.8876943598319695,0.11230564016803046,snapshot_223.xyz,32,4000,17.09975946676697,4000,all,223
0.089316,0.101082,0.0,0.8835994539087078,0.11640054609129225,snapshot_224.xyz,32,4000,17.09975946676697,4000,all,224
0.089246,0.10032,0.0,0.8896132376395535,0.11038676236044653,snapshot_225.xyz,32,4000,17.09975946676697,4000,all,225
0.089176,0.100389,0.0,0.8883044955124565,0.1116955044875435,snapshot_226.xyz,32,4000,17.09975946676697,4000,all,226
0.089526,0.100458,0.0,0.8911784029146508,0.10882159708534922,snapshot_227.xyz,32,4000,17.09975946676697,4000,all,227
0.088966,0.100458,0.0,0.8856039339823608,0.11439606601763919,snapshot_228.xyz,32,4000,17.09975946676697,4000,all,228
0.089106,0.100874,0.0,0.8833396117929297,0.11666038820707025,snapshot_229.xyz,32,4000,17.09975946676697,4000,all,229
0.089526,0.101151,0.0,0.8850728119346323,0.11492718806536772,snapshot_230.xyz,32,4000,17.09975946676697,4000,all,230
0.088966,0.100458,0.0,0.8856039339823608,0.11439606601763919,snapshot_231.xyz,32,4000,17.09975946676697,4000,all,231
0.088966,0.100736,0.0,0.8831599428208387,0.11684005717916135,snapshot_232.xyz,32,4000,17.09975946676697,4000,all,232
0.0880553,0.100528,0.0,0.8759280996339328,0.12407190036606719,snapshot_233.xyz,32,4000,17.09975946676697,4000,all,233
0.0886859,0.100805,0.0,0.8797767967858736,0.12022320321412638,snapshot_234.xyz,32,4000,17.09975946676697,4000,all,234
0.0900857,0.101013,0.0,0.8918228346846445,0.10817716531535548,snapshot_235.xyz,32,4000,17.09975946676697,4000,all,235
0.0896659,0.100043,0.0,0.8962736023509891,0.10372639764901093,snapshot_236.xyz,32,4000,17.09975946676697,4000,all,236
0.0896659,0.101013,0.0,0.8876669339589954,0.11233306604100457,snapshot_237.xyz,32,4000,17.09975946676697,4000,all,237
0.089456,0.100043,0.0,0.8941755045330506,0.10582449546694939,snapshot_238.xyz,32,4000,17.09975946676697,4000,all,238
0.0888259,0.100943,0.0,0.8799609680710896,0.12003903192891041,snapshot_239.xyz,32,4000,17.09975946676697,4000,all,239
0.0886158,0.100528,0.0,0.8815036606716535,0.11849633932834647,snapshot_240.xyz,32,4000,17.09975946676697,4000,all,240
0.0885458,0.100943,0.0,0.8771861347493138,0.12281386525068616,snapshot_241.xyz,32,4000,17.09975946676697,4000,all,241
0.088896,0.100389,0.0,0.8855153453067567,0.11448465469324332,snapshot_242.xyz,32,4000,17.09975946676697,4000,all,242
0.0902955,0.100943,0.0,0.8945196794230407,0.10548032057695933,snapshot_243.xyz,32,4000,17.09975946676697,4000,all,243
0.0898059,0.100874,0.0,0.8902779705375021,0.10972202946249787,snapshot_244.xyz,32,4000,17.09975946676697,4000,all,244
0.0898059,0.100181,0.0,0.8964364500254538,0.1035635499745462,snapshot_245.xyz,32,4000,17.09975946676697,4000,all,245
0.089456,0.100666,0.0,0.8886416466334213,0.11135835336657873,snapshot_246.xyz,32,4000,17.09975946676697,4000,all,246
0.089246,0.10122,0.0,0.8817032207073701,0.11829677929262994,snapshot_247.xyz,32,4000,17.09975946676697,4000,all,247
0.089176,0.100181,0.0,0.890148830616584,0.10985116938341599,snapshot_248.xyz,32,4000,17.09975946676697,4000,all,248
0.087775,0.0999732,0.0,0.8779853000604163,0.12201469993958369,snapshot_249.xyz,32,4000,17.09975946676697,4000,all,249
0.0886158,0.100528,0.0,0.8815036606716535,0.11849633932834647,snapshot_250.xyz,32,4000,17.09975946676697,4000,all,250
0.0888259,0.100112,0.0,0.8872652629055457,0.11273473709445425,snapshot_251.xyz,32,4000,17.09975946676697,4000,all,251
0.0880553,0.101013,0.0,0.8717224515656401,0.1282775484343599,snapshot_252.xyz,32,4000,17.09975946676697,4000,all,252
0.0875647,0.100666,0.0,0.869853773866052,0.130146226133948,snapshot_253.xyz,32,4000,17.09975946676697,4000,all,253
0.089316,0.100597,0.0,0.8878594789109019,0.11214052108909811,snapshot_254.xyz,32,4000,17.09975946676697,4000,all,254
0.0886859,0.100874,0.0,0.879175010409025,0.12082498959097498,snapshot_255.xyz,32,4000,17.09975946676697,4000,all,255
0.088896,0.0999039,0.0,0.8898151123229423,0.1101848876770577,snapshot_256.xyz,32,4000,17.09975946676697,4000,all,256
0.089176,0.100736,0.0,0.8852445997458704,0.11475540025412956,snapshot_257.xyz,32,4000,17.09975946676697,4000,all,257
0.0881955,0.100666,0.0,0.8761200405300696,0.12387995946993036,snapshot_258.xyz,32,4000,17.09975946676697,4000,all,258
0.0885458,0.100874,0.0,0.8777861490572396,0.12221385094276038,snapshot_259.xyz,32,4000,17.09975946676697,4000,all,259
0.0886158,0.0998345,0.0,0.8876270227226059,0.11237297727739415,snapshot_260.xyz,32,4000,17.09975946676697,4000,all,260
0.089526,0.10025,0.0,0.8930274314214462,0.10697256857855375,snapshot_261.xyz,32,4000,17.09975946676697,4000,all,261
0.0886158,0.100112,0.0,0.8851666133929997,0.11483338660700027,snapshot_262.xyz,32,4000,17.09975946676697,4000,all,262
0.089106,0.100666,0.0,0.88516480241591,0.11483519758409,snapshot_263.xyz,32,4000,17.09975946676697,4000,all,263
0.089596,0.100943,0.0,0.8875900260543078,0.11240997394569219,snapshot_264.xyz,32,4000,17.09975946676697,4000,all,264
0.0897359,0.100458,0.0,0.8932678333233788,0.10673216667662122,snapshot_265.xyz,32,4000,17.09975946676697,4000,all,265
0.0886859,0.100597,0.0,0.8815958726403371,0.11840412735966288,snapshot_266.xyz,32,4000,17.09975946676697,4000,all,266
0.089106,0.101567,0.0,0.8773125129225043,0.12268748707749566,snapshot_267.xyz,32,4000,17.09975946676697,4000,all,267
0.0886859,0.100597,0.0,0.8815958726403371,0.11840412735966288,snapshot_268.xyz,32,4000,17.09975946676697,4000,all,268
0.0881254,0.100597,0.0,0.8760241359086255,0.12397586409137451,snapshot_269.xyz,32,4000,17.09975946676697,4000,all,269
0.089176,0.100389,0.0,0.8883044955124565,0.1116955044875435,snapshot_270.xyz,32,4000,17.09975946676697,4000,all,270
0.0897359,0.10032,0.0,0.894496610845295,0.10550338915470503,snapshot_271.xyz,32,4000,17.09975946676697,4000,all,271
0.0886158,0.10032,0.0,0.8833313397129186,0.11666866028708145,snapshot_272.xyz,32,4000,17.09975946676697,4000,all,272
0.0898758,0.100597,0.0,0.8934242571846079,0.10657574281539206,snapshot_273.xyz,32,4000,17.09975946676697,4000,all,273
0.0883356,0.100666,0.0,0.8775117716011364,0.12248822839886364,snapshot_274.xyz,32,4000,17.09975946676697,4000,all,274
0.089036,0.100597,0.0,0.8850760957086196,0.11492390429138044,snapshot_275.xyz,32,4000,17.09975946676697,4000,all,275
0.089036,0.100874,0.0,0.8826456767848999,0.11735432321510009,snapshot_276.xyz,32,4000,17.09975946676697,4000,all,276
0.089316,0.100389,0.0,0.8896990706153065,0.11030092938469349,snapshot_277.xyz,32,4000,17.09975946676697,4000,all,277
0.0898059,0.100389,0.0,0.8945790873502075,0.10542091264979248,snapshot_278.xyz,32,4000,17.09975946676697,4000,all,278
0.087775,0.101359,0.0,0.8659813139435077,0.13401868605649225,snapshot_279.xyz,32,4000,17.09975946676697,4000,all,279
0.0888259,0.101013,0.0,0.8793511726213458,0.12064882737865423,snapshot_280.xyz,32,4000,17.09975946676697,4000,all,280
0.0898758,0.100736,0.0,0.8921914707750953,0.10780852922490469,snapshot_281.xyz,32,4000,17.09975946676697,4000,all,281
0.0900857,0.0997652,0.0,0.9029771904431606,0.0970228095568394,snapshot_282.xyz,32,4000,17.09975946676697,4000,all,282
0.089176,0.100597,0.0,0.8864677873097607,0.11353221269023928,snapshot_283.xyz,32,4000,17.09975946676697,4000,all,283
0.088896,0.10025,0.0,0.8867431421446383,0.11325685785536166,snapshot_284.xyz,32,4000,17.09975946676697,4000,all,284
0.089386,0.100805,0.0,0.8867218887951985,0.11327811120480147,snapshot_285.xyz,32,4000,17.09975946676697,4000,all,285
0.089036,0.100943,0.0,0.8820423407269449,0.11795765927305513,snapshot_286.xyz,32,4000,17.09975946676697,4000,all,286
0.0901556,0.100874,0.0,0.893744671570474,0.10625532842952601,snapshot_287.xyz,32,4000,17.09975946676697,4000,all,287
0.088966,0.100805,0.0,0.8825554287981747,0.11744457120182528,snapshot_288.xyz,32,4000,17.09975946676697,4000,all,288
0.0898059,0.101013,0.0,0.8890528941819369,0.11094710581806311,snapshot_289.xyz,32,4000,17.09975946676697,4000,all,289
0.0898059,0.101151,0.0,0.8878399620369546,0.11216003796304541,snapshot_290.xyz,32,4000,17.09975946676697,4000,all,290
0.0902256,0.100805,0.0,0.8950508407321065,0.1049491592678935,snapshot_291.xyz,32,4000,17.09975946676697,4000,all,291
0.0906451,0.10122,0.0,0.8955255878284925,0.10447441217150755,snapshot_292.xyz,32,4000,17.09975946676697,4000,all,292
0.0897359,0.100181,0.0,0.8957377147363271,0.10426228526367287,snapshot_293.xyz,32,4000,17.09975946676697,4000,all,293
0.0902256,0.100736,0.0,0.8956639135959339,0.10433608640406611,snapshot_294.xyz,32,4000,17.09975946676697,4000,all,294
0.0898059,0.0999039,0.0,0.898922864873143,0.10107713512685701,snapshot_295.xyz,32,4000,17.09975946676697,4000,all,295
0.0898758,0.100389,0.0,0.8952753787765592,0.10472462122344084,snapshot_296.xyz,32,4000,17.09975946676697,4000,all,296
0.0898758,0.10122,0.0,0.8879253112033195,0.11207468879668048,snapshot_297.xyz,32,4000,17.09975946676697,4000,all,297
0.089106,0.10025,0.0,0.8888379052369078,0.11116209476309225,snapshot_298.xyz,32,4000,17.09975946676697,4000,all,298
0.0904354,0.100943,0.0,0.8959056100967873,0.10409438990321274,snapshot_299.xyz,32,4000,17.09975946676697,4000,all,299
0.0897359,0.100874,0.0,0.8895840355294723,0.1104159644705277,snapshot_300.xyz,32,4000,17.09975946676697,4000,all,300
0.0901556,0.101151,0.0,0.8912971695781554,0.10870283042184459,snapshot_301.xyz,32,4000,17.09975946676697,4000,all,301
0.0907849,0.100805,0.0,0.9005991766281434,0.09940082337185663,snapshot_302.xyz,32,4000,17.09975946676697,4000,all,302
0.0902256,0.100736,0.0,0.8956639135959339,0.10433608640406611,snapshot_303.xyz,32,4000,17.09975946676697,4000,all,303
0.0907849,0.10032,0.0,0.9049531499202551,0.0950468500797449,snapshot_304.xyz,32,4000,17.09975946676697,4000,all,304
0.0897359,0.100389,0.0,0.8938817997987826,0.10611820020121743,snapshot_305.xyz,32,4000,17.09975946676697,4000,all,305
0.089106,0.100528,0.0,0.8863799140537959,0.1136200859462041,snapshot_306.xyz,32,4000,17.09975946676697,4000,all,306
0.089106,0.100805,0.0,0.8839442487971827,0.1160557512028173,snapshot_307.xyz,32,4000,17.09975946676697,4000,all,307
0.0905053,0.10025,0.0,0.9027960099750623,0.09720399002493774,snapshot_308.xyz,32,4000,17.09975946676697,4000,all,308
0.090715,0.0999732,0.0,0.9073931813726079,0.09260681862739206,snapshot_309.xyz,32,4000,17.09975946676697,4000,all,309
0.0902955,0.100528,0.0,0.8982124383256406,0.10178756167435943,snapshot_310.xyz,32,4000,17.09975946676697,4000,all,310
0.0902256,0.100458,0.0,0.8981425073164905,0.10185749268350952,snapshot_311.xyz,32,4000,17.09975946676697,4000,all,311
0.0899458,0.100458,0.0,0.895357263732107,0.104642736267893,snapshot_312.xyz,32,4000,17.09975946676697,4000,all,312
0.089386,0.100597,0.0,0.8885553247114724,0.11144467528852764,snapshot_313.xyz,32,4000,17.09975946676697,4000,all,313
0.089316,0.100181,0.0,0.8915463011948374,0.10845369880516265,snapshot_314.xyz,32,4000,17.09975946676697,4000,all,314
0.0898758,0.100528,0.0,0.8940374820945408,0.10596251790545919,snapshot_315.xyz,32,4000,17.09975946676697,4000,all,315
0.0902955,0.101359,0.0,0.8908483706429621,0.10915162935703793,snapshot_316.xyz,32,4000,17.09975946676697,4000,all,316
0.089526,0.101151,0.0,0.8850728119346323,0.11492718806536772,snapshot_317.xyz,32,4000,17.09975946676697,4000,all,317
0.088896,0.100666,0.0,0.8830786958854032,0.11692130411459678,snapshot_318.xyz,32,4000,17.09975946676697,4000,all,318
0.0886859,0.100943,0.0,0.8785740467392488,0.12142595326075123,snapshot_319.xyz,32,4000,17.09975946676697,4000,all,319
0.088896,0.101013,0.0,0.8800451427044044,0.11995485729559563,snapshot_320.xyz,32,4000,17.09975946676697,4000,all,320
0.0902955,0.100805,0.0,0.8957442587173254,0.10425574128267456,snapshot_321.xyz,32,4000,17.09975946676697,4000,all,321
0.0901556,0.100736,0.0,0.8949690279542566,0.10503097204574341,snapshot_322.xyz,32,4000,17.09975946676697,4000,all,322
0.0902256,0.100528,0.0,0.89751710966099,0.10248289033901004,snapshot_323.xyz,32,4000,17.09975946676697,4000,all,323
0.0899458,0.100597,0.0,0.8941201029851785,0.10587989701482148,snapshot_324.xyz,32,4000,17.09975946676697,4000,all,324
0.0903654,0.100805,0.0,0.8964376767025445,0.10356232329745552,snapshot_325.xyz,32,4000,17.09975946676697,4000,all,325
0.0902256,0.0996958,0.0,0.9050090374920509,0.09499096250794914,snapshot_326.xyz,32,4000,17.09975946676697,4000,all,326
0.0900857,0.100528,0.0,0.8961254575839567,0.10387454241604333,snapshot_327.xyz,32,4000,17.09975946676697,4000,all,327
0.0897359,0.100874,0.0,0.8895840355294723,0.1104159644705277,snapshot_328.xyz,32,4000,17.09975946676697,4000,all,328
0.089176,0.10025,0.0,0.8895361596009975,0.11046384039900248,snapshot_329.xyz,32,4000,17.09975946676697,4000,all,329
0.0902955,0.0992797,0.0,0.9095061729638587,0.09049382703614128,snapshot_330.xyz,32,4000,17.09975946676697,4000,all,330
0.0902955,0.100597,0.0,0.8975963497917433,0.1024036502082567,snapshot_331.xyz,32,4000,17.09975946676697,4000,all,331
0.0904354,0.100043,0.0,0.903965294923183,0.096034705076817,snapshot_332.xyz,32,4000,17.09975946676697,4000,all,332
0.0907849,0.100666,0.0,0.901842727435281,0.09815727256471896,snapshot_333.xyz,32,4000,17.09975946676697,4000,all,333
0.089386,0.101428,0.0,0.8812753874669715,0.11872461253302846,snapshot_334.xyz,32,4000,17.09975946676697,4000,all,334
0.089176,0.10032,0.0,0.8889154704944179,0.11108452950558212,snapshot_335.xyz,32,4000,17.09975946676697,4000,all,335
0.0905053,0.101705,0.0,0.8898805368467626,0.1101194631532374,snapshot_336.xyz,32,4000,17.09975946676697,4000,all,336
0.089036,0.100528,0.0,0.8856835906414133,0.11431640935858667,snapshot_337.xyz,32,4000,17.09975946676697,4000,all,337
0.0902256,0.100528,0.0,0.89751710966099,0.10248289033901004,snapshot_338.xyz,32,4000,17.09975946676697,4000,all,338
0.089106,0.0998345,0.0,0.8925371489815644,0.10746285101843556,snapshot_339.xyz,32,4000,17.09975946676697,4000,all,339
0.0903654,0.100458,0.0,0.8995341336678014,0.10046586633219856,snapshot_340.xyz,32,4000,17.09975946676697,4000,all,340
0.0888259,0.101359,0.0,0.8763494114977456,0.12365058850225441,snapshot_341.xyz,32,4000,17.09975946676697,4000,all,341
0.089176,0.100666,0.0,0.8858601712594123,0.1141398287405877,snapshot_342.xyz,32,4000,17.09975946676697,4000,all,342
0.089526,0.10032,0.0,0.8924043062200956,0.10759569377990441,snapshot_343.xyz,32,4000,17.09975946676697,4000,all,343
0.0897359,0.100458,0.0,0.8932678333233788,0.10673216667662122,snapshot_344.xyz,32,4000,17.09975946676697,4000,all,344
0.089316,0.100805,0.0,0.8860274787956947,0.11397252120430534,snapshot_345.xyz,32,4000,17.09975946676697,4000,all,345
0.0898059,0.10025,0.0,0.8958194513715709,0.10418054862842907,snapshot_346.xyz,32,4000,17.09975946676697,4000,all,346
0.089456,0.100666,0.0,0.8886416466334213,0.11135835336657873,snapshot_347.xyz,32,4000,17.09975946676697,4000,all,347
0.089526,0.100943,0.0,0.8868965653883875,0.11310343461161254,snapshot_348.xyz,32,4000,17.09975946676697,4000,all,348
0.0888259,0.100528,0.0,0.8835936256565334,0.11640637434346657,snapshot_349.xyz,32,4000,17.09975946676697,4000,all,349
0.0900857,0.10025,0.0,0.8986104738154613,0.10138952618453867,snapshot_350.xyz,32,4000,17.09975946676697,4000,all,350
0.089106,0.10032,0.0,0.8882177033492823,0.1117822966507177,snapshot_351.xyz,32,4000,17.09975946676697,4000,all,351
0.089386,0.100874,0.0,0.886115351825049,0.11388464817495103,snapshot_352.xyz,32,4000,17.09975946676697,4000,all,352
0.089036,0.101013,0.0,0.8814311029273459,0.11856889707265406,snapshot_353.xyz,32,4000,17.09975946676697,4000,all,353
0.089456,0.0999039,0.0,0.8954204990996346,0.10457950090036539,snapshot_354.xyz,32,4000,17.09975946676697,4000,all,354
0.0903654,0.10032,0.0,0.9007715311004784,0.09922846889952164,snapshot_355.xyz,32,4000,17.09975946676697,4000,all,355
0.0902256,0.100597,0.0,0.896901498056602,0.10309850194339798,snapshot_356.xyz,32,4000,17.09975946676697,4000,all,356
0.0900157,0.100389,0.0,0.8966689577543356,0.10333104224566436,snapshot_357.xyz,32,4000,17.09975946676697,4000,all,357
0.0907849,0.100528,0.0,0.9030807337259271,0.09691926627407288,snapshot_358.xyz,32,4000,17.09975946676697,4000,all,358
0.089526,0.0998345,0.0,0.8967441115045399,0.10325588849546008,snapshot_359.xyz,32,4000,17.09975946676697,4000,all,359
0.089526,0.100458,0.0,0.8911784029146508,0.10882159708534922,snapshot_360.xyz,32,4000,17.09975946676697,4000,all,360
0.089526,0.100389,0.0,0.8917909332695813,0.10820906673041875,snapshot_361.xyz,32,4000,17.09975946676697,4000,all,361
0.0898758,0.100805,0.0,0.8915807747631566,0.10841922523684344,snapshot_362.xyz,32,4000,17.09975946676697,4000,all,362
0.089386,0.100874,0.0,0.886115351825049,0.11388464817495103,snapshot_363.xyz,32,4000,17.09975946676697,4000,all,363
0.089176,0.0999039,0.0,0.8926178057112886,0.10738219428871143,snapshot_364.xyz,32,4000,17.09975946676697,4000,all,364
0.0900857,0.10025,0.0,0.8986104738154613,0.10138952618453867,snapshot_365.xyz,32,4000,17.09975946676697,4000,all,365
0.0902256,0.10025,0.0,0.9000059850374065,0.09999401496259352,snapshot_366.xyz,32,4000,17.09975946676697,4000,all,366
0.0919027,0.101428,0.0,0.9060880624679576,0.09391193753204241,snapshot_367.xyz,32,4000,17.09975946676697,4000,all,367
0.089596,0.100805,0.0,0.8888051187937105,0.11119488120628951,snapshot_368.xyz,32,4000,17.09975946676697,4000,all,368
0.089036,0.100597,0.0,0.8850760957086196,0.11492390429138044,snapshot_369.xyz,32,4000,17.09975946676697,4000,all,369
0.0898758,0.101013,0.0,0.88974488432182,0.11025511567818003,snapshot_370.xyz,32,4000,17.09975946676697,4000,all,370
0.088896,0.10129,0.0,0.8776384638167637,0.12236153618323631,snapshot_371.xyz,32,4000,17.09975946676697,4000,all,371
0.088966,0.101151,0.0,0.8795365344880426,0.12046346551195741,snapshot_372.xyz,32,4000,17.09975946676697,4000,all,372
0.0896659,0.100666,0.0,0.8907267597798662,0.10927324022013385,snapshot_373.xyz,32,4000,17.09975946676697,4000,all,373
0.0903654,0.100597,0.0,0.8982912015268845,0.10170879847311554,snapshot_374.xyz,32,4000,17.09975946676697,4000,all,374
0.089456,0.100458,0.0,0.8904815942981146,0.10951840570188542,snapshot_375.xyz,32,4000,17.09975946676697,4000,all,375
0.0902256,0.101428,0.0,0.8895531805812991,0.11044681941870094,snapshot_376.xyz,32,4000,17.09975946676697,4000,all,376
0.0912042,0.10122,0.0,0.9010491997628927,0.09895080023710734,snapshot_377.xyz,32,4000,17.09975946676697,4000,all,377
0.0902256,0.101013,0.0,0.8932078049359983,0.10679219506400173,snapshot_378.xyz,32,4000,17.09975946676697,4000,all,378
0.0909946,0.10032,0.0,0.9070434609250397,0.09295653907496026,snapshot_379.xyz,32,4000,17.09975946676697,4000,all,379
0.088966,0.101082,0.0,0.8801369185413822,0.11986308145861779,snapshot_380.xyz,32,4000,17.09975946676697,4000,all,380
0.0905752,0.100458,0.0,0.9016225686356486,0.0983774313643514,snapshot_381.xyz,32,4000,17.09975946676697,4000,all,381
0.0906451,0.10129,0.0,0.8949067035245335,0.1050932964754665,snapshot_382.xyz,32,4000,17.09975946676697,4000,all,382
0.0902256,0.100458,0.0,0.8981425073164905,0.10185749268350952,snapshot_383.xyz,32,4000,17.09975946676697,4000,all,383
0.090715,0.100597,0.0,0.9017664542680199,0.09823354573198007,snapshot_384.xyz,32,4000,17.09975946676697,4000,all,384
0.0909946,0.100389,0.0,0.9064200260984768,0.09357997390152317,snapshot_385.xyz,32,4000,17.09975946676697,4000,all,385
0.0900157,0.100666,0.0,0.8942016172292532,0.10579838277074682,snapshot_386.xyz,32,4000,17.09975946676697,4000,all,386
0.0902955,0.101428,0.0,0.8902423393934613,0.10975766060653869,snapshot_387.xyz,32,4000,17.09975946676697,4000,all,387
0.089526,0.100528,0.0,0.8905578545280916,0.10944214547190845,snapshot_388.xyz,32,4000,17.09975946676697,4000,all,388
0.0906451,0.100874,0.0,0.8985972599480541,0.10140274005194594,snapshot_389.xyz,32,4000,17.09975946676697,4000,all,389
0.0902955,0.100666,0.0,0.8969811058351379,0.1030188941648621,snapshot_390.xyz,32,4000,17.09975946676697,4000,all,390
0.0911344,0.100181,0.0,0.9096974476198081,0.09030255238019191,snapshot_391.xyz,32,4000,17.09975946676697,4000,all,391
0.0912042,0.0992103,0.0,0.9193017257280746,0.08069827427192544,snapshot_392.xyz,32,4000,17.09975946676697,4000,all,392
0.0904354,0.100736,0.0,0.897746585133418,0.10225341486658202,snapshot_393.xyz,32,4000,17.09975946676697,4000,all,393
0.0905053,0.100528,0.0,0.9002994190673245,0.09970058093267553,snapshot_394.xyz,32,4000,17.09975946676697,4000,all,394
0.0902955,0.100736,0.0,0.8963578065438373,0.10364219345616266,snapshot_395.xyz,32,4000,17.09975946676697,4000,all,395
0.0906451,0.100805,0.0,0.8992123406577055,0.1007876593422945,snapshot_396.xyz,32,4000,17.09975946676697,4000,all,396
0.0898758,0.101082,0.0,0.8891375319047902,0.11086246809520983,snapshot_397.xyz,32,4000,17.09975946676697,4000,all,397
0.0905053,0.100528,0.0,0.9002994190673245,0.09970058093267553,snapshot_398.xyz,32,4000,17.09975946676697,4000,all,398
0.0903654,0.10032,0.0,0.9007715311004784,0.09922846889952164,snapshot_399.xyz,32,4000,17.09975946676697,4000,all,399
0.0919726,0.10025,0.0,0.9174324189526184,0.0825675810473816,snapshot_400.xyz,32,4000,17.09975946676697,4000,all,400
0.0907849,0.100458,0.0,0.9037100081626152,0.09628999183738485,snapshot_401.xyz,32,4000,17.09975946676697,4000,all,401
0.0912741,0.100597,0.0,0.9073242740837201,0.09267572591627993,snapshot_402.xyz,32,4000,17.09975946676697,4000,all,402
0.0902256,0.101497,0.0,0.8889484418258667,0.11105155817413326,snapshot_403.xyz,32,4000,17.09975946676697,4000,all,403
0.0909247,0.100043,0.0,0.9088561918375098,0.09114380816249024,snapshot_404.xyz,32,4000,17.09975946676697,4000,all,404
0.0904354,0.100597,0.0,0.898987047327455,0.10101295267254495,snapshot_405.xyz,32,4000,17.09975946676697,4000,all,405
0.0902955,0.100736,0.0,0.8963578065438373,0.10364219345616266,snapshot_406.xyz,32,4000,17.09975946676697,4000,all,406
0.0906451,0.100736,0.0,0.8998282639771283,0.10017173602287166,snapshot_407.xyz,32,4000,17.09975946676697,4000,all,407
0.0910645,0.100597,0.0,0.905240712943726,0.09475928705627401,snapshot_408.xyz,32,4000,17.09975946676697,4000,all,408
0.0905752,0.100181,0.0,0.904115550852956,0.09588444914704397,snapshot_409.xyz,32,4000,17.09975946676697,4000,all,409
0.0917631,0.100112,0.0,0.9166044030685632,0.08339559693143683,snapshot_410.xyz,32,4000,17.09975946676697,4000,all,410
0.0908548,0.100112,0.0,0.9075315646475947,0.09246843535240534,snapshot_411.xyz,32,4000,17.09975946676697,4000,all,411
0.0914138,0.100736,0.0,0.9074591010165184,0.09254089898348161,snapshot_412.xyz,32,4000,17.09975946676697,4000,all,412
0.0901556,0.100736,0.0,0.8949690279542566,0.10503097204574341,snapshot_413.xyz,32,4000,17.09975946676697,4000,all,413
0.0897359,0.100943,0.0,0.8889759567280543,0.1110240432719457,snapshot_414.xyz,32,4000,17.09975946676697,4000,all,414
0.0908548,0.100666,0.0,0.9025371028947211,0.09746289710527889,snapshot_415.xyz,32,4000,17.09975946676697,4000,all,415
0.0909946,0.100389,0.0,0.9064200260984768,0.09357997390152317,snapshot_416.xyz,32,4000,17.09975946676697,4000,all,416
0.0908548,0.100528,0.0,0.9037760623905777,0.09622393760942227,snapshot_417.xyz,32,4000,17.09975946676697,4000,all,417
0.0912042,0.10032,0.0,0.9091327751196172,0.09086722488038279,snapshot_418.xyz,32,4000,17.09975946676697,4000,all,418
0.0912741,0.100805,0.0,0.9054521105103913,0.09454788948960868,snapshot_419.xyz,32,4000,17.09975946676697,4000,all,419
0.0902256,0.100943,0.0,0.8938272094152145,0.10617279058478546,snapshot_420.xyz,32,4000,17.09975946676697,4000,all,420
0.0909247,0.10025,0.0,0.9069795511221944,0.09302044887780558,snapshot_421.xyz,32,4000,17.09975946676697,4000,all,421
0.0907849,0.10032,0.0,0.9049531499202551,0.0950468500797449,snapshot_422.xyz,32,4000,17.09975946676697,4000,all,422
0.090715,0.10025,0.0,0.9048877805486284,0.0951122194513716,snapshot_423.xyz,32,4000,17.09975946676697,4000,all,423
0.0911344,0.100666,0.0,0.9053146047324817,0.09468539526751829,snapshot_424.xyz,32,4000,17.09975946676697,4000,all,424
0.0914138,0.100112,0.0,0.9131153108518459,0.08688468914815406,snapshot_425.xyz,32,4000,17.09975946676697,4000,all,425
0.0909247,0.100458,0.0,0.9051016345139261,0.09489836548607389,snapshot_426.xyz,32,4000,17.09975946676697,4000,all,426
0.091344,0.100736,0.0,0.9067662007623887,0.09323379923761133,snapshot_427.xyz,32,4000,17.09975946676697,4000,all,427
0.0907849,0.100458,0.0,0.9037100081626152,0.09628999183738485,snapshot_428.xyz,32,4000,17.09975946676697,4000,all,428
0.0916932,0.10025,0.0,0.9146453865336658,0.08535461346633422,snapshot_429.xyz,32,4000,17.09975946676697,4000,all,429
0.0916234,0.101013,0.0,0.9070456277904823,0.09295437220951774,snapshot_430.xyz,32,4000,17.09975946676697,4000,all,430
0.0915535,0.100458,0.0,0.9113609667721833,0.08863903322781674,snapshot_431.xyz,32,4000,17.09975946676697,4000,all,431
0.0922518,0.100528,0.0,0.9176726882062708,0.08232731179372921,snapshot_432.xyz,32,4000,17.09975946676697,4000,all,432
0.0920424,0.100389,0.0,0.9168574246182349,0.08314257538176506,snapshot_433.xyz,32,4000,17.09975946676697,4000,all,433
0.0919027,0.100736,0.0,0.9123123808767472,0.08768761912325285,snapshot_434.xyz,32,4000,17.09975946676697,4000,all,434
0.0902256,0.100528,0.0,0.89751710966099,0.10248289033901004,snapshot_435.xyz,32,4000,17.09975946676697,4000,all,435
0.0921122,0.100874,0.0,0.9131411463806333,0.08685885361936674,snapshot_436.xyz,32,4000,17.09975946676697,4000,all,436
0.0921122,0.100805,0.0,0.9137661822330242,0.0862338177669758,snapshot_437.xyz,32,4000,17.09975946676697,4000,all,437
0.0916234,0.100181,0.0,0.9145786127109929,0.08542138728900706,snapshot_438.xyz,32,4000,17.09975946676697,4000,all,438
0.0919726,0.100943,0.0,0.9111340063203986,0.08886599367960135,snapshot_439.xyz,32,4000,17.09975946676697,4000,all,439
0.0915535,0.10122,0.0,0.9045000987947045,0.0954999012052955,snapshot_440.xyz,32,4000,17.09975946676697,4000,all,440
0.0916234,0.100597,0.0,0.9107965446285673,0.0892034553714327,snapshot_441.xyz,32,4000,17.09975946676697,4000,all,441
0.0916932,0.100528,0.0,0.9121160273754576,0.0878839726245424,snapshot_442.xyz,32,4000,17.09975946676697,4000,all,442
0.0912741,0.100112,0.0,0.9117198737414095,0.0882801262585905,snapshot_443.xyz,32,4000,17.09975946676697,4000,all,443
0.0915535,0.100805,0.0,0.9082237984226972,0.09177620157730282,snapshot_444.xyz,32,4000,17.09975946676697,4000,all,444
0.0910645,0.10032,0.0,0.9077402312599681,0.09225976874003194,snapshot_445.xyz,32,4000,17.09975946676697,4000,all,445
0.0921122,0.100874,0.0,0.9131411463806333,0.08685885361936674,snapshot_446.xyz,32,4000,17.09975946676697,4000,all,446
0.0916932,0.100874,0.0,0.9089874496897119,0.0910125503102881,snapshot_447.xyz,32,4000,17.09975946676697,4000,all,447
0.0921122,0.10122,0.0,0.9100197589409208,0.0899802410590792,snapshot_448.xyz,32,4000,17.09975946676697,4000,all,448
0.0914837,0.100597,0.0,0.9094078352237144,0.09059216477628562,snapshot_449.xyz,32,4000,17.09975946676697,4000,all,449
0.0916234,0.101013,0.0,0.9070456277904823,0.09295437220951774,snapshot_450.xyz,32,4000,17.09975946676697,4000,all,450
0.0919027,0.100874,0.0,0.9110642980351725,0.08893570196482747,snapshot_451.xyz,32,4000,17.09975946676697,4000,all,451
0.0919726,0.101013,0.0,0.9105026085751339,0.08949739142486612,snapshot_452.xyz,32,4000,17.09975946676697,4000,all,452
0.0914837,0.100597,0.0,0.9094078352237144,0.09059216477628562,snapshot_453.xyz,32,4000,17.09975946676697,4000,all,453
0.0911344,0.100528,0.0,0.9065573770491803,0.09344262295081973,snapshot_454.xyz,32,4000,17.09975946676697,4000,all,454
0.0919726,0.101082,0.0,0.9098810866425279,0.09011891335747213,snapshot_455.xyz,32,4000,17.09975946676697,4000,all,455
0.0919726,0.100181,0.0,0.918064303610465,0.08193569638953502,snapshot_456.xyz,32,4000,17.09975946676697,4000,all,456
0.0909946,0.100597,0.0,0.9045458612085846,0.0954541387914154,snapshot_457.xyz,32,4000,17.09975946676697,4000,all,457
0.091344,0.10122,0.0,0.9024303497332542,0.0975696502667458,snapshot_458.xyz,32,4000,17.09975946676697,4000,all,458
0.0915535,0.100112,0.0,0.9145107479622822,0.08548925203771784,snapshot_459.xyz,32,4000,17.09975946676697,4000,all,459
0.0910645,0.0997652,0.0,0.9127882267564241,0.08721177324357587,snapshot_460.xyz,32,4000,17.09975946676697,4000,all,460
0.0915535,0.100666,0.0,0.909477877336936,0.09052212266306403,snapshot_461.xyz,32,4000,17.09975946676697,4000,all,461
0.0928101,0.100943,0.0,0.9194307678590888,0.08056923214091116,snapshot_462.xyz,32,4000,17.09975946676697,4000,all,462
0.0920424,0.10025,0.0,0.9181286783042393,0.08187132169576072,snapshot_463.xyz,32,4000,17.09975946676697,4000,all,463
0.0923914,0.100597,0.0,0.9184309671262562,0.08156903287374384,snapshot_464.xyz,32,4000,17.09975946676697,4000,all,464
0.0914837,0.100389,0.0,0.9112920738327904,0.08870792616720957,snapshot_465.xyz,32,4000,17.09975946676697,4000,all,465
0.0919027,0.100666,0.0,0.9129467744819502,0.08705322551804984,snapshot_466.xyz,32,4000,17.09975946676697,4000,all,466
0.0923914,0.101082,0.0,0.9140242575334876,0.0859757424665124,snapshot_467.xyz,32,4000,17.09975946676697,4000,all,467
0.092182,0.100389,0.0,0.918248015220791,0.08175198477920897,snapshot_468.xyz,32,4000,17.09975946676697,4000,all,468
0.0919726,0.100458,0.0,0.9155328595034741,0.08446714049652593,snapshot_469.xyz,32,4000,17.09975946676697,4000,all,469
0.0919726,0.100736,0.0,0.9130062738246505,0.0869937261753495,snapshot_470.xyz,32,4000,17.09975946676697,4000,all,470
0.0922518,0.100805,0.0,0.915151034174892,0.08484896582510804,snapshot_471.xyz,32,4000,17.09975946676697,4000,all,471
0.0928101,0.100943,0.0,0.9194307678590888,0.08056923214091116,snapshot_472.xyz,32,4000,17.09975946676697,4000,all,472
0.0921122,0.100112,0.0,0.9200914975227745,0.07990850247722547,snapshot_473.xyz,32,4000,17.09975946676697,4000,all,473
0.0919027,0.100597,0.0,0.9135729693728442,0.08642703062715584,snapshot_474.xyz,32,4000,17.09975946676697,4000,all,474
0.0914138,0.10032,0.0,0.9112220893141946,0.08877791068580543,snapshot_475.xyz,32,4000,17.09975946676697,4000,all,475
0.0928799,0.101428,0.0,0.9157224829435658,0.08427751705643416,snapshot_476.xyz,32,4000,17.09975946676697,4000,all,476
0.0921122,0.100528,0.0,0.9162840203724335,0.0837159796275665,snapshot_477.xyz,32,4000,17.09975946676697,4000,all,477
0.0918329,0.100389,0.0,0.9147705425893274,0.08522945741067256,snapshot_478.xyz,32,4000,17.09975946676697,4000,all,478
0.0924612,0.100458,0.0,0.9203965836468971,0.07960341635310286,snapshot_479.xyz,32,4000,17.09975946676697,4000,all,479
0.0917631,0.100181,0.0,0.9159730887094358,0.08402691129056417,snapshot_480.xyz,32,4000,17.09975946676697,4000,all,480
0.092531,0.100666,0.0,0.9191882065444141,0.08081179345558587,snapshot_481.xyz,32,4000,17.09975946676697,4000,all,481
0.092531,0.10032,0.0,0.9223584529505582,0.07764154704944182,snapshot_482.xyz,32,4000,17.09975946676697,4000,all,482
0.0928101,0.100389,0.0,0.9245046768072199,0.07549532319278007,snapshot_483.xyz,32,4000,17.09975946676697,4000,all,483
0.0927403,0.101013,0.0,0.9181026204547929,0.08189737954520715,snapshot_484.xyz,32,4000,17.09975946676697,4000,all,484
0.0929496,0.100458,0.0,0.9252583169085586,0.07474168309144136,snapshot_485.xyz,32,4000,17.09975946676697,4000,all,485
0.0932286,0.100736,0.0,0.925474507623888,0.07452549237611195,snapshot_486.xyz,32,4000,17.09975946676697,4000,all,486
0.0926008,0.10025,0.0,0.923698753117207,0.07630124688279305,snapshot_487.xyz,32,4000,17.09975946676697,4000,all,487
0.0935076,0.100736,0.0,0.9282441232528589,0.07175587674714112,snapshot_488.xyz,32,4000,17.09975946676697,4000,all,488
0.0935076,0.100874,0.0,0.9269742450978448,0.07302575490215524,snapshot_489.xyz,32,4000,17.09975946676697,4000,all,489
0.0928101,0.100043,0.0,0.9277020881021161,0.07229791189788393,snapshot_490.xyz,32,4000,17.09975946676697,4000,all,490
0.0928799,0.100112,0.0,0.9277599089020296,0.07224009109797036,snapshot_491.xyz,32,4000,17.09975946676697,4000,all,491
0.0919027,0.100528,0.0,0.9142000238739455,0.0857999761260545,snapshot_492.xyz,32,4000,17.09975946676697,4000,all,492
0.0929496,0.10025,0.0,0.9271780548628428,0.07282194513715723,snapshot_493.xyz,32,4000,17.09975946676697,4000,all,493
0.0938561,0.100943,0.0,0.9297930515241274,0.07020694847587261,snapshot_494.xyz,32,4000,17.09975946676697,4000,all,494
0.0930891,0.10025,0.0,0.9285695760598502,0.07143042394014976,snapshot_495.xyz,32,4000,17.09975946676697,4000,all,495
0.0935773,0.100805,0.0,0.9283001835226427,0.07169981647735735,snapshot_496.xyz,32,4000,17.09975946676697,4000,all,496
0.0928101,0.100181,0.0,0.9264241722482307,0.0735758277517693,snapshot_497.xyz,32,4000,17.09975946676697,4000,all,497
0.0931589,0.100666,0.0,0.9254256650706296,0.07457433492937038,snapshot_498.xyz,32,4000,17.09975946676697,4000,all,498
0.0933681,0.100181,0.0,0.9319940906958404,0.06800590930415962,snapshot_499.xyz,32,4000,17.09975946676697,4000,all,499
0.092531,0.100597,0.0,0.9198186824656799,0.08018131753432012,snapshot_500.xyz,32,4000,17.09975946676697,4000,all,500
0.0928799,0.100874,0.0,0.9207516307472688,0.07924836925273115,snapshot_501.xyz,32,4000,17.09975946676697,4000,all,501
0.0935076,0.10025,0.0,0.9327441396508728,0.06725586034912723,snapshot_502.xyz,32,4000,17.09975946676697,4000,all,502
0.0932984,0.10025,0.0,0.9306573566084788,0.06934264339152119,snapshot_503.xyz,32,4000,17.09975946676697,4000,all,503
0.0931589,0.100736,0.0,0.9247826000635324,0.07521739993646759,snapshot_504.xyz,32,4000,17.09975946676697,4000,all,504
0.0930891,0.100458,0.0,0.9266469569372274,0.07335304306277257,snapshot_505.xyz,32,4000,17.09975946676697,4000,all,505
0.0937167,0.100458,0.0,0.9328943439049154,0.06710565609508456,snapshot_506.xyz,32,4000,17.09975946676697,4000,all,506
0.0944136,0.100528,0.0,0.9391771446761101,0.06082285532388987,snapshot_507.xyz,32,4000,17.09975946676697,4000,all,507
0.0933681,0.100666,0.0,0.9275038245286392,0.07249617547136078,snapshot_508.xyz,32,4000,17.09975946676697,4000,all,508
0.0931589,0.100458,0.0,0.9273417746720022,0.07265822532799782,snapshot_509.xyz,32,4000,17.09975946676697,4000,all,509
0.0944136,0.100666,0.0,0.9378896548983767,0.06211034510162328,snapshot_510.xyz,32,4000,17.09975946676697,4000,all,510
0.0935773,0.100943,0.0,0.927031096757576,0.072968903242424,snapshot_511.xyz,32,4000,17.09975946676697,4000,all,511
0.0937864,0.100874,0.0,0.929738089101255,0.070261910898745,snapshot_512.xyz,32,4000,17.09975946676697,4000,all,512
0.0939955,0.100597,0.0,0.934376770679046,0.06562322932095399,snapshot_513.xyz,32,4000,17.09975946676697,4000,all,513
0.0945529,0.100736,0.0,0.9386207512706479,0.061379248729352076,snapshot_514.xyz,32,4000,17.09975946676697,4000,all,514
0.0944136,0.100458,0.0,0.9398315714029744,0.06016842859702565,snapshot_515.xyz,32,4000,17.09975946676697,4000,all,515
0.0935773,0.10032,0.0,0.9327880781499203,0.06721192185007974,snapshot_516.xyz,32,4000,17.09975946676697,4000,all,516
0.0943439,0.100805,0.0,0.9359049650314963,0.06409503496850366,snapshot_517.xyz,32,4000,17.09975946676697,4000,all,517
0.0944833,0.0999732,0.0,0.9450862831238773,0.054913716876122676,snapshot_518.xyz,32,4000,17.09975946676697,4000,all,518
0.0948315,0.100181,0.0,0.9466016510116688,0.05339834898833118,snapshot_519.xyz,32,4000,17.09975946676697,4000,all,519
0.0943439,0.0996958,0.0,0.9463176984386503,0.05368230156134968,snapshot_520.xyz,32,4000,17.09975946676697,4000,all,520
0.0949011,0.0996265,0.0,0.9525688446347106,0.04743115536528941,snapshot_521.xyz,32,4000,17.09975946676697,4000,all,521
0.0942046,0.100666,0.0,0.9358134822084914,0.06418651779150863,snapshot_522.xyz,32,4000,17.09975946676697,4000,all,522
0.0949011,0.100458,0.0,0.944684345696709,0.055315654303290995,snapshot_523.xyz,32,4000,17.09975946676697,4000,all,523
0.0942742,0.100389,0.0,0.9390889440078096,0.06091105599219038,snapshot_524.xyz,32,4000,17.09975946676697,4000,all,524
0.0950404,0.100528,0.0,0.9454122234601304,0.05458777653986957,snapshot_525.xyz,32,4000,17.09975946676697,4000,all,525
0.0944136,0.100528,0.0,0.9391771446761101,0.06082285532388987,snapshot_526.xyz,32,4000,17.09975946676697,4000,all,526
0.0953189,0.10032,0.0,0.9501485247208931,0.04985147527910694,snapshot_527.xyz,32,4000,17.09975946676697,4000,all,527
0.09511,0.100666,0.0,0.9448075815071623,0.055192418492837736,snapshot_528.xyz,32,4000,17.09975946676697,4000,all,528
0.0947619,0.100597,0.0,0.9419952881298647,0.05800471187013534,snapshot_529.xyz,32,4000,17.09975946676697,4000,all,529
0.09511,0.0996958,0.0,0.9540020743100511,0.04599792568994887,snapshot_530.xyz,32,4000,17.09975946676697,4000,all,530
0.0942742,0.100597,0.0,0.9371472310307464,0.06285276896925363,snapshot_531.xyz,32,4000,17.09975946676697,4000,all,531
0.0948315,0.100112,0.0,0.9472540754355122,0.05274592456448779,snapshot_532.xyz,32,4000,17.09975946676697,4000,all,532
0.0952493,0.10025,0.0,0.9501177057356608,0.04988229426433921,snapshot_533.xyz,32,4000,17.09975946676697,4000,all,533
0.0939955,0.100736,0.0,0.9330874761753494,0.06691252382465063,snapshot_534.xyz,32,4000,17.09975946676697,4000,all,534
0.0949011,0.101913,0.0,0.931197197609726,0.06880280239027403,snapshot_535.xyz,32,4000,17.09975946676697,4000,all,535
0.09511,0.101151,0.0,0.940277407044913,0.05972259295508697,snapshot_536.xyz,32,4000,17.09975946676697,4000,all,536
0.0948315,0.100528,0.0,0.9433341954480343,0.05666580455196568,snapshot_537.xyz,32,4000,17.09975946676697,4000,all,537
0.0940652,0.100458,0.0,0.9363634553743853,0.06363654462561474,snapshot_538.xyz,32,4000,17.09975946676697,4000,all,538
0.0945529,0.10025,0.0,0.9431710723192019,0.05682892768079806,snapshot_539.xyz,32,4000,17.09975946676697,4000,all,539
0.0946226,0.101497,0.0,0.9322699193079598,0.06773008069204023,snapshot_540.xyz,32,4000,17.09975946676697,4000,all,540
0.0937167,0.100043,0.0,0.936764191397699,0.06323580860230105,snapshot_541.xyz,32,4000,17.09975946676697,4000,all,541
0.0937864,0.100736,0.0,0.9310117534942821,0.06898824650571789,snapshot_542.xyz,32,4000,17.09975946676697,4000,all,542
0.0942046,0.100736,0.0,0.9351631988564167,0.06483680114358326,snapshot_543.xyz,32,4000,17.09975946676697,4000,all,543
0.0945529,0.100874,0.0,0.9373366774391815,0.06266332256081852,snapshot_544.xyz,32,4000,17.09975946676697,4000,all,544
0.0943439,0.100874,0.0,0.9352647857723495,0.0647352142276505,snapshot_545.xyz,32,4000,17.09975946676697,4000,all,545
0.0943439,0.100666,0.0,0.9371972662070609,0.0628027337929391,snapshot_546.xyz,32,4000,17.09975946676697,4000,all,546
0.0944136,0.100874,0.0,0.9359557467732021,0.06404425322679785,snapshot_547.xyz,32,4000,17.09975946676697,4000,all,547
0.0943439,0.100597,0.0,0.9378400946350288,0.06215990536497118,snapshot_548.xyz,32,4000,17.09975946676697,4000,all,548
0.0946226,0.100736,0.0,0.9393126588310038,0.06068734116899621,snapshot_549.xyz,32,4000,17.09975946676697,4000,all,549
0.0946922,0.100666,0.0,0.9406572228955159,0.0593427771044841,snapshot_550.xyz,32,4000,17.09975946676697,4000,all,550
0.0942046,0.101082,0.0,0.9319621693278723,0.06803783067212765,snapshot_551.xyz,32,4000,17.09975946676697,4000,all,551
0.0930194,0.100389,0.0,0.9265895665859805,0.07341043341401954,snapshot_552.xyz,32,4000,17.09975946676697,4000,all,552
0.0946922,0.100874,0.0,0.9387176081051609,0.06128239189483908,snapshot_553.xyz,32,4000,17.09975946676697,4000,all,553
0.0949708,0.100666,0.0,0.9434247908926549,0.05657520910734515,snapshot_554.xyz,32,4000,17.09975946676697,4000,all,554
0.0944833,0.100943,0.0,0.9360064590907741,0.06399354090922593,snapshot_555.xyz,32,4000,17.09975946676697,4000,all,555
0.0949011,0.10032,0.0,0.9459838516746412,0.05401614832535884,snapshot_556.xyz,32,4000,17.09975946676697,4000,all,556
0.0947619,0.100805,0.0,0.9400515847428202,0.059948415257179755,snapshot_557.xyz,32,4000,17.09975946676697,4000,all,557
0.0937864,0.100458,0.0,0.9335881661988095,0.06641183380119053,snapshot_558.xyz,32,4000,17.09975946676697,4000,all,558
0.0935773,0.100458,0.0,0.9315066993171275,0.06849330068287252,snapshot_559.xyz,32,4000,17.09975946676697,4000,all,559
0.0944136,0.100736,0.0,0.9372379288437103,0.06276207115628973,snapshot_560.xyz,32,4000,17.09975946676697,4000,all,560
0.0940652,0.101082,0.0,0.9305830909558576,0.06941690904414244,snapshot_561.xyz,32,4000,17.09975946676697,4000,all,561
0.0949708,0.100112,0.0,0.9486455170209365,0.05135448297906353,snapshot_562.xyz,32,4000,17.09975946676697,4000,all,562
0.0941349,0.0999732,0.0,0.9416013491615752,0.05839865083842477,snapshot_563.xyz,32,4000,17.09975946676697,4000,all,563
0.0947619,0.101013,0.0,0.9381158860740696,0.061884113925930406,snapshot_564.xyz,32,4000,17.09975946676697,4000,all,564
0.0947619,0.10032,0.0,0.9445962918660286,0.05540370813397144,snapshot_565.xyz,32,4000,17.09975946676697,4000,all,565
0.0946922,0.101151,0.0,0.936146948621368,0.06385305137863195,snapshot_566.xyz,32,4000,17.09975946676697,4000,all,566
0.0943439,0.100389,0.0,0.9397832431840141,0.06021675681598593,snapshot_567.xyz,32,4000,17.09975946676697,4000,all,567
0.0933681,0.100943,0.0,0.9249586400245682,0.07504135997543182,snapshot_568.xyz,32,4000,17.09975946676697,4000,all,568
0.0942046,0.100736,0.0,0.9351631988564167,0.06483680114358326,snapshot_569.xyz,32,4000,17.09975946676697,4000,all,569
0.0938561,0.100458,0.0,0.9342819884927034,0.06571801150729661,snapshot_570.xyz,32,4000,17.09975946676697,4000,all,570
0.0955973,0.10032,0.0,0.9529236443381179,0.04707635566188206,snapshot_571.xyz,32,4000,17.09975946676697,4000,all,571
0.0938561,0.100805,0.0,0.9310659193492385,0.06893408065076145,snapshot_572.xyz,32,4000,17.09975946676697,4000,all,572
0.0941349,0.100181,0.0,0.9396482366915881,0.060351763308411854,snapshot_573.xyz,32,4000,17.09975946676697,4000,all,573
0.0944136,0.100943,0.0,0.935315970399136,0.06468402960086395,snapshot_574.xyz,32,4000,17.09975946676697,4000,all,574
0.0944833,0.100874,0.0,0.9366467077740548,0.06335329222594521,snapshot_575.xyz,32,4000,17.09975946676697,4000,all,575
0.0952493,0.100666,0.0,0.9461913655057317,0.053808634494268315,snapshot_576.xyz,32,4000,17.09975946676697,4000,all,576
0.0935076,0.101082,0.0,0.9250667774677983,0.0749332225322017,snapshot_577.xyz,32,4000,17.09975946676697,4000,all,577
0.0943439,0.100528,0.0,0.9384838055069233,0.06151619449307666,snapshot_578.xyz,32,4000,17.09975946676697,4000,all,578
0.0940652,0.100043,0.0,0.9402476934917985,0.059752306508201514,snapshot_579.xyz,32,4000,17.09975946676697,4000,all,579
0.0944136,0.100112,0.0,0.9430797506792392,0.056920249320760785,snapshot_580.xyz,32,4000,17.09975946676697,4000,all,580
0.0944833,0.101082,0.0,0.9347193367760828,0.06528066322391723,snapshot_581.xyz,32,4000,17.09975946676697,4000,all,581
0.0942742,0.10122,0.0,0.9313791740762695,0.06862082592373053,snapshot_582.xyz,32,4000,17.09975946676697,4000,all,582
0.0943439,0.10032,0.0,0.9404296251993619,0.05957037480063809,snapshot_583.xyz,32,4000,17.09975946676697,4000,all,583
0.0941349,0.100874,0.0,0.9331928941055176,0.06680710589448235,snapshot_584.xyz,32,4000,17.09975946676697,4000,all,584
0.0944136,0.10025,0.0,0.9417815461346632,0.05821845386533675,snapshot_585.xyz,32,4000,17.09975946676697,4000,all,585
0.0938561,0.100181,0.0,0.9368652738543236,0.06313472614567639,snapshot_586.xyz,32,4000,17.09975946676697,4000,all,586
0.0948315,0.0996265,0.0,0.9518702353289535,0.04812976467104646,snapshot_587.xyz,32,4000,17.09975946676697,4000,all,587
0.0944833,0.100528,0.0,0.9398704838452968,0.06012951615470319,snapshot_588.xyz,32,4000,17.09975946676697,4000,all,588
0.0939258,0.0999039,0.0,0.9401614951968842,0.05983850480311581,snapshot_589.xyz,32,4000,17.09975946676697,4000,all,589
0.0938561,0.0999732,0.0,0.9388126017772763,0.06118739822272368,snapshot_590.xyz,32,4000,17.09975946676697,4000,all,590
0.0947619,0.100805,0.0,0.9400515847428202,0.059948415257179755,snapshot_591.xyz,32,4000,17.09975946676697,4000,all,591
0.0937864,0.100389,0.0,0.9342298458994511,0.06577015410054887,snapshot_592.xyz,32,4000,17.09975946676697,4000,all,592
0.0944136,0.10129,0.0,0.9321117583177017,0.06788824168229834,snapshot_593.xyz,32,4000,17.09975946676697,4000,all,593
0.0944833,0.0998345,0.0,0.9463992908263176,0.053600709173682426,snapshot_594.xyz,32,4000,17.09975946676697,4000,all,594
0.0937864,0.100458,0.0,0.9335881661988095,0.06641183380119053,snapshot_595.xyz,32,4000,17.09975946676697,4000,all,595
0.0946922,0.100389,0.0,0.94325274681489,0.05674725318510998,snapshot_596.xyz,32,4000,17.09975946676697,4000,all,596
0.0946226,0.100874,0.0,0.9380276384400341,0.06197236155996588,snapshot_597.xyz,32,4000,17.09975946676697,4000,all,597
0.0947619,0.100805,0.0,0.9400515847428202,0.059948415257179755,snapshot_598.xyz,32,4000,17.09975946676697,4000,all,598
0.0942046,0.100666,0.0,0.9358134822084914,0.06418651779150863,snapshot_599.xyz,32,4000,17.09975946676697,4000,all,599
0.0953189,0.100458,0.0,0.9488432976965497,0.05115670230345026,snapshot_600.xyz,32,4000,17.09975946676697,4000,all,600
0.0947619,0.100666,0.0,0.9413496115868316,0.058650388413168386,snapshot_601.xyz,32,4000,17.09975946676697,4000,all,601
0.0938561,0.101151,0.0,0.927881088669415,0.07211891133058501,snapshot_602.xyz,32,4000,17.09975946676697,4000,all,602
0.0939955,0.101082,0.0,0.9298935517698501,0.07010644823014989,snapshot_603.xyz,32,4000,17.09975946676697,4000,all,603
0.0939955,0.100597,0.0,0.934376770679046,0.06562322932095399,snapshot_604.xyz,32,4000,17.09975946676697,4000,all,604
0.0950404,0.101082,0.0,0.9402307037850457,0.059769296214954304,snapshot_605.xyz,32,4000,17.09975946676697,4000,all,605
0.0943439,0.100736,0.0,0.9365460212833544,0.0634539787166456,snapshot_606.xyz,32,4000,17.09975946676697,4000,all,606
0.0943439,0.100736,0.0,0.9365460212833544,0.0634539787166456,snapshot_607.xyz,32,4000,17.09975946676697,4000,all,607
0.0951797,0.100736,0.0,0.9448429558449809,0.0551570441550191,snapshot_608.xyz,32,4000,17.09975946676697,4000,all,608
0.0942046,0.100112,0.0,0.9409920888604763,0.05900791113952375,snapshot_609.xyz,32,4000,17.09975946676697,4000,all,609
0.0937864,0.100389,0.0,0.9342298458994511,0.06577015410054887,snapshot_610.xyz,32,4000,17.09975946676697,4000,all,610
0.0944833,0.100666,0.0,0.9385820435896927,0.06141795641030734,snapshot_611.xyz,32,4000,17.09975946676697,4000,all,611
0.0942742,0.101013,0.0,0.9332877946402938,0.06671220535970623,snapshot_612.xyz,32,4000,17.09975946676697,4000,all,612
0.0953885,0.101151,0.0,0.9430307164536188,0.0569692835463812,snapshot_613.xyz,32,4000,17.09975946676697,4000,all,613
0.0939258,0.100666,0.0,0.9330439274432281,0.06695607255677194,snapshot_614.xyz,32,4000,17.09975946676697,4000,all,614
0.0944833,0.0999732,0.0,0.9450862831238773,0.054913716876122676,snapshot_615.xyz,32,4000,17.09975946676697,4000,all,615
0.0940652,0.100458,0.0,0.9363634553743853,0.06363654462561474,snapshot_616.xyz,32,4000,17.09975946676697,4000,all,616
0.0942742,0.100736,0.0,0.9358541137229986,0.06414588627700135,snapshot_617.xyz,32,4000,17.09975946676697,4000,all,617
0.0945529,0.10025,0.0,0.9431710723192019,0.05682892768079806,snapshot_618.xyz,32,4000,17.09975946676697,4000,all,618
0.0944136,0.10025,0.0,0.9417815461346632,0.05821845386533675,snapshot_619.xyz,32,4000,17.09975946676697,4000,all,619
0.0944833,0.100874,0.0,0.9366467077740548,0.06335329222594521,snapshot_620.xyz,32,4000,17.09975946676697,4000,all,620
0.0948315,0.10032,0.0,0.9452900717703349,0.05470992822966514,snapshot_621.xyz,32,4000,17.09975946676697,4000,all,621
0.0943439,0.100458,0.0,0.9391377491090803,0.06086225089091968,snapshot_622.xyz,32,4000,17.09975946676697,4000,all,622
0.0944136,0.101013,0.0,0.9346678150337084,0.06533218496629156,snapshot_623.xyz,32,4000,17.09975946676697,4000,all,623
0.0949011,0.10025,0.0,0.9466443890274314,0.05335561097256858,snapshot_624.xyz,32,4000,17.09975946676697,4000,all,624
0.0953189,0.100597,0.0,0.9475322325715478,0.05246776742845216,snapshot_625.xyz,32,4000,17.09975946676697,4000,all,625
0.09511,0.100043,0.0,0.9506912027828033,0.04930879721719672,snapshot_626.xyz,32,4000,17.09975946676697,4000,all,626
0.0946922,0.100805,0.0,0.9393601507861713,0.0606398492138287,snapshot_627.xyz,32,4000,17.09975946676697,4000,all,627
0.0937167,0.101082,0.0,0.9271353950258205,0.07286460497417946,snapshot_628.xyz,32,4000,17.09975946676697,4000,all,628
0.0944136,0.100666,0.0,0.9378896548983767,0.06211034510162328,snapshot_629.xyz,32,4000,17.09975946676697,4000,all,629
0.0944833,0.101013,0.0,0.9353578252304159,0.06464217476958412,snapshot_630.xyz,32,4000,17.09975946676697,4000,all,630
0.0949708,0.100666,0.0,0.9434247908926549,0.05657520910734515,snapshot_631.xyz,32,4000,17.09975946676697,4000,all,631
0.0942742,0.100043,0.0,0.9423367951780733,0.05766320482192666,snapshot_632.xyz,32,4000,17.09975946676697,4000,all,632
0.0940652,0.100181,0.0,0.938952495982272,0.06104750401772796,snapshot_633.xyz,32,4000,17.09975946676697,4000,all,633
0.0946226,0.100181,0.0,0.9445164252702608,0.05548357472973919,snapshot_634.xyz,32,4000,17.09975946676697,4000,all,634
0.0941349,0.100597,0.0,0.9357624978876108,0.06423750211238921,snapshot_635.xyz,32,4000,17.09975946676697,4000,all,635
0.0949011,0.100736,0.0,0.9420773109911055,0.05792268900889452,snapshot_636.xyz,32,4000,17.09975946676697,4000,all,636
0.0946226,0.100597,0.0,0.9406105549867292,0.059389445013270814,snapshot_637.xyz,32,4000,17.09975946676697,4000,all,637
0.0939955,0.0999732,0.0,0.9402069754694258,0.059793024530574224,snapshot_638.xyz,32,4000,17.09975946676697,4000,all,638
0.0947619,0.101082,0.0,0.9374755149284738,0.06252448507152619,snapshot_639.xyz,32,4000,17.09975946676697,4000,all,639
0.0950404,0.100736,0.0,0.9434601334180431,0.056539866581956866,snapshot_640.xyz,32,4000,17.09975946676697,4000,all,640
0.0942046,0.100389,0.0,0.9383956409566785,0.06160435904332151,snapshot_641.xyz,32,4000,17.09975946676697,4000,all,641
0.0949708,0.10032,0.0,0.9466786283891546,0.05332137161084538,snapshot_642.xyz,32,4000,17.09975946676697,4000,all,642
0.0944136,0.10129,0.0,0.9321117583177017,0.06788824168229834,snapshot_643.xyz,32,4000,17.09975946676697,4000,all,643
0.0937864,0.100389,0.0,0.9342298458994511,0.06577015410054887,snapshot_644.xyz,32,4000,17.09975946676697,4000,all,644
0.0951797,0.100112,0.0,0.9507321799584465,0.0492678200415535,snapshot_645.xyz,32,4000,17.09975946676697,4000,all,645
0.0949708,0.100389,0.0,0.9460279512695613,0.053972048730438704,snapshot_646.xyz,32,4000,17.09975946676697,4000,all,646
0.0941349,0.100458,0.0,0.9370572776682792,0.06294272233172082,snapshot_647.xyz,32,4000,17.09975946676697,4000,all,647
0.0948315,0.101082,0.0,0.938164064818662,0.06183593518133801,snapshot_648.xyz,32,4000,17.09975946676697,4000,all,648
0.0937864,0.10032,0.0,0.934872408293461,0.06512759170653903,snapshot_649.xyz,32,4000,17.09975946676697,4000,all,649
0.0935076,0.100528,0.0,0.930164730224415,0.06983526977558496,snapshot_650.xyz,32,4000,17.09975946676697,4000,all,650
0.0950404,0.0999039,0.0,0.9513182168063509,0.04868178319364913,snapshot_651.xyz,32,4000,17.09975946676697,4000,all,651
0.0945529,0.100528,0.0,0.9405628282667514,0.059437171733248584,snapshot_652.xyz,32,4000,17.09975946676697,4000,all,652
0.0943439,0.101151,0.0,0.9327035817737837,0.06729641822621635,snapshot_653.xyz,32,4000,17.09975946676697,4000,all,653
0.0949011,0.100112,0.0,0.9479492967875979,0.05205070321240213,snapshot_654.xyz,32,4000,17.09975946676697,4000,all,654
0.0944136,0.100528,0.0,0.9391771446761101,0.06082285532388987,snapshot_655.xyz,32,4000,17.09975946676697,4000,all,655
0.0947619,0.101013,0.0,0.9381158860740696,0.061884113925930406,snapshot_656.xyz,32,4000,17.09975946676697,4000,all,656
0.0947619,0.100943,0.0,0.938766432541137,0.06123356745886299,snapshot_657.xyz,32,4000,17.09975946676697,4000,all,657
0.0948315,0.100528,0.0,0.9433341954480343,0.05666580455196568,snapshot_658.xyz,32,4000,17.09975946676697,4000,all,658
0.0947619,0.100458,0.0,0.9432986919906826,0.056701308009317386,snapshot_659.xyz,32,4000,17.09975946676697,4000,all,659
0.0944833,0.0999039,0.0,0.9457418579254664,0.05425814207453361,snapshot_660.xyz,32,4000,17.09975946676697,4000,all,660
0.0944833,0.0999732,0.0,0.9450862831238773,0.054913716876122676,snapshot_661.xyz,32,4000,17.09975946676697,4000,all,661
0.0949011,0.10032,0.0,0.9459838516746412,0.05401614832535884,snapshot_662.xyz,32,4000,17.09975946676697,4000,all,662
0.0939258,0.100181,0.0,0.9375610145636398,0.06243898543636017,snapshot_663.xyz,32,4000,17.09975946676697,4000,all,663
0.0946226,0.100597,0.0,0.9406105549867292,0.059389445013270814,snapshot_664.xyz,32,4000,17.09975946676697,4000,all,664
0.0941349,0.100458,0.0,0.9370572776682792,0.06294272233172082,snapshot_665.xyz,32,4000,17.09975946676697,4000,all,665
0.0945529,0.10129,0.0,0.9334870174745779,0.06651298252542215,snapshot_666.xyz,32,4000,17.09975946676697,4000,all,666
0.0938561,0.100805,0.0,0.9310659193492385,0.06893408065076145,snapshot_667.xyz,32,4000,17.09975946676697,4000,all,667
0.09511,0.100458,0.0,0.9467638216966294,0.053236178303370574,snapshot_668.xyz,32,4000,17.09975946676697,4000,all,668
0.0943439,0.100874,0.0,0.9352647857723495,0.0647352142276505,snapshot_669.xyz,32,4000,17.09975946676697,4000,all,669
0.0946922,0.0997652,0.0,0.9491506056220005,0.05084939437799951,snapshot_670.xyz,32,4000,17.09975946676697,4000,all,670
0.0946226,0.100597,0.0,0.9406105549867292,0.059389445013270814,snapshot_671.xyz,32,4000,17.09975946676697,4000,all,671
0.0945529,0.10025,0.0,0.9431710723192019,0.05682892768079806,snapshot_672.xyz,32,4000,17.09975946676697,4000,all,672
0.0949708,0.100043,0.0,0.9492998010855331,0.050700198914466865,snapshot_673.xyz,32,4000,17.09975946676697,4000,all,673
0.0949708,0.100458,0.0,0.9453781679906029,0.054621832009397076,snapshot_674.xyz,32,4000,17.09975946676697,4000,all,674
0.0947619,0.100943,0.0,0.938766432541137,0.06123356745886299,snapshot_675.xyz,32,4000,17.09975946676697,4000,all,675
0.0949708,0.10032,0.0,0.9466786283891546,0.05332137161084538,snapshot_676.xyz,32,4000,17.09975946676697,4000,all,676
0.0951797,0.100666,0.0,0.9454999701984781,0.05450002980152191,snapshot_677.xyz,32,4000,17.09975946676697,4000,all,677
0.09511,0.100181,0.0,0.9493816192691228,0.05061838073087721,snapshot_678.xyz,32,4000,17.09975946676697,4000,all,678
0.0942046,0.100736,0.0,0.9351631988564167,0.06483680114358326,snapshot_679.xyz,32,4000,17.09975946676697,4000,all,679
0.0950404,0.100389,0.0,0.9467212543206924,0.05327874567930757,snapshot_680.xyz,32,4000,17.09975946676697,4000,all,680
0.0951797,0.100736,0.0,0.9448429558449809,0.0551570441550191,snapshot_681.xyz,32,4000,17.09975946676697,4000,all,681
0.0935076,0.100736,0.0,0.9282441232528589,0.07175587674714112,snapshot_682.xyz,32,4000,17.09975946676697,4000,all,682
0.0955277,0.100736,0.0,0.9482975301778906,0.051702469822109354,snapshot_683.xyz,32,4000,17.09975946676697,4000,all,683
0.0945529,0.0995572,0.0,0.9497344240296031,0.050265575970396936,snapshot_684.xyz,32,4000,17.09975946676697,4000,all,684
0.0944833,0.101151,0.0,0.9340817194095956,0.06591828059040439,snapshot_685.xyz,32,4000,17.09975946676697,4000,all,685
0.09511,0.10032,0.0,0.9480661881977671,0.05193381180223289,snapshot_686.xyz,32,4000,17.09975946676697,4000,all,686
0.0949708,0.100943,0.0,0.9408359172998622,0.05916408270013784,snapshot_687.xyz,32,4000,17.09975946676697,4000,all,687
0.0944136,0.100458,0.0,0.9398315714029744,0.06016842859702565,snapshot_688.xyz,32,4000,17.09975946676697,4000,all,688
0.0939258,0.100597,0.0,0.9336839070747637,0.06631609292523633,snapshot_689.xyz,32,4000,17.09975946676697,4000,all,689
0.0946226,0.100736,0.0,0.9393126588310038,0.06068734116899621,snapshot_690.xyz,32,4000,17.09975946676697,4000,all,690
0.0937864,0.100597,0.0,0.9322981798661988,0.06770182013380122,snapshot_691.xyz,32,4000,17.09975946676697,4000,all,691
0.0946226,0.100389,0.0,0.9425594437637589,0.057440556236241114,snapshot_692.xyz,32,4000,17.09975946676697,4000,all,692
0.0953189,0.10025,0.0,0.9508119700748129,0.049188029925187116,snapshot_693.xyz,32,4000,17.09975946676697,4000,all,693
0.0943439,0.101013,0.0,0.9339778048370011,0.0660221951629989,snapshot_694.xyz,32,4000,17.09975946676697,4000,all,694
0.09511,0.101082,0.0,0.9409192536752339,0.05908074632476612,snapshot_695.xyz,32,4000,17.09975946676697,4000,all,695
0.0955277,0.100181,0.0,0.9535510725586687,0.046448927441331334,snapshot_696.xyz,32,4000,17.09975946676697,4000,all,696
0.09511,0.100666,0.0,0.9448075815071623,0.055192418492837736,snapshot_697.xyz,32,4000,17.09975946676697,4000,all,697
0.0948315,0.100181,0.0,0.9466016510116688,0.05339834898833118,snapshot_698.xyz,32,4000,17.09975946676697,4000,all,698
0.0948315,0.100874,0.0,0.9400985387711401,0.059901461228859865,snapshot_699.xyz,32,4000,17.09975946676697,4000,all,699
0.0948315,0.100736,0.0,0.9413863961245235,0.05861360387547654,snapshot_700.xyz,32,4000,17.09975946676697,4000,all,700
0.0952493,0.0999732,0.0,0.9527483365541964,0.04725166344580356,snapshot_701.xyz,32,4000,17.09975946676697,4000,all,701
0.0940652,0.100805,0.0,0.9331402212191855,0.0668597787808145,snapshot_702.xyz,32,4000,17.09975946676697,4000,all,702
0.0940652,0.100597,0.0,0.9350696342833285,0.06493036571667155,snapshot_703.xyz,32,4000,17.09975946676697,4000,all,703
0.0948315,0.100597,0.0,0.9426871576687177,0.05731284233128231,snapshot_704.xyz,32,4000,17.09975946676697,4000,all,704
0.0950404,0.10032,0.0,0.9473724082934608,0.05262759170653919,snapshot_705.xyz,32,4000,17.09975946676697,4000,all,705
0.0949708,0.10122,0.0,0.9382612131989725,0.06173878680102751,snapshot_706.xyz,32,4000,17.09975946676697,4000,all,706
0.0949708,0.0998345,0.0,0.9512823723261997,0.04871762767380028,snapshot_707.xyz,32,4000,17.09975946676697,4000,all,707
0.0946922,0.10032,0.0,0.9439015151515151,0.0560984848484849,snapshot_708.xyz,32,4000,17.09975946676697,4000,all,708
0.0942742,0.10025,0.0,0.9403910224438903,0.05960897755610972,snapshot_709.xyz,32,4000,17.09975946676697,4000,all,709
0.0947619,0.100943,0.0,0.938766432541137,0.06123356745886299,snapshot_710.xyz,32,4000,17.09975946676697,4000,all,710
0.0947619,0.10032,0.0,0.9445962918660286,0.05540370813397144,snapshot_711.xyz,32,4000,17.09975946676697,4000,all,711
0.0950404,0.101428,0.0,0.9370233071735615,0.06297669282643847,snapshot_712.xyz,32,4000,17.09975946676697,4000,all,712
0.0942046,0.100043,0.0,0.9416410943294383,0.05835890567056168,snapshot_713.xyz,32,4000,17.09975946676697,4000,all,713
0.0948315,0.100805,0.0,0.9407420266851843,0.05925797331481575,snapshot_714.xyz,32,4000,17.09975946676697,4000,all,714
0.0952493,0.100736,0.0,0.9455338707115628,0.05446612928843719,snapshot_715.xyz,32,4000,17.09975946676697,4000,all,715
0.0947619,0.100874,0.0,0.9394085691060133,0.060591430893986664,snapshot_716.xyz,32,4000,17.09975946676697,4000,all,716
0.09511,0.100597,0.0,0.9454556298895592,0.054544370110440776,snapshot_717.xyz,32,4000,17.09975946676697,4000,all,717
0.0950404,0.10025,0.0,0.94803391521197,0.05196608478803,snapshot_718.xyz,32,4000,17.09975946676697,4000,all,718
0.09511,0.100666,0.0,0.9448075815071623,0.055192418492837736,snapshot_719.xyz,32,4000,17.09975946676697,4000,all,719
0.0946226,0.10025,0.0,0.9438663341645885,0.05613366583541146,snapshot_720.xyz,32,4000,17.09975946676697,4000,all,720
0.0949011,0.100805,0.0,0.9414324686275483,0.05856753137245174,snapshot_721.xyz,32,4000,17.09975946676697,4000,all,721
0.0944833,0.100528,0.0,0.9398704838452968,0.06012951615470319,snapshot_722.xyz,32,4000,17.09975946676697,4000,all,722
0.0949708,0.10032,0.0,0.9466786283891546,0.05332137161084538,snapshot_723.xyz,32,4000,17.09975946676697,4000,all,723
0.09511,0.100458,0.0,0.9467638216966294,0.053236178303370574,snapshot_724.xyz,32,4000,17.09975946676697,4000,all,724
0.0939258,0.100112,0.0,0.9382072079271216,0.061792792072878355,snapshot_725.xyz,32,4000,17.09975946676697,4000,all,725
0.0955973,0.100736,0.0,0.9489884450444726,0.05101155495552745,snapshot_726.xyz,32,4000,17.09975946676697,4000,all,726
0.0948315,0.101567,0.0,0.9336841690706627,0.06631583092933735,snapshot_727.xyz,32,4000,17.09975946676697,4000,all,727
0.0955973,0.100805,0.0,0.9483388720797579,0.051661127920242134,snapshot_728.xyz,32,4000,17.09975946676697,4000,all,728
0.0947619,0.100805,0.0,0.9400515847428202,0.059948415257179755,snapshot_729.xyz,32,4000,17.09975946676697,4000,all,729
0.0945529,0.100528,0.0,0.9405628282667514,0.059437171733248584,snapshot_730.xyz,32,4000,17.09975946676697,4000,all,730
0.0941349,0.100666,0.0,0.9351210935171755,0.06487890648282446,snapshot_731.xyz,32,4000,17.09975946676697,4000,all,731
0.0949708,0.100666,0.0,0.9434247908926549,0.05657520910734515,snapshot_732.xyz,32,4000,17.09975946676697,4000,all,732
0.0945529,0.100597,0.0,0.9399176913824467,0.06008230861755326,snapshot_733.xyz,32,4000,17.09975946676697,4000,all,733
0.0949708,0.100736,0.0,0.9427692185514611,0.05723078144853888,snapshot_734.xyz,32,4000,17.09975946676697,4000,all,734
0.0940652,0.100805,0.0,0.9331402212191855,0.0668597787808145,snapshot_735.xyz,32,4000,17.09975946676697,4000,all,735
0.0951797,0.100458,0.0,0.9474576439905235,0.05254235600947654,snapshot_736.xyz,32,4000,17.09975946676697,4000,all,736
0.0949708,0.100181,0.0,0.9479921342370309,0.05200786576296912,snapshot_737.xyz,32,4000,17.09975946676697,4000,all,737
0.0945529,0.10025,0.0,0.9431710723192019,0.05682892768079806,snapshot_738.xyz,32,4000,17.09975946676697,4000,all,738
0.0947619,0.100528,0.0,0.9426418510265796,0.0573581489734204,snapshot_739.xyz,32,4000,17.09975946676697,4000,all,739
0.0949708,0.100805,0.0,0.9421239025841971,0.05787609741580291,snapshot_740.xyz,32,4000,17.09975946676697,4000,all,740
0.0946922,0.101082,0.0,0.9367859757424665,0.06321402425753353,snapshot_741.xyz,32,4000,17.09975946676697,4000,all,741
0.0943439,0.0999732,0.0,0.9436919094317276,0.05630809056827235,snapshot_742.xyz,32,4000,17.09975946676697,4000,all,742
0.0949708,0.100528,0.0,0.9447198790386757,0.055280120961324286,snapshot_743.xyz,32,4000,17.09975946676697,4000,all,743
0.0945529,0.10122,0.0,0.9341325824935782,0.06586741750642178,snapshot_744.xyz,32,4000,17.09975946676697,4000,all,744
0.0939258,0.100528,0.0,0.9343247652395352,0.06567523476046477,snapshot_745.xyz,32,4000,17.09975946676697,4000,all,745
0.0941349,0.100528,0.0,0.9364047827470953,0.06359521725290473,snapshot_746.xyz,32,4000,17.09975946676697,4000,all,746
0.0942046,0.101082,0.0,0.9319621693278723,0.06803783067212765,snapshot_747.xyz,32,4000,17.09975946676697,4000,all,747
0.0946226,0.10025,0.0,0.9438663341645885,0.05613366583541146,snapshot_748.xyz,32,4000,17.09975946676697,4000,all,748
0.0949708,0.100458,0.0,0.9453781679906029,0.054621832009397076,snapshot_749.xyz,32,4000,17.09975946676697,4000,all,749
0.0954581,0.101151,0.0,0.9437187966505521,0.05628120334944786,snapshot_750.xyz,32,4000,17.09975946676697,4000,all,750
0.0938561,0.100805,0.0,0.9310659193492385,0.06893408065076145,snapshot_751.xyz,32,4000,17.09975946676697,4000,all,751
0.0947619,0.101082,0.0,0.9374755149284738,0.06252448507152619,snapshot_752.xyz,32,4000,17.09975946676697,4000,all,752
0.0945529,0.100043,0.0,0.9451225972831682,0.054877402716831836,snapshot_753.xyz,32,4000,17.09975946676697,4000,all,753
0.0949708,0.100112,0.0,0.9486455170209365,0.05135448297906353,snapshot_754.xyz,32,4000,17.09975946676697,4000,all,754
0.0949708,0.100874,0.0,0.9414794694371195,0.058520530562880535,snapshot_755.xyz,32,4000,17.09975946676697,4000,all,755
0.0946922,0.100389,0.0,0.94325274681489,0.05674725318510998,snapshot_756.xyz,32,4000,17.09975946676697,4000,all,756
0.0949011,0.100874,0.0,0.940788508436267,0.059211491563732954,snapshot_757.xyz,32,4000,17.09975946676697,4000,all,757
0.09511,0.100805,0.0,0.9435047864689251,0.056495213531074895,snapshot_758.xyz,32,4000,17.09975946676697,4000,all,758
0.0953189,0.10032,0.0,0.9501485247208931,0.04985147527910694,snapshot_759.xyz,32,4000,17.09975946676697,4000,all,759
0.0951797,0.10025,0.0,0.9494234413965087,0.050576558603491306,snapshot_760.xyz,32,4000,17.09975946676697,4000,all,760
0.0947619,0.100528,0.0,0.9426418510265796,0.0573581489734204,snapshot_761.xyz,32,4000,17.09975946676697,4000,all,761
0.0952493,0.10025,0.0,0.9501177057356608,0.04988229426433921,snapshot_762.xyz,32,4000,17.09975946676697,4000,all,762
0.0953885,0.101082,0.0,0.9436744425318058,0.05632555746819423,snapshot_763.xyz,32,4000,17.09975946676697,4000,all,763
0.0950404,0.101013,0.0,0.9408729569461356,0.0591270430538644,snapshot_764.xyz,32,4000,17.09975946676697,4000,all,764
0.0940652,0.100458,0.0,0.9363634553743853,0.06363654462561474,snapshot_765.xyz,32,4000,17.09975946676697,4000,all,765
0.0945529,0.100805,0.0,0.9379782748871582,0.062021725112841763,snapshot_766.xyz,32,4000,17.09975946676697,4000,all,766
0.0946922,0.100181,0.0,0.9452111677863068,0.05478883221369324,snapshot_767.xyz,32,4000,17.09975946676697,4000,all,767
0.0949708,0.100528,0.0,0.9447198790386757,0.055280120961324286,snapshot_768.xyz,32,4000,17.09975946676697,4000,all,768
0.0949011,0.100805,0.0,0.9414324686275483,0.05856753137245174,snapshot_769.xyz,32,4000,17.09975946676697,4000,all,769
0.0953189,0.100736,0.0,0.9462247855781448,0.05377521442185518,snapshot_770.xyz,32,4000,17.09975946676697,4000,all,770
0.0952493,0.100181,0.0,0.9507721024944848,0.04922789750551515,snapshot_771.xyz,32,4000,17.09975946676697,4000,all,771
0.0951797,0.100874,0.0,0.9435503697682257,0.056449630231774295,snapshot_772.xyz,32,4000,17.09975946676697,4000,all,772
0.0942742,0.0998345,0.0,0.9443048244845218,0.0556951755154782,snapshot_773.xyz,32,4000,17.09975946676697,4000,all,773
0.0941349,0.100389,0.0,0.9377013417804738,0.06229865821952618,snapshot_774.xyz,32,4000,17.09975946676697,4000,all,774
0.0944833,0.100389,0.0,0.9411718415364233,0.058828158463576696,snapshot_775.xyz,32,4000,17.09975946676697,4000,all,775
0.0941349,0.100458,0.0,0.9370572776682792,0.06294272233172082,snapshot_776.xyz,32,4000,17.09975946676697,4000,all,776
0.0942046,0.100181,0.0,0.9403439774009043,0.05965602259909575,snapshot_777.xyz,32,4000,17.09975946676697,4000,all,777
0.0948315,0.100597,0.0,0.9426871576687177,0.05731284233128231,snapshot_778.xyz,32,4000,17.09975946676697,4000,all,778
0.09511,0.100528,0.0,0.9461045678815851,0.053895432118414854,snapshot_779.xyz,32,4000,17.09975946676697,4000,all,779
0.0951797,0.100874,0.0,0.9435503697682257,0.056449630231774295,snapshot_780.xyz,32,4000,17.09975946676697,4000,all,780
0.0946922,0.101013,0.0,0.9374258758773623,0.06257412412263774,snapshot_781.xyz,32,4000,17.09975946676697,4000,all,781
0.0944136,0.100736,0.0,0.9372379288437103,0.06276207115628973,snapshot_782.xyz,32,4000,17.09975946676697,4000,all,782
0.0951797,0.0998345,0.0,0.9533748353525084,0.04662516464749156,snapshot_783.xyz,32,4000,17.09975946676697,4000,all,783
0.0940652,0.100597,0.0,0.9350696342833285,0.06493036571667155,snapshot_784.xyz,32,4000,17.09975946676697,4000,all,784
0.0953885,0.100597,0.0,0.9482241021104009,0.05177589788959913,snapshot_785.xyz,32,4000,17.09975946676697,4000,all,785
0.0952493,0.100181,0.0,0.9507721024944848,0.04922789750551515,snapshot_786.xyz,32,4000,17.09975946676697,4000,all,786
0.0949011,0.100528,0.0,0.944026539869489,0.055973460130510966,snapshot_787.xyz,32,4000,17.09975946676697,4000,all,787
0.0951797,0.101013,0.0,0.9422519873679626,0.05774801263203744,snapshot_788.xyz,32,4000,17.09975946676697,4000,all,788
0.0941349,0.100736,0.0,0.9344712912960609,0.06552870870393912,snapshot_789.xyz,32,4000,17.09975946676697,4000,all,789
0.0953189,0.100597,0.0,0.9475322325715478,0.05246776742845216,snapshot_790.xyz,32,4000,17.09975946676697,4000,all,790
0.09511,0.100389,0.0,0.9474145573718236,0.05258544262817644,snapshot_791.xyz,32,4000,17.09975946676697,4000,all,791
0.0945529,0.100389,0.0,0.9418651445875543,0.058134855412445674,snapshot_792.xyz,32,4000,17.09975946676697,4000,all,792
0.0958756,0.101013,0.0,0.9491411996475702,0.050858800352429845,snapshot_793.xyz,32,4000,17.09975946676697,4000,all,793
0.0944136,0.101013,0.0,0.9346678150337084,0.06533218496629156,snapshot_794.xyz,32,4000,17.09975946676697,4000,all,794
0.0948315,0.100666,0.0,0.9420410068940853,0.05795899310591468,snapshot_795.xyz,32,4000,17.09975946676697,4000,all,795
0.0944136,0.100666,0.0,0.9378896548983767,0.06211034510162328,snapshot_796.xyz,32,4000,17.09975946676697,4000,all,796
0.0946226,0.100874,0.0,0.9380276384400341,0.06197236155996588,snapshot_797.xyz,32,4000,17.09975946676697,4000,all,797
0.0938561,0.100943,0.0,0.9297930515241274,0.07020694847587261,snapshot_798.xyz,32,4000,17.09975946676697,4000,all,798
0.0950404,0.101013,0.0,0.9408729569461356,0.0591270430538644,snapshot_799.xyz,32,4000,17.09975946676697,4000,all,799
0.0953885,0.100112,0.0,0.9528178440147035,0.047182155985296514,snapshot_800.xyz,32,4000,17.09975946676697,4000,all,800
0.0946922,0.100597,0.0,0.9413024245255822,0.058697575474417785,snapshot_801.xyz,32,4000,17.09975946676697,4000,all,801
0.0953885,0.101082,0.0,0.9436744425318058,0.05632555746819423,snapshot_802.xyz,32,4000,17.09975946676697,4000,all,802
0.0942742,0.100389,0.0,0.9390889440078096,0.06091105599219038,snapshot_803.xyz,32,4000,17.09975946676697,4000,all,803
0.0944833,0.100458,0.0,0.9405253936968684,0.059474606303131616,snapshot_804.xyz,32,4000,17.09975946676697,4000,all,804
0.0942742,0.100736,0.0,0.9358541137229986,0.06414588627700135,snapshot_805.xyz,32,4000,17.09975946676697,4000,all,805
0.0952493,0.100736,0.0,0.9455338707115628,0.05446612928843719,snapshot_806.xyz,32,4000,17.09975946676697,4000,all,806
0.0945529,0.100666,0.0,0.9392734388969463,0.060726561103053744,snapshot_807.xyz,32,4000,17.09975946676697,4000,all,807
0.0948315,0.100805,0.0,0.9407420266851843,0.05925797331481575,snapshot_808.xyz,32,4000,17.09975946676697,4000,all,808
0.09511,0.100874,0.0,0.9428594087673731,0.057140591232626936,snapshot_809.xyz,32,4000,17.09975946676697,4000,all,809
0.0945529,0.100528,0.0,0.9405628282667514,0.059437171733248584,snapshot_810.xyz,32,4000,17.09975946676697,4000,all,810
0.0946922,0.100597,0.0,0.9413024245255822,0.058697575474417785,snapshot_811.xyz,32,4000,17.09975946676697,4000,all,811
0.0943439,0.100736,0.0,0.9365460212833544,0.0634539787166456,snapshot_812.xyz,32,4000,17.09975946676697,4000,all,812
0.0954581,0.100528,0.0,0.9495672847365908,0.0504327152634092,snapshot_813.xyz,32,4000,17.09975946676697,4000,all,813
0.0942046,0.100043,0.0,0.9416410943294383,0.05835890567056168,snapshot_814.xyz,32,4000,17.09975946676697,4000,all,814
0.0942742,0.100874,0.0,0.9345738247714971,0.06542617522850291,snapshot_815.xyz,32,4000,17.09975946676697,4000,all,815
0.0949708,0.10025,0.0,0.9473396508728178,0.052660349127182204,snapshot_816.xyz,32,4000,17.09975946676697,4000,all,816
0.09511,0.100943,0.0,0.9422149133669496,0.057785086633050375,snapshot_817.xyz,32,4000,17.09975946676697,4000,all,817
0.0942046,0.100597,0.0,0.9364553614918933,0.06354463850810665,snapshot_818.xyz,32,4000,17.09975946676697,4000,all,818
0.0942742,0.100597,0.0,0.9371472310307464,0.06285276896925363,snapshot_819.xyz,32,4000,17.09975946676697,4000,all,819
0.0947619,0.100943,0.0,0.938766432541137,0.06123356745886299,snapshot_820.xyz,32,4000,17.09975946676697,4000,all,820
0.0949011,0.100666,0.0,0.942732402201339,0.057267597798660974,snapshot_821.xyz,32,4000,17.09975946676697,4000,all,821
0.0953885,0.100597,0.0,0.9482241021104009,0.05177589788959913,snapshot_822.xyz,32,4000,17.09975946676697,4000,all,822
0.0949708,0.100874,0.0,0.9414794694371195,0.058520530562880535,snapshot_823.xyz,32,4000,17.09975946676697,4000,all,823
0.09511,0.100805,0.0,0.9435047864689251,0.056495213531074895,snapshot_824.xyz,32,4000,17.09975946676697,4000,all,824
0.0950404,0.100389,0.0,0.9467212543206924,0.05327874567930757,snapshot_825.xyz,32,4000,17.09975946676697,4000,all,825
0.0954581,0.101082,0.0,0.9443629924219941,0.05563700757800594,snapshot_826.xyz,32,4000,17.09975946676697,4000,all,826
0.09511,0.10032,0.0,0.9480661881977671,0.05193381180223289,snapshot_827.xyz,32,4000,17.09975946676697,4000,all,827
0.0949011,0.10122,0.0,0.9375726141078838,0.06242738589211616,snapshot_828.xyz,32,4000,17.09975946676697,4000,all,828
0.09511,0.100943,0.0,0.9422149133669496,0.057785086633050375,snapshot_829.xyz,32,4000,17.09975946676697,4000,all,829
0.0950404,0.101151,0.0,0.9395893268479797,0.06041067315202031,snapshot_830.xyz,32,4000,17.09975946676697,4000,all,830
0.0950404,0.100597,0.0,0.9447637603507062,0.055236239649293806,snapshot_831.xyz,32,4000,17.09975946676697,4000,all,831
0.0942742,0.100528,0.0,0.9377904663377367,0.06220953366226334,snapshot_832.xyz,32,4000,17.09975946676697,4000,all,832
0.0949708,0.100597,0.0,0.9440718908118532,0.055928109188146835,snapshot_833.xyz,32,4000,17.09975946676697,4000,all,833
0.0948315,0.100528,0.0,0.9433341954480343,0.05666580455196568,snapshot_834.xyz,32,4000,17.09975946676697,4000,all,834
0.0949011,0.10032,0.0,0.9459838516746412,0.05401614832535884,snapshot_835.xyz,32,4000,17.09975946676697,4000,all,835
0.0952493,0.100528,0.0,0.9474902514722265,0.05250974852777346,snapshot_836.xyz,32,4000,17.09975946676697,4000,all,836
0.0953885,0.0998345,0.0,0.9554662967210733,0.044533703278926695,snapshot_837.xyz,32,4000,17.09975946676697,4000,all,837
0.0946922,0.10032,0.0,0.9439015151515151,0.0560984848484849,snapshot_838.xyz,32,4000,17.09975946676697,4000,all,838
0.0946922,0.100597,0.0,0.9413024245255822,0.058697575474417785,snapshot_839.xyz,32,4000,17.09975946676697,4000,all,839
0.0953189,0.100666,0.0,0.9468827608129854,0.05311723918701461,snapshot_840.xyz,32,4000,17.09975946676697,4000,all,840
0.0954581,0.100043,0.0,0.9541707065961637,0.045829293403836346,snapshot_841.xyz,32,4000,17.09975946676697,4000,all,841
0.0955277,0.101013,0.0,0.9456970884935602,0.054302911506439844,snapshot_842.xyz,32,4000,17.09975946676697,4000,all,842
0.0962235,0.101151,0.0,0.9512857015748732,0.048714298425126756,snapshot_843.xyz,32,4000,17.09975946676697,4000,all,843
0.0944833,0.100943,0.0,0.9360064590907741,0.06399354090922593,snapshot_844.xyz,32,4000,17.09975946676697,4000,all,844
0.0945529,0.100874,0.0,0.9373366774391815,0.06266332256081852,snapshot_845.xyz,32,4000,17.09975946676697,4000,all,845
0.0943439,0.10025,0.0,0.9410862842892767,0.05891371571072335,snapshot_846.xyz,32,4000,17.09975946676697,4000,all,846
0.09511,0.100181,0.0,0.9493816192691228,0.05061838073087721,snapshot_847.xyz,32,4000,17.09975946676697,4000,all,847
0.0946226,0.100528,0.0,0.9412561674359382,0.05874383256406179,snapshot_848.xyz,32,4000,17.09975946676697,4000,all,848
0.0944833,0.100736,0.0,0.9379298364040661,0.06207016359593387,snapshot_849.xyz,32,4000,17.09975946676697,4000,all,849
0.0940652,0.100458,0.0,0.9363634553743853,0.06363654462561474,snapshot_850.xyz,32,4000,17.09975946676697,4000,all,850
0.0948315,0.100597,0.0,0.9426871576687177,0.05731284233128231,snapshot_851.xyz,32,4000,17.09975946676697,4000,all,851
0.0942046,0.100736,0.0,0.9351631988564167,0.06483680114358326,snapshot_852.xyz,32,4000,17.09975946676697,4000,all,852
0.0946226,0.10032,0.0,0.9432077352472089,0.05679226475279109,snapshot_853.xyz,32,4000,17.09975946676697,4000,all,853
0.0945529,0.10025,0.0,0.9431710723192019,0.05682892768079806,snapshot_854.xyz,32,4000,17.09975946676697,4000,all,854
0.0952493,0.101151,0.0,0.9416545560597521,0.058345443940247876,snapshot_855.xyz,32,4000,17.09975946676697,4000,all,855
0.0941349,0.100181,0.0,0.9396482366915881,0.060351763308411854,snapshot_856.xyz,32,4000,17.09975946676697,4000,all,856
0.0951797,0.10032,0.0,0.9487609649122807,0.05123903508771932,snapshot_857.xyz,32,4000,17.09975946676697,4000,all,857
0.0950404,0.100666,0.0,0.9441161861999086,0.05588381380009144,snapshot_858.xyz,32,4000,17.09975946676697,4000,all,858
0.0946226,0.100943,0.0,0.9373864458159555,0.06261355418404446,snapshot_859.xyz,32,4000,17.09975946676697,4000,all,859
0.0948315,0.100528,0.0,0.9433341954480343,0.05666580455196568,snapshot_860.xyz,32,4000,17.09975946676697,4000,all,860
0.0947619,0.100597,0.0,0.9419952881298647,0.05800471187013534,snapshot_861.xyz,32,4000,17.09975946676697,4000,all,861
0.0945529,0.100112,0.0,0.9444711922646635,0.05552880773533653,snapshot_862.xyz,32,4000,17.09975946676697,4000,all,862
0.0941349,0.10032,0.0,0.9383462918660286,0.06165370813397142,snapshot_863.xyz,32,4000,17.09975946676697,4000,all,863
0.0957365,0.10025,0.0,0.9549775561097257,0.04502244389027432,snapshot_864.xyz,32,4000,17.09975946676697,4000,all,864
0.0950404,0.100112,0.0,0.9493407383730221,0.05065926162697787,snapshot_865.xyz,32,4000,17.09975946676697,4000,all,865
0.0946226,0.100666,0.0,0.9399658275882621,0.06003417241173792,snapshot_866.xyz,32,4000,17.09975946676697,4000,all,866
0.0947619,0.10025,0.0,0.9452558603491271,0.05474413965087288,snapshot_867.xyz,32,4000,17.09975946676697,4000,all,867
0.0951797,0.100043,0.0,0.9513879032016233,0.04861209679837675,snapshot_868.xyz,32,4000,17.09975946676697,4000,all,868
0.0949708,0.10122,0.0,0.9382612131989725,0.06173878680102751,snapshot_869.xyz,32,4000,17.09975946676697,4000,all,869
0.0958061,0.100805,0.0,0.9504101979068499,0.049589802093150115,snapshot_870.xyz,32,4000,17.09975946676697,4000,all,870
0.0946226,0.100943,0.0,0.9373864458159555,0.06261355418404446,snapshot_871.xyz,32,4000,17.09975946676697,4000,all,871
0.0947619,0.100597,0.0,0.9419952881298647,0.05800471187013534,snapshot_872.xyz,32,4000,17.09975946676697,4000,all,872
0.0946226,0.100736,0.0,0.9393126588310038,0.06068734116899621,snapshot_873.xyz,32,4000,17.09975946676697,4000,all,873
0.0950404,0.100458,0.0,0.9460709948436161,0.05392900515638388,snapshot_874.xyz,32,4000,17.09975946676697,4000,all,874
0.09511,0.100666,0.0,0.9448075815071623,0.055192418492837736,snapshot_875.xyz,32,4000,17.09975946676697,4000,all,875
0.0954581,0.100874,0.0,0.9463102484287329,0.0536897515712671,snapshot_876.xyz,32,4000,17.09975946676697,4000,all,876
0.0946922,0.100389,0.0,0.94325274681489,0.05674725318510998,snapshot_877.xyz,32,4000,17.09975946676697,4000,all,877
0.0946226,0.101013,0.0,0.9367368556522427,0.06326314434775726,snapshot_878.xyz,32,4000,17.09975946676697,4000,all,878
0.0954581,0.100666,0.0,0.9482655514274929,0.051734448572507086,snapshot_879.xyz,32,4000,17.09975946676697,4000,all,879
0.0951797,0.10122,0.0,0.9403250345781466,0.059674965421853354,snapshot_880.xyz,32,4000,17.09975946676697,4000,all,880
0.0947619,0.100597,0.0,0.9419952881298647,0.05800471187013534,snapshot_881.xyz,32,4000,17.09975946676697,4000,all,881
0.0944833,0.100389,0.0,0.9411718415364233,0.058828158463576696,snapshot_882.xyz,32,4000,17.09975946676697,4000,all,882
0.0953189,0.100389,0.0,0.9494954626502903,0.05050453734970972,snapshot_883.xyz,32,4000,17.09975946676697,4000,all,883
0.0949011,0.100389,0.0,0.9453336520933568,0.05466634790664315,snapshot_884.xyz,32,4000,17.09975946676697,4000,all,884
0.0955973,0.10122,0.0,0.9444507014424026,0.05554929855759738,snapshot_885.xyz,32,4000,17.09975946676697,4000,all,885
0.0942046,0.0998345,0.0,0.9436076706950002,0.05639232930499982,snapshot_886.xyz,32,4000,17.09975946676697,4000,all,886
0.0947619,0.10032,0.0,0.9445962918660286,0.05540370813397144,snapshot_887.xyz,32,4000,17.09975946676697,4000,all,887
0.0952493,0.100736,0.0,0.9455338707115628,0.05446612928843719,snapshot_888.xyz,32,4000,17.09975946676697,4000,all,888
0.0942742,0.101151,0.0,0.9320145129558778,0.06798548704412222,snapshot_889.xyz,32,4000,17.09975946676697,4000,all,889
0.0946922,0.101151,0.0,0.936146948621368,0.06385305137863195,snapshot_890.xyz,32,4000,17.09975946676697,4000,all,890
0.0949011,0.100805,0.0,0.9414324686275483,0.05856753137245174,snapshot_891.xyz,32,4000,17.09975946676697,4000,all,891
0.0948315,0.100528,0.0,0.9433341954480343,0.05666580455196568,snapshot_892.xyz,32,4000,17.09975946676697,4000,all,892
0.0944833,0.100458,0.0,0.9405253936968684,0.059474606303131616,snapshot_893.xyz,32,4000,17.09975946676697,4000,all,893
0.0948315,0.100389,0.0,0.9446403490422257,0.05535965095777429,snapshot_894.xyz,32,4000,17.09975946676697,4000,all,894
0.0957365,0.0999732,0.0,0.9576216426002169,0.04237835739978313,snapshot_895.xyz,32,4000,17.09975946676697,4000,all,895
0.0946226,0.101359,0.0,0.9335392022415375,0.06646079775846248,snapshot_896.xyz,32,4000,17.09975946676697,4000,all,896
0.0942046,0.100528,0.0,0.937098121916282,0.06290187808371805,snapshot_897.xyz,32,4000,17.09975946676697,4000,all,897
0.0950404,0.100736,0.0,0.9434601334180431,0.056539866581956866,snapshot_898.xyz,32,4000,17.09975946676697,4000,all,898
0.0952493,0.100736,0.0,0.9455338707115628,0.05446612928843719,snapshot_899.xyz,32,4000,17.09975946676697,4000,all,899
0.0952493,0.100389,0.0,0.9488021595991591,0.051197840400840855,snapshot_900.xyz,32,4000,17.09975946676697,4000,all,900
0.0952493,0.100597,0.0,0.9468403630326947,0.0531596369673053,snapshot_901.xyz,32,4000,17.09975946676697,4000,all,901
0.0953885,0.10025,0.0,0.9515062344139651,0.04849376558603491,snapshot_902.xyz,32,4000,17.09975946676697,4000,all,902
0.0946226,0.100389,0.0,0.9425594437637589,0.057440556236241114,snapshot_903.xyz,32,4000,17.09975946676697,4000,all,903
0.0953189,0.100389,0.0,0.9494954626502903,0.05050453734970972,snapshot_904.xyz,32,4000,17.09975946676697,4000,all,904
0.0951797,0.100805,0.0,0.9441962204255742,0.05580377957442584,snapshot_905.xyz,32,4000,17.09975946676697,4000,all,905
0.0948315,0.100666,0.0,0.9420410068940853,0.05795899310591468,snapshot_906.xyz,32,4000,17.09975946676697,4000,all,906
0.0949011,0.100666,0.0,0.942732402201339,0.057267597798660974,snapshot_907.xyz,32,4000,17.09975946676697,4000,all,907
0.09511,0.0999039,0.0,0.9520148863057398,0.04798511369426017,snapshot_908.xyz,32,4000,17.09975946676697,4000,all,908
0.0950404,0.100458,0.0,0.9460709948436161,0.05392900515638388,snapshot_909.xyz,32,4000,17.09975946676697,4000,all,909
0.09511,0.101428,0.0,0.9377095082225815,0.06229049177741852,snapshot_910.xyz,32,4000,17.09975946676697,4000,all,910
0.0944833,0.100736,0.0,0.9379298364040661,0.06207016359593387,snapshot_911.xyz,32,4000,17.09975946676697,4000,all,911
0.0949011,0.100597,0.0,0.9433790272075707,0.05662097279242928,snapshot_912.xyz,32,4000,17.09975946676697,4000,all,912
0.0946226,0.100597,0.0,0.9406105549867292,0.059389445013270814,snapshot_913.xyz,32,4000,17.09975946676697,4000,all,913
0.0945529,0.10032,0.0,0.9425129585326952,0.05748704146730477,snapshot_914.xyz,32,4000,17.09975946676697,4000,all,914
0.0955973,0.100389,0.0,0.9522686748548147,0.0477313251451853,snapshot_915.xyz,32,4000,17.09975946676697,4000,all,915
0.0953189,0.100666,0.0,0.9468827608129854,0.05311723918701461,snapshot_916.xyz,32,4000,17.09975946676697,4000,all,916
0.0953885,0.10032,0.0,0.9508423046251994,0.049157695374800636,snapshot_917.xyz,32,4000,17.09975946676697,4000,all,917
0.0951797,0.100389,0.0,0.9481088565480281,0.05189114345197188,snapshot_918.xyz,32,4000,17.09975946676697,4000,all,918
0.0947619,0.100666,0.0,0.9413496115868316,0.058650388413168386,snapshot_919.xyz,32,4000,17.09975946676697,4000,all,919
0.0949708,0.101636,0.0,0.9344208744932897,0.0655791255067103,snapshot_920.xyz,32,4000,17.09975946676697,4000,all,920
0.0939955,0.100874,0.0,0.9318109721038126,0.06818902789618742,snapshot_921.xyz,32,4000,17.09975946676697,4000,all,921
0.0938561,0.101151,0.0,0.927881088669415,0.07211891133058501,snapshot_922.xyz,32,4000,17.09975946676697,4000,all,922
0.0949011,0.100943,0.0,0.9401454286082244,0.059854571391775635,snapshot_923.xyz,32,4000,17.09975946676697,4000,all,923
0.0950404,0.100528,0.0,0.9454122234601304,0.05458777653986957,snapshot_924.xyz,32,4000,17.09975946676697,4000,all,924
0.096293,0.100458,0.0,0.9585398873160923,0.0414601126839077,snapshot_925.xyz,32,4000,17.09975946676697,4000,all,925
0.0952493,0.101082,0.0,0.9422973427514294,0.0577026572485706,snapshot_926.xyz,32,4000,17.09975946676697,4000,all,926
0.0948315,0.100458,0.0,0.9439915188436958,0.05600848115630419,snapshot_927.xyz,32,4000,17.09975946676697,4000,all,927
0.0952493,0.100943,0.0,0.9435949000921311,0.056405099907868905,snapshot_928.xyz,32,4000,17.09975946676697,4000,all,928
0.0957365,0.101151,0.0,0.9464711174382853,0.05352888256171473,snapshot_929.xyz,32,4000,17.09975946676697,4000,all,929
0.0950404,0.100805,0.0,0.9428143445265611,0.0571856554734389,snapshot_930.xyz,32,4000,17.09975946676697,4000,all,930
0.0949011,0.100597,0.0,0.9433790272075707,0.05662097279242928,snapshot_931.xyz,32,4000,17.09975946676697,4000,all,931
0.0947619,0.100458,0.0,0.9432986919906826,0.056701308009317386,snapshot_932.xyz,32,4000,17.09975946676697,4000,all,932
0.09511,0.0999732,0.0,0.9513549631301189,0.048645036869881086,snapshot_933.xyz,32,4000,17.09975946676697,4000,all,933
0.0948315,0.100597,0.0,0.9426871576687177,0.05731284233128231,snapshot_934.xyz,32,4000,17.09975946676697,4000,all,934
0.0944833,0.100805,0.0,0.9372878329447945,0.06271216705520555,snapshot_935.xyz,32,4000,17.09975946676697,4000,all,935
0.0949011,0.100528,0.0,0.944026539869489,0.055973460130510966,snapshot_936.xyz,32,4000,17.09975946676697,4000,all,936
0.0951797,0.0996958,0.0,0.9547012010536051,0.04529879894639488,snapshot_937.xyz,32,4000,17.09975946676697,4000,all,937
0.0947619,0.100112,0.0,0.9465588540834264,0.05344114591657356,snapshot_938.xyz,32,4000,17.09975946676697,4000,all,938
0.0951797,0.100666,0.0,0.9454999701984781,0.05450002980152191,snapshot_939.xyz,32,4000,17.09975946676697,4000,all,939
0.0943439,0.100805,0.0,0.9359049650314963,0.06409503496850366,snapshot_940.xyz,32,4000,17.09975946676697,4000,all,940
0.0948315,0.100943,0.0,0.9394559305746807,0.06054406942531931,snapshot_941.xyz,32,4000,17.09975946676697,4000,all,941
0.0951797,0.101082,0.0,0.9416087928612413,0.05839120713875867,snapshot_942.xyz,32,4000,17.09975946676697,4000,all,942
0.0952493,0.100389,0.0,0.9488021595991591,0.051197840400840855,snapshot_943.xyz,32,4000,17.09975946676697,4000,all,943
0.0942742,0.100458,0.0,0.9384439268151864,0.0615560731848136,snapshot_944.xyz,32,4000,17.09975946676697,4000,all,944
0.0954581,0.101359,0.0,0.9417821801714698,0.05821781982853025,snapshot_945.xyz,32,4000,17.09975946676697,4000,all,945
0.0957365,0.100666,0.0,0.9510311326565076,0.04896886734349237,snapshot_946.xyz,32,4000,17.09975946676697,4000,all,946
0.0945529,0.100943,0.0,0.9366959571243176,0.06330404287568236,snapshot_947.xyz,32,4000,17.09975946676697,4000,all,947
0.0949011,0.100597,0.0,0.9433790272075707,0.05662097279242928,snapshot_948.xyz,32,4000,17.09975946676697,4000,all,948
0.0953189,0.100389,0.0,0.9494954626502903,0.05050453734970972,snapshot_949.xyz,32,4000,17.09975946676697,4000,all,949
0.0949011,0.100458,0.0,0.944684345696709,0.055315654303290995,snapshot_950.xyz,32,4000,17.09975946676697,4000,all,950
0.0940652,0.100112,0.0,0.939599648393799,0.06040035160620105,snapshot_951.xyz,32,4000,17.09975946676697,4000,all,951
0.0958061,0.101013,0.0,0.9484531693940383,0.05154683060596166,snapshot_952.xyz,32,4000,17.09975946676697,4000,all,952
0.0949011,0.0996958,0.0,0.9519067001819536,0.04809329981804644,snapshot_953.xyz,32,4000,17.09975946676697,4000,all,953
0.0945529,0.100112,0.0,0.9444711922646635,0.05552880773533653,snapshot_954.xyz,32,4000,17.09975946676697,4000,all,954
0.0948315,0.101013,0.0,0.9388049062991891,0.06119509370081089,snapshot_955.xyz,32,4000,17.09975946676697,4000,all,955
0.0950404,0.0998345,0.0,0.9519795261157215,0.04802047388427855,snapshot_956.xyz,32,4000,17.09975946676697,4000,all,956
0.0942046,0.0997652,0.0,0.9442631298288381,0.05573687017116191,snapshot_957.xyz,32,4000,17.09975946676697,4000,all,957
0.0953885,0.101082,0.0,0.9436744425318058,0.05632555746819423,snapshot_958.xyz,32,4000,17.09975946676697,4000,all,958
0.0946226,0.100805,0.0,0.9386697088438073,0.06133029115619271,snapshot_959.xyz,32,4000,17.09975946676697,4000,all,959
0.0951797,0.100112,0.0,0.9507321799584465,0.0492678200415535,snapshot_960.xyz,32,4000,17.09975946676697,4000,all,960
0.0944833,0.100043,0.0,0.9444268964345331,0.05557310356546685,snapshot_961.xyz,32,4000,17.09975946676697,4000,all,961
0.0949708,0.100736,0.0,0.9427692185514611,0.05723078144853888,snapshot_962.xyz,32,4000,17.09975946676697,4000,all,962
0.0955277,0.100666,0.0,0.9489569467347465,0.05104305326525349,snapshot_963.xyz,32,4000,17.09975946676697,4000,all,963
0.0953189,0.100389,0.0,0.9494954626502903,0.05050453734970972,snapshot_964.xyz,32,4000,17.09975946676697,4000,all,964
0.0950404,0.100597,0.0,0.9447637603507062,0.055236239649293806,snapshot_965.xyz,32,4000,17.09975946676697,4000,all,965
0.09511,0.10025,0.0,0.9487281795511221,0.0512718204488779,snapshot_966.xyz,32,4000,17.09975946676697,4000,all,966
0.0953885,0.101013,0.0,0.9443190480433211,0.05568095195667888,snapshot_967.xyz,32,4000,17.09975946676697,4000,all,967
0.0950404,0.10122,0.0,0.9389488243430152,0.06105117565698481,snapshot_968.xyz,32,4000,17.09975946676697,4000,all,968
0.0952493,0.10025,0.0,0.9501177057356608,0.04988229426433921,snapshot_969.xyz,32,4000,17.09975946676697,4000,all,969
0.0946226,0.100805,0.0,0.9386697088438073,0.06133029115619271,snapshot_970.xyz,32,4000,17.09975946676697,4000,all,970
0.0946922,0.10032,0.0,0.9439015151515151,0.0560984848484849,snapshot_971.xyz,32,4000,17.09975946676697,4000,all,971
0.0948315,0.100666,0.0,0.9420410068940853,0.05795899310591468,snapshot_972.xyz,32,4000,17.09975946676697,4000,all,972
0.0961539,0.10129,0.0,0.9492931187678941,0.05070688123210587,snapshot_973.xyz,32,4000,17.09975946676697,4000,all,973
0.0945529,0.100389,0.0,0.9418651445875543,0.058134855412445674,snapshot_974.xyz,32,4000,17.09975946676697,4000,all,974
0.09511,0.0999039,0.0,0.9520148863057398,0.04798511369426017,snapshot_975.xyz,32,4000,17.09975946676697,4000,all,975
0.0949708,0.100112,0.0,0.9486455170209365,0.05135448297906353,snapshot_976.xyz,32,4000,17.09975946676697,4000,all,976
0.0946922,0.100458,0.0,0.9426048696967887,0.057395130303211306,snapshot_977.xyz,32,4000,17.09975946676697,4000,all,977
0.0955277,0.100597,0.0,0.9496078411881069,0.05039215881189307,snapshot_978.xyz,32,4000,17.09975946676697,4000,all,978
0.0939955,0.100943,0.0,0.9311740289074031,0.06882597109259692,snapshot_979.xyz,32,4000,17.09975946676697,4000,all,979
0.0949011,0.100805,0.0,0.9414324686275483,0.05856753137245174,snapshot_980.xyz,32,4000,17.09975946676697,4000,all,980
0.0946922,0.100736,0.0,0.9400035736975858,0.059996426302414196,snapshot_981.xyz,32,4000,17.09975946676697,4000,all,981
0.0950404,0.101428,0.0,0.9370233071735615,0.06297669282643847,snapshot_982.xyz,32,4000,17.09975946676697,4000,all,982
0.0944136,0.100874,0.0,0.9359557467732021,0.06404425322679785,snapshot_983.xyz,32,4000,17.09975946676697,4000,all,983
0.0953885,0.101151,0.0,0.9430307164536188,0.0569692835463812,snapshot_984.xyz,32,4000,17.09975946676697,4000,all,984
0.0953885,0.10032,0.0,0.9508423046251994,0.049157695374800636,snapshot_985.xyz,32,4000,17.09975946676697,4000,all,985
0.0948315,0.100597,0.0,0.9426871576687177,0.05731284233128231,snapshot_986.xyz,32,4000,17.09975946676697,4000,all,986
0.0954581,0.100389,0.0,0.9508820687525525,0.049117931247447455,snapshot_987.xyz,32,4000,17.09975946676697,4000,all,987
0.0946922,0.100112,0.0,0.9458626338500878,0.05413736614991216,snapshot_988.xyz,32,4000,17.09975946676697,4000,all,988
0.0949011,0.100805,0.0,0.9414324686275483,0.05856753137245174,snapshot_989.xyz,32,4000,17.09975946676697,4000,all,989
0.0956669,0.100043,0.0,0.9562578091420688,0.043742190857931185,snapshot_990.xyz,32,4000,17.09975946676697,4000,all,990
0.0949011,0.100736,0.0,0.9420773109911055,0.05792268900889452,snapshot_991.xyz,32,4000,17.09975946676697,4000,all,991
0.0948315,0.100805,0.0,0.9407420266851843,0.05925797331481575,snapshot_992.xyz,32,4000,17.09975946676697,4000,all,992
0.0950404,0.100181,0.0,0.9486868767530768,0.051313123246923165,snapshot_993.xyz,32,4000,17.09975946676697,4000,all,993
0.0957365,0.100597,0.0,0.9516834498046661,0.048316550195333874,snapshot_994.xyz,32,4000,17.09975946676697,4000,all,994
0.0948315,0.100666,0.0,0.9420410068940853,0.05795899310591468,snapshot_995.xyz,32,4000,17.09975946676697,4000,all,995
0.0951797,0.10032,0.0,0.9487609649122807,0.05123903508771932,snapshot_996.xyz,32,4000,17.09975946676697,4000,all,996
0.0955277,0.100666,0.0,0.9489569467347465,0.05104305326525349,snapshot_997.xyz,32,4000,17.09975946676697,4000,all,997
0.0950404,0.10032,0.0,0.9473724082934608,0.05262759170653919,snapshot_998.xyz,32,4000,17.09975946676697,4000,all,998
0.0946922,0.100597,0.0,0.9413024245255822,0.058697575474417785,snapshot_999.xyz,32,4000,17.09975946676697,4000,all,999
0.0946226,0.100181,0.0,0.9445164252702608,0.05548357472973919,snapshot_1000.xyz,32,4000,17.09975946676697,4000,all,1000
0.0950404,0.100043,0.0,0.9499955019341683,0.05000449806583174,snapshot_1001.xyz,32,4000,17.09975946676697,4000,all,1001
0.0959452,0.10025,0.0,0.9570593516209476,0.042940648379052426,snapshot_1002.xyz,32,4000,17.09975946676697,4000,all,1002
0.0955973,0.100736,0.0,0.9489884450444726,0.05101155495552745,snapshot_1003.xyz,32,4000,17.09975946676697,4000,all,1003
0.0958061,0.101082,0.0,0.9478057418729349,0.05219425812706513,snapshot_1004.xyz,32,4000,17.09975946676697,4000,all,1004
0.0948315,0.100389,0.0,0.9446403490422257,0.05535965095777429,snapshot_1005.xyz,32,4000,17.09975946676697,4000,all,1005
0.0955973,0.100458,0.0,0.9516146051086025,0.04838539489139748,snapshot_1006.xyz,32,4000,17.09975946676697,4000,all,1006
0.0946226,0.100389,0.0,0.9425594437637589,0.057440556236241114,snapshot_1007.xyz,32,4000,17.09975946676697,4000,all,1007
0.0948315,0.10032,0.0,0.9452900717703349,0.05470992822966514,snapshot_1008.xyz,32,4000,17.09975946676697,4000,all,1008
0.0952493,0.100597,0.0,0.9468403630326947,0.0531596369673053,snapshot_1009.xyz,32,4000,17.09975946676697,4000,all,1009
0.0950404,0.101013,0.0,0.9408729569461356,0.0591270430538644,snapshot_1010.xyz,32,4000,17.09975946676697,4000,all,1010
0.0963626,0.101013,0.0,0.9539623612802313,0.046037638719768736,snapshot_1011.xyz,32,4000,17.09975946676697,4000,all,1011
0.0949011,0.100666,0.0,0.942732402201339,0.057267597798660974,snapshot_1012.xyz,32,4000,17.09975946676697,4000,all,1012
0.0950404,0.100666,0.0,0.9441161861999086,0.05588381380009144,snapshot_1013.xyz,32,4000,17.09975946676697,4000,all,1013
0.0955973,0.10032,0.0,0.9529236443381179,0.04707635566188206,snapshot_1014.xyz,32,4000,17.09975946676697,4000,all,1014
0.0945529,0.101013,0.0,0.9360468454555353,0.06395315454446471,snapshot_1015.xyz,32,4000,17.09975946676697,4000,all,1015
0.0956669,0.10025,0.0,0.9542832917705735,0.04571670822942653,snapshot_1016.xyz,32,4000,17.09975946676697,4000,all,1016
0.0949708,0.100874,0.0,0.9414794694371195,0.058520530562880535,snapshot_1017.xyz,32,4000,17.09975946676697,4000,all,1017
0.0944136,0.10025,0.0,0.9417815461346632,0.05821845386533675,snapshot_1018.xyz,32,4000,17.09975946676697,4000,all,1018
0.0954581,0.100597,0.0,0.9489159716492539,0.0510840283507461,snapshot_1019.xyz,32,4000,17.09975946676697,4000,all,1019
0.0950404,0.100389,0.0,0.9467212543206924,0.05327874567930757,snapshot_1020.xyz,32,4000,17.09975946676697,4000,all,1020
0.0957365,0.101359,0.0,0.9445288528892353,0.05547114711076473,snapshot_1021.xyz,32,4000,17.09975946676697,4000,all,1021
0.0958061,0.100458,0.0,0.9536930856676422,0.046306914332357785,snapshot_1022.xyz,32,4000,17.09975946676697,4000,all,1022
0.0960843,0.100528,0.0,0.9557963950342192,0.044203604965780796,snapshot_1023.xyz,32,4000,17.09975946676697,4000,all,1023
0.0948315,0.100389,0.0,0.9446403490422257,0.05535965095777429,snapshot_1024.xyz,32,4000,17.09975946676697,4000,all,1024
0.0945529,0.100389,0.0,0.9418651445875543,0.058134855412445674,snapshot_1025.xyz,32,4000,17.09975946676697,4000,all,1025
0.0953885,0.101013,0.0,0.9443190480433211,0.05568095195667888,snapshot_1026.xyz,32,4000,17.09975946676697,4000,all,1026
0.0942742,0.100597,0.0,0.9371472310307464,0.06285276896925363,snapshot_1027.xyz,32,4000,17.09975946676697,4000,all,1027
0.0955973,0.100874,0.0,0.9476901877589864,0.05230981224101361,snapshot_1028.xyz,32,4000,17.09975946676697,4000,all,1028
0.0949708,0.100943,0.0,0.9408359172998622,0.05916408270013784,snapshot_1029.xyz,32,4000,17.09975946676697,4000,all,1029
0.0953885,0.101013,0.0,0.9443190480433211,0.05568095195667888,snapshot_1030.xyz,32,4000,17.09975946676697,4000,all,1030
0.0951797,0.100458,0.0,0.9474576439905235,0.05254235600947654,snapshot_1031.xyz,32,4000,17.09975946676697,4000,all,1031
0.0954581,0.10032,0.0,0.9515360845295056,0.048463915470494445,snapshot_1032.xyz,32,4000,17.09975946676697,4000,all,1032
0.0945529,0.101013,0.0,0.9360468454555353,0.06395315454446471,snapshot_1033.xyz,32,4000,17.09975946676697,4000,all,1033
0.0953189,0.100528,0.0,0.9481825958936813,0.05181740410631874,snapshot_1034.xyz,32,4000,17.09975946676697,4000,all,1034
0.0956669,0.101013,0.0,0.9470751289437993,0.052924871056200695,snapshot_1035.xyz,32,4000,17.09975946676697,4000,all,1035
0.0944833,0.100528,0.0,0.9398704838452968,0.06012951615470319,snapshot_1036.xyz,32,4000,17.09975946676697,4000,all,1036
0.0948315,0.100597,0.0,0.9426871576687177,0.05731284233128231,snapshot_1037.xyz,32,4000,17.09975946676697,4000,all,1037
0.0943439,0.100389,0.0,0.9397832431840141,0.06021675681598593,snapshot_1038.xyz,32,4000,17.09975946676697,4000,all,1038
0.0949011,0.10122,0.0,0.9375726141078838,0.06242738589211616,snapshot_1039.xyz,32,4000,17.09975946676697,4000,all,1039
0.0944833,0.10032,0.0,0.9418191786283892,0.05818082137161085,snapshot_1040.xyz,32,4000,17.09975946676697,4000,all,1040
0.0948315,0.100805,0.0,0.9407420266851843,0.05925797331481575,snapshot_1041.xyz,32,4000,17.09975946676697,4000,all,1041
0.0959452,0.0996958,0.0,0.9623795586173138,0.037620441382686165,snapshot_1042.xyz,32,4000,17.09975946676697,4000,all,1042
0.0945529,0.101151,0.0,0.9347697996065287,0.06523020039347127,snapshot_1043.xyz,32,4000,17.09975946676697,4000,all,1043
0.0950404,0.10122,0.0,0.9389488243430152,0.06105117565698481,snapshot_1044.xyz,32,4000,17.09975946676697,4000,all,1044
0.0946226,0.10129,0.0,0.9341751406851614,0.06582485931483861,snapshot_1045.xyz,32,4000,17.09975946676697,4000,all,1045
0.0951797,0.100736,0.0,0.9448429558449809,0.0551570441550191,snapshot_1046.xyz,32,4000,17.09975946676697,4000,all,1046
0.0949708,0.100458,0.0,0.9453781679906029,0.054621832009397076,snapshot_1047.xyz,32,4000,17.09975946676697,4000,all,1047
0.0955277,0.0999732,0.0,0.9555330828662081,0.04446691713379192,snapshot_1048.xyz,32,4000,17.09975946676697,4000,all,1048
0.0937167,0.100181,0.0,0.9354737924356913,0.06452620756430871,snapshot_1049.xyz,32,4000,17.09975946676697,4000,all,1049
0.0949708,0.100181,0.0,0.9479921342370309,0.05200786576296912,snapshot_1050.xyz,32,4000,17.09975946676697,4000,all,1050
0.0950404,0.100874,0.0,0.9421694391022463,0.057830560897753736,snapshot_1051.xyz,32,4000,17.09975946676697,4000,all,1051
0.0949708,0.101082,0.0,0.9395421538948575,0.06045784610514249,snapshot_1052.xyz,32,4000,17.09975946676697,4000,all,1052
0.0948315,0.0999039,0.0,0.9492272073462598,0.05077279265374024,snapshot_1053.xyz,32,4000,17.09975946676697,4000,all,1053
0.0946226,0.100389,0.0,0.9425594437637589,0.057440556236241114,snapshot_1054.xyz,32,4000,17.09975946676697,4000,all,1054
0.0959452,0.101082,0.0,0.9491818523574919,0.05081814764250814,snapshot_1055.xyz,32,4000,17.09975946676697,4000,all,1055
0.0949011,0.100736,0.0,0.9420773109911055,0.05792268900889452,snapshot_1056.xyz,32,4000,17.09975946676697,4000,all,1056
0.0941349,0.100874,0.0,0.9331928941055176,0.06680710589448235,snapshot_1057.xyz,32,4000,17.09975946676697,4000,all,1057
0.0949708,0.100805,0.0,0.9421239025841971,0.05787609741580291,snapshot_1058.xyz,32,4000,17.09975946676697,4000,all,1058
0.0950404,0.100389,0.0,0.9467212543206924,0.05327874567930757,snapshot_1059.xyz,32,4000,17.09975946676697,4000,all,1059
0.0955973,0.100805,0.0,0.9483388720797579,0.051661127920242134,snapshot_1060.xyz,32,4000,17.09975946676697,4000,all,1060
0.0952493,0.10032,0.0,0.9494547448165868,0.05054525518341324,snapshot_1061.xyz,32,4000,17.09975946676697,4000,all,1061
0.0951797,0.0999039,0.0,0.9527125567670531,0.04728744323294687,snapshot_1062.xyz,32,4000,17.09975946676697,4000,all,1062
0.0955973,0.100874,0.0,0.9476901877589864,0.05230981224101361,snapshot_1063.xyz,32,4000,17.09975946676697,4000,all,1063
0.0954581,0.10025,0.0,0.9522004987531172,0.047799501246882814,snapshot_1064.xyz,32,4000,17.09975946676697,4000,all,1064
0.0952493,0.100666,0.0,0.9461913655057317,0.053808634494268315,snapshot_1065.xyz,32,4000,17.09975946676697,4000,all,1065
0.0947619,0.0996958,0.0,0.9505104527974096,0.049489547202590356,snapshot_1066.xyz,32,4000,17.09975946676697,4000,all,1066
0.0958756,0.100666,0.0,0.9524129298869529,0.04758707011304708,snapshot_1067.xyz,32,4000,17.09975946676697,4000,all,1067
0.0946922,0.101497,0.0,0.9329556538616905,0.06704434613830945,snapshot_1068.xyz,32,4000,17.09975946676697,4000,all,1068
0.0941349,0.100805,0.0,0.9338316551758344,0.06616834482416556,snapshot_1069.xyz,32,4000,17.09975946676697,4000,all,1069
0.0950404,0.101013,0.0,0.9408729569461356,0.0591270430538644,snapshot_1070.xyz,32,4000,17.09975946676697,4000,all,1070
0.0953189,0.100528,0.0,0.9481825958936813,0.05181740410631874,snapshot_1071.xyz,32,4000,17.09975946676697,4000,all,1071
0.0945529,0.100597,0.0,0.9399176913824467,0.06008230861755326,snapshot_1072.xyz,32,4000,17.09975946676697,4000,all,1072
0.0955973,0.0999732,0.0,0.956229269444211,0.04377073055578895,snapshot_1073.xyz,32,4000,17.09975946676697,4000,all,1073
0.0952493,0.100458,0.0,0.9481504708435365,0.05184952915646346,snapshot_1074.xyz,32,4000,17.09975946676697,4000,all,1074
0.0950404,0.101013,0.0,0.9408729569461356,0.0591270430538644,snapshot_1075.xyz,32,4000,17.09975946676697,4000,all,1075
0.0958061,0.100528,0.0,0.9530290068438644,0.04697099315613562,snapshot_1076.xyz,32,4000,17.09975946676697,4000,all,1076
0.0945529,0.100805,0.0,0.9379782748871582,0.062021725112841763,snapshot_1077.xyz,32,4000,17.09975946676697,4000,all,1077
0.09511,0.101151,0.0,0.940277407044913,0.05972259295508697,snapshot_1078.xyz,32,4000,17.09975946676697,4000,all,1078
0.0957365,0.100389,0.0,0.953655280957077,0.04634471904292303,snapshot_1079.xyz,32,4000,17.09975946676697,4000,all,1079
0.0949708,0.100874,0.0,0.9414794694371195,0.058520530562880535,snapshot_1080.xyz,32,4000,17.09975946676697,4000,all,1080
0.0950404,0.100805,0.0,0.9428143445265611,0.0571856554734389,snapshot_1081.xyz,32,4000,17.09975946676697,4000,all,1081
0.0954581,0.100528,0.0,0.9495672847365908,0.0504327152634092,snapshot_1082.xyz,32,4000,17.09975946676697,4000,all,1082
0.0953885,0.100597,0.0,0.9482241021104009,0.05177589788959913,snapshot_1083.xyz,32,4000,17.09975946676697,4000,all,1083
0.09511,0.100181,0.0,0.9493816192691228,0.05061838073087721,snapshot_1084.xyz,32,4000,17.09975946676697,4000,all,1084
0.0946922,0.100528,0.0,0.9419485118573929,0.05805148814260708,snapshot_1085.xyz,32,4000,17.09975946676697,4000,all,1085
0.0955277,0.100389,0.0,0.9515753718036836,0.04842462819631643,snapshot_1086.xyz,32,4000,17.09975946676697,4000,all,1086
0.0945529,0.101567,0.0,0.930941152145874,0.06905884785412597,snapshot_1087.xyz,32,4000,17.09975946676697,4000,all,1087
0.0950404,0.100736,0.0,0.9434601334180431,0.056539866581956866,snapshot_1088.xyz,32,4000,17.09975946676697,4000,all,1088
0.0958061,0.100181,0.0,0.9563300426228526,0.043669957377147406,snapshot_1089.xyz,32,4000,17.09975946676697,4000,all,1089
0.0955277,0.101082,0.0,0.945051542312182,0.054948457687817975,snapshot_1090.xyz,32,4000,17.09975946676697,4000,all,1090
0.0959452,0.100736,0.0,0.9524420266836086,0.047557973316391444,snapshot_1091.xyz,32,4000,17.09975946676697,4000,all,1091
0.0958756,0.100597,0.0,0.9530661948169429,0.04693380518305712,snapshot_1092.xyz,32,4000,17.09975946676697,4000,all,1092
0.0945529,0.10025,0.0,0.9431710723192019,0.05682892768079806,snapshot_1093.xyz,32,4000,17.09975946676697,4000,all,1093
0.0949708,0.100597,0.0,0.9440718908118532,0.055928109188146835,snapshot_1094.xyz,32,4000,17.09975946676697,4000,all,1094
0.0946922,0.100597,0.0,0.9413024245255822,0.058697575474417785,snapshot_1095.xyz,32,4000,17.09975946676697,4000,all,1095
0.0958756,0.0994184,0.0,0.964364745359008,0.03563525464099204,snapshot_1096.xyz,32,4000,17.09975946676697,4000,all,1096
0.0954581,0.10219,0.0,0.9341236911635189,0.0658763088364811,snapshot_1097.xyz,32,4000,17.09975946676697,4000,all,1097
0.0951797,0.100805,0.0,0.9441962204255742,0.05580377957442584,snapshot_1098.xyz,32,4000,17.09975946676697,4000,all,1098
0.0950404,0.100112,0.0,0.9493407383730221,0.05065926162697787,snapshot_1099.xyz,32,4000,17.09975946676697,4000,all,1099
0.0949011,0.100874,0.0,0.940788508436267,0.059211491563732954,snapshot_1100.xyz,32,4000,17.09975946676697,4000,all,1100
0.0955277,0.10025,0.0,0.9528947630922692,0.04710523690773083,snapshot_1101.xyz,32,4000,17.09975946676697,4000,all,1101
0.0947619,0.100458,0.0,0.9432986919906826,0.056701308009317386,snapshot_1102.xyz,32,4000,17.09975946676697,4000,all,1102
0.0946922,0.100181,0.0,0.9452111677863068,0.05478883221369324,snapshot_1103.xyz,32,4000,17.09975946676697,4000,all,1103
0.0953189,0.100389,0.0,0.9494954626502903,0.05050453734970972,snapshot_1104.xyz,32,4000,17.09975946676697,4000,all,1104
0.09511,0.100805,0.0,0.9435047864689251,0.056495213531074895,snapshot_1105.xyz,32,4000,17.09975946676697,4000,all,1105
0.0952493,0.101151,0.0,0.9416545560597521,0.058345443940247876,snapshot_1106.xyz,32,4000,17.09975946676697,4000,all,1106
0.0949011,0.100112,0.0,0.9479492967875979,0.05205070321240213,snapshot_1107.xyz,32,4000,17.09975946676697,4000,all,1107
0.0946922,0.100389,0.0,0.94325274681489,0.05674725318510998,snapshot_1108.xyz,32,4000,17.09975946676697,4000,all,1108
0.0950404,0.100112,0.0,0.9493407383730221,0.05065926162697787,snapshot_1109.xyz,32,4000,17.09975946676697,4000,all,1109
0.0952493,0.100874,0.0,0.9442403394333524,0.055759660566647606,snapshot_1110.xyz,32,4000,17.09975946676697,4000,all,1110
0.0946226,0.0996265,0.0,0.94977340366268,0.05022659633731996,snapshot_1111.xyz,32,4000,17.09975946676697,4000,all,1111
0.0946226,0.101013,0.0,0.9367368556522427,0.06326314434775726,snapshot_1112.xyz,32,4000,17.09975946676697,4000,all,1112
0.0951797,0.101082,0.0,0.9416087928612413,0.05839120713875867,snapshot_1113.xyz,32,4000,17.09975946676697,4000,all,1113
0.0952493,0.100805,0.0,0.944886662367938,0.055113337632062054,snapshot_1114.xyz,32,4000,17.09975946676697,4000,all,1114
0.0950404,0.100389,0.0,0.9467212543206924,0.05327874567930757,snapshot_1115.xyz,32,4000,17.09975946676697,4000,all,1115
0.0958756,0.101013,0.0,0.9491411996475702,0.050858800352429845,snapshot_1116.xyz,32,4000,17.09975946676697,4000,all,1116
0.0946226,0.100597,0.0,0.9406105549867292,0.059389445013270814,snapshot_1117.xyz,32,4000,17.09975946676697,4000,all,1117
0.0953189,0.100458,0.0,0.9488432976965497,0.05115670230345026,snapshot_1118.xyz,32,4000,17.09975946676697,4000,all,1118
0.0949708,0.100043,0.0,0.9492998010855331,0.050700198914466865,snapshot_1119.xyz,32,4000,17.09975946676697,4000,all,1119
0.0951797,0.100181,0.0,0.950077359978439,0.04992264002156099,snapshot_1120.xyz,32,4000,17.09975946676697,4000,all,1120
0.0946922,0.100043,0.0,0.9465149985506232,0.053485001449376846,snapshot_1121.xyz,32,4000,17.09975946676697,4000,all,1121
0.0953189,0.100458,0.0,0.9488432976965497,0.05115670230345026,snapshot_1122.xyz,32,4000,17.09975946676697,4000,all,1122
0.0953885,0.100874,0.0,0.945620278763606,0.05437972123639401,snapshot_1123.xyz,32,4000,17.09975946676697,4000,all,1123
0.0951797,0.100805,0.0,0.9441962204255742,0.05580377957442584,snapshot_1124.xyz,32,4000,17.09975946676697,4000,all,1124
0.0944136,0.100666,0.0,0.9378896548983767,0.06211034510162328,snapshot_1125.xyz,32,4000,17.09975946676697,4000,all,1125
0.09511,0.100181,0.0,0.9493816192691228,0.05061838073087721,snapshot_1126.xyz,32,4000,17.09975946676697,4000,all,1126
0.0956669,0.101567,0.0,0.9419092815579863,0.058090718442013745,snapshot_1127.xyz,32,4000,17.09975946676697,4000,all,1127
0.0958756,0.100597,0.0,0.9530661948169429,0.04693380518305712,snapshot_1128.xyz,32,4000,17.09975946676697,4000,all,1128
0.0947619,0.0999039,0.0,0.9485305378468708,0.0514694621531292,snapshot_1129.xyz,32,4000,17.09975946676697,4000,all,1129
0.0956669,0.100874,0.0,0.9483801574241132,0.05161984257588681,snapshot_1130.xyz,32,4000,17.09975946676697,4000,all,1130
0.0949708,0.100458,0.0,0.9453781679906029,0.054621832009397076,snapshot_1131.xyz,32,4000,17.09975946676697,4000,all,1131
0.0944833,0.100043,0.0,0.9444268964345331,0.05557310356546685,snapshot_1132.xyz,32,4000,17.09975946676697,4000,all,1132
0.0949708,0.100874,0.0,0.9414794694371195,0.058520530562880535,snapshot_1133.xyz,32,4000,17.09975946676697,4000,all,1133
0.0950404,0.10025,0.0,0.94803391521197,0.05196608478803,snapshot_1134.xyz,32,4000,17.09975946676697,4000,all,1134
0.0947619,0.100805,0.0,0.9400515847428202,0.059948415257179755,snapshot_1135.xyz,32,4000,17.09975946676697,4000,all,1135
0.0944833,0.100874,0.0,0.9366467077740548,0.06335329222594521,snapshot_1136.xyz,32,4000,17.09975946676697,4000,all,1136
0.0953189,0.10032,0.0,0.9501485247208931,0.04985147527910694,snapshot_1137.xyz,32,4000,17.09975946676697,4000,all,1137
0.0952493,0.100528,0.0,0.9474902514722265,0.05250974852777346,snapshot_1138.xyz,32,4000,17.09975946676697,4000,all,1138
0.0948315,0.100736,0.0,0.9413863961245235,0.05861360387547654,snapshot_1139.xyz,32,4000,17.09975946676697,4000,all,1139
0.0952493,0.101013,0.0,0.942941007593082,0.05705899240691803,snapshot_1140.xyz,32,4000,17.09975946676697,4000,all,1140
0.0947619,0.100181,0.0,0.9459069084956229,0.05409309150437713,snapshot_1141.xyz,32,4000,17.09975946676697,4000,all,1141
0.0949011,0.100805,0.0,0.9414324686275483,0.05856753137245174,snapshot_1142.xyz,32,4000,17.09975946676697,4000,all,1142
0.0944833,0.10129,0.0,0.9327998815282852,0.06720011847171481,snapshot_1143.xyz,32,4000,17.09975946676697,4000,all,1143
0.0954581,0.100874,0.0,0.9463102484287329,0.0536897515712671,snapshot_1144.xyz,32,4000,17.09975946676697,4000,all,1144
0.0954581,0.100112,0.0,0.9535130653667891,0.04648693463321085,snapshot_1145.xyz,32,4000,17.09975946676697,4000,all,1145
0.0953885,0.10025,0.0,0.9515062344139651,0.04849376558603491,snapshot_1146.xyz,32,4000,17.09975946676697,4000,all,1146
0.0949011,0.100736,0.0,0.9420773109911055,0.05792268900889452,snapshot_1147.xyz,32,4000,17.09975946676697,4000,all,1147
0.0954581,0.100943,0.0,0.9456633941927622,0.05433660580723776,snapshot_1148.xyz,32,4000,17.09975946676697,4000,all,1148
0.0951797,0.100181,0.0,0.950077359978439,0.04992264002156099,snapshot_1149.xyz,32,4000,17.09975946676697,4000,all,1149
0.0949708,0.100181,0.0,0.9479921342370309,0.05200786576296912,snapshot_1150.xyz,32,4000,17.09975946676697,4000,all,1150
0.0951797,0.100805,0.0,0.9441962204255742,0.05580377957442584,snapshot_1151.xyz,32,4000,17.09975946676697,4000,all,1151
0.0950404,0.10032,0.0,0.9473724082934608,0.05262759170653919,snapshot_1152.xyz,32,4000,17.09975946676697,4000,all,1152
0.0965712,0.100458,0.0,0.9613092038463835,0.03869079615361648,snapshot_1153.xyz,32,4000,17.09975946676697,4000,all,1153
0.0952493,0.100458,0.0,0.9481504708435365,0.05184952915646346,snapshot_1154.xyz,32,4000,17.09975946676697,4000,all,1154
0.0943439,0.100528,0.0,0.9384838055069233,0.06151619449307666,snapshot_1155.xyz,32,4000,17.09975946676697,4000,all,1155
0.0950404,0.100597,0.0,0.9447637603507062,0.055236239649293806,snapshot_1156.xyz,32,4000,17.09975946676697,4000,all,1156
0.0947619,0.100597,0.0,0.9419952881298647,0.05800471187013534,snapshot_1157.xyz,32,4000,17.09975946676697,4000,all,1157
0.0953885,0.100043,0.0,0.9534750057475285,0.046524994252471474,snapshot_1158.xyz,32,4000,17.09975946676697,4000,all,1158
0.0954581,0.0999732,0.0,0.9548368962882053,0.04516310371179466,snapshot_1159.xyz,32,4000,17.09975946676697,4000,all,1159
0.0957365,0.100528,0.0,0.9523366624224097,0.04766333757759034,snapshot_1160.xyz,32,4000,17.09975946676697,4000,all,1160
0.0953189,0.100112,0.0,0.9521226226626178,0.047877377337382176,snapshot_1161.xyz,32,4000,17.09975946676697,4000,all,1161
0.0944136,0.100736,0.0,0.9372379288437103,0.06276207115628973,snapshot_1162.xyz,32,4000,17.09975946676697,4000,all,1162
0.0944136,0.100181,0.0,0.9424302013355825,0.05756979866441747,snapshot_1163.xyz,32,4000,17.09975946676697,4000,all,1163
0.0949708,0.100736,0.0,0.9427692185514611,0.05723078144853888,snapshot_1164.xyz,32,4000,17.09975946676697,4000,all,1164
0.0957365,0.100943,0.0,0.948421386326937,0.051578613673063045,snapshot_1165.xyz,32,4000,17.09975946676697,4000,all,1165
0.0953885,0.101013,0.0,0.9443190480433211,0.05568095195667888,snapshot_1166.xyz,32,4000,17.09975946676697,4000,all,1166
0.0958061,0.0999732,0.0,0.9583178291782198,0.04168217082178016,snapshot_1167.xyz,32,4000,17.09975946676697,4000,all,1167
0.0958756,0.100597,0.0,0.9530661948169429,0.04693380518305712,snapshot_1168.xyz,32,4000,17.09975946676697,4000,all,1168
0.0950404,0.100597,0.0,0.9447637603507062,0.055236239649293806,snapshot_1169.xyz,32,4000,17.09975946676697,4000,all,1169
0.0953189,0.100736,0.0,0.9462247855781448,0.05377521442185518,snapshot_1170.xyz,32,4000,17.09975946676697,4000,all,1170
0.0944136,0.100528,0.0,0.9391771446761101,0.06082285532388987,snapshot_1171.xyz,32,4000,17.09975946676697,4000,all,1171
0.0947619,0.100666,0.0,0.9413496115868316,0.058650388413168386,snapshot_1172.xyz,32,4000,17.09975946676697,4000,all,1172
0.0959452,0.100389,0.0,0.9557341939853967,0.04426580601460328,snapshot_1173.xyz,32,4000,17.09975946676697,4000,all,1173
0.0955973,0.100389,0.0,0.9522686748548147,0.0477313251451853,snapshot_1174.xyz,32,4000,17.09975946676697,4000,all,1174
0.0949011,0.100666,0.0,0.942732402201339,0.057267597798660974,snapshot_1175.xyz,32,4000,17.09975946676697,4000,all,1175
0.09511,0.100805,0.0,0.9435047864689251,0.056495213531074895,snapshot_1176.xyz,32,4000,17.09975946676697,4000,all,1176
0.0951797,0.100597,0.0,0.9461484934938418,0.05385150650615822,snapshot_1177.xyz,32,4000,17.09975946676697,4000,all,1177
0.0955277,0.100112,0.0,0.9542082867188747,0.0457917132811253,snapshot_1178.xyz,32,4000,17.09975946676697,4000,all,1178
0.0953189,0.100597,0.0,0.9475322325715478,0.05246776742845216,snapshot_1179.xyz,32,4000,17.09975946676697,4000,all,1179
0.0953885,0.100874,0.0,0.945620278763606,0.05437972123639401,snapshot_1180.xyz,32,4000,17.09975946676697,4000,all,1180
0.0954581,0.100181,0.0,0.9528563300426228,0.04714366995737718,snapshot_1181.xyz,32,4000,17.09975946676697,4000,all,1181
0.0948315,0.0997652,0.0,0.9505468840838288,0.049453115916171186,snapshot_1182.xyz,32,4000,17.09975946676697,4000,all,1182
0.0949011,0.100597,0.0,0.9433790272075707,0.05662097279242928,snapshot_1183.xyz,32,4000,17.09975946676697,4000,all,1183
0.0945529,0.100528,0.0,0.9405628282667514,0.059437171733248584,snapshot_1184.xyz,32,4000,17.09975946676697,4000,all,1184
0.0942742,0.100736,0.0,0.9358541137229986,0.06414588627700135,snapshot_1185.xyz,32,4000,17.09975946676697,4000,all,1185
0.0942742,0.10032,0.0,0.9397348484848485,0.06026515151515155,snapshot_1186.xyz,32,4000,17.09975946676697,4000,all,1186
0.0951797,0.100736,0.0,0.9448429558449809,0.0551570441550191,snapshot_1187.xyz,32,4000,17.09975946676697,4000,all,1187
0.0955277,0.100874,0.0,0.9470002180938596,0.05299978190614041,snapshot_1188.xyz,32,4000,17.09975946676697,4000,all,1188
0.0945529,0.101082,0.0,0.9354078866662708,0.06459211333372916,snapshot_1189.xyz,32,4000,17.09975946676697,4000,all,1189
0.0951797,0.101082,0.0,0.9416087928612413,0.05839120713875867,snapshot_1190.xyz,32,4000,17.09975946676697,4000,all,1190
0.0953189,0.101082,0.0,0.9429858926416176,0.057014107358382415,snapshot_1191.xyz,32,4000,17.09975946676697,4000,all,1191
0.0964321,0.100943,0.0,0.9553124040299972,0.044687595970002825,snapshot_1192.xyz,32,4000,17.09975946676697,4000,all,1192
0.0955277,0.100112,0.0,0.9542082867188747,0.0457917132811253,snapshot_1193.xyz,32,4000,17.09975946676697,4000,all,1193
0.0954581,0.10032,0.0,0.9515360845295056,0.048463915470494445,snapshot_1194.xyz,32,4000,17.09975946676697,4000,all,1194
0.0953885,0.100389,0.0,0.9501887657014214,0.04981123429857859,snapshot_1195.xyz,32,4000,17.09975946676697,4000,all,1195
0.0949708,0.100458,0.0,0.9453781679906029,0.054621832009397076,snapshot_1196.xyz,32,4000,17.09975946676697,4000,all,1196
0.0954581,0.100528,0.0,0.9495672847365908,0.0504327152634092,snapshot_1197.xyz,32,4000,17.09975946676697,4000,all,1197
0.0951797,0.100112,0.0,0.9507321799584465,0.0492678200415535,snapshot_1198.xyz,32,4000,17.09975946676697,4000,all,1198
0.0947619,0.100389,0.0,0.9439470459910946,0.05605295400890542,snapshot_1199.xyz,32,4000,17.09975946676697,4000,all,1199
0.0959452,0.100874,0.0,0.9511390447488945,0.04886095525110545,snapshot_1200.xyz,32,4000,17.09975946676697,4000,all,1200
0.0949708,0.100389,0.0,0.9460279512695613,0.053972048730438704,snapshot_1201.xyz,32,4000,17.09975946676697,4000,all,1201
