cid,cid_shuffled,cid_shuffled_std,cid_normalized,compression_gain,snapshot,nbins,n_particles_total,box_length,n_particles_filtered,atom_types,snapshot_num
0.0684454,0.100666,0.0,0.6799256948721515,0.3200743051278485,snapshot_1.xyz,32,4000,16.757672110741936,4000,all,1
0.0652182,0.0957365,0.0,0.6812260736500708,0.3187739263499292,snapshot_2.xyz,32,4000,16.757672110741936,4000,all,2
0.06608,0.0965712,0.0,0.6842619745845553,0.3157380254154447,snapshot_3.xyz,32,4000,16.757672110741936,4000,all,3
0.0651463,0.096293,0.0,0.67654242779849,0.32345757220150995,snapshot_4.xyz,32,4000,16.757672110741936,4000,all,4
0.0673711,0.0965016,0.0,0.698134538701949,0.30186546129805103,snapshot_5.xyz,32,4000,16.757672110741936,4000,all,5
0.0661518,0.0958756,0.0,0.6899753430487006,0.31002465695129944,snapshot_6.xyz,32,4000,16.757672110741936,4000,all,6
0.06608,0.0961539,0.0,0.6872316151502955,0.3127683848497045,snapshot_7.xyz,32,4000,16.757672110741936,4000,all,7
0.0662236,0.0958061,0.0,0.6912252977628772,0.3087747022371228,snapshot_8.xyz,32,4000,16.757672110741936,4000,all,8
0.066941,0.0967797,0.0,0.6916843098294374,0.3083156901705626,snapshot_9.xyz,32,4000,16.757672110741936,4000,all,9
0.06608,0.0958756,0.0,0.6892264559491674,0.3107735440508326,snapshot_10.xyz,32,4000,16.757672110741936,4000,all,10
0.0665106,0.0976137,0.0,0.6813654230912259,0.31863457690877406,snapshot_11.xyz,32,4000,16.757672110741936,4000,all,11
0.0664389,0.0966407,0.0,0.6874836378461663,0.3125163621538337,snapshot_12.xyz,32,4000,16.757672110741936,4000,all,12
0.0674428,0.0971968,0.0,0.6938788108250478,0.30612118917495224,snapshot_13.xyz,32,4000,16.757672110741936,4000,all,13
0.0663671,0.0967797,0.0,0.6857543472443085,0.3142456527556915,snapshot_14.xyz,32,4000,16.757672110741936,4000,all,14
0.0667258,0.0971273,0.0,0.6869932552433765,0.3130067447566235,snapshot_15.xyz,32,4000,16.757672110741936,4000,all,15
0.0651463,0.0961539,0.0,0.6775211405881613,0.32247885941183874,snapshot_16.xyz,32,4000,16.757672110741936,4000,all,16
0.0662954,0.0965712,0.0,0.6864924532365758,0.3135075467634242,snapshot_17.xyz,32,4000,16.757672110741936,4000,all,17
0.0663671,0.0970578,0.0,0.6837894532948408,0.31621054670515925,snapshot_18.xyz,32,4000,16.757672110741936,4000,all,18
0.0666541,0.0971273,0.0,0.6862550487864895,0.31374495121351054,snapshot_19.xyz,32,4000,16.757672110741936,4000,all,19
0.0660083,0.0971273,0.0,0.6796060427912647,0.3203939572087353,snapshot_20.xyz,32,4000,16.757672110741936,4000,all,20
0.0658647,0.0965712,0.0,0.6820325314379443,0.3179674685620557,snapshot_21.xyz,32,4000,16.757672110741936,4000,all,21
0.06608,0.0973358,0.0,0.6788869049209026,0.32111309507909735,snapshot_22.xyz,32,4000,16.757672110741936,4000,all,22
0.0670127,0.0963626,0.0,0.6954222903906702,0.30457770960932984,snapshot_23.xyz,32,4000,16.757672110741936,4000,all,23
0.064715,0.0955277,0.0,0.6774474838188295,0.32255251618117053,snapshot_24.xyz,32,4000,16.757672110741936,4000,all,24
0.0670844,0.0966407,0.0,0.6941630182728395,0.30583698172716045,snapshot_25.xyz,32,4000,16.757672110741936,4000,all,25
0.0666541,0.0963626,0.0,0.6917009296137712,0.30829907038622884,snapshot_26.xyz,32,4000,16.757672110741936,4000,all,26
0.06608,0.0958756,0.0,0.6892264559491674,0.3107735440508326,snapshot_27.xyz,32,4000,16.757672110741936,4000,all,27
0.0658647,0.0955277,0.0,0.6894827364209544,0.31051726357904563,snapshot_28.xyz,32,4000,16.757672110741936,4000,all,28
0.0653619,0.0963626,0.0,0.6782911627540145,0.32170883724598553,snapshot_29.xyz,32,4000,16.757672110741936,4000,all,29
0.0665824,0.0968493,0.0,0.6874845765534702,0.3125154234465298,snapshot_30.xyz,32,4000,16.757672110741936,4000,all,30
0.0652182,0.0966407,0.0,0.6748523137767007,0.32514768622329926,snapshot_31.xyz,32,4000,16.757672110741936,4000,all,31
0.0668693,0.0964321,0.0,0.6934340328583533,0.30656596714164674,snapshot_32.xyz,32,4000,16.757672110741936,4000,all,32
0.065721,0.096293,0.0,0.6825106705575691,0.3174893294424309,snapshot_33.xyz,32,4000,16.757672110741936,4000,all,33
0.0659365,0.0957365,0.0,0.6887289591744005,0.31127104082559953,snapshot_34.xyz,32,4000,16.757672110741936,4000,all,34
0.0649307,0.0966407,0.0,0.6718773767160213,0.3281226232839787,snapshot_35.xyz,32,4000,16.757672110741936,4000,all,35
0.065721,0.0960843,0.0,0.6839931185427797,0.31600688145722033,snapshot_36.xyz,32,4000,16.757672110741936,4000,all,36
0.0659365,0.0965016,0.0,0.6832684639425667,0.3167315360574333,snapshot_37.xyz,32,4000,16.757672110741936,4000,all,37
0.0667976,0.0967797,0.0,0.6902025941390602,0.30979740586093985,snapshot_38.xyz,32,4000,16.757672110741936,4000,all,38
0.0659365,0.0971273,0.0,0.6788668067577293,0.32113319324227074,snapshot_39.xyz,32,4000,16.757672110741936,4000,all,39
0.0656492,0.096293,0.0,0.6817650296490919,0.3182349703509081,snapshot_40.xyz,32,4000,16.757672110741936,4000,all,40
0.06608,0.0959452,0.0,0.6887264813664468,0.31127351863355324,snapshot_41.xyz,32,4000,16.757672110741936,4000,all,41
0.0652182,0.0963626,0.0,0.6767999203010296,0.32320007969897036,snapshot_42.xyz,32,4000,16.757672110741936,4000,all,42
0.0657929,0.0967102,0.0,0.6803098328821573,0.3196901671178427,snapshot_43.xyz,32,4000,16.757672110741936,4000,all,43
0.0661518,0.0961539,0.0,0.6879783347321325,0.31202166526786745,snapshot_44.xyz,32,4000,16.757672110741936,4000,all,44
0.0663671,0.0965016,0.0,0.6877305661253285,0.31226943387467154,snapshot_45.xyz,32,4000,16.757672110741936,4000,all,45
0.0657929,0.0964321,0.0,0.6822717746476537,0.31772822535234635,snapshot_46.xyz,32,4000,16.757672110741936,4000,all,46
0.0655056,0.0970578,0.0,0.6749132990856994,0.3250867009143006,snapshot_47.xyz,32,4000,16.757672110741936,4000,all,47
0.0656492,0.0967102,0.0,0.6788239503175467,0.3211760496824533,snapshot_48.xyz,32,4000,16.757672110741936,4000,all,48
0.0654337,0.0978915,0.0,0.66843086478397,0.33156913521603004,snapshot_49.xyz,32,4000,16.757672110741936,4000,all,49
0.0649307,0.096293,0.0,0.6743034280788841,0.3256965719211159,snapshot_50.xyz,32,4000,16.757672110741936,4000,all,50
0.0661518,0.0958756,0.0,0.6899753430487006,0.31002465695129944,snapshot_51.xyz,32,4000,16.757672110741936,4000,all,51
0.0658647,0.0955277,0.0,0.6894827364209544,0.31051726357904563,snapshot_52.xyz,32,4000,16.757672110741936,4000,all,52
0.0653619,0.0968493,0.0,0.6748825236733771,0.3251174763266229,snapshot_53.xyz,32,4000,16.757672110741936,4000,all,53
0.0671561,0.0964321,0.0,0.6964081462500556,0.30359185374994435,snapshot_54.xyz,32,4000,16.757672110741936,4000,all,54
0.0670844,0.0962235,0.0,0.6971727280757819,0.3028272719242181,snapshot_55.xyz,32,4000,16.757672110741936,4000,all,55
0.0672278,0.0967102,0.0,0.695146944169281,0.304853055830719,snapshot_56.xyz,32,4000,16.757672110741936,4000,all,56
0.06608,0.0965712,0.0,0.6842619745845553,0.3157380254154447,snapshot_57.xyz,32,4000,16.757672110741936,4000,all,57
0.0655056,0.0965016,0.0,0.678803253003059,0.321196746996941,snapshot_58.xyz,32,4000,16.757672110741936,4000,all,58
0.065721,0.0973358,0.0,0.6751986422261902,0.3248013577738098,snapshot_59.xyz,32,4000,16.757672110741936,4000,all,59
0.0670127,0.0974747,0.0,0.6874881379475904,0.31251186205240955,snapshot_60.xyz,32,4000,16.757672110741936,4000,all,60
0.06529,0.0959452,0.0,0.6804926145341299,0.3195073854658701,snapshot_61.xyz,32,4000,16.757672110741936,4000,all,61
0.0664389,0.0956669,0.0,0.6944815814038083,0.30551841859619167,snapshot_62.xyz,32,4000,16.757672110741936,4000,all,62
0.0667976,0.0965712,0.0,0.6916927614029856,0.30830723859701437,snapshot_63.xyz,32,4000,16.757672110741936,4000,all,63
0.0667258,0.0967797,0.0,0.6894607030193316,0.3105392969806684,snapshot_64.xyz,32,4000,16.757672110741936,4000,all,64
0.0667258,0.0967797,0.0,0.6894607030193316,0.3105392969806684,snapshot_65.xyz,32,4000,16.757672110741936,4000,all,65
0.0658647,0.0976137,0.0,0.6747485240289017,0.32525147597109827,snapshot_66.xyz,32,4000,16.757672110741936,4000,all,66
0.0661518,0.0969188,0.0,0.6825486902437917,0.3174513097562083,snapshot_67.xyz,32,4000,16.757672110741936,4000,all,67
0.065721,0.0958756,0.0,0.6854820204515018,0.31451797954849825,snapshot_68.xyz,32,4000,16.757672110741936,4000,all,68
0.0658647,0.0962235,0.0,0.6844970303512136,0.31550296964878644,snapshot_69.xyz,32,4000,16.757672110741936,4000,all,69
0.0652182,0.0965712,0.0,0.6753379889656544,0.32466201103434555,snapshot_70.xyz,32,4000,16.757672110741936,4000,all,70
0.0666541,0.0961539,0.0,0.6932022518067389,0.3067977481932611,snapshot_71.xyz,32,4000,16.757672110741936,4000,all,71
0.0656492,0.0960148,0.0,0.6837404233514001,0.31625957664859994,snapshot_72.xyz,32,4000,16.757672110741936,4000,all,72
0.0667258,0.0970578,0.0,0.6874851892377531,0.31251481076224685,snapshot_73.xyz,32,4000,16.757672110741936,4000,all,73
0.0668693,0.0963626,0.0,0.6939341611787145,0.30606583882128546,snapshot_74.xyz,32,4000,16.757672110741936,4000,all,74
0.0664389,0.0966407,0.0,0.6874836378461663,0.3125163621538337,snapshot_75.xyz,32,4000,16.757672110741936,4000,all,75
0.0665106,0.0969883,0.0,0.6857590039210916,0.31424099607890843,snapshot_76.xyz,32,4000,16.757672110741936,4000,all,76
0.0652182,0.0964321,0.0,0.6763121408742524,0.3236878591257476,snapshot_77.xyz,32,4000,16.757672110741936,4000,all,77
0.0673711,0.0965712,0.0,0.6976313849263549,0.3023686150736451,snapshot_78.xyz,32,4000,16.757672110741936,4000,all,78
0.0671561,0.0964321,0.0,0.6964081462500556,0.30359185374994435,snapshot_79.xyz,32,4000,16.757672110741936,4000,all,79
0.0655056,0.0965712,0.0,0.6783140315125006,0.3216859684874994,snapshot_80.xyz,32,4000,16.757672110741936,4000,all,80
0.0652182,0.0962235,0.0,0.6777782974013624,0.3222217025986376,snapshot_81.xyz,32,4000,16.757672110741936,4000,all,81
0.0659365,0.0967797,0.0,0.6813050670750167,0.3186949329249833,snapshot_82.xyz,32,4000,16.757672110741936,4000,all,82
0.0652182,0.096293,0.0,0.6772891072040543,0.32271089279594567,snapshot_83.xyz,32,4000,16.757672110741936,4000,all,83
0.0668693,0.096293,0.0,0.69443573260777,0.30556426739222997,snapshot_84.xyz,32,4000,16.757672110741936,4000,all,84
0.0658647,0.0968493,0.0,0.6800740944952622,0.31992590550473776,snapshot_85.xyz,32,4000,16.757672110741936,4000,all,85
0.0655774,0.0971968,0.0,0.6746868209652992,0.3253131790347008,snapshot_86.xyz,32,4000,16.757672110741936,4000,all,86
0.0661518,0.0969188,0.0,0.6825486902437917,0.3174513097562083,snapshot_87.xyz,32,4000,16.757672110741936,4000,all,87
0.065721,0.0965712,0.0,0.6805445101645211,0.3194554898354789,snapshot_88.xyz,32,4000,16.757672110741936,4000,all,88
0.06529,0.0955277,0.0,0.6834666803450727,0.31653331965492726,snapshot_89.xyz,32,4000,16.757672110741936,4000,all,89
0.0662954,0.0962235,0.0,0.6889730679096063,0.31102693209039367,snapshot_90.xyz,32,4000,16.757672110741936,4000,all,90
0.0672278,0.0967797,0.0,0.6946477412101919,0.3053522587898081,snapshot_91.xyz,32,4000,16.757672110741936,4000,all,91
0.0665106,0.0965016,0.0,0.6892175881021662,0.31078241189783384,snapshot_92.xyz,32,4000,16.757672110741936,4000,all,92
0.0668693,0.0967797,0.0,0.6909434519842489,0.3090565480157511,snapshot_93.xyz,32,4000,16.757672110741936,4000,all,93
0.0668693,0.0973358,0.0,0.6869959459931495,0.3130040540068505,snapshot_94.xyz,32,4000,16.757672110741936,4000,all,94
0.0664389,0.0973358,0.0,0.682574140244391,0.317425859755609,snapshot_95.xyz,32,4000,16.757672110741936,4000,all,95
0.06529,0.0967797,0.0,0.6746249471738391,0.32537505282616086,snapshot_96.xyz,32,4000,16.757672110741936,4000,all,96
0.0665824,0.0963626,0.0,0.6909568650077934,0.3090431349922066,snapshot_97.xyz,32,4000,16.757672110741936,4000,all,97
0.0653619,0.0958756,0.0,0.6817365419355915,0.3182634580644085,snapshot_98.xyz,32,4000,16.757672110741936,4000,all,98
0.0653619,0.0958756,0.0,0.6817365419355915,0.3182634580644085,snapshot_99.xyz,32,4000,16.757672110741936,4000,all,99
0.0662236,0.0967797,0.0,0.6842715982793912,0.3157284017206088,snapshot_100.xyz,32,4000,16.757672110741936,4000,all,100
0.066941,0.0964321,0.0,0.6941775612062788,0.3058224387937212,snapshot_101.xyz,32,4000,16.757672110741936,4000,all,101
0.0651463,0.0953885,0.0,0.682957589227213,0.31704241077278705,snapshot_102.xyz,32,4000,16.757672110741936,4000,all,102
0.0672994,0.0965712,0.0,0.6968889275477574,0.30311107245224256,snapshot_103.xyz,32,4000,16.757672110741936,4000,all,103
0.0647869,0.0952493,0.0,0.6801824265375178,0.3198175734624822,snapshot_104.xyz,32,4000,16.757672110741936,4000,all,104
0.0655774,0.0960843,0.0,0.6824985975856617,0.31750140241433833,snapshot_105.xyz,32,4000,16.757672110741936,4000,all,105
0.0662236,0.0959452,0.0,0.6902231690590045,0.3097768309409955,snapshot_106.xyz,32,4000,16.757672110741936,4000,all,106
0.0665106,0.0968493,0.0,0.6867432185880539,0.31325678141194613,snapshot_107.xyz,32,4000,16.757672110741936,4000,all,107
0.0668693,0.0968493,0.0,0.69044691081918,0.30955308918082003,snapshot_108.xyz,32,4000,16.757672110741936,4000,all,108
0.0670844,0.0974052,0.0,0.6887147708746556,0.3112852291253444,snapshot_109.xyz,32,4000,16.757672110741936,4000,all,109
0.0671561,0.0968493,0.0,0.6934082125529043,0.3065917874470957,snapshot_110.xyz,32,4000,16.757672110741936,4000,all,110
0.0671561,0.0978915,0.0,0.6860258551559634,0.31397414484403663,snapshot_111.xyz,32,4000,16.757672110741936,4000,all,111
0.0655774,0.0963626,0.0,0.6805275075599868,0.3194724924400132,snapshot_112.xyz,32,4000,16.757672110741936,4000,all,112
0.0650744,0.0971968,0.0,0.6695117534733654,0.33048824652663455,snapshot_113.xyz,32,4000,16.757672110741936,4000,all,113
0.0655056,0.096293,0.0,0.6802737478321372,0.31972625216786277,snapshot_114.xyz,32,4000,16.757672110741936,4000,all,114
0.0667976,0.0966407,0.0,0.6911953245371775,0.30880467546282253,snapshot_115.xyz,32,4000,16.757672110741936,4000,all,115
0.0672278,0.0985164,0.0,0.6824021178199772,0.31759788218002283,snapshot_116.xyz,32,4000,16.757672110741936,4000,all,116
0.0673711,0.0980304,0.0,0.6872470172517913,0.31275298274820873,snapshot_117.xyz,32,4000,16.757672110741936,4000,all,117
0.0685886,0.0994878,0.0,0.689417194872135,0.31058280512786496,snapshot_118.xyz,32,4000,16.757672110741936,4000,all,118
0.0670127,0.0983082,0.0,0.6816593122445533,0.31834068775544666,snapshot_119.xyz,32,4000,16.757672110741936,4000,all,119
0.0685886,0.0994878,0.0,0.689417194872135,0.31058280512786496,snapshot_120.xyz,32,4000,16.757672110741936,4000,all,120
0.0680159,0.0981693,0.0,0.6928428745035363,0.3071571254964637,snapshot_121.xyz,32,4000,16.757672110741936,4000,all,121
0.0678726,0.0990716,0.0,0.6850863415953715,0.3149136584046285,snapshot_122.xyz,32,4000,16.757672110741936,4000,all,122
0.0698042,0.100528,0.0,0.6943756963234123,0.30562430367658766,snapshot_123.xyz,32,4000,16.757672110741936,4000,all,123
0.0678726,0.0980999,0.0,0.6918722649054688,0.3081277350945312,snapshot_124.xyz,32,4000,16.757672110741936,4000,all,124
0.0692324,0.0995572,0.0,0.6954032455713901,0.3045967544286099,snapshot_125.xyz,32,4000,16.757672110741936,4000,all,125
0.0680875,0.100458,0.0,0.6777708096916123,0.3222291903083877,snapshot_126.xyz,32,4000,16.757672110741936,4000,all,126
0.0682307,0.099141,0.0,0.6882187994875985,0.31178120051240155,snapshot_127.xyz,32,4000,16.757672110741936,4000,all,127
0.0672994,0.0983776,0.0,0.6840927202940507,0.31590727970594934,snapshot_128.xyz,32,4000,16.757672110741936,4000,all,128
0.0693039,0.100666,0.0,0.6884538970456757,0.3115461029543243,snapshot_129.xyz,32,4000,16.757672110741936,4000,all,129
0.0690894,0.100389,0.0,0.6882168365059916,0.31178316349400836,snapshot_130.xyz,32,4000,16.757672110741936,4000,all,130
0.0676577,0.0990022,0.0,0.6833959245350103,0.3166040754649897,snapshot_131.xyz,32,4000,16.757672110741936,4000,all,131
0.067801,0.0980304,0.0,0.6916323915846513,0.3083676084153487,snapshot_132.xyz,32,4000,16.757672110741936,4000,all,132
0.0697328,0.101151,0.0,0.6893930855849175,0.3106069144150825,snapshot_133.xyz,32,4000,16.757672110741936,4000,all,133
0.0688748,0.100112,0.0,0.6879774652389323,0.31202253476106767,snapshot_134.xyz,32,4000,16.757672110741936,4000,all,134
0.0694469,0.0982387,0.0,0.7069199816365649,0.2930800183634351,snapshot_135.xyz,32,4000,16.757672110741936,4000,all,135
0.0680875,0.0978221,0.0,0.696033922804765,0.30396607719523505,snapshot_136.xyz,32,4000,16.757672110741936,4000,all,136
0.0689463,0.0995572,0.0,0.6925295207177382,0.3074704792822618,snapshot_137.xyz,32,4000,16.757672110741936,4000,all,137
0.0675861,0.0985164,0.0,0.686039075727493,0.313960924272507,snapshot_138.xyz,32,4000,16.757672110741936,4000,all,138
0.0688032,0.0990716,0.0,0.6944795481247905,0.3055204518752095,snapshot_139.xyz,32,4000,16.757672110741936,4000,all,139
0.0678726,0.0988634,0.0,0.686529089632766,0.31347091036723396,snapshot_140.xyz,32,4000,16.757672110741936,4000,all,140
0.0697328,0.100043,0.0,0.6970282778405285,0.30297172215947155,snapshot_141.xyz,32,4000,16.757672110741936,4000,all,141
0.0706613,0.101013,0.0,0.6995267935810241,0.3004732064189759,snapshot_142.xyz,32,4000,16.757672110741936,4000,all,142
0.0699471,0.0980999,0.0,0.7130190754526763,0.2869809245473237,snapshot_143.xyz,32,4000,16.757672110741936,4000,all,143
0.0704471,0.0988634,0.0,0.7125700714318949,0.2874299285681051,snapshot_144.xyz,32,4000,16.757672110741936,4000,all,144
0.0692324,0.0985858,0.0,0.7022552943730233,0.29774470562697675,snapshot_145.xyz,32,4000,16.757672110741936,4000,all,145
0.0702329,0.0992103,0.0,0.7079194398162287,0.29208056018377127,snapshot_146.xyz,32,4000,16.757672110741936,4000,all,146
0.0681591,0.0990716,0.0,0.6879781895114241,0.3120218104885759,snapshot_147.xyz,32,4000,16.757672110741936,4000,all,147
0.0694469,0.0990022,0.0,0.7014682502005006,0.29853174979949937,snapshot_148.xyz,32,4000,16.757672110741936,4000,all,148
0.0694469,0.0990716,0.0,0.7009768692541557,0.2990231307458443,snapshot_149.xyz,32,4000,16.757672110741936,4000,all,149
0.0704471,0.0983776,0.0,0.7160888250983964,0.28391117490160356,snapshot_150.xyz,32,4000,16.757672110741936,4000,all,150
0.0698042,0.098794,0.0,0.7065631516083972,0.2934368483916028,snapshot_151.xyz,32,4000,16.757672110741936,4000,all,151
0.0701615,0.0990022,0.0,0.7086862716182065,0.2913137283817935,snapshot_152.xyz,32,4000,16.757672110741936,4000,all,152
0.0701615,0.0988634,0.0,0.7096812369390493,0.2903187630609507,snapshot_153.xyz,32,4000,16.757672110741936,4000,all,153
0.0688032,0.0987246,0.0,0.6969205243677867,0.30307947563221327,snapshot_154.xyz,32,4000,16.757672110741936,4000,all,154
0.0715888,0.100943,0.0,0.7092002417205748,0.29079975827942517,snapshot_155.xyz,32,4000,16.757672110741936,4000,all,155
0.0700186,0.0990022,0.0,0.7072428693503781,0.29275713064962194,snapshot_156.xyz,32,4000,16.757672110741936,4000,all,156
0.0705899,0.0990716,0.0,0.7125139797883551,0.28748602021164493,snapshot_157.xyz,32,4000,16.757672110741936,4000,all,157
0.0717314,0.10122,0.0,0.7086682473819403,0.29133175261805966,snapshot_158.xyz,32,4000,16.757672110741936,4000,all,158
0.0711609,0.0999039,0.0,0.7122935140670184,0.28770648593298165,snapshot_159.xyz,32,4000,16.757672110741936,4000,all,159
0.0720878,0.10032,0.0,0.718578548644338,0.281421451355662,snapshot_160.xyz,32,4000,16.757672110741936,4000,all,160
0.0723016,0.0994878,0.0,0.7267383538484115,0.27326164615158854,snapshot_161.xyz,32,4000,16.757672110741936,4000,all,161
0.0699471,0.0987246,0.0,0.7085073021313837,0.2914926978686163,snapshot_162.xyz,32,4000,16.757672110741936,4000,all,162
0.0720878,0.100389,0.0,0.7180846507087428,0.28191534929125717,snapshot_163.xyz,32,4000,16.757672110741936,4000,all,163
0.0710895,0.0992797,0.0,0.7160527277983314,0.2839472722016686,snapshot_164.xyz,32,4000,16.757672110741936,4000,all,164
0.0718027,0.0999039,0.0,0.7187176876978776,0.2812823123021224,snapshot_165.xyz,32,4000,16.757672110741936,4000,all,165
0.0725866,0.100043,0.0,0.7255540117749367,0.2744459882250633,snapshot_166.xyz,32,4000,16.757672110741936,4000,all,166
0.0725153,0.100943,0.0,0.7183786889630782,0.2816213110369218,snapshot_167.xyz,32,4000,16.757672110741936,4000,all,167
0.0714462,0.100597,0.0,0.710221974810382,0.28977802518961804,snapshot_168.xyz,32,4000,16.757672110741936,4000,all,168
0.0718027,0.098794,0.0,0.726792112881349,0.27320788711865096,snapshot_169.xyz,32,4000,16.757672110741936,4000,all,169
0.0713749,0.098794,0.0,0.7224618903982023,0.2775381096017977,snapshot_170.xyz,32,4000,16.757672110741936,4000,all,170
0.0728714,0.0985164,0.0,0.7396880113361837,0.26031198866381633,snapshot_171.xyz,32,4000,16.757672110741936,4000,all,171
0.0710895,0.099141,0.0,0.7170544981390141,0.2829455018609859,snapshot_172.xyz,32,4000,16.757672110741936,4000,all,172
0.0734409,0.0992103,0.0,0.7402547920931597,0.2597452079068403,snapshot_173.xyz,32,4000,16.757672110741936,4000,all,173
0.0722304,0.100043,0.0,0.721993542776606,0.278006457223394,snapshot_174.xyz,32,4000,16.757672110741936,4000,all,174
0.0725153,0.100389,0.0,0.7223430853978026,0.27765691460219744,snapshot_175.xyz,32,4000,16.757672110741936,4000,all,175
0.0738677,0.10025,0.0,0.7368349127182043,0.26316508728179566,snapshot_176.xyz,32,4000,16.757672110741936,4000,all,176
0.0726578,0.0998345,0.0,0.7277824800044072,0.27221751999559285,snapshot_177.xyz,32,4000,16.757672110741936,4000,all,177
0.0730138,0.0990716,0.0,0.7369801234662609,0.26301987653373915,snapshot_178.xyz,32,4000,16.757672110741936,4000,all,178
0.0715888,0.098794,0.0,0.7246270016397756,0.27537299836022444,snapshot_179.xyz,32,4000,16.757672110741936,4000,all,179
0.0737966,0.100458,0.0,0.7346015250154293,0.2653984749845707,snapshot_180.xyz,32,4000,16.757672110741936,4000,all,180
0.0747208,0.0997652,0.0,0.7489665735146124,0.2510334264853876,snapshot_181.xyz,32,4000,16.757672110741936,4000,all,181
0.0732985,0.0996265,0.0,0.7357329626153684,0.26426703738463164,snapshot_182.xyz,32,4000,16.757672110741936,4000,all,182
0.074081,0.098794,0.0,0.7498532299532359,0.2501467700467641,snapshot_183.xyz,32,4000,16.757672110741936,4000,all,183
0.0743654,0.100181,0.0,0.7423104181431608,0.2576895818568392,snapshot_184.xyz,32,4000,16.757672110741936,4000,all,184
0.0748629,0.0999039,0.0,0.7493491245086528,0.25065087549134724,snapshot_185.xyz,32,4000,16.757672110741936,4000,all,185
0.0737966,0.0994184,0.0,0.7422831186178817,0.25771688138211835,snapshot_186.xyz,32,4000,16.757672110741936,4000,all,186
0.0742232,0.0999039,0.0,0.7429459710782061,0.25705402892179385,snapshot_187.xyz,32,4000,16.757672110741936,4000,all,187
0.073512,0.100181,0.0,0.7337918367754364,0.26620816322456364,snapshot_188.xyz,32,4000,16.757672110741936,4000,all,188
0.0746497,0.0994184,0.0,0.750864025170391,0.24913597482960903,snapshot_189.xyz,32,4000,16.757672110741936,4000,all,189
0.075715,0.100666,0.0,0.7521407426539248,0.24785925734607517,snapshot_190.xyz,32,4000,16.757672110741936,4000,all,190
0.0762826,0.0997652,0.0,0.7646213308849179,0.2353786691150821,snapshot_191.xyz,32,4000,16.757672110741936,4000,all,191
0.075076,0.100389,0.0,0.7478508601540009,0.25214913984599907,snapshot_192.xyz,32,4000,16.757672110741936,4000,all,192
0.0758569,0.0989328,0.0,0.766751774942183,0.23324822505781695,snapshot_193.xyz,32,4000,16.757672110741936,4000,all,193
0.075431,0.100666,0.0,0.7493195319174298,0.25068046808257016,snapshot_194.xyz,32,4000,16.757672110741936,4000,all,194
0.0750049,0.100112,0.0,0.7492098849288796,0.25079011507112037,snapshot_195.xyz,32,4000,16.757672110741936,4000,all,195
0.0759279,0.100874,0.0,0.7527003985169618,0.2472996014830382,snapshot_196.xyz,32,4000,16.757672110741936,4000,all,196
0.0743654,0.0990022,0.0,0.7511489643664484,0.2488510356335516,snapshot_197.xyz,32,4000,16.757672110741936,4000,all,197
0.0759279,0.100528,0.0,0.755291063186376,0.24470893681362405,snapshot_198.xyz,32,4000,16.757672110741936,4000,all,198
0.0750049,0.100112,0.0,0.7492098849288796,0.25079011507112037,snapshot_199.xyz,32,4000,16.757672110741936,4000,all,199
0.076779,0.100597,0.0,0.7632334960287086,0.2367665039712914,snapshot_200.xyz,32,4000,16.757672110741936,4000,all,200
0.0747918,0.10032,0.0,0.7455322966507177,0.25446770334928226,snapshot_201.xyz,32,4000,16.757672110741936,4000,all,201
0.075715,0.0987246,0.0,0.7669314436320837,0.23306855636791635,snapshot_202.xyz,32,4000,16.757672110741936,4000,all,202
0.0762826,0.0997652,0.0,0.7646213308849179,0.2353786691150821,snapshot_203.xyz,32,4000,16.757672110741936,4000,all,203
0.075218,0.100112,0.0,0.7513385008790154,0.24866149912098456,snapshot_204.xyz,32,4000,16.757672110741936,4000,all,204
0.0770625,0.10025,0.0,0.7687032418952618,0.23129675810473815,snapshot_205.xyz,32,4000,16.757672110741936,4000,all,205
0.075573,0.0992103,0.0,0.7617455042470389,0.2382544957529611,snapshot_206.xyz,32,4000,16.757672110741936,4000,all,206
0.0774877,0.0994184,0.0,0.7794100488440772,0.22058995115592284,snapshot_207.xyz,32,4000,16.757672110741936,4000,all,207
0.0764245,0.100181,0.0,0.7628642157694573,0.2371357842305427,snapshot_208.xyz,32,4000,16.757672110741936,4000,all,208
0.076779,0.0998345,0.0,0.7690627989322328,0.23093720106776716,snapshot_209.xyz,32,4000,16.757672110741936,4000,all,209
0.075573,0.100528,0.0,0.751760703485596,0.24823929651440402,snapshot_210.xyz,32,4000,16.757672110741936,4000,all,210
0.0770625,0.101082,0.0,0.7623760906986408,0.23762390930135924,snapshot_211.xyz,32,4000,16.757672110741936,4000,all,211
0.0780542,0.0999039,0.0,0.7812928224023287,0.21870717759767133,snapshot_212.xyz,32,4000,16.757672110741936,4000,all,212
0.0783373,0.0999039,0.0,0.7841265456103315,0.21587345438966854,snapshot_213.xyz,32,4000,16.757672110741936,4000,all,213
0.075644,0.100805,0.0,0.7503992857497148,0.24960071425028518,snapshot_214.xyz,32,4000,16.757672110741936,4000,all,214
0.0767081,0.10129,0.0,0.7573116793365584,0.2426883206634416,snapshot_215.xyz,32,4000,16.757672110741936,4000,all,215
0.0769917,0.10025,0.0,0.7679970074812966,0.23200299251870338,snapshot_216.xyz,32,4000,16.757672110741936,4000,all,216
0.078125,0.100181,0.0,0.7798384923288847,0.2201615076711153,snapshot_217.xyz,32,4000,16.757672110741936,4000,all,217
0.078125,0.100389,0.0,0.778222713643925,0.22177728635607497,snapshot_218.xyz,32,4000,16.757672110741936,4000,all,218
0.0783373,0.101082,0.0,0.7749876338022595,0.22501236619774045,snapshot_219.xyz,32,4000,16.757672110741936,4000,all,219
0.0772751,0.100597,0.0,0.7681650546238953,0.23183494537610472,snapshot_220.xyz,32,4000,16.757672110741936,4000,all,220
0.0774168,0.0997652,0.0,0.7759900245777084,0.22400997542229162,snapshot_221.xyz,32,4000,16.757672110741936,4000,all,221
0.0767081,0.100666,0.0,0.7620060397750978,0.23799396022490216,snapshot_222.xyz,32,4000,16.757672110741936,4000,all,222
0.0779126,0.100528,0.0,0.7750338214228871,0.22496617857711287,snapshot_223.xyz,32,4000,16.757672110741936,4000,all,223
0.0791155,0.0995572,0.0,0.7946738156557236,0.2053261843442764,snapshot_224.xyz,32,4000,16.757672110741936,4000,all,224
0.077346,0.100528,0.0,0.7693975807735157,0.23060241922648428,snapshot_225.xyz,32,4000,16.757672110741936,4000,all,225
0.0778418,0.0995572,0.0,0.7818801653722685,0.21811983462773155,snapshot_226.xyz,32,4000,16.757672110741936,4000,all,226
0.079257,0.100458,0.0,0.7889565788687809,0.2110434211312191,snapshot_227.xyz,32,4000,16.757672110741936,4000,all,227
0.0783373,0.101082,0.0,0.7749876338022595,0.22501236619774045,snapshot_228.xyz,32,4000,16.757672110741936,4000,all,228
0.0786204,0.0996265,0.0,0.7891514807807158,0.21084851921928416,snapshot_229.xyz,32,4000,16.757672110741936,4000,all,229
0.0779834,0.0996958,0.0,0.7822134934470659,0.21778650655293408,snapshot_230.xyz,32,4000,16.757672110741936,4000,all,230
0.0784789,0.10032,0.0,0.7822856858054227,0.21771431419457732,snapshot_231.xyz,32,4000,16.757672110741936,4000,all,231
0.0780542,0.0992797,0.0,0.7862050348661409,0.2137949651338591,snapshot_232.xyz,32,4000,16.757672110741936,4000,all,232
0.0782666,0.100528,0.0,0.7785552283940793,0.2214447716059207,snapshot_233.xyz,32,4000,16.757672110741936,4000,all,233
0.0796104,0.100112,0.0,0.79521336103564,0.20478663896436,snapshot_234.xyz,32,4000,16.757672110741936,4000,all,234
0.078125,0.100043,0.0,0.7809142068910369,0.21908579310896314,snapshot_235.xyz,32,4000,16.757672110741936,4000,all,235
0.0790448,0.0995572,0.0,0.7939636711357893,0.20603632886421075,snapshot_236.xyz,32,4000,16.757672110741936,4000,all,236
0.0793984,0.0994184,0.0,0.7986288252476402,0.20137117475235977,snapshot_237.xyz,32,4000,16.757672110741936,4000,all,237
0.0796811,0.0998345,0.0,0.7981319083082501,0.2018680916917499,snapshot_238.xyz,32,4000,16.757672110741936,4000,all,238
0.0803169,0.10032,0.0,0.8006070574162678,0.1993929425837322,snapshot_239.xyz,32,4000,16.757672110741936,4000,all,239
0.0790448,0.100736,0.0,0.7846728081321473,0.21532719186785265,snapshot_240.xyz,32,4000,16.757672110741936,4000,all,240
0.0795397,0.0998345,0.0,0.7967155642588484,0.20328443574115163,snapshot_241.xyz,32,4000,16.757672110741936,4000,all,241
0.0796811,0.10122,0.0,0.7872070737008496,0.21279292629915036,snapshot_242.xyz,32,4000,16.757672110741936,4000,all,242
0.0799638,0.0997652,0.0,0.8015199688869465,0.19848003111305346,snapshot_243.xyz,32,4000,16.757672110741936,4000,all,243
0.079257,0.100458,0.0,0.7889565788687809,0.2110434211312191,snapshot_244.xyz,32,4000,16.757672110741936,4000,all,244
0.0785496,0.100597,0.0,0.780834418521427,0.219165581478573,snapshot_245.xyz,32,4000,16.757672110741936,4000,all,245
0.0795397,0.0999039,0.0,0.7961621117894296,0.20383788821057036,snapshot_246.xyz,32,4000,16.757672110741936,4000,all,246
0.0801757,0.0993491,0.0,0.8070098269637068,0.19299017303629318,snapshot_247.xyz,32,4000,16.757672110741936,4000,all,247
0.0789034,0.0995572,0.0,0.7925433820959208,0.2074566179040792,snapshot_248.xyz,32,4000,16.757672110741936,4000,all,248
0.0801757,0.100181,0.0,0.8003084417204859,0.19969155827951413,snapshot_249.xyz,32,4000,16.757672110741936,4000,all,249
0.080105,0.100112,0.0,0.8001538277129614,0.1998461722870386,snapshot_250.xyz,32,4000,16.757672110741936,4000,all,250
0.0793277,0.0998345,0.0,0.7945920498424893,0.20540795015751068,snapshot_251.xyz,32,4000,16.757672110741936,4000,all,251
0.0798224,0.100805,0.0,0.7918496106343931,0.20815038936560692,snapshot_252.xyz,32,4000,16.757672110741936,4000,all,252
0.0805288,0.099141,0.0,0.8122653594375686,0.1877346405624314,snapshot_253.xyz,32,4000,16.757672110741936,4000,all,253
0.0801757,0.0995572,0.0,0.8053229701116544,0.19467702988834557,snapshot_254.xyz,32,4000,16.757672110741936,4000,all,254
0.0793277,0.0997652,0.0,0.7951439981075565,0.20485600189244346,snapshot_255.xyz,32,4000,16.757672110741936,4000,all,255
0.0813758,0.100874,0.0,0.8067073775204711,0.19329262247952894,snapshot_256.xyz,32,4000,16.757672110741936,4000,all,256
0.081799,0.100458,0.0,0.814260686057855,0.18573931394214505,snapshot_257.xyz,32,4000,16.757672110741936,4000,all,257
0.0810935,0.0999732,0.0,0.8111523888402091,0.18884761115979087,snapshot_258.xyz,32,4000,16.757672110741936,4000,all,258
0.0800344,0.0999039,0.0,0.8011138704294828,0.1988861295705172,snapshot_259.xyz,32,4000,16.757672110741936,4000,all,259
0.0809524,0.0994184,0.0,0.8142597346165297,0.18574026538347033,snapshot_260.xyz,32,4000,16.757672110741936,4000,all,260
0.0804582,0.100389,0.0,0.8014643038579923,0.19853569614200772,snapshot_261.xyz,32,4000,16.757672110741936,4000,all,261
0.0808818,0.0999732,0.0,0.809034821332117,0.19096517866788298,snapshot_262.xyz,32,4000,16.757672110741936,4000,all,262
0.0808818,0.0997652,0.0,0.8107215742563539,0.18927842574364606,snapshot_263.xyz,32,4000,16.757672110741936,4000,all,263
0.0805994,0.0994878,0.0,0.8101435552901964,0.18985644470980356,snapshot_264.xyz,32,4000,16.757672110741936,4000,all,264
0.0798931,0.100389,0.0,0.795835201067846,0.204164798932154,snapshot_265.xyz,32,4000,16.757672110741936,4000,all,265
0.0812347,0.100043,0.0,0.8119978409284008,0.18800215907159923,snapshot_266.xyz,32,4000,16.757672110741936,4000,all,266
0.0811641,0.100112,0.0,0.8107329790634489,0.18926702093655112,snapshot_267.xyz,32,4000,16.757672110741936,4000,all,267
0.0818695,0.100666,0.0,0.813278564758707,0.18672143524129303,snapshot_268.xyz,32,4000,16.757672110741936,4000,all,268
0.0803169,0.100597,0.0,0.7984025368549758,0.20159746314502425,snapshot_269.xyz,32,4000,16.757672110741936,4000,all,269
0.081799,0.100805,0.0,0.8114577649918158,0.18854223500818423,snapshot_270.xyz,32,4000,16.757672110741936,4000,all,270
0.0820105,0.100458,0.0,0.8163660435206752,0.1836339564793248,snapshot_271.xyz,32,4000,16.757672110741936,4000,all,271
0.082081,0.100666,0.0,0.815379572050146,0.184620427949854,snapshot_272.xyz,32,4000,16.757672110741936,4000,all,272
0.0818695,0.0996265,0.0,0.8217642896217371,0.1782357103782629,snapshot_273.xyz,32,4000,16.757672110741936,4000,all,273
0.0822925,0.0996958,0.0,0.8254359762397213,0.17456402376027869,snapshot_274.xyz,32,4000,16.757672110741936,4000,all,274
0.0810935,0.10025,0.0,0.8089127182044887,0.19108728179551127,snapshot_275.xyz,32,4000,16.757672110741936,4000,all,275
0.0822925,0.0987246,0.0,0.8335561754618404,0.16644382453815965,snapshot_276.xyz,32,4000,16.757672110741936,4000,all,276
0.0805994,0.0998345,0.0,0.807330131367413,0.19266986863258695,snapshot_277.xyz,32,4000,16.757672110741936,4000,all,277
0.08194,0.101013,0.0,0.8111827190559631,0.18881728094403694,snapshot_278.xyz,32,4000,16.757672110741936,4000,all,278
0.082222,0.10032,0.0,0.819597288676236,0.18040271132376395,snapshot_279.xyz,32,4000,16.757672110741936,4000,all,279
0.0820105,0.0994878,0.0,0.8243272039385734,0.1756727960614266,snapshot_280.xyz,32,4000,16.757672110741936,4000,all,280
0.0829266,0.10032,0.0,0.8266208133971291,0.17337918660287088,snapshot_281.xyz,32,4000,16.757672110741936,4000,all,281
0.0826448,0.100043,0.0,0.826092780104555,0.173907219895445,snapshot_282.xyz,32,4000,16.757672110741936,4000,all,282
0.0820105,0.100805,0.0,0.8135558752046029,0.18644412479539707,snapshot_283.xyz,32,4000,16.757672110741936,4000,all,283
0.0836307,0.0999039,0.0,0.8371114641170164,0.16288853588298358,snapshot_284.xyz,32,4000,16.757672110741936,4000,all,284
0.0826448,0.100112,0.0,0.8255234137765702,0.17447658622342976,snapshot_285.xyz,32,4000,16.757672110741936,4000,all,285
0.0832083,0.100458,0.0,0.8282894343904915,0.17171056560950848,snapshot_286.xyz,32,4000,16.757672110741936,4000,all,286
0.0827153,0.0990716,0.0,0.8349042510669052,0.16509574893309475,snapshot_287.xyz,32,4000,16.757672110741936,4000,all,287
0.0832083,0.100736,0.0,0.8260036134053367,0.17399638659466332,snapshot_288.xyz,32,4000,16.757672110741936,4000,all,288
0.0827857,0.100389,0.0,0.8246491149428722,0.17535088505712781,snapshot_289.xyz,32,4000,16.757672110741936,4000,all,289
0.0814463,0.0999039,0.0,0.8152464518402184,0.18475354815978162,snapshot_290.xyz,32,4000,16.757672110741936,4000,all,290
0.0834195,0.100043,0.0,0.8338364503263596,0.16616354967364044,snapshot_291.xyz,32,4000,16.757672110741936,4000,all,291
0.0827153,0.100112,0.0,0.8262276250599329,0.17377237494006714,snapshot_292.xyz,32,4000,16.757672110741936,4000,all,292
0.0825743,0.100736,0.0,0.8197099348792884,0.18029006512071155,snapshot_293.xyz,32,4000,16.757672110741936,4000,all,293
0.0835603,0.100181,0.0,0.8340932911430311,0.1659067088569689,snapshot_294.xyz,32,4000,16.757672110741936,4000,all,294
0.0841936,0.0996265,0.0,0.8450924201894073,0.15490757981059267,snapshot_295.xyz,32,4000,16.757672110741936,4000,all,295
0.0820105,0.100528,0.0,0.8157975887314977,0.18420241126850234,snapshot_296.xyz,32,4000,16.757672110741936,4000,all,296
0.0839826,0.100528,0.0,0.83541500875378,0.16458499124621995,snapshot_297.xyz,32,4000,16.757672110741936,4000,all,297
0.0821515,0.100043,0.0,0.8211619003828353,0.17883809961716468,snapshot_298.xyz,32,4000,16.757672110741936,4000,all,298
0.0836307,0.100181,0.0,0.8347960192052385,0.1652039807947615,snapshot_299.xyz,32,4000,16.757672110741936,4000,all,299
0.0832083,0.0999732,0.0,0.8323060580235503,0.1676939419764497,snapshot_300.xyz,32,4000,16.757672110741936,4000,all,300
0.0835603,0.100874,0.0,0.8283631064496302,0.17163689355036982,snapshot_301.xyz,32,4000,16.757672110741936,4000,all,301
0.0833491,0.10025,0.0,0.8314124688279301,0.16858753117206993,snapshot_302.xyz,32,4000,16.757672110741936,4000,all,302
0.0832787,0.100181,0.0,0.8312823788942014,0.16871762110579858,snapshot_303.xyz,32,4000,16.757672110741936,4000,all,303
0.0829266,0.0999732,0.0,0.829488302865168,0.17051169713483205,snapshot_304.xyz,32,4000,16.757672110741936,4000,all,304
0.0830675,0.100805,0.0,0.8240414661971133,0.17595853380288673,snapshot_305.xyz,32,4000,16.757672110741936,4000,all,305
0.0839826,0.100389,0.0,0.8365717359471655,0.1634282640528345,snapshot_306.xyz,32,4000,16.757672110741936,4000,all,306
0.0841233,0.100874,0.0,0.8339443265856414,0.16605567341435856,snapshot_307.xyz,32,4000,16.757672110741936,4000,all,307
0.0841936,0.0996265,0.0,0.8450924201894073,0.15490757981059267,snapshot_308.xyz,32,4000,16.757672110741936,4000,all,308
0.0839826,0.0996265,0.0,0.8429745097940808,0.15702549020591916,snapshot_309.xyz,32,4000,16.757672110741936,4000,all,309
0.0846859,0.100666,0.0,0.8412562334849899,0.1587437665150101,snapshot_310.xyz,32,4000,16.757672110741936,4000,all,310
0.0837011,0.100666,0.0,0.8314733872409751,0.16852661275902492,snapshot_311.xyz,32,4000,16.757672110741936,4000,all,311
0.0843343,0.100043,0.0,0.8429805183770978,0.15701948162290225,snapshot_312.xyz,32,4000,16.757672110741936,4000,all,312
0.0841233,0.100181,0.0,0.8397131192541499,0.16028688074585007,snapshot_313.xyz,32,4000,16.757672110741936,4000,all,313
0.0840529,0.100805,0.0,0.8338167749615594,0.16618322503844063,snapshot_314.xyz,32,4000,16.757672110741936,4000,all,314
0.0848266,0.0994878,0.0,0.8526331871847603,0.14736681281523967,snapshot_315.xyz,32,4000,16.757672110741936,4000,all,315
0.0843343,0.0999732,0.0,0.8435690765125053,0.15643092348749466,snapshot_316.xyz,32,4000,16.757672110741936,4000,all,316
0.084264,0.0998345,0.0,0.8440368810381181,0.15596311896188186,snapshot_317.xyz,32,4000,16.757672110741936,4000,all,317
0.0838418,0.100181,0.0,0.8369032051985904,0.1630967948014096,snapshot_318.xyz,32,4000,16.757672110741936,4000,all,318
0.084475,0.100181,0.0,0.8432237649853763,0.15677623501462368,snapshot_319.xyz,32,4000,16.757672110741936,4000,all,319
0.0839826,0.10025,0.0,0.8377316708229426,0.16226832917705736,snapshot_320.xyz,32,4000,16.757672110741936,4000,all,320
0.0843343,0.100112,0.0,0.8423995125459485,0.15760048745405153,snapshot_321.xyz,32,4000,16.757672110741936,4000,all,321
0.0843343,0.0999039,0.0,0.8441542322171607,0.15584576778283932,snapshot_322.xyz,32,4000,16.757672110741936,4000,all,322
0.0841233,0.100736,0.0,0.8350867614358322,0.16491323856416784,snapshot_323.xyz,32,4000,16.757672110741936,4000,all,323
0.0843343,0.0999039,0.0,0.8441542322171607,0.15584576778283932,snapshot_324.xyz,32,4000,16.757672110741936,4000,all,324
0.084475,0.0999732,0.0,0.8449764536895887,0.15502354631041126,snapshot_325.xyz,32,4000,16.757672110741936,4000,all,325
0.0856698,0.101013,0.0,0.848106679338303,0.15189332066169703,snapshot_326.xyz,32,4000,16.757672110741936,4000,all,326
0.0856698,0.100874,0.0,0.8492753335844717,0.15072466641552829,snapshot_327.xyz,32,4000,16.757672110741936,4000,all,327
0.0853888,0.100043,0.0,0.8535209859760302,0.1464790140239698,snapshot_328.xyz,32,4000,16.757672110741936,4000,all,328
0.0850374,0.100528,0.0,0.8459076078306541,0.1540923921693459,snapshot_329.xyz,32,4000,16.757672110741936,4000,all,329
0.0841936,0.0996265,0.0,0.8450924201894073,0.15490757981059267,snapshot_330.xyz,32,4000,16.757672110741936,4000,all,330
0.0848969,0.0988634,0.0,0.8587293174218164,0.14127068257818365,snapshot_331.xyz,32,4000,16.757672110741936,4000,all,331
0.0864422,0.100943,0.0,0.8563466510803126,0.1436533489196874,snapshot_332.xyz,32,4000,16.757672110741936,4000,all,332
0.0850374,0.100666,0.0,0.8447479784634335,0.15525202153656648,snapshot_333.xyz,32,4000,16.757672110741936,4000,all,333
0.0852483,0.100043,0.0,0.8521165898663574,0.1478834101336426,snapshot_334.xyz,32,4000,16.757672110741936,4000,all,334
0.0845453,0.100181,0.0,0.8439254948543137,0.15607450514568633,snapshot_335.xyz,32,4000,16.757672110741936,4000,all,335
0.0855293,0.100528,0.0,0.85080077192424,0.14919922807576003,snapshot_336.xyz,32,4000,16.757672110741936,4000,all,336
0.0862316,0.10025,0.0,0.8601655860349128,0.13983441396508722,snapshot_337.xyz,32,4000,16.757672110741936,4000,all,337
0.0855293,0.100666,0.0,0.8496344346651302,0.15036556533486978,snapshot_338.xyz,32,4000,16.757672110741936,4000,all,338
0.0848266,0.0999039,0.0,0.849081967771028,0.15091803222897204,snapshot_339.xyz,32,4000,16.757672110741936,4000,all,339
0.0858103,0.10032,0.0,0.8553658293460925,0.1446341706539075,snapshot_340.xyz,32,4000,16.757672110741936,4000,all,340
0.0855996,0.0992797,0.0,0.8622064732266516,0.13779352677334844,snapshot_341.xyz,32,4000,16.757672110741936,4000,all,341
0.0856698,0.0999039,0.0,0.8575220787176476,0.14247792128235237,snapshot_342.xyz,32,4000,16.757672110741936,4000,all,342
0.0849672,0.100043,0.0,0.849306798076827,0.15069320192317304,snapshot_343.xyz,32,4000,16.757672110741936,4000,all,343
0.0865826,0.100389,0.0,0.8624709878572353,0.1375290121427647,snapshot_344.xyz,32,4000,16.757672110741936,4000,all,344
0.0855996,0.100597,0.0,0.8509160312931796,0.1490839687068204,snapshot_345.xyz,32,4000,16.757672110741936,4000,all,345
0.0857401,0.0995572,0.0,0.861214457618334,0.13878554238166596,snapshot_346.xyz,32,4000,16.757672110741936,4000,all,346
0.0860912,0.10129,0.0,0.8499476749925955,0.1500523250074045,snapshot_347.xyz,32,4000,16.757672110741936,4000,all,347
0.0855996,0.10025,0.0,0.8538613466334164,0.1461386533665836,snapshot_348.xyz,32,4000,16.757672110741936,4000,all,348
0.0858805,0.101151,0.0,0.8490326343783057,0.15096736562169433,snapshot_349.xyz,32,4000,16.757672110741936,4000,all,349
0.0855996,0.100874,0.0,0.8485794159049903,0.1514205840950097,snapshot_350.xyz,32,4000,16.757672110741936,4000,all,350
0.0858805,0.10025,0.0,0.8566633416458852,0.1433366583541148,snapshot_351.xyz,32,4000,16.757672110741936,4000,all,351
0.0871439,0.100597,0.0,0.8662673837191963,0.13373261628080368,snapshot_352.xyz,32,4000,16.757672110741936,4000,all,352
0.0853186,0.0997652,0.0,0.8551939955014374,0.14480600449856262,snapshot_353.xyz,32,4000,16.757672110741936,4000,all,353
0.0855293,0.100112,0.0,0.8543361435192584,0.14566385648074165,snapshot_354.xyz,32,4000,16.757672110741936,4000,all,354
0.0854591,0.0999732,0.0,0.8548200917845983,0.14517990821540172,snapshot_355.xyz,32,4000,16.757672110741936,4000,all,355
0.0859508,0.0998345,0.0,0.8609328438565825,0.13906715614341747,snapshot_356.xyz,32,4000,16.757672110741936,4000,all,356
0.0865124,0.100597,0.0,0.8599898605326203,0.14001013946737972,snapshot_357.xyz,32,4000,16.757672110741936,4000,all,357
0.086372,0.100389,0.0,0.8603731484525197,0.13962685154748034,snapshot_358.xyz,32,4000,16.757672110741936,4000,all,358
0.0870036,0.101013,0.0,0.8613109203765852,0.1386890796234148,snapshot_359.xyz,32,4000,16.757672110741936,4000,all,359
0.0871439,0.101082,0.0,0.8621109594190854,0.13788904058091456,snapshot_360.xyz,32,4000,16.757672110741936,4000,all,360
0.0855996,0.10032,0.0,0.8532655502392343,0.14673444976076566,snapshot_361.xyz,32,4000,16.757672110741936,4000,all,361
0.087214,0.100043,0.0,0.8717651409893745,0.12823485901062548,snapshot_362.xyz,32,4000,16.757672110741936,4000,all,362
0.0860912,0.100666,0.0,0.8552162597103292,0.14478374028967078,snapshot_363.xyz,32,4000,16.757672110741936,4000,all,363
0.086021,0.0997652,0.0,0.8622345266686179,0.13776547333138212,snapshot_364.xyz,32,4000,16.757672110741936,4000,all,364
0.086021,0.0999732,0.0,0.8604405980802855,0.1395594019197145,snapshot_365.xyz,32,4000,16.757672110741936,4000,all,365
0.0867931,0.100112,0.0,0.86696000479463,0.13303999520537002,snapshot_366.xyz,32,4000,16.757672110741936,4000,all,366
0.0873543,0.0993491,0.0,0.8792661433269149,0.12073385667308512,snapshot_367.xyz,32,4000,16.757672110741936,4000,all,367
0.0862316,0.100458,0.0,0.8583845985386928,0.14161540146130724,snapshot_368.xyz,32,4000,16.757672110741936,4000,all,368
0.0874945,0.100458,0.0,0.8709560214218878,0.12904397857811223,snapshot_369.xyz,32,4000,16.757672110741936,4000,all,369
0.0868633,0.0999039,0.0,0.8694685592854734,0.1305314407145266,snapshot_370.xyz,32,4000,16.757672110741936,4000,all,370
0.0857401,0.0999732,0.0,0.8576308450664778,0.1423691549335222,snapshot_371.xyz,32,4000,16.757672110741936,4000,all,371
0.0858805,0.0999732,0.0,0.8590352214393457,0.14096477856065426,snapshot_372.xyz,32,4000,16.757672110741936,4000,all,372
0.0869334,0.0999039,0.0,0.8701702335944842,0.1298297664055158,snapshot_373.xyz,32,4000,16.757672110741936,4000,all,373
0.0872842,0.0999732,0.0,0.8730759843638096,0.12692401563619038,snapshot_374.xyz,32,4000,16.757672110741936,4000,all,374
0.0867931,0.100112,0.0,0.86696000479463,0.13303999520537002,snapshot_375.xyz,32,4000,16.757672110741936,4000,all,375
0.0877049,0.100112,0.0,0.8760678040594534,0.12393219594054661,snapshot_376.xyz,32,4000,16.757672110741936,4000,all,376
0.0870036,0.100181,0.0,0.8684640800151725,0.1315359199848275,snapshot_377.xyz,32,4000,16.757672110741936,4000,all,377
0.0865826,0.100597,0.0,0.8606876944640496,0.13931230553595042,snapshot_378.xyz,32,4000,16.757672110741936,4000,all,378
0.0872842,0.100528,0.0,0.8682575998726723,0.13174240012732774,snapshot_379.xyz,32,4000,16.757672110741936,4000,all,379
0.0875647,0.100112,0.0,0.8746673725427521,0.12533262745724794,snapshot_380.xyz,32,4000,16.757672110741936,4000,all,380
0.087214,0.100528,0.0,0.8675592869648256,0.13244071303517435,snapshot_381.xyz,32,4000,16.757672110741936,4000,all,381
0.0867931,0.0999039,0.0,0.8687658840145379,0.13123411598546209,snapshot_382.xyz,32,4000,16.757672110741936,4000,all,382
0.0877049,0.101013,0.0,0.8682535911219348,0.1317464088780652,snapshot_383.xyz,32,4000,16.757672110741936,4000,all,383
0.0872842,0.100389,0.0,0.8694598013726603,0.13054019862733968,snapshot_384.xyz,32,4000,16.757672110741936,4000,all,384
0.0881955,0.100597,0.0,0.8767209757746254,0.12327902422537462,snapshot_385.xyz,32,4000,16.757672110741936,4000,all,385
0.0865826,0.100597,0.0,0.8606876944640496,0.13931230553595042,snapshot_386.xyz,32,4000,16.757672110741936,4000,all,386
0.0864422,0.100112,0.0,0.8634549304778647,0.1365450695221353,snapshot_387.xyz,32,4000,16.757672110741936,4000,all,387
0.0867229,0.0999732,0.0,0.8674614796765534,0.1325385203234466,snapshot_388.xyz,32,4000,16.757672110741936,4000,all,388
0.0869334,0.0996958,0.0,0.8719865831860519,0.12801341681394807,snapshot_389.xyz,32,4000,16.757672110741936,4000,all,389
0.0868633,0.100112,0.0,0.8676612194342337,0.1323387805657663,snapshot_390.xyz,32,4000,16.757672110741936,4000,all,390
0.0872842,0.100043,0.0,0.8724668392591186,0.1275331607408814,snapshot_391.xyz,32,4000,16.757672110741936,4000,all,391
0.0879152,0.101151,0.0,0.869148105307906,0.13085189469209402,snapshot_392.xyz,32,4000,16.757672110741936,4000,all,392
0.0875647,0.0997652,0.0,0.8777078580507031,0.12229214194929694,snapshot_393.xyz,32,4000,16.757672110741936,4000,all,393
0.0868633,0.0995572,0.0,0.8724964141217311,0.12750358587826893,snapshot_394.xyz,32,4000,16.757672110741936,4000,all,394
0.0874244,0.100389,0.0,0.8708563687256571,0.12914363127434292,snapshot_395.xyz,32,4000,16.757672110741936,4000,all,395
0.0878451,0.0998345,0.0,0.8799072464929457,0.12009275350705428,snapshot_396.xyz,32,4000,16.757672110741936,4000,all,396
0.0867931,0.0999732,0.0,0.8681636678629873,0.13183633213701274,snapshot_397.xyz,32,4000,16.757672110741936,4000,all,397
0.0872842,0.0993491,0.0,0.8785605506240118,0.12143944937598816,snapshot_398.xyz,32,4000,16.757672110741936,4000,all,398
0.0879152,0.100181,0.0,0.8775636098661422,0.12243639013385776,snapshot_399.xyz,32,4000,16.757672110741936,4000,all,399
0.0868633,0.100666,0.0,0.8628861780541593,0.13711382194584065,snapshot_400.xyz,32,4000,16.757672110741936,4000,all,400
0.087775,0.100597,0.0,0.872540930644055,0.12745906935594498,snapshot_401.xyz,32,4000,16.757672110741936,4000,all,401
0.0880553,0.100181,0.0,0.8789620786376658,0.12103792136233416,snapshot_402.xyz,32,4000,16.757672110741936,4000,all,402
0.0865826,0.100528,0.0,0.8612784497851343,0.13872155021486565,snapshot_403.xyz,32,4000,16.757672110741936,4000,all,403
0.0876348,0.0989328,0.0,0.8858012711658823,0.11419872883411775,snapshot_404.xyz,32,4000,16.757672110741936,4000,all,404
0.0876348,0.10032,0.0,0.8735526315789472,0.12644736842105275,snapshot_405.xyz,32,4000,16.757672110741936,4000,all,405
0.0870036,0.0998345,0.0,0.8714782965808412,0.1285217034191588,snapshot_406.xyz,32,4000,16.757672110741936,4000,all,406
0.0874945,0.100112,0.0,0.8739661579031485,0.12603384209685153,snapshot_407.xyz,32,4000,16.757672110741936,4000,all,407
0.087775,0.0996265,0.0,0.8810406869658173,0.11895931303418272,snapshot_408.xyz,32,4000,16.757672110741936,4000,all,408
0.0869334,0.100597,0.0,0.8641748759903376,0.1358251240096624,snapshot_409.xyz,32,4000,16.757672110741936,4000,all,409
0.0878451,0.100389,0.0,0.8750470669097211,0.12495293309027888,snapshot_410.xyz,32,4000,16.757672110741936,4000,all,410
0.0881955,0.100043,0.0,0.881575922353388,0.118424077646612,snapshot_411.xyz,32,4000,16.757672110741936,4000,all,411
0.0867229,0.0997652,0.0,0.8692700460681682,0.13072995393183184,snapshot_412.xyz,32,4000,16.757672110741936,4000,all,412
0.0873543,0.10032,0.0,0.8707565789473684,0.12924342105263165,snapshot_413.xyz,32,4000,16.757672110741936,4000,all,413
0.0874945,0.0999732,0.0,0.8751795481188959,0.12482045188110413,snapshot_414.xyz,32,4000,16.757672110741936,4000,all,414
0.0881254,0.100528,0.0,0.8766254177940475,0.12337458220595254,snapshot_415.xyz,32,4000,16.757672110741936,4000,all,415
0.087214,0.099141,0.0,0.8796965937402285,0.12030340625977154,snapshot_416.xyz,32,4000,16.757672110741936,4000,all,416
0.0872842,0.101013,0.0,0.8640887806519953,0.13591121934800465,snapshot_417.xyz,32,4000,16.757672110741936,4000,all,417
0.0877049,0.100181,0.0,0.8754644094189517,0.12453559058104835,snapshot_418.xyz,32,4000,16.757672110741936,4000,all,418
0.0885458,0.100112,0.0,0.8844673965159021,0.11553260348409788,snapshot_419.xyz,32,4000,16.757672110741936,4000,all,419
0.0879152,0.100181,0.0,0.8775636098661422,0.12243639013385776,snapshot_420.xyz,32,4000,16.757672110741936,4000,all,420
0.0880553,0.100458,0.0,0.876538453881224,0.12346154611877602,snapshot_421.xyz,32,4000,16.757672110741936,4000,all,421
0.0878451,0.100112,0.0,0.8774682355761546,0.12253176442384539,snapshot_422.xyz,32,4000,16.757672110741936,4000,all,422
0.0883356,0.100528,0.0,0.8787163775266592,0.12128362247334079,snapshot_423.xyz,32,4000,16.757672110741936,4000,all,423
0.0880553,0.100943,0.0,0.8723269567974005,0.12767304320259953,snapshot_424.xyz,32,4000,16.757672110741936,4000,all,424
0.0884757,0.100181,0.0,0.8831584831455066,0.1168415168544934,snapshot_425.xyz,32,4000,16.757672110741936,4000,all,425
0.0879852,0.0999732,0.0,0.8800878635474307,0.11991213645256926,snapshot_426.xyz,32,4000,16.757672110741936,4000,all,426
0.087775,0.100181,0.0,0.8761641429013486,0.12383585709865141,snapshot_427.xyz,32,4000,16.757672110741936,4000,all,427
0.0881254,0.0998345,0.0,0.8827148931481602,0.1172851068518398,snapshot_428.xyz,32,4000,16.757672110741936,4000,all,428
0.0880553,0.100181,0.0,0.8789620786376658,0.12103792136233416,snapshot_429.xyz,32,4000,16.757672110741936,4000,all,429
0.0885458,0.0994184,0.0,0.8906379503190556,0.10936204968094443,snapshot_430.xyz,32,4000,16.757672110741936,4000,all,430
0.0879152,0.10032,0.0,0.8763476874003189,0.12365231259968112,snapshot_431.xyz,32,4000,16.757672110741936,4000,all,431
0.0886158,0.100112,0.0,0.8851666133929997,0.11483338660700027,snapshot_432.xyz,32,4000,16.757672110741936,4000,all,432
0.0875647,0.100458,0.0,0.8716548209201854,0.12834517907981458,snapshot_433.xyz,32,4000,16.757672110741936,4000,all,433
0.0868633,0.100805,0.0,0.8616963444273598,0.13830365557264024,snapshot_434.xyz,32,4000,16.757672110741936,4000,all,434
0.089526,0.100458,0.0,0.8911784029146508,0.10882159708534922,snapshot_435.xyz,32,4000,16.757672110741936,4000,all,435
0.0878451,0.10032,0.0,0.875648923444976,0.12435107655502398,snapshot_436.xyz,32,4000,16.757672110741936,4000,all,436
0.0887559,0.100389,0.0,0.8841197740788332,0.11588022592116676,snapshot_437.xyz,32,4000,16.757672110741936,4000,all,437
0.0884057,0.100112,0.0,0.8830679638804538,0.11693203611954617,snapshot_438.xyz,32,4000,16.757672110741936,4000,all,438
0.089036,0.100043,0.0,0.8899773097568046,0.11002269024319544,snapshot_439.xyz,32,4000,16.757672110741936,4000,all,439
0.0881955,0.0996958,0.0,0.884646093416172,0.11535390658382805,snapshot_440.xyz,32,4000,16.757672110741936,4000,all,440
0.0886158,0.100666,0.0,0.8802952337432697,0.11970476625673032,snapshot_441.xyz,32,4000,16.757672110741936,4000,all,441
0.089106,0.0997652,0.0,0.8931571329481623,0.10684286705183765,snapshot_442.xyz,32,4000,16.757672110741936,4000,all,442
0.0879852,0.10122,0.0,0.8692471843509187,0.13075281564908126,snapshot_443.xyz,32,4000,16.757672110741936,4000,all,443
0.0879852,0.0999732,0.0,0.8800878635474307,0.11991213645256926,snapshot_444.xyz,32,4000,16.757672110741936,4000,all,444
0.0887559,0.100458,0.0,0.8835125126918711,0.11648748730812886,snapshot_445.xyz,32,4000,16.757672110741936,4000,all,445
0.0886859,0.100112,0.0,0.8858668291513504,0.1141331708486496,snapshot_446.xyz,32,4000,16.757672110741936,4000,all,446
0.0899458,0.101013,0.0,0.8904378644332908,0.10956213556670924,snapshot_447.xyz,32,4000,16.757672110741936,4000,all,447
0.0897359,0.100666,0.0,0.8914221286233682,0.10857787137663177,snapshot_448.xyz,32,4000,16.757672110741936,4000,all,448
0.089316,0.100874,0.0,0.8854214168170192,0.11457858318298075,snapshot_449.xyz,32,4000,16.757672110741936,4000,all,449
0.0888259,0.100181,0.0,0.8866541559776804,0.11334584402231962,snapshot_450.xyz,32,4000,16.757672110741936,4000,all,450
0.0881254,0.100389,0.0,0.8778392054906414,0.12216079450935857,snapshot_451.xyz,32,4000,16.757672110741936,4000,all,451
0.0886859,0.100181,0.0,0.8852566853994269,0.11474331460057308,snapshot_452.xyz,32,4000,16.757672110741936,4000,all,452
0.0881254,0.100805,0.0,0.8742165567184168,0.1257834432815832,snapshot_453.xyz,32,4000,16.757672110741936,4000,all,453
0.089456,0.10129,0.0,0.8831671438444071,0.11683285615559291,snapshot_454.xyz,32,4000,16.757672110741936,4000,all,454
0.0886859,0.100805,0.0,0.8797767967858736,0.12022320321412638,snapshot_455.xyz,32,4000,16.757672110741936,4000,all,455
0.0886158,0.100181,0.0,0.8845569519170301,0.1154430480829699,snapshot_456.xyz,32,4000,16.757672110741936,4000,all,456
0.0898059,0.100736,0.0,0.8914975778271917,0.10850242217280825,snapshot_457.xyz,32,4000,16.757672110741936,4000,all,457
0.089246,0.0993491,0.0,0.8983070807888548,0.1016929192111452,snapshot_458.xyz,32,4000,16.757672110741936,4000,all,458
0.0887559,0.0999039,0.0,0.8884127646668448,0.11158723533315518,snapshot_459.xyz,32,4000,16.757672110741936,4000,all,459
0.089176,0.100181,0.0,0.890148830616584,0.10985116938341599,snapshot_460.xyz,32,4000,16.757672110741936,4000,all,460
0.0903654,0.100458,0.0,0.8995341336678014,0.10046586633219856,snapshot_461.xyz,32,4000,16.757672110741936,4000,all,461
0.089526,0.0997652,0.0,0.897367017757695,0.102632982242305,snapshot_462.xyz,32,4000,16.757672110741936,4000,all,462
0.0906451,0.100528,0.0,0.9016900763966258,0.0983099236033742,snapshot_463.xyz,32,4000,16.757672110741936,4000,all,463
0.0897359,0.100458,0.0,0.8932678333233788,0.10673216667662122,snapshot_464.xyz,32,4000,16.757672110741936,4000,all,464
0.088966,0.0998345,0.0,0.8911348281405727,0.10886517185942735,snapshot_465.xyz,32,4000,16.757672110741936,4000,all,465
0.0883356,0.100597,0.0,0.878113661441196,0.12188633855880404,snapshot_466.xyz,32,4000,16.757672110741936,4000,all,466
0.0888259,0.10032,0.0,0.8854256379585327,0.11457436204146731,snapshot_467.xyz,32,4000,16.757672110741936,4000,all,467
0.0905053,0.100597,0.0,0.8996818990625962,0.10031810093740379,snapshot_468.xyz,32,4000,16.757672110741936,4000,all,468
0.089316,0.100389,0.0,0.8896990706153065,0.11030092938469349,snapshot_469.xyz,32,4000,16.757672110741936,4000,all,469
0.089106,0.10129,0.0,0.8797117188271301,0.12028828117286994,snapshot_470.xyz,32,4000,16.757672110741936,4000,all,470
0.0898059,0.0999039,0.0,0.898922864873143,0.10107713512685701,snapshot_471.xyz,32,4000,16.757672110741936,4000,all,471
0.0896659,0.10032,0.0,0.8937988437001595,0.1062011562998405,snapshot_472.xyz,32,4000,16.757672110741936,4000,all,472
0.0886859,0.100458,0.0,0.8828157040753349,0.11718429592466506,snapshot_473.xyz,32,4000,16.757672110741936,4000,all,473
0.0898059,0.0999732,0.0,0.8982997443314807,0.10170025566851926,snapshot_474.xyz,32,4000,16.757672110741936,4000,all,474
0.089316,0.100181,0.0,0.8915463011948374,0.10845369880516265,snapshot_475.xyz,32,4000,16.757672110741936,4000,all,475
0.0900157,0.100112,0.0,0.8991499520536999,0.10085004794630015,snapshot_476.xyz,32,4000,16.757672110741936,4000,all,476
0.089386,0.100805,0.0,0.8867218887951985,0.11327811120480147,snapshot_477.xyz,32,4000,16.757672110741936,4000,all,477
0.089526,0.100112,0.0,0.8942584305577752,0.10574156944222479,snapshot_478.xyz,32,4000,16.757672110741936,4000,all,478
0.089246,0.100528,0.0,0.8877725608785612,0.11222743912143884,snapshot_479.xyz,32,4000,16.757672110741936,4000,all,479
0.0902256,0.100943,0.0,0.8938272094152145,0.10617279058478546,snapshot_480.xyz,32,4000,16.757672110741936,4000,all,480
0.0911344,0.100043,0.0,0.9109522905150785,0.08904770948492147,snapshot_481.xyz,32,4000,16.757672110741936,4000,all,481
0.0900857,0.100597,0.0,0.8955108005208903,0.10448919947910973,snapshot_482.xyz,32,4000,16.757672110741936,4000,all,482
0.0898758,0.100666,0.0,0.8928118729263108,0.10718812707368919,snapshot_483.xyz,32,4000,16.757672110741936,4000,all,483
0.0897359,0.0999732,0.0,0.8975995566811905,0.10240044331880949,snapshot_484.xyz,32,4000,16.757672110741936,4000,all,484
0.089106,0.0994184,0.0,0.8962727221520362,0.10372727784796376,snapshot_485.xyz,32,4000,16.757672110741936,4000,all,485
0.0906451,0.100528,0.0,0.9016900763966258,0.0983099236033742,snapshot_486.xyz,32,4000,16.757672110741936,4000,all,486
0.089596,0.100181,0.0,0.8943412423513439,0.10565875764865607,snapshot_487.xyz,32,4000,16.757672110741936,4000,all,487
0.0905752,0.100736,0.0,0.8991343710292248,0.10086562897077522,snapshot_488.xyz,32,4000,16.757672110741936,4000,all,488
0.090715,0.100043,0.0,0.9067600931599412,0.09323990684005878,snapshot_489.xyz,32,4000,16.757672110741936,4000,all,489
0.0897359,0.0997652,0.0,0.8994709578089354,0.10052904219106462,snapshot_490.xyz,32,4000,16.757672110741936,4000,all,490
0.0900157,0.0999732,0.0,0.900398306746208,0.09960169325379198,snapshot_491.xyz,32,4000,16.757672110741936,4000,all,491
0.0903654,0.0999039,0.0,0.9045232468402133,0.09547675315978665,snapshot_492.xyz,32,4000,16.757672110741936,4000,all,492
0.0903654,0.100666,0.0,0.8976754812945781,0.10232451870542192,snapshot_493.xyz,32,4000,16.757672110741936,4000,all,493
0.0905752,0.100805,0.0,0.8985189226724863,0.10148107732751366,snapshot_494.xyz,32,4000,16.757672110741936,4000,all,494
0.088966,0.10032,0.0,0.8868221690590111,0.11317783094098888,snapshot_495.xyz,32,4000,16.757672110741936,4000,all,495
0.0903654,0.100181,0.0,0.9020213413721164,0.09797865862788357,snapshot_496.xyz,32,4000,16.757672110741936,4000,all,496
0.0904354,0.100389,0.0,0.900849694687665,0.09915030531233504,snapshot_497.xyz,32,4000,16.757672110741936,4000,all,497
0.089526,0.0994878,0.0,0.8998691296822323,0.10013087031776768,snapshot_498.xyz,32,4000,16.757672110741936,4000,all,498
0.090715,0.100874,0.0,0.899290203620358,0.10070979637964195,snapshot_499.xyz,32,4000,16.757672110741936,4000,all,499
0.0900157,0.100389,0.0,0.8966689577543356,0.10333104224566436,snapshot_500.xyz,32,4000,16.757672110741936,4000,all,500
0.0898758,0.100112,0.0,0.8977525171807575,0.10224748281924245,snapshot_501.xyz,32,4000,16.757672110741936,4000,all,501
0.0898059,0.0996265,0.0,0.9014258254580858,0.0985741745419142,snapshot_502.xyz,32,4000,16.757672110741936,4000,all,502
0.0900157,0.100528,0.0,0.8954291341715741,0.1045708658284259,snapshot_503.xyz,32,4000,16.757672110741936,4000,all,503
0.0902256,0.0996265,0.0,0.905638560021681,0.09436143997831903,snapshot_504.xyz,32,4000,16.757672110741936,4000,all,504
0.091344,0.100666,0.0,0.9073967377267398,0.09260326227326021,snapshot_505.xyz,32,4000,16.757672110741936,4000,all,505
0.0899458,0.100736,0.0,0.8928863564167726,0.10711364358322739,snapshot_506.xyz,32,4000,16.757672110741936,4000,all,506
0.090715,0.10032,0.0,0.9042563795853269,0.0957436204146731,snapshot_507.xyz,32,4000,16.757672110741936,4000,all,507
0.0908548,0.100112,0.0,0.9075315646475947,0.09246843535240534,snapshot_508.xyz,32,4000,16.757672110741936,4000,all,508
0.0912741,0.100389,0.0,0.9092041956788094,0.09079580432119061,snapshot_509.xyz,32,4000,16.757672110741936,4000,all,509
0.0910645,0.101013,0.0,0.901512676586182,0.09848732341381805,snapshot_510.xyz,32,4000,16.757672110741936,4000,all,510
0.090715,0.0998345,0.0,0.908653822075535,0.09134617792446498,snapshot_511.xyz,32,4000,16.757672110741936,4000,all,511
0.0902256,0.10032,0.0,0.8993779904306219,0.10062200956937806,snapshot_512.xyz,32,4000,16.757672110741936,4000,all,512
0.091344,0.100666,0.0,0.9073967377267398,0.09260326227326021,snapshot_513.xyz,32,4000,16.757672110741936,4000,all,513
0.0912042,0.100458,0.0,0.9078838917756674,0.09211610822433258,snapshot_514.xyz,32,4000,16.757672110741936,4000,all,514
0.0918329,0.10032,0.0,0.9153997208931418,0.08460027910685819,snapshot_515.xyz,32,4000,16.757672110741936,4000,all,515
0.0911344,0.100666,0.0,0.9053146047324817,0.09468539526751829,snapshot_516.xyz,32,4000,16.757672110741936,4000,all,516
0.0909946,0.0998345,0.0,0.9114544571265443,0.08854554287345573,snapshot_517.xyz,32,4000,16.757672110741936,4000,all,517
0.0908548,0.0997652,0.0,0.9106862914122359,0.0893137085877641,snapshot_518.xyz,32,4000,16.757672110741936,4000,all,518
0.0916932,0.100805,0.0,0.9096096423788502,0.09039035762114978,snapshot_519.xyz,32,4000,16.757672110741936,4000,all,519
0.0906451,0.0999732,0.0,0.9066939939903895,0.09330600600961048,snapshot_520.xyz,32,4000,16.757672110741936,4000,all,520
0.0911344,0.10025,0.0,0.9090713216957605,0.09092867830423945,snapshot_521.xyz,32,4000,16.757672110741936,4000,all,521
0.0917631,0.10122,0.0,0.9065708358032009,0.09342916419679914,snapshot_522.xyz,32,4000,16.757672110741936,4000,all,522
0.0915535,0.100458,0.0,0.9113609667721833,0.08863903322781674,snapshot_523.xyz,32,4000,16.757672110741936,4000,all,523
0.0926008,0.100389,0.0,0.9224197870284592,0.07758021297154083,snapshot_524.xyz,32,4000,16.757672110741936,4000,all,524
0.0919726,0.101151,0.0,0.9092604126503939,0.09073958734960608,snapshot_525.xyz,32,4000,16.757672110741936,4000,all,525
0.0916932,0.0999039,0.0,0.9178140192725209,0.08218598072747907,snapshot_526.xyz,32,4000,16.757672110741936,4000,all,526
0.0928799,0.100943,0.0,0.9201222472088207,0.07987775279117926,snapshot_527.xyz,32,4000,16.757672110741936,4000,all,527
0.0919726,0.0999039,0.0,0.9206107068893206,0.07938929311067944,snapshot_528.xyz,32,4000,16.757672110741936,4000,all,528
0.0928799,0.10032,0.0,0.9258363237639553,0.0741636762360447,snapshot_529.xyz,32,4000,16.757672110741936,4000,all,529
0.0919027,0.0995572,0.0,0.9231145512328591,0.07688544876714087,snapshot_530.xyz,32,4000,16.757672110741936,4000,all,530
0.0923216,0.100528,0.0,0.9183670221231895,0.08163297787681045,snapshot_531.xyz,32,4000,16.757672110741936,4000,all,531
0.0929496,0.10025,0.0,0.9271780548628428,0.07282194513715723,snapshot_532.xyz,32,4000,16.757672110741936,4000,all,532
0.0931589,0.100736,0.0,0.9247826000635324,0.07521739993646759,snapshot_533.xyz,32,4000,16.757672110741936,4000,all,533
0.0932984,0.10025,0.0,0.9306573566084788,0.06934264339152119,snapshot_534.xyz,32,4000,16.757672110741936,4000,all,534
0.0932984,0.100666,0.0,0.9268114358373234,0.0731885641626766,snapshot_535.xyz,32,4000,16.757672110741936,4000,all,535
0.0927403,0.0999732,0.0,0.9276516106316492,0.07234838936835075,snapshot_536.xyz,32,4000,16.757672110741936,4000,all,536
0.0942046,0.100874,0.0,0.9338838551063703,0.06611614489362971,snapshot_537.xyz,32,4000,16.757672110741936,4000,all,537
0.093647,0.100181,0.0,0.9347780517263752,0.06522194827362482,snapshot_538.xyz,32,4000,16.757672110741936,4000,all,538
0.0939955,0.100805,0.0,0.9324487872625364,0.06755121273746356,snapshot_539.xyz,32,4000,16.757672110741936,4000,all,539
0.0942046,0.101151,0.0,0.9313264327589444,0.06867356724105556,snapshot_540.xyz,32,4000,16.757672110741936,4000,all,540
0.0937167,0.100528,0.0,0.9322447477319751,0.06775525226802492,snapshot_541.xyz,32,4000,16.757672110741936,4000,all,541
0.0941349,0.100181,0.0,0.9396482366915881,0.060351763308411854,snapshot_542.xyz,32,4000,16.757672110741936,4000,all,542
0.0946922,0.100528,0.0,0.9419485118573929,0.05805148814260708,snapshot_543.xyz,32,4000,16.757672110741936,4000,all,543
0.0946922,0.10122,0.0,0.9355087927287098,0.06449120727129021,snapshot_544.xyz,32,4000,16.757672110741936,4000,all,544
0.0941349,0.100181,0.0,0.9396482366915881,0.060351763308411854,snapshot_545.xyz,32,4000,16.757672110741936,4000,all,545
0.0942742,0.10032,0.0,0.9397348484848485,0.06026515151515155,snapshot_546.xyz,32,4000,16.757672110741936,4000,all,546
0.0944136,0.100112,0.0,0.9430797506792392,0.056920249320760785,snapshot_547.xyz,32,4000,16.757672110741936,4000,all,547
0.0939258,0.0999039,0.0,0.9401614951968842,0.05983850480311581,snapshot_548.xyz,32,4000,16.757672110741936,4000,all,548
0.0932286,0.100666,0.0,0.9261180537619453,0.07388194623805466,snapshot_549.xyz,32,4000,16.757672110741936,4000,all,549
0.093647,0.10032,0.0,0.9334828548644337,0.06651714513556628,snapshot_550.xyz,32,4000,16.757672110741936,4000,all,550
0.0946226,0.100528,0.0,0.9412561674359382,0.05874383256406179,snapshot_551.xyz,32,4000,16.757672110741936,4000,all,551
0.0949011,0.100597,0.0,0.9433790272075707,0.05662097279242928,snapshot_552.xyz,32,4000,16.757672110741936,4000,all,552
0.0941349,0.100597,0.0,0.9357624978876108,0.06423750211238921,snapshot_553.xyz,32,4000,16.757672110741936,4000,all,553
0.0946226,0.100805,0.0,0.9386697088438073,0.06133029115619271,snapshot_554.xyz,32,4000,16.757672110741936,4000,all,554
0.0943439,0.100805,0.0,0.9359049650314963,0.06409503496850366,snapshot_555.xyz,32,4000,16.757672110741936,4000,all,555
0.0942742,0.100805,0.0,0.9352135310748475,0.0647864689251525,snapshot_556.xyz,32,4000,16.757672110741936,4000,all,556
0.0939955,0.100736,0.0,0.9330874761753494,0.06691252382465063,snapshot_557.xyz,32,4000,16.757672110741936,4000,all,557
0.0942742,0.100389,0.0,0.9390889440078096,0.06091105599219038,snapshot_558.xyz,32,4000,16.757672110741936,4000,all,558
0.0946226,0.101151,0.0,0.9354588684244347,0.06454113157556529,snapshot_559.xyz,32,4000,16.757672110741936,4000,all,559
0.0945529,0.100458,0.0,0.9412182205498815,0.05878177945011853,snapshot_560.xyz,32,4000,16.757672110741936,4000,all,560
0.0939955,0.100528,0.0,0.9350181044087218,0.0649818955912782,snapshot_561.xyz,32,4000,16.757672110741936,4000,all,561
0.0945529,0.10032,0.0,0.9425129585326952,0.05748704146730477,snapshot_562.xyz,32,4000,16.757672110741936,4000,all,562
0.0940652,0.101151,0.0,0.9299482951231327,0.0700517048768673,snapshot_563.xyz,32,4000,16.757672110741936,4000,all,563
0.0939258,0.0999039,0.0,0.9401614951968842,0.05983850480311581,snapshot_564.xyz,32,4000,16.757672110741936,4000,all,564
0.0942742,0.10032,0.0,0.9397348484848485,0.06026515151515155,snapshot_565.xyz,32,4000,16.757672110741936,4000,all,565
0.0939258,0.100736,0.0,0.9323955686149936,0.06760443138500638,snapshot_566.xyz,32,4000,16.757672110741936,4000,all,566
0.0938561,0.100666,0.0,0.9323515387519122,0.06764846124808777,snapshot_567.xyz,32,4000,16.757672110741936,4000,all,567
0.0943439,0.100736,0.0,0.9365460212833544,0.0634539787166456,snapshot_568.xyz,32,4000,16.757672110741936,4000,all,568
0.0945529,0.10032,0.0,0.9425129585326952,0.05748704146730477,snapshot_569.xyz,32,4000,16.757672110741936,4000,all,569
0.0932286,0.100597,0.0,0.9267532829010804,0.07324671709891961,snapshot_570.xyz,32,4000,16.757672110741936,4000,all,570
0.09511,0.100528,0.0,0.9461045678815851,0.053895432118414854,snapshot_571.xyz,32,4000,16.757672110741936,4000,all,571
0.0942046,0.100597,0.0,0.9364553614918933,0.06354463850810665,snapshot_572.xyz,32,4000,16.757672110741936,4000,all,572
0.0939955,0.100458,0.0,0.9356696330804912,0.06433036691950877,snapshot_573.xyz,32,4000,16.757672110741936,4000,all,573
0.0939258,0.100389,0.0,0.9356184442518602,0.06438155574813975,snapshot_574.xyz,32,4000,16.757672110741936,4000,all,574
0.0938561,0.10025,0.0,0.9362204488778054,0.06377955112219458,snapshot_575.xyz,32,4000,16.757672110741936,4000,all,575
0.0945529,0.100528,0.0,0.9405628282667514,0.059437171733248584,snapshot_576.xyz,32,4000,16.757672110741936,4000,all,576
0.0932286,0.0999039,0.0,0.9331827886599021,0.06681721134009788,snapshot_577.xyz,32,4000,16.757672110741936,4000,all,577
0.0937167,0.100181,0.0,0.9354737924356913,0.06452620756430871,snapshot_578.xyz,32,4000,16.757672110741936,4000,all,578
0.0935076,0.100043,0.0,0.9346740901412391,0.06532590985876086,snapshot_579.xyz,32,4000,16.757672110741936,4000,all,579
0.0942742,0.100805,0.0,0.9352135310748475,0.0647864689251525,snapshot_580.xyz,32,4000,16.757672110741936,4000,all,580
0.093647,0.10032,0.0,0.9334828548644337,0.06651714513556628,snapshot_581.xyz,32,4000,16.757672110741936,4000,all,581
0.0944136,0.100389,0.0,0.9404775423602187,0.05952245763978126,snapshot_582.xyz,32,4000,16.757672110741936,4000,all,582
0.0939955,0.100736,0.0,0.9330874761753494,0.06691252382465063,snapshot_583.xyz,32,4000,16.757672110741936,4000,all,583
0.0948315,0.10122,0.0,0.9368850029638411,0.06311499703615886,snapshot_584.xyz,32,4000,16.757672110741936,4000,all,584
0.0935076,0.100805,0.0,0.9276087495659937,0.0723912504340063,snapshot_585.xyz,32,4000,16.757672110741936,4000,all,585
0.0939258,0.100181,0.0,0.9375610145636398,0.06243898543636017,snapshot_586.xyz,32,4000,16.757672110741936,4000,all,586
0.0942046,0.0999039,0.0,0.9429521770421374,0.05704782295786259,snapshot_587.xyz,32,4000,16.757672110741936,4000,all,587
0.0941349,0.100458,0.0,0.9370572776682792,0.06294272233172082,snapshot_588.xyz,32,4000,16.757672110741936,4000,all,588
0.0944833,0.10025,0.0,0.9424768079800498,0.05752319201995015,snapshot_589.xyz,32,4000,16.757672110741936,4000,all,589
0.0939955,0.100528,0.0,0.9350181044087218,0.0649818955912782,snapshot_590.xyz,32,4000,16.757672110741936,4000,all,590
0.0937864,0.0999039,0.0,0.9387661542742576,0.06123384572574242,snapshot_591.xyz,32,4000,16.757672110741936,4000,all,591
0.0939258,0.100112,0.0,0.9382072079271216,0.061792792072878355,snapshot_592.xyz,32,4000,16.757672110741936,4000,all,592
0.0943439,0.100528,0.0,0.9384838055069233,0.06151619449307666,snapshot_593.xyz,32,4000,16.757672110741936,4000,all,593
0.0935076,0.10032,0.0,0.9320933014354066,0.06790669856459342,snapshot_594.xyz,32,4000,16.757672110741936,4000,all,594
0.0944833,0.100458,0.0,0.9405253936968684,0.059474606303131616,snapshot_595.xyz,32,4000,16.757672110741936,4000,all,595
0.0939258,0.100597,0.0,0.9336839070747637,0.06631609292523633,snapshot_596.xyz,32,4000,16.757672110741936,4000,all,596
0.0937864,0.100458,0.0,0.9335881661988095,0.06641183380119053,snapshot_597.xyz,32,4000,16.757672110741936,4000,all,597
0.0930194,0.100528,0.0,0.9253083717969123,0.07469162820308772,snapshot_598.xyz,32,4000,16.757672110741936,4000,all,598
0.0938561,0.10032,0.0,0.9355671850079744,0.06443281499202558,snapshot_599.xyz,32,4000,16.757672110741936,4000,all,599
0.093647,0.100389,0.0,0.9328412475470419,0.0671587524529581,snapshot_600.xyz,32,4000,16.757672110741936,4000,all,600
0.0929496,0.100528,0.0,0.9246140378799935,0.07538596212000648,snapshot_601.xyz,32,4000,16.757672110741936,4000,all,601
0.093647,0.100805,0.0,0.9289916174792916,0.0710083825207084,snapshot_602.xyz,32,4000,16.757672110741936,4000,all,602
0.0941349,0.100874,0.0,0.9331928941055176,0.06680710589448235,snapshot_603.xyz,32,4000,16.757672110741936,4000,all,603
0.0942742,0.100597,0.0,0.9371472310307464,0.06285276896925363,snapshot_604.xyz,32,4000,16.757672110741936,4000,all,604
0.0940652,0.10032,0.0,0.9376515151515151,0.062348484848484875,snapshot_605.xyz,32,4000,16.757672110741936,4000,all,605
0.0943439,0.101497,0.0,0.9295240253406504,0.07047597465934963,snapshot_606.xyz,32,4000,16.757672110741936,4000,all,606
0.0938561,0.100666,0.0,0.9323515387519122,0.06764846124808777,snapshot_607.xyz,32,4000,16.757672110741936,4000,all,607
0.0939258,0.10032,0.0,0.936261961722488,0.06373803827751201,snapshot_608.xyz,32,4000,16.757672110741936,4000,all,608
0.0939955,0.10025,0.0,0.9376109725685785,0.062389027431421495,snapshot_609.xyz,32,4000,16.757672110741936,4000,all,609
0.0939955,0.10122,0.0,0.9286257656589606,0.0713742343410394,snapshot_610.xyz,32,4000,16.757672110741936,4000,all,610
0.0937864,0.100805,0.0,0.9303744853925897,0.06962551460741029,snapshot_611.xyz,32,4000,16.757672110741936,4000,all,611
0.0935773,0.100736,0.0,0.9289360308132147,0.07106396918678526,snapshot_612.xyz,32,4000,16.757672110741936,4000,all,612
0.0943439,0.100458,0.0,0.9391377491090803,0.06086225089091968,snapshot_613.xyz,32,4000,16.757672110741936,4000,all,613
0.0942742,0.100528,0.0,0.9377904663377367,0.06220953366226334,snapshot_614.xyz,32,4000,16.757672110741936,4000,all,614
0.0940652,0.0999732,0.0,0.9409041623155006,0.05909583768449944,snapshot_615.xyz,32,4000,16.757672110741936,4000,all,615
0.0940652,0.100181,0.0,0.938952495982272,0.06104750401772796,snapshot_616.xyz,32,4000,16.757672110741936,4000,all,616
0.0938561,0.0999039,0.0,0.9394638247355708,0.060536175264429226,snapshot_617.xyz,32,4000,16.757672110741936,4000,all,617
0.0949011,0.100805,0.0,0.9414324686275483,0.05856753137245174,snapshot_618.xyz,32,4000,16.757672110741936,4000,all,618
0.0942742,0.100874,0.0,0.9345738247714971,0.06542617522850291,snapshot_619.xyz,32,4000,16.757672110741936,4000,all,619
0.0943439,0.100666,0.0,0.9371972662070609,0.0628027337929391,snapshot_620.xyz,32,4000,16.757672110741936,4000,all,620
0.0944833,0.100389,0.0,0.9411718415364233,0.058828158463576696,snapshot_621.xyz,32,4000,16.757672110741936,4000,all,621
0.0935076,0.100112,0.0,0.9340298865270895,0.06597011347291049,snapshot_622.xyz,32,4000,16.757672110741936,4000,all,622
0.0946226,0.100943,0.0,0.9373864458159555,0.06261355418404446,snapshot_623.xyz,32,4000,16.757672110741936,4000,all,623
0.0948315,0.101359,0.0,0.9356001933720735,0.06439980662792655,snapshot_624.xyz,32,4000,16.757672110741936,4000,all,624
0.0941349,0.10025,0.0,0.9390014962593515,0.060998503740648524,snapshot_625.xyz,32,4000,16.757672110741936,4000,all,625
0.0939258,0.100458,0.0,0.9349758107865974,0.06502418921340258,snapshot_626.xyz,32,4000,16.757672110741936,4000,all,626
0.0940652,0.10122,0.0,0.9293143647500494,0.07068563524995064,snapshot_627.xyz,32,4000,16.757672110741936,4000,all,627
0.0939258,0.0999039,0.0,0.9401614951968842,0.05983850480311581,snapshot_628.xyz,32,4000,16.757672110741936,4000,all,628
0.0942046,0.101013,0.0,0.9325987744151742,0.06740122558482575,snapshot_629.xyz,32,4000,16.757672110741936,4000,all,629
0.0938561,0.100666,0.0,0.9323515387519122,0.06764846124808777,snapshot_630.xyz,32,4000,16.757672110741936,4000,all,630
0.0939955,0.101151,0.0,0.9292592263052267,0.07074077369477327,snapshot_631.xyz,32,4000,16.757672110741936,4000,all,631
0.0938561,0.100874,0.0,0.9304290501021075,0.06957094989789248,snapshot_632.xyz,32,4000,16.757672110741936,4000,all,632
0.0943439,0.100389,0.0,0.9397832431840141,0.06021675681598593,snapshot_633.xyz,32,4000,16.757672110741936,4000,all,633
0.0944833,0.0999039,0.0,0.9457418579254664,0.05425814207453361,snapshot_634.xyz,32,4000,16.757672110741936,4000,all,634
0.0937864,0.10129,0.0,0.925919636686741,0.07408036331325896,snapshot_635.xyz,32,4000,16.757672110741936,4000,all,635
0.0943439,0.100112,0.0,0.9423835304459005,0.05761646955409949,snapshot_636.xyz,32,4000,16.757672110741936,4000,all,636
0.0933681,0.100043,0.0,0.9332796897334146,0.06672031026658543,snapshot_637.xyz,32,4000,16.757672110741936,4000,all,637
0.0942046,0.100736,0.0,0.9351631988564167,0.06483680114358326,snapshot_638.xyz,32,4000,16.757672110741936,4000,all,638
0.0938561,0.100458,0.0,0.9342819884927034,0.06571801150729661,snapshot_639.xyz,32,4000,16.757672110741936,4000,all,639
0.0944136,0.100181,0.0,0.9424302013355825,0.05756979866441747,snapshot_640.xyz,32,4000,16.757672110741936,4000,all,640
0.093647,0.100874,0.0,0.9283561670995498,0.07164383290045018,snapshot_641.xyz,32,4000,16.757672110741936,4000,all,641
0.0942742,0.100458,0.0,0.9384439268151864,0.0615560731848136,snapshot_642.xyz,32,4000,16.757672110741936,4000,all,642
0.0944833,0.101151,0.0,0.9340817194095956,0.06591828059040439,snapshot_643.xyz,32,4000,16.757672110741936,4000,all,643
0.0939258,0.10032,0.0,0.936261961722488,0.06373803827751201,snapshot_644.xyz,32,4000,16.757672110741936,4000,all,644
0.0942046,0.101013,0.0,0.9325987744151742,0.06740122558482575,snapshot_645.xyz,32,4000,16.757672110741936,4000,all,645
0.093647,0.100736,0.0,0.9296279383735704,0.07037206162642962,snapshot_646.xyz,32,4000,16.757672110741936,4000,all,646
0.0939258,0.100943,0.0,0.9304835402157653,0.06951645978423471,snapshot_647.xyz,32,4000,16.757672110741936,4000,all,647
0.0932286,0.10032,0.0,0.9293122009569377,0.07068779904306233,snapshot_648.xyz,32,4000,16.757672110741936,4000,all,648
0.0943439,0.0997652,0.0,0.9456594082906664,0.054340591709333586,snapshot_649.xyz,32,4000,16.757672110741936,4000,all,649
0.0932286,0.100874,0.0,0.9242084184229831,0.07579158157701693,snapshot_650.xyz,32,4000,16.757672110741936,4000,all,650
0.0940652,0.100666,0.0,0.9344287048258597,0.06557129517414029,snapshot_651.xyz,32,4000,16.757672110741936,4000,all,651
0.0941349,0.100736,0.0,0.9344712912960609,0.06552870870393912,snapshot_652.xyz,32,4000,16.757672110741936,4000,all,652
0.0937864,0.100874,0.0,0.929738089101255,0.070261910898745,snapshot_653.xyz,32,4000,16.757672110741936,4000,all,653
0.0942046,0.100805,0.0,0.9345230891324835,0.0654769108675165,snapshot_654.xyz,32,4000,16.757672110741936,4000,all,654
0.0942742,0.100805,0.0,0.9352135310748475,0.0647864689251525,snapshot_655.xyz,32,4000,16.757672110741936,4000,all,655
0.0944136,0.100874,0.0,0.9359557467732021,0.06404425322679785,snapshot_656.xyz,32,4000,16.757672110741936,4000,all,656
0.0942742,0.100458,0.0,0.9384439268151864,0.0615560731848136,snapshot_657.xyz,32,4000,16.757672110741936,4000,all,657
0.0941349,0.0999039,0.0,0.9422545065808241,0.0577454934191759,snapshot_658.xyz,32,4000,16.757672110741936,4000,all,658
0.0949011,0.10032,0.0,0.9459838516746412,0.05401614832535884,snapshot_659.xyz,32,4000,16.757672110741936,4000,all,659
0.0944833,0.100666,0.0,0.9385820435896927,0.06141795641030734,snapshot_660.xyz,32,4000,16.757672110741936,4000,all,660
0.0942742,0.100874,0.0,0.9345738247714971,0.06542617522850291,snapshot_661.xyz,32,4000,16.757672110741936,4000,all,661
0.0947619,0.10032,0.0,0.9445962918660286,0.05540370813397144,snapshot_662.xyz,32,4000,16.757672110741936,4000,all,662
0.0948315,0.100874,0.0,0.9400985387711401,0.059901461228859865,snapshot_663.xyz,32,4000,16.757672110741936,4000,all,663
0.0942046,0.101151,0.0,0.9313264327589444,0.06867356724105556,snapshot_664.xyz,32,4000,16.757672110741936,4000,all,664
0.093647,0.10032,0.0,0.9334828548644337,0.06651714513556628,snapshot_665.xyz,32,4000,16.757672110741936,4000,all,665
0.09511,0.100736,0.0,0.9441510482846251,0.05584895171537485,snapshot_666.xyz,32,4000,16.757672110741936,4000,all,666
0.0939258,0.100666,0.0,0.9330439274432281,0.06695607255677194,snapshot_667.xyz,32,4000,16.757672110741936,4000,all,667
0.0947619,0.100666,0.0,0.9413496115868316,0.058650388413168386,snapshot_668.xyz,32,4000,16.757672110741936,4000,all,668
0.0942742,0.100597,0.0,0.9371472310307464,0.06285276896925363,snapshot_669.xyz,32,4000,16.757672110741936,4000,all,669
0.0939258,0.10032,0.0,0.936261961722488,0.06373803827751201,snapshot_670.xyz,32,4000,16.757672110741936,4000,all,670
0.0937864,0.100597,0.0,0.9322981798661988,0.06770182013380122,snapshot_671.xyz,32,4000,16.757672110741936,4000,all,671
0.0947619,0.100458,0.0,0.9432986919906826,0.056701308009317386,snapshot_672.xyz,32,4000,16.757672110741936,4000,all,672
0.0950404,0.100458,0.0,0.9460709948436161,0.05392900515638388,snapshot_673.xyz,32,4000,16.757672110741936,4000,all,673
0.0942742,0.101082,0.0,0.9326507192180605,0.06734928078193947,snapshot_674.xyz,32,4000,16.757672110741936,4000,all,674
0.0948315,0.100528,0.0,0.9433341954480343,0.05666580455196568,snapshot_675.xyz,32,4000,16.757672110741936,4000,all,675
0.0937864,0.10025,0.0,0.9355251870324189,0.06447481296758106,snapshot_676.xyz,32,4000,16.757672110741936,4000,all,676
0.0942742,0.100666,0.0,0.9365048775157451,0.06349512248425493,snapshot_677.xyz,32,4000,16.757672110741936,4000,all,677
0.0938561,0.0999039,0.0,0.9394638247355708,0.060536175264429226,snapshot_678.xyz,32,4000,16.757672110741936,4000,all,678
0.0941349,0.100736,0.0,0.9344712912960609,0.06552870870393912,snapshot_679.xyz,32,4000,16.757672110741936,4000,all,679
0.0939258,0.100389,0.0,0.9356184442518602,0.06438155574813975,snapshot_680.xyz,32,4000,16.757672110741936,4000,all,680
0.0937167,0.101151,0.0,0.9265029510336031,0.07349704896639686,snapshot_681.xyz,32,4000,16.757672110741936,4000,all,681
0.0937864,0.10032,0.0,0.934872408293461,0.06512759170653903,snapshot_682.xyz,32,4000,16.757672110741936,4000,all,682
0.0932984,0.100736,0.0,0.9261674078780178,0.07383259212198223,snapshot_683.xyz,32,4000,16.757672110741936,4000,all,683
0.0944833,0.10129,0.0,0.9327998815282852,0.06720011847171481,snapshot_684.xyz,32,4000,16.757672110741936,4000,all,684
0.0937167,0.100597,0.0,0.9316053162619163,0.06839468373808366,snapshot_685.xyz,32,4000,16.757672110741936,4000,all,685
0.0946922,0.10025,0.0,0.9445605985037406,0.055439401496259366,snapshot_686.xyz,32,4000,16.757672110741936,4000,all,686
0.0939955,0.100597,0.0,0.934376770679046,0.06562322932095399,snapshot_687.xyz,32,4000,16.757672110741936,4000,all,687
0.0940652,0.101013,0.0,0.9312187540217596,0.06878124597824042,snapshot_688.xyz,32,4000,16.757672110741936,4000,all,688
0.0942742,0.100943,0.0,0.9339349930158604,0.06606500698413964,snapshot_689.xyz,32,4000,16.757672110741936,4000,all,689
0.0937864,0.100597,0.0,0.9322981798661988,0.06770182013380122,snapshot_690.xyz,32,4000,16.757672110741936,4000,all,690
0.0944136,0.100112,0.0,0.9430797506792392,0.056920249320760785,snapshot_691.xyz,32,4000,16.757672110741936,4000,all,691
0.0942046,0.100805,0.0,0.9345230891324835,0.0654769108675165,snapshot_692.xyz,32,4000,16.757672110741936,4000,all,692
0.0943439,0.100666,0.0,0.9371972662070609,0.0628027337929391,snapshot_693.xyz,32,4000,16.757672110741936,4000,all,693
0.0938561,0.100666,0.0,0.9323515387519122,0.06764846124808777,snapshot_694.xyz,32,4000,16.757672110741936,4000,all,694
0.0946226,0.100666,0.0,0.9399658275882621,0.06003417241173792,snapshot_695.xyz,32,4000,16.757672110741936,4000,all,695
0.0939955,0.0999732,0.0,0.9402069754694258,0.059793024530574224,snapshot_696.xyz,32,4000,16.757672110741936,4000,all,696
0.09511,0.100805,0.0,0.9435047864689251,0.056495213531074895,snapshot_697.xyz,32,4000,16.757672110741936,4000,all,697
0.0949708,0.100389,0.0,0.9460279512695613,0.053972048730438704,snapshot_698.xyz,32,4000,16.757672110741936,4000,all,698
0.0938561,0.100666,0.0,0.9323515387519122,0.06764846124808777,snapshot_699.xyz,32,4000,16.757672110741936,4000,all,699
0.0939258,0.100389,0.0,0.9356184442518602,0.06438155574813975,snapshot_700.xyz,32,4000,16.757672110741936,4000,all,700
0.0943439,0.101013,0.0,0.9339778048370011,0.0660221951629989,snapshot_701.xyz,32,4000,16.757672110741936,4000,all,701
0.0945529,0.0999732,0.0,0.9457824697018801,0.05421753029811993,snapshot_702.xyz,32,4000,16.757672110741936,4000,all,702
0.09511,0.100597,0.0,0.9454556298895592,0.054544370110440776,snapshot_703.xyz,32,4000,16.757672110741936,4000,all,703
0.0942742,0.0999732,0.0,0.942994722585653,0.05700527741434702,snapshot_704.xyz,32,4000,16.757672110741936,4000,all,704
0.0945529,0.100181,0.0,0.9438206845609446,0.05617931543905541,snapshot_705.xyz,32,4000,16.757672110741936,4000,all,705
0.0946226,0.100597,0.0,0.9406105549867292,0.059389445013270814,snapshot_706.xyz,32,4000,16.757672110741936,4000,all,706
0.0945529,0.100389,0.0,0.9418651445875543,0.058134855412445674,snapshot_707.xyz,32,4000,16.757672110741936,4000,all,707
0.0944136,0.100528,0.0,0.9391771446761101,0.06082285532388987,snapshot_708.xyz,32,4000,16.757672110741936,4000,all,708
0.0944833,0.100389,0.0,0.9411718415364233,0.058828158463576696,snapshot_709.xyz,32,4000,16.757672110741936,4000,all,709
0.0945529,0.100389,0.0,0.9418651445875543,0.058134855412445674,snapshot_710.xyz,32,4000,16.757672110741936,4000,all,710
0.0945529,0.100112,0.0,0.9444711922646635,0.05552880773533653,snapshot_711.xyz,32,4000,16.757672110741936,4000,all,711
0.0949011,0.100112,0.0,0.9479492967875979,0.05205070321240213,snapshot_712.xyz,32,4000,16.757672110741936,4000,all,712
0.0951797,0.10032,0.0,0.9487609649122807,0.05123903508771932,snapshot_713.xyz,32,4000,16.757672110741936,4000,all,713
0.0944136,0.100874,0.0,0.9359557467732021,0.06404425322679785,snapshot_714.xyz,32,4000,16.757672110741936,4000,all,714
0.0942046,0.0994184,0.0,0.947556991462345,0.052443008537655045,snapshot_715.xyz,32,4000,16.757672110741936,4000,all,715
0.0939955,0.10032,0.0,0.9369567384370014,0.06304326156299855,snapshot_716.xyz,32,4000,16.757672110741936,4000,all,716
0.0940652,0.100943,0.0,0.931864517599041,0.06813548240095901,snapshot_717.xyz,32,4000,16.757672110741936,4000,all,717
0.0946226,0.100043,0.0,0.9458192977019881,0.05418070229801186,snapshot_718.xyz,32,4000,16.757672110741936,4000,all,718
0.0945529,0.10032,0.0,0.9425129585326952,0.05748704146730477,snapshot_719.xyz,32,4000,16.757672110741936,4000,all,719
0.0933681,0.10032,0.0,0.9307027511961722,0.06929724880382782,snapshot_720.xyz,32,4000,16.757672110741936,4000,all,720
0.0948315,0.100528,0.0,0.9433341954480343,0.05666580455196568,snapshot_721.xyz,32,4000,16.757672110741936,4000,all,721
0.0935773,0.101013,0.0,0.9263886826448081,0.07361131735519189,snapshot_722.xyz,32,4000,16.757672110741936,4000,all,722
0.0938561,0.100805,0.0,0.9310659193492385,0.06893408065076145,snapshot_723.xyz,32,4000,16.757672110741936,4000,all,723
0.0939955,0.100528,0.0,0.9350181044087218,0.0649818955912782,snapshot_724.xyz,32,4000,16.757672110741936,4000,all,724
0.0935773,0.100389,0.0,0.9321469483708374,0.06785305162916255,snapshot_725.xyz,32,4000,16.757672110741936,4000,all,725
0.0935773,0.100528,0.0,0.9308580693936017,0.06914193060639828,snapshot_726.xyz,32,4000,16.757672110741936,4000,all,726
0.0935076,0.10032,0.0,0.9320933014354066,0.06790669856459342,snapshot_727.xyz,32,4000,16.757672110741936,4000,all,727
0.0937864,0.100389,0.0,0.9342298458994511,0.06577015410054887,snapshot_728.xyz,32,4000,16.757672110741936,4000,all,728
0.0947619,0.101428,0.0,0.934277517056434,0.06572248294356597,snapshot_729.xyz,32,4000,16.757672110741936,4000,all,729
0.0942742,0.100666,0.0,0.9365048775157451,0.06349512248425493,snapshot_730.xyz,32,4000,16.757672110741936,4000,all,730
0.0942742,0.100112,0.0,0.9416873102125619,0.05831268978743809,snapshot_731.xyz,32,4000,16.757672110741936,4000,all,731
0.0942742,0.100666,0.0,0.9365048775157451,0.06349512248425493,snapshot_732.xyz,32,4000,16.757672110741936,4000,all,732
0.0934378,0.100805,0.0,0.9269163235950597,0.07308367640494029,snapshot_733.xyz,32,4000,16.757672110741936,4000,all,733
0.0942742,0.100458,0.0,0.9384439268151864,0.0615560731848136,snapshot_734.xyz,32,4000,16.757672110741936,4000,all,734
0.0952493,0.101151,0.0,0.9416545560597521,0.058345443940247876,snapshot_735.xyz,32,4000,16.757672110741936,4000,all,735
0.0943439,0.101636,0.0,0.9282527844464559,0.07174721555354413,snapshot_736.xyz,32,4000,16.757672110741936,4000,all,736
0.0946226,0.101567,0.0,0.9316273986629515,0.06837260133704848,snapshot_737.xyz,32,4000,16.757672110741936,4000,all,737
0.093647,0.100597,0.0,0.9309124526576338,0.06908754734236622,snapshot_738.xyz,32,4000,16.757672110741936,4000,all,738
0.0944833,0.100805,0.0,0.9372878329447945,0.06271216705520555,snapshot_739.xyz,32,4000,16.757672110741936,4000,all,739
0.0946226,0.100805,0.0,0.9386697088438073,0.06133029115619271,snapshot_740.xyz,32,4000,16.757672110741936,4000,all,740
0.0941349,0.100181,0.0,0.9396482366915881,0.060351763308411854,snapshot_741.xyz,32,4000,16.757672110741936,4000,all,741
0.0942742,0.100528,0.0,0.9377904663377367,0.06220953366226334,snapshot_742.xyz,32,4000,16.757672110741936,4000,all,742
0.0950404,0.100458,0.0,0.9460709948436161,0.05392900515638388,snapshot_743.xyz,32,4000,16.757672110741936,4000,all,743
0.0939955,0.100943,0.0,0.9311740289074031,0.06882597109259692,snapshot_744.xyz,32,4000,16.757672110741936,4000,all,744
0.0939258,0.100597,0.0,0.9336839070747637,0.06631609292523633,snapshot_745.xyz,32,4000,16.757672110741936,4000,all,745
0.0939258,0.10025,0.0,0.936915710723192,0.06308428927680798,snapshot_746.xyz,32,4000,16.757672110741936,4000,all,746
0.0933681,0.100736,0.0,0.9268593154383735,0.07314068456162648,snapshot_747.xyz,32,4000,16.757672110741936,4000,all,747
0.0944136,0.100943,0.0,0.935315970399136,0.06468402960086395,snapshot_748.xyz,32,4000,16.757672110741936,4000,all,748
0.0945529,0.100389,0.0,0.9418651445875543,0.058134855412445674,snapshot_749.xyz,32,4000,16.757672110741936,4000,all,749
0.0940652,0.100181,0.0,0.938952495982272,0.06104750401772796,snapshot_750.xyz,32,4000,16.757672110741936,4000,all,750
0.0937864,0.100597,0.0,0.9322981798661988,0.06770182013380122,snapshot_751.xyz,32,4000,16.757672110741936,4000,all,751
0.0947619,0.100528,0.0,0.9426418510265796,0.0573581489734204,snapshot_752.xyz,32,4000,16.757672110741936,4000,all,752
0.0945529,0.100666,0.0,0.9392734388969463,0.060726561103053744,snapshot_753.xyz,32,4000,16.757672110741936,4000,all,753
0.0949708,0.0995572,0.0,0.953932010944462,0.046067989055537995,snapshot_754.xyz,32,4000,16.757672110741936,4000,all,754
0.0940652,0.101013,0.0,0.9312187540217596,0.06878124597824042,snapshot_755.xyz,32,4000,16.757672110741936,4000,all,755
0.0940652,0.100736,0.0,0.9337793837357051,0.06622061626429487,snapshot_756.xyz,32,4000,16.757672110741936,4000,all,756
0.0941349,0.100597,0.0,0.9357624978876108,0.06423750211238921,snapshot_757.xyz,32,4000,16.757672110741936,4000,all,757
0.0934378,0.100458,0.0,0.9301180592884588,0.06988194071154119,snapshot_758.xyz,32,4000,16.757672110741936,4000,all,758
0.0946226,0.100943,0.0,0.9373864458159555,0.06261355418404446,snapshot_759.xyz,32,4000,16.757672110741936,4000,all,759
0.09511,0.10032,0.0,0.9480661881977671,0.05193381180223289,snapshot_760.xyz,32,4000,16.757672110741936,4000,all,760
0.0944833,0.100389,0.0,0.9411718415364233,0.058828158463576696,snapshot_761.xyz,32,4000,16.757672110741936,4000,all,761
0.0941349,0.100736,0.0,0.9344712912960609,0.06552870870393912,snapshot_762.xyz,32,4000,16.757672110741936,4000,all,762
0.0944833,0.100112,0.0,0.9437759709125779,0.05622402908742208,snapshot_763.xyz,32,4000,16.757672110741936,4000,all,763
0.0946922,0.100736,0.0,0.9400035736975858,0.059996426302414196,snapshot_764.xyz,32,4000,16.757672110741936,4000,all,764
0.0942742,0.100943,0.0,0.9339349930158604,0.06606500698413964,snapshot_765.xyz,32,4000,16.757672110741936,4000,all,765
0.0941349,0.100736,0.0,0.9344712912960609,0.06552870870393912,snapshot_766.xyz,32,4000,16.757672110741936,4000,all,766
0.0942046,0.101013,0.0,0.9325987744151742,0.06740122558482575,snapshot_767.xyz,32,4000,16.757672110741936,4000,all,767
0.0953885,0.100874,0.0,0.945620278763606,0.05437972123639401,snapshot_768.xyz,32,4000,16.757672110741936,4000,all,768
0.0950404,0.100181,0.0,0.9486868767530768,0.051313123246923165,snapshot_769.xyz,32,4000,16.757672110741936,4000,all,769
0.0952493,0.100874,0.0,0.9442403394333524,0.055759660566647606,snapshot_770.xyz,32,4000,16.757672110741936,4000,all,770
0.0939955,0.100181,0.0,0.9382567552729558,0.06174324472704418,snapshot_771.xyz,32,4000,16.757672110741936,4000,all,771
0.0940652,0.100736,0.0,0.9337793837357051,0.06622061626429487,snapshot_772.xyz,32,4000,16.757672110741936,4000,all,772
0.0937864,0.100874,0.0,0.929738089101255,0.070261910898745,snapshot_773.xyz,32,4000,16.757672110741936,4000,all,773
0.0940652,0.101151,0.0,0.9299482951231327,0.0700517048768673,snapshot_774.xyz,32,4000,16.757672110741936,4000,all,774
0.0939258,0.100458,0.0,0.9349758107865974,0.06502418921340258,snapshot_775.xyz,32,4000,16.757672110741936,4000,all,775
0.0946922,0.100528,0.0,0.9419485118573929,0.05805148814260708,snapshot_776.xyz,32,4000,16.757672110741936,4000,all,776
0.0946922,0.100597,0.0,0.9413024245255822,0.058697575474417785,snapshot_777.xyz,32,4000,16.757672110741936,4000,all,777
0.0944136,0.100528,0.0,0.9391771446761101,0.06082285532388987,snapshot_778.xyz,32,4000,16.757672110741936,4000,all,778
0.0947619,0.100528,0.0,0.9426418510265796,0.0573581489734204,snapshot_779.xyz,32,4000,16.757672110741936,4000,all,779
0.0937864,0.10025,0.0,0.9355251870324189,0.06447481296758106,snapshot_780.xyz,32,4000,16.757672110741936,4000,all,780
0.0942046,0.100943,0.0,0.9332454949823167,0.06675450501768332,snapshot_781.xyz,32,4000,16.757672110741936,4000,all,781
0.0942742,0.100389,0.0,0.9390889440078096,0.06091105599219038,snapshot_782.xyz,32,4000,16.757672110741936,4000,all,782
0.0939258,0.100874,0.0,0.9311200111029602,0.06887998889703983,snapshot_783.xyz,32,4000,16.757672110741936,4000,all,783
0.09511,0.100805,0.0,0.9435047864689251,0.056495213531074895,snapshot_784.xyz,32,4000,16.757672110741936,4000,all,784
0.0937167,0.100943,0.0,0.9284120741408517,0.0715879258591483,snapshot_785.xyz,32,4000,16.757672110741936,4000,all,785
0.0941349,0.100389,0.0,0.9377013417804738,0.06229865821952618,snapshot_786.xyz,32,4000,16.757672110741936,4000,all,786
0.0944136,0.0999732,0.0,0.9443890962778024,0.05561090372219757,snapshot_787.xyz,32,4000,16.757672110741936,4000,all,787
0.0940652,0.10032,0.0,0.9376515151515151,0.062348484848484875,snapshot_788.xyz,32,4000,16.757672110741936,4000,all,788
0.0948315,0.101151,0.0,0.9375240976362073,0.062475902363792746,snapshot_789.xyz,32,4000,16.757672110741936,4000,all,789
0.0944136,0.100666,0.0,0.9378896548983767,0.06211034510162328,snapshot_790.xyz,32,4000,16.757672110741936,4000,all,790
0.0945529,0.100181,0.0,0.9438206845609446,0.05617931543905541,snapshot_791.xyz,32,4000,16.757672110741936,4000,all,791
0.0949011,0.100458,0.0,0.944684345696709,0.055315654303290995,snapshot_792.xyz,32,4000,16.757672110741936,4000,all,792
0.0952493,0.100181,0.0,0.9507721024944848,0.04922789750551515,snapshot_793.xyz,32,4000,16.757672110741936,4000,all,793
0.0949708,0.100666,0.0,0.9434247908926549,0.05657520910734515,snapshot_794.xyz,32,4000,16.757672110741936,4000,all,794
0.0942742,0.100666,0.0,0.9365048775157451,0.06349512248425493,snapshot_795.xyz,32,4000,16.757672110741936,4000,all,795
0.0947619,0.0999732,0.0,0.9478730299720325,0.05212697002796751,snapshot_796.xyz,32,4000,16.757672110741936,4000,all,796
0.0951797,0.100528,0.0,0.9467979070507719,0.053202092949228064,snapshot_797.xyz,32,4000,16.757672110741936,4000,all,797
0.0937864,0.100805,0.0,0.9303744853925897,0.06962551460741029,snapshot_798.xyz,32,4000,16.757672110741936,4000,all,798
0.0940652,0.100458,0.0,0.9363634553743853,0.06363654462561474,snapshot_799.xyz,32,4000,16.757672110741936,4000,all,799
0.0943439,0.100458,0.0,0.9391377491090803,0.06086225089091968,snapshot_800.xyz,32,4000,16.757672110741936,4000,all,800
0.0953189,0.100736,0.0,0.9462247855781448,0.05377521442185518,snapshot_801.xyz,32,4000,16.757672110741936,4000,all,801
0.0939955,0.100805,0.0,0.9324487872625364,0.06755121273746356,snapshot_802.xyz,32,4000,16.757672110741936,4000,all,802
0.0943439,0.100597,0.0,0.9378400946350288,0.06215990536497118,snapshot_803.xyz,32,4000,16.757672110741936,4000,all,803
0.0948315,0.0999732,0.0,0.9485692165500355,0.051430783449964546,snapshot_804.xyz,32,4000,16.757672110741936,4000,all,804
0.0945529,0.100736,0.0,0.9386207512706479,0.061379248729352076,snapshot_805.xyz,32,4000,16.757672110741936,4000,all,805
0.0949708,0.100528,0.0,0.9447198790386757,0.055280120961324286,snapshot_806.xyz,32,4000,16.757672110741936,4000,all,806
0.0946922,0.100736,0.0,0.9400035736975858,0.059996426302414196,snapshot_807.xyz,32,4000,16.757672110741936,4000,all,807
0.0941349,0.100943,0.0,0.9325550062906788,0.06744499370932122,snapshot_808.xyz,32,4000,16.757672110741936,4000,all,808
0.0941349,0.100736,0.0,0.9344712912960609,0.06552870870393912,snapshot_809.xyz,32,4000,16.757672110741936,4000,all,809
0.0947619,0.100458,0.0,0.9432986919906826,0.056701308009317386,snapshot_810.xyz,32,4000,16.757672110741936,4000,all,810
0.0950404,0.10032,0.0,0.9473724082934608,0.05262759170653919,snapshot_811.xyz,32,4000,16.757672110741936,4000,all,811
0.0939955,0.101844,0.0,0.9229360590707355,0.0770639409292645,snapshot_812.xyz,32,4000,16.757672110741936,4000,all,812
0.0944833,0.10032,0.0,0.9418191786283892,0.05818082137161085,snapshot_813.xyz,32,4000,16.757672110741936,4000,all,813
0.0949011,0.101151,0.0,0.9382121778331405,0.06178782216685952,snapshot_814.xyz,32,4000,16.757672110741936,4000,all,814
0.0944136,0.10032,0.0,0.9411244019138756,0.058875598086124414,snapshot_815.xyz,32,4000,16.757672110741936,4000,all,815
0.0942046,0.100666,0.0,0.9358134822084914,0.06418651779150863,snapshot_816.xyz,32,4000,16.757672110741936,4000,all,816
0.0937167,0.100043,0.0,0.936764191397699,0.06323580860230105,snapshot_817.xyz,32,4000,16.757672110741936,4000,all,817
0.0945529,0.0998345,0.0,0.9470964446158391,0.052903555384160916,snapshot_818.xyz,32,4000,16.757672110741936,4000,all,818
0.0949011,0.100943,0.0,0.9401454286082244,0.059854571391775635,snapshot_819.xyz,32,4000,16.757672110741936,4000,all,819
0.0945529,0.10025,0.0,0.9431710723192019,0.05682892768079806,snapshot_820.xyz,32,4000,16.757672110741936,4000,all,820
0.0949708,0.100666,0.0,0.9434247908926549,0.05657520910734515,snapshot_821.xyz,32,4000,16.757672110741936,4000,all,821
0.0943439,0.100597,0.0,0.9378400946350288,0.06215990536497118,snapshot_822.xyz,32,4000,16.757672110741936,4000,all,822
0.0938561,0.0999732,0.0,0.9388126017772763,0.06118739822272368,snapshot_823.xyz,32,4000,16.757672110741936,4000,all,823
0.0949708,0.10032,0.0,0.9466786283891546,0.05332137161084538,snapshot_824.xyz,32,4000,16.757672110741936,4000,all,824
0.0946226,0.100943,0.0,0.9373864458159555,0.06261355418404446,snapshot_825.xyz,32,4000,16.757672110741936,4000,all,825
0.0942742,0.100597,0.0,0.9371472310307464,0.06285276896925363,snapshot_826.xyz,32,4000,16.757672110741936,4000,all,826
0.0945529,0.100666,0.0,0.9392734388969463,0.060726561103053744,snapshot_827.xyz,32,4000,16.757672110741936,4000,all,827
0.0941349,0.10032,0.0,0.9383462918660286,0.06165370813397142,snapshot_828.xyz,32,4000,16.757672110741936,4000,all,828
0.0949708,0.101428,0.0,0.9363371061245415,0.06366289387545854,snapshot_829.xyz,32,4000,16.757672110741936,4000,all,829
0.0942046,0.100528,0.0,0.937098121916282,0.06290187808371805,snapshot_830.xyz,32,4000,16.757672110741936,4000,all,830
0.0937864,0.100597,0.0,0.9322981798661988,0.06770182013380122,snapshot_831.xyz,32,4000,16.757672110741936,4000,all,831
0.0941349,0.100597,0.0,0.9357624978876108,0.06423750211238921,snapshot_832.xyz,32,4000,16.757672110741936,4000,all,832
0.0937864,0.100528,0.0,0.9329380869011619,0.06706191309883813,snapshot_833.xyz,32,4000,16.757672110741936,4000,all,833
0.0942046,0.100389,0.0,0.9383956409566785,0.06160435904332151,snapshot_834.xyz,32,4000,16.757672110741936,4000,all,834
0.0943439,0.100528,0.0,0.9384838055069233,0.06151619449307666,snapshot_835.xyz,32,4000,16.757672110741936,4000,all,835
0.0941349,0.100043,0.0,0.9409443939106183,0.05905560608938165,snapshot_836.xyz,32,4000,16.757672110741936,4000,all,836
0.0946226,0.100597,0.0,0.9406105549867292,0.059389445013270814,snapshot_837.xyz,32,4000,16.757672110741936,4000,all,837
0.0942742,0.101428,0.0,0.9294691801080569,0.0705308198919431,snapshot_838.xyz,32,4000,16.757672110741936,4000,all,838
0.0942742,0.101151,0.0,0.9320145129558778,0.06798548704412222,snapshot_839.xyz,32,4000,16.757672110741936,4000,all,839
0.0949011,0.100805,0.0,0.9414324686275483,0.05856753137245174,snapshot_840.xyz,32,4000,16.757672110741936,4000,all,840
0.0939258,0.100043,0.0,0.9388542926541587,0.06114570734584135,snapshot_841.xyz,32,4000,16.757672110741936,4000,all,841
0.0935773,0.10122,0.0,0.9244941711124284,0.07550582888757162,snapshot_842.xyz,32,4000,16.757672110741936,4000,all,842
0.0937167,0.100528,0.0,0.9322447477319751,0.06775525226802492,snapshot_843.xyz,32,4000,16.757672110741936,4000,all,843
0.0949708,0.100874,0.0,0.9414794694371195,0.058520530562880535,snapshot_844.xyz,32,4000,16.757672110741936,4000,all,844
0.0940652,0.100389,0.0,0.9370070426042694,0.06299295739573063,snapshot_845.xyz,32,4000,16.757672110741936,4000,all,845
0.0942046,0.100805,0.0,0.9345230891324835,0.0654769108675165,snapshot_846.xyz,32,4000,16.757672110741936,4000,all,846
0.0942046,0.100874,0.0,0.9338838551063703,0.06611614489362971,snapshot_847.xyz,32,4000,16.757672110741936,4000,all,847
0.0942046,0.100112,0.0,0.9409920888604763,0.05900791113952375,snapshot_848.xyz,32,4000,16.757672110741936,4000,all,848
0.0946922,0.10032,0.0,0.9439015151515151,0.0560984848484849,snapshot_849.xyz,32,4000,16.757672110741936,4000,all,849
0.0939258,0.100528,0.0,0.9343247652395352,0.06567523476046477,snapshot_850.xyz,32,4000,16.757672110741936,4000,all,850
0.0948315,0.10032,0.0,0.9452900717703349,0.05470992822966514,snapshot_851.xyz,32,4000,16.757672110741936,4000,all,851
0.0944833,0.100528,0.0,0.9398704838452968,0.06012951615470319,snapshot_852.xyz,32,4000,16.757672110741936,4000,all,852
0.0938561,0.100181,0.0,0.9368652738543236,0.06313472614567639,snapshot_853.xyz,32,4000,16.757672110741936,4000,all,853
0.0937864,0.100597,0.0,0.9322981798661988,0.06770182013380122,snapshot_854.xyz,32,4000,16.757672110741936,4000,all,854
0.0941349,0.100112,0.0,0.9402958686271374,0.05970413137286257,snapshot_855.xyz,32,4000,16.757672110741936,4000,all,855
0.0948315,0.100043,0.0,0.9479073998180781,0.052092600181921855,snapshot_856.xyz,32,4000,16.757672110741936,4000,all,856
0.0950404,0.10025,0.0,0.94803391521197,0.05196608478803,snapshot_857.xyz,32,4000,16.757672110741936,4000,all,857
0.0937167,0.100528,0.0,0.9322447477319751,0.06775525226802492,snapshot_858.xyz,32,4000,16.757672110741936,4000,all,858
0.0942046,0.100458,0.0,0.9377510999621732,0.06224890003782679,snapshot_859.xyz,32,4000,16.757672110741936,4000,all,859
0.0944136,0.100805,0.0,0.9365963989881454,0.0634036010118546,snapshot_860.xyz,32,4000,16.757672110741936,4000,all,860
0.0947619,0.100666,0.0,0.9413496115868316,0.058650388413168386,snapshot_861.xyz,32,4000,16.757672110741936,4000,all,861
0.0940652,0.100528,0.0,0.9357114435779086,0.06428855642209141,snapshot_862.xyz,32,4000,16.757672110741936,4000,all,862
0.09511,0.100805,0.0,0.9435047864689251,0.056495213531074895,snapshot_863.xyz,32,4000,16.757672110741936,4000,all,863
0.0947619,0.100666,0.0,0.9413496115868316,0.058650388413168386,snapshot_864.xyz,32,4000,16.757672110741936,4000,all,864
0.0949011,0.100597,0.0,0.9433790272075707,0.05662097279242928,snapshot_865.xyz,32,4000,16.757672110741936,4000,all,865
0.0946226,0.101428,0.0,0.9329041290373467,0.06709587096265335,snapshot_866.xyz,32,4000,16.757672110741936,4000,all,866
0.0944136,0.0999039,0.0,0.945044187464153,0.054955812535847026,snapshot_867.xyz,32,4000,16.757672110741936,4000,all,867
0.0950404,0.100458,0.0,0.9460709948436161,0.05392900515638388,snapshot_868.xyz,32,4000,16.757672110741936,4000,all,868
0.0948315,0.100528,0.0,0.9433341954480343,0.05666580455196568,snapshot_869.xyz,32,4000,16.757672110741936,4000,all,869
0.0942046,0.100458,0.0,0.9377510999621732,0.06224890003782679,snapshot_870.xyz,32,4000,16.757672110741936,4000,all,870
0.0944833,0.100666,0.0,0.9385820435896927,0.06141795641030734,snapshot_871.xyz,32,4000,16.757672110741936,4000,all,871
0.0947619,0.100943,0.0,0.938766432541137,0.06123356745886299,snapshot_872.xyz,32,4000,16.757672110741936,4000,all,872
0.0950404,0.100736,0.0,0.9434601334180431,0.056539866581956866,snapshot_873.xyz,32,4000,16.757672110741936,4000,all,873
0.0944136,0.100736,0.0,0.9372379288437103,0.06276207115628973,snapshot_874.xyz,32,4000,16.757672110741936,4000,all,874
0.0948315,0.0997652,0.0,0.9505468840838288,0.049453115916171186,snapshot_875.xyz,32,4000,16.757672110741936,4000,all,875
0.0939258,0.0997652,0.0,0.9414685681981293,0.058531431801870704,snapshot_876.xyz,32,4000,16.757672110741936,4000,all,876
0.0947619,0.101013,0.0,0.9381158860740696,0.061884113925930406,snapshot_877.xyz,32,4000,16.757672110741936,4000,all,877
0.0938561,0.100458,0.0,0.9342819884927034,0.06571801150729661,snapshot_878.xyz,32,4000,16.757672110741936,4000,all,878
0.0941349,0.10032,0.0,0.9383462918660286,0.06165370813397142,snapshot_879.xyz,32,4000,16.757672110741936,4000,all,879
0.0950404,0.100458,0.0,0.9460709948436161,0.05392900515638388,snapshot_880.xyz,32,4000,16.757672110741936,4000,all,880
0.0949011,0.100043,0.0,0.9486031006667133,0.05139689933328673,snapshot_881.xyz,32,4000,16.757672110741936,4000,all,881
0.0949708,0.100736,0.0,0.9427692185514611,0.05723078144853888,snapshot_882.xyz,32,4000,16.757672110741936,4000,all,882
0.0944136,0.101151,0.0,0.9333926505916896,0.06660734940831037,snapshot_883.xyz,32,4000,16.757672110741936,4000,all,883
0.0940652,0.101151,0.0,0.9299482951231327,0.0700517048768673,snapshot_884.xyz,32,4000,16.757672110741936,4000,all,884
0.0953189,0.10032,0.0,0.9501485247208931,0.04985147527910694,snapshot_885.xyz,32,4000,16.757672110741936,4000,all,885
0.0945529,0.100666,0.0,0.9392734388969463,0.060726561103053744,snapshot_886.xyz,32,4000,16.757672110741936,4000,all,886
0.0954581,0.100805,0.0,0.94695798819503,0.053042011804970035,snapshot_887.xyz,32,4000,16.757672110741936,4000,all,887
0.0940652,0.100181,0.0,0.938952495982272,0.06104750401772796,snapshot_888.xyz,32,4000,16.757672110741936,4000,all,888
0.0946226,0.100666,0.0,0.9399658275882621,0.06003417241173792,snapshot_889.xyz,32,4000,16.757672110741936,4000,all,889
0.0953885,0.10032,0.0,0.9508423046251994,0.049157695374800636,snapshot_890.xyz,32,4000,16.757672110741936,4000,all,890
0.0944833,0.100043,0.0,0.9444268964345331,0.05557310356546685,snapshot_891.xyz,32,4000,16.757672110741936,4000,all,891
0.0945529,0.100736,0.0,0.9386207512706479,0.061379248729352076,snapshot_892.xyz,32,4000,16.757672110741936,4000,all,892
0.0948315,0.101013,0.0,0.9388049062991891,0.06119509370081089,snapshot_893.xyz,32,4000,16.757672110741936,4000,all,893
0.0944136,0.10025,0.0,0.9417815461346632,0.05821845386533675,snapshot_894.xyz,32,4000,16.757672110741936,4000,all,894
0.0948315,0.10025,0.0,0.9459501246882792,0.054049875311720785,snapshot_895.xyz,32,4000,16.757672110741936,4000,all,895
0.0942742,0.100874,0.0,0.9345738247714971,0.06542617522850291,snapshot_896.xyz,32,4000,16.757672110741936,4000,all,896
0.0942046,0.100597,0.0,0.9364553614918933,0.06354463850810665,snapshot_897.xyz,32,4000,16.757672110741936,4000,all,897
0.0940652,0.100736,0.0,0.9337793837357051,0.06622061626429487,snapshot_898.xyz,32,4000,16.757672110741936,4000,all,898
0.0946226,0.100389,0.0,0.9425594437637589,0.057440556236241114,snapshot_899.xyz,32,4000,16.757672110741936,4000,all,899
0.0950404,0.10129,0.0,0.9382999308914995,0.061700069108500455,snapshot_900.xyz,32,4000,16.757672110741936,4000,all,900
0.0950404,0.0994878,0.0,0.9552970313948042,0.04470296860519585,snapshot_901.xyz,32,4000,16.757672110741936,4000,all,901
0.0941349,0.100943,0.0,0.9325550062906788,0.06744499370932122,snapshot_902.xyz,32,4000,16.757672110741936,4000,all,902
0.0945529,0.100874,0.0,0.9373366774391815,0.06266332256081852,snapshot_903.xyz,32,4000,16.757672110741936,4000,all,903
0.0946922,0.10032,0.0,0.9439015151515151,0.0560984848484849,snapshot_904.xyz,32,4000,16.757672110741936,4000,all,904
0.0945529,0.100874,0.0,0.9373366774391815,0.06266332256081852,snapshot_905.xyz,32,4000,16.757672110741936,4000,all,905
0.0949011,0.100181,0.0,0.9472963935277148,0.052703606472285225,snapshot_906.xyz,32,4000,16.757672110741936,4000,all,906
0.0952493,0.100666,0.0,0.9461913655057317,0.053808634494268315,snapshot_907.xyz,32,4000,16.757672110741936,4000,all,907
0.0944833,0.100805,0.0,0.9372878329447945,0.06271216705520555,snapshot_908.xyz,32,4000,16.757672110741936,4000,all,908
0.0943439,0.100597,0.0,0.9378400946350288,0.06215990536497118,snapshot_909.xyz,32,4000,16.757672110741936,4000,all,909
0.0943439,0.101497,0.0,0.9295240253406504,0.07047597465934963,snapshot_910.xyz,32,4000,16.757672110741936,4000,all,910
0.0939955,0.100666,0.0,0.9337363161345439,0.06626368386545611,snapshot_911.xyz,32,4000,16.757672110741936,4000,all,911
0.0946226,0.0997652,0.0,0.9484529675678494,0.05154703243215064,snapshot_912.xyz,32,4000,16.757672110741936,4000,all,912
0.0946922,0.100181,0.0,0.9452111677863068,0.05478883221369324,snapshot_913.xyz,32,4000,16.757672110741936,4000,all,913
0.0945529,0.100805,0.0,0.9379782748871582,0.062021725112841763,snapshot_914.xyz,32,4000,16.757672110741936,4000,all,914
0.0945529,0.100528,0.0,0.9405628282667514,0.059437171733248584,snapshot_915.xyz,32,4000,16.757672110741936,4000,all,915
0.0951797,0.10032,0.0,0.9487609649122807,0.05123903508771932,snapshot_916.xyz,32,4000,16.757672110741936,4000,all,916
0.0945529,0.100597,0.0,0.9399176913824467,0.06008230861755326,snapshot_917.xyz,32,4000,16.757672110741936,4000,all,917
0.0941349,0.10129,0.0,0.9293602527396583,0.07063974726034172,snapshot_918.xyz,32,4000,16.757672110741936,4000,all,918
0.0946922,0.100181,0.0,0.9452111677863068,0.05478883221369324,snapshot_919.xyz,32,4000,16.757672110741936,4000,all,919
0.0944136,0.100805,0.0,0.9365963989881454,0.0634036010118546,snapshot_920.xyz,32,4000,16.757672110741936,4000,all,920
0.0939955,0.100112,0.0,0.9389034281604601,0.06109657183953987,snapshot_921.xyz,32,4000,16.757672110741936,4000,all,921
0.0949708,0.100805,0.0,0.9421239025841971,0.05787609741580291,snapshot_922.xyz,32,4000,16.757672110741936,4000,all,922
0.0950404,0.100666,0.0,0.9441161861999086,0.05588381380009144,snapshot_923.xyz,32,4000,16.757672110741936,4000,all,923
0.0949708,0.101151,0.0,0.9389012466510464,0.06109875334895365,snapshot_924.xyz,32,4000,16.757672110741936,4000,all,924
0.0944833,0.100389,0.0,0.9411718415364233,0.058828158463576696,snapshot_925.xyz,32,4000,16.757672110741936,4000,all,925
0.0942046,0.100736,0.0,0.9351631988564167,0.06483680114358326,snapshot_926.xyz,32,4000,16.757672110741936,4000,all,926
0.0947619,0.101013,0.0,0.9381158860740696,0.061884113925930406,snapshot_927.xyz,32,4000,16.757672110741936,4000,all,927
0.0949011,0.0999039,0.0,0.9499238768456486,0.05007612315435139,snapshot_928.xyz,32,4000,16.757672110741936,4000,all,928
0.0943439,0.100043,0.0,0.9430334955968932,0.0569665044031068,snapshot_929.xyz,32,4000,16.757672110741936,4000,all,929
0.0946226,0.100458,0.0,0.9419120428437755,0.0580879571562245,snapshot_930.xyz,32,4000,16.757672110741936,4000,all,930
0.0942742,0.100181,0.0,0.9410387199169503,0.05896128008304968,snapshot_931.xyz,32,4000,16.757672110741936,4000,all,931
0.0950404,0.10025,0.0,0.94803391521197,0.05196608478803,snapshot_932.xyz,32,4000,16.757672110741936,4000,all,932
0.0942046,0.100597,0.0,0.9364553614918933,0.06354463850810665,snapshot_933.xyz,32,4000,16.757672110741936,4000,all,933
0.0942742,0.100389,0.0,0.9390889440078096,0.06091105599219038,snapshot_934.xyz,32,4000,16.757672110741936,4000,all,934
0.0949708,0.100389,0.0,0.9460279512695613,0.053972048730438704,snapshot_935.xyz,32,4000,16.757672110741936,4000,all,935
0.0955277,0.100597,0.0,0.9496078411881069,0.05039215881189307,snapshot_936.xyz,32,4000,16.757672110741936,4000,all,936
0.0958756,0.10025,0.0,0.9563650872817955,0.04363491271820452,snapshot_937.xyz,32,4000,16.757672110741936,4000,all,937
0.0944136,0.10032,0.0,0.9411244019138756,0.058875598086124414,snapshot_938.xyz,32,4000,16.757672110741936,4000,all,938
0.0939955,0.0999039,0.0,0.9408591656581975,0.059140834341802506,snapshot_939.xyz,32,4000,16.757672110741936,4000,all,939
0.0937864,0.100528,0.0,0.9329380869011619,0.06706191309883813,snapshot_940.xyz,32,4000,16.757672110741936,4000,all,940
0.0942742,0.100805,0.0,0.9352135310748475,0.0647864689251525,snapshot_941.xyz,32,4000,16.757672110741936,4000,all,941
0.0950404,0.100389,0.0,0.9467212543206924,0.05327874567930757,snapshot_942.xyz,32,4000,16.757672110741936,4000,all,942
0.0949708,0.100874,0.0,0.9414794694371195,0.058520530562880535,snapshot_943.xyz,32,4000,16.757672110741936,4000,all,943
0.0949708,0.10032,0.0,0.9466786283891546,0.05332137161084538,snapshot_944.xyz,32,4000,16.757672110741936,4000,all,944
0.0944833,0.100458,0.0,0.9405253936968684,0.059474606303131616,snapshot_945.xyz,32,4000,16.757672110741936,4000,all,945
0.0942742,0.100874,0.0,0.9345738247714971,0.06542617522850291,snapshot_946.xyz,32,4000,16.757672110741936,4000,all,946
0.0940652,0.100666,0.0,0.9344287048258597,0.06557129517414029,snapshot_947.xyz,32,4000,16.757672110741936,4000,all,947
0.0945529,0.100389,0.0,0.9418651445875543,0.058134855412445674,snapshot_948.xyz,32,4000,16.757672110741936,4000,all,948
0.0948315,0.101013,0.0,0.9388049062991891,0.06119509370081089,snapshot_949.xyz,32,4000,16.757672110741936,4000,all,949
0.0947619,0.0998345,0.0,0.9491899092998912,0.05081009070010878,snapshot_950.xyz,32,4000,16.757672110741936,4000,all,950
0.0947619,0.100112,0.0,0.9465588540834264,0.05344114591657356,snapshot_951.xyz,32,4000,16.757672110741936,4000,all,951
0.0942046,0.100112,0.0,0.9409920888604763,0.05900791113952375,snapshot_952.xyz,32,4000,16.757672110741936,4000,all,952
0.0950404,0.101151,0.0,0.9395893268479797,0.06041067315202031,snapshot_953.xyz,32,4000,16.757672110741936,4000,all,953
0.0942742,0.101428,0.0,0.9294691801080569,0.0705308198919431,snapshot_954.xyz,32,4000,16.757672110741936,4000,all,954
0.0944136,0.100389,0.0,0.9404775423602187,0.05952245763978126,snapshot_955.xyz,32,4000,16.757672110741936,4000,all,955
0.0944833,0.100458,0.0,0.9405253936968684,0.059474606303131616,snapshot_956.xyz,32,4000,16.757672110741936,4000,all,956
0.0940652,0.100874,0.0,0.9325019331046652,0.06749806689533477,snapshot_957.xyz,32,4000,16.757672110741936,4000,all,957
0.0950404,0.10025,0.0,0.94803391521197,0.05196608478803,snapshot_958.xyz,32,4000,16.757672110741936,4000,all,958
0.0946226,0.100805,0.0,0.9386697088438073,0.06133029115619271,snapshot_959.xyz,32,4000,16.757672110741936,4000,all,959
0.0951797,0.100389,0.0,0.9481088565480281,0.05189114345197188,snapshot_960.xyz,32,4000,16.757672110741936,4000,all,960
0.0949708,0.10025,0.0,0.9473396508728178,0.052660349127182204,snapshot_961.xyz,32,4000,16.757672110741936,4000,all,961
0.0944136,0.100805,0.0,0.9365963989881454,0.0634036010118546,snapshot_962.xyz,32,4000,16.757672110741936,4000,all,962
0.0946922,0.100736,0.0,0.9400035736975858,0.059996426302414196,snapshot_963.xyz,32,4000,16.757672110741936,4000,all,963
0.0947619,0.100943,0.0,0.938766432541137,0.06123356745886299,snapshot_964.xyz,32,4000,16.757672110741936,4000,all,964
0.0938561,0.100805,0.0,0.9310659193492385,0.06893408065076145,snapshot_965.xyz,32,4000,16.757672110741936,4000,all,965
0.0943439,0.100181,0.0,0.9417344606262663,0.05826553937373369,snapshot_966.xyz,32,4000,16.757672110741936,4000,all,966
0.0950404,0.101013,0.0,0.9408729569461356,0.0591270430538644,snapshot_967.xyz,32,4000,16.757672110741936,4000,all,967
0.0945529,0.100458,0.0,0.9412182205498815,0.05878177945011853,snapshot_968.xyz,32,4000,16.757672110741936,4000,all,968
0.0949011,0.10032,0.0,0.9459838516746412,0.05401614832535884,snapshot_969.xyz,32,4000,16.757672110741936,4000,all,969
0.0941349,0.101497,0.0,0.9274648511778673,0.07253514882213274,snapshot_970.xyz,32,4000,16.757672110741936,4000,all,970
0.0944136,0.100666,0.0,0.9378896548983767,0.06211034510162328,snapshot_971.xyz,32,4000,16.757672110741936,4000,all,971
0.0944833,0.101013,0.0,0.9353578252304159,0.06464217476958412,snapshot_972.xyz,32,4000,16.757672110741936,4000,all,972
0.0944833,0.100736,0.0,0.9379298364040661,0.06207016359593387,snapshot_973.xyz,32,4000,16.757672110741936,4000,all,973
0.0949708,0.101082,0.0,0.9395421538948575,0.06045784610514249,snapshot_974.xyz,32,4000,16.757672110741936,4000,all,974
0.0950404,0.0999039,0.0,0.9513182168063509,0.04868178319364913,snapshot_975.xyz,32,4000,16.757672110741936,4000,all,975
0.0942742,0.101013,0.0,0.9332877946402938,0.06671220535970623,snapshot_976.xyz,32,4000,16.757672110741936,4000,all,976
0.0937864,0.10032,0.0,0.934872408293461,0.06512759170653903,snapshot_977.xyz,32,4000,16.757672110741936,4000,all,977
0.0942046,0.100666,0.0,0.9358134822084914,0.06418651779150863,snapshot_978.xyz,32,4000,16.757672110741936,4000,all,978
0.0944136,0.100528,0.0,0.9391771446761101,0.06082285532388987,snapshot_979.xyz,32,4000,16.757672110741936,4000,all,979
0.0949708,0.100528,0.0,0.9447198790386757,0.055280120961324286,snapshot_980.xyz,32,4000,16.757672110741936,4000,all,980
0.0946922,0.0999039,0.0,0.9478328673855575,0.0521671326144425,snapshot_981.xyz,32,4000,16.757672110741936,4000,all,981
0.0942046,0.100389,0.0,0.9383956409566785,0.06160435904332151,snapshot_982.xyz,32,4000,16.757672110741936,4000,all,982
0.0954581,0.100874,0.0,0.9463102484287329,0.0536897515712671,snapshot_983.xyz,32,4000,16.757672110741936,4000,all,983
0.0947619,0.100874,0.0,0.9394085691060133,0.060591430893986664,snapshot_984.xyz,32,4000,16.757672110741936,4000,all,984
0.0944136,0.100528,0.0,0.9391771446761101,0.06082285532388987,snapshot_985.xyz,32,4000,16.757672110741936,4000,all,985
0.0939258,0.100458,0.0,0.9349758107865974,0.06502418921340258,snapshot_986.xyz,32,4000,16.757672110741936,4000,all,986
0.0949011,0.100597,0.0,0.9433790272075707,0.05662097279242928,snapshot_987.xyz,32,4000,16.757672110741936,4000,all,987
0.0951797,0.100389,0.0,0.9481088565480281,0.05189114345197188,snapshot_988.xyz,32,4000,16.757672110741936,4000,all,988
0.0944833,0.100389,0.0,0.9411718415364233,0.058828158463576696,snapshot_989.xyz,32,4000,16.757672110741936,4000,all,989
0.0944136,0.100874,0.0,0.9359557467732021,0.06404425322679785,snapshot_990.xyz,32,4000,16.757672110741936,4000,all,990
0.0950404,0.100389,0.0,0.9467212543206924,0.05327874567930757,snapshot_991.xyz,32,4000,16.757672110741936,4000,all,991
0.0939258,0.101359,0.0,0.9266646277094288,0.07333537229057119,snapshot_992.xyz,32,4000,16.757672110741936,4000,all,992
0.0946226,0.100943,0.0,0.9373864458159555,0.06261355418404446,snapshot_993.xyz,32,4000,16.757672110741936,4000,all,993
0.0945529,0.100043,0.0,0.9451225972831682,0.054877402716831836,snapshot_994.xyz,32,4000,16.757672110741936,4000,all,994
0.0939955,0.100666,0.0,0.9337363161345439,0.06626368386545611,snapshot_995.xyz,32,4000,16.757672110741936,4000,all,995
0.0948315,0.100389,0.0,0.9446403490422257,0.05535965095777429,snapshot_996.xyz,32,4000,16.757672110741936,4000,all,996
0.0955973,0.100043,0.0,0.9555621082934337,0.04443789170656631,snapshot_997.xyz,32,4000,16.757672110741936,4000,all,997
0.0945529,0.0996958,0.0,0.94841407561803,0.05158592438196996,snapshot_998.xyz,32,4000,16.757672110741936,4000,all,998
0.0944136,0.100666,0.0,0.9378896548983767,0.06211034510162328,snapshot_999.xyz,32,4000,16.757672110741936,4000,all,999
0.0952493,0.100597,0.0,0.9468403630326947,0.0531596369673053,snapshot_1000.xyz,32,4000,16.757672110741936,4000,all,1000
0.0948315,0.100874,0.0,0.9400985387711401,0.059901461228859865,snapshot_1001.xyz,32,4000,16.757672110741936,4000,all,1001
0.0944833,0.100943,0.0,0.9360064590907741,0.06399354090922593,snapshot_1002.xyz,32,4000,16.757672110741936,4000,all,1002
0.0949011,0.100943,0.0,0.9401454286082244,0.059854571391775635,snapshot_1003.xyz,32,4000,16.757672110741936,4000,all,1003
0.0944136,0.0999732,0.0,0.9443890962778024,0.05561090372219757,snapshot_1004.xyz,32,4000,16.757672110741936,4000,all,1004
0.0944833,0.100874,0.0,0.9366467077740548,0.06335329222594521,snapshot_1005.xyz,32,4000,16.757672110741936,4000,all,1005
0.0945529,0.101013,0.0,0.9360468454555353,0.06395315454446471,snapshot_1006.xyz,32,4000,16.757672110741936,4000,all,1006
0.0953189,0.10025,0.0,0.9508119700748129,0.049188029925187116,snapshot_1007.xyz,32,4000,16.757672110741936,4000,all,1007
0.0948315,0.10032,0.0,0.9452900717703349,0.05470992822966514,snapshot_1008.xyz,32,4000,16.757672110741936,4000,all,1008
0.0940652,0.100528,0.0,0.9357114435779086,0.06428855642209141,snapshot_1009.xyz,32,4000,16.757672110741936,4000,all,1009
0.0945529,0.0999039,0.0,0.9464385274248552,0.053561472575144764,snapshot_1010.xyz,32,4000,16.757672110741936,4000,all,1010
0.0950404,0.101428,0.0,0.9370233071735615,0.06297669282643847,snapshot_1011.xyz,32,4000,16.757672110741936,4000,all,1011
0.0948315,0.100943,0.0,0.9394559305746807,0.06054406942531931,snapshot_1012.xyz,32,4000,16.757672110741936,4000,all,1012
0.0945529,0.101151,0.0,0.9347697996065287,0.06523020039347127,snapshot_1013.xyz,32,4000,16.757672110741936,4000,all,1013
0.0944833,0.100458,0.0,0.9405253936968684,0.059474606303131616,snapshot_1014.xyz,32,4000,16.757672110741936,4000,all,1014
0.0949708,0.100943,0.0,0.9408359172998622,0.05916408270013784,snapshot_1015.xyz,32,4000,16.757672110741936,4000,all,1015
0.0945529,0.100874,0.0,0.9373366774391815,0.06266332256081852,snapshot_1016.xyz,32,4000,16.757672110741936,4000,all,1016
0.0950404,0.10122,0.0,0.9389488243430152,0.06105117565698481,snapshot_1017.xyz,32,4000,16.757672110741936,4000,all,1017
0.0949011,0.100389,0.0,0.9453336520933568,0.05466634790664315,snapshot_1018.xyz,32,4000,16.757672110741936,4000,all,1018
0.0942046,0.100805,0.0,0.9345230891324835,0.0654769108675165,snapshot_1019.xyz,32,4000,16.757672110741936,4000,all,1019
0.0943439,0.100943,0.0,0.9346254817074982,0.06537451829250185,snapshot_1020.xyz,32,4000,16.757672110741936,4000,all,1020
0.09511,0.100597,0.0,0.9454556298895592,0.054544370110440776,snapshot_1021.xyz,32,4000,16.757672110741936,4000,all,1021
0.0944833,0.100389,0.0,0.9411718415364233,0.058828158463576696,snapshot_1022.xyz,32,4000,16.757672110741936,4000,all,1022
0.0948315,0.100666,0.0,0.9420410068940853,0.05795899310591468,snapshot_1023.xyz,32,4000,16.757672110741936,4000,all,1023
0.0944833,0.100666,0.0,0.9385820435896927,0.06141795641030734,snapshot_1024.xyz,32,4000,16.757672110741936,4000,all,1024
0.0950404,0.101013,0.0,0.9408729569461356,0.0591270430538644,snapshot_1025.xyz,32,4000,16.757672110741936,4000,all,1025
0.0935773,0.100666,0.0,0.9295819839866489,0.07041801601335107,snapshot_1026.xyz,32,4000,16.757672110741936,4000,all,1026
0.0955973,0.0999732,0.0,0.956229269444211,0.04377073055578895,snapshot_1027.xyz,32,4000,16.757672110741936,4000,all,1027
0.0944136,0.10032,0.0,0.9411244019138756,0.058875598086124414,snapshot_1028.xyz,32,4000,16.757672110741936,4000,all,1028
0.0943439,0.100181,0.0,0.9417344606262663,0.05826553937373369,snapshot_1029.xyz,32,4000,16.757672110741936,4000,all,1029
0.0945529,0.100736,0.0,0.9386207512706479,0.061379248729352076,snapshot_1030.xyz,32,4000,16.757672110741936,4000,all,1030
0.0948315,0.100666,0.0,0.9420410068940853,0.05795899310591468,snapshot_1031.xyz,32,4000,16.757672110741936,4000,all,1031
0.09511,0.100597,0.0,0.9454556298895592,0.054544370110440776,snapshot_1032.xyz,32,4000,16.757672110741936,4000,all,1032
0.0945529,0.100805,0.0,0.9379782748871582,0.062021725112841763,snapshot_1033.xyz,32,4000,16.757672110741936,4000,all,1033
0.0942046,0.100458,0.0,0.9377510999621732,0.06224890003782679,snapshot_1034.xyz,32,4000,16.757672110741936,4000,all,1034
0.0951797,0.100666,0.0,0.9454999701984781,0.05450002980152191,snapshot_1035.xyz,32,4000,16.757672110741936,4000,all,1035
0.0950404,0.100736,0.0,0.9434601334180431,0.056539866581956866,snapshot_1036.xyz,32,4000,16.757672110741936,4000,all,1036
0.0946226,0.101082,0.0,0.9360974258522783,0.06390257414772171,snapshot_1037.xyz,32,4000,16.757672110741936,4000,all,1037
0.0945529,0.100043,0.0,0.9451225972831682,0.054877402716831836,snapshot_1038.xyz,32,4000,16.757672110741936,4000,all,1038
0.09511,0.100597,0.0,0.9454556298895592,0.054544370110440776,snapshot_1039.xyz,32,4000,16.757672110741936,4000,all,1039
0.09511,0.10025,0.0,0.9487281795511221,0.0512718204488779,snapshot_1040.xyz,32,4000,16.757672110741936,4000,all,1040
0.0953189,0.100389,0.0,0.9494954626502903,0.05050453734970972,snapshot_1041.xyz,32,4000,16.757672110741936,4000,all,1041
0.0945529,0.100458,0.0,0.9412182205498815,0.05878177945011853,snapshot_1042.xyz,32,4000,16.757672110741936,4000,all,1042
0.0952493,0.100528,0.0,0.9474902514722265,0.05250974852777346,snapshot_1043.xyz,32,4000,16.757672110741936,4000,all,1043
0.0944833,0.100736,0.0,0.9379298364040661,0.06207016359593387,snapshot_1044.xyz,32,4000,16.757672110741936,4000,all,1044
0.0947619,0.100666,0.0,0.9413496115868316,0.058650388413168386,snapshot_1045.xyz,32,4000,16.757672110741936,4000,all,1045
0.0944136,0.100597,0.0,0.9385329582393113,0.061467041760688734,snapshot_1046.xyz,32,4000,16.757672110741936,4000,all,1046
0.0948315,0.100458,0.0,0.9439915188436958,0.05600848115630419,snapshot_1047.xyz,32,4000,16.757672110741936,4000,all,1047
0.0943439,0.0995572,0.0,0.9476351283483263,0.052364871651673695,snapshot_1048.xyz,32,4000,16.757672110741936,4000,all,1048
0.0951797,0.100805,0.0,0.9441962204255742,0.05580377957442584,snapshot_1049.xyz,32,4000,16.757672110741936,4000,all,1049
0.0944136,0.100389,0.0,0.9404775423602187,0.05952245763978126,snapshot_1050.xyz,32,4000,16.757672110741936,4000,all,1050
0.0939258,0.100805,0.0,0.9317573533058876,0.0682426466941124,snapshot_1051.xyz,32,4000,16.757672110741936,4000,all,1051
0.0945529,0.100181,0.0,0.9438206845609446,0.05617931543905541,snapshot_1052.xyz,32,4000,16.757672110741936,4000,all,1052
0.0957365,0.10129,0.0,0.9451722776187185,0.05482772238128153,snapshot_1053.xyz,32,4000,16.757672110741936,4000,all,1053
0.0954581,0.100043,0.0,0.9541707065961637,0.045829293403836346,snapshot_1054.xyz,32,4000,16.757672110741936,4000,all,1054
0.0945529,0.100043,0.0,0.9451225972831682,0.054877402716831836,snapshot_1055.xyz,32,4000,16.757672110741936,4000,all,1055
0.0950404,0.100043,0.0,0.9499955019341683,0.05000449806583174,snapshot_1056.xyz,32,4000,16.757672110741936,4000,all,1056
0.0947619,0.100805,0.0,0.9400515847428202,0.059948415257179755,snapshot_1057.xyz,32,4000,16.757672110741936,4000,all,1057
0.0942742,0.100458,0.0,0.9384439268151864,0.0615560731848136,snapshot_1058.xyz,32,4000,16.757672110741936,4000,all,1058
0.0939258,0.100458,0.0,0.9349758107865974,0.06502418921340258,snapshot_1059.xyz,32,4000,16.757672110741936,4000,all,1059
0.09511,0.100805,0.0,0.9435047864689251,0.056495213531074895,snapshot_1060.xyz,32,4000,16.757672110741936,4000,all,1060
0.0940652,0.100666,0.0,0.9344287048258597,0.06557129517414029,snapshot_1061.xyz,32,4000,16.757672110741936,4000,all,1061
0.0950404,0.100528,0.0,0.9454122234601304,0.05458777653986957,snapshot_1062.xyz,32,4000,16.757672110741936,4000,all,1062
0.0954581,0.100597,0.0,0.9489159716492539,0.0510840283507461,snapshot_1063.xyz,32,4000,16.757672110741936,4000,all,1063
0.0942742,0.100736,0.0,0.9358541137229986,0.06414588627700135,snapshot_1064.xyz,32,4000,16.757672110741936,4000,all,1064
0.0953885,0.100805,0.0,0.946267546252666,0.05373245374733404,snapshot_1065.xyz,32,4000,16.757672110741936,4000,all,1065
0.0945529,0.100528,0.0,0.9405628282667514,0.059437171733248584,snapshot_1066.xyz,32,4000,16.757672110741936,4000,all,1066
0.0944833,0.0998345,0.0,0.9463992908263176,0.053600709173682426,snapshot_1067.xyz,32,4000,16.757672110741936,4000,all,1067
0.0952493,0.100389,0.0,0.9488021595991591,0.051197840400840855,snapshot_1068.xyz,32,4000,16.757672110741936,4000,all,1068
0.0946922,0.100736,0.0,0.9400035736975858,0.059996426302414196,snapshot_1069.xyz,32,4000,16.757672110741936,4000,all,1069
0.0950404,0.100528,0.0,0.9454122234601304,0.05458777653986957,snapshot_1070.xyz,32,4000,16.757672110741936,4000,all,1070
0.0951797,0.0999732,0.0,0.9520521499761937,0.047947850023806304,snapshot_1071.xyz,32,4000,16.757672110741936,4000,all,1071
0.0952493,0.100874,0.0,0.9442403394333524,0.055759660566647606,snapshot_1072.xyz,32,4000,16.757672110741936,4000,all,1072
0.0944833,0.0998345,0.0,0.9463992908263176,0.053600709173682426,snapshot_1073.xyz,32,4000,16.757672110741936,4000,all,1073
0.0949011,0.10032,0.0,0.9459838516746412,0.05401614832535884,snapshot_1074.xyz,32,4000,16.757672110741936,4000,all,1074
0.0955277,0.101151,0.0,0.9444068768474854,0.055593123152514634,snapshot_1075.xyz,32,4000,16.757672110741936,4000,all,1075
0.0942046,0.100181,0.0,0.9403439774009043,0.05965602259909575,snapshot_1076.xyz,32,4000,16.757672110741936,4000,all,1076
0.0943439,0.100736,0.0,0.9365460212833544,0.0634539787166456,snapshot_1077.xyz,32,4000,16.757672110741936,4000,all,1077
0.0946922,0.101151,0.0,0.936146948621368,0.06385305137863195,snapshot_1078.xyz,32,4000,16.757672110741936,4000,all,1078
0.0946922,0.0999732,0.0,0.9471758431259578,0.05282415687404218,snapshot_1079.xyz,32,4000,16.757672110741936,4000,all,1079
0.0937864,0.100597,0.0,0.9322981798661988,0.06770182013380122,snapshot_1080.xyz,32,4000,16.757672110741936,4000,all,1080
0.0946226,0.0997652,0.0,0.9484529675678494,0.05154703243215064,snapshot_1081.xyz,32,4000,16.757672110741936,4000,all,1081
0.0946226,0.101082,0.0,0.9360974258522783,0.06390257414772171,snapshot_1082.xyz,32,4000,16.757672110741936,4000,all,1082
0.0939955,0.0998345,0.0,0.9415132043532044,0.0584867956467956,snapshot_1083.xyz,32,4000,16.757672110741936,4000,all,1083
0.0946922,0.100805,0.0,0.9393601507861713,0.0606398492138287,snapshot_1084.xyz,32,4000,16.757672110741936,4000,all,1084
0.0942046,0.101013,0.0,0.9325987744151742,0.06740122558482575,snapshot_1085.xyz,32,4000,16.757672110741936,4000,all,1085
0.0946922,0.100389,0.0,0.94325274681489,0.05674725318510998,snapshot_1086.xyz,32,4000,16.757672110741936,4000,all,1086
0.0940652,0.100112,0.0,0.939599648393799,0.06040035160620105,snapshot_1087.xyz,32,4000,16.757672110741936,4000,all,1087
0.0946226,0.100805,0.0,0.9386697088438073,0.06133029115619271,snapshot_1088.xyz,32,4000,16.757672110741936,4000,all,1088
0.0949011,0.10032,0.0,0.9459838516746412,0.05401614832535884,snapshot_1089.xyz,32,4000,16.757672110741936,4000,all,1089
0.0948315,0.10032,0.0,0.9452900717703349,0.05470992822966514,snapshot_1090.xyz,32,4000,16.757672110741936,4000,all,1090
0.0946922,0.0996958,0.0,0.9498113260538559,0.050188673946144124,snapshot_1091.xyz,32,4000,16.757672110741936,4000,all,1091
0.0952493,0.101428,0.0,0.9390828962416689,0.06091710375833115,snapshot_1092.xyz,32,4000,16.757672110741936,4000,all,1092
0.0951797,0.100943,0.0,0.9429054020585875,0.05709459794141247,snapshot_1093.xyz,32,4000,16.757672110741936,4000,all,1093
0.0947619,0.100943,0.0,0.938766432541137,0.06123356745886299,snapshot_1094.xyz,32,4000,16.757672110741936,4000,all,1094
0.0948315,0.100597,0.0,0.9426871576687177,0.05731284233128231,snapshot_1095.xyz,32,4000,16.757672110741936,4000,all,1095
0.0948315,0.101497,0.0,0.9343281082199474,0.06567189178005262,snapshot_1096.xyz,32,4000,16.757672110741936,4000,all,1096
0.0946922,0.100597,0.0,0.9413024245255822,0.058697575474417785,snapshot_1097.xyz,32,4000,16.757672110741936,4000,all,1097
0.0951797,0.100736,0.0,0.9448429558449809,0.0551570441550191,snapshot_1098.xyz,32,4000,16.757672110741936,4000,all,1098
0.0939955,0.100666,0.0,0.9337363161345439,0.06626368386545611,snapshot_1099.xyz,32,4000,16.757672110741936,4000,all,1099
0.0942742,0.10032,0.0,0.9397348484848485,0.06026515151515155,snapshot_1100.xyz,32,4000,16.757672110741936,4000,all,1100
0.0944833,0.101151,0.0,0.9340817194095956,0.06591828059040439,snapshot_1101.xyz,32,4000,16.757672110741936,4000,all,1101
0.0947619,0.100389,0.0,0.9439470459910946,0.05605295400890542,snapshot_1102.xyz,32,4000,16.757672110741936,4000,all,1102
0.0957365,0.100112,0.0,0.9562939507751318,0.043706049224868204,snapshot_1103.xyz,32,4000,16.757672110741936,4000,all,1103
0.0944136,0.100736,0.0,0.9372379288437103,0.06276207115628973,snapshot_1104.xyz,32,4000,16.757672110741936,4000,all,1104
0.0948315,0.101013,0.0,0.9388049062991891,0.06119509370081089,snapshot_1105.xyz,32,4000,16.757672110741936,4000,all,1105
0.0944833,0.100597,0.0,0.9392258218435937,0.06077417815640629,snapshot_1106.xyz,32,4000,16.757672110741936,4000,all,1106
0.0946922,0.100458,0.0,0.9426048696967887,0.057395130303211306,snapshot_1107.xyz,32,4000,16.757672110741936,4000,all,1107
0.0949011,0.100597,0.0,0.9433790272075707,0.05662097279242928,snapshot_1108.xyz,32,4000,16.757672110741936,4000,all,1108
0.0946922,0.100943,0.0,0.9380759438494992,0.061924056150500784,snapshot_1109.xyz,32,4000,16.757672110741936,4000,all,1109
0.0946922,0.10032,0.0,0.9439015151515151,0.0560984848484849,snapshot_1110.xyz,32,4000,16.757672110741936,4000,all,1110
0.0939955,0.100389,0.0,0.9363127434280647,0.0636872565719353,snapshot_1111.xyz,32,4000,16.757672110741936,4000,all,1111
0.0942742,0.101013,0.0,0.9332877946402938,0.06671220535970623,snapshot_1112.xyz,32,4000,16.757672110741936,4000,all,1112
0.0946226,0.100874,0.0,0.9380276384400341,0.06197236155996588,snapshot_1113.xyz,32,4000,16.757672110741936,4000,all,1113
0.0949708,0.101013,0.0,0.940183936721016,0.05981606327898403,snapshot_1114.xyz,32,4000,16.757672110741936,4000,all,1114
0.0943439,0.100805,0.0,0.9359049650314963,0.06409503496850366,snapshot_1115.xyz,32,4000,16.757672110741936,4000,all,1115
0.0944833,0.100043,0.0,0.9444268964345331,0.05557310356546685,snapshot_1116.xyz,32,4000,16.757672110741936,4000,all,1116
0.0948315,0.10025,0.0,0.9459501246882792,0.054049875311720785,snapshot_1117.xyz,32,4000,16.757672110741936,4000,all,1117
0.09511,0.100666,0.0,0.9448075815071623,0.055192418492837736,snapshot_1118.xyz,32,4000,16.757672110741936,4000,all,1118
0.0943439,0.100805,0.0,0.9359049650314963,0.06409503496850366,snapshot_1119.xyz,32,4000,16.757672110741936,4000,all,1119
0.0946922,0.100736,0.0,0.9400035736975858,0.059996426302414196,snapshot_1120.xyz,32,4000,16.757672110741936,4000,all,1120
0.0949708,0.100874,0.0,0.9414794694371195,0.058520530562880535,snapshot_1121.xyz,32,4000,16.757672110741936,4000,all,1121
0.0943439,0.100666,0.0,0.9371972662070609,0.0628027337929391,snapshot_1122.xyz,32,4000,16.757672110741936,4000,all,1122
0.0939258,0.10032,0.0,0.936261961722488,0.06373803827751201,snapshot_1123.xyz,32,4000,16.757672110741936,4000,all,1123
0.0949708,0.100666,0.0,0.9434247908926549,0.05657520910734515,snapshot_1124.xyz,32,4000,16.757672110741936,4000,all,1124
0.0939955,0.100666,0.0,0.9337363161345439,0.06626368386545611,snapshot_1125.xyz,32,4000,16.757672110741936,4000,all,1125
0.0949708,0.100528,0.0,0.9447198790386757,0.055280120961324286,snapshot_1126.xyz,32,4000,16.757672110741936,4000,all,1126
0.0945529,0.100805,0.0,0.9379782748871582,0.062021725112841763,snapshot_1127.xyz,32,4000,16.757672110741936,4000,all,1127
0.0945529,0.100805,0.0,0.9379782748871582,0.062021725112841763,snapshot_1128.xyz,32,4000,16.757672110741936,4000,all,1128
0.0951797,0.100597,0.0,0.9461484934938418,0.05385150650615822,snapshot_1129.xyz,32,4000,16.757672110741936,4000,all,1129
0.0941349,0.100528,0.0,0.9364047827470953,0.06359521725290473,snapshot_1130.xyz,32,4000,16.757672110741936,4000,all,1130
0.0956669,0.101636,0.0,0.9412698256523279,0.05873017434767214,snapshot_1131.xyz,32,4000,16.757672110741936,4000,all,1131
0.0949708,0.100112,0.0,0.9486455170209365,0.05135448297906353,snapshot_1132.xyz,32,4000,16.757672110741936,4000,all,1132
0.09511,0.100181,0.0,0.9493816192691228,0.05061838073087721,snapshot_1133.xyz,32,4000,16.757672110741936,4000,all,1133
0.0944833,0.100666,0.0,0.9385820435896927,0.06141795641030734,snapshot_1134.xyz,32,4000,16.757672110741936,4000,all,1134
0.0940652,0.100112,0.0,0.939599648393799,0.06040035160620105,snapshot_1135.xyz,32,4000,16.757672110741936,4000,all,1135
0.0949708,0.100597,0.0,0.9440718908118532,0.055928109188146835,snapshot_1136.xyz,32,4000,16.757672110741936,4000,all,1136
0.0955973,0.101013,0.0,0.9463861087186797,0.053613891281320325,snapshot_1137.xyz,32,4000,16.757672110741936,4000,all,1137
0.0948315,0.100528,0.0,0.9433341954480343,0.05666580455196568,snapshot_1138.xyz,32,4000,16.757672110741936,4000,all,1138
0.09511,0.100112,0.0,0.9500359597251078,0.04996404027489221,snapshot_1139.xyz,32,4000,16.757672110741936,4000,all,1139
0.0949011,0.10032,0.0,0.9459838516746412,0.05401614832535884,snapshot_1140.xyz,32,4000,16.757672110741936,4000,all,1140
0.0941349,0.100666,0.0,0.9351210935171755,0.06487890648282446,snapshot_1141.xyz,32,4000,16.757672110741936,4000,all,1141
0.0947619,0.100043,0.0,0.947211698969443,0.05278830103055698,snapshot_1142.xyz,32,4000,16.757672110741936,4000,all,1142
0.0954581,0.100528,0.0,0.9495672847365908,0.0504327152634092,snapshot_1143.xyz,32,4000,16.757672110741936,4000,all,1143
0.0942046,0.100874,0.0,0.9338838551063703,0.06611614489362971,snapshot_1144.xyz,32,4000,16.757672110741936,4000,all,1144
0.0955973,0.10032,0.0,0.9529236443381179,0.04707635566188206,snapshot_1145.xyz,32,4000,16.757672110741936,4000,all,1145
0.0944833,0.101359,0.0,0.9321648792904429,0.0678351207095571,snapshot_1146.xyz,32,4000,16.757672110741936,4000,all,1146
0.0940652,0.101082,0.0,0.9305830909558576,0.06941690904414244,snapshot_1147.xyz,32,4000,16.757672110741936,4000,all,1147
0.0945529,0.100389,0.0,0.9418651445875543,0.058134855412445674,snapshot_1148.xyz,32,4000,16.757672110741936,4000,all,1148
0.0945529,0.100458,0.0,0.9412182205498815,0.05878177945011853,snapshot_1149.xyz,32,4000,16.757672110741936,4000,all,1149
0.0949708,0.100389,0.0,0.9460279512695613,0.053972048730438704,snapshot_1150.xyz,32,4000,16.757672110741936,4000,all,1150
0.0950404,0.0998345,0.0,0.9519795261157215,0.04802047388427855,snapshot_1151.xyz,32,4000,16.757672110741936,4000,all,1151
0.0949708,0.100943,0.0,0.9408359172998622,0.05916408270013784,snapshot_1152.xyz,32,4000,16.757672110741936,4000,all,1152
0.0941349,0.0996958,0.0,0.9442213212592706,0.05577867874072939,snapshot_1153.xyz,32,4000,16.757672110741936,4000,all,1153
0.0938561,0.100458,0.0,0.9342819884927034,0.06571801150729661,snapshot_1154.xyz,32,4000,16.757672110741936,4000,all,1154
0.0950404,0.100597,0.0,0.9447637603507062,0.055236239649293806,snapshot_1155.xyz,32,4000,16.757672110741936,4000,all,1155
0.0948315,0.100874,0.0,0.9400985387711401,0.059901461228859865,snapshot_1156.xyz,32,4000,16.757672110741936,4000,all,1156
0.0946922,0.100043,0.0,0.9465149985506232,0.053485001449376846,snapshot_1157.xyz,32,4000,16.757672110741936,4000,all,1157
0.0944136,0.100597,0.0,0.9385329582393113,0.061467041760688734,snapshot_1158.xyz,32,4000,16.757672110741936,4000,all,1158
0.0942742,0.100181,0.0,0.9410387199169503,0.05896128008304968,snapshot_1159.xyz,32,4000,16.757672110741936,4000,all,1159
0.0945529,0.100666,0.0,0.9392734388969463,0.060726561103053744,snapshot_1160.xyz,32,4000,16.757672110741936,4000,all,1160
0.09511,0.10025,0.0,0.9487281795511221,0.0512718204488779,snapshot_1161.xyz,32,4000,16.757672110741936,4000,all,1161
0.0948315,0.100043,0.0,0.9479073998180781,0.052092600181921855,snapshot_1162.xyz,32,4000,16.757672110741936,4000,all,1162
0.0948315,0.10032,0.0,0.9452900717703349,0.05470992822966514,snapshot_1163.xyz,32,4000,16.757672110741936,4000,all,1163
0.0946922,0.100666,0.0,0.9406572228955159,0.0593427771044841,snapshot_1164.xyz,32,4000,16.757672110741936,4000,all,1164
0.0939955,0.100666,0.0,0.9337363161345439,0.06626368386545611,snapshot_1165.xyz,32,4000,16.757672110741936,4000,all,1165
0.0946226,0.100666,0.0,0.9399658275882621,0.06003417241173792,snapshot_1166.xyz,32,4000,16.757672110741936,4000,all,1166
0.0949011,0.101013,0.0,0.9394939265243087,0.06050607347569126,snapshot_1167.xyz,32,4000,16.757672110741936,4000,all,1167
0.0942742,0.100874,0.0,0.9345738247714971,0.06542617522850291,snapshot_1168.xyz,32,4000,16.757672110741936,4000,all,1168
0.0952493,0.100666,0.0,0.9461913655057317,0.053808634494268315,snapshot_1169.xyz,32,4000,16.757672110741936,4000,all,1169
0.0951797,0.10032,0.0,0.9487609649122807,0.05123903508771932,snapshot_1170.xyz,32,4000,16.757672110741936,4000,all,1170
0.0948315,0.101636,0.0,0.933050297138809,0.06694970286119095,snapshot_1171.xyz,32,4000,16.757672110741936,4000,all,1171
0.0944833,0.101359,0.0,0.9321648792904429,0.0678351207095571,snapshot_1172.xyz,32,4000,16.757672110741936,4000,all,1172
0.0949011,0.100528,0.0,0.944026539869489,0.055973460130510966,snapshot_1173.xyz,32,4000,16.757672110741936,4000,all,1173
0.09511,0.100874,0.0,0.9428594087673731,0.057140591232626936,snapshot_1174.xyz,32,4000,16.757672110741936,4000,all,1174
0.093647,0.10025,0.0,0.9341346633416457,0.06586533665835426,snapshot_1175.xyz,32,4000,16.757672110741936,4000,all,1175
0.0953189,0.100181,0.0,0.9514668450105309,0.048533154989469085,snapshot_1176.xyz,32,4000,16.757672110741936,4000,all,1176
0.0961539,0.100943,0.0,0.9525563932120107,0.04744360678798931,snapshot_1177.xyz,32,4000,16.757672110741936,4000,all,1177
0.0935076,0.100181,0.0,0.9333865703077429,0.06661342969225714,snapshot_1178.xyz,32,4000,16.757672110741936,4000,all,1178
0.0951797,0.100112,0.0,0.9507321799584465,0.0492678200415535,snapshot_1179.xyz,32,4000,16.757672110741936,4000,all,1179
0.0946226,0.100736,0.0,0.9393126588310038,0.06068734116899621,snapshot_1180.xyz,32,4000,16.757672110741936,4000,all,1180
0.0942046,0.100943,0.0,0.9332454949823167,0.06675450501768332,snapshot_1181.xyz,32,4000,16.757672110741936,4000,all,1181
0.0949011,0.100666,0.0,0.942732402201339,0.057267597798660974,snapshot_1182.xyz,32,4000,16.757672110741936,4000,all,1182
0.0949011,0.101013,0.0,0.9394939265243087,0.06050607347569126,snapshot_1183.xyz,32,4000,16.757672110741936,4000,all,1183
0.0947619,0.100597,0.0,0.9419952881298647,0.05800471187013534,snapshot_1184.xyz,32,4000,16.757672110741936,4000,all,1184
0.0943439,0.100389,0.0,0.9397832431840141,0.06021675681598593,snapshot_1185.xyz,32,4000,16.757672110741936,4000,all,1185
0.0947619,0.101013,0.0,0.9381158860740696,0.061884113925930406,snapshot_1186.xyz,32,4000,16.757672110741936,4000,all,1186
0.0950404,0.100805,0.0,0.9428143445265611,0.0571856554734389,snapshot_1187.xyz,32,4000,16.757672110741936,4000,all,1187
0.0943439,0.100874,0.0,0.9352647857723495,0.0647352142276505,snapshot_1188.xyz,32,4000,16.757672110741936,4000,all,1188
0.0949011,0.100666,0.0,0.942732402201339,0.057267597798660974,snapshot_1189.xyz,32,4000,16.757672110741936,4000,all,1189
0.0946226,0.10032,0.0,0.9432077352472089,0.05679226475279109,snapshot_1190.xyz,32,4000,16.757672110741936,4000,all,1190
0.0948315,0.10032,0.0,0.9452900717703349,0.05470992822966514,snapshot_1191.xyz,32,4000,16.757672110741936,4000,all,1191
0.0950404,0.100389,0.0,0.9467212543206924,0.05327874567930757,snapshot_1192.xyz,32,4000,16.757672110741936,4000,all,1192
0.0946226,0.10025,0.0,0.9438663341645885,0.05613366583541146,snapshot_1193.xyz,32,4000,16.757672110741936,4000,all,1193
0.0949708,0.100458,0.0,0.9453781679906029,0.054621832009397076,snapshot_1194.xyz,32,4000,16.757672110741936,4000,all,1194
0.0939955,0.0996958,0.0,0.9428230677721628,0.05717693222783715,snapshot_1195.xyz,32,4000,16.757672110741936,4000,all,1195
0.0945529,0.100389,0.0,0.9418651445875543,0.058134855412445674,snapshot_1196.xyz,32,4000,16.757672110741936,4000,all,1196
0.0951797,0.100736,0.0,0.9448429558449809,0.0551570441550191,snapshot_1197.xyz,32,4000,16.757672110741936,4000,all,1197
0.0946226,0.100043,0.0,0.9458192977019881,0.05418070229801186,snapshot_1198.xyz,32,4000,16.757672110741936,4000,all,1198
0.0941349,0.100181,0.0,0.9396482366915881,0.060351763308411854,snapshot_1199.xyz,32,4000,16.757672110741936,4000,all,1199
0.0949708,0.101082,0.0,0.9395421538948575,0.06045784610514249,snapshot_1200.xyz,32,4000,16.757672110741936,4000,all,1200
0.09511,0.100458,0.0,0.9467638216966294,0.053236178303370574,snapshot_1201.xyz,32,4000,16.757672110741936,4000,all,1201
