cid,cid_shuffled,cid_shuffled_std,cid_normalized,compression_gain,snapshot,nbins,n_particles_total,box_length,n_particles_filtered,atom_types,snapshot_num,shannon_entropy
0.421617,0.496952,0.0,0.8484058822582463,0.1515941177417537,snapshot_1.xyz,8,10000,40.0,10000,all,1,4.661964689905617
0.923335,0.973165,0.0,0.9487959390237012,0.0512040609762989,snapshot_2.xyz,8,10000,40.0,10000,all,2,6.132557197022646
0.976975,1.02433,0.0,0.9537697812228482,0.0462302187771518,snapshot_3.xyz,8,10000,40.0,10000,all,3,5.998063911255567
0.971259,1.00734,0.0,0.9641819048186312,0.0358180951813686,snapshot_4.xyz,8,10000,40.0,10000,all,4,5.956104158358411
0.976975,0.990284,0.0,0.9865604210509308,0.0134395789490692,snapshot_5.xyz,8,10000,40.0,10000,all,5,5.9624358900401875
0.982684,1.00166,0.0,0.9810554479563924,0.0189445520436075,snapshot_6.xyz,8,10000,40.0,10000,all,6,5.969537945033753
0.992182,1.00166,0.0,0.9905377074057066,0.0094622925942934,snapshot_7.xyz,8,10000,40.0,10000,all,7,5.9738962972893725
0.992182,1.03374,0.0,0.9597984019192446,0.0402015980807554,snapshot_8.xyz,8,10000,40.0,10000,all,8,5.977786578333371
0.990284,1.02621,0.0,0.9649915709260288,0.0350084290739711,snapshot_9.xyz,8,10000,40.0,10000,all,9,5.989149355871695
0.984585,1.02244,0.0,0.962975822542154,0.0370241774578459,snapshot_10.xyz,8,10000,40.0,10000,all,10,5.996525622660879
0.980781,1.01301,0.0,0.9681849142654072,0.0318150857345929,snapshot_11.xyz,8,10000,40.0,10000,all,11,6.005942233759131
0.984585,1.0149,0.0,0.9701300620750816,0.0298699379249185,snapshot_12.xyz,8,10000,40.0,10000,all,12,6.008461695128833
0.971259,1.00923,0.0,0.9623762670550816,0.0376237329449185,snapshot_13.xyz,8,10000,40.0,10000,all,13,6.009473919983319
0.984585,1.01867,0.0,0.966539703731336,0.0334602962686639,snapshot_14.xyz,8,10000,40.0,10000,all,14,6.019245732778076
0.994079,0.999766,0.0,0.9943116689305298,0.0056883310694701,snapshot_15.xyz,8,10000,40.0,10000,all,15,6.033126616599207
0.984585,1.01867,0.0,0.966539703731336,0.0334602962686639,snapshot_16.xyz,8,10000,40.0,10000,all,16,6.035788838169291
0.971259,1.01301,0.0,0.9587852044895904,0.0412147955104095,snapshot_17.xyz,8,10000,40.0,10000,all,17,6.034558156529017
0.978879,1.00923,0.0,0.9699265776879404,0.0300734223120596,snapshot_18.xyz,8,10000,40.0,10000,all,18,6.047531362227716
0.997871,1.00355,0.0,0.9943410891335758,0.0056589108664242,snapshot_19.xyz,8,10000,40.0,10000,all,19,6.055668750839745
0.986485,0.994079,0.0,0.9923607681079673,0.0076392318920328,snapshot_20.xyz,8,10000,40.0,10000,all,20,6.0519211666051795
0.995975,1.00734,0.0,0.9887178112653128,0.0112821887346872,snapshot_21.xyz,8,10000,40.0,10000,all,21,6.056226252693445
0.980781,1.01112,0.0,0.9699946593876098,0.0300053406123902,snapshot_22.xyz,8,10000,40.0,10000,all,22,6.062367638084503
0.984585,1.02244,0.0,0.962975822542154,0.0370241774578459,snapshot_23.xyz,8,10000,40.0,10000,all,23,6.06891713793388
0.980781,1.0149,0.0,0.9663819095477388,0.0336180904522611,snapshot_24.xyz,8,10000,40.0,10000,all,24,6.071079750619855
0.982684,0.999766,0.0,0.9829140018764392,0.0170859981235609,snapshot_25.xyz,8,10000,40.0,10000,all,25,6.072092730925153
0.980781,0.986485,0.0,0.9942178543008764,0.0057821456991236,snapshot_26.xyz,8,10000,40.0,10000,all,26,6.0690701150020505
0.994079,1.00166,0.0,0.9924315636044168,0.0075684363955832,snapshot_27.xyz,8,10000,40.0,10000,all,27,6.07157628752472
0.976975,0.980781,0.0,0.9961194191159902,0.0038805808840097,snapshot_28.xyz,8,10000,40.0,10000,all,28,6.081712283335289
0.988385,0.982684,0.0,1.0058014580475514,-0.0058014580475513,snapshot_29.xyz,8,10000,40.0,10000,all,29,6.082596684458506
1.00923,1.00734,0.0,1.0018762284829354,-0.0018762284829354,snapshot_30.xyz,8,10000,40.0,10000,all,30,6.076208165465579
1.00355,0.986485,0.0,1.0172987931899624,-0.0172987931899624,snapshot_31.xyz,8,10000,40.0,10000,all,31,6.084571137982646
0.982684,0.995975,0.0,0.9866552875323176,0.0133447124676824,snapshot_32.xyz,8,10000,40.0,10000,all,32,6.089561953337288
0.971259,0.986485,0.0,0.98456540139992,0.01543459860008,snapshot_33.xyz,8,10000,40.0,10000,all,33,6.089944706542898
0.992182,0.990284,0.0,1.0019166218983644,-0.0019166218983643,snapshot_34.xyz,8,10000,40.0,10000,all,34,6.092903870157816
0.973165,0.997871,0.0,0.97524128870365,0.0247587112963499,snapshot_35.xyz,8,10000,40.0,10000,all,35,6.093252448035753
0.963626,0.97507,0.0,0.9882634067297732,0.0117365932702268,snapshot_36.xyz,8,10000,40.0,10000,all,36,6.102533936629776
0.994079,0.997871,0.0,0.9961999096075546,0.0038000903924454,snapshot_37.xyz,8,10000,40.0,10000,all,37,6.102932656877677
0.973165,0.994079,0.0,0.9789614306307648,0.0210385693692353,snapshot_38.xyz,8,10000,40.0,10000,all,38,6.0924234614140484
0.973165,0.984585,0.0,0.9884012045684222,0.0115987954315778,snapshot_39.xyz,8,10000,40.0,10000,all,39,6.0921978154649
0.984585,0.988385,0.0,0.9961553443243272,0.0038446556756728,snapshot_40.xyz,8,10000,40.0,10000,all,40,6.093798300088194
0.976975,0.984585,0.0,0.9922708552334232,0.0077291447665768,snapshot_41.xyz,8,10000,40.0,10000,all,41,6.0981799515499695
0.995975,0.997871,0.0,0.9980999548037772,0.0019000451962226,snapshot_42.xyz,8,10000,40.0,10000,all,42,6.107408068633935
0.97507,0.978879,0.0,0.9961088142661144,0.0038911857338854,snapshot_43.xyz,8,10000,40.0,10000,all,43,6.1142921446259395
0.961716,0.959805,0.0,1.0019910294278525,-0.0019910294278524,snapshot_44.xyz,8,10000,40.0,10000,all,44,6.108576027430377
0.976975,0.995975,0.0,0.9809232159441752,0.0190767840558246,snapshot_45.xyz,8,10000,40.0,10000,all,45,6.108334834856577
0.971259,0.992182,0.0,0.9789121350719928,0.0210878649280071,snapshot_46.xyz,8,10000,40.0,10000,all,46,6.109353930123092
0.957893,0.984585,0.0,0.9728901009054576,0.0271098990945424,snapshot_47.xyz,8,10000,40.0,10000,all,47,6.105124748019588
0.982684,0.997871,0.0,0.984780597892914,0.0152194021070859,snapshot_48.xyz,8,10000,40.0,10000,all,48,6.107033415930086
0.976975,0.997871,0.0,0.9790594174998573,0.0209405825001427,snapshot_49.xyz,8,10000,40.0,10000,all,49,6.100485390510634
0.984585,0.992182,0.0,0.9923431386580284,0.0076568613419715,snapshot_50.xyz,8,10000,40.0,10000,all,50,6.1081471911276175
0.971259,0.97507,0.0,0.99609156265704,0.0039084373429599,snapshot_51.xyz,8,10000,40.0,10000,all,51,6.110962487102702
0.971259,0.971259,0.0,1.0,0.0,snapshot_52.xyz,8,10000,40.0,10000,all,52,6.114483058676189
0.952153,0.982684,0.0,0.968931009358044,0.0310689906419561,snapshot_53.xyz,8,10000,40.0,10000,all,53,6.116358948258684
0.976975,1.00355,0.0,0.9735190075232923,0.0264809924767075,snapshot_54.xyz,8,10000,40.0,10000,all,54,6.115942141801632
0.959805,0.984585,0.0,0.9748320358323558,0.0251679641676442,snapshot_55.xyz,8,10000,40.0,10000,all,55,6.111189235832981
0.959805,0.984585,0.0,0.9748320358323558,0.0251679641676442,snapshot_56.xyz,8,10000,40.0,10000,all,56,6.118135822550581
0.969352,0.980781,0.0,0.9883470417962829,0.0116529582037172,snapshot_57.xyz,8,10000,40.0,10000,all,57,6.117686716311386
0.950237,0.973165,0.0,0.976439760986061,0.023560239013939,snapshot_58.xyz,8,10000,40.0,10000,all,58,6.117176525912868
0.965536,0.980781,0.0,0.984456264956193,0.015543735043807,snapshot_59.xyz,8,10000,40.0,10000,all,59,6.120031242862136
0.988385,0.963626,0.0,1.0256935782139545,-0.0256935782139544,snapshot_60.xyz,8,10000,40.0,10000,all,60,6.115515651529619
0.986485,0.965536,0.0,1.0216967570344349,-0.0216967570344348,snapshot_61.xyz,8,10000,40.0,10000,all,61,6.115301797124507
0.984585,0.97507,0.0,1.0097582737649604,-0.0097582737649604,snapshot_62.xyz,8,10000,40.0,10000,all,62,6.105518243587839
0.961716,0.992182,0.0,0.9692939400231008,0.0307060599768993,snapshot_63.xyz,8,10000,40.0,10000,all,63,6.107411382621726
0.969352,1.00355,0.0,0.9659229734442728,0.034077026555727,snapshot_64.xyz,8,10000,40.0,10000,all,64,6.110601033097813
0.984585,0.976975,0.0,1.0077893497786534,-0.0077893497786534,snapshot_65.xyz,8,10000,40.0,10000,all,65,6.113921197496991
0.965536,0.97507,0.0,0.9902222404545314,0.0097777595454685,snapshot_66.xyz,8,10000,40.0,10000,all,66,6.1145117664819395
0.965536,0.959805,0.0,1.0059710045269612,-0.0059710045269611,snapshot_67.xyz,8,10000,40.0,10000,all,67,6.125558621773446
0.97507,0.980781,0.0,0.9941770894827692,0.0058229105172307,snapshot_68.xyz,8,10000,40.0,10000,all,68,6.115439500653771
0.969352,0.969352,0.0,1.0,0.0,snapshot_69.xyz,8,10000,40.0,10000,all,69,6.113214004799336
0.959805,0.97507,0.0,0.9843447137128616,0.0156552862871383,snapshot_70.xyz,8,10000,40.0,10000,all,70,6.126487933465011
0.959805,0.965536,0.0,0.994064436748086,0.0059355632519139,snapshot_71.xyz,8,10000,40.0,10000,all,71,6.128296657798138
0.950237,0.969352,0.0,0.9802806410880672,0.0197193589119328,snapshot_72.xyz,8,10000,40.0,10000,all,72,6.131304486663375
0.971259,0.963626,0.0,1.0079211229252842,-0.0079211229252842,snapshot_73.xyz,8,10000,40.0,10000,all,73,6.123938911797556
0.978879,0.967444,0.0,1.0118198055908147,-0.0118198055908147,snapshot_74.xyz,8,10000,40.0,10000,all,74,6.125214599409427
0.961716,0.980781,0.0,0.9805614097336716,0.0194385902663285,snapshot_75.xyz,8,10000,40.0,10000,all,75,6.126994162635882
0.959805,0.955981,0.0,1.004000079499488,-0.0040000794994881,snapshot_76.xyz,8,10000,40.0,10000,all,76,6.1358022192213495
0.952153,0.931038,0.0,1.0226789883978955,-0.0226789883978957,snapshot_77.xyz,8,10000,40.0,10000,all,77,6.1381112430238165
0.946404,0.963626,0.0,0.9821279209983956,0.0178720790016043,snapshot_78.xyz,8,10000,40.0,10000,all,78,6.136408513962515
0.963626,0.959805,0.0,1.0039810169774068,-0.0039810169774068,snapshot_79.xyz,8,10000,40.0,10000,all,79,6.138494398629827
0.942568,0.946404,0.0,0.9959467626933106,0.0040532373066893,snapshot_80.xyz,8,10000,40.0,10000,all,80,6.142143420129034
0.950237,0.973165,0.0,0.976439760986061,0.023560239013939,snapshot_81.xyz,8,10000,40.0,10000,all,81,6.1357696822885455
0.969352,0.973165,0.0,0.9960818566224638,0.0039181433775361,snapshot_82.xyz,8,10000,40.0,10000,all,82,6.128085388962633
0.954067,0.954067,0.0,1.0,0.0,snapshot_83.xyz,8,10000,40.0,10000,all,83,6.136152671135237
0.959805,0.957893,0.0,1.0019960475752512,-0.0019960475752511,snapshot_84.xyz,8,10000,40.0,10000,all,84,6.143181540059341
0.961716,0.961716,0.0,1.0,0.0,snapshot_85.xyz,8,10000,40.0,10000,all,85,6.136810296281144
0.952153,0.952153,0.0,1.0,0.0,snapshot_86.xyz,8,10000,40.0,10000,all,86,6.135715202384422
0.954067,0.950237,0.0,1.0040305734253665,-0.0040305734253665,snapshot_87.xyz,8,10000,40.0,10000,all,87,6.133042263432045
0.955981,0.961716,0.0,0.9940367010635156,0.0059632989364843,snapshot_88.xyz,8,10000,40.0,10000,all,88,6.135623559790978
0.955981,0.942568,0.0,1.0142302730413084,-0.0142302730413084,snapshot_89.xyz,8,10000,40.0,10000,all,89,6.142618506404766
0.946404,0.957893,0.0,0.988005967263567,0.0119940327364329,snapshot_90.xyz,8,10000,40.0,10000,all,90,6.136814954589791
0.944487,0.973165,0.0,0.9705312048830363,0.0294687951169636,snapshot_91.xyz,8,10000,40.0,10000,all,91,6.1366184555892085
0.967444,0.967444,0.0,1.0,0.0,snapshot_92.xyz,8,10000,40.0,10000,all,92,6.135930467248537
0.963626,0.954067,0.0,1.0100192124871734,-0.0100192124871734,snapshot_93.xyz,8,10000,40.0,10000,all,93,6.135694078859913
0.957893,0.963626,0.0,0.9940505963932064,0.0059494036067935,snapshot_94.xyz,8,10000,40.0,10000,all,94,6.139606527557239
0.942568,0.942568,0.0,1.0,0.0,snapshot_95.xyz,8,10000,40.0,10000,all,95,6.143028969291327
0.959805,0.973165,0.0,0.986271598341494,0.0137284016585059,snapshot_96.xyz,8,10000,40.0,10000,all,96,6.134257155625468
0.952153,0.946404,0.0,1.0060745728040037,-0.0060745728040034,snapshot_97.xyz,8,10000,40.0,10000,all,97,6.14119879291782
0.955981,0.946404,0.0,1.0101193570610436,-0.0101193570610436,snapshot_98.xyz,8,10000,40.0,10000,all,98,6.142591437096202
0.948321,0.952153,0.0,0.995975436720779,0.0040245632792209,snapshot_99.xyz,8,10000,40.0,10000,all,99,6.141869217464785
0.944487,0.940649,0.0,1.004080161675609,-0.0040801616756089,snapshot_100.xyz,8,10000,40.0,10000,all,100,6.143004269580928
0.950237,0.948321,0.0,1.0020204129192545,-0.0020204129192542,snapshot_101.xyz,8,10000,40.0,10000,all,101,6.141151380486713
0.944487,0.950237,0.0,0.9939488780167474,0.0060511219832526,snapshot_102.xyz,8,10000,40.0,10000,all,102,6.154292675672
0.944487,0.946404,0.0,0.9979744379778616,0.0020255620221385,snapshot_103.xyz,8,10000,40.0,10000,all,103,6.140260250669858
0.973165,0.955981,0.0,1.017975252646235,-0.0179752526462346,snapshot_104.xyz,8,10000,40.0,10000,all,104,6.143006246071526
0.967444,0.938728,0.0,1.0305903307454345,-0.0305903307454342,snapshot_105.xyz,8,10000,40.0,10000,all,105,6.145557887346024
0.978879,0.957893,0.0,1.0219085012626672,-0.0219085012626671,snapshot_106.xyz,8,10000,40.0,10000,all,106,6.129982146682971
0.940649,0.961716,0.0,0.9780943646565098,0.0219056353434902,snapshot_107.xyz,8,10000,40.0,10000,all,107,6.136880058482998
0.954067,0.946404,0.0,1.0080969649325235,-0.0080969649325235,snapshot_108.xyz,8,10000,40.0,10000,all,108,6.150698875889223
0.955981,0.969352,0.0,0.9862062491231256,0.0137937508768745,snapshot_109.xyz,8,10000,40.0,10000,all,109,6.1451738482175235
0.965536,0.955981,0.0,1.0099949685192489,-0.0099949685192488,snapshot_110.xyz,8,10000,40.0,10000,all,110,6.138154706139473
0.942568,0.957893,0.0,0.9840013446178226,0.0159986553821773,snapshot_111.xyz,8,10000,40.0,10000,all,111,6.144421424240681
0.957893,0.938728,0.0,1.0204159245276587,-0.0204159245276587,snapshot_112.xyz,8,10000,40.0,10000,all,112,6.134269216265474
0.938728,0.954067,0.0,0.9839225127795008,0.0160774872204991,snapshot_113.xyz,8,10000,40.0,10000,all,113,6.1432272214119195
0.948321,0.950237,0.0,0.9979836609182762,0.0020163390817238,snapshot_114.xyz,8,10000,40.0,10000,all,114,6.1355333279417135
0.952153,0.954067,0.0,0.9979938515848468,0.0020061484151532,snapshot_115.xyz,8,10000,40.0,10000,all,115,6.1382242542126555
0.950237,0.957893,0.0,0.9920074580355008,0.0079925419644991,snapshot_116.xyz,8,10000,40.0,10000,all,116,6.1414062370918465
0.963626,0.961716,0.0,1.0019860332988118,-0.0019860332988117,snapshot_117.xyz,8,10000,40.0,10000,all,117,6.141087702112474
0.965536,0.948321,0.0,1.0181531359107303,-0.0181531359107305,snapshot_118.xyz,8,10000,40.0,10000,all,118,6.14156071623905
0.929114,0.955981,0.0,0.9718958849600569,0.0281041150399432,snapshot_119.xyz,8,10000,40.0,10000,all,119,6.148930355479326
0.969352,0.961716,0.0,1.0079399739632071,-0.0079399739632073,snapshot_120.xyz,8,10000,40.0,10000,all,120,6.141813929408299
0.963626,0.965536,0.0,0.9980218241474166,0.0019781758525834,snapshot_121.xyz,8,10000,40.0,10000,all,121,6.132056978345334
0.967444,0.976975,0.0,0.99024437677525,0.0097556232247499,snapshot_122.xyz,8,10000,40.0,10000,all,122,6.127410354301234
0.978879,0.969352,0.0,1.0098282151375353,-0.0098282151375352,snapshot_123.xyz,8,10000,40.0,10000,all,123,6.1277096113335245
0.957893,0.959805,0.0,0.9980079286938492,0.0019920713061507,snapshot_124.xyz,8,10000,40.0,10000,all,124,6.1385080771091864
0.957893,0.984585,0.0,0.9728901009054576,0.0271098990945424,snapshot_125.xyz,8,10000,40.0,10000,all,125,6.128989546325538
0.986485,0.957893,0.0,1.0298488453303238,-0.0298488453303238,snapshot_126.xyz,8,10000,40.0,10000,all,126,6.10753524598078
0.965536,0.982684,0.0,0.9825498329066108,0.0174501670933892,snapshot_127.xyz,8,10000,40.0,10000,all,127,6.117450990150839
0.978879,0.986485,0.0,0.9922897966010636,0.0077102033989364,snapshot_128.xyz,8,10000,40.0,10000,all,128,6.118912025501443
0.944487,0.976975,0.0,0.9667463343483712,0.0332536656516287,snapshot_129.xyz,8,10000,40.0,10000,all,129,6.128124657466222
0.961716,0.980781,0.0,0.9805614097336716,0.0194385902663285,snapshot_130.xyz,8,10000,40.0,10000,all,130,6.118444543867247
0.967444,0.952153,0.0,1.0160593938159097,-0.0160593938159097,snapshot_131.xyz,8,10000,40.0,10000,all,131,6.132332009861315
0.965536,0.988385,0.0,0.976882490122776,0.0231175098772239,snapshot_132.xyz,8,10000,40.0,10000,all,132,6.128079163572902
0.965536,0.97507,0.0,0.9902222404545314,0.0097777595454685,snapshot_133.xyz,8,10000,40.0,10000,all,133,6.121990811025464
0.978879,0.984585,0.0,0.9942046649095811,0.0057953350904187,snapshot_134.xyz,8,10000,40.0,10000,all,134,6.1029022905071635
0.982684,0.971259,0.0,1.0117630827616526,-0.0117630827616526,snapshot_135.xyz,8,10000,40.0,10000,all,135,6.110255934369771
0.973165,0.980781,0.0,0.9922347598495485,0.0077652401504515,snapshot_136.xyz,8,10000,40.0,10000,all,136,6.115058824753252
0.982684,0.965536,0.0,1.017760083518377,-0.0177600835183773,snapshot_137.xyz,8,10000,40.0,10000,all,137,6.118279087736102
0.997871,0.988385,0.0,1.009597474668272,-0.0095974746682718,snapshot_138.xyz,8,10000,40.0,10000,all,138,6.097344723937592
0.978879,0.999766,0.0,0.9791081112980438,0.0208918887019562,snapshot_139.xyz,8,10000,40.0,10000,all,139,6.099630469927319
0.969352,0.997871,0.0,0.971420153506816,0.0285798464931839,snapshot_140.xyz,8,10000,40.0,10000,all,140,6.09457716989077
0.994079,0.967444,0.0,1.0275313093057583,-0.0275313093057583,snapshot_141.xyz,8,10000,40.0,10000,all,141,6.104738376298178
0.976975,0.999766,0.0,0.977203665657764,0.022796334342236,snapshot_142.xyz,8,10000,40.0,10000,all,142,6.103097407790886
0.986485,0.982684,0.0,1.00386797790541,-0.00386797790541,snapshot_143.xyz,8,10000,40.0,10000,all,143,6.102672114861644
0.992182,0.990284,0.0,1.0019166218983644,-0.0019166218983643,snapshot_144.xyz,8,10000,40.0,10000,all,144,6.083010928005071
0.994079,0.994079,0.0,1.0,0.0,snapshot_145.xyz,8,10000,40.0,10000,all,145,6.085700809599551
0.980781,0.97507,0.0,1.0058570153937667,-0.0058570153937667,snapshot_146.xyz,8,10000,40.0,10000,all,146,6.096110354917408
0.999766,1.00923,0.0,0.990622553828166,0.009377446171834,snapshot_147.xyz,8,10000,40.0,10000,all,147,6.077439542907943
0.986485,1.00355,0.0,0.9829953664491056,0.0170046335508943,snapshot_148.xyz,8,10000,40.0,10000,all,148,6.0736490714678535
1.00545,1.02998,0.0,0.9761840035728848,0.023815996427115,snapshot_149.xyz,8,10000,40.0,10000,all,149,6.055950271945503
1.01112,1.0149,0.0,0.9962754951226724,0.0037245048773276,snapshot_150.xyz,8,10000,40.0,10000,all,150,6.070061610049383
1.02056,1.0149,0.0,1.0055769041284857,-0.0055769041284856,snapshot_151.xyz,8,10000,40.0,10000,all,151,6.055754407789181
1.02621,1.01301,0.0,1.0130304735392544,-0.0130304735392543,snapshot_152.xyz,8,10000,40.0,10000,all,152,6.036982019497742
1.02433,1.01301,0.0,1.011174618216997,-0.0111746182169969,snapshot_153.xyz,8,10000,40.0,10000,all,153,6.044964740792961
1.0149,1.03374,0.0,0.9817749143885308,0.0182250856114691,snapshot_154.xyz,8,10000,40.0,10000,all,154,6.029629598614327
1.02244,1.01678,0.0,1.005566592576565,-0.0055665925765653,snapshot_155.xyz,8,10000,40.0,10000,all,155,5.993606551703252
1.02621,1.02998,0.0,0.9963397347521312,0.0036602652478687,snapshot_156.xyz,8,10000,40.0,10000,all,156,5.987625067913569
1.00545,1.02809,0.0,0.977978581641685,0.0220214183583149,snapshot_157.xyz,8,10000,40.0,10000,all,157,5.9367715984709335
1.01112,1.01112,0.0,1.0,0.0,snapshot_158.xyz,8,10000,40.0,10000,all,158,5.902711096842178
1.00545,1.01678,0.0,0.988856979877653,0.011143020122347,snapshot_159.xyz,8,10000,40.0,10000,all,159,5.869342032330376
0.990284,0.999766,0.0,0.990515780692682,0.0094842193073179,snapshot_160.xyz,8,10000,40.0,10000,all,160,5.835952546122791
0.980781,1.00734,0.0,0.973634522604086,0.0263654773959138,snapshot_161.xyz,8,10000,40.0,10000,all,161,5.805647495181043
0.984585,1.00166,0.0,0.9829532975261068,0.0170467024738932,snapshot_162.xyz,8,10000,40.0,10000,all,162,5.757424361686359
0.963626,0.988385,0.0,0.9749500447700036,0.0250499552299964,snapshot_163.xyz,8,10000,40.0,10000,all,163,5.702927504567959
0.927188,0.973165,0.0,0.9527551854002148,0.0472448145997851,snapshot_164.xyz,8,10000,40.0,10000,all,164,5.648823844924282
0.927188,0.942568,0.0,0.9836828748695056,0.0163171251304945,snapshot_165.xyz,8,10000,40.0,10000,all,165,5.599247321451935
0.89238,0.915617,0.0,0.9746214847474436,0.0253785152525565,snapshot_166.xyz,8,10000,40.0,10000,all,166,5.539368463133593
0.857279,0.89238,0.0,0.960665859835496,0.0393341401645038,snapshot_167.xyz,8,10000,40.0,10000,all,167,5.4886801345643095
0.849437,0.867059,0.0,0.9796761235394592,0.0203238764605407,snapshot_168.xyz,8,10000,40.0,10000,all,168,5.442295097922237
0.77815,0.813957,0.0,0.9560087326480392,0.0439912673519609,snapshot_169.xyz,8,10000,40.0,10000,all,169,5.347453246384964
0.762126,0.815937,0.0,0.9340500553351544,0.0659499446648455,snapshot_170.xyz,8,10000,40.0,10000,all,170,5.319595510570906
0.741998,0.794106,0.0,0.934381556114675,0.065618443885325,snapshot_171.xyz,8,10000,40.0,10000,all,171,5.294645503002966
0.735938,0.762126,0.0,0.9656382277996028,0.0343617722003972,snapshot_172.xyz,8,10000,40.0,10000,all,172,5.25304374159181
0.699358,0.737959,0.0,0.9476922159632176,0.0523077840367824,snapshot_173.xyz,8,10000,40.0,10000,all,173,5.205933392272668
0.682977,0.733916,0.0,0.9305928743888946,0.0694071256111054,snapshot_174.xyz,8,10000,40.0,10000,all,174,5.172122691081894
0.672698,0.717695,0.0,0.9373034506301424,0.0626965493698575,snapshot_175.xyz,8,10000,40.0,10000,all,175,5.13783142005466
0.649973,0.705481,0.0,0.9213189299215712,0.0786810700784287,snapshot_176.xyz,8,10000,40.0,10000,all,176,5.107413820202993
0.658254,0.697315,0.0,0.9439837089407226,0.0560162910592774,snapshot_177.xyz,8,10000,40.0,10000,all,177,5.086411671778379
0.664452,0.697315,0.0,0.9528720879373024,0.0471279120626976,snapshot_178.xyz,8,10000,40.0,10000,all,178,5.069598265578832
0.627088,0.670638,0.0,0.9350618366391408,0.0649381633608593,snapshot_179.xyz,8,10000,40.0,10000,all,179,5.048127757556216
0.633346,0.680923,0.0,0.9301286635933872,0.0698713364066128,snapshot_180.xyz,8,10000,40.0,10000,all,180,5.022778343824424
0.629176,0.662388,0.0,0.9498602027814512,0.0501397972185486,snapshot_181.xyz,8,10000,40.0,10000,all,181,5.013586421886668
0.608242,0.649973,0.0,0.9357957945945444,0.0642042054054554,snapshot_182.xyz,8,10000,40.0,10000,all,182,4.982963659284739
0.595614,0.637511,0.0,0.9342803496723976,0.0657196503276023,snapshot_183.xyz,8,10000,40.0,10000,all,183,4.9751895814605085
0.591393,0.620819,0.0,0.9526013218023288,0.0473986781976712,snapshot_184.xyz,8,10000,40.0,10000,all,184,4.948547783001664
0.587166,0.637511,0.0,0.9210288136204708,0.0789711863795292,snapshot_185.xyz,8,10000,40.0,10000,all,185,4.950287634555818
0.582934,0.614537,0.0,0.9485742925161544,0.0514257074838456,snapshot_186.xyz,8,10000,40.0,10000,all,186,4.931237978955899
0.568072,0.61244,0.0,0.9275553523610476,0.0724446476389523,snapshot_187.xyz,8,10000,40.0,10000,all,187,4.917076537991981
0.55741,0.587166,0.0,0.9493226787654598,0.0506773212345401,snapshot_188.xyz,8,10000,40.0,10000,all,188,4.906443818647328
0.555273,0.61244,0.0,0.906656978642806,0.093343021357194,snapshot_189.xyz,8,10000,40.0,10000,all,189,4.8914383257154075
0.542418,0.58928,0.0,0.920475834917187,0.079524165082813,snapshot_190.xyz,8,10000,40.0,10000,all,190,4.868554645285565
0.527346,0.591393,0.0,0.8917014574064962,0.1082985425935038,snapshot_191.xyz,8,10000,40.0,10000,all,191,4.847042930255752
0.529504,0.58928,0.0,0.8985609557426011,0.1014390442573989,snapshot_192.xyz,8,10000,40.0,10000,all,192,4.830732318681605
0.523025,0.593504,0.0,0.8812493260365557,0.1187506739634443,snapshot_193.xyz,8,10000,40.0,10000,all,193,4.808102740161287
0.525186,0.593504,0.0,0.8848904135439694,0.1151095864560306,snapshot_194.xyz,8,10000,40.0,10000,all,194,4.7968609045181525
0.512192,0.591393,0.0,0.8660772109240387,0.1339227890759613,snapshot_195.xyz,8,10000,40.0,10000,all,195,4.781080927251052
0.503494,0.572326,0.0,0.8797328795127253,0.1202671204872747,snapshot_196.xyz,8,10000,40.0,10000,all,196,4.77247520716193
0.494768,0.55741,0.0,0.8876195260221381,0.1123804739778618,snapshot_197.xyz,8,10000,40.0,10000,all,197,4.757125553902239
0.486013,0.565943,0.0,0.8587666955859512,0.1412333044140488,snapshot_198.xyz,8,10000,40.0,10000,all,198,4.7452467637106714
0.490394,0.5702,0.0,0.8600385829533497,0.1399614170466503,snapshot_199.xyz,8,10000,40.0,10000,all,199,4.741038068829587
0.488205,0.5702,0.0,0.8561995790950543,0.1438004209049457,snapshot_200.xyz,8,10000,40.0,10000,all,200,4.737738172178698
0.48382,0.546709,0.0,0.8849680543031119,0.1150319456968881,snapshot_201.xyz,8,10000,40.0,10000,all,201,4.734343418515089
0.488205,0.542418,0.0,0.9000530955831113,0.0999469044168887,snapshot_202.xyz,8,10000,40.0,10000,all,202,4.730530688185999
0.48382,0.555273,0.0,0.8713191529211757,0.1286808470788243,snapshot_203.xyz,8,10000,40.0,10000,all,203,4.730105857681891
0.481625,0.54027,0.0,0.8914524219371796,0.1085475780628204,snapshot_204.xyz,8,10000,40.0,10000,all,204,4.7290810143726665
0.477229,0.53812,0.0,0.8868449416487029,0.1131550583512971,snapshot_205.xyz,8,10000,40.0,10000,all,205,4.7316082678025655
0.477229,0.535968,0.0,0.8904057704937608,0.1095942295062392,snapshot_206.xyz,8,10000,40.0,10000,all,206,4.728865310639014
0.48382,0.53812,0.0,0.8990931390767857,0.1009068609232143,snapshot_207.xyz,8,10000,40.0,10000,all,207,4.730333433031653
0.486013,0.550995,0.0,0.8820642655559487,0.1179357344440512,snapshot_208.xyz,8,10000,40.0,10000,all,208,4.729586594272091
0.479428,0.54027,0.0,0.887385936661299,0.112614063338701,snapshot_209.xyz,8,10000,40.0,10000,all,209,4.729737742626172
0.486013,0.546709,0.0,0.8889793290397633,0.1110206709602367,snapshot_210.xyz,8,10000,40.0,10000,all,210,4.7331637159976605
0.475028,0.544564,0.0,0.8723088562593193,0.1276911437406807,snapshot_211.xyz,8,10000,40.0,10000,all,211,4.7346196337853135
0.48382,0.544564,0.0,0.8884538823719524,0.1115461176280475,snapshot_212.xyz,8,10000,40.0,10000,all,212,4.73225448737867
0.48382,0.53812,0.0,0.8990931390767857,0.1009068609232143,snapshot_213.xyz,8,10000,40.0,10000,all,213,4.7318794420213806
0.477229,0.553135,0.0,0.8627712945302684,0.1372287054697316,snapshot_214.xyz,8,10000,40.0,10000,all,214,4.731783938297796
0.48382,0.5702,0.0,0.848509294984216,0.151490705015784,snapshot_215.xyz,8,10000,40.0,10000,all,215,4.732067361868658
0.48382,0.55741,0.0,0.867978687142319,0.132021312857681,snapshot_216.xyz,8,10000,40.0,10000,all,216,4.731053531204179
0.475028,0.5702,0.0,0.8330901438091897,0.1669098561908103,snapshot_217.xyz,8,10000,40.0,10000,all,217,4.731294590847001
0.48382,0.550995,0.0,0.8780841931414984,0.1219158068585015,snapshot_218.xyz,8,10000,40.0,10000,all,218,4.7328197935937215
0.479428,0.550995,0.0,0.8701131589215874,0.1298868410784126,snapshot_219.xyz,8,10000,40.0,10000,all,219,4.733328319172701
0.475028,0.54027,0.0,0.8792418605512058,0.1207581394487942,snapshot_220.xyz,8,10000,40.0,10000,all,220,4.7286015381938995
0.48382,0.542418,0.0,0.8919689243351069,0.1080310756648931,snapshot_221.xyz,8,10000,40.0,10000,all,221,4.729082346031147
0.481625,0.550995,0.0,0.8741004909300447,0.1258995090699552,snapshot_222.xyz,8,10000,40.0,10000,all,222,4.730181559824595
0.48382,0.546709,0.0,0.8849680543031119,0.1150319456968881,snapshot_223.xyz,8,10000,40.0,10000,all,223,4.729781117700043
0.477229,0.546709,0.0,0.8729122805733946,0.1270877194266053,snapshot_224.xyz,8,10000,40.0,10000,all,224,4.732092522930659
0.48382,0.550995,0.0,0.8780841931414984,0.1219158068585015,snapshot_225.xyz,8,10000,40.0,10000,all,225,4.729643589439789
0.488205,0.53166,0.0,0.9182654327953956,0.0817345672046044,snapshot_226.xyz,8,10000,40.0,10000,all,226,4.735120708911289
0.477229,0.54027,0.0,0.883315749532641,0.1166842504673589,snapshot_227.xyz,8,10000,40.0,10000,all,227,4.732870171729945
0.488205,0.548853,0.0,0.889500467338249,0.110499532661751,snapshot_228.xyz,8,10000,40.0,10000,all,228,4.735595196763175
0.475028,0.563812,0.0,0.8425290699736792,0.1574709300263208,snapshot_229.xyz,8,10000,40.0,10000,all,229,4.73330500603697
0.486013,0.550995,0.0,0.8820642655559487,0.1179357344440512,snapshot_230.xyz,8,10000,40.0,10000,all,230,4.733759689228988
0.479428,0.5702,0.0,0.8408067344791301,0.1591932655208698,snapshot_231.xyz,8,10000,40.0,10000,all,231,4.731671799947394
0.479428,0.544564,0.0,0.8803887146414379,0.1196112853585621,snapshot_232.xyz,8,10000,40.0,10000,all,232,4.732664242381012
0.479428,0.529504,0.0,0.90542847646099,0.09457152353901,snapshot_233.xyz,8,10000,40.0,10000,all,233,4.737880627820059
0.477229,0.542418,0.0,0.8798177789085172,0.1201822210914828,snapshot_234.xyz,8,10000,40.0,10000,all,234,4.736162066360219
0.479428,0.553135,0.0,0.866746815876775,0.1332531841232249,snapshot_235.xyz,8,10000,40.0,10000,all,235,4.735140506298755
0.475028,0.563812,0.0,0.8425290699736792,0.1574709300263208,snapshot_236.xyz,8,10000,40.0,10000,all,236,4.735633976786248
0.490394,0.550995,0.0,0.8900153358923402,0.1099846641076598,snapshot_237.xyz,8,10000,40.0,10000,all,237,4.737004837565205
0.481625,0.529504,0.0,0.909577642472956,0.090422357527044,snapshot_238.xyz,8,10000,40.0,10000,all,238,4.737183593226822
0.477229,0.550995,0.0,0.8661221971161263,0.1338778028838737,snapshot_239.xyz,8,10000,40.0,10000,all,239,4.738161652509937
0.48382,0.53812,0.0,0.8990931390767857,0.1009068609232143,snapshot_240.xyz,8,10000,40.0,10000,all,240,4.739966683627786
0.488205,0.553135,0.0,0.882614551601327,0.117385448398673,snapshot_241.xyz,8,10000,40.0,10000,all,241,4.736447860351419
0.486013,0.559546,0.0,0.868584531030514,0.1314154689694859,snapshot_242.xyz,8,10000,40.0,10000,all,242,4.73460093743712
0.490394,0.555273,0.0,0.883158374349194,0.116841625650806,snapshot_243.xyz,8,10000,40.0,10000,all,243,4.738765480423042
0.490394,0.544564,0.0,0.9005259253274178,0.0994740746725821,snapshot_244.xyz,8,10000,40.0,10000,all,244,4.740625883757412
0.488205,0.55741,0.0,0.8758454279614647,0.1241545720385353,snapshot_245.xyz,8,10000,40.0,10000,all,245,4.736013985965988
0.492582,0.555273,0.0,0.887098778438714,0.112901221561286,snapshot_246.xyz,8,10000,40.0,10000,all,246,4.7380698593199835
0.475028,0.53166,0.0,0.8934807959974419,0.1065192040025581,snapshot_247.xyz,8,10000,40.0,10000,all,247,4.7366943652947056
0.486013,0.550995,0.0,0.8820642655559487,0.1179357344440512,snapshot_248.xyz,8,10000,40.0,10000,all,248,4.739360018279928
0.479428,0.553135,0.0,0.866746815876775,0.1332531841232249,snapshot_249.xyz,8,10000,40.0,10000,all,249,4.737680850577941
0.481625,0.546709,0.0,0.8809531213131666,0.1190468786868333,snapshot_250.xyz,8,10000,40.0,10000,all,250,4.736110673794549
0.481625,0.53812,0.0,0.8950141232438861,0.1049858767561139,snapshot_251.xyz,8,10000,40.0,10000,all,251,4.73580126282595
0.481625,0.553135,0.0,0.8707187214694423,0.1292812785305577,snapshot_252.xyz,8,10000,40.0,10000,all,252,4.737855829942374
0.488205,0.54027,0.0,0.903631517574546,0.096368482425454,snapshot_253.xyz,8,10000,40.0,10000,all,253,4.736206036952714
0.490394,0.55741,0.0,0.879772519330475,0.120227480669525,snapshot_254.xyz,8,10000,40.0,10000,all,254,4.7355734414893895
0.494768,0.546709,0.0,0.904993332833372,0.0950066671666279,snapshot_255.xyz,8,10000,40.0,10000,all,255,4.736516768644263
0.481625,0.533815,0.0,0.9022320466828396,0.0977679533171604,snapshot_256.xyz,8,10000,40.0,10000,all,256,4.737445376841104
0.486013,0.527346,0.0,0.9216207196034482,0.0783792803965518,snapshot_257.xyz,8,10000,40.0,10000,all,257,4.738940214551032
0.48382,0.544564,0.0,0.8884538823719524,0.1115461176280475,snapshot_258.xyz,8,10000,40.0,10000,all,258,4.73730673360628
0.486013,0.555273,0.0,0.8752685615904248,0.1247314384095752,snapshot_259.xyz,8,10000,40.0,10000,all,259,4.738320715094851
0.481625,0.550995,0.0,0.8741004909300447,0.1258995090699552,snapshot_260.xyz,8,10000,40.0,10000,all,260,4.738998849079778
0.48382,0.555273,0.0,0.8713191529211757,0.1286808470788243,snapshot_261.xyz,8,10000,40.0,10000,all,261,4.738495547629148
0.486013,0.546709,0.0,0.8889793290397633,0.1110206709602367,snapshot_262.xyz,8,10000,40.0,10000,all,262,4.738155056860462
0.486013,0.56168,0.0,0.8652845036319613,0.1347154963680387,snapshot_263.xyz,8,10000,40.0,10000,all,263,4.740438524932268
0.486013,0.555273,0.0,0.8752685615904248,0.1247314384095752,snapshot_264.xyz,8,10000,40.0,10000,all,264,4.741623472117579
0.479428,0.542418,0.0,0.8838718479106521,0.1161281520893479,snapshot_265.xyz,8,10000,40.0,10000,all,265,4.739338068278091
0.481625,0.546709,0.0,0.8809531213131666,0.1190468786868333,snapshot_266.xyz,8,10000,40.0,10000,all,266,4.740820196826222
0.490394,0.544564,0.0,0.9005259253274178,0.0994740746725821,snapshot_267.xyz,8,10000,40.0,10000,all,267,4.741592729287769
0.488205,0.555273,0.0,0.8792161693437281,0.1207838306562718,snapshot_268.xyz,8,10000,40.0,10000,all,268,4.741872395042345
0.472826,0.544564,0.0,0.8682652544053591,0.1317347455946409,snapshot_269.xyz,8,10000,40.0,10000,all,269,4.741431186840053
0.48382,0.55741,0.0,0.867978687142319,0.132021312857681,snapshot_270.xyz,8,10000,40.0,10000,all,270,4.740429094367734
0.479428,0.55741,0.0,0.8600993882420481,0.1399006117579518,snapshot_271.xyz,8,10000,40.0,10000,all,271,4.741826921461612
0.48382,0.553135,0.0,0.87468701130827,0.12531298869173,snapshot_272.xyz,8,10000,40.0,10000,all,272,4.744721470301281
0.468415,0.527346,0.0,0.8882498397636467,0.1117501602363533,snapshot_273.xyz,8,10000,40.0,10000,all,273,4.742740053887834
0.486013,0.542418,0.0,0.896011931757427,0.103988068242573,snapshot_274.xyz,8,10000,40.0,10000,all,274,4.743842328174177
0.479428,0.544564,0.0,0.8803887146414379,0.1196112853585621,snapshot_275.xyz,8,10000,40.0,10000,all,275,4.741729432985776
0.48382,0.548853,0.0,0.8815110785583753,0.1184889214416247,snapshot_276.xyz,8,10000,40.0,10000,all,276,4.744922641464412
0.488205,0.555273,0.0,0.8792161693437281,0.1207838306562718,snapshot_277.xyz,8,10000,40.0,10000,all,277,4.745122761719312
0.481625,0.535968,0.0,0.8986077527016538,0.1013922472983461,snapshot_278.xyz,8,10000,40.0,10000,all,278,4.741756105146376
0.479428,0.550995,0.0,0.8701131589215874,0.1298868410784126,snapshot_279.xyz,8,10000,40.0,10000,all,279,4.744015271168103
0.488205,0.563812,0.0,0.8659003355728505,0.1340996644271495,snapshot_280.xyz,8,10000,40.0,10000,all,280,4.744319808484285
0.472826,0.518697,0.0,0.9115649406107998,0.0884350593892001,snapshot_281.xyz,8,10000,40.0,10000,all,281,4.743614539255304
0.481625,0.53812,0.0,0.8950141232438861,0.1049858767561139,snapshot_282.xyz,8,10000,40.0,10000,all,282,4.742426445007246
0.475028,0.542418,0.0,0.8757600227131106,0.1242399772868894,snapshot_283.xyz,8,10000,40.0,10000,all,283,4.7413357637063545
0.488205,0.5702,0.0,0.8561995790950543,0.1438004209049457,snapshot_284.xyz,8,10000,40.0,10000,all,284,4.742702325951835
0.48382,0.53166,0.0,0.9100176804724824,0.0899823195275176,snapshot_285.xyz,8,10000,40.0,10000,all,285,4.743403465972743
0.488205,0.550995,0.0,0.8860425230718972,0.1139574769281027,snapshot_286.xyz,8,10000,40.0,10000,all,286,4.742467670107725
0.486013,0.553135,0.0,0.8786516853932583,0.1213483146067416,snapshot_287.xyz,8,10000,40.0,10000,all,287,4.742998509927842
0.477229,0.54027,0.0,0.883315749532641,0.1166842504673589,snapshot_288.xyz,8,10000,40.0,10000,all,288,4.742591625577749
0.479428,0.55741,0.0,0.8600993882420481,0.1399006117579518,snapshot_289.xyz,8,10000,40.0,10000,all,289,4.744240077137215
0.48382,0.544564,0.0,0.8884538823719524,0.1115461176280475,snapshot_290.xyz,8,10000,40.0,10000,all,290,4.742558161218369
0.479428,0.542418,0.0,0.8838718479106521,0.1161281520893479,snapshot_291.xyz,8,10000,40.0,10000,all,291,4.745914391288803
0.479428,0.548853,0.0,0.8735089359081576,0.1264910640918424,snapshot_292.xyz,8,10000,40.0,10000,all,292,4.740709438973685
0.486013,0.563812,0.0,0.8620125148099012,0.1379874851900988,snapshot_293.xyz,8,10000,40.0,10000,all,293,4.7435799512745245
0.490394,0.529504,0.0,0.9261384238834834,0.0738615761165165,snapshot_294.xyz,8,10000,40.0,10000,all,294,4.743825617897588
0.481625,0.550995,0.0,0.8741004909300447,0.1258995090699552,snapshot_295.xyz,8,10000,40.0,10000,all,295,4.741910570410478
0.472826,0.544564,0.0,0.8682652544053591,0.1317347455946409,snapshot_296.xyz,8,10000,40.0,10000,all,296,4.743603969537938
0.479428,0.542418,0.0,0.8838718479106521,0.1161281520893479,snapshot_297.xyz,8,10000,40.0,10000,all,297,4.745749222894299
0.477229,0.548853,0.0,0.8695023986386154,0.1304976013613845,snapshot_298.xyz,8,10000,40.0,10000,all,298,4.743106879950792
0.488205,0.542418,0.0,0.9000530955831113,0.0999469044168887,snapshot_299.xyz,8,10000,40.0,10000,all,299,4.741419665364977
0.48382,0.54027,0.0,0.8955152053602827,0.1044847946397172,snapshot_300.xyz,8,10000,40.0,10000,all,300,4.739769044516903
0.477229,0.559546,0.0,0.8528860897942261,0.1471139102057739,snapshot_301.xyz,8,10000,40.0,10000,all,301,4.743841249870245
0.486013,0.548853,0.0,0.885506683939051,0.114493316060949,snapshot_302.xyz,8,10000,40.0,10000,all,302,4.748783165257006
0.48382,0.553135,0.0,0.87468701130827,0.12531298869173,snapshot_303.xyz,8,10000,40.0,10000,all,303,4.749809216467618
0.488205,0.535968,0.0,0.9108846050510478,0.0891153949489521,snapshot_304.xyz,8,10000,40.0,10000,all,304,4.753211763044812
0.48382,0.56168,0.0,0.8613801452784504,0.1386198547215495,snapshot_305.xyz,8,10000,40.0,10000,all,305,4.75669493687712
0.496952,0.53812,0.0,0.9234966178547536,0.0765033821452464,snapshot_306.xyz,8,10000,40.0,10000,all,306,4.7710557412786345
0.488205,0.55741,0.0,0.8758454279614647,0.1241545720385353,snapshot_307.xyz,8,10000,40.0,10000,all,307,4.77360026693991
0.488205,0.565943,0.0,0.8626398771607742,0.1373601228392258,snapshot_308.xyz,8,10000,40.0,10000,all,308,4.78049675110778
0.503494,0.56168,0.0,0.8964072069505769,0.1035927930494231,snapshot_309.xyz,8,10000,40.0,10000,all,309,4.791053632866678
0.51002,0.572326,0.0,0.8911354717416298,0.1088645282583702,snapshot_310.xyz,8,10000,40.0,10000,all,310,4.802264886973571
0.501315,0.5702,0.0,0.8791915117502629,0.1208084882497371,snapshot_311.xyz,8,10000,40.0,10000,all,311,4.806473147117584
0.527346,0.580815,0.0,0.9079414271325638,0.0920585728674362,snapshot_312.xyz,8,10000,40.0,10000,all,312,4.8333813624819
0.527346,0.587166,0.0,0.8981208039975067,0.1018791960024932,snapshot_313.xyz,8,10000,40.0,10000,all,313,4.849110679642218
0.54027,0.580815,0.0,0.930192918571318,0.0698070814286819,snapshot_314.xyz,8,10000,40.0,10000,all,314,4.8610281248877705
0.53166,0.61244,0.0,0.8681013650316767,0.1318986349683233,snapshot_315.xyz,8,10000,40.0,10000,all,315,4.871534260818157
0.53166,0.578695,0.0,0.9187222975833558,0.0812777024166442,snapshot_316.xyz,8,10000,40.0,10000,all,316,4.87763974353418
0.544564,0.606141,0.0,0.8984114257243777,0.1015885742756222,snapshot_317.xyz,8,10000,40.0,10000,all,317,4.895204158916249
0.546709,0.62291,0.0,0.8776693262269029,0.1223306737730971,snapshot_318.xyz,8,10000,40.0,10000,all,318,4.911845689523567
0.553135,0.585051,0.0,0.9454474909025026,0.0545525090974974,snapshot_319.xyz,8,10000,40.0,10000,all,319,4.915545241790065
0.544564,0.597722,0.0,0.9110656793626468,0.088934320637353,snapshot_320.xyz,8,10000,40.0,10000,all,320,4.920375885592005
0.546709,0.595614,0.0,0.9178914531894818,0.0821085468105181,snapshot_321.xyz,8,10000,40.0,10000,all,321,4.940576542720384
0.553135,0.61244,0.0,0.9031660244268828,0.0968339755731172,snapshot_322.xyz,8,10000,40.0,10000,all,322,4.941184556070336
0.568072,0.614537,0.0,0.9243902319957952,0.0756097680042047,snapshot_323.xyz,8,10000,40.0,10000,all,323,4.942352330115172
0.559546,0.62291,0.0,0.8982774397585527,0.1017225602414473,snapshot_324.xyz,8,10000,40.0,10000,all,324,4.966197005355267
0.578695,0.647899,0.0,0.893187055389806,0.1068129446101939,snapshot_325.xyz,8,10000,40.0,10000,all,325,4.980665705253134
0.582934,0.633346,0.0,0.920403697189214,0.0795963028107858,snapshot_326.xyz,8,10000,40.0,10000,all,326,4.986428461637553
0.58928,0.643748,0.0,0.9153892516947626,0.0846107483052374,snapshot_327.xyz,8,10000,40.0,10000,all,327,5.013252019307547
0.593504,0.658254,0.0,0.9016337158604428,0.098366284139557,snapshot_328.xyz,8,10000,40.0,10000,all,328,5.024602663835296
0.591393,0.639591,0.0,0.924642466826456,0.0753575331735438,snapshot_329.xyz,8,10000,40.0,10000,all,329,5.044367179032383
0.599829,0.654116,0.0,0.9170070751976712,0.0829929248023287,snapshot_330.xyz,8,10000,40.0,10000,all,330,5.0500319440390475
0.604038,0.656186,0.0,0.920528630601689,0.079471369398311,snapshot_331.xyz,8,10000,40.0,10000,all,331,5.06569327504716
0.614537,0.676813,0.0,0.9079864009704304,0.0920135990295695,snapshot_332.xyz,8,10000,40.0,10000,all,332,5.0882253757368545
0.601934,0.664452,0.0,0.9059104344632868,0.0940895655367131,snapshot_333.xyz,8,10000,40.0,10000,all,333,5.101298381824893
0.62291,0.676813,0.0,0.9203576172443496,0.0796423827556503,snapshot_334.xyz,8,10000,40.0,10000,all,334,5.130968905708272
0.637511,0.687079,0.0,0.927856913106062,0.0721430868939378,snapshot_335.xyz,8,10000,40.0,10000,all,335,5.146053578829652
0.633346,0.691177,0.0,0.9163296811091804,0.0836703188908196,snapshot_336.xyz,8,10000,40.0,10000,all,336,5.164375676629152
0.658254,0.7014,0.0,0.9384858853721127,0.0615141146278871,snapshot_337.xyz,8,10000,40.0,10000,all,337,5.186281481430141
0.697315,0.735938,0.0,0.9475186768450604,0.0524813231549395,snapshot_338.xyz,8,10000,40.0,10000,all,338,5.2473924892997665
0.7014,0.758109,0.0,0.9251967724957756,0.0748032275042243,snapshot_339.xyz,8,10000,40.0,10000,all,339,5.267003854084485
0.705481,0.764133,0.0,0.92324372851323,0.0767562714867698,snapshot_340.xyz,8,10000,40.0,10000,all,340,5.289926382107092
0.723787,0.786136,0.0,0.9206892954908564,0.0793107045091434,snapshot_341.xyz,8,10000,40.0,10000,all,341,5.328656404443192
0.756099,0.819893,0.0,0.9221922860665964,0.0778077139334035,snapshot_342.xyz,8,10000,40.0,10000,all,342,5.376348970430405
0.784141,0.851399,0.0,0.9210029610088808,0.0789970389911193,snapshot_343.xyz,8,10000,40.0,10000,all,343,5.425967534487833
0.792115,0.84551,0.0,0.9368487658336389,0.0631512341663611,snapshot_344.xyz,8,10000,40.0,10000,all,344,5.454784086381796
0.823845,0.867059,0.0,0.9501602543771532,0.0498397456228468,snapshot_345.xyz,8,10000,40.0,10000,all,345,5.516944001818625
0.85532,0.917548,0.0,0.93218011482778,0.0678198851722199,snapshot_346.xyz,8,10000,40.0,10000,all,346,5.578605767792373
0.884606,0.917548,0.0,0.964097791069241,0.035902208930759,snapshot_347.xyz,8,10000,40.0,10000,all,347,5.641721516296585
0.925262,0.957893,0.0,0.9659346085627518,0.0340653914372481,snapshot_348.xyz,8,10000,40.0,10000,all,348,5.706866856099322
0.954067,0.97507,0.0,0.9784600079994256,0.0215399920005743,snapshot_349.xyz,8,10000,40.0,10000,all,349,5.773535912832646
0.976975,1.00734,0.0,0.9698562550876568,0.0301437449123432,snapshot_350.xyz,8,10000,40.0,10000,all,350,5.848529071026079
0.994079,1.04313,0.0,0.9529770977730486,0.0470229022269513,snapshot_351.xyz,8,10000,40.0,10000,all,351,5.893937786598785
1.01301,1.04126,0.0,0.9728694082169678,0.0271305917830322,snapshot_352.xyz,8,10000,40.0,10000,all,352,5.940471242875123
1.02621,1.0375,0.0,0.9891180722891566,0.0108819277108433,snapshot_353.xyz,8,10000,40.0,10000,all,353,5.986620842422667
1.00355,1.01867,0.0,0.9851571166324716,0.0148428833675282,snapshot_354.xyz,8,10000,40.0,10000,all,354,6.015962146341353
1.02244,1.03186,0.0,0.9908708545732948,0.0091291454267051,snapshot_355.xyz,8,10000,40.0,10000,all,355,6.031248618695347
1.01301,1.02056,0.0,0.9926021008074,0.0073978991926001,snapshot_356.xyz,8,10000,40.0,10000,all,356,6.0405990892415
0.999766,1.01678,0.0,0.983266783374968,0.0167332166250319,snapshot_357.xyz,8,10000,40.0,10000,all,357,6.05859294027648
1.02056,1.01301,0.0,1.007453036001619,-0.0074530360016189,snapshot_358.xyz,8,10000,40.0,10000,all,358,6.061439435843668
1.00355,0.997871,0.0,1.0056911163867874,-0.0056911163867874,snapshot_359.xyz,8,10000,40.0,10000,all,359,6.082023829576838
1.00734,1.00355,0.0,1.0037765930945144,-0.0037765930945143,snapshot_360.xyz,8,10000,40.0,10000,all,360,6.065943366751848
1.01301,1.02056,0.0,0.9926021008074,0.0073978991926001,snapshot_361.xyz,8,10000,40.0,10000,all,361,6.071945952680878
0.97507,0.969352,0.0,1.005898785993117,-0.0058987859931169,snapshot_362.xyz,8,10000,40.0,10000,all,362,6.088543112928158
0.990284,1.00734,0.0,0.9830682788333632,0.0169317211666367,snapshot_363.xyz,8,10000,40.0,10000,all,363,6.085052293542029
1.03562,0.999766,0.0,1.035862391799681,-0.0358623917996809,snapshot_364.xyz,8,10000,40.0,10000,all,364,6.076864224449382
1.00734,0.999766,0.0,1.0075757727308188,-0.0075757727308187,snapshot_365.xyz,8,10000,40.0,10000,all,365,6.096864655546678
0.982684,0.992182,0.0,0.9904271595332308,0.0095728404667692,snapshot_366.xyz,8,10000,40.0,10000,all,366,6.109874149301238
0.97507,0.978879,0.0,0.9961088142661144,0.0038911857338854,snapshot_367.xyz,8,10000,40.0,10000,all,367,6.1041484385196005
0.971259,0.959805,0.0,1.0119336740275369,-0.0119336740275368,snapshot_368.xyz,8,10000,40.0,10000,all,368,6.111155429753169
0.961716,0.990284,0.0,0.9711517100145008,0.0288482899854991,snapshot_369.xyz,8,10000,40.0,10000,all,369,6.112105911249404
0.994079,0.984585,0.0,1.0096426413158843,-0.0096426413158843,snapshot_370.xyz,8,10000,40.0,10000,all,370,6.119440791299615
0.967444,0.973165,0.0,0.994121243571234,0.0058787564287658,snapshot_371.xyz,8,10000,40.0,10000,all,371,6.11943161925455
0.959805,0.955981,0.0,1.004000079499488,-0.0040000794994881,snapshot_372.xyz,8,10000,40.0,10000,all,372,6.1236107222045755
0.999766,0.988385,0.0,1.0115147437486405,-0.0115147437486404,snapshot_373.xyz,8,10000,40.0,10000,all,373,6.109846537257826
0.984585,0.97507,0.0,1.0097582737649604,-0.0097582737649604,snapshot_374.xyz,8,10000,40.0,10000,all,374,6.119157822900743
0.978879,0.971259,0.0,1.0078454871460651,-0.0078454871460651,snapshot_375.xyz,8,10000,40.0,10000,all,375,6.112153035128822
0.963626,0.959805,0.0,1.0039810169774068,-0.0039810169774068,snapshot_376.xyz,8,10000,40.0,10000,all,376,6.1368980046056585
0.955981,0.965536,0.0,0.9901039422662644,0.0098960577337354,snapshot_377.xyz,8,10000,40.0,10000,all,377,6.12928914064673
0.959805,0.988385,0.0,0.9710841423129652,0.0289158576870348,snapshot_378.xyz,8,10000,40.0,10000,all,378,6.128544967172955
0.952153,0.965536,0.0,0.9861393050077883,0.0138606949922115,snapshot_379.xyz,8,10000,40.0,10000,all,379,6.13250711497466
0.973165,0.973165,0.0,1.0,0.0,snapshot_380.xyz,8,10000,40.0,10000,all,380,6.135338817762884
0.954067,0.946404,0.0,1.0080969649325235,-0.0080969649325235,snapshot_381.xyz,8,10000,40.0,10000,all,381,6.1321885421310185
0.950237,0.955981,0.0,0.9939915123836144,0.0060084876163856,snapshot_382.xyz,8,10000,40.0,10000,all,382,6.139670823944444
0.973165,0.990284,0.0,0.9827130398956258,0.0172869601043742,snapshot_383.xyz,8,10000,40.0,10000,all,383,6.129125657875752
0.944487,0.961716,0.0,0.9820851477983104,0.0179148522016895,snapshot_384.xyz,8,10000,40.0,10000,all,384,6.136544003093415
0.963626,0.976975,0.0,0.986336395506538,0.013663604493462,snapshot_385.xyz,8,10000,40.0,10000,all,385,6.134605832313296
0.973165,0.976975,0.0,0.996100207272448,0.0038997927275519,snapshot_386.xyz,8,10000,40.0,10000,all,386,6.135384356416951
0.957893,0.938728,0.0,1.0204159245276587,-0.0204159245276587,snapshot_387.xyz,8,10000,40.0,10000,all,387,6.149530805088044
0.954067,0.965536,0.0,0.9881216236370264,0.0118783763629735,snapshot_388.xyz,8,10000,40.0,10000,all,388,6.134400626392455
0.955981,0.950237,0.0,1.0060448077690092,-0.0060448077690091,snapshot_389.xyz,8,10000,40.0,10000,all,389,6.136997634490802
0.936807,0.934885,0.0,1.0020558678340117,-0.0020558678340116,snapshot_390.xyz,8,10000,40.0,10000,all,390,6.152910224830641
0.944487,0.927188,0.0,1.0186574890960625,-0.0186574890960624,snapshot_391.xyz,8,10000,40.0,10000,all,391,6.157309884027672
0.946404,0.957893,0.0,0.988005967263567,0.0119940327364329,snapshot_392.xyz,8,10000,40.0,10000,all,392,6.147136981528594
0.969352,0.952153,0.0,1.018063273444499,-0.0180632734444989,snapshot_393.xyz,8,10000,40.0,10000,all,393,6.134111551298477
0.961716,0.932962,0.0,1.0308201191474038,-0.0308201191474037,snapshot_394.xyz,8,10000,40.0,10000,all,394,6.14633394130176
0.948321,0.948321,0.0,1.0,0.0,snapshot_395.xyz,8,10000,40.0,10000,all,395,6.139855778826448
0.944487,0.965536,0.0,0.9781996735491996,0.0218003264508003,snapshot_396.xyz,8,10000,40.0,10000,all,396,6.140100474135398
0.967444,0.952153,0.0,1.0160593938159097,-0.0160593938159097,snapshot_397.xyz,8,10000,40.0,10000,all,397,6.1374037668456065
0.90982,0.940649,0.0,0.9672258196202834,0.0327741803797165,snapshot_398.xyz,8,10000,40.0,10000,all,398,6.155198919786632
0.942568,0.940649,0.0,1.0020400808378045,-0.0020400808378044,snapshot_399.xyz,8,10000,40.0,10000,all,399,6.139809967673611
0.948321,0.965536,0.0,0.9821705249726576,0.0178294750273423,snapshot_400.xyz,8,10000,40.0,10000,all,400,6.137030146069855
0.917548,0.927188,0.0,0.9896029715656371,0.0103970284343628,snapshot_401.xyz,8,10000,40.0,10000,all,401,6.153862421081259
0.957893,0.954067,0.0,1.0040102005414715,-0.0040102005414714,snapshot_402.xyz,8,10000,40.0,10000,all,402,6.141119662271903
0.944487,0.965536,0.0,0.9781996735491996,0.0218003264508003,snapshot_403.xyz,8,10000,40.0,10000,all,403,6.143127029533362
0.940649,0.940649,0.0,1.0,0.0,snapshot_404.xyz,8,10000,40.0,10000,all,404,6.147143381861475
0.938728,0.971259,0.0,0.9665063592718316,0.0334936407281682,snapshot_405.xyz,8,10000,40.0,10000,all,405,6.140238691577577
0.952153,0.940649,0.0,1.0122298540688397,-0.0122298540688396,snapshot_406.xyz,8,10000,40.0,10000,all,406,6.150910837826611
0.929114,0.929114,0.0,1.0,0.0,snapshot_407.xyz,8,10000,40.0,10000,all,407,6.156473202662284
0.971259,0.955981,0.0,1.015981489171856,-0.0159814891718559,snapshot_408.xyz,8,10000,40.0,10000,all,408,6.133570334921989
0.948321,0.971259,0.0,0.976383230425664,0.023616769574336,snapshot_409.xyz,8,10000,40.0,10000,all,409,6.131258556240119
0.950237,0.954067,0.0,0.9959856068808584,0.0040143931191415,snapshot_410.xyz,8,10000,40.0,10000,all,410,6.139875457820038
0.940649,0.961716,0.0,0.9780943646565098,0.0219056353434902,snapshot_411.xyz,8,10000,40.0,10000,all,411,6.14760742069633
0.961716,0.952153,0.0,1.0100435539246315,-0.0100435539246317,snapshot_412.xyz,8,10000,40.0,10000,all,412,6.1478328109564995
0.946404,0.936807,0.0,1.0102443726402557,-0.0102443726402556,snapshot_413.xyz,8,10000,40.0,10000,all,413,6.148448906135754
0.967444,0.948321,0.0,1.0201651128679,-0.0201651128679001,snapshot_414.xyz,8,10000,40.0,10000,all,414,6.1427794942497815
0.950237,0.946404,0.0,1.004050067413071,-0.004050067413071,snapshot_415.xyz,8,10000,40.0,10000,all,415,6.149182670506205
0.948321,0.931038,0.0,1.018563152094759,-0.0185631520947586,snapshot_416.xyz,8,10000,40.0,10000,all,416,6.147617953256493
0.959805,0.950237,0.0,1.0100690669801324,-0.0100690669801324,snapshot_417.xyz,8,10000,40.0,10000,all,417,6.140086511936854
0.950237,0.948321,0.0,1.0020204129192545,-0.0020204129192542,snapshot_418.xyz,8,10000,40.0,10000,all,418,6.141113472043158
0.927188,0.936807,0.0,0.9897321433336856,0.0102678566663143,snapshot_419.xyz,8,10000,40.0,10000,all,419,6.148004483522111
0.942568,0.954067,0.0,0.9879473873428176,0.0120526126571823,snapshot_420.xyz,8,10000,40.0,10000,all,420,6.141283065094068
0.942568,0.940649,0.0,1.0020400808378045,-0.0020400808378044,snapshot_421.xyz,8,10000,40.0,10000,all,421,6.14910319412925
0.950237,0.963626,0.0,0.9861056052866984,0.0138943947133016,snapshot_422.xyz,8,10000,40.0,10000,all,422,6.1473320828745095
0.946404,0.954067,0.0,0.9919680693284644,0.0080319306715356,snapshot_423.xyz,8,10000,40.0,10000,all,423,6.147113476898266
0.965536,0.946404,0.0,1.0202154682355526,-0.0202154682355526,snapshot_424.xyz,8,10000,40.0,10000,all,424,6.143338857280051
0.952153,0.957893,0.0,0.9940076814424994,0.0059923185575005,snapshot_425.xyz,8,10000,40.0,10000,all,425,6.1427943526831505
0.969352,0.936807,0.0,1.0347403467309702,-0.0347403467309701,snapshot_426.xyz,8,10000,40.0,10000,all,426,6.148975610296015
0.950237,0.948321,0.0,1.0020204129192545,-0.0020204129192542,snapshot_427.xyz,8,10000,40.0,10000,all,427,6.151386029147277
0.934885,0.936807,0.0,0.9979483500870512,0.0020516499129489,snapshot_428.xyz,8,10000,40.0,10000,all,428,6.160101031132506
0.955981,0.957893,0.0,0.9980039524247488,0.001996047575251,snapshot_429.xyz,8,10000,40.0,10000,all,429,6.139554681537305
0.954067,0.952153,0.0,1.0020101811368551,-0.0020101811368551,snapshot_430.xyz,8,10000,40.0,10000,all,430,6.1488008623244035
0.944487,0.932962,0.0,1.01235312906635,-0.0123531290663498,snapshot_431.xyz,8,10000,40.0,10000,all,431,6.155639057378551
0.931038,0.948321,0.0,0.9817751584115506,0.0182248415884493,snapshot_432.xyz,8,10000,40.0,10000,all,432,6.144991151990409
0.938728,0.957893,0.0,0.9799925461403308,0.020007453859669,snapshot_433.xyz,8,10000,40.0,10000,all,433,6.144840890300915
0.954067,0.961716,0.0,0.9920465085326644,0.0079534914673354,snapshot_434.xyz,8,10000,40.0,10000,all,434,6.14148016620493
0.963626,0.957893,0.0,1.0059850108519428,-0.0059850108519428,snapshot_435.xyz,8,10000,40.0,10000,all,435,6.139662747823014
0.961716,0.950237,0.0,1.0120801442166534,-0.0120801442166533,snapshot_436.xyz,8,10000,40.0,10000,all,436,6.136742627269958
0.965536,0.969352,0.0,0.9960633495365976,0.0039366504634024,snapshot_437.xyz,8,10000,40.0,10000,all,437,6.137720526793119
0.938728,0.934885,0.0,1.0041106660177457,-0.0041106660177454,snapshot_438.xyz,8,10000,40.0,10000,all,438,6.1565616290229634
0.957893,0.936807,0.0,1.0225083715215622,-0.0225083715215621,snapshot_439.xyz,8,10000,40.0,10000,all,439,6.150391259126909
0.927188,0.948321,0.0,0.977715351658352,0.022284648341648,snapshot_440.xyz,8,10000,40.0,10000,all,440,6.156264901648765
0.944487,0.950237,0.0,0.9939488780167474,0.0060511219832526,snapshot_441.xyz,8,10000,40.0,10000,all,441,6.1473045360397816
0.925262,0.942568,0.0,0.9816395209682484,0.0183604790317515,snapshot_442.xyz,8,10000,40.0,10000,all,442,6.1505534038502425
0.938728,0.929114,0.0,1.010347492342167,-0.0103474923421669,snapshot_443.xyz,8,10000,40.0,10000,all,443,6.1515188649196535
0.938728,0.934885,0.0,1.0041106660177457,-0.0041106660177454,snapshot_444.xyz,8,10000,40.0,10000,all,444,6.1548310701784175
0.921407,0.925262,0.0,0.995833612533531,0.004166387466469,snapshot_445.xyz,8,10000,40.0,10000,all,445,6.159787506876453
0.936807,0.955981,0.0,0.9799431160242724,0.0200568839757275,snapshot_446.xyz,8,10000,40.0,10000,all,446,6.153279554923961
0.942568,0.944487,0.0,0.997968209197162,0.0020317908028379,snapshot_447.xyz,8,10000,40.0,10000,all,447,6.152535161689738
0.961716,0.948321,0.0,1.0141249640153494,-0.0141249640153493,snapshot_448.xyz,8,10000,40.0,10000,all,448,6.144182791936379
0.955981,0.944487,0.0,1.0121695693005832,-0.0121695693005832,snapshot_449.xyz,8,10000,40.0,10000,all,449,6.139168664262281
0.940649,0.948321,0.0,0.9919099123608988,0.0080900876391011,snapshot_450.xyz,8,10000,40.0,10000,all,450,6.150258506628532
0.948321,0.952153,0.0,0.995975436720779,0.0040245632792209,snapshot_451.xyz,8,10000,40.0,10000,all,451,6.150426912025644
0.921407,0.959805,0.0,0.9599939571058704,0.0400060428941295,snapshot_452.xyz,8,10000,40.0,10000,all,452,6.142983617426866
0.942568,0.959805,0.0,0.9820411437739957,0.0179588562260043,snapshot_453.xyz,8,10000,40.0,10000,all,453,6.13968932109513
0.946404,0.961716,0.0,0.9840784597531912,0.0159215402468088,snapshot_454.xyz,8,10000,40.0,10000,all,454,6.144081917968933
0.957893,0.950237,0.0,1.0080569373745707,-0.0080569373745706,snapshot_455.xyz,8,10000,40.0,10000,all,455,6.149148319921543
0.938728,0.950237,0.0,0.9878882847121296,0.0121117152878702,snapshot_456.xyz,8,10000,40.0,10000,all,456,6.142568009142305
0.957893,0.969352,0.0,0.9881787008228176,0.0118212991771823,snapshot_457.xyz,8,10000,40.0,10000,all,457,6.140787692716873
0.963626,0.969352,0.0,0.994092961070901,0.005907038929099,snapshot_458.xyz,8,10000,40.0,10000,all,458,6.1427018540109355
0.955981,0.946404,0.0,1.0101193570610436,-0.0101193570610436,snapshot_459.xyz,8,10000,40.0,10000,all,459,6.138622734766613
0.931038,0.938728,0.0,0.9918080636776576,0.0081919363223424,snapshot_460.xyz,8,10000,40.0,10000,all,460,6.146017108069021
0.934885,0.925262,0.0,1.0104002974292683,-0.0104002974292685,snapshot_461.xyz,8,10000,40.0,10000,all,461,6.156586826683807
0.955981,0.952153,0.0,1.00402036227371,-0.00402036227371,snapshot_462.xyz,8,10000,40.0,10000,all,462,6.138654211580937
0.946404,0.948321,0.0,0.9979785325854852,0.0020214674145146,snapshot_463.xyz,8,10000,40.0,10000,all,463,6.143243460268214
0.965536,0.969352,0.0,0.9960633495365976,0.0039366504634024,snapshot_464.xyz,8,10000,40.0,10000,all,464,6.144890306875419
0.942568,0.929114,0.0,1.0144804620315695,-0.0144804620315697,snapshot_465.xyz,8,10000,40.0,10000,all,465,6.154219745143262
0.952153,0.952153,0.0,1.0,0.0,snapshot_466.xyz,8,10000,40.0,10000,all,466,6.146131378291935
0.940649,0.929114,0.0,1.0124150534810583,-0.0124150534810583,snapshot_467.xyz,8,10000,40.0,10000,all,467,6.151687036641219
0.938728,0.946404,0.0,0.9918892988617968,0.0081107011382031,snapshot_468.xyz,8,10000,40.0,10000,all,468,6.150034111247198
0.944487,0.959805,0.0,0.984040508228234,0.0159594917717661,snapshot_469.xyz,8,10000,40.0,10000,all,469,6.14657090113846
0.932962,0.944487,0.0,0.987797608648928,0.012202391351072,snapshot_470.xyz,8,10000,40.0,10000,all,470,6.147203960016195
0.978879,0.961716,0.0,1.0178462248730396,-0.0178462248730395,snapshot_471.xyz,8,10000,40.0,10000,all,471,6.137472628440565
0.932962,0.936807,0.0,0.995895632718372,0.0041043672816278,snapshot_472.xyz,8,10000,40.0,10000,all,472,6.145871702502745
0.940649,0.961716,0.0,0.9780943646565098,0.0219056353434902,snapshot_473.xyz,8,10000,40.0,10000,all,473,6.140219160838095
0.938728,0.961716,0.0,0.9760968934695896,0.0239031065304102,snapshot_474.xyz,8,10000,40.0,10000,all,474,6.148685173538732
0.931038,0.969352,0.0,0.9604746263483236,0.0395253736516765,snapshot_475.xyz,8,10000,40.0,10000,all,475,6.149076465282503
0.940649,0.969352,0.0,0.9703894973136692,0.0296105026863306,snapshot_476.xyz,8,10000,40.0,10000,all,476,6.136903782833459
0.936807,0.969352,0.0,0.9664260248083256,0.0335739751916744,snapshot_477.xyz,8,10000,40.0,10000,all,477,6.150853651985965
0.954067,0.950237,0.0,1.0040305734253665,-0.0040305734253665,snapshot_478.xyz,8,10000,40.0,10000,all,478,6.147123420713472
0.946404,0.952153,0.0,0.993962104829791,0.006037895170209,snapshot_479.xyz,8,10000,40.0,10000,all,479,6.142257971932773
0.952153,0.954067,0.0,0.9979938515848468,0.0020061484151532,snapshot_480.xyz,8,10000,40.0,10000,all,480,6.144108152685165
0.954067,0.942568,0.0,1.0121996503170063,-0.0121996503170063,snapshot_481.xyz,8,10000,40.0,10000,all,481,6.142949523861539
0.957893,0.940649,0.0,1.0183320239536746,-0.0183320239536746,snapshot_482.xyz,8,10000,40.0,10000,all,482,6.142234981530201
0.925262,0.940649,0.0,0.9836421449446074,0.0163578550553925,snapshot_483.xyz,8,10000,40.0,10000,all,483,6.15050364989226
0.942568,0.938728,0.0,1.004090641804655,-0.0040906418046546,snapshot_484.xyz,8,10000,40.0,10000,all,484,6.152809860741934
0.954067,0.97507,0.0,0.9784600079994256,0.0215399920005743,snapshot_485.xyz,8,10000,40.0,10000,all,485,6.143406755561976
0.959805,0.950237,0.0,1.0100690669801324,-0.0100690669801324,snapshot_486.xyz,8,10000,40.0,10000,all,486,6.136635656060584
0.965536,0.950237,0.0,1.016100193951614,-0.0161001939516141,snapshot_487.xyz,8,10000,40.0,10000,all,487,6.140870144587973
0.955981,0.938728,0.0,1.0183791257957575,-0.0183791257957577,snapshot_488.xyz,8,10000,40.0,10000,all,488,6.150752614271944
0.967444,0.97507,0.0,0.9921790230444992,0.0078209769555006,snapshot_489.xyz,8,10000,40.0,10000,all,489,6.1336169744029245
0.950237,0.940649,0.0,1.0101929625184314,-0.0101929625184313,snapshot_490.xyz,8,10000,40.0,10000,all,490,6.143992552210848
0.957893,0.952153,0.0,1.00602844290781,-0.0060284429078099,snapshot_491.xyz,8,10000,40.0,10000,all,491,6.142084818944803
0.944487,0.955981,0.0,0.9879767484918632,0.0120232515081366,snapshot_492.xyz,8,10000,40.0,10000,all,492,6.148782462357253
0.954067,0.959805,0.0,0.9940217023249514,0.0059782976750486,snapshot_493.xyz,8,10000,40.0,10000,all,493,6.146974080379083
0.955981,0.957893,0.0,0.9980039524247488,0.001996047575251,snapshot_494.xyz,8,10000,40.0,10000,all,494,6.138985119053645
0.934885,0.932962,0.0,1.0020611771969277,-0.0020611771969276,snapshot_495.xyz,8,10000,40.0,10000,all,495,6.147275631641896
0.954067,0.963626,0.0,0.990080176333972,0.009919823666028,snapshot_496.xyz,8,10000,40.0,10000,all,496,6.141816192736813
0.931038,0.948321,0.0,0.9817751584115506,0.0182248415884493,snapshot_497.xyz,8,10000,40.0,10000,all,497,6.137744167216748
0.952153,0.965536,0.0,0.9861393050077883,0.0138606949922115,snapshot_498.xyz,8,10000,40.0,10000,all,498,6.137384279408439
0.954067,0.940649,0.0,1.0142646194276506,-0.0142646194276505,snapshot_499.xyz,8,10000,40.0,10000,all,499,6.1534071232561764
0.942568,0.957893,0.0,0.9840013446178226,0.0159986553821773,snapshot_500.xyz,8,10000,40.0,10000,all,500,6.143949532280664
0.967444,0.957893,0.0,1.009970842254824,-0.0099708422548239,snapshot_501.xyz,8,10000,40.0,10000,all,501,6.126925218845089
0.957893,0.969352,0.0,0.9881787008228176,0.0118212991771823,snapshot_502.xyz,8,10000,40.0,10000,all,502,6.135366511247821
0.961716,0.959805,0.0,1.0019910294278525,-0.0019910294278524,snapshot_503.xyz,8,10000,40.0,10000,all,503,6.124895114676003
0.955981,0.950237,0.0,1.0060448077690092,-0.0060448077690091,snapshot_504.xyz,8,10000,40.0,10000,all,504,6.129635445506856
0.948321,0.973165,0.0,0.9744709273350356,0.0255290726649642,snapshot_505.xyz,8,10000,40.0,10000,all,505,6.135691812333352
0.961716,0.944487,0.0,1.0182416486410084,-0.0182416486410084,snapshot_506.xyz,8,10000,40.0,10000,all,506,6.136074203613138
0.957893,0.948321,0.0,1.0100936286341862,-0.0100936286341861,snapshot_507.xyz,8,10000,40.0,10000,all,507,6.133612529601329
0.97507,0.978879,0.0,0.9961088142661144,0.0038911857338854,snapshot_508.xyz,8,10000,40.0,10000,all,508,6.121619602082842
0.946404,0.963626,0.0,0.9821279209983956,0.0178720790016043,snapshot_509.xyz,8,10000,40.0,10000,all,509,6.133849671589347
0.976975,0.957893,0.0,1.0199208053509108,-0.0199208053509107,snapshot_510.xyz,8,10000,40.0,10000,all,510,6.13555562927138
0.946404,0.959805,0.0,0.9860377889258756,0.0139622110741244,snapshot_511.xyz,8,10000,40.0,10000,all,511,6.143026134901663
0.986485,0.980781,0.0,1.005815773347975,-0.0058157733479746,snapshot_512.xyz,8,10000,40.0,10000,all,512,6.117948405166363
0.982684,0.946404,0.0,1.0383345801581565,-0.0383345801581564,snapshot_513.xyz,8,10000,40.0,10000,all,513,6.1281913340968295
0.971259,0.97507,0.0,0.99609156265704,0.0039084373429599,snapshot_514.xyz,8,10000,40.0,10000,all,514,6.13561742825479
0.959805,0.942568,0.0,1.018287274764261,-0.018287274764261,snapshot_515.xyz,8,10000,40.0,10000,all,515,6.141662078276961
0.957893,0.969352,0.0,0.9881787008228176,0.0118212991771823,snapshot_516.xyz,8,10000,40.0,10000,all,516,6.130511921537946
0.965536,0.963626,0.0,1.001982096788588,-0.0019820967885879,snapshot_517.xyz,8,10000,40.0,10000,all,517,6.120004877296454
0.959805,0.957893,0.0,1.0019960475752512,-0.0019960475752511,snapshot_518.xyz,8,10000,40.0,10000,all,518,6.1358105760966275
0.971259,0.959805,0.0,1.0119336740275369,-0.0119336740275368,snapshot_519.xyz,8,10000,40.0,10000,all,519,6.127700353208225
0.959805,0.965536,0.0,0.994064436748086,0.0059355632519139,snapshot_520.xyz,8,10000,40.0,10000,all,520,6.135950689862746
0.97507,0.986485,0.0,0.9884286127006492,0.0115713872993507,snapshot_521.xyz,8,10000,40.0,10000,all,521,6.133103990880592
0.965536,0.969352,0.0,0.9960633495365976,0.0039366504634024,snapshot_522.xyz,8,10000,40.0,10000,all,522,6.126791421577975
0.957893,0.950237,0.0,1.0080569373745707,-0.0080569373745706,snapshot_523.xyz,8,10000,40.0,10000,all,523,6.1362270461392345
0.973165,0.97507,0.0,0.9980462941122176,0.0019537058877824,snapshot_524.xyz,8,10000,40.0,10000,all,524,6.128571122880691
0.967444,0.973165,0.0,0.994121243571234,0.0058787564287658,snapshot_525.xyz,8,10000,40.0,10000,all,525,6.125347373781284
0.97507,0.971259,0.0,1.0039237731645214,-0.0039237731645214,snapshot_526.xyz,8,10000,40.0,10000,all,526,6.124355621715212
0.965536,0.978879,0.0,0.9863691017990986,0.0136308982009013,snapshot_527.xyz,8,10000,40.0,10000,all,527,6.127441872751248
0.967444,0.980781,0.0,0.986401653376238,0.0135983466237621,snapshot_528.xyz,8,10000,40.0,10000,all,528,6.121104877039548
0.969352,0.954067,0.0,1.0160208874219523,-0.0160208874219525,snapshot_529.xyz,8,10000,40.0,10000,all,529,6.139632618954444
0.932962,0.969352,0.0,0.9624594574519884,0.0375405425480115,snapshot_530.xyz,8,10000,40.0,10000,all,530,6.146645539458492
0.959805,0.961716,0.0,0.9980129268931784,0.0019870731068215,snapshot_531.xyz,8,10000,40.0,10000,all,531,6.13479154001976
0.961716,0.973165,0.0,0.9882352941176472,0.0117647058823529,snapshot_532.xyz,8,10000,40.0,10000,all,532,6.129346142610967
0.973165,0.954067,0.0,1.020017462085996,-0.020017462085996,snapshot_533.xyz,8,10000,40.0,10000,all,533,6.138580125192258
0.954067,0.961716,0.0,0.9920465085326644,0.0079534914673354,snapshot_534.xyz,8,10000,40.0,10000,all,534,6.1333951786518215
0.936807,0.950237,0.0,0.985866683785203,0.0141333162147969,snapshot_535.xyz,8,10000,40.0,10000,all,535,6.133209817046495
0.988385,0.982684,0.0,1.0058014580475514,-0.0058014580475513,snapshot_536.xyz,8,10000,40.0,10000,all,536,6.116995726390893
0.961716,0.959805,0.0,1.0019910294278525,-0.0019910294278524,snapshot_537.xyz,8,10000,40.0,10000,all,537,6.12502809863722
0.940649,0.952153,0.0,0.987917908151316,0.012082091848684,snapshot_538.xyz,8,10000,40.0,10000,all,538,6.134116965228591
0.967444,0.959805,0.0,1.0079589083199192,-0.0079589083199191,snapshot_539.xyz,8,10000,40.0,10000,all,539,6.137965585062642
0.934885,0.959805,0.0,0.974036392808956,0.025963607191044,snapshot_540.xyz,8,10000,40.0,10000,all,540,6.152182157334677
0.965536,0.955981,0.0,1.0099949685192489,-0.0099949685192488,snapshot_541.xyz,8,10000,40.0,10000,all,541,6.133033933128804
0.965536,0.971259,0.0,0.9941076479085392,0.0058923520914606,snapshot_542.xyz,8,10000,40.0,10000,all,542,6.1262398997198755
0.963626,0.957893,0.0,1.0059850108519428,-0.0059850108519428,snapshot_543.xyz,8,10000,40.0,10000,all,543,6.133618315236076
0.971259,0.976975,0.0,0.9941492873410273,0.0058507126589728,snapshot_544.xyz,8,10000,40.0,10000,all,544,6.133181113583111
0.982684,0.986485,0.0,0.996146925700847,0.003853074299153,snapshot_545.xyz,8,10000,40.0,10000,all,545,6.13177916524846
0.952153,0.971259,0.0,0.9803286250114542,0.0196713749885457,snapshot_546.xyz,8,10000,40.0,10000,all,546,6.127147371330446
0.952153,0.967444,0.0,0.9841944339930788,0.0158055660069212,snapshot_547.xyz,8,10000,40.0,10000,all,547,6.139519790320114
0.976975,0.950237,0.0,1.0281382434066448,-0.0281382434066448,snapshot_548.xyz,8,10000,40.0,10000,all,548,6.138767374855797
0.97507,0.986485,0.0,0.9884286127006492,0.0115713872993507,snapshot_549.xyz,8,10000,40.0,10000,all,549,6.138982945316977
0.973165,0.948321,0.0,1.0261978802536271,-0.0261978802536271,snapshot_550.xyz,8,10000,40.0,10000,all,550,6.139553340025712
0.976975,0.961716,0.0,1.0158664304222869,-0.0158664304222868,snapshot_551.xyz,8,10000,40.0,10000,all,551,6.127216402850303
0.990284,0.988385,0.0,1.001921316086343,-0.0019213160863429,snapshot_552.xyz,8,10000,40.0,10000,all,552,6.119649677797289
0.961716,0.955981,0.0,1.0059990732033377,-0.0059990732033377,snapshot_553.xyz,8,10000,40.0,10000,all,553,6.137428568289147
0.932962,0.940649,0.0,0.9918279825949956,0.0081720174050043,snapshot_554.xyz,8,10000,40.0,10000,all,554,6.14268637711875
0.954067,0.961716,0.0,0.9920465085326644,0.0079534914673354,snapshot_555.xyz,8,10000,40.0,10000,all,555,6.134047368267435
0.952153,0.948321,0.0,1.0040408258385085,-0.0040408258385082,snapshot_556.xyz,8,10000,40.0,10000,all,556,6.1375214147573995
0.965536,0.955981,0.0,1.0099949685192489,-0.0099949685192488,snapshot_557.xyz,8,10000,40.0,10000,all,557,6.1339849376725315
0.959805,0.967444,0.0,0.9921039357316808,0.0078960642683193,snapshot_558.xyz,8,10000,40.0,10000,all,558,6.124136173839668
0.952153,0.961716,0.0,0.9900563160018134,0.0099436839981865,snapshot_559.xyz,8,10000,40.0,10000,all,559,6.134525904967889
0.969352,0.969352,0.0,1.0,0.0,snapshot_560.xyz,8,10000,40.0,10000,all,560,6.123271380280355
0.963626,0.980781,0.0,0.9825088373449322,0.0174911626550677,snapshot_561.xyz,8,10000,40.0,10000,all,561,6.129234638725784
0.988385,0.994079,0.0,0.994272085015376,0.0057279149846239,snapshot_562.xyz,8,10000,40.0,10000,all,562,6.120509876719795
0.978879,0.978879,0.0,1.0,0.0,snapshot_563.xyz,8,10000,40.0,10000,all,563,6.122994504732548
0.967444,0.954067,0.0,1.0140210278733044,-0.0140210278733043,snapshot_564.xyz,8,10000,40.0,10000,all,564,6.128951464439081
0.999766,0.978879,0.0,1.0213376729912482,-0.0213376729912482,snapshot_565.xyz,8,10000,40.0,10000,all,565,6.123639236901697
0.948321,0.978879,0.0,0.9687826585308296,0.0312173414691704,snapshot_566.xyz,8,10000,40.0,10000,all,566,6.131090656445966
0.967444,0.986485,0.0,0.98069813529856,0.0193018647014399,snapshot_567.xyz,8,10000,40.0,10000,all,567,6.132051831021146
0.978879,0.971259,0.0,1.0078454871460651,-0.0078454871460651,snapshot_568.xyz,8,10000,40.0,10000,all,568,6.1232395505263995
0.954067,0.952153,0.0,1.0020101811368551,-0.0020101811368551,snapshot_569.xyz,8,10000,40.0,10000,all,569,6.128673282138839
0.955981,0.967444,0.0,0.9881512521655,0.0118487478344999,snapshot_570.xyz,8,10000,40.0,10000,all,570,6.132770307091573
0.959805,0.973165,0.0,0.986271598341494,0.0137284016585059,snapshot_571.xyz,8,10000,40.0,10000,all,571,6.129429734350772
0.967444,0.971259,0.0,0.9960721084695224,0.0039278915304774,snapshot_572.xyz,8,10000,40.0,10000,all,572,6.131382588846333
0.954067,0.936807,0.0,1.018424285898803,-0.018424285898803,snapshot_573.xyz,8,10000,40.0,10000,all,573,6.133505673879942
0.959805,0.955981,0.0,1.004000079499488,-0.0040000794994881,snapshot_574.xyz,8,10000,40.0,10000,all,574,6.123847247906584
0.976975,0.965536,0.0,1.011847305538064,-0.0118473055380639,snapshot_575.xyz,8,10000,40.0,10000,all,575,6.13234307509526
0.967444,0.955981,0.0,1.011990824085416,-0.0119908240854158,snapshot_576.xyz,8,10000,40.0,10000,all,576,6.141598497102238
0.959805,0.942568,0.0,1.018287274764261,-0.018287274764261,snapshot_577.xyz,8,10000,40.0,10000,all,577,6.139188705010865
0.957893,0.957893,0.0,1.0,0.0,snapshot_578.xyz,8,10000,40.0,10000,all,578,6.140424839531536
0.986485,0.988385,0.0,0.9980776721621636,0.0019223278378365,snapshot_579.xyz,8,10000,40.0,10000,all,579,6.119132267474587
0.959805,0.963626,0.0,0.996034768675814,0.0039652313241859,snapshot_580.xyz,8,10000,40.0,10000,all,580,6.133039544708442
0.973165,0.944487,0.0,1.0303635730295917,-0.0303635730295916,snapshot_581.xyz,8,10000,40.0,10000,all,581,6.134727608544246
0.967444,0.959805,0.0,1.0079589083199192,-0.0079589083199191,snapshot_582.xyz,8,10000,40.0,10000,all,582,6.1319301027092
0.955981,0.986485,0.0,0.969078090391643,0.0309219096083569,snapshot_583.xyz,8,10000,40.0,10000,all,583,6.134486992040255
0.959805,0.971259,0.0,0.9882070590851668,0.0117929409148331,snapshot_584.xyz,8,10000,40.0,10000,all,584,6.1308606473221925
0.957893,0.971259,0.0,0.9862384801582276,0.0137615198417723,snapshot_585.xyz,8,10000,40.0,10000,all,585,6.132206457584511
0.952153,0.959805,0.0,0.9920275472622044,0.0079724527377956,snapshot_586.xyz,8,10000,40.0,10000,all,586,6.135374872887942
0.957893,0.969352,0.0,0.9881787008228176,0.0118212991771823,snapshot_587.xyz,8,10000,40.0,10000,all,587,6.139823272682516
0.969352,0.963626,0.0,1.0059421393777257,-0.0059421393777254,snapshot_588.xyz,8,10000,40.0,10000,all,588,6.133512755292376
0.988385,0.990284,0.0,0.9980823682903084,0.0019176317096915,snapshot_589.xyz,8,10000,40.0,10000,all,589,6.1200042127622005
0.97507,0.97507,0.0,1.0,0.0,snapshot_590.xyz,8,10000,40.0,10000,all,590,6.1190574902939705
0.990284,0.980781,0.0,1.0096892170627283,-0.0096892170627285,snapshot_591.xyz,8,10000,40.0,10000,all,591,6.115426180097515
0.978879,0.973165,0.0,1.005871563403945,-0.005871563403945,snapshot_592.xyz,8,10000,40.0,10000,all,592,6.125161023448146
0.976975,0.988385,0.0,0.9884559154580452,0.0115440845419547,snapshot_593.xyz,8,10000,40.0,10000,all,593,6.134073743351637
0.944487,0.955981,0.0,0.9879767484918632,0.0120232515081366,snapshot_594.xyz,8,10000,40.0,10000,all,594,6.1332727644595035
0.965536,0.967444,0.0,0.9980277928231504,0.0019722071768495,snapshot_595.xyz,8,10000,40.0,10000,all,595,6.123144679406769
0.97507,0.973165,0.0,1.0019575303263064,-0.0019575303263064,snapshot_596.xyz,8,10000,40.0,10000,all,596,6.120646800884892
0.952153,0.950237,0.0,1.0020163390817238,-0.0020163390817238,snapshot_597.xyz,8,10000,40.0,10000,all,597,6.132946140369599
0.967444,0.97507,0.0,0.9921790230444992,0.0078209769555006,snapshot_598.xyz,8,10000,40.0,10000,all,598,6.129337718919034
0.961716,0.967444,0.0,0.9940792438632108,0.0059207561367892,snapshot_599.xyz,8,10000,40.0,10000,all,599,6.134037228757273
0.973165,0.957893,0.0,1.0159433256115245,-0.0159433256115244,snapshot_600.xyz,8,10000,40.0,10000,all,600,6.132602814493657
0.984585,0.950237,0.0,1.0361467718053496,-0.0361467718053496,snapshot_601.xyz,8,10000,40.0,10000,all,601,6.128737037557953
0.973165,0.986485,0.0,0.9864975139003634,0.0135024860996365,snapshot_602.xyz,8,10000,40.0,10000,all,602,6.114712560260335
0.967444,0.976975,0.0,0.99024437677525,0.0097556232247499,snapshot_603.xyz,8,10000,40.0,10000,all,603,6.110635775552504
1.00166,1.00923,0.0,0.9924992320878292,0.0075007679121706,snapshot_604.xyz,8,10000,40.0,10000,all,604,6.090930559012758
0.997871,0.995975,0.0,1.001903662240518,-0.0019036622405179,snapshot_605.xyz,8,10000,40.0,10000,all,605,6.08714617754938
1.00166,1.01301,0.0,0.988795767070414,0.011204232929586,snapshot_606.xyz,8,10000,40.0,10000,all,606,6.086686981527155
0.973165,0.995975,0.0,0.9770978187203492,0.0229021812796507,snapshot_607.xyz,8,10000,40.0,10000,all,607,6.099360630266688
0.997871,0.976975,0.0,1.021388469510479,-0.0213884695104786,snapshot_608.xyz,8,10000,40.0,10000,all,608,6.0881244315160945
0.986485,0.988385,0.0,0.9980776721621636,0.0019223278378365,snapshot_609.xyz,8,10000,40.0,10000,all,609,6.10313209239686
0.988385,0.995975,0.0,0.992379326790331,0.0076206732096689,snapshot_610.xyz,8,10000,40.0,10000,all,610,6.0888084317682
0.992182,1.00355,0.0,0.9886722136415724,0.0113277863584275,snapshot_611.xyz,8,10000,40.0,10000,all,611,6.082236976773085
0.994079,1.00166,0.0,0.9924315636044168,0.0075684363955832,snapshot_612.xyz,8,10000,40.0,10000,all,612,6.0825108687443405
0.990284,1.00923,0.0,0.9812272722768844,0.0187727277231156,snapshot_613.xyz,8,10000,40.0,10000,all,613,6.069724468376547
0.994079,0.995975,0.0,0.998096337759482,0.001903662240518,snapshot_614.xyz,8,10000,40.0,10000,all,614,6.070795580355533
1.00923,0.999766,0.0,1.009466215094332,-0.009466215094332,snapshot_615.xyz,8,10000,40.0,10000,all,615,6.0767331129682445
0.994079,0.982684,0.0,1.0115957927472108,-0.0115957927472107,snapshot_616.xyz,8,10000,40.0,10000,all,616,6.074238532865305
1.03186,1.00923,0.0,1.022423035383411,-0.0224230353834109,snapshot_617.xyz,8,10000,40.0,10000,all,617,6.06551656859123
1.00545,0.999766,0.0,1.005685330367306,-0.0056853303673058,snapshot_618.xyz,8,10000,40.0,10000,all,618,6.077937021671527
1.00923,0.990284,0.0,1.019131885398532,-0.019131885398532,snapshot_619.xyz,8,10000,40.0,10000,all,619,6.104336811377111
0.995975,0.999766,0.0,0.9962081126983714,0.0037918873016286,snapshot_620.xyz,8,10000,40.0,10000,all,620,6.101186097143343
0.986485,0.986485,0.0,1.0,0.0,snapshot_621.xyz,8,10000,40.0,10000,all,621,6.08381172970873
1.00545,0.999766,0.0,1.005685330367306,-0.0056853303673058,snapshot_622.xyz,8,10000,40.0,10000,all,622,6.07952629919365
0.965536,1.00545,0.0,0.9603023521806155,0.0396976478193843,snapshot_623.xyz,8,10000,40.0,10000,all,623,6.0768967339797975
0.988385,0.999766,0.0,0.988616336222676,0.011383663777324,snapshot_624.xyz,8,10000,40.0,10000,all,624,6.0686227373179475
0.986485,1.00166,0.0,0.98485014875307,0.0151498512469301,snapshot_625.xyz,8,10000,40.0,10000,all,625,6.078803380876378
0.97507,0.992182,0.0,0.9827531642380128,0.0172468357619872,snapshot_626.xyz,8,10000,40.0,10000,all,626,6.095851488010671
1.01867,0.999766,0.0,1.0189084245713496,-0.0189084245713495,snapshot_627.xyz,8,10000,40.0,10000,all,627,6.085374873295812
1.01112,1.02056,0.0,0.9907501763737556,0.0092498236262442,snapshot_628.xyz,8,10000,40.0,10000,all,628,6.083281393368364
0.992182,1.00166,0.0,0.9905377074057066,0.0094622925942934,snapshot_629.xyz,8,10000,40.0,10000,all,629,6.070005108931254
0.980781,0.995975,0.0,0.9847445970029368,0.0152554029970631,snapshot_630.xyz,8,10000,40.0,10000,all,630,6.08063626536074
1.00734,1.0149,0.0,0.9925509902453444,0.0074490097546556,snapshot_631.xyz,8,10000,40.0,10000,all,631,6.07978172477786
0.990284,0.988385,0.0,1.001921316086343,-0.0019213160863429,snapshot_632.xyz,8,10000,40.0,10000,all,632,6.079112552012335
0.995975,0.984585,0.0,1.0115683257413022,-0.0115683257413021,snapshot_633.xyz,8,10000,40.0,10000,all,633,6.092286242615479
1.00166,1.01112,0.0,0.9906440382941688,0.0093559617058311,snapshot_634.xyz,8,10000,40.0,10000,all,634,6.081175065719397
0.992182,0.999766,0.0,0.9924142249286332,0.0075857750713667,snapshot_635.xyz,8,10000,40.0,10000,all,635,6.100487164516126
0.999766,1.00734,0.0,0.9924811880794966,0.0075188119205034,snapshot_636.xyz,8,10000,40.0,10000,all,636,6.095882302951357
0.984585,0.999766,0.0,0.9848154468145546,0.0151845531854454,snapshot_637.xyz,8,10000,40.0,10000,all,637,6.090342433903455
0.986485,1.00166,0.0,0.98485014875307,0.0151498512469301,snapshot_638.xyz,8,10000,40.0,10000,all,638,6.083974947101972
0.97507,0.990284,0.0,0.9846367304732784,0.0153632695267217,snapshot_639.xyz,8,10000,40.0,10000,all,639,6.092683370450988
0.999766,0.992182,0.0,1.007643758907136,-0.007643758907136,snapshot_640.xyz,8,10000,40.0,10000,all,640,6.095891511783151
0.959805,0.973165,0.0,0.986271598341494,0.0137284016585059,snapshot_641.xyz,8,10000,40.0,10000,all,641,6.101207768105042
0.992182,1.00545,0.0,0.9868039186433936,0.0131960813566064,snapshot_642.xyz,8,10000,40.0,10000,all,642,6.086166986591945
0.995975,0.984585,0.0,1.0115683257413022,-0.0115683257413021,snapshot_643.xyz,8,10000,40.0,10000,all,643,6.083274796558726
0.999766,1.01678,0.0,0.983266783374968,0.0167332166250319,snapshot_644.xyz,8,10000,40.0,10000,all,644,6.082099817027631
0.980781,0.988385,0.0,0.9923066416426798,0.0076933583573202,snapshot_645.xyz,8,10000,40.0,10000,all,645,6.087354525824762
1.00166,0.990284,0.0,1.0114876136542648,-0.0114876136542647,snapshot_646.xyz,8,10000,40.0,10000,all,646,6.084103344900475
0.988385,0.984585,0.0,1.0038594941015755,-0.0038594941015757,snapshot_647.xyz,8,10000,40.0,10000,all,647,6.087512074970843
0.97507,1.00355,0.0,0.971620746350456,0.028379253649544,snapshot_648.xyz,8,10000,40.0,10000,all,648,6.101583248427129
1.02056,0.984585,0.0,1.036538236922155,-0.0365382369221549,snapshot_649.xyz,8,10000,40.0,10000,all,649,6.08794572111336
0.990284,0.982684,0.0,1.0077339205685654,-0.0077339205685653,snapshot_650.xyz,8,10000,40.0,10000,all,650,6.088058200087467
0.999766,1.00923,0.0,0.990622553828166,0.009377446171834,snapshot_651.xyz,8,10000,40.0,10000,all,651,6.1013035752347555
0.995975,0.994079,0.0,1.0019072930823405,-0.0019072930823404,snapshot_652.xyz,8,10000,40.0,10000,all,652,6.101353435293371
0.994079,0.994079,0.0,1.0,0.0,snapshot_653.xyz,8,10000,40.0,10000,all,653,6.086422554534297
1.00355,0.992182,0.0,1.011457575323882,-0.0114575753238821,snapshot_654.xyz,8,10000,40.0,10000,all,654,6.08249844687618
0.982684,0.997871,0.0,0.984780597892914,0.0152194021070859,snapshot_655.xyz,8,10000,40.0,10000,all,655,6.093596239907107
1.00355,1.00734,0.0,0.9962376158992992,0.0037623841007008,snapshot_656.xyz,8,10000,40.0,10000,all,656,6.093113109642905
1.00545,1.02809,0.0,0.977978581641685,0.0220214183583149,snapshot_657.xyz,8,10000,40.0,10000,all,657,6.071788294312868
0.978879,0.982684,0.0,0.9961279516100802,0.0038720483899198,snapshot_658.xyz,8,10000,40.0,10000,all,658,6.095235472303554
0.995975,0.986485,0.0,1.0096200144959124,-0.0096200144959124,snapshot_659.xyz,8,10000,40.0,10000,all,659,6.096949888807499
0.988385,0.988385,0.0,1.0,0.0,snapshot_660.xyz,8,10000,40.0,10000,all,660,6.092579001484472
1.00545,1.00166,0.0,1.003783719026416,-0.003783719026416,snapshot_661.xyz,8,10000,40.0,10000,all,661,6.083836465446469
0.994079,0.97507,0.0,1.0194950106146226,-0.0194950106146225,snapshot_662.xyz,8,10000,40.0,10000,all,662,6.093794944121997
0.978879,0.997871,0.0,0.9809674797644186,0.0190325202355814,snapshot_663.xyz,8,10000,40.0,10000,all,663,6.101627330240021
1.01112,0.961716,0.0,1.051370674918583,-0.0513706749185829,snapshot_664.xyz,8,10000,40.0,10000,all,664,6.092334456565782
0.995975,1.01301,0.0,0.9831837790347578,0.0168162209652421,snapshot_665.xyz,8,10000,40.0,10000,all,665,6.089767689019714
0.994079,0.999766,0.0,0.9943116689305298,0.0056883310694701,snapshot_666.xyz,8,10000,40.0,10000,all,666,6.081087452856707
1.00734,0.997871,0.0,1.0094892025121482,-0.0094892025121482,snapshot_667.xyz,8,10000,40.0,10000,all,667,6.084053464331463
0.994079,1.00545,0.0,0.9886906360336168,0.0113093639663831,snapshot_668.xyz,8,10000,40.0,10000,all,668,6.078004118832119
0.990284,0.992182,0.0,0.9980870445140104,0.0019129554859894,snapshot_669.xyz,8,10000,40.0,10000,all,669,6.076502352717321
1.00166,0.988385,0.0,1.0134310010775154,-0.0134310010775153,snapshot_670.xyz,8,10000,40.0,10000,all,670,6.088521620740327
0.984585,0.992182,0.0,0.9923431386580284,0.0076568613419715,snapshot_671.xyz,8,10000,40.0,10000,all,671,6.099589972295195
0.982684,0.988385,0.0,0.9942320047349972,0.0057679952650029,snapshot_672.xyz,8,10000,40.0,10000,all,672,6.0927663264284355
0.995975,0.992182,0.0,1.0038228873331707,-0.0038228873331707,snapshot_673.xyz,8,10000,40.0,10000,all,673,6.084327756670792
1.01112,1.0149,0.0,0.9962754951226724,0.0037245048773276,snapshot_674.xyz,8,10000,40.0,10000,all,674,6.072231435650726
1.00355,1.02809,0.0,0.976130494411968,0.0238695055880321,snapshot_675.xyz,8,10000,40.0,10000,all,675,6.0768569506227035
0.995975,1.01301,0.0,0.9831837790347578,0.0168162209652421,snapshot_676.xyz,8,10000,40.0,10000,all,676,6.08721234299612
0.984585,0.980781,0.0,1.0038785416927938,-0.0038785416927937,snapshot_677.xyz,8,10000,40.0,10000,all,677,6.096415396473468
0.999766,1.00545,0.0,0.9943468098861208,0.0056531901138793,snapshot_678.xyz,8,10000,40.0,10000,all,678,6.091309399824048
1.01112,1.01301,0.0,0.9981342731068796,0.0018657268931204,snapshot_679.xyz,8,10000,40.0,10000,all,679,6.09148845320353
0.976975,0.986485,0.0,0.9903597115009352,0.0096402884990647,snapshot_680.xyz,8,10000,40.0,10000,all,680,6.077907774747752
1.00734,1.02621,0.0,0.98161195077031,0.0183880492296899,snapshot_681.xyz,8,10000,40.0,10000,all,681,6.070482801541019
0.997871,0.980781,0.0,1.0174248889405484,-0.0174248889405483,snapshot_682.xyz,8,10000,40.0,10000,all,682,6.089894368065141
0.990284,0.995975,0.0,0.9942860011546476,0.0057139988453525,snapshot_683.xyz,8,10000,40.0,10000,all,683,6.0928539894435
0.982684,1.01112,0.0,0.9718767307540154,0.0281232692459846,snapshot_684.xyz,8,10000,40.0,10000,all,684,6.089852490139638
1.02056,1.00545,0.0,1.015028096872047,-0.0150280968720473,snapshot_685.xyz,8,10000,40.0,10000,all,685,6.0872001052395746
0.992182,0.990284,0.0,1.0019166218983644,-0.0019166218983643,snapshot_686.xyz,8,10000,40.0,10000,all,686,6.08763333655487
0.984585,0.97507,0.0,1.0097582737649604,-0.0097582737649604,snapshot_687.xyz,8,10000,40.0,10000,all,687,6.083767708199356
0.992182,0.992182,0.0,1.0,0.0,snapshot_688.xyz,8,10000,40.0,10000,all,688,6.094265856591587
0.997871,1.00923,0.0,0.9887448847140888,0.0112551152859111,snapshot_689.xyz,8,10000,40.0,10000,all,689,6.0819659476400005
1.00166,1.00545,0.0,0.9962305435377194,0.0037694564622805,snapshot_690.xyz,8,10000,40.0,10000,all,690,6.072535098228963
0.995975,1.01112,0.0,0.98502156025002,0.0149784397499801,snapshot_691.xyz,8,10000,40.0,10000,all,691,6.080272182409207
1.01678,1.01301,0.0,1.003721582215378,-0.0037215822153779,snapshot_692.xyz,8,10000,40.0,10000,all,692,6.061879389848515
0.97507,0.990284,0.0,0.9846367304732784,0.0153632695267217,snapshot_693.xyz,8,10000,40.0,10000,all,693,6.077834804262164
0.999766,1.00923,0.0,0.990622553828166,0.009377446171834,snapshot_694.xyz,8,10000,40.0,10000,all,694,6.09171516213987
0.997871,0.997871,0.0,1.0,0.0,snapshot_695.xyz,8,10000,40.0,10000,all,695,6.084004381249651
0.994079,1.01867,0.0,0.9758596994119784,0.0241403005880215,snapshot_696.xyz,8,10000,40.0,10000,all,696,6.070014802002964
1.00166,1.01301,0.0,0.988795767070414,0.011204232929586,snapshot_697.xyz,8,10000,40.0,10000,all,697,6.074723602651538
0.992182,0.982684,0.0,1.0096653654684518,-0.0096653654684517,snapshot_698.xyz,8,10000,40.0,10000,all,698,6.085022226430118
0.992182,0.999766,0.0,0.9924142249286332,0.0075857750713667,snapshot_699.xyz,8,10000,40.0,10000,all,699,6.081553355011405
0.986485,1.01867,0.0,0.9684048808740808,0.031595119125919,snapshot_700.xyz,8,10000,40.0,10000,all,700,6.084152442233316
0.994079,0.999766,0.0,0.9943116689305298,0.0056883310694701,snapshot_701.xyz,8,10000,40.0,10000,all,701,6.094575163279756
1.01301,1.00923,0.0,1.0037454296840165,-0.0037454296840164,snapshot_702.xyz,8,10000,40.0,10000,all,702,6.052397994539116
1.01867,1.03374,0.0,0.9854218662332888,0.0145781337667112,snapshot_703.xyz,8,10000,40.0,10000,all,703,5.9537919487592115
1.00355,1.02244,0.0,0.9815245882398966,0.0184754117601033,snapshot_704.xyz,8,10000,40.0,10000,all,704,5.882740657804357
1.01301,1.00923,0.0,1.0037454296840165,-0.0037454296840164,snapshot_705.xyz,8,10000,40.0,10000,all,705,5.838198858714387
0.992182,1.00166,0.0,0.9905377074057066,0.0094622925942934,snapshot_706.xyz,8,10000,40.0,10000,all,706,5.789568229796406
0.965536,0.990284,0.0,0.9750091892830742,0.0249908107169257,snapshot_707.xyz,8,10000,40.0,10000,all,707,5.746994254768523
0.936807,0.97507,0.0,0.9607587147589404,0.0392412852410596,snapshot_708.xyz,8,10000,40.0,10000,all,708,5.717920414247655
0.911753,0.948321,0.0,0.961439217311438,0.0385607826885621,snapshot_709.xyz,8,10000,40.0,10000,all,709,5.6629309837061825
0.90982,0.957893,0.0,0.9498138101019632,0.0501861898980366,snapshot_710.xyz,8,10000,40.0,10000,all,710,5.625736186843109
0.896262,0.946404,0.0,0.947018398062561,0.0529816019374389,snapshot_711.xyz,8,10000,40.0,10000,all,711,5.609209855932432
0.876817,0.927188,0.0,0.945673369370613,0.054326630629387,snapshot_712.xyz,8,10000,40.0,10000,all,712,5.566082178146415
0.870965,0.898202,0.0,0.969676086225593,0.030323913774407,snapshot_713.xyz,8,10000,40.0,10000,all,713,5.544580723880549
0.857279,0.917548,0.0,0.9343151529947208,0.0656848470052793,snapshot_714.xyz,8,10000,40.0,10000,all,714,5.543746397100657
0.874867,0.915617,0.0,0.9554944916924872,0.0445055083075128,snapshot_715.xyz,8,10000,40.0,10000,all,715,5.558311215898206
0.847474,0.90982,0.0,0.9314743575652328,0.0685256424347673,snapshot_716.xyz,8,10000,40.0,10000,all,716,5.522243468386549
0.833707,0.876817,0.0,0.950833526266028,0.0491664737339718,snapshot_717.xyz,8,10000,40.0,10000,all,717,5.51511838106029
0.821869,0.89238,0.0,0.9209854546269528,0.0790145453730473,snapshot_718.xyz,8,10000,40.0,10000,all,718,5.508735255328483
0.84551,0.888495,0.0,0.9516204368060596,0.0483795631939403,snapshot_719.xyz,8,10000,40.0,10000,all,719,5.500468189131375
0.827793,0.86315,0.0,0.959037247291896,0.040962752708104,snapshot_720.xyz,8,10000,40.0,10000,all,720,5.472089226500472
0.808012,0.86315,0.0,0.936120025488038,0.063879974511962,snapshot_721.xyz,8,10000,40.0,10000,all,721,5.461853002620066
0.827793,0.886551,0.0,0.9337229330292336,0.0662770669707665,snapshot_722.xyz,8,10000,40.0,10000,all,722,5.475601879467777
0.811976,0.859237,0.0,0.9449965492640564,0.0550034507359435,snapshot_723.xyz,8,10000,40.0,10000,all,723,5.449469786853013
0.843546,0.88266,0.0,0.955686221195024,0.0443137788049758,snapshot_724.xyz,8,10000,40.0,10000,all,724,5.488705735958618
0.796095,0.865105,0.0,0.9202293363233364,0.0797706636766635,snapshot_725.xyz,8,10000,40.0,10000,all,725,5.441315782610233
0.815937,0.870965,0.0,0.9368195048021448,0.0631804951978551,snapshot_726.xyz,8,10000,40.0,10000,all,726,5.4645817103319505
0.827793,0.869013,0.0,0.9525668775956172,0.0474331224043829,snapshot_727.xyz,8,10000,40.0,10000,all,727,5.450075204127577
0.817915,0.886551,0.0,0.9225808780318334,0.0774191219681665,snapshot_728.xyz,8,10000,40.0,10000,all,728,5.4555391810571745
0.809995,0.851399,0.0,0.9513694519255954,0.0486305480744045,snapshot_729.xyz,8,10000,40.0,10000,all,729,5.444257466160529
0.817915,0.847474,0.0,0.9651210538612394,0.0348789461387606,snapshot_730.xyz,8,10000,40.0,10000,all,730,5.426638410207653
0.808012,0.874867,0.0,0.9235826702801684,0.0764173297198317,snapshot_731.xyz,8,10000,40.0,10000,all,731,5.446871287281317
0.798084,0.85532,0.0,0.9330823551419352,0.0669176448580647,snapshot_732.xyz,8,10000,40.0,10000,all,732,5.422745476068004
0.796095,0.835677,0.0,0.9526348098607476,0.0473651901392523,snapshot_733.xyz,8,10000,40.0,10000,all,733,5.412718676787965
0.77815,0.831737,0.0,0.9355721820719772,0.0644278179280228,snapshot_734.xyz,8,10000,40.0,10000,all,734,5.400286274359352
0.784141,0.851399,0.0,0.9210029610088808,0.0789970389911193,snapshot_735.xyz,8,10000,40.0,10000,all,735,5.402324683048068
0.752076,0.804044,0.0,0.9353667212242116,0.0646332787757884,snapshot_736.xyz,8,10000,40.0,10000,all,736,5.359789472653714
0.752076,0.815937,0.0,0.9217329279098754,0.0782670720901246,snapshot_737.xyz,8,10000,40.0,10000,all,737,5.368751902082062
0.754088,0.800072,0.0,0.942525172734454,0.057474827265546,snapshot_738.xyz,8,10000,40.0,10000,all,738,5.351197487495668
0.762126,0.798084,0.0,0.954944592298555,0.045055407701445,snapshot_739.xyz,8,10000,40.0,10000,all,739,5.356656799819717
0.770147,0.817915,0.0,0.9415978432966752,0.0584021567033248,snapshot_740.xyz,8,10000,40.0,10000,all,740,5.362850549045534
0.760118,0.823845,0.0,0.9226468571151124,0.0773531428848874,snapshot_741.xyz,8,10000,40.0,10000,all,741,5.355197766715183
0.752076,0.813957,0.0,0.923975099421714,0.0760249005782861,snapshot_742.xyz,8,10000,40.0,10000,all,742,5.365434829616095
0.744016,0.780148,0.0,0.9536857109163904,0.0463142890836096,snapshot_743.xyz,8,10000,40.0,10000,all,743,5.356840279252494
0.727842,0.813957,0.0,0.8942020278712511,0.1057979721287488,snapshot_744.xyz,8,10000,40.0,10000,all,744,5.361621339300458
0.752076,0.811976,0.0,0.9262293466801974,0.0737706533198025,snapshot_745.xyz,8,10000,40.0,10000,all,745,5.3561352487861384
0.754088,0.815937,0.0,0.924198804564568,0.0758011954354319,snapshot_746.xyz,8,10000,40.0,10000,all,746,5.3751787308960255
0.756099,0.806029,0.0,0.938054337995283,0.0619456620047169,snapshot_747.xyz,8,10000,40.0,10000,all,747,5.371165644692427
0.727842,0.798084,0.0,0.9119867081660576,0.0880132918339423,snapshot_748.xyz,8,10000,40.0,10000,all,748,5.378973729092651
0.741998,0.800072,0.0,0.9274140327370536,0.0725859672629463,snapshot_749.xyz,8,10000,40.0,10000,all,749,5.363902304100794
0.752076,0.796095,0.0,0.944706347860494,0.0552936521395059,snapshot_750.xyz,8,10000,40.0,10000,all,750,5.371511048670078
0.756099,0.792115,0.0,0.9545318545918204,0.0454681454081794,snapshot_751.xyz,8,10000,40.0,10000,all,751,5.3576700424146875
0.746033,0.821869,0.0,0.9077273872113438,0.0922726127886561,snapshot_752.xyz,8,10000,40.0,10000,all,752,5.36092037047705
0.782145,0.84551,0.0,0.9250570661494246,0.0749429338505753,snapshot_753.xyz,8,10000,40.0,10000,all,753,5.3952488230444855
0.746033,0.804044,0.0,0.9278509633801136,0.0721490366198864,snapshot_754.xyz,8,10000,40.0,10000,all,754,5.380343476214994
0.752076,0.800072,0.0,0.9400103990640842,0.0599896009359157,snapshot_755.xyz,8,10000,40.0,10000,all,755,5.362696214811129
0.739979,0.813957,0.0,0.9091131349690464,0.0908868650309536,snapshot_756.xyz,8,10000,40.0,10000,all,756,5.3532505199171005
0.737959,0.809995,0.0,0.9110661176920846,0.0889338823079154,snapshot_757.xyz,8,10000,40.0,10000,all,757,5.365458532019519
0.768143,0.821869,0.0,0.9346294847475694,0.0653705152524306,snapshot_758.xyz,8,10000,40.0,10000,all,758,5.383680428517636
0.774151,0.825819,0.0,0.9374342319563972,0.0625657680436027,snapshot_759.xyz,8,10000,40.0,10000,all,759,5.391052992432741
0.770147,0.833707,0.0,0.92376218503623,0.0762378149637701,snapshot_760.xyz,8,10000,40.0,10000,all,760,5.395500101819699
0.77815,0.837646,0.0,0.9289723821280113,0.0710276178719888,snapshot_761.xyz,8,10000,40.0,10000,all,761,5.395145888816529
0.774151,0.811976,0.0,0.9534161108210096,0.0465838891789904,snapshot_762.xyz,8,10000,40.0,10000,all,762,5.370982955814342
0.739979,0.800072,0.0,0.9248905098541133,0.0751094901458868,snapshot_763.xyz,8,10000,40.0,10000,all,763,5.3500609772555885
0.731892,0.794106,0.0,0.9216552953887768,0.0783447046112232,snapshot_764.xyz,8,10000,40.0,10000,all,764,5.34049348370689
0.735938,0.78813,0.0,0.9337774225064392,0.0662225774935607,snapshot_765.xyz,8,10000,40.0,10000,all,765,5.3619450115339
0.758109,0.825819,0.0,0.9180086677589158,0.0819913322410842,snapshot_766.xyz,8,10000,40.0,10000,all,766,5.379184572043362
0.772149,0.813957,0.0,0.948636107312794,0.0513638926872058,snapshot_767.xyz,8,10000,40.0,10000,all,767,5.3657252572828575
0.772149,0.809995,0.0,0.9532762547916962,0.0467237452083038,snapshot_768.xyz,8,10000,40.0,10000,all,768,5.37100237517474
0.770147,0.823845,0.0,0.9348202635204438,0.0651797364795562,snapshot_769.xyz,8,10000,40.0,10000,all,769,5.369966338117056
0.762126,0.800072,0.0,0.9525717685408313,0.0474282314591687,snapshot_770.xyz,8,10000,40.0,10000,all,770,5.3631189139952316
0.741998,0.817915,0.0,0.90718228666793,0.0928177133320699,snapshot_771.xyz,8,10000,40.0,10000,all,771,5.359383261074225
0.756099,0.802059,0.0,0.9426974823547892,0.0573025176452106,snapshot_772.xyz,8,10000,40.0,10000,all,772,5.360774125591318
0.748048,0.813957,0.0,0.9190264350573802,0.0809735649426197,snapshot_773.xyz,8,10000,40.0,10000,all,773,5.350986155931673
0.739979,0.815937,0.0,0.9069070283612584,0.0930929716387416,snapshot_774.xyz,8,10000,40.0,10000,all,774,5.3617363677570795
0.739979,0.804044,0.0,0.9203215246926786,0.0796784753073214,snapshot_775.xyz,8,10000,40.0,10000,all,775,5.339574145565461
0.750063,0.798084,0.0,0.9398296419925722,0.0601703580074277,snapshot_776.xyz,8,10000,40.0,10000,all,776,5.349731376973695
0.750063,0.798084,0.0,0.9398296419925722,0.0601703580074277,snapshot_777.xyz,8,10000,40.0,10000,all,777,5.354208875279508
0.760118,0.811976,0.0,0.936133580302866,0.063866419697134,snapshot_778.xyz,8,10000,40.0,10000,all,778,5.349229289270527
0.729867,0.780148,0.0,0.935549408573758,0.0644505914262421,snapshot_779.xyz,8,10000,40.0,10000,all,779,5.3347783230163435
0.754088,0.800072,0.0,0.942525172734454,0.057474827265546,snapshot_780.xyz,8,10000,40.0,10000,all,780,5.347547038760949
0.744016,0.780148,0.0,0.9536857109163904,0.0463142890836096,snapshot_781.xyz,8,10000,40.0,10000,all,781,5.356576609890726
0.737959,0.77815,0.0,0.9483505750819252,0.0516494249180748,snapshot_782.xyz,8,10000,40.0,10000,all,782,5.337226484665351
0.733916,0.78813,0.0,0.9312118559120958,0.0687881440879042,snapshot_783.xyz,8,10000,40.0,10000,all,783,5.342834288254819
0.719727,0.798084,0.0,0.9018186055603168,0.0981813944396831,snapshot_784.xyz,8,10000,40.0,10000,all,784,5.342763648870981
0.733916,0.790123,0.0,0.9288629744989072,0.0711370255010929,snapshot_785.xyz,8,10000,40.0,10000,all,785,5.335603885660163
0.746033,0.802059,0.0,0.930147283429274,0.0698527165707261,snapshot_786.xyz,8,10000,40.0,10000,all,786,5.333910971381837
0.733916,0.782145,0.0,0.9383375205364736,0.0616624794635265,snapshot_787.xyz,8,10000,40.0,10000,all,787,5.343662829109359
0.739979,0.796095,0.0,0.9295109252036504,0.0704890747963495,snapshot_788.xyz,8,10000,40.0,10000,all,788,5.33945077216754
0.727842,0.78813,0.0,0.923505005519394,0.076494994480606,snapshot_789.xyz,8,10000,40.0,10000,all,789,5.325022481442804
0.731892,0.800072,0.0,0.9147826695597396,0.0852173304402603,snapshot_790.xyz,8,10000,40.0,10000,all,790,5.331382961140872
0.725815,0.782145,0.0,0.9279801059905772,0.0720198940094227,snapshot_791.xyz,8,10000,40.0,10000,all,791,5.310715993955186
0.727842,0.774151,0.0,0.9401809207764376,0.0598190792235623,snapshot_792.xyz,8,10000,40.0,10000,all,792,5.309469210496028
0.733916,0.784141,0.0,0.9359490193727914,0.0640509806272086,snapshot_793.xyz,8,10000,40.0,10000,all,793,5.321798473280206
0.727842,0.798084,0.0,0.9119867081660576,0.0880132918339423,snapshot_794.xyz,8,10000,40.0,10000,all,794,5.347555732786464
0.739979,0.78813,0.0,0.9389047492165,0.0610952507835,snapshot_795.xyz,8,10000,40.0,10000,all,795,5.33447428036887
0.725815,0.770147,0.0,0.942436963332974,0.057563036667026,snapshot_796.xyz,8,10000,40.0,10000,all,796,5.29830720545866
0.723787,0.776151,0.0,0.9325337466549678,0.0674662533450322,snapshot_797.xyz,8,10000,40.0,10000,all,797,5.300449827726446
0.729867,0.78813,0.0,0.9260743785923644,0.0739256214076357,snapshot_798.xyz,8,10000,40.0,10000,all,798,5.325263545448572
0.748048,0.796095,0.0,0.9396466502113442,0.0603533497886558,snapshot_799.xyz,8,10000,40.0,10000,all,799,5.354337555377658
0.758109,0.808012,0.0,0.9382397786171494,0.0617602213828506,snapshot_800.xyz,8,10000,40.0,10000,all,800,5.353252032393627
0.760118,0.823845,0.0,0.9226468571151124,0.0773531428848874,snapshot_801.xyz,8,10000,40.0,10000,all,801,5.356256643673623
0.693224,0.737959,0.0,0.939380101062525,0.0606198989374749,snapshot_802.xyz,8,10000,40.0,10000,all,802,5.176707024569746
0.608242,0.654116,0.0,0.9298687083025028,0.0701312916974972,snapshot_803.xyz,8,10000,40.0,10000,all,803,4.965581121016846
0.58928,0.625,0.0,0.942848,0.0571519999999999,snapshot_804.xyz,8,10000,40.0,10000,all,804,4.950726473238067
0.576573,0.635429,0.0,0.9073759617518244,0.0926240382481756,snapshot_805.xyz,8,10000,40.0,10000,all,805,4.931736031922553
0.572326,0.620819,0.0,0.9218886664229028,0.0781113335770973,snapshot_806.xyz,8,10000,40.0,10000,all,806,4.921701513949398
0.5702,0.625,0.0,0.91232,0.0876799999999999,snapshot_807.xyz,8,10000,40.0,10000,all,807,4.91775456150615
0.576573,0.599829,0.0,0.9612289502508216,0.0387710497491784,snapshot_808.xyz,8,10000,40.0,10000,all,808,4.908716412819711
0.548853,0.608242,0.0,0.9023595871380142,0.0976404128619857,snapshot_809.xyz,8,10000,40.0,10000,all,809,4.907515759823342
0.55741,0.604038,0.0,0.9228061810680784,0.0771938189319215,snapshot_810.xyz,8,10000,40.0,10000,all,810,4.904235931238757
0.548853,0.595614,0.0,0.9214910999405656,0.0785089000594343,snapshot_811.xyz,8,10000,40.0,10000,all,811,4.900928479398681
0.548853,0.585051,0.0,0.9381284708512592,0.0618715291487408,snapshot_812.xyz,8,10000,40.0,10000,all,812,4.8981659726703395
0.55741,0.601934,0.0,0.926031757634558,0.073968242365442,snapshot_813.xyz,8,10000,40.0,10000,all,813,4.896021923069263
0.550995,0.606141,0.0,0.9090211683420194,0.0909788316579806,snapshot_814.xyz,8,10000,40.0,10000,all,814,4.894480457556115
0.544564,0.58928,0.0,0.9241175672006516,0.0758824327993483,snapshot_815.xyz,8,10000,40.0,10000,all,815,4.893512190973005
0.535968,0.58928,0.0,0.9095302742329622,0.0904697257670378,snapshot_816.xyz,8,10000,40.0,10000,all,816,4.8839363101502595
0.535968,0.610342,0.0,0.8781437292534349,0.1218562707465651,snapshot_817.xyz,8,10000,40.0,10000,all,817,4.884959574888899
0.555273,0.595614,0.0,0.932269892917225,0.067730107082775,snapshot_818.xyz,8,10000,40.0,10000,all,818,4.881703624432284
0.527346,0.576573,0.0,0.9146213922608238,0.0853786077391761,snapshot_819.xyz,8,10000,40.0,10000,all,819,4.874224036757608
0.544564,0.601934,0.0,0.9046905474686596,0.0953094525313404,snapshot_820.xyz,8,10000,40.0,10000,all,820,4.885627934805747
0.523025,0.582934,0.0,0.8972285027121424,0.1027714972878576,snapshot_821.xyz,8,10000,40.0,10000,all,821,4.87283619861647
0.529504,0.604038,0.0,0.8766071008777594,0.1233928991222406,snapshot_822.xyz,8,10000,40.0,10000,all,822,4.883514277882602
0.525186,0.599829,0.0,0.8755595344673234,0.1244404655326766,snapshot_823.xyz,8,10000,40.0,10000,all,823,4.8828396998219805
0.53166,0.604038,0.0,0.8801764127422448,0.1198235872577552,snapshot_824.xyz,8,10000,40.0,10000,all,824,4.889730937747451
0.518697,0.582934,0.0,0.8898039915324891,0.1101960084675108,snapshot_825.xyz,8,10000,40.0,10000,all,825,4.88490601010739
0.535968,0.593504,0.0,0.9030570981829944,0.0969429018170054,snapshot_826.xyz,8,10000,40.0,10000,all,826,4.88654335140225
0.529504,0.597722,0.0,0.8858700198420001,0.1141299801579999,snapshot_827.xyz,8,10000,40.0,10000,all,827,4.878895129550627
0.54027,0.585051,0.0,0.9234579549475176,0.0765420450524825,snapshot_828.xyz,8,10000,40.0,10000,all,828,4.882657475192001
0.54027,0.58928,0.0,0.9168307086614174,0.0831692913385826,snapshot_829.xyz,8,10000,40.0,10000,all,829,4.880408511976622
0.527346,0.58928,0.0,0.8948988596253054,0.1051011403746946,snapshot_830.xyz,8,10000,40.0,10000,all,830,4.879569213948383
0.527346,0.585051,0.0,0.9013675730833722,0.0986324269166277,snapshot_831.xyz,8,10000,40.0,10000,all,831,4.87390290635353
0.53166,0.563812,0.0,0.9429738991011188,0.0570261008988811,snapshot_832.xyz,8,10000,40.0,10000,all,832,4.865163715286808
0.523025,0.572326,0.0,0.9138585351705146,0.0861414648294853,snapshot_833.xyz,8,10000,40.0,10000,all,833,4.8709981922573
0.53166,0.57445,0.0,0.9255113586909216,0.0744886413090782,snapshot_834.xyz,8,10000,40.0,10000,all,834,4.879479005254261
0.505671,0.559546,0.0,0.9037165845167332,0.0962834154832668,snapshot_835.xyz,8,10000,40.0,10000,all,835,4.86506220738919
0.520861,0.563812,0.0,0.9238203514646728,0.0761796485353273,snapshot_836.xyz,8,10000,40.0,10000,all,836,4.866091905419459
0.518697,0.5702,0.0,0.909675552437741,0.0903244475622589,snapshot_837.xyz,8,10000,40.0,10000,all,837,4.877949114181101
0.529504,0.580815,0.0,0.9116568959135009,0.0883431040864991,snapshot_838.xyz,8,10000,40.0,10000,all,838,4.87515165785916
0.527346,0.593504,0.0,0.8885298161427724,0.1114701838572276,snapshot_839.xyz,8,10000,40.0,10000,all,839,4.867519957948543
0.53812,0.601934,0.0,0.8939850548398995,0.1060149451601004,snapshot_840.xyz,8,10000,40.0,10000,all,840,4.874510736909121
0.503494,0.572326,0.0,0.8797328795127253,0.1202671204872747,snapshot_841.xyz,8,10000,40.0,10000,all,841,4.8617430672706075
0.518697,0.5702,0.0,0.909675552437741,0.0903244475622589,snapshot_842.xyz,8,10000,40.0,10000,all,842,4.861355324485327
0.53166,0.580815,0.0,0.915368921257199,0.0846310787428009,snapshot_843.xyz,8,10000,40.0,10000,all,843,4.867797622953496
0.520861,0.576573,0.0,0.9033739006162272,0.0966260993837727,snapshot_844.xyz,8,10000,40.0,10000,all,844,4.86113378648409
0.503494,0.56168,0.0,0.8964072069505769,0.1035927930494231,snapshot_845.xyz,8,10000,40.0,10000,all,845,4.875256235224044
0.523025,0.582934,0.0,0.8972285027121424,0.1027714972878576,snapshot_846.xyz,8,10000,40.0,10000,all,846,4.88381826004593
0.525186,0.568072,0.0,0.9245060485290596,0.0754939514709402,snapshot_847.xyz,8,10000,40.0,10000,all,847,4.870789629202477
0.54027,0.585051,0.0,0.9234579549475176,0.0765420450524825,snapshot_848.xyz,8,10000,40.0,10000,all,848,4.879149173703556
0.529504,0.559546,0.0,0.9463100442144168,0.0536899557855833,snapshot_849.xyz,8,10000,40.0,10000,all,849,4.866552311776221
0.535968,0.591393,0.0,0.9062805951372438,0.0937194048627562,snapshot_850.xyz,8,10000,40.0,10000,all,850,4.873456042269883
0.527346,0.576573,0.0,0.9146213922608238,0.0853786077391761,snapshot_851.xyz,8,10000,40.0,10000,all,851,4.8664557728854785
0.514362,0.57445,0.0,0.8953990773783619,0.1046009226216381,snapshot_852.xyz,8,10000,40.0,10000,all,852,4.865450908806398
0.512192,0.57445,0.0,0.8916215510488292,0.1083784489511707,snapshot_853.xyz,8,10000,40.0,10000,all,853,4.862799210329966
0.501315,0.5702,0.0,0.8791915117502629,0.1208084882497371,snapshot_854.xyz,8,10000,40.0,10000,all,854,4.859360422317835
0.507846,0.568072,0.0,0.8939817487924065,0.1060182512075934,snapshot_855.xyz,8,10000,40.0,10000,all,855,4.863145629358929
0.53166,0.56168,0.0,0.9465531975502066,0.0534468024497933,snapshot_856.xyz,8,10000,40.0,10000,all,856,4.869842527246991
0.527346,0.582934,0.0,0.904641005671311,0.095358994328689,snapshot_857.xyz,8,10000,40.0,10000,all,857,4.872826894517035
0.53166,0.565943,0.0,0.939423228134282,0.0605767718657178,snapshot_858.xyz,8,10000,40.0,10000,all,858,4.861599549787768
0.505671,0.56168,0.0,0.9002830793334283,0.0997169206665716,snapshot_859.xyz,8,10000,40.0,10000,all,859,4.861941283883011
0.514362,0.565943,0.0,0.9088583125862498,0.0911416874137501,snapshot_860.xyz,8,10000,40.0,10000,all,860,4.860992118737618
0.505671,0.563812,0.0,0.8968787468163146,0.1031212531836853,snapshot_861.xyz,8,10000,40.0,10000,all,861,4.852507401019343
0.520861,0.568072,0.0,0.916892576997282,0.083107423002718,snapshot_862.xyz,8,10000,40.0,10000,all,862,4.860383519622552
0.51653,0.563812,0.0,0.9161387129043016,0.0838612870956984,snapshot_863.xyz,8,10000,40.0,10000,all,863,4.863520762919226
0.51653,0.578695,0.0,0.8925772643620562,0.1074227356379438,snapshot_864.xyz,8,10000,40.0,10000,all,864,4.864431507355487
0.518697,0.563812,0.0,0.9199821926457756,0.0800178073542244,snapshot_865.xyz,8,10000,40.0,10000,all,865,4.858263730167362
0.518697,0.559546,0.0,0.9269961718965016,0.0730038281034982,snapshot_866.xyz,8,10000,40.0,10000,all,866,4.86040835990055
0.518697,0.5702,0.0,0.909675552437741,0.0903244475622589,snapshot_867.xyz,8,10000,40.0,10000,all,867,4.851494331003982
0.51653,0.57445,0.0,0.8991731221168074,0.1008268778831925,snapshot_868.xyz,8,10000,40.0,10000,all,868,4.858642482413957
0.507846,0.56168,0.0,0.9041553909699476,0.0958446090300525,snapshot_869.xyz,8,10000,40.0,10000,all,869,4.853858620825152
0.520861,0.565943,0.0,0.9203418012061286,0.0796581987938713,snapshot_870.xyz,8,10000,40.0,10000,all,870,4.856179731005955
0.51653,0.553135,0.0,0.9338226653529428,0.0661773346470572,snapshot_871.xyz,8,10000,40.0,10000,all,871,4.8533691948829425
0.501315,0.559546,0.0,0.8959317017725084,0.1040682982274916,snapshot_872.xyz,8,10000,40.0,10000,all,872,4.848043526703523
0.501315,0.555273,0.0,0.9028261773938224,0.0971738226061775,snapshot_873.xyz,8,10000,40.0,10000,all,873,4.851374730774924
0.51002,0.587166,0.0,0.8686129646471357,0.1313870353528643,snapshot_874.xyz,8,10000,40.0,10000,all,874,4.851597504267723
0.501315,0.572326,0.0,0.8759256088313303,0.1240743911686697,snapshot_875.xyz,8,10000,40.0,10000,all,875,4.858254050135278
0.501315,0.565943,0.0,0.885804754189026,0.1141952458109739,snapshot_876.xyz,8,10000,40.0,10000,all,876,4.85946440046863
0.503494,0.568072,0.0,0.8863207480741877,0.1136792519258123,snapshot_877.xyz,8,10000,40.0,10000,all,877,4.850505279903226
0.503494,0.546709,0.0,0.9209542919542206,0.0790457080457793,snapshot_878.xyz,8,10000,40.0,10000,all,878,4.865858010692008
0.501315,0.550995,0.0,0.909835842430512,0.090164157569488,snapshot_879.xyz,8,10000,40.0,10000,all,879,4.861224496679675
0.512192,0.568072,0.0,0.901632187469194,0.098367812530806,snapshot_880.xyz,8,10000,40.0,10000,all,880,4.868438700557235
0.518697,0.563812,0.0,0.9199821926457756,0.0800178073542244,snapshot_881.xyz,8,10000,40.0,10000,all,881,4.86934798643097
0.525186,0.553135,0.0,0.9494716479702062,0.0505283520297937,snapshot_882.xyz,8,10000,40.0,10000,all,882,4.861195825747693
0.512192,0.56168,0.0,0.9118928927503204,0.0881071072496795,snapshot_883.xyz,8,10000,40.0,10000,all,883,4.863416468665443
0.51653,0.572326,0.0,0.9025101078755816,0.0974898921244185,snapshot_884.xyz,8,10000,40.0,10000,all,884,4.867659644998096
0.525186,0.57445,0.0,0.9142414483418922,0.0857585516581077,snapshot_885.xyz,8,10000,40.0,10000,all,885,4.862703944230499
0.512192,0.572326,0.0,0.8949305116314827,0.1050694883685172,snapshot_886.xyz,8,10000,40.0,10000,all,886,4.8602934656035455
0.527346,0.56168,0.0,0.9388726677111524,0.0611273322888477,snapshot_887.xyz,8,10000,40.0,10000,all,887,4.859213960766596
0.503494,0.563812,0.0,0.8930175306662504,0.1069824693337495,snapshot_888.xyz,8,10000,40.0,10000,all,888,4.850247879522385
0.499135,0.54027,0.0,0.9238621430025729,0.0761378569974272,snapshot_889.xyz,8,10000,40.0,10000,all,889,4.844458868089573
0.505671,0.56168,0.0,0.9002830793334283,0.0997169206665716,snapshot_890.xyz,8,10000,40.0,10000,all,890,4.851739923700299
0.51653,0.5702,0.0,0.9058751315327956,0.0941248684672044,snapshot_891.xyz,8,10000,40.0,10000,all,891,4.856825688608526
0.496952,0.57445,0.0,0.8650918269649229,0.134908173035077,snapshot_892.xyz,8,10000,40.0,10000,all,892,4.848205467390673
0.51002,0.568072,0.0,0.8978087284710389,0.1021912715289611,snapshot_893.xyz,8,10000,40.0,10000,all,893,4.851761741904459
0.523025,0.576573,0.0,0.9071271113978628,0.0928728886021371,snapshot_894.xyz,8,10000,40.0,10000,all,894,4.8461881771187
0.512192,0.5702,0.0,0.898267274640477,0.101732725359523,snapshot_895.xyz,8,10000,40.0,10000,all,895,4.856677209142396
0.512192,0.568072,0.0,0.901632187469194,0.098367812530806,snapshot_896.xyz,8,10000,40.0,10000,all,896,4.857390276129952
0.51653,0.563812,0.0,0.9161387129043016,0.0838612870956984,snapshot_897.xyz,8,10000,40.0,10000,all,897,4.865703136527735
0.507846,0.555273,0.0,0.9145879594361692,0.0854120405638307,snapshot_898.xyz,8,10000,40.0,10000,all,898,4.856490245723643
0.527346,0.563812,0.0,0.9353224124353507,0.0646775875646492,snapshot_899.xyz,8,10000,40.0,10000,all,899,4.861923932058135
0.507846,0.555273,0.0,0.9145879594361692,0.0854120405638307,snapshot_900.xyz,8,10000,40.0,10000,all,900,4.852039410849686
0.518697,0.582934,0.0,0.8898039915324891,0.1101960084675108,snapshot_901.xyz,8,10000,40.0,10000,all,901,4.8583785923705864
0.468415,0.514362,0.0,0.9106718614516626,0.0893281385483374,snapshot_902.xyz,8,10000,40.0,10000,all,902,4.701483517595423
0.463996,0.51002,0.0,0.9097604015528804,0.0902395984471197,snapshot_903.xyz,8,10000,40.0,10000,all,903,4.673784015754173
0.45957,0.507846,0.0,0.9049396864403776,0.0950603135596225,snapshot_904.xyz,8,10000,40.0,10000,all,904,4.669303922271046
0.463996,0.499135,0.0,0.9296002083604636,0.0703997916395363,snapshot_905.xyz,8,10000,40.0,10000,all,905,4.670014057725563
0.463996,0.499135,0.0,0.9296002083604636,0.0703997916395363,snapshot_906.xyz,8,10000,40.0,10000,all,906,4.666676923493311
0.468415,0.507846,0.0,0.9223563836281078,0.0776436163718922,snapshot_907.xyz,8,10000,40.0,10000,all,907,4.666462478520623
0.461784,0.518697,0.0,0.890276982515804,0.109723017484196,snapshot_908.xyz,8,10000,40.0,10000,all,908,4.670532219968252
0.455135,0.496952,0.0,0.9158530401326488,0.0841469598673513,snapshot_909.xyz,8,10000,40.0,10000,all,909,4.667560680752538
0.463996,0.518697,0.0,0.8945415146029378,0.1054584853970621,snapshot_910.xyz,8,10000,40.0,10000,all,910,4.663614447382586
0.455135,0.496952,0.0,0.9158530401326488,0.0841469598673513,snapshot_911.xyz,8,10000,40.0,10000,all,911,4.66400634957932
0.452915,0.501315,0.0,0.9034539162003932,0.0965460837996069,snapshot_912.xyz,8,10000,40.0,10000,all,912,4.662532582186934
0.466206,0.520861,0.0,0.8950679739892217,0.1049320260107783,snapshot_913.xyz,8,10000,40.0,10000,all,913,4.666624674960097
0.463996,0.496952,0.0,0.9336837360549912,0.0663162639450087,snapshot_914.xyz,8,10000,40.0,10000,all,914,4.66476696665219
0.466206,0.490394,0.0,0.9506763948987956,0.0493236051012042,snapshot_915.xyz,8,10000,40.0,10000,all,915,4.6667494024399545
0.45957,0.518697,0.0,0.88600859461304,0.1139914053869599,snapshot_916.xyz,8,10000,40.0,10000,all,916,4.6650120214331885
0.461784,0.490394,0.0,0.9416591556992948,0.0583408443007051,snapshot_917.xyz,8,10000,40.0,10000,all,917,4.664477916763683
0.466206,0.505671,0.0,0.9219551842996732,0.0780448157003268,snapshot_918.xyz,8,10000,40.0,10000,all,918,4.665687702524826
0.455135,0.505671,0.0,0.9000615024393331,0.0999384975606668,snapshot_919.xyz,8,10000,40.0,10000,all,919,4.6648378564916495
0.463996,0.529504,0.0,0.8762842207046595,0.1237157792953405,snapshot_920.xyz,8,10000,40.0,10000,all,920,4.6631785140033575
0.452915,0.51002,0.0,0.8880338025959766,0.1119661974040233,snapshot_921.xyz,8,10000,40.0,10000,all,921,4.663605999763717
0.448469,0.518697,0.0,0.8646068899569499,0.1353931100430501,snapshot_922.xyz,8,10000,40.0,10000,all,922,4.664378755341181
0.457353,0.505671,0.0,0.904447753578908,0.0955522464210919,snapshot_923.xyz,8,10000,40.0,10000,all,923,4.663560568908158
0.452915,0.507846,0.0,0.8918353201561103,0.1081646798438896,snapshot_924.xyz,8,10000,40.0,10000,all,924,4.662652018652495
0.461784,0.503494,0.0,0.9171588936511657,0.0828411063488343,snapshot_925.xyz,8,10000,40.0,10000,all,925,4.663427954496495
0.457353,0.492582,0.0,0.9284809432744192,0.0715190567255807,snapshot_926.xyz,8,10000,40.0,10000,all,926,4.66085111730953
0.455135,0.505671,0.0,0.9000615024393331,0.0999384975606668,snapshot_927.xyz,8,10000,40.0,10000,all,927,4.6605765038053
0.448469,0.496952,0.0,0.9024392697886316,0.0975607302113684,snapshot_928.xyz,8,10000,40.0,10000,all,928,4.659654993256844
0.461784,0.51002,0.0,0.9054233167326772,0.0945766832673229,snapshot_929.xyz,8,10000,40.0,10000,all,929,4.659332731707147
0.461784,0.494768,0.0,0.93333441127963,0.0666655887203699,snapshot_930.xyz,8,10000,40.0,10000,all,930,4.6621796877428245
0.452915,0.486013,0.0,0.93189894097483,0.06810105902517,snapshot_931.xyz,8,10000,40.0,10000,all,931,4.664171048362606
0.466206,0.51002,0.0,0.9140935649582368,0.0859064350417631,snapshot_932.xyz,8,10000,40.0,10000,all,932,4.66198869101617
0.450693,0.512192,0.0,0.8799297919530177,0.1200702080469823,snapshot_933.xyz,8,10000,40.0,10000,all,933,4.661977213887129
0.452915,0.527346,0.0,0.858857372578914,0.1411426274210859,snapshot_934.xyz,8,10000,40.0,10000,all,934,4.662062361655936
0.457353,0.518697,0.0,0.8817344229868306,0.1182655770131694,snapshot_935.xyz,8,10000,40.0,10000,all,935,4.660121983150101
0.457353,0.496952,0.0,0.9203162478468746,0.0796837521531254,snapshot_936.xyz,8,10000,40.0,10000,all,936,4.661697348452904
0.455135,0.501315,0.0,0.9078822696308708,0.092117730369129,snapshot_937.xyz,8,10000,40.0,10000,all,937,4.659155428083045
0.450693,0.499135,0.0,0.9029481002133692,0.0970518997866308,snapshot_938.xyz,8,10000,40.0,10000,all,938,4.661456595832986
0.461784,0.503494,0.0,0.9171588936511657,0.0828411063488343,snapshot_939.xyz,8,10000,40.0,10000,all,939,4.661550928396885
0.475028,0.525186,0.0,0.904494788513022,0.0955052114869779,snapshot_940.xyz,8,10000,40.0,10000,all,940,4.661254407546493
0.466206,0.51002,0.0,0.9140935649582368,0.0859064350417631,snapshot_941.xyz,8,10000,40.0,10000,all,941,4.661066674888304
0.455135,0.492582,0.0,0.9239781396802969,0.0760218603197031,snapshot_942.xyz,8,10000,40.0,10000,all,942,4.660219698202717
0.455135,0.514362,0.0,0.8848534689576603,0.1151465310423397,snapshot_943.xyz,8,10000,40.0,10000,all,943,4.662007615791139
0.455135,0.496952,0.0,0.9158530401326488,0.0841469598673513,snapshot_944.xyz,8,10000,40.0,10000,all,944,4.662167714849404
0.457353,0.520861,0.0,0.8780711168622722,0.1219288831377277,snapshot_945.xyz,8,10000,40.0,10000,all,945,4.660293843377783
0.45957,0.507846,0.0,0.9049396864403776,0.0950603135596225,snapshot_946.xyz,8,10000,40.0,10000,all,946,4.659445950041873
0.461784,0.51002,0.0,0.9054233167326772,0.0945766832673229,snapshot_947.xyz,8,10000,40.0,10000,all,947,4.659960888337413
0.463996,0.499135,0.0,0.9296002083604636,0.0703997916395363,snapshot_948.xyz,8,10000,40.0,10000,all,948,4.662761883991037
0.446243,0.514362,0.0,0.8675660332606219,0.1324339667393781,snapshot_949.xyz,8,10000,40.0,10000,all,949,4.661979017381475
0.470621,0.507846,0.0,0.9267002201454771,0.0732997798545228,snapshot_950.xyz,8,10000,40.0,10000,all,950,4.664728588520834
0.457353,0.488205,0.0,0.9368052355055766,0.0631947644944234,snapshot_951.xyz,8,10000,40.0,10000,all,951,4.663172657723029
0.461784,0.51653,0.0,0.8940119644551138,0.1059880355448862,snapshot_952.xyz,8,10000,40.0,10000,all,952,4.664174566725048
0.466206,0.496952,0.0,0.9381308456349908,0.061869154365009,snapshot_953.xyz,8,10000,40.0,10000,all,953,4.664339045758334
0.466206,0.505671,0.0,0.9219551842996732,0.0780448157003268,snapshot_954.xyz,8,10000,40.0,10000,all,954,4.663360472295299
0.466206,0.527346,0.0,0.884060939117771,0.115939060882229,snapshot_955.xyz,8,10000,40.0,10000,all,955,4.663483728765768
0.448469,0.503494,0.0,0.8907136927153054,0.1092863072846945,snapshot_956.xyz,8,10000,40.0,10000,all,956,4.662437748174808
0.461784,0.507846,0.0,0.9092992757647004,0.0907007242352997,snapshot_957.xyz,8,10000,40.0,10000,all,957,4.661495694878459
0.457353,0.507846,0.0,0.9005741898134474,0.0994258101865526,snapshot_958.xyz,8,10000,40.0,10000,all,958,4.6625341320879885
0.466206,0.512192,0.0,0.9102172622766465,0.0897827377233536,snapshot_959.xyz,8,10000,40.0,10000,all,959,4.6613201168776435
0.466206,0.512192,0.0,0.9102172622766465,0.0897827377233536,snapshot_960.xyz,8,10000,40.0,10000,all,960,4.661080008098155
0.466206,0.525186,0.0,0.8876969302304326,0.1123030697695673,snapshot_961.xyz,8,10000,40.0,10000,all,961,4.660946804924201
0.457353,0.51002,0.0,0.8967354221403082,0.1032645778596917,snapshot_962.xyz,8,10000,40.0,10000,all,962,4.663227030428903
0.468415,0.514362,0.0,0.9106718614516626,0.0893281385483374,snapshot_963.xyz,8,10000,40.0,10000,all,963,4.663363941320472
0.45957,0.501315,0.0,0.916729002722839,0.083270997277161,snapshot_964.xyz,8,10000,40.0,10000,all,964,4.657437409616482
0.455135,0.501315,0.0,0.9078822696308708,0.092117730369129,snapshot_965.xyz,8,10000,40.0,10000,all,965,4.660190457459116
0.457353,0.505671,0.0,0.904447753578908,0.0955522464210919,snapshot_966.xyz,8,10000,40.0,10000,all,966,4.662053206854836
0.466206,0.499135,0.0,0.9340278682120068,0.0659721317879932,snapshot_967.xyz,8,10000,40.0,10000,all,967,4.663019331506222
0.45957,0.51002,0.0,0.9010823104976274,0.0989176895023725,snapshot_968.xyz,8,10000,40.0,10000,all,968,4.661951976139898
0.45957,0.501315,0.0,0.916729002722839,0.083270997277161,snapshot_969.xyz,8,10000,40.0,10000,all,969,4.660527082559632
0.466206,0.51653,0.0,0.9025729386482876,0.0974270613517124,snapshot_970.xyz,8,10000,40.0,10000,all,970,4.662579315966145
0.466206,0.520861,0.0,0.8950679739892217,0.1049320260107783,snapshot_971.xyz,8,10000,40.0,10000,all,971,4.660506493673179
0.470621,0.490394,0.0,0.9596793598616624,0.0403206401383376,snapshot_972.xyz,8,10000,40.0,10000,all,972,4.658312069179225
0.470621,0.514362,0.0,0.91496066972288,0.0850393302771199,snapshot_973.xyz,8,10000,40.0,10000,all,973,4.661375674612116
0.461784,0.507846,0.0,0.9092992757647004,0.0907007242352997,snapshot_974.xyz,8,10000,40.0,10000,all,974,4.657993361141734
0.45957,0.512192,0.0,0.8972611833062601,0.1027388166937398,snapshot_975.xyz,8,10000,40.0,10000,all,975,4.659642442443497
0.466206,0.501315,0.0,0.9299661889231324,0.0700338110768676,snapshot_976.xyz,8,10000,40.0,10000,all,976,4.658138461862358
0.452915,0.505671,0.0,0.8956712961589651,0.1043287038410348,snapshot_977.xyz,8,10000,40.0,10000,all,977,4.660467221504264
0.448469,0.499135,0.0,0.8984923918378795,0.1015076081621204,snapshot_978.xyz,8,10000,40.0,10000,all,978,4.6596629114659205
0.463996,0.505671,0.0,0.9175847537232708,0.0824152462767292,snapshot_979.xyz,8,10000,40.0,10000,all,979,4.659864047313478
0.45957,0.505671,0.0,0.9088320271480864,0.0911679728519135,snapshot_980.xyz,8,10000,40.0,10000,all,980,4.661200947107201
0.463996,0.501315,0.0,0.9255577830306296,0.0744422169693704,snapshot_981.xyz,8,10000,40.0,10000,all,981,4.66065800833311
0.468415,0.501315,0.0,0.9343726000618376,0.0656273999381624,snapshot_982.xyz,8,10000,40.0,10000,all,982,4.660912910331634
0.446243,0.503494,0.0,0.886292587399254,0.113707412600746,snapshot_983.xyz,8,10000,40.0,10000,all,983,4.657515932280549
0.448469,0.501315,0.0,0.8945852408166522,0.1054147591833477,snapshot_984.xyz,8,10000,40.0,10000,all,984,4.656417510785424
0.455135,0.501315,0.0,0.9078822696308708,0.092117730369129,snapshot_985.xyz,8,10000,40.0,10000,all,985,4.658844065219796
0.457353,0.490394,0.0,0.9326235639098358,0.0673764360901642,snapshot_986.xyz,8,10000,40.0,10000,all,986,4.6608489985796435
0.455135,0.507846,0.0,0.896206724085648,0.1037932759143519,snapshot_987.xyz,8,10000,40.0,10000,all,987,4.658255984148758
0.455135,0.490394,0.0,0.9281006700734512,0.0718993299265488,snapshot_988.xyz,8,10000,40.0,10000,all,988,4.659622627856327
0.455135,0.503494,0.0,0.9039531752116212,0.0960468247883787,snapshot_989.xyz,8,10000,40.0,10000,all,989,4.661953433183352
0.455135,0.48382,0.0,0.9407114216030756,0.0592885783969243,snapshot_990.xyz,8,10000,40.0,10000,all,990,4.661329253927374
0.452915,0.486013,0.0,0.93189894097483,0.06810105902517,snapshot_991.xyz,8,10000,40.0,10000,all,991,4.659063889502047
0.457353,0.48382,0.0,0.9452957711545616,0.0547042288454383,snapshot_992.xyz,8,10000,40.0,10000,all,992,4.659822283955251
0.466206,0.523025,0.0,0.8913646575211511,0.1086353424788488,snapshot_993.xyz,8,10000,40.0,10000,all,993,4.662093324148117
0.466206,0.525186,0.0,0.8876969302304326,0.1123030697695673,snapshot_994.xyz,8,10000,40.0,10000,all,994,4.6593025752911945
0.452915,0.525186,0.0,0.8623897057423465,0.1376102942576534,snapshot_995.xyz,8,10000,40.0,10000,all,995,4.658765105491869
0.477229,0.518697,0.0,0.920053518720949,0.079946481279051,snapshot_996.xyz,8,10000,40.0,10000,all,996,4.6594173040700815
0.455135,0.505671,0.0,0.9000615024393331,0.0999384975606668,snapshot_997.xyz,8,10000,40.0,10000,all,997,4.661056907343427
0.461784,0.51002,0.0,0.9054233167326772,0.0945766832673229,snapshot_998.xyz,8,10000,40.0,10000,all,998,4.662602872008209
0.472826,0.507846,0.0,0.9310420875619776,0.0689579124380225,snapshot_999.xyz,8,10000,40.0,10000,all,999,4.660575248859711
0.463996,0.496952,0.0,0.9336837360549912,0.0663162639450087,snapshot_1000.xyz,8,10000,40.0,10000,all,1000,4.663431321916036
0.461784,0.492582,0.0,0.9374763998684482,0.0625236001315517,snapshot_1001.xyz,8,10000,40.0,10000,all,1001,4.663313291922207
