cid,cid_shuffled,cid_shuffled_std,cid_normalized,compression_gain,snapshot,nbins,n_particles_total,box_length,n_particles_filtered,atom_types,snapshot_num
0.301981,0.395852,0.0,0.7628633933894486,0.23713660661055136,snapshot_1.xyz,16,10000,40.0,10000,all,1
0.485079,0.499798,0.0,0.9705501022413054,0.029449897758694554,snapshot_2.xyz,16,10000,40.0,10000,all,2
0.478645,0.519336,0.0,0.9216480274812452,0.07835197251875481,snapshot_3.xyz,16,10000,40.0,10000,all,3
0.477888,0.523082,0.0,0.9136005444653036,0.08639945553469641,snapshot_4.xyz,16,10000,40.0,10000,all,4
0.479403,0.517087,0.0,0.9271225151666935,0.07287748483330647,snapshot_5.xyz,16,10000,40.0,10000,all,5
0.484701,0.515962,0.0,0.9394122047747702,0.060587795225229835,snapshot_6.xyz,16,10000,40.0,10000,all,6
0.483945,0.523831,0.0,0.9238571218580037,0.07614287814199627,snapshot_7.xyz,16,10000,40.0,10000,all,7
0.49037,0.52458,0.0,0.9347859239772769,0.06521407602272311,snapshot_8.xyz,16,10000,40.0,10000,all,8
0.495275,0.521959,0.0,0.9488772106621403,0.05112278933785974,snapshot_9.xyz,16,10000,40.0,10000,all,9
0.494521,0.522333,0.0,0.9467542736147246,0.05324572638527536,snapshot_10.xyz,16,10000,40.0,10000,all,10
0.498291,0.518212,0.0,0.9615582039782945,0.0384417960217055,snapshot_11.xyz,16,10000,40.0,10000,all,11
0.492635,0.524954,0.0,0.938434605698785,0.06156539430121499,snapshot_12.xyz,16,10000,40.0,10000,all,12
0.498291,0.525702,0.0,0.9478582923405275,0.05214170765947246,snapshot_13.xyz,16,10000,40.0,10000,all,13
0.495653,0.519711,0.0,0.9537088882090238,0.046291111790976225,snapshot_14.xyz,16,10000,40.0,10000,all,14
0.498668,0.519336,0.0,0.9602030284825238,0.03979697151747619,snapshot_15.xyz,16,10000,40.0,10000,all,15
0.493767,0.52458,0.0,0.9412615806931258,0.05873841930687418,snapshot_16.xyz,16,10000,40.0,10000,all,16
0.496784,0.519336,0.0,0.9565753192538163,0.043424680746183664,snapshot_17.xyz,16,10000,40.0,10000,all,17
0.500175,0.521959,0.0,0.9582649211911282,0.04173507880887184,snapshot_18.xyz,16,10000,40.0,10000,all,18
0.499798,0.516712,0.0,0.9672660979423742,0.03273390205762583,snapshot_19.xyz,16,10000,40.0,10000,all,19
0.503563,0.521584,0.0,0.9654494769778212,0.03455052302217876,snapshot_20.xyz,16,10000,40.0,10000,all,20
0.500175,0.524954,0.0,0.9527977689473744,0.047202231052625554,snapshot_21.xyz,16,10000,40.0,10000,all,21
0.50281,0.524954,0.0,0.9578172563691294,0.0421827436308706,snapshot_22.xyz,16,10000,40.0,10000,all,22
0.503563,0.521959,0.0,0.9647558524711711,0.03524414752882887,snapshot_23.xyz,16,10000,40.0,10000,all,23
0.503939,0.523457,0.0,0.9627132696668496,0.03728673033315044,snapshot_24.xyz,16,10000,40.0,10000,all,24
0.511082,0.517087,0.0,0.9883868672002972,0.011613132799702774,snapshot_25.xyz,16,10000,40.0,10000,all,25
0.509204,0.521584,0.0,0.9762646093438448,0.023735390656155153,snapshot_26.xyz,16,10000,40.0,10000,all,26
0.503563,0.52121,0.0,0.9661422459277451,0.033857754072254886,snapshot_27.xyz,16,10000,40.0,10000,all,27
0.505068,0.521584,0.0,0.9683349182490258,0.031665081750974156,snapshot_28.xyz,16,10000,40.0,10000,all,28
0.507324,0.52121,0.0,0.9733581473878092,0.026641852612190764,snapshot_29.xyz,16,10000,40.0,10000,all,29
0.509955,0.525328,0.0,0.9707363780342948,0.0292636219657052,snapshot_30.xyz,16,10000,40.0,10000,all,30
0.508828,0.521959,0.0,0.974842851641604,0.025157148358395998,snapshot_31.xyz,16,10000,40.0,10000,all,31
0.510331,0.519336,0.0,0.9826605511653341,0.01733944883466587,snapshot_32.xyz,16,10000,40.0,10000,all,32
0.509579,0.523082,0.0,0.9741856917271097,0.02581430827289033,snapshot_33.xyz,16,10000,40.0,10000,all,33
0.512959,0.519336,0.0,0.987720858942958,0.012279141057041976,snapshot_34.xyz,16,10000,40.0,10000,all,34
0.509204,0.522333,0.0,0.9748646935958477,0.02513530640415229,snapshot_35.xyz,16,10000,40.0,10000,all,35
0.509204,0.524205,0.0,0.9713833328564206,0.028616667143579355,snapshot_36.xyz,16,10000,40.0,10000,all,36
0.515586,0.526077,0.0,0.9800580523383459,0.019941947661654136,snapshot_37.xyz,16,10000,40.0,10000,all,37
0.508828,0.521584,0.0,0.9755437283352248,0.024456271664775153,snapshot_38.xyz,16,10000,40.0,10000,all,38
0.513335,0.519336,0.0,0.9884448603601521,0.011555139639847889,snapshot_39.xyz,16,10000,40.0,10000,all,39
0.511082,0.523831,0.0,0.9756619978580878,0.024338002141912174,snapshot_40.xyz,16,10000,40.0,10000,all,40
0.516337,0.52046,0.0,0.9920781616262537,0.00792183837374627,snapshot_41.xyz,16,10000,40.0,10000,all,41
0.508828,0.520086,0.0,0.9783535799848485,0.02164642001515149,snapshot_42.xyz,16,10000,40.0,10000,all,42
0.517462,0.526077,0.0,0.9836240702406681,0.016375929759331886,snapshot_43.xyz,16,10000,40.0,10000,all,43
0.508828,0.520835,0.0,0.9769466337707717,0.023053366229228267,snapshot_44.xyz,16,10000,40.0,10000,all,44
0.510706,0.521584,0.0,0.9791442989048743,0.02085570109512569,snapshot_45.xyz,16,10000,40.0,10000,all,45
0.514836,0.524205,0.0,0.9821272212207055,0.017872778779294496,snapshot_46.xyz,16,10000,40.0,10000,all,46
0.511833,0.524954,0.0,0.9750054290471164,0.0249945709528836,snapshot_47.xyz,16,10000,40.0,10000,all,47
0.513335,0.519336,0.0,0.9884448603601521,0.011555139639847889,snapshot_48.xyz,16,10000,40.0,10000,all,48
0.51371,0.52458,0.0,0.9792786610240573,0.02072133897594275,snapshot_49.xyz,16,10000,40.0,10000,all,49
0.514086,0.523082,0.0,0.9828019316283106,0.017198068371689357,snapshot_50.xyz,16,10000,40.0,10000,all,50
0.514086,0.522333,0.0,0.9842112215770399,0.015788778422960115,snapshot_51.xyz,16,10000,40.0,10000,all,51
0.511833,0.526825,0.0,0.9715427324063968,0.02845726759360323,snapshot_52.xyz,16,10000,40.0,10000,all,52
0.51371,0.520835,0.0,0.9863200437758598,0.0136799562241402,snapshot_53.xyz,16,10000,40.0,10000,all,53
0.515962,0.527199,0.0,0.9786854679162897,0.021314532083710258,snapshot_54.xyz,16,10000,40.0,10000,all,54
0.510331,0.525328,0.0,0.9714521213413333,0.028547878658666703,snapshot_55.xyz,16,10000,40.0,10000,all,55
0.50582,0.520835,0.0,0.9711712922518648,0.028828707748135174,snapshot_56.xyz,16,10000,40.0,10000,all,56
0.511458,0.518212,0.0,0.9869667240434417,0.013033275956558343,snapshot_57.xyz,16,10000,40.0,10000,all,57
0.513335,0.523082,0.0,0.9813662102691355,0.018633789730864492,snapshot_58.xyz,16,10000,40.0,10000,all,58
0.514461,0.525328,0.0,0.9793138762830078,0.02068612371699219,snapshot_59.xyz,16,10000,40.0,10000,all,59
0.510331,0.523457,0.0,0.9749243968463503,0.02507560315364965,snapshot_60.xyz,16,10000,40.0,10000,all,60
0.515586,0.526077,0.0,0.9800580523383459,0.019941947661654136,snapshot_61.xyz,16,10000,40.0,10000,all,61
0.513335,0.524205,0.0,0.9792638376207781,0.020736162379221934,snapshot_62.xyz,16,10000,40.0,10000,all,62
0.511458,0.520835,0.0,0.9819962176121035,0.01800378238789646,snapshot_63.xyz,16,10000,40.0,10000,all,63
0.508076,0.526451,0.0,0.9650964667177002,0.03490353328229978,snapshot_64.xyz,16,10000,40.0,10000,all,64
0.513335,0.523082,0.0,0.9813662102691355,0.018633789730864492,snapshot_65.xyz,16,10000,40.0,10000,all,65
0.516712,0.521584,0.0,0.990659222675542,0.009340777324458038,snapshot_66.xyz,16,10000,40.0,10000,all,66
0.515962,0.529069,0.0,0.9752262937348437,0.024773706265156292,snapshot_67.xyz,16,10000,40.0,10000,all,67
0.509955,0.523831,0.0,0.9735105406132895,0.026489459386710545,snapshot_68.xyz,16,10000,40.0,10000,all,68
0.51371,0.52121,0.0,0.9856104065539802,0.014389593446019755,snapshot_69.xyz,16,10000,40.0,10000,all,69
0.51371,0.518212,0.0,0.9913124358370705,0.008687564162929484,snapshot_70.xyz,16,10000,40.0,10000,all,70
0.511833,0.52458,0.0,0.9757005604483586,0.024299439551641377,snapshot_71.xyz,16,10000,40.0,10000,all,71
0.515586,0.518961,0.0,0.9934966211333799,0.006503378866620113,snapshot_72.xyz,16,10000,40.0,10000,all,72
0.511458,0.519711,0.0,0.9841200205498825,0.015879979450117543,snapshot_73.xyz,16,10000,40.0,10000,all,73
0.511458,0.522333,0.0,0.9791799484237066,0.020820051576293408,snapshot_74.xyz,16,10000,40.0,10000,all,74
0.517087,0.517837,0.0,0.9985516678028028,0.0014483321971971996,snapshot_75.xyz,16,10000,40.0,10000,all,75
0.510706,0.519711,0.0,0.9826730625289823,0.017326937471017656,snapshot_76.xyz,16,10000,40.0,10000,all,76
0.516712,0.523082,0.0,0.9878221770200464,0.012177822979953623,snapshot_77.xyz,16,10000,40.0,10000,all,77
0.515962,0.52121,0.0,0.9899311218127052,0.01006887818729485,snapshot_78.xyz,16,10000,40.0,10000,all,78
0.515962,0.52121,0.0,0.9899311218127052,0.01006887818729485,snapshot_79.xyz,16,10000,40.0,10000,all,79
0.518212,0.526825,0.0,0.9836511175437764,0.016348882456223568,snapshot_80.xyz,16,10000,40.0,10000,all,80
0.518212,0.523082,0.0,0.9906897962460952,0.009310203753904789,snapshot_81.xyz,16,10000,40.0,10000,all,81
0.510706,0.522708,0.0,0.9770388056046589,0.022961194395341056,snapshot_82.xyz,16,10000,40.0,10000,all,82
0.518961,0.529069,0.0,0.980894741517647,0.019105258482353005,snapshot_83.xyz,16,10000,40.0,10000,all,83
0.509955,0.520086,0.0,0.9805205292970778,0.01947947070292222,snapshot_84.xyz,16,10000,40.0,10000,all,84
0.515962,0.522333,0.0,0.9878028001294193,0.012197199870580655,snapshot_85.xyz,16,10000,40.0,10000,all,85
0.515586,0.523457,0.0,0.984963425840136,0.015036574159864036,snapshot_86.xyz,16,10000,40.0,10000,all,86
0.517837,0.522333,0.0,0.9913924641942974,0.008607535805702615,snapshot_87.xyz,16,10000,40.0,10000,all,87
0.517087,0.526825,0.0,0.98151568357614,0.018484316423859948,snapshot_88.xyz,16,10000,40.0,10000,all,88
0.513335,0.52046,0.0,0.9863101871421434,0.013689812857856642,snapshot_89.xyz,16,10000,40.0,10000,all,89
0.512209,0.518586,0.0,0.987703100353654,0.012296899646345949,snapshot_90.xyz,16,10000,40.0,10000,all,90
0.514836,0.523082,0.0,0.9842357412413348,0.01576425875866516,snapshot_91.xyz,16,10000,40.0,10000,all,91
0.521959,0.528695,0.0,0.9872591948098619,0.012740805190138094,snapshot_92.xyz,16,10000,40.0,10000,all,92
0.509955,0.518586,0.0,0.9833566660110378,0.016643333988962228,snapshot_93.xyz,16,10000,40.0,10000,all,93
0.514836,0.520086,0.0,0.9899055156262616,0.010094484373738388,snapshot_94.xyz,16,10000,40.0,10000,all,94
0.512959,0.520835,0.0,0.9848781283899891,0.015121871610010884,snapshot_95.xyz,16,10000,40.0,10000,all,95
0.515962,0.523831,0.0,0.9849779795392025,0.01502202046079748,snapshot_96.xyz,16,10000,40.0,10000,all,96
0.516712,0.52046,0.0,0.9927986780924565,0.007201321907543523,snapshot_97.xyz,16,10000,40.0,10000,all,97
0.520835,0.516712,0.0,1.0079792998807848,-0.00797929988078483,snapshot_98.xyz,16,10000,40.0,10000,all,98
0.514086,0.518586,0.0,0.9913225578785391,0.008677442121460932,snapshot_99.xyz,16,10000,40.0,10000,all,99
0.518212,0.520835,0.0,0.9949638561156603,0.0050361438843397055,snapshot_100.xyz,16,10000,40.0,10000,all,100
0.516712,0.517462,0.0,0.9985506182096463,0.0014493817903536987,snapshot_101.xyz,16,10000,40.0,10000,all,101
0.519711,0.52121,0.0,0.9971239999232556,0.0028760000767443783,snapshot_102.xyz,16,10000,40.0,10000,all,102
0.511458,0.522708,0.0,0.9784774673431438,0.02152253265685622,snapshot_103.xyz,16,10000,40.0,10000,all,103
0.514836,0.521959,0.0,0.9863533342657183,0.013646665734281749,snapshot_104.xyz,16,10000,40.0,10000,all,104
0.517087,0.520835,0.0,0.9928038630276381,0.007196136972361877,snapshot_105.xyz,16,10000,40.0,10000,all,105
0.512959,0.521584,0.0,0.9834638332464186,0.016536166753581383,snapshot_106.xyz,16,10000,40.0,10000,all,106
0.517837,0.525702,0.0,0.9850390525430757,0.014960947456924334,snapshot_107.xyz,16,10000,40.0,10000,all,107
0.517837,0.523831,0.0,0.9885573782384012,0.011442621761598826,snapshot_108.xyz,16,10000,40.0,10000,all,108
0.513335,0.524954,0.0,0.9778666321239574,0.022133367876042587,snapshot_109.xyz,16,10000,40.0,10000,all,109
0.518586,0.524954,0.0,0.9878694133200242,0.012130586679975797,snapshot_110.xyz,16,10000,40.0,10000,all,110
0.520086,0.523831,0.0,0.9928507476648003,0.007149252335199696,snapshot_111.xyz,16,10000,40.0,10000,all,111
0.52046,0.522333,0.0,0.9964141649101244,0.003585835089875644,snapshot_112.xyz,16,10000,40.0,10000,all,112
0.52121,0.523082,0.0,0.996421211205891,0.003578788794109,snapshot_113.xyz,16,10000,40.0,10000,all,113
0.522708,0.522333,0.0,1.0007179328129754,-0.0007179328129753859,snapshot_114.xyz,16,10000,40.0,10000,all,114
0.517462,0.519711,0.0,0.9956725949614303,0.004327405038569654,snapshot_115.xyz,16,10000,40.0,10000,all,115
0.518586,0.527573,0.0,0.9829653905715419,0.017034609428458136,snapshot_116.xyz,16,10000,40.0,10000,all,116
0.520835,0.524205,0.0,0.9935712173672514,0.0064287826327485975,snapshot_117.xyz,16,10000,40.0,10000,all,117
0.514461,0.522333,0.0,0.9849291543900154,0.015070845609984618,snapshot_118.xyz,16,10000,40.0,10000,all,118
0.523831,0.524954,0.0,0.9978607649432141,0.0021392350567859264,snapshot_119.xyz,16,10000,40.0,10000,all,119
0.52046,0.528695,0.0,0.984423911707128,0.015576088292872048,snapshot_120.xyz,16,10000,40.0,10000,all,120
0.521584,0.530938,0.0,0.9823821237131266,0.01761787628687339,snapshot_121.xyz,16,10000,40.0,10000,all,121
0.512959,0.523831,0.0,0.9792452145825657,0.02075478541743425,snapshot_122.xyz,16,10000,40.0,10000,all,122
0.518961,0.528695,0.0,0.9815886286043938,0.018411371395606224,snapshot_123.xyz,16,10000,40.0,10000,all,123
0.519711,0.525328,0.0,0.9893076325647976,0.01069236743520241,snapshot_124.xyz,16,10000,40.0,10000,all,124
0.525328,0.526451,0.0,0.9978668480067471,0.002133151993252924,snapshot_125.xyz,16,10000,40.0,10000,all,125
0.517837,0.529443,0.0,0.9780788489034702,0.021921151096529812,snapshot_126.xyz,16,10000,40.0,10000,all,126
0.521584,0.527199,0.0,0.9893493728174751,0.010650627182524852,snapshot_127.xyz,16,10000,40.0,10000,all,127
0.517462,0.526077,0.0,0.9836240702406681,0.016375929759331886,snapshot_128.xyz,16,10000,40.0,10000,all,128
0.521584,0.527947,0.0,0.9879476538364647,0.012052346163535343,snapshot_129.xyz,16,10000,40.0,10000,all,129
0.515211,0.527199,0.0,0.9772609583857329,0.022739041614267097,snapshot_130.xyz,16,10000,40.0,10000,all,130
0.525328,0.526077,0.0,0.9985762540464609,0.0014237459535391128,snapshot_131.xyz,16,10000,40.0,10000,all,131
0.512209,0.525702,0.0,0.9743333675732639,0.025666632426736058,snapshot_132.xyz,16,10000,40.0,10000,all,132
0.523082,0.534673,0.0,0.9783213291114384,0.02167867088856157,snapshot_133.xyz,16,10000,40.0,10000,all,133
0.518586,0.527573,0.0,0.9829653905715419,0.017034609428458136,snapshot_134.xyz,16,10000,40.0,10000,all,134
0.523082,0.531311,0.0,0.9845118960458189,0.015488103954181098,snapshot_135.xyz,16,10000,40.0,10000,all,135
0.519711,0.53019,0.0,0.9802353873139817,0.019764612686018257,snapshot_136.xyz,16,10000,40.0,10000,all,136
0.517837,0.522708,0.0,0.9906812216380848,0.009318778361915192,snapshot_137.xyz,16,10000,40.0,10000,all,137
0.520086,0.526451,0.0,0.987909606022213,0.012090393977786995,snapshot_138.xyz,16,10000,40.0,10000,all,138
0.516337,0.526451,0.0,0.9807883354766161,0.019211664523383853,snapshot_139.xyz,16,10000,40.0,10000,all,139
0.524954,0.527947,0.0,0.9943308703335751,0.005669129666424855,snapshot_140.xyz,16,10000,40.0,10000,all,140
0.520086,0.531685,0.0,0.9781844513198606,0.02181554868013935,snapshot_141.xyz,16,10000,40.0,10000,all,141
0.523831,0.526077,0.0,0.995730663001804,0.004269336998195983,snapshot_142.xyz,16,10000,40.0,10000,all,142
0.525328,0.525702,0.0,0.9992885703307197,0.0007114296692802835,snapshot_143.xyz,16,10000,40.0,10000,all,143
0.514086,0.523831,0.0,0.9813966718273641,0.01860332817263588,snapshot_144.xyz,16,10000,40.0,10000,all,144
0.523457,0.532059,0.0,0.9838326200665716,0.016167379933428427,snapshot_145.xyz,16,10000,40.0,10000,all,145
0.521959,0.5343,0.0,0.9769024892382556,0.023097510761744378,snapshot_146.xyz,16,10000,40.0,10000,all,146
0.516712,0.530938,0.0,0.9732059110479941,0.026794088952005857,snapshot_147.xyz,16,10000,40.0,10000,all,147
0.522333,0.528321,0.0,0.9886659814771701,0.011334018522829892,snapshot_148.xyz,16,10000,40.0,10000,all,148
0.518212,0.530938,0.0,0.9760310996764217,0.023968900323578346,snapshot_149.xyz,16,10000,40.0,10000,all,149
0.517087,0.529069,0.0,0.9773526704456318,0.022647329554368212,snapshot_150.xyz,16,10000,40.0,10000,all,150
0.52458,0.531311,0.0,0.9873313370135384,0.012668662986461632,snapshot_151.xyz,16,10000,40.0,10000,all,151
0.509204,0.526825,0.0,0.9665524604944716,0.03344753950552837,snapshot_152.xyz,16,10000,40.0,10000,all,152
0.516712,0.533553,0.0,0.9684361253708627,0.031563874629137345,snapshot_153.xyz,16,10000,40.0,10000,all,153
0.515211,0.530564,0.0,0.9710628689470072,0.02893713105299278,snapshot_154.xyz,16,10000,40.0,10000,all,154
0.505444,0.530938,0.0,0.9519830940712475,0.04801690592875252,snapshot_155.xyz,16,10000,40.0,10000,all,155
0.506196,0.527199,0.0,0.9601611535681972,0.0398388464318028,snapshot_156.xyz,16,10000,40.0,10000,all,156
0.496784,0.526451,0.0,0.9436471770402184,0.05635282295978161,snapshot_157.xyz,16,10000,40.0,10000,all,157
0.498668,0.523082,0.0,0.9533266294768314,0.046673370523168556,snapshot_158.xyz,16,10000,40.0,10000,all,158
0.485457,0.525328,0.0,0.9241026558645266,0.07589734413547344,snapshot_159.xyz,16,10000,40.0,10000,all,159
0.478266,0.514461,0.0,0.9296448127263293,0.07035518727367074,snapshot_160.xyz,16,10000,40.0,10000,all,160
0.48016,0.518961,0.0,0.9252333026951929,0.07476669730480712,snapshot_161.xyz,16,10000,40.0,10000,all,161
0.467643,0.512209,0.0,0.9129925479638193,0.08700745203618065,snapshot_162.xyz,16,10000,40.0,10000,all,162
0.462701,0.511458,0.0,0.9046705692354016,0.09532943076459843,snapshot_163.xyz,16,10000,40.0,10000,all,163
0.452795,0.502434,0.0,0.9012029440682755,0.0987970559317245,snapshot_164.xyz,16,10000,40.0,10000,all,164
0.439033,0.496784,0.0,0.8837502818126187,0.11624971818738128,snapshot_165.xyz,16,10000,40.0,10000,all,165
0.427137,0.488481,0.0,0.8744188617366898,0.1255811382633102,snapshot_166.xyz,16,10000,40.0,10000,all,166
0.411339,0.477888,0.0,0.8607435214945762,0.13925647850542378,snapshot_167.xyz,16,10000,40.0,10000,all,167
0.417128,0.481674,0.0,0.8659965038594568,0.1340034961405432,snapshot_168.xyz,16,10000,40.0,10000,all,168
0.379118,0.462701,0.0,0.8193585058169315,0.18064149418306852,snapshot_169.xyz,16,10000,40.0,10000,all,169
0.379118,0.458894,0.0,0.8261559314351462,0.1738440685648538,snapshot_170.xyz,16,10000,40.0,10000,all,170
0.37404,0.453176,0.0,0.8253746888626052,0.17462531113739477,snapshot_171.xyz,16,10000,40.0,10000,all,171
0.363859,0.452413,0.0,0.8042629190584709,0.19573708094152908,snapshot_172.xyz,16,10000,40.0,10000,all,172
0.351674,0.433282,0.0,0.8116515341048093,0.18834846589519072,snapshot_173.xyz,16,10000,40.0,10000,all,173
0.338248,0.426753,0.0,0.7926083706500013,0.20739162934999866,snapshot_174.xyz,16,10000,40.0,10000,all,174
0.335476,0.423291,0.0,0.7925422463506193,0.20745775364938068,snapshot_175.xyz,16,10000,40.0,10000,all,175
0.332701,0.425599,0.0,0.7817241111938703,0.2182758888061297,snapshot_176.xyz,16,10000,40.0,10000,all,176
0.331114,0.424445,0.0,0.7801104972375691,0.2198895027624309,snapshot_177.xyz,16,10000,40.0,10000,all,177
0.319181,0.412498,0.0,0.7737758728527169,0.22622412714728313,snapshot_178.xyz,16,10000,40.0,10000,all,178
0.323563,0.412112,0.0,0.7851336529875373,0.21486634701246266,snapshot_179.xyz,16,10000,40.0,10000,all,179
0.313993,0.397404,0.0,0.790110315950519,0.20988968404948105,snapshot_180.xyz,16,10000,40.0,10000,all,180
0.313194,0.402444,0.0,0.7782300146107284,0.22176998538927162,snapshot_181.xyz,16,10000,40.0,10000,all,181
0.299973,0.393523,0.0,0.7622756484373213,0.23772435156267868,snapshot_182.xyz,16,10000,40.0,10000,all,182
0.302784,0.386523,0.0,0.7833531251697828,0.21664687483021716,snapshot_183.xyz,16,10000,40.0,10000,all,183
0.300375,0.385745,0.0,0.7786879933634914,0.22131200663650863,snapshot_184.xyz,16,10000,40.0,10000,all,184
0.299572,0.388469,0.0,0.7711606331521949,0.22883936684780515,snapshot_185.xyz,16,10000,40.0,10000,all,185
0.292329,0.374431,0.0,0.7807286255678616,0.2192713744321384,snapshot_186.xyz,16,10000,40.0,10000,all,186
0.289507,0.378728,0.0,0.7644193194060117,0.2355806805939883,snapshot_187.xyz,16,10000,40.0,10000,all,187
0.295551,0.375994,0.0,0.7860524370069736,0.21394756299302642,snapshot_188.xyz,16,10000,40.0,10000,all,188
0.292329,0.375213,0.0,0.7791014703648328,0.2208985296351672,snapshot_189.xyz,16,10000,40.0,10000,all,189
0.282639,0.366212,0.0,0.7717906567780412,0.22820934322195885,snapshot_190.xyz,16,10000,40.0,10000,all,190
0.276562,0.367779,0.0,0.7519787698590729,0.24802123014092714,snapshot_191.xyz,16,10000,40.0,10000,all,191
0.278994,0.364252,0.0,0.7659367690499984,0.2340632309500016,snapshot_192.xyz,16,10000,40.0,10000,all,192
0.276562,0.360327,0.0,0.7675306041456788,0.23246939585432125,snapshot_193.xyz,16,10000,40.0,10000,all,193
0.266397,0.356397,0.0,0.747472621823416,0.252527378176584,snapshot_194.xyz,16,10000,40.0,10000,all,194
0.274126,0.348521,0.0,0.7865408397198446,0.21345916028015544,snapshot_195.xyz,16,10000,40.0,10000,all,195
0.268841,0.348521,0.0,0.7713767606543077,0.2286232393456923,snapshot_196.xyz,16,10000,40.0,10000,all,196
0.261093,0.337061,0.0,0.7746164640821691,0.2253835359178309,snapshot_197.xyz,16,10000,40.0,10000,all,197
0.263135,0.336665,0.0,0.7815929781830604,0.2184070218169396,snapshot_198.xyz,16,10000,40.0,10000,all,198
0.263135,0.343784,0.0,0.76540793056105,0.23459206943894995,snapshot_199.xyz,16,10000,40.0,10000,all,199
0.264359,0.345364,0.0,0.7654503654115657,0.23454963458843425,snapshot_200.xyz,16,10000,40.0,10000,all,200
0.259868,0.343389,0.0,0.7567743870653981,0.24322561293460188,snapshot_201.xyz,16,10000,40.0,10000,all,201
0.261502,0.342994,0.0,0.7624098380729692,0.23759016192703075,snapshot_202.xyz,16,10000,40.0,10000,all,202
0.262727,0.340227,0.0,0.7722109062478874,0.22778909375211265,snapshot_203.xyz,16,10000,40.0,10000,all,203
0.259459,0.339831,0.0,0.7634942074148621,0.23650579258513793,snapshot_204.xyz,16,10000,40.0,10000,all,204
0.262319,0.342599,0.0,0.7656735717267127,0.2343264282732873,snapshot_205.xyz,16,10000,40.0,10000,all,205
0.259868,0.337457,0.0,0.7700773728208334,0.22992262717916656,snapshot_206.xyz,16,10000,40.0,10000,all,206
0.26191,0.336268,0.0,0.7788728038350362,0.2211271961649638,snapshot_207.xyz,16,10000,40.0,10000,all,207
0.258641,0.33508,0.0,0.7718783574071864,0.22812164259281364,snapshot_208.xyz,16,10000,40.0,10000,all,208
0.257005,0.333891,0.0,0.7697272463169118,0.2302727536830882,snapshot_209.xyz,16,10000,40.0,10000,all,209
0.262319,0.343784,0.0,0.7630343471482095,0.2369656528517905,snapshot_210.xyz,16,10000,40.0,10000,all,210
0.261093,0.340227,0.0,0.7674082303873591,0.23259176961264094,snapshot_211.xyz,16,10000,40.0,10000,all,211
0.260276,0.340622,0.0,0.7641197573850192,0.23588024261498075,snapshot_212.xyz,16,10000,40.0,10000,all,212
0.262727,0.344179,0.0,0.7633440738685393,0.2366559261314607,snapshot_213.xyz,16,10000,40.0,10000,all,213
0.260685,0.342204,0.0,0.7617824455587895,0.2382175544412105,snapshot_214.xyz,16,10000,40.0,10000,all,214
0.263135,0.342994,0.0,0.7671708543006583,0.23282914569934166,snapshot_215.xyz,16,10000,40.0,10000,all,215
0.263543,0.340622,0.0,0.7737110345192032,0.2262889654807968,snapshot_216.xyz,16,10000,40.0,10000,all,216
0.259868,0.343389,0.0,0.7567743870653981,0.24322561293460188,snapshot_217.xyz,16,10000,40.0,10000,all,217
0.26191,0.337061,0.0,0.7770403576800637,0.22295964231993626,snapshot_218.xyz,16,10000,40.0,10000,all,218
0.264767,0.337852,0.0,0.7836774682405313,0.2163225317594687,snapshot_219.xyz,16,10000,40.0,10000,all,219
0.254958,0.339436,0.0,0.7511224501820667,0.2488775498179333,snapshot_220.xyz,16,10000,40.0,10000,all,220
0.255367,0.340622,0.0,0.7497078873355215,0.2502921126644785,snapshot_221.xyz,16,10000,40.0,10000,all,221
0.259459,0.338644,0.0,0.7661703736076824,0.23382962639231764,snapshot_222.xyz,16,10000,40.0,10000,all,222
0.266397,0.33904,0.0,0.7857391458235016,0.21426085417649843,snapshot_223.xyz,16,10000,40.0,10000,all,223
0.25905,0.335872,0.0,0.7712759622713414,0.22872403772865857,snapshot_224.xyz,16,10000,40.0,10000,all,224
0.257005,0.339831,0.0,0.7562729709767502,0.24372702902324983,snapshot_225.xyz,16,10000,40.0,10000,all,225
0.26191,0.334287,0.0,0.7834884395743776,0.21651156042562236,snapshot_226.xyz,16,10000,40.0,10000,all,226
0.254958,0.334287,0.0,0.7626919383643397,0.23730806163566032,snapshot_227.xyz,16,10000,40.0,10000,all,227
0.261502,0.334287,0.0,0.7822679314481269,0.2177320685518731,snapshot_228.xyz,16,10000,40.0,10000,all,228
0.25905,0.339436,0.0,0.7631777419012715,0.23682225809872848,snapshot_229.xyz,16,10000,40.0,10000,all,229
0.253728,0.33508,0.0,0.7572161871791812,0.24278381282081885,snapshot_230.xyz,16,10000,40.0,10000,all,230
0.258641,0.336268,0.0,0.7691513911522952,0.23084860884770475,snapshot_231.xyz,16,10000,40.0,10000,all,231
0.25905,0.340227,0.0,0.761403415954642,0.238596584045358,snapshot_232.xyz,16,10000,40.0,10000,all,232
0.261093,0.339436,0.0,0.769196549570464,0.23080345042953598,snapshot_233.xyz,16,10000,40.0,10000,all,233
0.261502,0.338644,0.0,0.77220325769835,0.22779674230165003,snapshot_234.xyz,16,10000,40.0,10000,all,234
0.257414,0.336665,0.0,0.7645998247516076,0.2354001752483924,snapshot_235.xyz,16,10000,40.0,10000,all,235
0.258641,0.340227,0.0,0.7602012773824535,0.23979872261754653,snapshot_236.xyz,16,10000,40.0,10000,all,236
0.257005,0.336665,0.0,0.7633849672523131,0.23661503274768692,snapshot_237.xyz,16,10000,40.0,10000,all,237
0.260685,0.337061,0.0,0.7734060006942364,0.22659399930576363,snapshot_238.xyz,16,10000,40.0,10000,all,238
0.263543,0.33904,0.0,0.7773212600283153,0.22267873997168475,snapshot_239.xyz,16,10000,40.0,10000,all,239
0.265174,0.339436,0.0,0.7812194345914989,0.2187805654085011,snapshot_240.xyz,16,10000,40.0,10000,all,240
0.262727,0.338644,0.0,0.7758206257899151,0.22417937421008494,snapshot_241.xyz,16,10000,40.0,10000,all,241
0.25905,0.339436,0.0,0.7631777419012715,0.23682225809872848,snapshot_242.xyz,16,10000,40.0,10000,all,242
0.258232,0.339831,0.0,0.7598835891958062,0.24011641080419377,snapshot_243.xyz,16,10000,40.0,10000,all,243
0.260685,0.33904,0.0,0.7688915762151959,0.23110842378480412,snapshot_244.xyz,16,10000,40.0,10000,all,244
0.264767,0.341018,0.0,0.7764018321613522,0.22359816783864783,snapshot_245.xyz,16,10000,40.0,10000,all,245
0.258641,0.337852,0.0,0.7655452683423511,0.23445473165764885,snapshot_246.xyz,16,10000,40.0,10000,all,246
0.261502,0.338248,0.0,0.7731073058820748,0.22689269411792523,snapshot_247.xyz,16,10000,40.0,10000,all,247
0.25905,0.334684,0.0,0.7740136965017749,0.22598630349822513,snapshot_248.xyz,16,10000,40.0,10000,all,248
0.261093,0.337457,0.0,0.7737074649510901,0.2262925350489099,snapshot_249.xyz,16,10000,40.0,10000,all,249
0.263951,0.338248,0.0,0.780347555639649,0.21965244436035103,snapshot_250.xyz,16,10000,40.0,10000,all,250
0.265582,0.338644,0.0,0.78425130815842,0.21574869184157996,snapshot_251.xyz,16,10000,40.0,10000,all,251
0.259868,0.338248,0.0,0.7682765308294506,0.23172346917054942,snapshot_252.xyz,16,10000,40.0,10000,all,252
0.259868,0.340227,0.0,0.7638076930990192,0.2361923069009808,snapshot_253.xyz,16,10000,40.0,10000,all,253
0.256186,0.339436,0.0,0.7547402161232162,0.24525978387678382,snapshot_254.xyz,16,10000,40.0,10000,all,254
0.264767,0.345759,0.0,0.7657559166934194,0.23424408330658064,snapshot_255.xyz,16,10000,40.0,10000,all,255
0.262319,0.335872,0.0,0.7810088366996952,0.21899116330030477,snapshot_256.xyz,16,10000,40.0,10000,all,256
0.260685,0.33904,0.0,0.7688915762151959,0.23110842378480412,snapshot_257.xyz,16,10000,40.0,10000,all,257
0.261093,0.332701,0.0,0.7847677043351238,0.21523229566487623,snapshot_258.xyz,16,10000,40.0,10000,all,258
0.262319,0.336268,0.0,0.7800890956023172,0.2199109043976828,snapshot_259.xyz,16,10000,40.0,10000,all,259
0.262727,0.334287,0.0,0.7859324472683652,0.2140675527316348,snapshot_260.xyz,16,10000,40.0,10000,all,260
0.263543,0.341413,0.0,0.7719184682481335,0.22808153175186652,snapshot_261.xyz,16,10000,40.0,10000,all,261
0.258232,0.338248,0.0,0.7634398429554647,0.23656015704453526,snapshot_262.xyz,16,10000,40.0,10000,all,262
0.264359,0.340622,0.0,0.7761066519484943,0.22389334805150574,snapshot_263.xyz,16,10000,40.0,10000,all,263
0.261502,0.339436,0.0,0.7704014895296905,0.22959851047030955,snapshot_264.xyz,16,10000,40.0,10000,all,264
0.262727,0.342204,0.0,0.7677496464097439,0.23225035359025614,snapshot_265.xyz,16,10000,40.0,10000,all,265
0.259868,0.334287,0.0,0.7773799160601519,0.2226200839398481,snapshot_266.xyz,16,10000,40.0,10000,all,266
0.258232,0.338248,0.0,0.7634398429554647,0.23656015704453526,snapshot_267.xyz,16,10000,40.0,10000,all,267
0.262319,0.340227,0.0,0.7710117068898119,0.2289882931101881,snapshot_268.xyz,16,10000,40.0,10000,all,268
0.261502,0.348521,0.0,0.7503192060162802,0.24968079398371978,snapshot_269.xyz,16,10000,40.0,10000,all,269
0.26191,0.338644,0.0,0.7734080627443568,0.2265919372556432,snapshot_270.xyz,16,10000,40.0,10000,all,270
0.260685,0.337457,0.0,0.772498422021176,0.22750157797882398,snapshot_271.xyz,16,10000,40.0,10000,all,271
0.262727,0.342599,0.0,0.7668644683726455,0.23313553162735445,snapshot_272.xyz,16,10000,40.0,10000,all,272
0.262727,0.336665,0.0,0.7803810909955,0.21961890900449998,snapshot_273.xyz,16,10000,40.0,10000,all,273
0.260276,0.338644,0.0,0.7685829366532406,0.23141706334675938,snapshot_274.xyz,16,10000,40.0,10000,all,274
0.260276,0.336268,0.0,0.7740135844029167,0.22598641559708332,snapshot_275.xyz,16,10000,40.0,10000,all,275
0.263951,0.340227,0.0,0.7758085043221143,0.22419149567788565,snapshot_276.xyz,16,10000,40.0,10000,all,276
0.267619,0.33904,0.0,0.7893434403020292,0.2106565596979708,snapshot_277.xyz,16,10000,40.0,10000,all,277
0.258641,0.335872,0.0,0.7700582364710366,0.22994176352896345,snapshot_278.xyz,16,10000,40.0,10000,all,278
0.263135,0.337457,0.0,0.7797586062816892,0.22024139371831075,snapshot_279.xyz,16,10000,40.0,10000,all,279
0.265174,0.345364,0.0,0.7678101944614958,0.2321898055385042,snapshot_280.xyz,16,10000,40.0,10000,all,280
0.260276,0.339436,0.0,0.766789615715481,0.233210384284519,snapshot_281.xyz,16,10000,40.0,10000,all,281
0.259868,0.338248,0.0,0.7682765308294506,0.23172346917054942,snapshot_282.xyz,16,10000,40.0,10000,all,282
0.260685,0.338644,0.0,0.7697906946527917,0.2302093053472083,snapshot_283.xyz,16,10000,40.0,10000,all,283
0.262319,0.332701,0.0,0.7884526947619634,0.21154730523803655,snapshot_284.xyz,16,10000,40.0,10000,all,284
0.258232,0.337061,0.0,0.7661283862564937,0.2338716137435063,snapshot_285.xyz,16,10000,40.0,10000,all,285
0.261502,0.341413,0.0,0.7659403713391113,0.2340596286608887,snapshot_286.xyz,16,10000,40.0,10000,all,286
0.258232,0.339436,0.0,0.7607678619828185,0.23923213801718146,snapshot_287.xyz,16,10000,40.0,10000,all,287
0.260685,0.339436,0.0,0.7679945556747074,0.23200544432529258,snapshot_288.xyz,16,10000,40.0,10000,all,288
0.256596,0.333494,0.0,0.7694171409380678,0.2305828590619322,snapshot_289.xyz,16,10000,40.0,10000,all,289
0.257414,0.337061,0.0,0.7637015258365696,0.23629847416343042,snapshot_290.xyz,16,10000,40.0,10000,all,290
0.262319,0.333494,0.0,0.786577869466917,0.213422130533083,snapshot_291.xyz,16,10000,40.0,10000,all,291
0.258232,0.332304,0.0,0.7770956714333864,0.22290432856661357,snapshot_292.xyz,16,10000,40.0,10000,all,292
0.256186,0.335872,0.0,0.7627489043445123,0.23725109565548774,snapshot_293.xyz,16,10000,40.0,10000,all,293
0.262727,0.336268,0.0,0.7813024135510961,0.2186975864489039,snapshot_294.xyz,16,10000,40.0,10000,all,294
0.257005,0.335872,0.0,0.765187333269817,0.23481266673018297,snapshot_295.xyz,16,10000,40.0,10000,all,295
0.257823,0.341413,0.0,0.755164566082721,0.24483543391727902,snapshot_296.xyz,16,10000,40.0,10000,all,296
0.264767,0.338644,0.0,0.78184465101995,0.21815534898004996,snapshot_297.xyz,16,10000,40.0,10000,all,297
0.261093,0.338644,0.0,0.7709954996987988,0.22900450030120123,snapshot_298.xyz,16,10000,40.0,10000,all,298
0.26191,0.344969,0.0,0.7592276407445305,0.24077235925546947,snapshot_299.xyz,16,10000,40.0,10000,all,299
0.25905,0.340227,0.0,0.761403415954642,0.238596584045358,snapshot_300.xyz,16,10000,40.0,10000,all,300
0.259868,0.333891,0.0,0.7783019009197613,0.22169809908023874,snapshot_301.xyz,16,10000,40.0,10000,all,301
0.261502,0.336665,0.0,0.7767424591210849,0.22325754087891514,snapshot_302.xyz,16,10000,40.0,10000,all,302
0.266397,0.335872,0.0,0.7931503668064024,0.20684963319359762,snapshot_303.xyz,16,10000,40.0,10000,all,303
0.26599,0.339436,0.0,0.7836234223830117,0.21637657761698825,snapshot_304.xyz,16,10000,40.0,10000,all,304
0.264767,0.341808,0.0,0.7746073819220146,0.22539261807798538,snapshot_305.xyz,16,10000,40.0,10000,all,305
0.269248,0.344574,0.0,0.7813938370277502,0.21860616297224977,snapshot_306.xyz,16,10000,40.0,10000,all,306
0.26191,0.347732,0.0,0.7531949892445906,0.2468050107554094,snapshot_307.xyz,16,10000,40.0,10000,all,307
0.263951,0.342994,0.0,0.7695499046630553,0.23045009533694472,snapshot_308.xyz,16,10000,40.0,10000,all,308
0.27575,0.352068,0.0,0.7832293761432451,0.21677062385675494,snapshot_309.xyz,16,10000,40.0,10000,all,309
0.271688,0.35679,0.0,0.7614787409961041,0.23852125900389587,snapshot_310.xyz,16,10000,40.0,10000,all,310
0.266805,0.352855,0.0,0.7561321222598518,0.24386787774014818,snapshot_311.xyz,16,10000,40.0,10000,all,311
0.278589,0.363075,0.0,0.767304275976038,0.232695724023962,snapshot_312.xyz,16,10000,40.0,10000,all,312
0.28021,0.365036,0.0,0.7676229193832936,0.23237708061670637,snapshot_313.xyz,16,10000,40.0,10000,all,313
0.274938,0.36072,0.0,0.7621922821024618,0.23780771789753818,snapshot_314.xyz,16,10000,40.0,10000,all,314
0.278589,0.367779,0.0,0.7574902319055736,0.24250976809442637,snapshot_315.xyz,16,10000,40.0,10000,all,315
0.282639,0.37052,0.0,0.7628171218827593,0.2371828781172407,snapshot_316.xyz,16,10000,40.0,10000,all,316
0.283043,0.368563,0.0,0.7679636859912689,0.23203631400873115,snapshot_317.xyz,16,10000,40.0,10000,all,317
0.287489,0.376385,0.0,0.7638163051131155,0.2361836948868845,snapshot_318.xyz,16,10000,40.0,10000,all,318
0.290717,0.376775,0.0,0.7715931258708778,0.2284068741291222,snapshot_319.xyz,16,10000,40.0,10000,all,319
0.289507,0.374431,0.0,0.7731918564435103,0.2268081435564897,snapshot_320.xyz,16,10000,40.0,10000,all,320
0.291926,0.377947,0.0,0.7723993046644108,0.22760069533558924,snapshot_321.xyz,16,10000,40.0,10000,all,321
0.2887,0.386523,0.0,0.7469154487572538,0.2530845512427462,snapshot_322.xyz,16,10000,40.0,10000,all,322
0.298768,0.389636,0.0,0.7667874631707542,0.2332125368292458,snapshot_323.xyz,16,10000,40.0,10000,all,323
0.290717,0.385745,0.0,0.7536507278124149,0.24634927218758507,snapshot_324.xyz,16,10000,40.0,10000,all,324
0.300777,0.391191,0.0,0.7688750508063836,0.23112494919361637,snapshot_325.xyz,16,10000,40.0,10000,all,325
0.296355,0.391191,0.0,0.7575711097647951,0.24242889023520486,snapshot_326.xyz,16,10000,40.0,10000,all,326
0.301178,0.39624,0.0,0.7600898445386635,0.23991015546133654,snapshot_327.xyz,16,10000,40.0,10000,all,327
0.304388,0.397016,0.0,0.766689503697584,0.23331049630241596,snapshot_328.xyz,16,10000,40.0,10000,all,328
0.310396,0.405928,0.0,0.7646577718216038,0.23534222817839623,snapshot_329.xyz,16,10000,40.0,10000,all,329
0.308795,0.401281,0.0,0.7695231022649963,0.23047689773500368,snapshot_330.xyz,16,10000,40.0,10000,all,330
0.310396,0.41327,0.0,0.7510731483049822,0.24892685169501783,snapshot_331.xyz,16,10000,40.0,10000,all,331
0.317586,0.414814,0.0,0.765610611020843,0.23438938897915695,snapshot_332.xyz,16,10000,40.0,10000,all,332
0.316788,0.417513,0.0,0.7587500269452687,0.24124997305473128,snapshot_333.xyz,16,10000,40.0,10000,all,333
0.31958,0.422136,0.0,0.757054598518013,0.24294540148198696,snapshot_334.xyz,16,10000,40.0,10000,all,334
0.327142,0.426368,0.0,0.7672761558090663,0.23272384419093373,snapshot_335.xyz,16,10000,40.0,10000,all,335
0.324757,0.428675,0.0,0.7575832507144108,0.2424167492855892,snapshot_336.xyz,16,10000,40.0,10000,all,336
0.335872,0.438649,0.0,0.7656964908161195,0.23430350918388054,snapshot_337.xyz,16,10000,40.0,10000,all,337
0.35443,0.439033,0.0,0.8072969457876743,0.1927030542123257,snapshot_338.xyz,16,10000,40.0,10000,all,338
0.35443,0.447067,0.0,0.7927894476666809,0.2072105523333191,snapshot_339.xyz,16,10000,40.0,10000,all,339
0.356004,0.45165,0.0,0.7882298239787446,0.21177017602125536,snapshot_340.xyz,16,10000,40.0,10000,all,340
0.361897,0.458894,0.0,0.7886287465079082,0.21137125349209185,snapshot_341.xyz,16,10000,40.0,10000,all,341
0.378728,0.461559,0.0,0.8205408192668759,0.17945918073312406,snapshot_342.xyz,16,10000,40.0,10000,all,342
0.392746,0.473717,0.0,0.8290730541652506,0.17092694583474943,snapshot_343.xyz,16,10000,40.0,10000,all,343
0.397016,0.474855,0.0,0.8360783818218191,0.16392161817818085,snapshot_344.xyz,16,10000,40.0,10000,all,344
0.412112,0.481296,0.0,0.8562547787640038,0.1437452212359962,snapshot_345.xyz,16,10000,40.0,10000,all,345
0.424445,0.496784,0.0,0.8543854069374215,0.1456145930625785,snapshot_346.xyz,16,10000,40.0,10000,all,346
0.435583,0.500175,0.0,0.8708611985804967,0.1291388014195033,snapshot_347.xyz,16,10000,40.0,10000,all,347
0.448213,0.507324,0.0,0.8834847158817639,0.11651528411823608,snapshot_348.xyz,16,10000,40.0,10000,all,348
0.45737,0.511458,0.0,0.8942474259861025,0.10575257401389748,snapshot_349.xyz,16,10000,40.0,10000,all,349
0.479781,0.521959,0.0,0.9191928867976221,0.08080711320237788,snapshot_350.xyz,16,10000,40.0,10000,all,350
0.49037,0.523457,0.0,0.9367913696827056,0.0632086303172944,snapshot_351.xyz,16,10000,40.0,10000,all,351
0.496784,0.525328,0.0,0.9456644229890658,0.054335577010934166,snapshot_352.xyz,16,10000,40.0,10000,all,352
0.508076,0.532806,0.0,0.95358535752225,0.04641464247774996,snapshot_353.xyz,16,10000,40.0,10000,all,353
0.507324,0.525328,0.0,0.9657280784576493,0.0342719215423507,snapshot_354.xyz,16,10000,40.0,10000,all,354
0.511082,0.525702,0.0,0.9721895674735878,0.027810432526412243,snapshot_355.xyz,16,10000,40.0,10000,all,355
0.517837,0.529069,0.0,0.9787702549194907,0.021229745080509344,snapshot_356.xyz,16,10000,40.0,10000,all,356
0.514836,0.527573,0.0,0.9758573695014718,0.02414263049852816,snapshot_357.xyz,16,10000,40.0,10000,all,357
0.509579,0.528695,0.0,0.9638430475037593,0.036156952496240735,snapshot_358.xyz,16,10000,40.0,10000,all,358
0.518961,0.533926,0.0,0.9719717713690661,0.028028228630933905,snapshot_359.xyz,16,10000,40.0,10000,all,359
0.510706,0.524205,0.0,0.974248624106981,0.025751375893019013,snapshot_360.xyz,16,10000,40.0,10000,all,360
0.517837,0.527947,0.0,0.9808503505086683,0.01914964949133169,snapshot_361.xyz,16,10000,40.0,10000,all,361
0.512959,0.522333,0.0,0.9820535941631106,0.017946405836889445,snapshot_362.xyz,16,10000,40.0,10000,all,362
0.518586,0.519336,0.0,0.9985558482369795,0.0014441517630204848,snapshot_363.xyz,16,10000,40.0,10000,all,363
0.519711,0.527947,0.0,0.9843999492373288,0.015600050762671236,snapshot_364.xyz,16,10000,40.0,10000,all,364
0.521959,0.527573,0.0,0.9893588185900339,0.01064118140996606,snapshot_365.xyz,16,10000,40.0,10000,all,365
0.522708,0.526825,0.0,0.9921852607602144,0.007814739239785595,snapshot_366.xyz,16,10000,40.0,10000,all,366
0.517837,0.528695,0.0,0.9794626391397686,0.02053736086023139,snapshot_367.xyz,16,10000,40.0,10000,all,367
0.520086,0.525702,0.0,0.989317141650593,0.010682858349406965,snapshot_368.xyz,16,10000,40.0,10000,all,368
0.518212,0.526451,0.0,0.9843499205054221,0.015650079494577862,snapshot_369.xyz,16,10000,40.0,10000,all,369
0.514461,0.52121,0.0,0.9870512845110416,0.012948715488958373,snapshot_370.xyz,16,10000,40.0,10000,all,370
0.515211,0.522333,0.0,0.9863650200159667,0.01363497998403329,snapshot_371.xyz,16,10000,40.0,10000,all,371
0.515962,0.523082,0.0,0.9863883674070222,0.013611632592977818,snapshot_372.xyz,16,10000,40.0,10000,all,372
0.516337,0.521959,0.0,0.9892290390624553,0.010770960937544705,snapshot_373.xyz,16,10000,40.0,10000,all,373
0.526077,0.526077,0.0,1.0,0.0,snapshot_374.xyz,16,10000,40.0,10000,all,374
0.516337,0.532059,0.0,0.9704506455111183,0.02954935448888174,snapshot_375.xyz,16,10000,40.0,10000,all,375
0.526451,0.527573,0.0,0.9978732800958352,0.0021267199041647977,snapshot_376.xyz,16,10000,40.0,10000,all,376
0.523082,0.526077,0.0,0.9943069170482649,0.005693082951735096,snapshot_377.xyz,16,10000,40.0,10000,all,377
0.520835,0.525702,0.0,0.9907419032075206,0.009258096792479353,snapshot_378.xyz,16,10000,40.0,10000,all,378
0.520835,0.526451,0.0,0.98933234052172,0.010667659478279967,snapshot_379.xyz,16,10000,40.0,10000,all,379
0.516337,0.524954,0.0,0.983585228420014,0.016414771579986054,snapshot_380.xyz,16,10000,40.0,10000,all,380
0.523457,0.525702,0.0,0.9957295197659509,0.004270480234049079,snapshot_381.xyz,16,10000,40.0,10000,all,381
0.515211,0.520086,0.0,0.9906265502243858,0.009373449775614162,snapshot_382.xyz,16,10000,40.0,10000,all,382
0.522333,0.528321,0.0,0.9886659814771701,0.011334018522829892,snapshot_383.xyz,16,10000,40.0,10000,all,383
0.523082,0.520835,0.0,1.0043142261944762,-0.0043142261944761895,snapshot_384.xyz,16,10000,40.0,10000,all,384
0.521959,0.521584,0.0,1.0007189637718947,-0.0007189637718947317,snapshot_385.xyz,16,10000,40.0,10000,all,385
0.519336,0.529816,0.0,0.9802195479185227,0.019780452081477273,snapshot_386.xyz,16,10000,40.0,10000,all,386
0.518586,0.523457,0.0,0.990694555617749,0.009305444382251005,snapshot_387.xyz,16,10000,40.0,10000,all,387
0.514836,0.522708,0.0,0.9849399664822425,0.015060033517757532,snapshot_388.xyz,16,10000,40.0,10000,all,388
0.520086,0.52458,0.0,0.9914331465172138,0.008566853482786185,snapshot_389.xyz,16,10000,40.0,10000,all,389
0.516712,0.52121,0.0,0.9913700811573071,0.00862991884269293,snapshot_390.xyz,16,10000,40.0,10000,all,390
0.516337,0.515211,0.0,1.0021855123434866,-0.0021855123434866286,snapshot_391.xyz,16,10000,40.0,10000,all,391
0.519336,0.52121,0.0,0.9964045202509546,0.003595479749045394,snapshot_392.xyz,16,10000,40.0,10000,all,392
0.517087,0.524205,0.0,0.9864213427952804,0.013578657204719624,snapshot_393.xyz,16,10000,40.0,10000,all,393
0.518212,0.52121,0.0,0.9942479998465111,0.005752000153488868,snapshot_394.xyz,16,10000,40.0,10000,all,394
0.515586,0.517087,0.0,0.9970972002777096,0.00290279972229035,snapshot_395.xyz,16,10000,40.0,10000,all,395
0.516712,0.521959,0.0,0.9899474862968164,0.010052513703183608,snapshot_396.xyz,16,10000,40.0,10000,all,396
0.518212,0.520835,0.0,0.9949638561156603,0.0050361438843397055,snapshot_397.xyz,16,10000,40.0,10000,all,397
0.52046,0.523082,0.0,0.9949874015928669,0.005012598407133084,snapshot_398.xyz,16,10000,40.0,10000,all,398
0.521959,0.525328,0.0,0.9935868638260286,0.006413136173971434,snapshot_399.xyz,16,10000,40.0,10000,all,399
0.521959,0.526451,0.0,0.9914673920269882,0.008532607973011808,snapshot_400.xyz,16,10000,40.0,10000,all,400
0.515211,0.520835,0.0,0.9892019545537453,0.010798045446254734,snapshot_401.xyz,16,10000,40.0,10000,all,401
0.516337,0.518212,0.0,0.9963817896922496,0.003618210307750447,snapshot_402.xyz,16,10000,40.0,10000,all,402
0.516712,0.52121,0.0,0.9913700811573071,0.00862991884269293,snapshot_403.xyz,16,10000,40.0,10000,all,403
0.517087,0.525328,0.0,0.9843126579965278,0.015687342003472216,snapshot_404.xyz,16,10000,40.0,10000,all,404
0.515211,0.521959,0.0,0.9870717815000796,0.01292821849992043,snapshot_405.xyz,16,10000,40.0,10000,all,405
0.517837,0.522333,0.0,0.9913924641942974,0.008607535805702615,snapshot_406.xyz,16,10000,40.0,10000,all,406
0.511458,0.518212,0.0,0.9869667240434417,0.013033275956558343,snapshot_407.xyz,16,10000,40.0,10000,all,407
0.518586,0.52458,0.0,0.9885737161157496,0.011426283884250377,snapshot_408.xyz,16,10000,40.0,10000,all,408
0.512959,0.524954,0.0,0.977150378890341,0.022849621109659046,snapshot_409.xyz,16,10000,40.0,10000,all,409
0.515211,0.518961,0.0,0.9927740234815332,0.007225976518466792,snapshot_410.xyz,16,10000,40.0,10000,all,410
0.519336,0.519711,0.0,0.9992784451358543,0.0007215548641457126,snapshot_411.xyz,16,10000,40.0,10000,all,411
0.521584,0.520086,0.0,1.0028802928746399,-0.002880292874639867,snapshot_412.xyz,16,10000,40.0,10000,all,412
0.512584,0.519711,0.0,0.9862866092886239,0.013713390711376117,snapshot_413.xyz,16,10000,40.0,10000,all,413
0.519711,0.526077,0.0,0.9878991098261282,0.012100890173871837,snapshot_414.xyz,16,10000,40.0,10000,all,414
0.514461,0.522333,0.0,0.9849291543900154,0.015070845609984618,snapshot_415.xyz,16,10000,40.0,10000,all,415
0.519336,0.522333,0.0,0.9942622809586987,0.00573771904130127,snapshot_416.xyz,16,10000,40.0,10000,all,416
0.516712,0.523082,0.0,0.9878221770200464,0.012177822979953623,snapshot_417.xyz,16,10000,40.0,10000,all,417
0.516712,0.524205,0.0,0.9857059738079567,0.014294026192043341,snapshot_418.xyz,16,10000,40.0,10000,all,418
0.515211,0.522708,0.0,0.9856573842374711,0.014342615762528932,snapshot_419.xyz,16,10000,40.0,10000,all,419
0.521959,0.523457,0.0,0.9971382558643785,0.002861744135621458,snapshot_420.xyz,16,10000,40.0,10000,all,420
0.516712,0.520086,0.0,0.9935126113758107,0.006487388624189294,snapshot_421.xyz,16,10000,40.0,10000,all,421
0.518586,0.523082,0.0,0.9914047893064566,0.00859521069354341,snapshot_422.xyz,16,10000,40.0,10000,all,422
0.516712,0.52458,0.0,0.9850013344008538,0.0149986655991462,snapshot_423.xyz,16,10000,40.0,10000,all,423
0.512959,0.520086,0.0,0.9862964971177843,0.013703502882215668,snapshot_424.xyz,16,10000,40.0,10000,all,424
0.520086,0.527573,0.0,0.9858085989995699,0.014191401000430148,snapshot_425.xyz,16,10000,40.0,10000,all,425
0.520835,0.52458,0.0,0.9928609554310115,0.007139044568988506,snapshot_426.xyz,16,10000,40.0,10000,all,426
0.516712,0.521959,0.0,0.9899474862968164,0.010052513703183608,snapshot_427.xyz,16,10000,40.0,10000,all,427
0.516712,0.518212,0.0,0.9971054317537995,0.0028945682462004907,snapshot_428.xyz,16,10000,40.0,10000,all,428
0.512584,0.525328,0.0,0.97574087046569,0.024259129534309976,snapshot_429.xyz,16,10000,40.0,10000,all,429
0.517462,0.518961,0.0,0.9971115363196849,0.0028884636803151453,snapshot_430.xyz,16,10000,40.0,10000,all,430
0.518212,0.520835,0.0,0.9949638561156603,0.0050361438843397055,snapshot_431.xyz,16,10000,40.0,10000,all,431
0.518586,0.520835,0.0,0.9956819338178117,0.004318066182188329,snapshot_432.xyz,16,10000,40.0,10000,all,432
0.514836,0.518961,0.0,0.9920514258296865,0.007948574170313472,snapshot_433.xyz,16,10000,40.0,10000,all,433
0.515962,0.521584,0.0,0.9892212951317525,0.010778704868247502,snapshot_434.xyz,16,10000,40.0,10000,all,434
0.514461,0.516337,0.0,0.9963667139871826,0.003633286012817427,snapshot_435.xyz,16,10000,40.0,10000,all,435
0.520835,0.521959,0.0,0.9978465741562078,0.0021534258437921894,snapshot_436.xyz,16,10000,40.0,10000,all,436
0.520086,0.527199,0.0,0.9865079410241675,0.0134920589758325,snapshot_437.xyz,16,10000,40.0,10000,all,437
0.518961,0.521959,0.0,0.9942562538436928,0.005743746156307239,snapshot_438.xyz,16,10000,40.0,10000,all,438
0.514461,0.516712,0.0,0.9956436080447135,0.004356391955286476,snapshot_439.xyz,16,10000,40.0,10000,all,439
0.523457,0.525328,0.0,0.9964384156184325,0.0035615843815675063,snapshot_440.xyz,16,10000,40.0,10000,all,440
0.517087,0.527947,0.0,0.9794297533653945,0.020570246634605494,snapshot_441.xyz,16,10000,40.0,10000,all,441
0.514086,0.521959,0.0,0.9849164397969957,0.015083560203004276,snapshot_442.xyz,16,10000,40.0,10000,all,442
0.515211,0.521959,0.0,0.9870717815000796,0.01292821849992043,snapshot_443.xyz,16,10000,40.0,10000,all,443
0.519336,0.523082,0.0,0.992838598919481,0.007161401080518992,snapshot_444.xyz,16,10000,40.0,10000,all,444
0.516712,0.523457,0.0,0.9871145098833333,0.012885490116666731,snapshot_445.xyz,16,10000,40.0,10000,all,445
0.52046,0.521584,0.0,0.9978450259210405,0.002154974078959482,snapshot_446.xyz,16,10000,40.0,10000,all,446
0.52121,0.526077,0.0,0.9907485025956275,0.009251497404372477,snapshot_447.xyz,16,10000,40.0,10000,all,447
0.516712,0.519711,0.0,0.994229485233139,0.005770514766860968,snapshot_448.xyz,16,10000,40.0,10000,all,448
0.512584,0.517087,0.0,0.9912916008331288,0.008708399166871161,snapshot_449.xyz,16,10000,40.0,10000,all,449
0.515586,0.521959,0.0,0.9877902287344409,0.01220977126555911,snapshot_450.xyz,16,10000,40.0,10000,all,450
0.519336,0.526451,0.0,0.9864849720106905,0.01351502798930948,snapshot_451.xyz,16,10000,40.0,10000,all,451
0.524954,0.522333,0.0,1.0050178717408242,-0.005017871740824242,snapshot_452.xyz,16,10000,40.0,10000,all,452
0.520086,0.527199,0.0,0.9865079410241675,0.0134920589758325,snapshot_453.xyz,16,10000,40.0,10000,all,453
0.51371,0.523457,0.0,0.9813795593525353,0.01862044064746471,snapshot_454.xyz,16,10000,40.0,10000,all,454
0.511833,0.523457,0.0,0.977793782488342,0.022206217511657966,snapshot_455.xyz,16,10000,40.0,10000,all,455
0.520086,0.527947,0.0,0.9851102478089656,0.014889752191034389,snapshot_456.xyz,16,10000,40.0,10000,all,456
0.518212,0.523082,0.0,0.9906897962460952,0.009310203753904789,snapshot_457.xyz,16,10000,40.0,10000,all,457
0.518586,0.523082,0.0,0.9914047893064566,0.00859521069354341,snapshot_458.xyz,16,10000,40.0,10000,all,458
0.518586,0.522333,0.0,0.9928264153327474,0.007173584667252597,snapshot_459.xyz,16,10000,40.0,10000,all,459
0.514836,0.516712,0.0,0.9963693508182508,0.003630649181749157,snapshot_460.xyz,16,10000,40.0,10000,all,460
0.512584,0.523831,0.0,0.978529334842726,0.021470665157274027,snapshot_461.xyz,16,10000,40.0,10000,all,461
0.511458,0.517462,0.0,0.9883972156409553,0.011602784359044716,snapshot_462.xyz,16,10000,40.0,10000,all,462
0.51371,0.519711,0.0,0.9884531980273652,0.011546801972634801,snapshot_463.xyz,16,10000,40.0,10000,all,463
0.515962,0.521584,0.0,0.9892212951317525,0.010778704868247502,snapshot_464.xyz,16,10000,40.0,10000,all,464
0.519711,0.521959,0.0,0.9956931483124155,0.00430685168758449,snapshot_465.xyz,16,10000,40.0,10000,all,465
0.517837,0.523831,0.0,0.9885573782384012,0.011442621761598826,snapshot_466.xyz,16,10000,40.0,10000,all,466
0.515586,0.520086,0.0,0.9913475848225101,0.008652415177489936,snapshot_467.xyz,16,10000,40.0,10000,all,467
0.522333,0.522708,0.0,0.9992825822447716,0.0007174177552283778,snapshot_468.xyz,16,10000,40.0,10000,all,468
0.521959,0.522708,0.0,0.9985670776035569,0.0014329223964431037,snapshot_469.xyz,16,10000,40.0,10000,all,469
0.511833,0.518586,0.0,0.9869780518563941,0.01302194814360591,snapshot_470.xyz,16,10000,40.0,10000,all,470
0.510331,0.523457,0.0,0.9749243968463503,0.02507560315364965,snapshot_471.xyz,16,10000,40.0,10000,all,471
0.512584,0.517087,0.0,0.9912916008331288,0.008708399166871161,snapshot_472.xyz,16,10000,40.0,10000,all,472
0.522708,0.525328,0.0,0.9950126397222305,0.00498736027776947,snapshot_473.xyz,16,10000,40.0,10000,all,473
0.52121,0.521584,0.0,0.99928295346483,0.0007170465351700184,snapshot_474.xyz,16,10000,40.0,10000,all,474
0.517462,0.523831,0.0,0.9878414984985614,0.012158501501438601,snapshot_475.xyz,16,10000,40.0,10000,all,475
0.508828,0.517462,0.0,0.9833147168294483,0.016685283170551735,snapshot_476.xyz,16,10000,40.0,10000,all,476
0.517462,0.521584,0.0,0.9920971502193318,0.007902849780668242,snapshot_477.xyz,16,10000,40.0,10000,all,477
0.523457,0.522708,0.0,1.001432922396443,-0.0014329223964431037,snapshot_478.xyz,16,10000,40.0,10000,all,478
0.514461,0.516337,0.0,0.9963667139871826,0.003633286012817427,snapshot_479.xyz,16,10000,40.0,10000,all,479
0.518586,0.520835,0.0,0.9956819338178117,0.004318066182188329,snapshot_480.xyz,16,10000,40.0,10000,all,480
0.517837,0.52121,0.0,0.9935285201742101,0.006471479825789883,snapshot_481.xyz,16,10000,40.0,10000,all,481
0.514461,0.523082,0.0,0.9835188364348226,0.01648116356517737,snapshot_482.xyz,16,10000,40.0,10000,all,482
0.518961,0.52458,0.0,0.9892885737161157,0.010711426283884329,snapshot_483.xyz,16,10000,40.0,10000,all,483
0.515962,0.524205,0.0,0.9842752358333094,0.015724764166690552,snapshot_484.xyz,16,10000,40.0,10000,all,484
0.519336,0.52046,0.0,0.9978403719786343,0.0021596280213657115,snapshot_485.xyz,16,10000,40.0,10000,all,485
0.509955,0.520086,0.0,0.9805205292970778,0.01947947070292222,snapshot_486.xyz,16,10000,40.0,10000,all,486
0.518961,0.52046,0.0,0.9971198555124312,0.002880144487568792,snapshot_487.xyz,16,10000,40.0,10000,all,487
0.516337,0.519711,0.0,0.9935079303689935,0.0064920696310064585,snapshot_488.xyz,16,10000,40.0,10000,all,488
0.520835,0.519336,0.0,1.002886377990357,-0.0028863779903569586,snapshot_489.xyz,16,10000,40.0,10000,all,489
0.521959,0.523831,0.0,0.9964263283387198,0.0035736716612801978,snapshot_490.xyz,16,10000,40.0,10000,all,490
0.516712,0.52046,0.0,0.9927986780924565,0.007201321907543523,snapshot_491.xyz,16,10000,40.0,10000,all,491
0.521959,0.527199,0.0,0.9900606791742776,0.009939320825722353,snapshot_492.xyz,16,10000,40.0,10000,all,492
0.517087,0.525328,0.0,0.9843126579965278,0.015687342003472216,snapshot_493.xyz,16,10000,40.0,10000,all,493
0.518961,0.52121,0.0,0.9956850405786536,0.004314959421346409,snapshot_494.xyz,16,10000,40.0,10000,all,494
0.512584,0.528321,0.0,0.9702131847872789,0.029786815212721085,snapshot_495.xyz,16,10000,40.0,10000,all,495
0.515586,0.522333,0.0,0.9870829528289423,0.012917047171057683,snapshot_496.xyz,16,10000,40.0,10000,all,496
0.52046,0.526825,0.0,0.9879181891519956,0.012081810848004415,snapshot_497.xyz,16,10000,40.0,10000,all,497
0.516337,0.521959,0.0,0.9892290390624553,0.010770960937544705,snapshot_498.xyz,16,10000,40.0,10000,all,498
0.515211,0.521959,0.0,0.9870717815000796,0.01292821849992043,snapshot_499.xyz,16,10000,40.0,10000,all,499
0.516712,0.519711,0.0,0.994229485233139,0.005770514766860968,snapshot_500.xyz,16,10000,40.0,10000,all,500
0.518586,0.523457,0.0,0.990694555617749,0.009305444382251005,snapshot_501.xyz,16,10000,40.0,10000,all,501
0.520086,0.52458,0.0,0.9914331465172138,0.008566853482786185,snapshot_502.xyz,16,10000,40.0,10000,all,502
0.514461,0.518961,0.0,0.9913288281778398,0.00867117182216015,snapshot_503.xyz,16,10000,40.0,10000,all,503
0.516337,0.52121,0.0,0.9906506014850063,0.009349398514993723,snapshot_504.xyz,16,10000,40.0,10000,all,504
0.522333,0.523082,0.0,0.9985681021331263,0.0014318978668736992,snapshot_505.xyz,16,10000,40.0,10000,all,505
0.52046,0.527947,0.0,0.9858186522510782,0.014181347748921769,snapshot_506.xyz,16,10000,40.0,10000,all,506
0.521584,0.52121,0.0,1.0007175610598418,-0.0007175610598417759,snapshot_507.xyz,16,10000,40.0,10000,all,507
0.521959,0.52458,0.0,0.995003621945175,0.004996378054825001,snapshot_508.xyz,16,10000,40.0,10000,all,508
0.522333,0.526077,0.0,0.9928831710947257,0.0071168289052743194,snapshot_509.xyz,16,10000,40.0,10000,all,509
0.52046,0.523082,0.0,0.9949874015928669,0.005012598407133084,snapshot_510.xyz,16,10000,40.0,10000,all,510
0.517087,0.522708,0.0,0.9892463861276277,0.01075361387237228,snapshot_511.xyz,16,10000,40.0,10000,all,511
0.519711,0.525702,0.0,0.9886038097629456,0.011396190237054404,snapshot_512.xyz,16,10000,40.0,10000,all,512
0.519711,0.526077,0.0,0.9878991098261282,0.012100890173871837,snapshot_513.xyz,16,10000,40.0,10000,all,513
0.519336,0.527199,0.0,0.9850853283105622,0.01491467168943783,snapshot_514.xyz,16,10000,40.0,10000,all,514
0.517837,0.522333,0.0,0.9913924641942974,0.008607535805702615,snapshot_515.xyz,16,10000,40.0,10000,all,515
0.514461,0.518961,0.0,0.9913288281778398,0.00867117182216015,snapshot_516.xyz,16,10000,40.0,10000,all,516
0.519336,0.526825,0.0,0.985784653347886,0.014215346652113992,snapshot_517.xyz,16,10000,40.0,10000,all,517
0.518212,0.525702,0.0,0.9857523844307231,0.014247615569276895,snapshot_518.xyz,16,10000,40.0,10000,all,518
0.520086,0.521959,0.0,0.9964115955467768,0.0035884044532231707,snapshot_519.xyz,16,10000,40.0,10000,all,519
0.516337,0.521959,0.0,0.9892290390624553,0.010770960937544705,snapshot_520.xyz,16,10000,40.0,10000,all,520
0.517837,0.52121,0.0,0.9935285201742101,0.006471479825789883,snapshot_521.xyz,16,10000,40.0,10000,all,521
0.516712,0.522333,0.0,0.9892386657553704,0.01076133424462955,snapshot_522.xyz,16,10000,40.0,10000,all,522
0.521584,0.53019,0.0,0.9837680831400064,0.01623191685999359,snapshot_523.xyz,16,10000,40.0,10000,all,523
0.519336,0.530564,0.0,0.9788376143123166,0.02116238568768336,snapshot_524.xyz,16,10000,40.0,10000,all,524
0.518212,0.525328,0.0,0.9864541771997685,0.013545822800231533,snapshot_525.xyz,16,10000,40.0,10000,all,525
0.517087,0.521959,0.0,0.9906659335311777,0.009334066468822289,snapshot_526.xyz,16,10000,40.0,10000,all,526
0.517462,0.527947,0.0,0.9801400519370315,0.019859948062968535,snapshot_527.xyz,16,10000,40.0,10000,all,527
0.516337,0.522333,0.0,0.988520732942395,0.011479267057605047,snapshot_528.xyz,16,10000,40.0,10000,all,528
0.521959,0.518961,0.0,1.00577692736063,-0.005776927360630069,snapshot_529.xyz,16,10000,40.0,10000,all,529
0.520086,0.528321,0.0,0.9844128853481122,0.015587114651887779,snapshot_530.xyz,16,10000,40.0,10000,all,530
0.516337,0.522333,0.0,0.988520732942395,0.011479267057605047,snapshot_531.xyz,16,10000,40.0,10000,all,531
0.517837,0.527573,0.0,0.9815456818298132,0.018454318170186834,snapshot_532.xyz,16,10000,40.0,10000,all,532
0.516337,0.523082,0.0,0.9871052722135344,0.01289472778646561,snapshot_533.xyz,16,10000,40.0,10000,all,533
0.519711,0.522333,0.0,0.9949802137716743,0.005019786228325662,snapshot_534.xyz,16,10000,40.0,10000,all,534
0.521584,0.521584,0.0,1.0,0.0,snapshot_535.xyz,16,10000,40.0,10000,all,535
0.512209,0.526077,0.0,0.9736388399416815,0.026361160058318456,snapshot_536.xyz,16,10000,40.0,10000,all,536
0.520086,0.520086,0.0,1.0,0.0,snapshot_537.xyz,16,10000,40.0,10000,all,537
0.518212,0.52458,0.0,0.987860764802318,0.012139235197682008,snapshot_538.xyz,16,10000,40.0,10000,all,538
0.514836,0.526825,0.0,0.9772429174773406,0.0227570825226594,snapshot_539.xyz,16,10000,40.0,10000,all,539
0.526825,0.52458,0.0,1.0042796141675243,-0.004279614167524315,snapshot_540.xyz,16,10000,40.0,10000,all,540
0.520835,0.524954,0.0,0.9921535982200346,0.007846401779965428,snapshot_541.xyz,16,10000,40.0,10000,all,541
0.519336,0.525702,0.0,0.9878904778752982,0.012109522124701844,snapshot_542.xyz,16,10000,40.0,10000,all,542
0.519711,0.526077,0.0,0.9878991098261282,0.012100890173871837,snapshot_543.xyz,16,10000,40.0,10000,all,543
0.516712,0.527573,0.0,0.9794132755087921,0.02058672449120791,snapshot_544.xyz,16,10000,40.0,10000,all,544
0.514836,0.522708,0.0,0.9849399664822425,0.015060033517757532,snapshot_545.xyz,16,10000,40.0,10000,all,545
0.516712,0.524205,0.0,0.9857059738079567,0.014294026192043341,snapshot_546.xyz,16,10000,40.0,10000,all,546
0.518212,0.526077,0.0,0.9850497170566286,0.014950282943371418,snapshot_547.xyz,16,10000,40.0,10000,all,547
0.519711,0.526451,0.0,0.9871972890164518,0.012802710983548238,snapshot_548.xyz,16,10000,40.0,10000,all,548
0.518961,0.527199,0.0,0.9843740219537594,0.015625978046240552,snapshot_549.xyz,16,10000,40.0,10000,all,549
0.52121,0.527573,0.0,0.9879391098483054,0.012060890151694648,snapshot_550.xyz,16,10000,40.0,10000,all,550
0.517462,0.524205,0.0,0.987136711782604,0.012863288217396018,snapshot_551.xyz,16,10000,40.0,10000,all,551
0.515586,0.525328,0.0,0.9814553954862485,0.018544604513751506,snapshot_552.xyz,16,10000,40.0,10000,all,552
0.520835,0.523831,0.0,0.9942805981318402,0.005719401868159779,snapshot_553.xyz,16,10000,40.0,10000,all,553
0.520835,0.523831,0.0,0.9942805981318402,0.005719401868159779,snapshot_554.xyz,16,10000,40.0,10000,all,554
0.517837,0.52458,0.0,0.9871459072019519,0.012854092798048056,snapshot_555.xyz,16,10000,40.0,10000,all,555
0.517462,0.522333,0.0,0.9906745313813218,0.009325468618678223,snapshot_556.xyz,16,10000,40.0,10000,all,556
0.517462,0.524954,0.0,0.9857282733344254,0.014271726665574636,snapshot_557.xyz,16,10000,40.0,10000,all,557
0.515962,0.526077,0.0,0.9807727766087474,0.0192272233912526,snapshot_558.xyz,16,10000,40.0,10000,all,558
0.520086,0.528695,0.0,0.9837165095187207,0.016283490481279306,snapshot_559.xyz,16,10000,40.0,10000,all,559
0.523457,0.52458,0.0,0.9978592397727705,0.0021407602272295323,snapshot_560.xyz,16,10000,40.0,10000,all,560
0.523082,0.529443,0.0,0.9879854866340665,0.01201451336593351,snapshot_561.xyz,16,10000,40.0,10000,all,561
0.515586,0.523831,0.0,0.9842601907867231,0.01573980921327689,snapshot_562.xyz,16,10000,40.0,10000,all,562
0.515211,0.527573,0.0,0.9765681716084789,0.023431828391521137,snapshot_563.xyz,16,10000,40.0,10000,all,563
0.522333,0.522708,0.0,0.9992825822447716,0.0007174177552283778,snapshot_564.xyz,16,10000,40.0,10000,all,564
0.518586,0.525328,0.0,0.9871661133615569,0.012833886638443093,snapshot_565.xyz,16,10000,40.0,10000,all,565
0.518961,0.527573,0.0,0.9836761926785489,0.01632380732145111,snapshot_566.xyz,16,10000,40.0,10000,all,566
0.517462,0.526825,0.0,0.9822274948986855,0.01777250510131445,snapshot_567.xyz,16,10000,40.0,10000,all,567
0.517462,0.523831,0.0,0.9878414984985614,0.012158501501438601,snapshot_568.xyz,16,10000,40.0,10000,all,568
0.515211,0.526825,0.0,0.9779547287998861,0.022045271200113903,snapshot_569.xyz,16,10000,40.0,10000,all,569
0.517087,0.526825,0.0,0.98151568357614,0.018484316423859948,snapshot_570.xyz,16,10000,40.0,10000,all,570
0.514836,0.519336,0.0,0.9913350894218771,0.008664910578122909,snapshot_571.xyz,16,10000,40.0,10000,all,571
0.512584,0.517462,0.0,0.9905732208355398,0.00942677916446022,snapshot_572.xyz,16,10000,40.0,10000,all,572
0.517837,0.520835,0.0,0.9942438584196529,0.005756141580347096,snapshot_573.xyz,16,10000,40.0,10000,all,573
0.517087,0.524205,0.0,0.9864213427952804,0.013578657204719624,snapshot_574.xyz,16,10000,40.0,10000,all,574
0.518586,0.525702,0.0,0.9864638141000034,0.013536185899996611,snapshot_575.xyz,16,10000,40.0,10000,all,575
0.52458,0.526077,0.0,0.9971544089553431,0.00284559104465687,snapshot_576.xyz,16,10000,40.0,10000,all,576
0.517462,0.523831,0.0,0.9878414984985614,0.012158501501438601,snapshot_577.xyz,16,10000,40.0,10000,all,577
0.518961,0.518961,0.0,1.0,0.0,snapshot_578.xyz,16,10000,40.0,10000,all,578
0.515962,0.523457,0.0,0.9856817274389302,0.014318272561069767,snapshot_579.xyz,16,10000,40.0,10000,all,579
0.518961,0.521959,0.0,0.9942562538436928,0.005743746156307239,snapshot_580.xyz,16,10000,40.0,10000,all,580
0.517087,0.521959,0.0,0.9906659335311777,0.009334066468822289,snapshot_581.xyz,16,10000,40.0,10000,all,581
0.514086,0.520835,0.0,0.9870419614657233,0.012958038534276684,snapshot_582.xyz,16,10000,40.0,10000,all,582
0.517837,0.518961,0.0,0.9978341339715315,0.002165866028468466,snapshot_583.xyz,16,10000,40.0,10000,all,583
0.517462,0.529443,0.0,0.977370557359338,0.022629442640662023,snapshot_584.xyz,16,10000,40.0,10000,all,584
0.517087,0.522333,0.0,0.9899565985683461,0.010043401431653942,snapshot_585.xyz,16,10000,40.0,10000,all,585
0.516337,0.521959,0.0,0.9892290390624553,0.010770960937544705,snapshot_586.xyz,16,10000,40.0,10000,all,586
0.518961,0.528695,0.0,0.9815886286043938,0.018411371395606224,snapshot_587.xyz,16,10000,40.0,10000,all,587
0.522333,0.523831,0.0,0.9971402990659202,0.002859700934079834,snapshot_588.xyz,16,10000,40.0,10000,all,588
0.516712,0.528321,0.0,0.9780266163941995,0.02197338360580048,snapshot_589.xyz,16,10000,40.0,10000,all,589
0.518212,0.527573,0.0,0.9822564839368202,0.01774351606317981,snapshot_590.xyz,16,10000,40.0,10000,all,590
0.519336,0.519711,0.0,0.9992784451358543,0.0007215548641457126,snapshot_591.xyz,16,10000,40.0,10000,all,591
0.515962,0.526451,0.0,0.9800760184708549,0.019923981529145096,snapshot_592.xyz,16,10000,40.0,10000,all,592
0.516712,0.524954,0.0,0.9842995767248176,0.015700423275182396,snapshot_593.xyz,16,10000,40.0,10000,all,593
0.512584,0.525328,0.0,0.97574087046569,0.024259129534309976,snapshot_594.xyz,16,10000,40.0,10000,all,594
0.516337,0.523831,0.0,0.9856938592790423,0.014306140720957705,snapshot_595.xyz,16,10000,40.0,10000,all,595
0.51371,0.526077,0.0,0.9764920344360236,0.023507965563976385,snapshot_596.xyz,16,10000,40.0,10000,all,596
0.518586,0.524205,0.0,0.9892809110939422,0.010719088906057772,snapshot_597.xyz,16,10000,40.0,10000,all,597
0.517462,0.520835,0.0,0.9935238607236455,0.006476139276354487,snapshot_598.xyz,16,10000,40.0,10000,all,598
0.519711,0.525702,0.0,0.9886038097629456,0.011396190237054404,snapshot_599.xyz,16,10000,40.0,10000,all,599
0.51371,0.525328,0.0,0.9778842932415557,0.02211570675844432,snapshot_600.xyz,16,10000,40.0,10000,all,600
0.519711,0.521584,0.0,0.9964090156139759,0.003590984386024121,snapshot_601.xyz,16,10000,40.0,10000,all,601
0.52046,0.524954,0.0,0.9914392499152307,0.008560750084769309,snapshot_602.xyz,16,10000,40.0,10000,all,602
0.519711,0.526825,0.0,0.9864964646704314,0.013503535329568606,snapshot_603.xyz,16,10000,40.0,10000,all,603
0.517087,0.528321,0.0,0.9787364121433748,0.021263587856625188,snapshot_604.xyz,16,10000,40.0,10000,all,604
0.518961,0.526077,0.0,0.9864734630101677,0.013526536989832305,snapshot_605.xyz,16,10000,40.0,10000,all,605
0.515586,0.53019,0.0,0.9724551575850165,0.02754484241498345,snapshot_606.xyz,16,10000,40.0,10000,all,606
0.522708,0.531685,0.0,0.9831159427104394,0.01688405728956055,snapshot_607.xyz,16,10000,40.0,10000,all,607
0.518212,0.528695,0.0,0.9801719327778776,0.01982806722212238,snapshot_608.xyz,16,10000,40.0,10000,all,608
0.517837,0.528321,0.0,0.9801560036417253,0.019843996358274718,snapshot_609.xyz,16,10000,40.0,10000,all,609
0.516712,0.524205,0.0,0.9857059738079567,0.014294026192043341,snapshot_610.xyz,16,10000,40.0,10000,all,610
0.517087,0.533553,0.0,0.969138960890483,0.030861039109516986,snapshot_611.xyz,16,10000,40.0,10000,all,611
0.51371,0.528321,0.0,0.972344464823469,0.027655535176530965,snapshot_612.xyz,16,10000,40.0,10000,all,612
0.514461,0.529443,0.0,0.9717023362288291,0.028297663771170933,snapshot_613.xyz,16,10000,40.0,10000,all,613
0.518961,0.531685,0.0,0.9760685368216144,0.02393146317838557,snapshot_614.xyz,16,10000,40.0,10000,all,614
0.518586,0.527947,0.0,0.9822690535224179,0.01773094647758211,snapshot_615.xyz,16,10000,40.0,10000,all,615
0.52121,0.5343,0.0,0.9755006550626988,0.024499344937301215,snapshot_616.xyz,16,10000,40.0,10000,all,616
0.514461,0.527573,0.0,0.9751465673944648,0.024853432605535186,snapshot_617.xyz,16,10000,40.0,10000,all,617
0.518586,0.524954,0.0,0.9878694133200242,0.012130586679975797,snapshot_618.xyz,16,10000,40.0,10000,all,618
0.515586,0.525328,0.0,0.9814553954862485,0.018544604513751506,snapshot_619.xyz,16,10000,40.0,10000,all,619
0.522333,0.526077,0.0,0.9928831710947257,0.0071168289052743194,snapshot_620.xyz,16,10000,40.0,10000,all,620
0.512584,0.533926,0.0,0.9600281686975349,0.039971831302465066,snapshot_621.xyz,16,10000,40.0,10000,all,621
0.513335,0.526825,0.0,0.9743937740236321,0.025606225976367858,snapshot_622.xyz,16,10000,40.0,10000,all,622
0.520835,0.531311,0.0,0.9802827345942396,0.019717265405760354,snapshot_623.xyz,16,10000,40.0,10000,all,623
0.515962,0.529816,0.0,0.973851299319009,0.026148700680990955,snapshot_624.xyz,16,10000,40.0,10000,all,624
0.508828,0.524954,0.0,0.9692811179646215,0.030718882035378536,snapshot_625.xyz,16,10000,40.0,10000,all,625
0.514086,0.53019,0.0,0.9696259831381203,0.030374016861879682,snapshot_626.xyz,16,10000,40.0,10000,all,626
0.515586,0.53019,0.0,0.9724551575850165,0.02754484241498345,snapshot_627.xyz,16,10000,40.0,10000,all,627
0.523082,0.528321,0.0,0.9900836801868561,0.009916319813143892,snapshot_628.xyz,16,10000,40.0,10000,all,628
0.515586,0.526451,0.0,0.9793618019530782,0.020638198046921796,snapshot_629.xyz,16,10000,40.0,10000,all,629
0.518961,0.528321,0.0,0.9822834981005865,0.01771650189941354,snapshot_630.xyz,16,10000,40.0,10000,all,630
0.520835,0.526451,0.0,0.98933234052172,0.010667659478279967,snapshot_631.xyz,16,10000,40.0,10000,all,631
0.512584,0.533553,0.0,0.960699311970882,0.039300688029118014,snapshot_632.xyz,16,10000,40.0,10000,all,632
0.514836,0.521959,0.0,0.9863533342657183,0.013646665734281749,snapshot_633.xyz,16,10000,40.0,10000,all,633
0.518961,0.531311,0.0,0.9767556101793489,0.023244389820651135,snapshot_634.xyz,16,10000,40.0,10000,all,634
0.518586,0.53019,0.0,0.9781135064788093,0.021886493521190653,snapshot_635.xyz,16,10000,40.0,10000,all,635
0.522333,0.5343,0.0,0.9776024705221786,0.022397529477821365,snapshot_636.xyz,16,10000,40.0,10000,all,636
0.517087,0.528695,0.0,0.9780440518635507,0.0219559481364493,snapshot_637.xyz,16,10000,40.0,10000,all,637
0.520835,0.529069,0.0,0.9844368125896623,0.015563187410337687,snapshot_638.xyz,16,10000,40.0,10000,all,638
0.514461,0.52458,0.0,0.9807102825117234,0.01928971748827657,snapshot_639.xyz,16,10000,40.0,10000,all,639
0.517837,0.530938,0.0,0.9753248025193149,0.02467519748068514,snapshot_640.xyz,16,10000,40.0,10000,all,640
0.52046,0.531311,0.0,0.979576933283896,0.020423066716104055,snapshot_641.xyz,16,10000,40.0,10000,all,641
0.516712,0.521584,0.0,0.990659222675542,0.009340777324458038,snapshot_642.xyz,16,10000,40.0,10000,all,642
0.514836,0.53542,0.0,0.9615554144409995,0.038444585559000544,snapshot_643.xyz,16,10000,40.0,10000,all,643
0.515962,0.526825,0.0,0.9793802496085039,0.020619750391496106,snapshot_644.xyz,16,10000,40.0,10000,all,644
0.517087,0.529816,0.0,0.9759746780014193,0.02402532199858065,snapshot_645.xyz,16,10000,40.0,10000,all,645
0.520835,0.528321,0.0,0.9858305840577982,0.01416941594220178,snapshot_646.xyz,16,10000,40.0,10000,all,646
0.516337,0.529069,0.0,0.9759350859717731,0.024064914028226858,snapshot_647.xyz,16,10000,40.0,10000,all,647
0.514836,0.527199,0.0,0.9765496520289302,0.023450347971069818,snapshot_648.xyz,16,10000,40.0,10000,all,648
0.514836,0.526451,0.0,0.9779371679415557,0.02206283205844428,snapshot_649.xyz,16,10000,40.0,10000,all,649
0.520086,0.528695,0.0,0.9837165095187207,0.016283490481279306,snapshot_650.xyz,16,10000,40.0,10000,all,650
0.519711,0.537286,0.0,0.9672893021593714,0.03271069784062863,snapshot_651.xyz,16,10000,40.0,10000,all,651
0.518586,0.529069,0.0,0.9801859492807176,0.01981405071928244,snapshot_652.xyz,16,10000,40.0,10000,all,652
0.517462,0.528321,0.0,0.9794462078925501,0.020553792107449897,snapshot_653.xyz,16,10000,40.0,10000,all,653
0.523457,0.529443,0.0,0.9886937781781985,0.011306221821801521,snapshot_654.xyz,16,10000,40.0,10000,all,654
0.522333,0.527573,0.0,0.9900677252247558,0.009932274775244165,snapshot_655.xyz,16,10000,40.0,10000,all,655
0.518961,0.526825,0.0,0.9850728420253405,0.014927157974659488,snapshot_656.xyz,16,10000,40.0,10000,all,656
0.518961,0.527947,0.0,0.9829793520940548,0.017020647905945152,snapshot_657.xyz,16,10000,40.0,10000,all,657
0.52046,0.527573,0.0,0.9865175056342915,0.013482494365708475,snapshot_658.xyz,16,10000,40.0,10000,all,658
0.522333,0.53019,0.0,0.9851807842471567,0.014819215752843284,snapshot_659.xyz,16,10000,40.0,10000,all,659
0.523082,0.528695,0.0,0.9893832928247855,0.010616707175214457,snapshot_660.xyz,16,10000,40.0,10000,all,660
0.514836,0.529443,0.0,0.9724106277729613,0.027589372227038722,snapshot_661.xyz,16,10000,40.0,10000,all,661
0.516712,0.525328,0.0,0.9835988182621143,0.01640118173788574,snapshot_662.xyz,16,10000,40.0,10000,all,662
0.518586,0.530564,0.0,0.9774240242458967,0.022575975754103306,snapshot_663.xyz,16,10000,40.0,10000,all,663
0.52046,0.524205,0.0,0.9928558483799277,0.007144151620072314,snapshot_664.xyz,16,10000,40.0,10000,all,664
0.517087,0.528695,0.0,0.9780440518635507,0.0219559481364493,snapshot_665.xyz,16,10000,40.0,10000,all,665
0.523457,0.535046,0.0,0.9783401800966645,0.021659819903335542,snapshot_666.xyz,16,10000,40.0,10000,all,666
0.523831,0.531685,0.0,0.9852280955829111,0.014771904417088866,snapshot_667.xyz,16,10000,40.0,10000,all,667
0.514836,0.524954,0.0,0.9807259302719856,0.019274069728014376,snapshot_668.xyz,16,10000,40.0,10000,all,668
0.516712,0.524205,0.0,0.9857059738079567,0.014294026192043341,snapshot_669.xyz,16,10000,40.0,10000,all,669
0.519711,0.525328,0.0,0.9893076325647976,0.01069236743520241,snapshot_670.xyz,16,10000,40.0,10000,all,670
0.521959,0.531311,0.0,0.9823982563884429,0.017601743611557086,snapshot_671.xyz,16,10000,40.0,10000,all,671
0.520086,0.53019,0.0,0.9809426809257059,0.019057319074294088,snapshot_672.xyz,16,10000,40.0,10000,all,672
0.523831,0.528321,0.0,0.9915013788965421,0.008498621103457893,snapshot_673.xyz,16,10000,40.0,10000,all,673
0.519336,0.529069,0.0,0.9816035337545764,0.01839646624542357,snapshot_674.xyz,16,10000,40.0,10000,all,674
0.515586,0.523082,0.0,0.9856695508543593,0.014330449145640745,snapshot_675.xyz,16,10000,40.0,10000,all,675
0.521584,0.528321,0.0,0.9872482827674842,0.01275171723251578,snapshot_676.xyz,16,10000,40.0,10000,all,676
0.514836,0.526451,0.0,0.9779371679415557,0.02206283205844428,snapshot_677.xyz,16,10000,40.0,10000,all,677
0.518586,0.533179,0.0,0.972630204865533,0.027369795134467023,snapshot_678.xyz,16,10000,40.0,10000,all,678
0.521959,0.533179,0.0,0.9789564105112917,0.021043589488708325,snapshot_679.xyz,16,10000,40.0,10000,all,679
0.512209,0.527947,0.0,0.9701901895455415,0.02980981045445852,snapshot_680.xyz,16,10000,40.0,10000,all,680
0.515211,0.53019,0.0,0.9717478639732925,0.02825213602670751,snapshot_681.xyz,16,10000,40.0,10000,all,681
0.518586,0.531685,0.0,0.9753632319888657,0.024636768011134347,snapshot_682.xyz,16,10000,40.0,10000,all,682
0.520086,0.527947,0.0,0.9851102478089656,0.014889752191034389,snapshot_683.xyz,16,10000,40.0,10000,all,683
0.518961,0.527199,0.0,0.9843740219537594,0.015625978046240552,snapshot_684.xyz,16,10000,40.0,10000,all,684
0.517087,0.530938,0.0,0.973912208205101,0.02608779179489895,snapshot_685.xyz,16,10000,40.0,10000,all,685
0.517837,0.531311,0.0,0.9746400883851455,0.025359911614854513,snapshot_686.xyz,16,10000,40.0,10000,all,686
0.514836,0.523831,0.0,0.9828284313070436,0.01717156869295644,snapshot_687.xyz,16,10000,40.0,10000,all,687
0.511082,0.529443,0.0,0.9653201572218351,0.03467984277816494,snapshot_688.xyz,16,10000,40.0,10000,all,688
0.517837,0.527199,0.0,0.9822419997003029,0.017758000299697096,snapshot_689.xyz,16,10000,40.0,10000,all,689
0.518586,0.529816,0.0,0.9788039621302491,0.021196037869750883,snapshot_690.xyz,16,10000,40.0,10000,all,690
0.514086,0.53019,0.0,0.9696259831381203,0.030374016861879682,snapshot_691.xyz,16,10000,40.0,10000,all,691
0.516712,0.533179,0.0,0.9691154377798075,0.030884562220192535,snapshot_692.xyz,16,10000,40.0,10000,all,692
0.516712,0.530564,0.0,0.9738919338666022,0.026108066133397778,snapshot_693.xyz,16,10000,40.0,10000,all,693
0.515586,0.527199,0.0,0.9779722647425356,0.022027735257464376,snapshot_694.xyz,16,10000,40.0,10000,all,694
0.512584,0.531685,0.0,0.9640745930391117,0.035925406960888306,snapshot_695.xyz,16,10000,40.0,10000,all,695
0.516337,0.527947,0.0,0.9780091562221208,0.021990843777879188,snapshot_696.xyz,16,10000,40.0,10000,all,696
0.518586,0.53019,0.0,0.9781135064788093,0.021886493521190653,snapshot_697.xyz,16,10000,40.0,10000,all,697
0.515962,0.530938,0.0,0.9717933167337807,0.028206683266219335,snapshot_698.xyz,16,10000,40.0,10000,all,698
0.522333,0.532059,0.0,0.9817200723979861,0.018279927602013912,snapshot_699.xyz,16,10000,40.0,10000,all,699
0.512959,0.528695,0.0,0.9702361474952478,0.02976385250475222,snapshot_700.xyz,16,10000,40.0,10000,all,700
0.518586,0.530938,0.0,0.9767355133744429,0.023264486625557135,snapshot_701.xyz,16,10000,40.0,10000,all,701
0.523831,0.531685,0.0,0.9852280955829111,0.014771904417088866,snapshot_702.xyz,16,10000,40.0,10000,all,702
0.508452,0.532059,0.0,0.9556308604872769,0.044369139512723144,snapshot_703.xyz,16,10000,40.0,10000,all,703
0.493012,0.526077,0.0,0.937147984040359,0.06285201595964096,snapshot_704.xyz,16,10000,40.0,10000,all,704
0.482431,0.515586,0.0,0.9356945301074894,0.06430546989251062,snapshot_705.xyz,16,10000,40.0,10000,all,705
0.470302,0.517462,0.0,0.9088628730225602,0.09113712697743981,snapshot_706.xyz,16,10000,40.0,10000,all,706
0.466503,0.514836,0.0,0.9061196186746848,0.09388038132531518,snapshot_707.xyz,16,10000,40.0,10000,all,707
0.456989,0.506572,0.0,0.9021205277828225,0.09787947221717752,snapshot_708.xyz,16,10000,40.0,10000,all,708
0.451268,0.503187,0.0,0.8968196714144046,0.10318032858559545,snapshot_709.xyz,16,10000,40.0,10000,all,709
0.446303,0.504692,0.0,0.8843076569472074,0.11569234305279263,snapshot_710.xyz,16,10000,40.0,10000,all,710
0.439033,0.50281,0.0,0.8731588472782961,0.12684115272170393,snapshot_711.xyz,16,10000,40.0,10000,all,711
0.424061,0.495275,0.0,0.8562132148806219,0.14378678511937815,snapshot_712.xyz,16,10000,40.0,10000,all,712
0.417513,0.491125,0.0,0.8501155510307967,0.14988444896920328,snapshot_713.xyz,16,10000,40.0,10000,all,713
0.420596,0.493767,0.0,0.8518106718350963,0.1481893281649037,snapshot_714.xyz,16,10000,40.0,10000,all,714
0.422906,0.490747,0.0,0.8617597254797279,0.1382402745202721,snapshot_715.xyz,16,10000,40.0,10000,all,715
0.41944,0.481296,0.0,0.8714803364249858,0.1285196635750142,snapshot_716.xyz,16,10000,40.0,10000,all,716
0.414814,0.487725,0.0,0.8505079706801989,0.1494920293198011,snapshot_717.xyz,16,10000,40.0,10000,all,717
0.412112,0.481296,0.0,0.8562547787640038,0.1437452212359962,snapshot_718.xyz,16,10000,40.0,10000,all,718
0.412498,0.476751,0.0,0.8652273408970301,0.13477265910296987,snapshot_719.xyz,16,10000,40.0,10000,all,719
0.404767,0.48016,0.0,0.8429835888037321,0.15701641119626786,snapshot_720.xyz,16,10000,40.0,10000,all,720
0.401669,0.478266,0.0,0.8398443543969255,0.1601556456030745,snapshot_721.xyz,16,10000,40.0,10000,all,721
0.406314,0.481296,0.0,0.8442081380273262,0.1557918619726738,snapshot_722.xyz,16,10000,40.0,10000,all,722
0.405154,0.485457,0.0,0.834582671585743,0.16541732841425705,snapshot_723.xyz,16,10000,40.0,10000,all,723
0.412112,0.484701,0.0,0.8502396322681405,0.14976036773185952,snapshot_724.xyz,16,10000,40.0,10000,all,724
0.402831,0.475993,0.0,0.8462960589756572,0.15370394102434282,snapshot_725.xyz,16,10000,40.0,10000,all,725
0.405541,0.478645,0.0,0.8472688526987642,0.15273114730123583,snapshot_726.xyz,16,10000,40.0,10000,all,726
0.398956,0.477888,0.0,0.8348315923396277,0.16516840766037233,snapshot_727.xyz,16,10000,40.0,10000,all,727
0.403605,0.483566,0.0,0.8346430476915251,0.1653569523084749,snapshot_728.xyz,16,10000,40.0,10000,all,728
0.398956,0.473717,0.0,0.8421821467247322,0.15781785327526776,snapshot_729.xyz,16,10000,40.0,10000,all,729
0.395464,0.472579,0.0,0.8368209336428406,0.1631790663571594,snapshot_730.xyz,16,10000,40.0,10000,all,730
0.402056,0.477509,0.0,0.8419862243434155,0.15801377565658448,snapshot_731.xyz,16,10000,40.0,10000,all,731
0.391191,0.473717,0.0,0.8257905036129166,0.17420949638708338,snapshot_732.xyz,16,10000,40.0,10000,all,732
0.393911,0.474097,0.0,0.8308658354724877,0.1691341645275123,snapshot_733.xyz,16,10000,40.0,10000,all,733
0.384576,0.473717,0.0,0.8118264702343382,0.18817352976566182,snapshot_734.xyz,16,10000,40.0,10000,all,734
0.386134,0.470682,0.0,0.8203712910202642,0.17962870897973582,snapshot_735.xyz,16,10000,40.0,10000,all,735
0.381848,0.466883,0.0,0.8178665747092956,0.18213342529070442,snapshot_736.xyz,16,10000,40.0,10000,all,736
0.380678,0.461559,0.0,0.8247656312627422,0.17523436873725784,snapshot_737.xyz,16,10000,40.0,10000,all,737
0.37404,0.462701,0.0,0.8083838158983879,0.19161618410161207,snapshot_738.xyz,16,10000,40.0,10000,all,738
0.381848,0.467263,0.0,0.8172014475787727,0.18279855242122733,snapshot_739.xyz,16,10000,40.0,10000,all,739
0.379118,0.466503,0.0,0.8126807330285122,0.18731926697148782,snapshot_740.xyz,16,10000,40.0,10000,all,740
0.376775,0.461179,0.0,0.8169821262459913,0.1830178737540087,snapshot_741.xyz,16,10000,40.0,10000,all,741
0.375604,0.465743,0.0,0.8064619328685562,0.19353806713144384,snapshot_742.xyz,16,10000,40.0,10000,all,742
0.382628,0.458894,0.0,0.8338047566540421,0.16619524334595792,snapshot_743.xyz,16,10000,40.0,10000,all,743
0.382628,0.463842,0.0,0.8249102064927282,0.17508979350727183,snapshot_744.xyz,16,10000,40.0,10000,all,744
0.379118,0.46194,0.0,0.8207083170974585,0.1792916829025415,snapshot_745.xyz,16,10000,40.0,10000,all,745
0.378728,0.467263,0.0,0.8105242657775172,0.18947573422248276,snapshot_746.xyz,16,10000,40.0,10000,all,746
0.377556,0.459656,0.0,0.8213881685434324,0.17861183145656756,snapshot_747.xyz,16,10000,40.0,10000,all,747
0.381458,0.46194,0.0,0.8257739100316058,0.17422608996839417,snapshot_748.xyz,16,10000,40.0,10000,all,748
0.375994,0.458513,0.0,0.8200290940496779,0.17997090595032206,snapshot_749.xyz,16,10000,40.0,10000,all,749
0.377556,0.465743,0.0,0.8106530854999431,0.18934691450005692,snapshot_750.xyz,16,10000,40.0,10000,all,750
0.378337,0.456989,0.0,0.8278908245056227,0.17210917549437732,snapshot_751.xyz,16,10000,40.0,10000,all,751
0.375213,0.463462,0.0,0.8095874095395093,0.19041259046049075,snapshot_752.xyz,16,10000,40.0,10000,all,752
0.385745,0.470682,0.0,0.8195448306924845,0.18045516930751548,snapshot_753.xyz,16,10000,40.0,10000,all,753
0.382238,0.466123,0.0,0.8200367714101214,0.17996322858987857,snapshot_754.xyz,16,10000,40.0,10000,all,754
0.383797,0.466123,0.0,0.8233813821673678,0.17661861783263222,snapshot_755.xyz,16,10000,40.0,10000,all,755
0.365036,0.456989,0.0,0.7987850911072258,0.20121490889277416,snapshot_756.xyz,16,10000,40.0,10000,all,756
0.377556,0.46194,0.0,0.81732692557475,0.18267307442525005,snapshot_757.xyz,16,10000,40.0,10000,all,757
0.383018,0.463462,0.0,0.8264280566691553,0.1735719433308447,snapshot_758.xyz,16,10000,40.0,10000,all,758
0.380678,0.465363,0.0,0.8180237792862776,0.18197622071372244,snapshot_759.xyz,16,10000,40.0,10000,all,759
0.388469,0.47182,0.0,0.8233415285490229,0.17665847145097713,snapshot_760.xyz,16,10000,40.0,10000,all,760
0.383018,0.463462,0.0,0.8264280566691553,0.1735719433308447,snapshot_761.xyz,16,10000,40.0,10000,all,761
0.381848,0.464983,0.0,0.8212085173006326,0.1787914826993674,snapshot_762.xyz,16,10000,40.0,10000,all,762
0.372085,0.46194,0.0,0.8054833961120491,0.1945166038879509,snapshot_763.xyz,16,10000,40.0,10000,all,763
0.379118,0.458513,0.0,0.8268424232246414,0.1731575767753586,snapshot_764.xyz,16,10000,40.0,10000,all,764
0.375213,0.463081,0.0,0.810253497768209,0.18974650223179101,snapshot_765.xyz,16,10000,40.0,10000,all,765
0.377556,0.464603,0.0,0.8126421912901983,0.18735780870980168,snapshot_766.xyz,16,10000,40.0,10000,all,766
0.383018,0.468403,0.0,0.8177103904116755,0.18228960958832452,snapshot_767.xyz,16,10000,40.0,10000,all,767
0.385745,0.47713,0.0,0.8084693898937396,0.19153061010626038,snapshot_768.xyz,16,10000,40.0,10000,all,768
0.380678,0.466123,0.0,0.8166900152963917,0.18330998470360826,snapshot_769.xyz,16,10000,40.0,10000,all,769
0.379118,0.467643,0.0,0.8106996148771606,0.18930038512283942,snapshot_770.xyz,16,10000,40.0,10000,all,770
0.376385,0.463462,0.0,0.8121162037017059,0.1878837962982941,snapshot_771.xyz,16,10000,40.0,10000,all,771
0.374822,0.454702,0.0,0.8243245026412903,0.1756754973587097,snapshot_772.xyz,16,10000,40.0,10000,all,772
0.368171,0.459275,0.0,0.8016351858908063,0.1983648141091937,snapshot_773.xyz,16,10000,40.0,10000,all,773
0.375994,0.459275,0.0,0.8186685536987643,0.18133144630123565,snapshot_774.xyz,16,10000,40.0,10000,all,774
0.371303,0.463462,0.0,0.8011509034181875,0.1988490965818125,snapshot_775.xyz,16,10000,40.0,10000,all,775
0.373258,0.45737,0.0,0.8160963771126222,0.18390362288737783,snapshot_776.xyz,16,10000,40.0,10000,all,776
0.375994,0.467263,0.0,0.8046731712119299,0.19532682878807006,snapshot_777.xyz,16,10000,40.0,10000,all,777
0.379118,0.459656,0.0,0.8247863619750422,0.17521363802495782,snapshot_778.xyz,16,10000,40.0,10000,all,778
0.366996,0.451268,0.0,0.8132550945336252,0.1867449054663748,snapshot_779.xyz,16,10000,40.0,10000,all,779
0.370129,0.461179,0.0,0.8025712358975582,0.1974287641024418,snapshot_780.xyz,16,10000,40.0,10000,all,780
0.373258,0.45737,0.0,0.8160963771126222,0.18390362288737783,snapshot_781.xyz,16,10000,40.0,10000,all,781
0.365036,0.453176,0.0,0.8055060285628541,0.19449397143714586,snapshot_782.xyz,16,10000,40.0,10000,all,782
0.369737,0.452795,0.0,0.8165659956492451,0.18343400435075485,snapshot_783.xyz,16,10000,40.0,10000,all,783
0.369346,0.460036,0.0,0.8028632541801076,0.19713674581989238,snapshot_784.xyz,16,10000,40.0,10000,all,784
0.369346,0.458132,0.0,0.806199959836903,0.19380004016309704,snapshot_785.xyz,16,10000,40.0,10000,all,785
0.367779,0.456227,0.0,0.8061315967709057,0.19386840322909427,snapshot_786.xyz,16,10000,40.0,10000,all,786
0.373649,0.46194,0.0,0.8088691172013681,0.19113088279863188,snapshot_787.xyz,16,10000,40.0,10000,all,787
0.365036,0.458894,0.0,0.7954691061552341,0.20453089384476586,snapshot_788.xyz,16,10000,40.0,10000,all,788
0.366996,0.457751,0.0,0.801737188995764,0.19826281100423604,snapshot_789.xyz,16,10000,40.0,10000,all,789
0.366212,0.451268,0.0,0.8115177677123128,0.18848223228768723,snapshot_790.xyz,16,10000,40.0,10000,all,790
0.363467,0.453558,0.0,0.8013682924785804,0.19863170752141956,snapshot_791.xyz,16,10000,40.0,10000,all,791
0.364252,0.456608,0.0,0.7977345994813932,0.20226540051860675,snapshot_792.xyz,16,10000,40.0,10000,all,792
0.361112,0.45737,0.0,0.789540197214509,0.21045980278549103,snapshot_793.xyz,16,10000,40.0,10000,all,793
0.377556,0.466883,0.0,0.8086736934092695,0.19132630659073047,snapshot_794.xyz,16,10000,40.0,10000,all,794
0.373649,0.453939,0.0,0.8231260147288513,0.17687398527114873,snapshot_795.xyz,16,10000,40.0,10000,all,795
0.36582,0.458132,0.0,0.7985034880776719,0.2014965119223281,snapshot_796.xyz,16,10000,40.0,10000,all,796
0.36072,0.450123,0.0,0.8013809558720616,0.1986190441279384,snapshot_797.xyz,16,10000,40.0,10000,all,797
0.370129,0.454702,0.0,0.8140034572093371,0.1859965427906629,snapshot_798.xyz,16,10000,40.0,10000,all,798
0.376385,0.462701,0.0,0.8134518836138241,0.18654811638617586,snapshot_799.xyz,16,10000,40.0,10000,all,799
0.377556,0.456227,0.0,0.8275617181797658,0.17243828182023424,snapshot_800.xyz,16,10000,40.0,10000,all,800
0.381458,0.466123,0.0,0.8183633933532566,0.18163660664674341,snapshot_801.xyz,16,10000,40.0,10000,all,801
0.348915,0.433666,0.0,0.8045707987252863,0.19542920127471375,snapshot_802.xyz,16,10000,40.0,10000,all,802
0.305591,0.385745,0.0,0.7922098795836627,0.20779012041633727,snapshot_803.xyz,16,10000,40.0,10000,all,803
0.296355,0.390803,0.0,0.7583232472626873,0.2416767527373127,snapshot_804.xyz,16,10000,40.0,10000,all,804
0.292329,0.383407,0.0,0.7624508681375145,0.2375491318624855,snapshot_805.xyz,16,10000,40.0,10000,all,805
0.291523,0.37404,0.0,0.7793899048230135,0.2206100951769865,snapshot_806.xyz,16,10000,40.0,10000,all,806
0.285469,0.373258,0.0,0.7648034335499841,0.23519656645001585,snapshot_807.xyz,16,10000,40.0,10000,all,807
0.292329,0.374822,0.0,0.7799141992732551,0.22008580072674488,snapshot_808.xyz,16,10000,40.0,10000,all,808
0.29112,0.375994,0.0,0.7742676744841673,0.22573232551583267,snapshot_809.xyz,16,10000,40.0,10000,all,809
0.283852,0.375994,0.0,0.7549375787911509,0.24506242120884913,snapshot_810.xyz,16,10000,40.0,10000,all,810
0.285469,0.375994,0.0,0.7592381793326488,0.2407618206673512,snapshot_811.xyz,16,10000,40.0,10000,all,811
0.28102,0.383018,0.0,0.7336991995154274,0.2663008004845726,snapshot_812.xyz,16,10000,40.0,10000,all,812
0.287893,0.381068,0.0,0.7554898338354309,0.2445101661645691,snapshot_813.xyz,16,10000,40.0,10000,all,813
0.283448,0.371303,0.0,0.7633873144036002,0.2366126855963998,snapshot_814.xyz,16,10000,40.0,10000,all,814
0.282234,0.381458,0.0,0.7398822412952408,0.26011775870475917,snapshot_815.xyz,16,10000,40.0,10000,all,815
0.281829,0.36072,0.0,0.7812957418496341,0.21870425815036587,snapshot_816.xyz,16,10000,40.0,10000,all,816
0.283043,0.373649,0.0,0.7575103907678061,0.24248960923219387,snapshot_817.xyz,16,10000,40.0,10000,all,817
0.283852,0.372867,0.0,0.7612687633928451,0.2387312366071549,snapshot_818.xyz,16,10000,40.0,10000,all,818
0.277373,0.370911,0.0,0.7478155136946598,0.2521844863053402,snapshot_819.xyz,16,10000,40.0,10000,all,819
0.281829,0.376385,0.0,0.748778511364693,0.251221488635307,snapshot_820.xyz,16,10000,40.0,10000,all,820
0.27575,0.371303,0.0,0.7426549206443255,0.2573450793556745,snapshot_821.xyz,16,10000,40.0,10000,all,821
0.28102,0.363859,0.0,0.7723321396475008,0.2276678603524992,snapshot_822.xyz,16,10000,40.0,10000,all,822
0.279805,0.368563,0.0,0.7591782137653537,0.24082178623464634,snapshot_823.xyz,16,10000,40.0,10000,all,823
0.278994,0.369737,0.0,0.7545741973348624,0.24542580266513758,snapshot_824.xyz,16,10000,40.0,10000,all,824
0.276156,0.366604,0.0,0.7532814699239507,0.24671853007604927,snapshot_825.xyz,16,10000,40.0,10000,all,825
0.275344,0.368954,0.0,0.7462827344330187,0.25371726556698126,snapshot_826.xyz,16,10000,40.0,10000,all,826
0.278589,0.370911,0.0,0.7510939281930166,0.24890607180698343,snapshot_827.xyz,16,10000,40.0,10000,all,827
0.276156,0.367779,0.0,0.7508748460352549,0.2491251539647451,snapshot_828.xyz,16,10000,40.0,10000,all,828
0.275344,0.363075,0.0,0.7583667286373339,0.2416332713626661,snapshot_829.xyz,16,10000,40.0,10000,all,829
0.279399,0.369346,0.0,0.7564695434633109,0.24353045653668914,snapshot_830.xyz,16,10000,40.0,10000,all,830
0.27575,0.369346,0.0,0.7465899183963005,0.2534100816036995,snapshot_831.xyz,16,10000,40.0,10000,all,831
0.269655,0.363467,0.0,0.7418967884292109,0.2581032115707891,snapshot_832.xyz,16,10000,40.0,10000,all,832
0.276156,0.366996,0.0,0.7524768662328746,0.24752313376712543,snapshot_833.xyz,16,10000,40.0,10000,all,833
0.277778,0.364644,0.0,0.7617786114676233,0.23822138853237673,snapshot_834.xyz,16,10000,40.0,10000,all,834
0.279805,0.369737,0.0,0.7567676483554527,0.24323235164454726,snapshot_835.xyz,16,10000,40.0,10000,all,835
0.278589,0.363467,0.0,0.7664767365400434,0.23352326345995655,snapshot_836.xyz,16,10000,40.0,10000,all,836
0.276156,0.371694,0.0,0.742965988151544,0.257034011848456,snapshot_837.xyz,16,10000,40.0,10000,all,837
0.277373,0.364644,0.0,0.7606679391406412,0.23933206085935876,snapshot_838.xyz,16,10000,40.0,10000,all,838
0.274938,0.366604,0.0,0.7499590839161603,0.2500409160838397,snapshot_839.xyz,16,10000,40.0,10000,all,839
0.278184,0.367779,0.0,0.7563890271059521,0.24361097289404787,snapshot_840.xyz,16,10000,40.0,10000,all,840
0.274938,0.369346,0.0,0.7443914378387745,0.2556085621612255,snapshot_841.xyz,16,10000,40.0,10000,all,841
0.271688,0.368171,0.0,0.737939707364241,0.26206029263575903,snapshot_842.xyz,16,10000,40.0,10000,all,842
0.278184,0.363859,0.0,0.764537911663584,0.23546208833641602,snapshot_843.xyz,16,10000,40.0,10000,all,843
0.273314,0.364252,0.0,0.7503431690148578,0.24965683098514224,snapshot_844.xyz,16,10000,40.0,10000,all,844
0.27575,0.36582,0.0,0.7537860149800448,0.24621398501995517,snapshot_845.xyz,16,10000,40.0,10000,all,845
0.27575,0.36229,0.0,0.7611305859946451,0.23886941400535489,snapshot_846.xyz,16,10000,40.0,10000,all,846
0.271688,0.365428,0.0,0.7434788795604059,0.2565211204395941,snapshot_847.xyz,16,10000,40.0,10000,all,847
0.276156,0.370129,0.0,0.7461074382174864,0.2538925617825136,snapshot_848.xyz,16,10000,40.0,10000,all,848
0.278184,0.369737,0.0,0.7523834509394516,0.24761654906054842,snapshot_849.xyz,16,10000,40.0,10000,all,849
0.279399,0.363075,0.0,0.7695352199958687,0.2304647800041313,snapshot_850.xyz,16,10000,40.0,10000,all,850
0.272501,0.366604,0.0,0.7433115841616568,0.25668841583834323,snapshot_851.xyz,16,10000,40.0,10000,all,851
0.27372,0.370911,0.0,0.7379667898768169,0.26203321012318315,snapshot_852.xyz,16,10000,40.0,10000,all,852
0.27575,0.366996,0.0,0.751370587145364,0.24862941285463602,snapshot_853.xyz,16,10000,40.0,10000,all,853
0.274126,0.368563,0.0,0.7437697218657325,0.25623027813426746,snapshot_854.xyz,16,10000,40.0,10000,all,854
0.272908,0.376385,0.0,0.725076716659803,0.274923283340197,snapshot_855.xyz,16,10000,40.0,10000,all,855
0.278184,0.370129,0.0,0.7515866089930808,0.24841339100691917,snapshot_856.xyz,16,10000,40.0,10000,all,856
0.276562,0.368954,0.0,0.7495839589759156,0.25041604102408443,snapshot_857.xyz,16,10000,40.0,10000,all,857
0.27575,0.368563,0.0,0.748176024180398,0.25182397581960203,snapshot_858.xyz,16,10000,40.0,10000,all,858
0.282234,0.372867,0.0,0.7569294145097313,0.24307058549026872,snapshot_859.xyz,16,10000,40.0,10000,all,859
0.271688,0.37052,0.0,0.7332613624095865,0.2667386375904135,snapshot_860.xyz,16,10000,40.0,10000,all,860
0.27575,0.368563,0.0,0.748176024180398,0.25182397581960203,snapshot_861.xyz,16,10000,40.0,10000,all,861
0.274126,0.362682,0.0,0.7558301762976932,0.24416982370230678,snapshot_862.xyz,16,10000,40.0,10000,all,862
0.273314,0.370129,0.0,0.7384290342015892,0.26157096579841077,snapshot_863.xyz,16,10000,40.0,10000,all,863
0.276562,0.368171,0.0,0.7511781210361489,0.2488218789638511,snapshot_864.xyz,16,10000,40.0,10000,all,864
0.271688,0.372867,0.0,0.7286458710478535,0.2713541289521465,snapshot_865.xyz,16,10000,40.0,10000,all,865
0.271282,0.367388,0.0,0.7384073513560596,0.2615926486439404,snapshot_866.xyz,16,10000,40.0,10000,all,866
0.272095,0.366604,0.0,0.7422041221590598,0.25779587784094016,snapshot_867.xyz,16,10000,40.0,10000,all,867
0.274532,0.371694,0.0,0.7385968027463451,0.2614031972536549,snapshot_868.xyz,16,10000,40.0,10000,all,868
0.273314,0.371303,0.0,0.7360942410915075,0.26390575890849255,snapshot_869.xyz,16,10000,40.0,10000,all,869
0.274938,0.37404,0.0,0.7350497273018929,0.2649502726981071,snapshot_870.xyz,16,10000,40.0,10000,all,870
0.272095,0.364644,0.0,0.7461935476793803,0.2538064523206197,snapshot_871.xyz,16,10000,40.0,10000,all,871
0.269655,0.366212,0.0,0.7363357836444464,0.2636642163555536,snapshot_872.xyz,16,10000,40.0,10000,all,872
0.270875,0.368171,0.0,0.7357314943327963,0.2642685056672037,snapshot_873.xyz,16,10000,40.0,10000,all,873
0.271282,0.35561,0.0,0.7628638114788674,0.2371361885211326,snapshot_874.xyz,16,10000,40.0,10000,all,874
0.275344,0.367779,0.0,0.7486669983876185,0.2513330016123815,snapshot_875.xyz,16,10000,40.0,10000,all,875
0.270062,0.366212,0.0,0.7374471617533015,0.2625528382466985,snapshot_876.xyz,16,10000,40.0,10000,all,876
0.274126,0.366604,0.0,0.7477441599109665,0.25225584008903346,snapshot_877.xyz,16,10000,40.0,10000,all,877
0.281829,0.368563,0.0,0.764669812216636,0.235330187783364,snapshot_878.xyz,16,10000,40.0,10000,all,878
0.267619,0.364644,0.0,0.7339185616656245,0.2660814383343755,snapshot_879.xyz,16,10000,40.0,10000,all,879
0.275344,0.356004,0.0,0.7734295120279547,0.22657048797204526,snapshot_880.xyz,16,10000,40.0,10000,all,880
0.269248,0.358363,0.0,0.7513275645086128,0.24867243549138718,snapshot_881.xyz,16,10000,40.0,10000,all,881
0.272908,0.361505,0.0,0.7549217853141726,0.24507821468582736,snapshot_882.xyz,16,10000,40.0,10000,all,882
0.271688,0.365036,0.0,0.7442772767617439,0.25572272323825607,snapshot_883.xyz,16,10000,40.0,10000,all,883
0.274126,0.367388,0.0,0.7461484860692238,0.2538515139307762,snapshot_884.xyz,16,10000,40.0,10000,all,884
0.274532,0.364644,0.0,0.7528767784469235,0.24712322155307653,snapshot_885.xyz,16,10000,40.0,10000,all,885
0.275344,0.363075,0.0,0.7583667286373339,0.2416332713626661,snapshot_886.xyz,16,10000,40.0,10000,all,886
0.274532,0.368954,0.0,0.7440819180710875,0.2559180819289125,snapshot_887.xyz,16,10000,40.0,10000,all,887
0.272908,0.363075,0.0,0.751657371066584,0.24834262893341597,snapshot_888.xyz,16,10000,40.0,10000,all,888
0.27372,0.362682,0.0,0.7547107383327544,0.24528926166724563,snapshot_889.xyz,16,10000,40.0,10000,all,889
0.274126,0.36229,0.0,0.7566479891799387,0.2433520108200613,snapshot_890.xyz,16,10000,40.0,10000,all,890
0.269655,0.360327,0.0,0.7483619046033185,0.25163809539668147,snapshot_891.xyz,16,10000,40.0,10000,all,891
0.267619,0.362682,0.0,0.7378888392586342,0.26211116074136576,snapshot_892.xyz,16,10000,40.0,10000,all,892
0.275344,0.366996,0.0,0.7502643080578535,0.2497356919421465,snapshot_893.xyz,16,10000,40.0,10000,all,893
0.268841,0.361505,0.0,0.7436715951369967,0.25632840486300335,snapshot_894.xyz,16,10000,40.0,10000,all,894
0.270062,0.365428,0.0,0.739029302625962,0.260970697374038,snapshot_895.xyz,16,10000,40.0,10000,all,895
0.268434,0.362682,0.0,0.7401359868976128,0.25986401310238716,snapshot_896.xyz,16,10000,40.0,10000,all,896
0.272501,0.36582,0.0,0.7449045978896726,0.25509540211032744,snapshot_897.xyz,16,10000,40.0,10000,all,897
0.272095,0.364644,0.0,0.7461935476793803,0.2538064523206197,snapshot_898.xyz,16,10000,40.0,10000,all,898
0.272908,0.36582,0.0,0.7460171669126893,0.25398283308731073,snapshot_899.xyz,16,10000,40.0,10000,all,899
0.26191,0.357577,0.0,0.7324576245116436,0.26754237548835635,snapshot_900.xyz,16,10000,40.0,10000,all,900
0.272908,0.368954,0.0,0.7396802853472249,0.26031971465277515,snapshot_901.xyz,16,10000,40.0,10000,all,901
0.251678,0.329923,0.0,0.762838601734344,0.23716139826565596,snapshot_902.xyz,16,10000,40.0,10000,all,902
0.246338,0.321572,0.0,0.7660430634507979,0.23395693654920213,snapshot_903.xyz,16,10000,40.0,10000,all,903
0.243457,0.324757,0.0,0.7496589757880507,0.25034102421194926,snapshot_904.xyz,16,10000,40.0,10000,all,904
0.245104,0.321174,0.0,0.7631501927304202,0.23684980726957983,snapshot_905.xyz,16,10000,40.0,10000,all,905
0.245515,0.317586,0.0,0.7730661930941541,0.22693380690584586,snapshot_906.xyz,16,10000,40.0,10000,all,906
0.244692,0.318783,0.0,0.7675817091877547,0.2324182908122453,snapshot_907.xyz,16,10000,40.0,10000,all,907
0.241808,0.323165,0.0,0.748249346309161,0.25175065369083904,snapshot_908.xyz,16,10000,40.0,10000,all,908
0.245927,0.321572,0.0,0.7647649670991256,0.23523503290087444,snapshot_909.xyz,16,10000,40.0,10000,all,909
0.241808,0.318783,0.0,0.7585348026714097,0.2414651973285903,snapshot_910.xyz,16,10000,40.0,10000,all,910
0.243045,0.321174,0.0,0.7567393375553438,0.24326066244465616,snapshot_911.xyz,16,10000,40.0,10000,all,911
0.241808,0.322369,0.0,0.7500969386014164,0.24990306139858365,snapshot_912.xyz,16,10000,40.0,10000,all,912
0.240159,0.321174,0.0,0.7477535541482188,0.25224644585178124,snapshot_913.xyz,16,10000,40.0,10000,all,913
0.24428,0.320377,0.0,0.7624767071294131,0.23752329287058693,snapshot_914.xyz,16,10000,40.0,10000,all,914
0.242633,0.322767,0.0,0.7517280267189643,0.24827197328103567,snapshot_915.xyz,16,10000,40.0,10000,all,915
0.241808,0.320377,0.0,0.7547607974355212,0.24523920256447884,snapshot_916.xyz,16,10000,40.0,10000,all,916
0.240571,0.319978,0.0,0.7518360637293815,0.2481639362706185,snapshot_917.xyz,16,10000,40.0,10000,all,917
0.240159,0.315192,0.0,0.7619451001294448,0.23805489987055517,snapshot_918.xyz,16,10000,40.0,10000,all,918
0.240984,0.31599,0.0,0.7626317288521789,0.2373682711478211,snapshot_919.xyz,16,10000,40.0,10000,all,919
0.243045,0.319978,0.0,0.7595678452893637,0.24043215471063628,snapshot_920.xyz,16,10000,40.0,10000,all,920
0.241808,0.321174,0.0,0.7528878427269953,0.24711215727300473,snapshot_921.xyz,16,10000,40.0,10000,all,921
0.241808,0.318783,0.0,0.7585348026714097,0.2414651973285903,snapshot_922.xyz,16,10000,40.0,10000,all,922
0.241808,0.319181,0.0,0.7575889542297317,0.24241104577026829,snapshot_923.xyz,16,10000,40.0,10000,all,923
0.237269,0.318384,0.0,0.7452290316096286,0.2547709683903714,snapshot_924.xyz,16,10000,40.0,10000,all,924
0.240159,0.320775,0.0,0.7486836567687633,0.25131634323123675,snapshot_925.xyz,16,10000,40.0,10000,all,925
0.238508,0.319181,0.0,0.7472499929507083,0.25275000704929174,snapshot_926.xyz,16,10000,40.0,10000,all,926
0.237269,0.311995,0.0,0.7604897514383243,0.2395102485616757,snapshot_927.xyz,16,10000,40.0,10000,all,927
0.240571,0.320775,0.0,0.749968046138259,0.25003195386174104,snapshot_928.xyz,16,10000,40.0,10000,all,928
0.243457,0.318783,0.0,0.76370760046803,0.23629239953197,snapshot_929.xyz,16,10000,40.0,10000,all,929
0.243457,0.319181,0.0,0.7627553018506741,0.23724469814932592,snapshot_930.xyz,16,10000,40.0,10000,all,930
0.234789,0.318783,0.0,0.7365166900367962,0.2634833099632038,snapshot_931.xyz,16,10000,40.0,10000,all,931
0.238921,0.321572,0.0,0.7429782443745101,0.2570217556254899,snapshot_932.xyz,16,10000,40.0,10000,all,932
0.243045,0.322369,0.0,0.7539341561998827,0.2460658438001173,snapshot_933.xyz,16,10000,40.0,10000,all,933
0.239746,0.316788,0.0,0.7568026566662878,0.24319734333371223,snapshot_934.xyz,16,10000,40.0,10000,all,934
0.240571,0.318384,0.0,0.755600155786723,0.24439984421327698,snapshot_935.xyz,16,10000,40.0,10000,all,935
0.241396,0.320377,0.0,0.7534748124865392,0.24652518751346075,snapshot_936.xyz,16,10000,40.0,10000,all,936
0.238921,0.321572,0.0,0.7429782443745101,0.2570217556254899,snapshot_937.xyz,16,10000,40.0,10000,all,937
0.238921,0.31599,0.0,0.7561030412354821,0.2438969587645179,snapshot_938.xyz,16,10000,40.0,10000,all,938
0.244692,0.319181,0.0,0.7666245797838844,0.23337542021611557,snapshot_939.xyz,16,10000,40.0,10000,all,939
0.237269,0.316389,0.0,0.7499280948452697,0.2500719051547303,snapshot_940.xyz,16,10000,40.0,10000,all,940
0.239334,0.318783,0.0,0.7507740375114106,0.24922596248858941,snapshot_941.xyz,16,10000,40.0,10000,all,941
0.240571,0.316389,0.0,0.7603646144461408,0.23963538555385921,snapshot_942.xyz,16,10000,40.0,10000,all,942
0.241808,0.315192,0.0,0.7671768318992866,0.23282316810071335,snapshot_943.xyz,16,10000,40.0,10000,all,943
0.244692,0.31958,0.0,0.7656674385130484,0.23433256148695158,snapshot_944.xyz,16,10000,40.0,10000,all,944
0.240984,0.319181,0.0,0.7550073469285453,0.24499265307145468,snapshot_945.xyz,16,10000,40.0,10000,all,945
0.243045,0.31599,0.0,0.7691540871546568,0.23084591284534317,snapshot_946.xyz,16,10000,40.0,10000,all,946
0.241396,0.316389,0.0,0.7629721640132875,0.2370278359867125,snapshot_947.xyz,16,10000,40.0,10000,all,947
0.242221,0.318384,0.0,0.7607825770139203,0.23921742298607973,snapshot_948.xyz,16,10000,40.0,10000,all,948
0.242633,0.320775,0.0,0.7563962278855896,0.24360377211441042,snapshot_949.xyz,16,10000,40.0,10000,all,949
0.240159,0.320377,0.0,0.7496137363169016,0.25038626368309835,snapshot_950.xyz,16,10000,40.0,10000,all,950
0.240571,0.313594,0.0,0.7671415907192103,0.2328584092807897,snapshot_951.xyz,16,10000,40.0,10000,all,951
0.241808,0.31958,0.0,0.7566430940609551,0.2433569059390449,snapshot_952.xyz,16,10000,40.0,10000,all,952
0.247571,0.326347,0.0,0.7586127649403855,0.24138723505961446,snapshot_953.xyz,16,10000,40.0,10000,all,953
0.236029,0.318783,0.0,0.740406483407208,0.25959351659279195,snapshot_954.xyz,16,10000,40.0,10000,all,954
0.243045,0.319978,0.0,0.7595678452893637,0.24043215471063628,snapshot_955.xyz,16,10000,40.0,10000,all,955
0.243457,0.317985,0.0,0.7656241646618551,0.23437583533814488,snapshot_956.xyz,16,10000,40.0,10000,all,956
0.240984,0.31599,0.0,0.7626317288521789,0.2373682711478211,snapshot_957.xyz,16,10000,40.0,10000,all,957
0.241808,0.32197,0.0,0.7510264931515359,0.2489735068484641,snapshot_958.xyz,16,10000,40.0,10000,all,958
0.240571,0.317586,0.0,0.7574987562424037,0.2425012437575963,snapshot_959.xyz,16,10000,40.0,10000,all,959
0.240571,0.321572,0.0,0.7481092881221002,0.2518907118778998,snapshot_960.xyz,16,10000,40.0,10000,all,960
0.238921,0.317187,0.0,0.753249660295031,0.24675033970496896,snapshot_961.xyz,16,10000,40.0,10000,all,961
0.245104,0.322767,0.0,0.7593837040341793,0.24061629596582068,snapshot_962.xyz,16,10000,40.0,10000,all,962
0.243869,0.320775,0.0,0.7602493959940769,0.23975060400592307,snapshot_963.xyz,16,10000,40.0,10000,all,963
0.241396,0.322767,0.0,0.7478955407461109,0.25210445925388913,snapshot_964.xyz,16,10000,40.0,10000,all,964
0.242221,0.318384,0.0,0.7607825770139203,0.23921742298607973,snapshot_965.xyz,16,10000,40.0,10000,all,965
0.245515,0.318783,0.0,0.7701634026908587,0.2298365973091413,snapshot_966.xyz,16,10000,40.0,10000,all,966
0.244692,0.318783,0.0,0.7675817091877547,0.2324182908122453,snapshot_967.xyz,16,10000,40.0,10000,all,967
0.240159,0.321572,0.0,0.7468280820469444,0.2531719179530556,snapshot_968.xyz,16,10000,40.0,10000,all,968
0.246338,0.320775,0.0,0.7679463798612736,0.23205362013872644,snapshot_969.xyz,16,10000,40.0,10000,all,969
0.242633,0.318384,0.0,0.7620766118900447,0.23792338810995528,snapshot_970.xyz,16,10000,40.0,10000,all,970
0.243045,0.319978,0.0,0.7595678452893637,0.24043215471063628,snapshot_971.xyz,16,10000,40.0,10000,all,971
0.242633,0.318384,0.0,0.7620766118900447,0.23792338810995528,snapshot_972.xyz,16,10000,40.0,10000,all,972
0.243869,0.323961,0.0,0.7527727102953751,0.24722728970462493,snapshot_973.xyz,16,10000,40.0,10000,all,973
0.24428,0.320775,0.0,0.7615306679136467,0.23846933208635335,snapshot_974.xyz,16,10000,40.0,10000,all,974
0.241396,0.322767,0.0,0.7478955407461109,0.25210445925388913,snapshot_975.xyz,16,10000,40.0,10000,all,975
0.239334,0.319978,0.0,0.7479701729493903,0.2520298270506097,snapshot_976.xyz,16,10000,40.0,10000,all,976
0.242633,0.318783,0.0,0.7611227700347886,0.23887722996521144,snapshot_977.xyz,16,10000,40.0,10000,all,977
0.242221,0.31958,0.0,0.7579354152324926,0.24206458476750736,snapshot_978.xyz,16,10000,40.0,10000,all,978
0.245515,0.321572,0.0,0.7634837610239698,0.23651623897603025,snapshot_979.xyz,16,10000,40.0,10000,all,979
0.243457,0.321174,0.0,0.7580221313057719,0.2419778686942281,snapshot_980.xyz,16,10000,40.0,10000,all,980
0.246338,0.320775,0.0,0.7679463798612736,0.23205362013872644,snapshot_981.xyz,16,10000,40.0,10000,all,981
0.245927,0.31958,0.0,0.7695318855998499,0.23046811440015014,snapshot_982.xyz,16,10000,40.0,10000,all,982
0.240571,0.318783,0.0,0.7546544200914103,0.24534557990858974,snapshot_983.xyz,16,10000,40.0,10000,all,983
0.235202,0.320775,0.0,0.7332304574857766,0.26676954251422336,snapshot_984.xyz,16,10000,40.0,10000,all,984
0.241396,0.322369,0.0,0.7488189000803427,0.2511810999196573,snapshot_985.xyz,16,10000,40.0,10000,all,985
0.236443,0.325552,0.0,0.7262833587261021,0.27371664127389794,snapshot_986.xyz,16,10000,40.0,10000,all,986
0.245515,0.316389,0.0,0.7759909478521694,0.22400905214783062,snapshot_987.xyz,16,10000,40.0,10000,all,987
0.242633,0.321174,0.0,0.7554565438049157,0.24454345619508433,snapshot_988.xyz,16,10000,40.0,10000,all,988
0.242633,0.325154,0.0,0.7462094884270223,0.2537905115729777,snapshot_989.xyz,16,10000,40.0,10000,all,989
0.240159,0.321174,0.0,0.7477535541482188,0.25224644585178124,snapshot_990.xyz,16,10000,40.0,10000,all,990
0.247571,0.323165,0.0,0.766082341837761,0.23391765816223897,snapshot_991.xyz,16,10000,40.0,10000,all,991
0.241808,0.321174,0.0,0.7528878427269953,0.24711215727300473,snapshot_992.xyz,16,10000,40.0,10000,all,992
0.243045,0.320377,0.0,0.7586218736051589,0.24137812639484113,snapshot_993.xyz,16,10000,40.0,10000,all,993
0.24428,0.327142,0.0,0.7467093800245765,0.25329061997542346,snapshot_994.xyz,16,10000,40.0,10000,all,994
0.238921,0.319978,0.0,0.7466794592128209,0.25332054078717914,snapshot_995.xyz,16,10000,40.0,10000,all,995
0.239746,0.323165,0.0,0.7418687048411802,0.25813129515881983,snapshot_996.xyz,16,10000,40.0,10000,all,996
0.240159,0.32197,0.0,0.7459048979718608,0.25409510202813923,snapshot_997.xyz,16,10000,40.0,10000,all,997
0.245515,0.322369,0.0,0.7615961832558341,0.2384038167441659,snapshot_998.xyz,16,10000,40.0,10000,all,998
0.243869,0.323563,0.0,0.7536986614662369,0.24630133853376313,snapshot_999.xyz,16,10000,40.0,10000,all,999
0.239334,0.317985,0.0,0.7526581442520873,0.24734185574791268,snapshot_1000.xyz,16,10000,40.0,10000,all,1000
0.249215,0.32595,0.0,0.7645804571253259,0.23541954287467415,snapshot_1001.xyz,16,10000,40.0,10000,all,1001
