cid,cid_shuffled,cid_shuffled_std,cid_normalized,compression_gain,snapshot,nbins,n_particles_total,box_length,n_particles_filtered,atom_types,snapshot_num
0.421617,0.496952,0.0,0.8484058822582463,0.1515941177417537,snapshot_1.xyz,8,10000,40.0,10000,all,1
0.923335,0.973165,0.0,0.9487959390237011,0.051204060976298926,snapshot_2.xyz,8,10000,40.0,10000,all,2
0.976975,1.02433,0.0,0.9537697812228482,0.04623021877715183,snapshot_3.xyz,8,10000,40.0,10000,all,3
0.971259,1.00734,0.0,0.9641819048186313,0.03581809518136869,snapshot_4.xyz,8,10000,40.0,10000,all,4
0.976975,0.990284,0.0,0.9865604210509308,0.01343957894906922,snapshot_5.xyz,8,10000,40.0,10000,all,5
0.982684,1.00166,0.0,0.9810554479563924,0.018944552043607565,snapshot_6.xyz,8,10000,40.0,10000,all,6
0.992182,1.00166,0.0,0.9905377074057066,0.009462292594293431,snapshot_7.xyz,8,10000,40.0,10000,all,7
0.992182,1.03374,0.0,0.9597984019192446,0.04020159808075541,snapshot_8.xyz,8,10000,40.0,10000,all,8
0.990284,1.02621,0.0,0.9649915709260288,0.03500842907397117,snapshot_9.xyz,8,10000,40.0,10000,all,9
0.984585,1.02244,0.0,0.9629758225421541,0.03702417745784592,snapshot_10.xyz,8,10000,40.0,10000,all,10
0.980781,1.01301,0.0,0.9681849142654071,0.03181508573459291,snapshot_11.xyz,8,10000,40.0,10000,all,11
0.984585,1.0149,0.0,0.9701300620750815,0.029869937924918544,snapshot_12.xyz,8,10000,40.0,10000,all,12
0.971259,1.00923,0.0,0.9623762670550815,0.0376237329449185,snapshot_13.xyz,8,10000,40.0,10000,all,13
0.984585,1.01867,0.0,0.966539703731336,0.03346029626866398,snapshot_14.xyz,8,10000,40.0,10000,all,14
0.994079,0.999766,0.0,0.9943116689305298,0.005688331069470198,snapshot_15.xyz,8,10000,40.0,10000,all,15
0.984585,1.01867,0.0,0.966539703731336,0.03346029626866398,snapshot_16.xyz,8,10000,40.0,10000,all,16
0.971259,1.01301,0.0,0.9587852044895905,0.04121479551040952,snapshot_17.xyz,8,10000,40.0,10000,all,17
0.978879,1.00923,0.0,0.9699265776879403,0.030073422312059672,snapshot_18.xyz,8,10000,40.0,10000,all,18
0.997871,1.00355,0.0,0.9943410891335758,0.005658910866424227,snapshot_19.xyz,8,10000,40.0,10000,all,19
0.986485,0.994079,0.0,0.9923607681079671,0.007639231892032861,snapshot_20.xyz,8,10000,40.0,10000,all,20
0.995975,1.00734,0.0,0.9887178112653128,0.011282188734687226,snapshot_21.xyz,8,10000,40.0,10000,all,21
0.980781,1.01112,0.0,0.9699946593876098,0.03000534061239024,snapshot_22.xyz,8,10000,40.0,10000,all,22
0.984585,1.02244,0.0,0.9629758225421541,0.03702417745784592,snapshot_23.xyz,8,10000,40.0,10000,all,23
0.980781,1.0149,0.0,0.9663819095477388,0.03361809045226116,snapshot_24.xyz,8,10000,40.0,10000,all,24
0.982684,0.999766,0.0,0.9829140018764391,0.01708599812356093,snapshot_25.xyz,8,10000,40.0,10000,all,25
0.980781,0.986485,0.0,0.9942178543008764,0.005782145699123609,snapshot_26.xyz,8,10000,40.0,10000,all,26
0.994079,1.00166,0.0,0.9924315636044168,0.0075684363955832445,snapshot_27.xyz,8,10000,40.0,10000,all,27
0.976975,0.980781,0.0,0.9961194191159902,0.0038805808840097766,snapshot_28.xyz,8,10000,40.0,10000,all,28
0.988385,0.982684,0.0,1.0058014580475514,-0.005801458047551389,snapshot_29.xyz,8,10000,40.0,10000,all,29
1.00923,1.00734,0.0,1.0018762284829354,-0.0018762284829354492,snapshot_30.xyz,8,10000,40.0,10000,all,30
1.00355,0.986485,0.0,1.0172987931899624,-0.017298793189962414,snapshot_31.xyz,8,10000,40.0,10000,all,31
0.982684,0.995975,0.0,0.9866552875323176,0.01334471246768243,snapshot_32.xyz,8,10000,40.0,10000,all,32
0.971259,0.986485,0.0,0.98456540139992,0.015434598600080007,snapshot_33.xyz,8,10000,40.0,10000,all,33
0.992182,0.990284,0.0,1.0019166218983644,-0.0019166218983643901,snapshot_34.xyz,8,10000,40.0,10000,all,34
0.973165,0.997871,0.0,0.97524128870365,0.02475871129634999,snapshot_35.xyz,8,10000,40.0,10000,all,35
0.963626,0.97507,0.0,0.9882634067297732,0.011736593270226803,snapshot_36.xyz,8,10000,40.0,10000,all,36
0.994079,0.997871,0.0,0.9961999096075546,0.0038000903924454432,snapshot_37.xyz,8,10000,40.0,10000,all,37
0.973165,0.994079,0.0,0.9789614306307647,0.021038569369235316,snapshot_38.xyz,8,10000,40.0,10000,all,38
0.973165,0.984585,0.0,0.9884012045684222,0.011598795431577824,snapshot_39.xyz,8,10000,40.0,10000,all,39
0.984585,0.988385,0.0,0.9961553443243272,0.0038446556756728256,snapshot_40.xyz,8,10000,40.0,10000,all,40
0.976975,0.984585,0.0,0.9922708552334232,0.007729144766576823,snapshot_41.xyz,8,10000,40.0,10000,all,41
0.995975,0.997871,0.0,0.9980999548037773,0.001900045196222666,snapshot_42.xyz,8,10000,40.0,10000,all,42
0.97507,0.978879,0.0,0.9961088142661145,0.0038911857338854716,snapshot_43.xyz,8,10000,40.0,10000,all,43
0.961716,0.959805,0.0,1.0019910294278525,-0.001991029427852453,snapshot_44.xyz,8,10000,40.0,10000,all,44
0.976975,0.995975,0.0,0.9809232159441753,0.01907678405582469,snapshot_45.xyz,8,10000,40.0,10000,all,45
0.971259,0.992182,0.0,0.9789121350719928,0.021087864928007183,snapshot_46.xyz,8,10000,40.0,10000,all,46
0.957893,0.984585,0.0,0.9728901009054576,0.027109899094542422,snapshot_47.xyz,8,10000,40.0,10000,all,47
0.982684,0.997871,0.0,0.9847805978929141,0.015219402107085944,snapshot_48.xyz,8,10000,40.0,10000,all,48
0.976975,0.997871,0.0,0.9790594174998573,0.020940582500142746,snapshot_49.xyz,8,10000,40.0,10000,all,49
0.984585,0.992182,0.0,0.9923431386580285,0.0076568613419715215,snapshot_50.xyz,8,10000,40.0,10000,all,50
0.971259,0.97507,0.0,0.99609156265704,0.003908437342959981,snapshot_51.xyz,8,10000,40.0,10000,all,51
0.971259,0.971259,0.0,1.0,0.0,snapshot_52.xyz,8,10000,40.0,10000,all,52
0.952153,0.982684,0.0,0.9689310093580439,0.031068990641956118,snapshot_53.xyz,8,10000,40.0,10000,all,53
0.976975,1.00355,0.0,0.9735190075232925,0.026480992476707543,snapshot_54.xyz,8,10000,40.0,10000,all,54
0.959805,0.984585,0.0,0.9748320358323558,0.02516796416764422,snapshot_55.xyz,8,10000,40.0,10000,all,55
0.959805,0.984585,0.0,0.9748320358323558,0.02516796416764422,snapshot_56.xyz,8,10000,40.0,10000,all,56
0.969352,0.980781,0.0,0.9883470417962827,0.011652958203717256,snapshot_57.xyz,8,10000,40.0,10000,all,57
0.950237,0.973165,0.0,0.976439760986061,0.023560239013939,snapshot_58.xyz,8,10000,40.0,10000,all,58
0.965536,0.980781,0.0,0.984456264956193,0.015543735043807017,snapshot_59.xyz,8,10000,40.0,10000,all,59
0.988385,0.963626,0.0,1.0256935782139545,-0.02569357821395446,snapshot_60.xyz,8,10000,40.0,10000,all,60
0.986485,0.965536,0.0,1.0216967570344349,-0.021696757034434855,snapshot_61.xyz,8,10000,40.0,10000,all,61
0.984585,0.97507,0.0,1.0097582737649604,-0.009758273764960412,snapshot_62.xyz,8,10000,40.0,10000,all,62
0.961716,0.992182,0.0,0.9692939400231007,0.030706059976899347,snapshot_63.xyz,8,10000,40.0,10000,all,63
0.969352,1.00355,0.0,0.9659229734442729,0.034077026555727086,snapshot_64.xyz,8,10000,40.0,10000,all,64
0.984585,0.976975,0.0,1.0077893497786534,-0.0077893497786534205,snapshot_65.xyz,8,10000,40.0,10000,all,65
0.965536,0.97507,0.0,0.9902222404545314,0.009777759545468556,snapshot_66.xyz,8,10000,40.0,10000,all,66
0.965536,0.959805,0.0,1.0059710045269612,-0.005971004526961199,snapshot_67.xyz,8,10000,40.0,10000,all,67
0.97507,0.980781,0.0,0.9941770894827693,0.005822910517230717,snapshot_68.xyz,8,10000,40.0,10000,all,68
0.969352,0.969352,0.0,1.0,0.0,snapshot_69.xyz,8,10000,40.0,10000,all,69
0.959805,0.97507,0.0,0.9843447137128617,0.015655286287138304,snapshot_70.xyz,8,10000,40.0,10000,all,70
0.959805,0.965536,0.0,0.9940644367480861,0.005935563251913911,snapshot_71.xyz,8,10000,40.0,10000,all,71
0.950237,0.969352,0.0,0.9802806410880671,0.019719358911932883,snapshot_72.xyz,8,10000,40.0,10000,all,72
0.971259,0.963626,0.0,1.0079211229252842,-0.00792112292528424,snapshot_73.xyz,8,10000,40.0,10000,all,73
0.978879,0.967444,0.0,1.0118198055908147,-0.011819805590814747,snapshot_74.xyz,8,10000,40.0,10000,all,74
0.961716,0.980781,0.0,0.9805614097336715,0.019438590266328548,snapshot_75.xyz,8,10000,40.0,10000,all,75
0.959805,0.955981,0.0,1.004000079499488,-0.004000079499488107,snapshot_76.xyz,8,10000,40.0,10000,all,76
0.952153,0.931038,0.0,1.0226789883978957,-0.022678988397895727,snapshot_77.xyz,8,10000,40.0,10000,all,77
0.946404,0.963626,0.0,0.9821279209983956,0.01787207900160437,snapshot_78.xyz,8,10000,40.0,10000,all,78
0.963626,0.959805,0.0,1.0039810169774068,-0.003981016977406826,snapshot_79.xyz,8,10000,40.0,10000,all,79
0.942568,0.946404,0.0,0.9959467626933106,0.004053237306689383,snapshot_80.xyz,8,10000,40.0,10000,all,80
0.950237,0.973165,0.0,0.976439760986061,0.023560239013939,snapshot_81.xyz,8,10000,40.0,10000,all,81
0.969352,0.973165,0.0,0.9960818566224638,0.003918143377536154,snapshot_82.xyz,8,10000,40.0,10000,all,82
0.954067,0.954067,0.0,1.0,0.0,snapshot_83.xyz,8,10000,40.0,10000,all,83
0.959805,0.957893,0.0,1.0019960475752512,-0.001996047575251181,snapshot_84.xyz,8,10000,40.0,10000,all,84
0.961716,0.961716,0.0,1.0,0.0,snapshot_85.xyz,8,10000,40.0,10000,all,85
0.952153,0.952153,0.0,1.0,0.0,snapshot_86.xyz,8,10000,40.0,10000,all,86
0.954067,0.950237,0.0,1.0040305734253665,-0.0040305734253665015,snapshot_87.xyz,8,10000,40.0,10000,all,87
0.955981,0.961716,0.0,0.9940367010635156,0.005963298936484396,snapshot_88.xyz,8,10000,40.0,10000,all,88
0.955981,0.942568,0.0,1.0142302730413084,-0.014230273041308417,snapshot_89.xyz,8,10000,40.0,10000,all,89
0.946404,0.957893,0.0,0.988005967263567,0.011994032736432958,snapshot_90.xyz,8,10000,40.0,10000,all,90
0.944487,0.973165,0.0,0.9705312048830363,0.029468795116963653,snapshot_91.xyz,8,10000,40.0,10000,all,91
0.967444,0.967444,0.0,1.0,0.0,snapshot_92.xyz,8,10000,40.0,10000,all,92
0.963626,0.954067,0.0,1.0100192124871734,-0.010019212487173412,snapshot_93.xyz,8,10000,40.0,10000,all,93
0.957893,0.963626,0.0,0.9940505963932065,0.005949403606793524,snapshot_94.xyz,8,10000,40.0,10000,all,94
0.942568,0.942568,0.0,1.0,0.0,snapshot_95.xyz,8,10000,40.0,10000,all,95
0.959805,0.973165,0.0,0.986271598341494,0.013728401658505973,snapshot_96.xyz,8,10000,40.0,10000,all,96
0.952153,0.946404,0.0,1.0060745728040035,-0.006074572804003475,snapshot_97.xyz,8,10000,40.0,10000,all,97
0.955981,0.946404,0.0,1.0101193570610436,-0.01011935706104361,snapshot_98.xyz,8,10000,40.0,10000,all,98
0.948321,0.952153,0.0,0.995975436720779,0.004024563279220961,snapshot_99.xyz,8,10000,40.0,10000,all,99
0.944487,0.940649,0.0,1.004080161675609,-0.004080161675608984,snapshot_100.xyz,8,10000,40.0,10000,all,100
0.950237,0.948321,0.0,1.0020204129192543,-0.0020204129192542553,snapshot_101.xyz,8,10000,40.0,10000,all,101
0.944487,0.950237,0.0,0.9939488780167474,0.006051121983252639,snapshot_102.xyz,8,10000,40.0,10000,all,102
0.944487,0.946404,0.0,0.9979744379778615,0.0020255620221385495,snapshot_103.xyz,8,10000,40.0,10000,all,103
0.973165,0.955981,0.0,1.0179752526462347,-0.017975252646234674,snapshot_104.xyz,8,10000,40.0,10000,all,104
0.967444,0.938728,0.0,1.0305903307454343,-0.03059033074543427,snapshot_105.xyz,8,10000,40.0,10000,all,105
0.978879,0.957893,0.0,1.0219085012626672,-0.02190850126266719,snapshot_106.xyz,8,10000,40.0,10000,all,106
0.940649,0.961716,0.0,0.9780943646565098,0.021905635343490215,snapshot_107.xyz,8,10000,40.0,10000,all,107
0.954067,0.946404,0.0,1.0080969649325235,-0.008096964932523543,snapshot_108.xyz,8,10000,40.0,10000,all,108
0.955981,0.969352,0.0,0.9862062491231255,0.013793750876874511,snapshot_109.xyz,8,10000,40.0,10000,all,109
0.965536,0.955981,0.0,1.0099949685192489,-0.009994968519248859,snapshot_110.xyz,8,10000,40.0,10000,all,110
0.942568,0.957893,0.0,0.9840013446178226,0.015998655382177374,snapshot_111.xyz,8,10000,40.0,10000,all,111
0.957893,0.938728,0.0,1.0204159245276587,-0.020415924527658724,snapshot_112.xyz,8,10000,40.0,10000,all,112
0.938728,0.954067,0.0,0.9839225127795008,0.016077487220499176,snapshot_113.xyz,8,10000,40.0,10000,all,113
0.948321,0.950237,0.0,0.9979836609182762,0.002016339081723828,snapshot_114.xyz,8,10000,40.0,10000,all,114
0.952153,0.954067,0.0,0.9979938515848468,0.0020061484151532305,snapshot_115.xyz,8,10000,40.0,10000,all,115
0.950237,0.957893,0.0,0.9920074580355008,0.007992541964499167,snapshot_116.xyz,8,10000,40.0,10000,all,116
0.963626,0.961716,0.0,1.0019860332988118,-0.0019860332988117513,snapshot_117.xyz,8,10000,40.0,10000,all,117
0.965536,0.948321,0.0,1.0181531359107305,-0.018153135910730533,snapshot_118.xyz,8,10000,40.0,10000,all,118
0.929114,0.955981,0.0,0.9718958849600567,0.028104115039943256,snapshot_119.xyz,8,10000,40.0,10000,all,119
0.969352,0.961716,0.0,1.0079399739632073,-0.007939973963207336,snapshot_120.xyz,8,10000,40.0,10000,all,120
0.963626,0.965536,0.0,0.9980218241474166,0.001978175852583419,snapshot_121.xyz,8,10000,40.0,10000,all,121
0.967444,0.976975,0.0,0.99024437677525,0.009755623224749987,snapshot_122.xyz,8,10000,40.0,10000,all,122
0.978879,0.969352,0.0,1.0098282151375353,-0.00982821513753529,snapshot_123.xyz,8,10000,40.0,10000,all,123
0.957893,0.959805,0.0,0.9980079286938492,0.0019920713061507556,snapshot_124.xyz,8,10000,40.0,10000,all,124
0.957893,0.984585,0.0,0.9728901009054576,0.027109899094542422,snapshot_125.xyz,8,10000,40.0,10000,all,125
0.986485,0.957893,0.0,1.0298488453303238,-0.029848845330323837,snapshot_126.xyz,8,10000,40.0,10000,all,126
0.965536,0.982684,0.0,0.9825498329066108,0.0174501670933892,snapshot_127.xyz,8,10000,40.0,10000,all,127
0.978879,0.986485,0.0,0.9922897966010635,0.007710203398936466,snapshot_128.xyz,8,10000,40.0,10000,all,128
0.944487,0.976975,0.0,0.9667463343483712,0.033253665651628794,snapshot_129.xyz,8,10000,40.0,10000,all,129
0.961716,0.980781,0.0,0.9805614097336715,0.019438590266328548,snapshot_130.xyz,8,10000,40.0,10000,all,130
0.967444,0.952153,0.0,1.0160593938159097,-0.016059393815909706,snapshot_131.xyz,8,10000,40.0,10000,all,131
0.965536,0.988385,0.0,0.9768824901227761,0.02311750987722394,snapshot_132.xyz,8,10000,40.0,10000,all,132
0.965536,0.97507,0.0,0.9902222404545314,0.009777759545468556,snapshot_133.xyz,8,10000,40.0,10000,all,133
0.978879,0.984585,0.0,0.9942046649095813,0.005795335090418741,snapshot_134.xyz,8,10000,40.0,10000,all,134
0.982684,0.971259,0.0,1.0117630827616526,-0.01176308276165261,snapshot_135.xyz,8,10000,40.0,10000,all,135
0.973165,0.980781,0.0,0.9922347598495485,0.007765240150451547,snapshot_136.xyz,8,10000,40.0,10000,all,136
0.982684,0.965536,0.0,1.0177600835183773,-0.017760083518377323,snapshot_137.xyz,8,10000,40.0,10000,all,137
0.997871,0.988385,0.0,1.0095974746682719,-0.009597474668271877,snapshot_138.xyz,8,10000,40.0,10000,all,138
0.978879,0.999766,0.0,0.9791081112980438,0.02089188870195624,snapshot_139.xyz,8,10000,40.0,10000,all,139
0.969352,0.997871,0.0,0.9714201535068161,0.028579846493183902,snapshot_140.xyz,8,10000,40.0,10000,all,140
0.994079,0.967444,0.0,1.0275313093057583,-0.02753130930575831,snapshot_141.xyz,8,10000,40.0,10000,all,141
0.976975,0.999766,0.0,0.977203665657764,0.022796334342236046,snapshot_142.xyz,8,10000,40.0,10000,all,142
0.986485,0.982684,0.0,1.00386797790541,-0.003867977905410047,snapshot_143.xyz,8,10000,40.0,10000,all,143
0.992182,0.990284,0.0,1.0019166218983644,-0.0019166218983643901,snapshot_144.xyz,8,10000,40.0,10000,all,144
0.994079,0.994079,0.0,1.0,0.0,snapshot_145.xyz,8,10000,40.0,10000,all,145
0.980781,0.97507,0.0,1.0058570153937667,-0.005857015393766707,snapshot_146.xyz,8,10000,40.0,10000,all,146
0.999766,1.00923,0.0,0.990622553828166,0.009377446171834003,snapshot_147.xyz,8,10000,40.0,10000,all,147
0.986485,1.00355,0.0,0.9829953664491057,0.01700463355089432,snapshot_148.xyz,8,10000,40.0,10000,all,148
1.00545,1.02998,0.0,0.9761840035728849,0.02381599642711507,snapshot_149.xyz,8,10000,40.0,10000,all,149
1.01112,1.0149,0.0,0.9962754951226723,0.0037245048773276723,snapshot_150.xyz,8,10000,40.0,10000,all,150
1.02056,1.0149,0.0,1.0055769041284857,-0.00557690412848566,snapshot_151.xyz,8,10000,40.0,10000,all,151
1.02621,1.01301,0.0,1.0130304735392544,-0.01303047353925435,snapshot_152.xyz,8,10000,40.0,10000,all,152
1.02433,1.01301,0.0,1.011174618216997,-0.011174618216996945,snapshot_153.xyz,8,10000,40.0,10000,all,153
1.0149,1.03374,0.0,0.9817749143885308,0.018225085611469183,snapshot_154.xyz,8,10000,40.0,10000,all,154
1.02244,1.01678,0.0,1.0055665925765653,-0.005566592576565332,snapshot_155.xyz,8,10000,40.0,10000,all,155
1.02621,1.02998,0.0,0.9963397347521312,0.003660265247868777,snapshot_156.xyz,8,10000,40.0,10000,all,156
1.00545,1.02809,0.0,0.977978581641685,0.022021418358314948,snapshot_157.xyz,8,10000,40.0,10000,all,157
1.01112,1.01112,0.0,1.0,0.0,snapshot_158.xyz,8,10000,40.0,10000,all,158
1.00545,1.01678,0.0,0.988856979877653,0.011143020122347025,snapshot_159.xyz,8,10000,40.0,10000,all,159
0.990284,0.999766,0.0,0.9905157806926821,0.00948421930731791,snapshot_160.xyz,8,10000,40.0,10000,all,160
0.980781,1.00734,0.0,0.9736345226040861,0.026365477395913883,snapshot_161.xyz,8,10000,40.0,10000,all,161
0.984585,1.00166,0.0,0.9829532975261067,0.017046702473893283,snapshot_162.xyz,8,10000,40.0,10000,all,162
0.963626,0.988385,0.0,0.9749500447700036,0.025049955229996423,snapshot_163.xyz,8,10000,40.0,10000,all,163
0.927188,0.973165,0.0,0.9527551854002149,0.047244814599785134,snapshot_164.xyz,8,10000,40.0,10000,all,164
0.927188,0.942568,0.0,0.9836828748695055,0.016317125130494547,snapshot_165.xyz,8,10000,40.0,10000,all,165
0.89238,0.915617,0.0,0.9746214847474435,0.02537851525255652,snapshot_166.xyz,8,10000,40.0,10000,all,166
0.857279,0.89238,0.0,0.9606658598354961,0.03933414016450387,snapshot_167.xyz,8,10000,40.0,10000,all,167
0.849437,0.867059,0.0,0.9796761235394592,0.02032387646054079,snapshot_168.xyz,8,10000,40.0,10000,all,168
0.77815,0.813957,0.0,0.9560087326480391,0.043991267351960905,snapshot_169.xyz,8,10000,40.0,10000,all,169
0.762126,0.815937,0.0,0.9340500553351545,0.0659499446648455,snapshot_170.xyz,8,10000,40.0,10000,all,170
0.741998,0.794106,0.0,0.934381556114675,0.065618443885325,snapshot_171.xyz,8,10000,40.0,10000,all,171
0.735938,0.762126,0.0,0.9656382277996027,0.03436177220039727,snapshot_172.xyz,8,10000,40.0,10000,all,172
0.699358,0.737959,0.0,0.9476922159632175,0.05230778403678249,snapshot_173.xyz,8,10000,40.0,10000,all,173
0.682977,0.733916,0.0,0.9305928743888946,0.0694071256111054,snapshot_174.xyz,8,10000,40.0,10000,all,174
0.672698,0.717695,0.0,0.9373034506301424,0.06269654936985758,snapshot_175.xyz,8,10000,40.0,10000,all,175
0.649973,0.705481,0.0,0.9213189299215713,0.07868107007842873,snapshot_176.xyz,8,10000,40.0,10000,all,176
0.658254,0.697315,0.0,0.9439837089407226,0.05601629105927741,snapshot_177.xyz,8,10000,40.0,10000,all,177
0.664452,0.697315,0.0,0.9528720879373024,0.04712791206269762,snapshot_178.xyz,8,10000,40.0,10000,all,178
0.627088,0.670638,0.0,0.9350618366391407,0.06493816336085934,snapshot_179.xyz,8,10000,40.0,10000,all,179
0.633346,0.680923,0.0,0.9301286635933872,0.0698713364066128,snapshot_180.xyz,8,10000,40.0,10000,all,180
0.629176,0.662388,0.0,0.9498602027814513,0.050139797218548665,snapshot_181.xyz,8,10000,40.0,10000,all,181
0.608242,0.649973,0.0,0.9357957945945445,0.06420420540545546,snapshot_182.xyz,8,10000,40.0,10000,all,182
0.595614,0.637511,0.0,0.9342803496723977,0.0657196503276023,snapshot_183.xyz,8,10000,40.0,10000,all,183
0.591393,0.620819,0.0,0.9526013218023287,0.047398678197671296,snapshot_184.xyz,8,10000,40.0,10000,all,184
0.587166,0.637511,0.0,0.9210288136204707,0.07897118637952927,snapshot_185.xyz,8,10000,40.0,10000,all,185
0.582934,0.614537,0.0,0.9485742925161543,0.05142570748384567,snapshot_186.xyz,8,10000,40.0,10000,all,186
0.568072,0.61244,0.0,0.9275553523610477,0.07244464763895231,snapshot_187.xyz,8,10000,40.0,10000,all,187
0.55741,0.587166,0.0,0.9493226787654598,0.05067732123454016,snapshot_188.xyz,8,10000,40.0,10000,all,188
0.555273,0.61244,0.0,0.9066569786428059,0.09334302135719408,snapshot_189.xyz,8,10000,40.0,10000,all,189
0.542418,0.58928,0.0,0.920475834917187,0.07952416508281301,snapshot_190.xyz,8,10000,40.0,10000,all,190
0.527346,0.591393,0.0,0.8917014574064962,0.1082985425935038,snapshot_191.xyz,8,10000,40.0,10000,all,191
0.529504,0.58928,0.0,0.8985609557426011,0.10143904425739891,snapshot_192.xyz,8,10000,40.0,10000,all,192
0.523025,0.593504,0.0,0.8812493260365557,0.1187506739634443,snapshot_193.xyz,8,10000,40.0,10000,all,193
0.525186,0.593504,0.0,0.8848904135439694,0.11510958645603064,snapshot_194.xyz,8,10000,40.0,10000,all,194
0.512192,0.591393,0.0,0.8660772109240387,0.13392278907596133,snapshot_195.xyz,8,10000,40.0,10000,all,195
0.503494,0.572326,0.0,0.8797328795127253,0.12026712048727473,snapshot_196.xyz,8,10000,40.0,10000,all,196
0.494768,0.55741,0.0,0.8876195260221381,0.11238047397786188,snapshot_197.xyz,8,10000,40.0,10000,all,197
0.486013,0.565943,0.0,0.8587666955859512,0.1412333044140488,snapshot_198.xyz,8,10000,40.0,10000,all,198
0.490394,0.5702,0.0,0.8600385829533497,0.13996141704665033,snapshot_199.xyz,8,10000,40.0,10000,all,199
0.488205,0.5702,0.0,0.8561995790950543,0.1438004209049457,snapshot_200.xyz,8,10000,40.0,10000,all,200
0.48382,0.546709,0.0,0.8849680543031119,0.11503194569688813,snapshot_201.xyz,8,10000,40.0,10000,all,201
0.488205,0.542418,0.0,0.9000530955831113,0.0999469044168887,snapshot_202.xyz,8,10000,40.0,10000,all,202
0.48382,0.555273,0.0,0.8713191529211757,0.12868084707882432,snapshot_203.xyz,8,10000,40.0,10000,all,203
0.481625,0.54027,0.0,0.8914524219371796,0.10854757806282045,snapshot_204.xyz,8,10000,40.0,10000,all,204
0.477229,0.53812,0.0,0.8868449416487029,0.11315505835129713,snapshot_205.xyz,8,10000,40.0,10000,all,205
0.477229,0.535968,0.0,0.8904057704937608,0.1095942295062392,snapshot_206.xyz,8,10000,40.0,10000,all,206
0.48382,0.53812,0.0,0.8990931390767857,0.10090686092321433,snapshot_207.xyz,8,10000,40.0,10000,all,207
0.486013,0.550995,0.0,0.8820642655559487,0.11793573444405125,snapshot_208.xyz,8,10000,40.0,10000,all,208
0.479428,0.54027,0.0,0.887385936661299,0.11261406333870105,snapshot_209.xyz,8,10000,40.0,10000,all,209
0.486013,0.546709,0.0,0.8889793290397633,0.11102067096023671,snapshot_210.xyz,8,10000,40.0,10000,all,210
0.475028,0.544564,0.0,0.8723088562593193,0.1276911437406807,snapshot_211.xyz,8,10000,40.0,10000,all,211
0.48382,0.544564,0.0,0.8884538823719524,0.11154611762804756,snapshot_212.xyz,8,10000,40.0,10000,all,212
0.48382,0.53812,0.0,0.8990931390767857,0.10090686092321433,snapshot_213.xyz,8,10000,40.0,10000,all,213
0.477229,0.553135,0.0,0.8627712945302684,0.13722870546973165,snapshot_214.xyz,8,10000,40.0,10000,all,214
0.48382,0.5702,0.0,0.848509294984216,0.151490705015784,snapshot_215.xyz,8,10000,40.0,10000,all,215
0.48382,0.55741,0.0,0.867978687142319,0.13202131285768104,snapshot_216.xyz,8,10000,40.0,10000,all,216
0.475028,0.5702,0.0,0.8330901438091897,0.16690985619081034,snapshot_217.xyz,8,10000,40.0,10000,all,217
0.48382,0.550995,0.0,0.8780841931414984,0.12191580685850156,snapshot_218.xyz,8,10000,40.0,10000,all,218
0.479428,0.550995,0.0,0.8701131589215874,0.12988684107841264,snapshot_219.xyz,8,10000,40.0,10000,all,219
0.475028,0.54027,0.0,0.8792418605512058,0.12075813944879421,snapshot_220.xyz,8,10000,40.0,10000,all,220
0.48382,0.542418,0.0,0.8919689243351069,0.10803107566489312,snapshot_221.xyz,8,10000,40.0,10000,all,221
0.481625,0.550995,0.0,0.8741004909300447,0.12589950906995528,snapshot_222.xyz,8,10000,40.0,10000,all,222
0.48382,0.546709,0.0,0.8849680543031119,0.11503194569688813,snapshot_223.xyz,8,10000,40.0,10000,all,223
0.477229,0.546709,0.0,0.8729122805733946,0.12708771942660535,snapshot_224.xyz,8,10000,40.0,10000,all,224
0.48382,0.550995,0.0,0.8780841931414984,0.12191580685850156,snapshot_225.xyz,8,10000,40.0,10000,all,225
0.488205,0.53166,0.0,0.9182654327953955,0.08173456720460448,snapshot_226.xyz,8,10000,40.0,10000,all,226
0.477229,0.54027,0.0,0.883315749532641,0.11668425046735897,snapshot_227.xyz,8,10000,40.0,10000,all,227
0.488205,0.548853,0.0,0.889500467338249,0.11049953266175105,snapshot_228.xyz,8,10000,40.0,10000,all,228
0.475028,0.563812,0.0,0.8425290699736792,0.15747093002632084,snapshot_229.xyz,8,10000,40.0,10000,all,229
0.486013,0.550995,0.0,0.8820642655559487,0.11793573444405125,snapshot_230.xyz,8,10000,40.0,10000,all,230
0.479428,0.5702,0.0,0.8408067344791301,0.15919326552086988,snapshot_231.xyz,8,10000,40.0,10000,all,231
0.479428,0.544564,0.0,0.8803887146414379,0.11961128535856214,snapshot_232.xyz,8,10000,40.0,10000,all,232
0.479428,0.529504,0.0,0.90542847646099,0.09457152353901,snapshot_233.xyz,8,10000,40.0,10000,all,233
0.477229,0.542418,0.0,0.8798177789085172,0.1201822210914828,snapshot_234.xyz,8,10000,40.0,10000,all,234
0.479428,0.553135,0.0,0.866746815876775,0.13325318412322495,snapshot_235.xyz,8,10000,40.0,10000,all,235
0.475028,0.563812,0.0,0.8425290699736792,0.15747093002632084,snapshot_236.xyz,8,10000,40.0,10000,all,236
0.490394,0.550995,0.0,0.8900153358923402,0.10998466410765984,snapshot_237.xyz,8,10000,40.0,10000,all,237
0.481625,0.529504,0.0,0.9095776424729559,0.09042235752704408,snapshot_238.xyz,8,10000,40.0,10000,all,238
0.477229,0.550995,0.0,0.8661221971161263,0.13387780288387374,snapshot_239.xyz,8,10000,40.0,10000,all,239
0.48382,0.53812,0.0,0.8990931390767857,0.10090686092321433,snapshot_240.xyz,8,10000,40.0,10000,all,240
0.488205,0.553135,0.0,0.882614551601327,0.11738544839867304,snapshot_241.xyz,8,10000,40.0,10000,all,241
0.486013,0.559546,0.0,0.868584531030514,0.13141546896948597,snapshot_242.xyz,8,10000,40.0,10000,all,242
0.490394,0.555273,0.0,0.883158374349194,0.11684162565080602,snapshot_243.xyz,8,10000,40.0,10000,all,243
0.490394,0.544564,0.0,0.9005259253274178,0.09947407467258218,snapshot_244.xyz,8,10000,40.0,10000,all,244
0.488205,0.55741,0.0,0.8758454279614647,0.1241545720385353,snapshot_245.xyz,8,10000,40.0,10000,all,245
0.492582,0.555273,0.0,0.887098778438714,0.11290122156128601,snapshot_246.xyz,8,10000,40.0,10000,all,246
0.475028,0.53166,0.0,0.8934807959974419,0.1065192040025581,snapshot_247.xyz,8,10000,40.0,10000,all,247
0.486013,0.550995,0.0,0.8820642655559487,0.11793573444405125,snapshot_248.xyz,8,10000,40.0,10000,all,248
0.479428,0.553135,0.0,0.866746815876775,0.13325318412322495,snapshot_249.xyz,8,10000,40.0,10000,all,249
0.481625,0.546709,0.0,0.8809531213131666,0.11904687868683339,snapshot_250.xyz,8,10000,40.0,10000,all,250
0.481625,0.53812,0.0,0.8950141232438861,0.10498587675611393,snapshot_251.xyz,8,10000,40.0,10000,all,251
0.481625,0.553135,0.0,0.8707187214694423,0.1292812785305577,snapshot_252.xyz,8,10000,40.0,10000,all,252
0.488205,0.54027,0.0,0.903631517574546,0.09636848242545404,snapshot_253.xyz,8,10000,40.0,10000,all,253
0.490394,0.55741,0.0,0.879772519330475,0.12022748066952504,snapshot_254.xyz,8,10000,40.0,10000,all,254
0.494768,0.546709,0.0,0.904993332833372,0.09500666716662798,snapshot_255.xyz,8,10000,40.0,10000,all,255
0.481625,0.533815,0.0,0.9022320466828395,0.09776795331716048,snapshot_256.xyz,8,10000,40.0,10000,all,256
0.486013,0.527346,0.0,0.9216207196034482,0.07837928039655184,snapshot_257.xyz,8,10000,40.0,10000,all,257
0.48382,0.544564,0.0,0.8884538823719524,0.11154611762804756,snapshot_258.xyz,8,10000,40.0,10000,all,258
0.486013,0.555273,0.0,0.8752685615904248,0.12473143840957523,snapshot_259.xyz,8,10000,40.0,10000,all,259
0.481625,0.550995,0.0,0.8741004909300447,0.12589950906995528,snapshot_260.xyz,8,10000,40.0,10000,all,260
0.48382,0.555273,0.0,0.8713191529211757,0.12868084707882432,snapshot_261.xyz,8,10000,40.0,10000,all,261
0.486013,0.546709,0.0,0.8889793290397633,0.11102067096023671,snapshot_262.xyz,8,10000,40.0,10000,all,262
0.486013,0.56168,0.0,0.8652845036319613,0.1347154963680387,snapshot_263.xyz,8,10000,40.0,10000,all,263
0.486013,0.555273,0.0,0.8752685615904248,0.12473143840957523,snapshot_264.xyz,8,10000,40.0,10000,all,264
0.479428,0.542418,0.0,0.8838718479106521,0.1161281520893479,snapshot_265.xyz,8,10000,40.0,10000,all,265
0.481625,0.546709,0.0,0.8809531213131666,0.11904687868683339,snapshot_266.xyz,8,10000,40.0,10000,all,266
0.490394,0.544564,0.0,0.9005259253274178,0.09947407467258218,snapshot_267.xyz,8,10000,40.0,10000,all,267
0.488205,0.555273,0.0,0.8792161693437281,0.12078383065627185,snapshot_268.xyz,8,10000,40.0,10000,all,268
0.472826,0.544564,0.0,0.8682652544053591,0.13173474559464093,snapshot_269.xyz,8,10000,40.0,10000,all,269
0.48382,0.55741,0.0,0.867978687142319,0.13202131285768104,snapshot_270.xyz,8,10000,40.0,10000,all,270
0.479428,0.55741,0.0,0.8600993882420481,0.13990061175795188,snapshot_271.xyz,8,10000,40.0,10000,all,271
0.48382,0.553135,0.0,0.87468701130827,0.12531298869173002,snapshot_272.xyz,8,10000,40.0,10000,all,272
0.468415,0.527346,0.0,0.8882498397636467,0.11175016023635331,snapshot_273.xyz,8,10000,40.0,10000,all,273
0.486013,0.542418,0.0,0.896011931757427,0.103988068242573,snapshot_274.xyz,8,10000,40.0,10000,all,274
0.479428,0.544564,0.0,0.8803887146414379,0.11961128535856214,snapshot_275.xyz,8,10000,40.0,10000,all,275
0.48382,0.548853,0.0,0.8815110785583753,0.1184889214416247,snapshot_276.xyz,8,10000,40.0,10000,all,276
0.488205,0.555273,0.0,0.8792161693437281,0.12078383065627185,snapshot_277.xyz,8,10000,40.0,10000,all,277
0.481625,0.535968,0.0,0.8986077527016538,0.10139224729834617,snapshot_278.xyz,8,10000,40.0,10000,all,278
0.479428,0.550995,0.0,0.8701131589215874,0.12988684107841264,snapshot_279.xyz,8,10000,40.0,10000,all,279
0.488205,0.563812,0.0,0.8659003355728505,0.1340996644271495,snapshot_280.xyz,8,10000,40.0,10000,all,280
0.472826,0.518697,0.0,0.9115649406107998,0.08843505938920015,snapshot_281.xyz,8,10000,40.0,10000,all,281
0.481625,0.53812,0.0,0.8950141232438861,0.10498587675611393,snapshot_282.xyz,8,10000,40.0,10000,all,282
0.475028,0.542418,0.0,0.8757600227131106,0.1242399772868894,snapshot_283.xyz,8,10000,40.0,10000,all,283
0.488205,0.5702,0.0,0.8561995790950543,0.1438004209049457,snapshot_284.xyz,8,10000,40.0,10000,all,284
0.48382,0.53166,0.0,0.9100176804724823,0.08998231952751767,snapshot_285.xyz,8,10000,40.0,10000,all,285
0.488205,0.550995,0.0,0.8860425230718972,0.11395747692810276,snapshot_286.xyz,8,10000,40.0,10000,all,286
0.486013,0.553135,0.0,0.8786516853932583,0.12134831460674167,snapshot_287.xyz,8,10000,40.0,10000,all,287
0.477229,0.54027,0.0,0.883315749532641,0.11668425046735897,snapshot_288.xyz,8,10000,40.0,10000,all,288
0.479428,0.55741,0.0,0.8600993882420481,0.13990061175795188,snapshot_289.xyz,8,10000,40.0,10000,all,289
0.48382,0.544564,0.0,0.8884538823719524,0.11154611762804756,snapshot_290.xyz,8,10000,40.0,10000,all,290
0.479428,0.542418,0.0,0.8838718479106521,0.1161281520893479,snapshot_291.xyz,8,10000,40.0,10000,all,291
0.479428,0.548853,0.0,0.8735089359081576,0.1264910640918424,snapshot_292.xyz,8,10000,40.0,10000,all,292
0.486013,0.563812,0.0,0.8620125148099012,0.13798748519009885,snapshot_293.xyz,8,10000,40.0,10000,all,293
0.490394,0.529504,0.0,0.9261384238834834,0.07386157611651656,snapshot_294.xyz,8,10000,40.0,10000,all,294
0.481625,0.550995,0.0,0.8741004909300447,0.12589950906995528,snapshot_295.xyz,8,10000,40.0,10000,all,295
0.472826,0.544564,0.0,0.8682652544053591,0.13173474559464093,snapshot_296.xyz,8,10000,40.0,10000,all,296
0.479428,0.542418,0.0,0.8838718479106521,0.1161281520893479,snapshot_297.xyz,8,10000,40.0,10000,all,297
0.477229,0.548853,0.0,0.8695023986386154,0.13049760136138455,snapshot_298.xyz,8,10000,40.0,10000,all,298
0.488205,0.542418,0.0,0.9000530955831113,0.0999469044168887,snapshot_299.xyz,8,10000,40.0,10000,all,299
0.48382,0.54027,0.0,0.8955152053602827,0.10448479463971727,snapshot_300.xyz,8,10000,40.0,10000,all,300
0.477229,0.559546,0.0,0.8528860897942261,0.1471139102057739,snapshot_301.xyz,8,10000,40.0,10000,all,301
0.486013,0.548853,0.0,0.885506683939051,0.11449331606094904,snapshot_302.xyz,8,10000,40.0,10000,all,302
0.48382,0.553135,0.0,0.87468701130827,0.12531298869173002,snapshot_303.xyz,8,10000,40.0,10000,all,303
0.488205,0.535968,0.0,0.9108846050510478,0.08911539494895215,snapshot_304.xyz,8,10000,40.0,10000,all,304
0.48382,0.56168,0.0,0.8613801452784504,0.13861985472154958,snapshot_305.xyz,8,10000,40.0,10000,all,305
0.496952,0.53812,0.0,0.9234966178547536,0.07650338214524643,snapshot_306.xyz,8,10000,40.0,10000,all,306
0.488205,0.55741,0.0,0.8758454279614647,0.1241545720385353,snapshot_307.xyz,8,10000,40.0,10000,all,307
0.488205,0.565943,0.0,0.8626398771607742,0.13736012283922583,snapshot_308.xyz,8,10000,40.0,10000,all,308
0.503494,0.56168,0.0,0.8964072069505769,0.10359279304942315,snapshot_309.xyz,8,10000,40.0,10000,all,309
0.51002,0.572326,0.0,0.8911354717416298,0.10886452825837023,snapshot_310.xyz,8,10000,40.0,10000,all,310
0.501315,0.5702,0.0,0.8791915117502629,0.12080848824973711,snapshot_311.xyz,8,10000,40.0,10000,all,311
0.527346,0.580815,0.0,0.9079414271325638,0.09205857286743624,snapshot_312.xyz,8,10000,40.0,10000,all,312
0.527346,0.587166,0.0,0.8981208039975067,0.10187919600249329,snapshot_313.xyz,8,10000,40.0,10000,all,313
0.54027,0.580815,0.0,0.930192918571318,0.06980708142868197,snapshot_314.xyz,8,10000,40.0,10000,all,314
0.53166,0.61244,0.0,0.8681013650316767,0.13189863496832333,snapshot_315.xyz,8,10000,40.0,10000,all,315
0.53166,0.578695,0.0,0.9187222975833558,0.08127770241664423,snapshot_316.xyz,8,10000,40.0,10000,all,316
0.544564,0.606141,0.0,0.8984114257243777,0.10158857427562229,snapshot_317.xyz,8,10000,40.0,10000,all,317
0.546709,0.62291,0.0,0.8776693262269029,0.12233067377309714,snapshot_318.xyz,8,10000,40.0,10000,all,318
0.553135,0.585051,0.0,0.9454474909025026,0.054552509097497426,snapshot_319.xyz,8,10000,40.0,10000,all,319
0.544564,0.597722,0.0,0.9110656793626469,0.08893432063735307,snapshot_320.xyz,8,10000,40.0,10000,all,320
0.546709,0.595614,0.0,0.9178914531894818,0.08210854681051816,snapshot_321.xyz,8,10000,40.0,10000,all,321
0.553135,0.61244,0.0,0.9031660244268828,0.09683397557311724,snapshot_322.xyz,8,10000,40.0,10000,all,322
0.568072,0.614537,0.0,0.9243902319957953,0.07560976800420471,snapshot_323.xyz,8,10000,40.0,10000,all,323
0.559546,0.62291,0.0,0.8982774397585527,0.10172256024144732,snapshot_324.xyz,8,10000,40.0,10000,all,324
0.578695,0.647899,0.0,0.893187055389806,0.10681294461019397,snapshot_325.xyz,8,10000,40.0,10000,all,325
0.582934,0.633346,0.0,0.9204036971892141,0.07959630281078589,snapshot_326.xyz,8,10000,40.0,10000,all,326
0.58928,0.643748,0.0,0.9153892516947626,0.0846107483052374,snapshot_327.xyz,8,10000,40.0,10000,all,327
0.593504,0.658254,0.0,0.9016337158604429,0.09836628413955706,snapshot_328.xyz,8,10000,40.0,10000,all,328
0.591393,0.639591,0.0,0.9246424668264561,0.07535753317354388,snapshot_329.xyz,8,10000,40.0,10000,all,329
0.599829,0.654116,0.0,0.9170070751976712,0.08299292480232878,snapshot_330.xyz,8,10000,40.0,10000,all,330
0.604038,0.656186,0.0,0.920528630601689,0.07947136939831101,snapshot_331.xyz,8,10000,40.0,10000,all,331
0.614537,0.676813,0.0,0.9079864009704305,0.09201359902956951,snapshot_332.xyz,8,10000,40.0,10000,all,332
0.601934,0.664452,0.0,0.9059104344632869,0.0940895655367131,snapshot_333.xyz,8,10000,40.0,10000,all,333
0.62291,0.676813,0.0,0.9203576172443496,0.07964238275565039,snapshot_334.xyz,8,10000,40.0,10000,all,334
0.637511,0.687079,0.0,0.9278569131060621,0.07214308689393789,snapshot_335.xyz,8,10000,40.0,10000,all,335
0.633346,0.691177,0.0,0.9163296811091803,0.08367031889081966,snapshot_336.xyz,8,10000,40.0,10000,all,336
0.658254,0.7014,0.0,0.9384858853721129,0.06151411462788714,snapshot_337.xyz,8,10000,40.0,10000,all,337
0.697315,0.735938,0.0,0.9475186768450604,0.052481323154939585,snapshot_338.xyz,8,10000,40.0,10000,all,338
0.7014,0.758109,0.0,0.9251967724957757,0.0748032275042243,snapshot_339.xyz,8,10000,40.0,10000,all,339
0.705481,0.764133,0.0,0.9232437285132301,0.07675627148676989,snapshot_340.xyz,8,10000,40.0,10000,all,340
0.723787,0.786136,0.0,0.9206892954908565,0.07931070450914346,snapshot_341.xyz,8,10000,40.0,10000,all,341
0.756099,0.819893,0.0,0.9221922860665964,0.07780771393340358,snapshot_342.xyz,8,10000,40.0,10000,all,342
0.784141,0.851399,0.0,0.9210029610088807,0.07899703899111932,snapshot_343.xyz,8,10000,40.0,10000,all,343
0.792115,0.84551,0.0,0.9368487658336389,0.06315123416636115,snapshot_344.xyz,8,10000,40.0,10000,all,344
0.823845,0.867059,0.0,0.9501602543771531,0.049839745622846876,snapshot_345.xyz,8,10000,40.0,10000,all,345
0.85532,0.917548,0.0,0.9321801148277801,0.06781988517221993,snapshot_346.xyz,8,10000,40.0,10000,all,346
0.884606,0.917548,0.0,0.964097791069241,0.035902208930759016,snapshot_347.xyz,8,10000,40.0,10000,all,347
0.925262,0.957893,0.0,0.9659346085627518,0.03406539143724818,snapshot_348.xyz,8,10000,40.0,10000,all,348
0.954067,0.97507,0.0,0.9784600079994257,0.021539992000574326,snapshot_349.xyz,8,10000,40.0,10000,all,349
0.976975,1.00734,0.0,0.9698562550876567,0.030143744912343284,snapshot_350.xyz,8,10000,40.0,10000,all,350
0.994079,1.04313,0.0,0.9529770977730486,0.04702290222695138,snapshot_351.xyz,8,10000,40.0,10000,all,351
1.01301,1.04126,0.0,0.9728694082169678,0.027130591783032232,snapshot_352.xyz,8,10000,40.0,10000,all,352
1.02621,1.0375,0.0,0.9891180722891566,0.010881927710843398,snapshot_353.xyz,8,10000,40.0,10000,all,353
1.00355,1.01867,0.0,0.9851571166324717,0.014842883367528259,snapshot_354.xyz,8,10000,40.0,10000,all,354
1.02244,1.03186,0.0,0.9908708545732948,0.009129145426705176,snapshot_355.xyz,8,10000,40.0,10000,all,355
1.01301,1.02056,0.0,0.9926021008073999,0.007397899192600144,snapshot_356.xyz,8,10000,40.0,10000,all,356
0.999766,1.01678,0.0,0.9832667833749681,0.01673321662503191,snapshot_357.xyz,8,10000,40.0,10000,all,357
1.02056,1.01301,0.0,1.007453036001619,-0.007453036001618951,snapshot_358.xyz,8,10000,40.0,10000,all,358
1.00355,0.997871,0.0,1.0056911163867874,-0.0056911163867874315,snapshot_359.xyz,8,10000,40.0,10000,all,359
1.00734,1.00355,0.0,1.0037765930945144,-0.003776593094514391,snapshot_360.xyz,8,10000,40.0,10000,all,360
1.01301,1.02056,0.0,0.9926021008073999,0.007397899192600144,snapshot_361.xyz,8,10000,40.0,10000,all,361
0.97507,0.969352,0.0,1.005898785993117,-0.005898785993116995,snapshot_362.xyz,8,10000,40.0,10000,all,362
0.990284,1.00734,0.0,0.9830682788333632,0.01693172116663677,snapshot_363.xyz,8,10000,40.0,10000,all,363
1.03562,0.999766,0.0,1.035862391799681,-0.03586239179968098,snapshot_364.xyz,8,10000,40.0,10000,all,364
1.00734,0.999766,0.0,1.0075757727308188,-0.007575772730818775,snapshot_365.xyz,8,10000,40.0,10000,all,365
0.982684,0.992182,0.0,0.9904271595332308,0.009572840466769206,snapshot_366.xyz,8,10000,40.0,10000,all,366
0.97507,0.978879,0.0,0.9961088142661145,0.0038911857338854716,snapshot_367.xyz,8,10000,40.0,10000,all,367
0.971259,0.959805,0.0,1.0119336740275369,-0.011933674027536867,snapshot_368.xyz,8,10000,40.0,10000,all,368
0.961716,0.990284,0.0,0.9711517100145008,0.028848289985499154,snapshot_369.xyz,8,10000,40.0,10000,all,369
0.994079,0.984585,0.0,1.0096426413158843,-0.009642641315884326,snapshot_370.xyz,8,10000,40.0,10000,all,370
0.967444,0.973165,0.0,0.9941212435712341,0.005878756428765897,snapshot_371.xyz,8,10000,40.0,10000,all,371
0.959805,0.955981,0.0,1.004000079499488,-0.004000079499488107,snapshot_372.xyz,8,10000,40.0,10000,all,372
0.999766,0.988385,0.0,1.0115147437486405,-0.011514743748640477,snapshot_373.xyz,8,10000,40.0,10000,all,373
0.984585,0.97507,0.0,1.0097582737649604,-0.009758273764960412,snapshot_374.xyz,8,10000,40.0,10000,all,374
0.978879,0.971259,0.0,1.0078454871460651,-0.007845487146065144,snapshot_375.xyz,8,10000,40.0,10000,all,375
0.963626,0.959805,0.0,1.0039810169774068,-0.003981016977406826,snapshot_376.xyz,8,10000,40.0,10000,all,376
0.955981,0.965536,0.0,0.9901039422662645,0.009896057733735475,snapshot_377.xyz,8,10000,40.0,10000,all,377
0.959805,0.988385,0.0,0.9710841423129651,0.028915857687034863,snapshot_378.xyz,8,10000,40.0,10000,all,378
0.952153,0.965536,0.0,0.9861393050077885,0.013860694992211542,snapshot_379.xyz,8,10000,40.0,10000,all,379
0.973165,0.973165,0.0,1.0,0.0,snapshot_380.xyz,8,10000,40.0,10000,all,380
0.954067,0.946404,0.0,1.0080969649325235,-0.008096964932523543,snapshot_381.xyz,8,10000,40.0,10000,all,381
0.950237,0.955981,0.0,0.9939915123836144,0.006008487616385616,snapshot_382.xyz,8,10000,40.0,10000,all,382
0.973165,0.990284,0.0,0.9827130398956258,0.01728696010437425,snapshot_383.xyz,8,10000,40.0,10000,all,383
0.944487,0.961716,0.0,0.9820851477983105,0.017914852201689535,snapshot_384.xyz,8,10000,40.0,10000,all,384
0.963626,0.976975,0.0,0.986336395506538,0.013663604493462045,snapshot_385.xyz,8,10000,40.0,10000,all,385
0.973165,0.976975,0.0,0.9961002072724481,0.0038997927275519206,snapshot_386.xyz,8,10000,40.0,10000,all,386
0.957893,0.938728,0.0,1.0204159245276587,-0.020415924527658724,snapshot_387.xyz,8,10000,40.0,10000,all,387
0.954067,0.965536,0.0,0.9881216236370265,0.011878376362973508,snapshot_388.xyz,8,10000,40.0,10000,all,388
0.955981,0.950237,0.0,1.0060448077690092,-0.006044807769009175,snapshot_389.xyz,8,10000,40.0,10000,all,389
0.936807,0.934885,0.0,1.0020558678340117,-0.002055867834011682,snapshot_390.xyz,8,10000,40.0,10000,all,390
0.944487,0.927188,0.0,1.0186574890960625,-0.018657489096062463,snapshot_391.xyz,8,10000,40.0,10000,all,391
0.946404,0.957893,0.0,0.988005967263567,0.011994032736432958,snapshot_392.xyz,8,10000,40.0,10000,all,392
0.969352,0.952153,0.0,1.018063273444499,-0.018063273444498984,snapshot_393.xyz,8,10000,40.0,10000,all,393
0.961716,0.932962,0.0,1.0308201191474038,-0.03082011914740379,snapshot_394.xyz,8,10000,40.0,10000,all,394
0.948321,0.948321,0.0,1.0,0.0,snapshot_395.xyz,8,10000,40.0,10000,all,395
0.944487,0.965536,0.0,0.9781996735491997,0.021800326450800322,snapshot_396.xyz,8,10000,40.0,10000,all,396
0.967444,0.952153,0.0,1.0160593938159097,-0.016059393815909706,snapshot_397.xyz,8,10000,40.0,10000,all,397
0.90982,0.940649,0.0,0.9672258196202834,0.03277418037971658,snapshot_398.xyz,8,10000,40.0,10000,all,398
0.942568,0.940649,0.0,1.0020400808378045,-0.002040080837804492,snapshot_399.xyz,8,10000,40.0,10000,all,399
0.948321,0.965536,0.0,0.9821705249726577,0.017829475027342334,snapshot_400.xyz,8,10000,40.0,10000,all,400
0.917548,0.927188,0.0,0.9896029715656371,0.010397028434362854,snapshot_401.xyz,8,10000,40.0,10000,all,401
0.957893,0.954067,0.0,1.0040102005414715,-0.004010200541471498,snapshot_402.xyz,8,10000,40.0,10000,all,402
0.944487,0.965536,0.0,0.9781996735491997,0.021800326450800322,snapshot_403.xyz,8,10000,40.0,10000,all,403
0.940649,0.940649,0.0,1.0,0.0,snapshot_404.xyz,8,10000,40.0,10000,all,404
0.938728,0.971259,0.0,0.9665063592718317,0.033493640728168295,snapshot_405.xyz,8,10000,40.0,10000,all,405
0.952153,0.940649,0.0,1.0122298540688397,-0.012229854068839696,snapshot_406.xyz,8,10000,40.0,10000,all,406
0.929114,0.929114,0.0,1.0,0.0,snapshot_407.xyz,8,10000,40.0,10000,all,407
0.971259,0.955981,0.0,1.015981489171856,-0.015981489171855934,snapshot_408.xyz,8,10000,40.0,10000,all,408
0.948321,0.971259,0.0,0.976383230425664,0.023616769574336005,snapshot_409.xyz,8,10000,40.0,10000,all,409
0.950237,0.954067,0.0,0.9959856068808585,0.004014393119141535,snapshot_410.xyz,8,10000,40.0,10000,all,410
0.940649,0.961716,0.0,0.9780943646565098,0.021905635343490215,snapshot_411.xyz,8,10000,40.0,10000,all,411
0.961716,0.952153,0.0,1.0100435539246317,-0.010043553924631743,snapshot_412.xyz,8,10000,40.0,10000,all,412
0.946404,0.936807,0.0,1.0102443726402557,-0.010244372640255683,snapshot_413.xyz,8,10000,40.0,10000,all,413
0.967444,0.948321,0.0,1.0201651128679001,-0.020165112867900126,snapshot_414.xyz,8,10000,40.0,10000,all,414
0.950237,0.946404,0.0,1.004050067413071,-0.004050067413071012,snapshot_415.xyz,8,10000,40.0,10000,all,415
0.948321,0.931038,0.0,1.0185631520947587,-0.018563152094758673,snapshot_416.xyz,8,10000,40.0,10000,all,416
0.959805,0.950237,0.0,1.0100690669801324,-0.010069066980132435,snapshot_417.xyz,8,10000,40.0,10000,all,417
0.950237,0.948321,0.0,1.0020204129192543,-0.0020204129192542553,snapshot_418.xyz,8,10000,40.0,10000,all,418
0.927188,0.936807,0.0,0.9897321433336856,0.010267856666314357,snapshot_419.xyz,8,10000,40.0,10000,all,419
0.942568,0.954067,0.0,0.9879473873428176,0.012052612657182382,snapshot_420.xyz,8,10000,40.0,10000,all,420
0.942568,0.940649,0.0,1.0020400808378045,-0.002040080837804492,snapshot_421.xyz,8,10000,40.0,10000,all,421
0.950237,0.963626,0.0,0.9861056052866983,0.013894394713301672,snapshot_422.xyz,8,10000,40.0,10000,all,422
0.946404,0.954067,0.0,0.9919680693284644,0.008031930671535625,snapshot_423.xyz,8,10000,40.0,10000,all,423
0.965536,0.946404,0.0,1.0202154682355526,-0.020215468235552647,snapshot_424.xyz,8,10000,40.0,10000,all,424
0.952153,0.957893,0.0,0.9940076814424994,0.005992318557500598,snapshot_425.xyz,8,10000,40.0,10000,all,425
0.969352,0.936807,0.0,1.0347403467309702,-0.03474034673097015,snapshot_426.xyz,8,10000,40.0,10000,all,426
0.950237,0.948321,0.0,1.0020204129192543,-0.0020204129192542553,snapshot_427.xyz,8,10000,40.0,10000,all,427
0.934885,0.936807,0.0,0.9979483500870511,0.0020516499129489274,snapshot_428.xyz,8,10000,40.0,10000,all,428
0.955981,0.957893,0.0,0.9980039524247489,0.00199604757525107,snapshot_429.xyz,8,10000,40.0,10000,all,429
0.954067,0.952153,0.0,1.0020101811368551,-0.002010181136855138,snapshot_430.xyz,8,10000,40.0,10000,all,430
0.944487,0.932962,0.0,1.0123531290663499,-0.012353129066349888,snapshot_431.xyz,8,10000,40.0,10000,all,431
0.931038,0.948321,0.0,0.9817751584115506,0.018224841588449392,snapshot_432.xyz,8,10000,40.0,10000,all,432
0.938728,0.957893,0.0,0.9799925461403309,0.020007453859669067,snapshot_433.xyz,8,10000,40.0,10000,all,433
0.954067,0.961716,0.0,0.9920465085326645,0.007953491467335483,snapshot_434.xyz,8,10000,40.0,10000,all,434
0.963626,0.957893,0.0,1.0059850108519428,-0.005985010851942807,snapshot_435.xyz,8,10000,40.0,10000,all,435
0.961716,0.950237,0.0,1.0120801442166534,-0.012080144216653377,snapshot_436.xyz,8,10000,40.0,10000,all,436
0.965536,0.969352,0.0,0.9960633495365976,0.0039366504634024135,snapshot_437.xyz,8,10000,40.0,10000,all,437
0.938728,0.934885,0.0,1.0041106660177455,-0.004110666017745457,snapshot_438.xyz,8,10000,40.0,10000,all,438
0.957893,0.936807,0.0,1.0225083715215622,-0.022508371521562154,snapshot_439.xyz,8,10000,40.0,10000,all,439
0.927188,0.948321,0.0,0.977715351658352,0.022284648341648006,snapshot_440.xyz,8,10000,40.0,10000,all,440
0.944487,0.950237,0.0,0.9939488780167474,0.006051121983252639,snapshot_441.xyz,8,10000,40.0,10000,all,441
0.925262,0.942568,0.0,0.9816395209682485,0.01836047903175153,snapshot_442.xyz,8,10000,40.0,10000,all,442
0.938728,0.929114,0.0,1.010347492342167,-0.01034749234216692,snapshot_443.xyz,8,10000,40.0,10000,all,443
0.938728,0.934885,0.0,1.0041106660177455,-0.004110666017745457,snapshot_444.xyz,8,10000,40.0,10000,all,444
0.921407,0.925262,0.0,0.995833612533531,0.004166387466469024,snapshot_445.xyz,8,10000,40.0,10000,all,445
0.936807,0.955981,0.0,0.9799431160242724,0.02005688397572758,snapshot_446.xyz,8,10000,40.0,10000,all,446
0.942568,0.944487,0.0,0.997968209197162,0.002031790802837996,snapshot_447.xyz,8,10000,40.0,10000,all,447
0.961716,0.948321,0.0,1.0141249640153494,-0.01412496401534935,snapshot_448.xyz,8,10000,40.0,10000,all,448
0.955981,0.944487,0.0,1.0121695693005832,-0.012169569300583216,snapshot_449.xyz,8,10000,40.0,10000,all,449
0.940649,0.948321,0.0,0.9919099123608989,0.008090087639101129,snapshot_450.xyz,8,10000,40.0,10000,all,450
0.948321,0.952153,0.0,0.995975436720779,0.004024563279220961,snapshot_451.xyz,8,10000,40.0,10000,all,451
0.921407,0.959805,0.0,0.9599939571058704,0.04000604289412957,snapshot_452.xyz,8,10000,40.0,10000,all,452
0.942568,0.959805,0.0,0.9820411437739957,0.01795885622600435,snapshot_453.xyz,8,10000,40.0,10000,all,453
0.946404,0.961716,0.0,0.9840784597531912,0.015921540246808807,snapshot_454.xyz,8,10000,40.0,10000,all,454
0.957893,0.950237,0.0,1.0080569373745707,-0.008056937374570694,snapshot_455.xyz,8,10000,40.0,10000,all,455
0.938728,0.950237,0.0,0.9878882847121297,0.01211171528787025,snapshot_456.xyz,8,10000,40.0,10000,all,456
0.957893,0.969352,0.0,0.9881787008228177,0.011821299177182332,snapshot_457.xyz,8,10000,40.0,10000,all,457
0.963626,0.969352,0.0,0.994092961070901,0.005907038929099051,snapshot_458.xyz,8,10000,40.0,10000,all,458
0.955981,0.946404,0.0,1.0101193570610436,-0.01011935706104361,snapshot_459.xyz,8,10000,40.0,10000,all,459
0.931038,0.938728,0.0,0.9918080636776575,0.008191936322342497,snapshot_460.xyz,8,10000,40.0,10000,all,460
0.934885,0.925262,0.0,1.0104002974292685,-0.010400297429268512,snapshot_461.xyz,8,10000,40.0,10000,all,461
0.955981,0.952153,0.0,1.00402036227371,-0.004020362273710054,snapshot_462.xyz,8,10000,40.0,10000,all,462
0.946404,0.948321,0.0,0.9979785325854853,0.0020214674145146994,snapshot_463.xyz,8,10000,40.0,10000,all,463
0.965536,0.969352,0.0,0.9960633495365976,0.0039366504634024135,snapshot_464.xyz,8,10000,40.0,10000,all,464
0.942568,0.929114,0.0,1.0144804620315697,-0.014480462031569719,snapshot_465.xyz,8,10000,40.0,10000,all,465
0.952153,0.952153,0.0,1.0,0.0,snapshot_466.xyz,8,10000,40.0,10000,all,466
0.940649,0.929114,0.0,1.0124150534810583,-0.012415053481058314,snapshot_467.xyz,8,10000,40.0,10000,all,467
0.938728,0.946404,0.0,0.9918892988617969,0.008110701138203114,snapshot_468.xyz,8,10000,40.0,10000,all,468
0.944487,0.959805,0.0,0.9840405082282339,0.015959491771766143,snapshot_469.xyz,8,10000,40.0,10000,all,469
0.932962,0.944487,0.0,0.987797608648928,0.01220239135107204,snapshot_470.xyz,8,10000,40.0,10000,all,470
0.978879,0.961716,0.0,1.0178462248730396,-0.01784622487303955,snapshot_471.xyz,8,10000,40.0,10000,all,471
0.932962,0.936807,0.0,0.9958956327183721,0.004104367281627885,snapshot_472.xyz,8,10000,40.0,10000,all,472
0.940649,0.961716,0.0,0.9780943646565098,0.021905635343490215,snapshot_473.xyz,8,10000,40.0,10000,all,473
0.938728,0.961716,0.0,0.9760968934695897,0.02390310653041028,snapshot_474.xyz,8,10000,40.0,10000,all,474
0.931038,0.969352,0.0,0.9604746263483235,0.03952537365167652,snapshot_475.xyz,8,10000,40.0,10000,all,475
0.940649,0.969352,0.0,0.9703894973136693,0.029610502686330697,snapshot_476.xyz,8,10000,40.0,10000,all,476
0.936807,0.969352,0.0,0.9664260248083255,0.03357397519167449,snapshot_477.xyz,8,10000,40.0,10000,all,477
0.954067,0.950237,0.0,1.0040305734253665,-0.0040305734253665015,snapshot_478.xyz,8,10000,40.0,10000,all,478
0.946404,0.952153,0.0,0.993962104829791,0.006037895170209029,snapshot_479.xyz,8,10000,40.0,10000,all,479
0.952153,0.954067,0.0,0.9979938515848468,0.0020061484151532305,snapshot_480.xyz,8,10000,40.0,10000,all,480
0.954067,0.942568,0.0,1.0121996503170063,-0.012199650317006316,snapshot_481.xyz,8,10000,40.0,10000,all,481
0.957893,0.940649,0.0,1.0183320239536746,-0.018332023953674614,snapshot_482.xyz,8,10000,40.0,10000,all,482
0.925262,0.940649,0.0,0.9836421449446074,0.016357855055392556,snapshot_483.xyz,8,10000,40.0,10000,all,483
0.942568,0.938728,0.0,1.0040906418046547,-0.004090641804654682,snapshot_484.xyz,8,10000,40.0,10000,all,484
0.954067,0.97507,0.0,0.9784600079994257,0.021539992000574326,snapshot_485.xyz,8,10000,40.0,10000,all,485
0.959805,0.950237,0.0,1.0100690669801324,-0.010069066980132435,snapshot_486.xyz,8,10000,40.0,10000,all,486
0.965536,0.950237,0.0,1.016100193951614,-0.016100193951614106,snapshot_487.xyz,8,10000,40.0,10000,all,487
0.955981,0.938728,0.0,1.0183791257957577,-0.018379125795757734,snapshot_488.xyz,8,10000,40.0,10000,all,488
0.967444,0.97507,0.0,0.9921790230444993,0.007820976955500658,snapshot_489.xyz,8,10000,40.0,10000,all,489
0.950237,0.940649,0.0,1.0101929625184314,-0.010192962518431381,snapshot_490.xyz,8,10000,40.0,10000,all,490
0.957893,0.952153,0.0,1.00602844290781,-0.0060284429078099055,snapshot_491.xyz,8,10000,40.0,10000,all,491
0.944487,0.955981,0.0,0.9879767484918633,0.012023251508136656,snapshot_492.xyz,8,10000,40.0,10000,all,492
0.954067,0.959805,0.0,0.9940217023249514,0.005978297675048649,snapshot_493.xyz,8,10000,40.0,10000,all,493
0.955981,0.957893,0.0,0.9980039524247489,0.00199604757525107,snapshot_494.xyz,8,10000,40.0,10000,all,494
0.934885,0.932962,0.0,1.0020611771969277,-0.002061177196927666,snapshot_495.xyz,8,10000,40.0,10000,all,495
0.954067,0.963626,0.0,0.9900801763339719,0.00991982366602806,snapshot_496.xyz,8,10000,40.0,10000,all,496
0.931038,0.948321,0.0,0.9817751584115506,0.018224841588449392,snapshot_497.xyz,8,10000,40.0,10000,all,497
0.952153,0.965536,0.0,0.9861393050077885,0.013860694992211542,snapshot_498.xyz,8,10000,40.0,10000,all,498
0.954067,0.940649,0.0,1.0142646194276506,-0.01426461942765056,snapshot_499.xyz,8,10000,40.0,10000,all,499
0.942568,0.957893,0.0,0.9840013446178226,0.015998655382177374,snapshot_500.xyz,8,10000,40.0,10000,all,500
0.967444,0.957893,0.0,1.009970842254824,-0.00997084225482392,snapshot_501.xyz,8,10000,40.0,10000,all,501
0.957893,0.969352,0.0,0.9881787008228177,0.011821299177182332,snapshot_502.xyz,8,10000,40.0,10000,all,502
0.961716,0.959805,0.0,1.0019910294278525,-0.001991029427852453,snapshot_503.xyz,8,10000,40.0,10000,all,503
0.955981,0.950237,0.0,1.0060448077690092,-0.006044807769009175,snapshot_504.xyz,8,10000,40.0,10000,all,504
0.948321,0.973165,0.0,0.9744709273350357,0.025529072664964292,snapshot_505.xyz,8,10000,40.0,10000,all,505
0.961716,0.944487,0.0,1.0182416486410084,-0.018241648641008412,snapshot_506.xyz,8,10000,40.0,10000,all,506
0.957893,0.948321,0.0,1.0100936286341862,-0.01009362863418617,snapshot_507.xyz,8,10000,40.0,10000,all,507
0.97507,0.978879,0.0,0.9961088142661145,0.0038911857338854716,snapshot_508.xyz,8,10000,40.0,10000,all,508
0.946404,0.963626,0.0,0.9821279209983956,0.01787207900160437,snapshot_509.xyz,8,10000,40.0,10000,all,509
0.976975,0.957893,0.0,1.0199208053509108,-0.019920805350910786,snapshot_510.xyz,8,10000,40.0,10000,all,510
0.946404,0.959805,0.0,0.9860377889258756,0.013962211074124431,snapshot_511.xyz,8,10000,40.0,10000,all,511
0.986485,0.980781,0.0,1.0058157733479747,-0.005815773347974673,snapshot_512.xyz,8,10000,40.0,10000,all,512
0.982684,0.946404,0.0,1.0383345801581565,-0.038334580158156495,snapshot_513.xyz,8,10000,40.0,10000,all,513
0.971259,0.97507,0.0,0.99609156265704,0.003908437342959981,snapshot_514.xyz,8,10000,40.0,10000,all,514
0.959805,0.942568,0.0,1.018287274764261,-0.018287274764261063,snapshot_515.xyz,8,10000,40.0,10000,all,515
0.957893,0.969352,0.0,0.9881787008228177,0.011821299177182332,snapshot_516.xyz,8,10000,40.0,10000,all,516
0.965536,0.963626,0.0,1.001982096788588,-0.0019820967885879615,snapshot_517.xyz,8,10000,40.0,10000,all,517
0.959805,0.957893,0.0,1.0019960475752512,-0.001996047575251181,snapshot_518.xyz,8,10000,40.0,10000,all,518
0.971259,0.959805,0.0,1.0119336740275369,-0.011933674027536867,snapshot_519.xyz,8,10000,40.0,10000,all,519
0.959805,0.965536,0.0,0.9940644367480861,0.005935563251913911,snapshot_520.xyz,8,10000,40.0,10000,all,520
0.97507,0.986485,0.0,0.9884286127006493,0.0115713872993507,snapshot_521.xyz,8,10000,40.0,10000,all,521
0.965536,0.969352,0.0,0.9960633495365976,0.0039366504634024135,snapshot_522.xyz,8,10000,40.0,10000,all,522
0.957893,0.950237,0.0,1.0080569373745707,-0.008056937374570694,snapshot_523.xyz,8,10000,40.0,10000,all,523
0.973165,0.97507,0.0,0.9980462941122176,0.001953705887782431,snapshot_524.xyz,8,10000,40.0,10000,all,524
0.967444,0.973165,0.0,0.9941212435712341,0.005878756428765897,snapshot_525.xyz,8,10000,40.0,10000,all,525
0.97507,0.971259,0.0,1.0039237731645214,-0.003923773164521416,snapshot_526.xyz,8,10000,40.0,10000,all,526
0.965536,0.978879,0.0,0.9863691017990986,0.013630898200901354,snapshot_527.xyz,8,10000,40.0,10000,all,527
0.967444,0.980781,0.0,0.9864016533762379,0.013598346623762136,snapshot_528.xyz,8,10000,40.0,10000,all,528
0.969352,0.954067,0.0,1.0160208874219525,-0.016020887421952512,snapshot_529.xyz,8,10000,40.0,10000,all,529
0.932962,0.969352,0.0,0.9624594574519885,0.037540542548011535,snapshot_530.xyz,8,10000,40.0,10000,all,530
0.959805,0.961716,0.0,0.9980129268931784,0.0019870731068215575,snapshot_531.xyz,8,10000,40.0,10000,all,531
0.961716,0.973165,0.0,0.9882352941176471,0.0117647058823529,snapshot_532.xyz,8,10000,40.0,10000,all,532
0.973165,0.954067,0.0,1.020017462085996,-0.020017462085996085,snapshot_533.xyz,8,10000,40.0,10000,all,533
0.954067,0.961716,0.0,0.9920465085326645,0.007953491467335483,snapshot_534.xyz,8,10000,40.0,10000,all,534
0.936807,0.950237,0.0,0.985866683785203,0.014133316214796965,snapshot_535.xyz,8,10000,40.0,10000,all,535
0.988385,0.982684,0.0,1.0058014580475514,-0.005801458047551389,snapshot_536.xyz,8,10000,40.0,10000,all,536
0.961716,0.959805,0.0,1.0019910294278525,-0.001991029427852453,snapshot_537.xyz,8,10000,40.0,10000,all,537
0.940649,0.952153,0.0,0.987917908151316,0.012082091848684029,snapshot_538.xyz,8,10000,40.0,10000,all,538
0.967444,0.959805,0.0,1.0079589083199192,-0.007958908319919189,snapshot_539.xyz,8,10000,40.0,10000,all,539
0.934885,0.959805,0.0,0.9740363928089559,0.02596360719104407,snapshot_540.xyz,8,10000,40.0,10000,all,540
0.965536,0.955981,0.0,1.0099949685192489,-0.009994968519248859,snapshot_541.xyz,8,10000,40.0,10000,all,541
0.965536,0.971259,0.0,0.9941076479085393,0.005892352091460662,snapshot_542.xyz,8,10000,40.0,10000,all,542
0.963626,0.957893,0.0,1.0059850108519428,-0.005985010851942807,snapshot_543.xyz,8,10000,40.0,10000,all,543
0.971259,0.976975,0.0,0.9941492873410271,0.005850712658972856,snapshot_544.xyz,8,10000,40.0,10000,all,544
0.982684,0.986485,0.0,0.996146925700847,0.0038530742991530476,snapshot_545.xyz,8,10000,40.0,10000,all,545
0.952153,0.971259,0.0,0.9803286250114542,0.019671374988545764,snapshot_546.xyz,8,10000,40.0,10000,all,546
0.952153,0.967444,0.0,0.9841944339930787,0.01580556600692129,snapshot_547.xyz,8,10000,40.0,10000,all,547
0.976975,0.950237,0.0,1.0281382434066448,-0.028138243406644836,snapshot_548.xyz,8,10000,40.0,10000,all,548
0.97507,0.986485,0.0,0.9884286127006493,0.0115713872993507,snapshot_549.xyz,8,10000,40.0,10000,all,549
0.973165,0.948321,0.0,1.0261978802536271,-0.026197880253627126,snapshot_550.xyz,8,10000,40.0,10000,all,550
0.976975,0.961716,0.0,1.0158664304222869,-0.01586643042228686,snapshot_551.xyz,8,10000,40.0,10000,all,551
0.990284,0.988385,0.0,1.001921316086343,-0.001921316086342939,snapshot_552.xyz,8,10000,40.0,10000,all,552
0.961716,0.955981,0.0,1.0059990732033377,-0.0059990732033377014,snapshot_553.xyz,8,10000,40.0,10000,all,553
0.932962,0.940649,0.0,0.9918279825949956,0.008172017405004395,snapshot_554.xyz,8,10000,40.0,10000,all,554
0.954067,0.961716,0.0,0.9920465085326645,0.007953491467335483,snapshot_555.xyz,8,10000,40.0,10000,all,555
0.952153,0.948321,0.0,1.0040408258385083,-0.0040408258385082885,snapshot_556.xyz,8,10000,40.0,10000,all,556
0.965536,0.955981,0.0,1.0099949685192489,-0.009994968519248859,snapshot_557.xyz,8,10000,40.0,10000,all,557
0.959805,0.967444,0.0,0.9921039357316807,0.007896064268319347,snapshot_558.xyz,8,10000,40.0,10000,all,558
0.952153,0.961716,0.0,0.9900563160018134,0.00994368399818657,snapshot_559.xyz,8,10000,40.0,10000,all,559
0.969352,0.969352,0.0,1.0,0.0,snapshot_560.xyz,8,10000,40.0,10000,all,560
0.963626,0.980781,0.0,0.9825088373449322,0.017491162655067782,snapshot_561.xyz,8,10000,40.0,10000,all,561
0.988385,0.994079,0.0,0.994272085015376,0.005727914984623994,snapshot_562.xyz,8,10000,40.0,10000,all,562
0.978879,0.978879,0.0,1.0,0.0,snapshot_563.xyz,8,10000,40.0,10000,all,563
0.967444,0.954067,0.0,1.0140210278733044,-0.014021027873304392,snapshot_564.xyz,8,10000,40.0,10000,all,564
0.999766,0.978879,0.0,1.0213376729912482,-0.021337672991248224,snapshot_565.xyz,8,10000,40.0,10000,all,565
0.948321,0.978879,0.0,0.9687826585308296,0.031217341469170434,snapshot_566.xyz,8,10000,40.0,10000,all,566
0.967444,0.986485,0.0,0.9806981352985601,0.019301864701439908,snapshot_567.xyz,8,10000,40.0,10000,all,567
0.978879,0.971259,0.0,1.0078454871460651,-0.007845487146065144,snapshot_568.xyz,8,10000,40.0,10000,all,568
0.954067,0.952153,0.0,1.0020101811368551,-0.002010181136855138,snapshot_569.xyz,8,10000,40.0,10000,all,569
0.955981,0.967444,0.0,0.9881512521655,0.011848747834499962,snapshot_570.xyz,8,10000,40.0,10000,all,570
0.959805,0.973165,0.0,0.986271598341494,0.013728401658505973,snapshot_571.xyz,8,10000,40.0,10000,all,571
0.967444,0.971259,0.0,0.9960721084695225,0.003927891530477456,snapshot_572.xyz,8,10000,40.0,10000,all,572
0.954067,0.936807,0.0,1.018424285898803,-0.018424285898803072,snapshot_573.xyz,8,10000,40.0,10000,all,573
0.959805,0.955981,0.0,1.004000079499488,-0.004000079499488107,snapshot_574.xyz,8,10000,40.0,10000,all,574
0.976975,0.965536,0.0,1.011847305538064,-0.011847305538063901,snapshot_575.xyz,8,10000,40.0,10000,all,575
0.967444,0.955981,0.0,1.0119908240854159,-0.011990824085415852,snapshot_576.xyz,8,10000,40.0,10000,all,576
0.959805,0.942568,0.0,1.018287274764261,-0.018287274764261063,snapshot_577.xyz,8,10000,40.0,10000,all,577
0.957893,0.957893,0.0,1.0,0.0,snapshot_578.xyz,8,10000,40.0,10000,all,578
0.986485,0.988385,0.0,0.9980776721621635,0.0019223278378365238,snapshot_579.xyz,8,10000,40.0,10000,all,579
0.959805,0.963626,0.0,0.9960347686758141,0.003965231324185914,snapshot_580.xyz,8,10000,40.0,10000,all,580
0.973165,0.944487,0.0,1.0303635730295917,-0.030363573029591695,snapshot_581.xyz,8,10000,40.0,10000,all,581
0.967444,0.959805,0.0,1.0079589083199192,-0.007958908319919189,snapshot_582.xyz,8,10000,40.0,10000,all,582
0.955981,0.986485,0.0,0.969078090391643,0.030921909608356946,snapshot_583.xyz,8,10000,40.0,10000,all,583
0.959805,0.971259,0.0,0.9882070590851668,0.011792940914833183,snapshot_584.xyz,8,10000,40.0,10000,all,584
0.957893,0.971259,0.0,0.9862384801582277,0.013761519841772318,snapshot_585.xyz,8,10000,40.0,10000,all,585
0.952153,0.959805,0.0,0.9920275472622043,0.007972452737795677,snapshot_586.xyz,8,10000,40.0,10000,all,586
0.957893,0.969352,0.0,0.9881787008228177,0.011821299177182332,snapshot_587.xyz,8,10000,40.0,10000,all,587
0.969352,0.963626,0.0,1.0059421393777255,-0.005942139377725475,snapshot_588.xyz,8,10000,40.0,10000,all,588
0.988385,0.990284,0.0,0.9980823682903085,0.001917631709691503,snapshot_589.xyz,8,10000,40.0,10000,all,589
0.97507,0.97507,0.0,1.0,0.0,snapshot_590.xyz,8,10000,40.0,10000,all,590
0.990284,0.980781,0.0,1.0096892170627285,-0.009689217062728517,snapshot_591.xyz,8,10000,40.0,10000,all,591
0.978879,0.973165,0.0,1.005871563403945,-0.005871563403945013,snapshot_592.xyz,8,10000,40.0,10000,all,592
0.976975,0.988385,0.0,0.9884559154580452,0.011544084541954769,snapshot_593.xyz,8,10000,40.0,10000,all,593
0.944487,0.955981,0.0,0.9879767484918633,0.012023251508136656,snapshot_594.xyz,8,10000,40.0,10000,all,594
0.965536,0.967444,0.0,0.9980277928231505,0.0019722071768495386,snapshot_595.xyz,8,10000,40.0,10000,all,595
0.97507,0.973165,0.0,1.0019575303263064,-0.0019575303263064114,snapshot_596.xyz,8,10000,40.0,10000,all,596
0.952153,0.950237,0.0,1.0020163390817238,-0.002016339081723828,snapshot_597.xyz,8,10000,40.0,10000,all,597
0.967444,0.97507,0.0,0.9921790230444993,0.007820976955500658,snapshot_598.xyz,8,10000,40.0,10000,all,598
0.961716,0.967444,0.0,0.9940792438632108,0.005920756136789218,snapshot_599.xyz,8,10000,40.0,10000,all,599
0.973165,0.957893,0.0,1.0159433256115245,-0.01594332561152445,snapshot_600.xyz,8,10000,40.0,10000,all,600
0.984585,0.950237,0.0,1.0361467718053496,-0.03614677180534964,snapshot_601.xyz,8,10000,40.0,10000,all,601
0.973165,0.986485,0.0,0.9864975139003634,0.013502486099636557,snapshot_602.xyz,8,10000,40.0,10000,all,602
0.967444,0.976975,0.0,0.99024437677525,0.009755623224749987,snapshot_603.xyz,8,10000,40.0,10000,all,603
1.00166,1.00923,0.0,0.9924992320878293,0.007500767912170692,snapshot_604.xyz,8,10000,40.0,10000,all,604
0.997871,0.995975,0.0,1.001903662240518,-0.001903662240517967,snapshot_605.xyz,8,10000,40.0,10000,all,605
1.00166,1.01301,0.0,0.988795767070414,0.011204232929586055,snapshot_606.xyz,8,10000,40.0,10000,all,606
0.973165,0.995975,0.0,0.9770978187203493,0.022902181279650713,snapshot_607.xyz,8,10000,40.0,10000,all,607
0.997871,0.976975,0.0,1.0213884695104787,-0.02138846951047868,snapshot_608.xyz,8,10000,40.0,10000,all,608
0.986485,0.988385,0.0,0.9980776721621635,0.0019223278378365238,snapshot_609.xyz,8,10000,40.0,10000,all,609
0.988385,0.995975,0.0,0.992379326790331,0.007620673209668971,snapshot_610.xyz,8,10000,40.0,10000,all,610
0.992182,1.00355,0.0,0.9886722136415724,0.011327786358427572,snapshot_611.xyz,8,10000,40.0,10000,all,611
0.994079,1.00166,0.0,0.9924315636044168,0.0075684363955832445,snapshot_612.xyz,8,10000,40.0,10000,all,612
0.990284,1.00923,0.0,0.9812272722768843,0.018772727723115668,snapshot_613.xyz,8,10000,40.0,10000,all,613
0.994079,0.995975,0.0,0.9980963377594819,0.001903662240518078,snapshot_614.xyz,8,10000,40.0,10000,all,614
1.00923,0.999766,0.0,1.009466215094332,-0.009466215094332098,snapshot_615.xyz,8,10000,40.0,10000,all,615
0.994079,0.982684,0.0,1.0115957927472108,-0.011595792747210787,snapshot_616.xyz,8,10000,40.0,10000,all,616
1.03186,1.00923,0.0,1.022423035383411,-0.02242303538341095,snapshot_617.xyz,8,10000,40.0,10000,all,617
1.00545,0.999766,0.0,1.005685330367306,-0.005685330367305896,snapshot_618.xyz,8,10000,40.0,10000,all,618
1.00923,0.990284,0.0,1.019131885398532,-0.019131885398532056,snapshot_619.xyz,8,10000,40.0,10000,all,619
0.995975,0.999766,0.0,0.9962081126983714,0.0037918873016286048,snapshot_620.xyz,8,10000,40.0,10000,all,620
0.986485,0.986485,0.0,1.0,0.0,snapshot_621.xyz,8,10000,40.0,10000,all,621
1.00545,0.999766,0.0,1.005685330367306,-0.005685330367305896,snapshot_622.xyz,8,10000,40.0,10000,all,622
0.965536,1.00545,0.0,0.9603023521806157,0.03969764781938434,snapshot_623.xyz,8,10000,40.0,10000,all,623
0.988385,0.999766,0.0,0.988616336222676,0.011383663777324027,snapshot_624.xyz,8,10000,40.0,10000,all,624
0.986485,1.00166,0.0,0.9848501487530699,0.015149851246930135,snapshot_625.xyz,8,10000,40.0,10000,all,625
0.97507,0.992182,0.0,0.9827531642380127,0.017246835761987267,snapshot_626.xyz,8,10000,40.0,10000,all,626
1.01867,0.999766,0.0,1.0189084245713496,-0.018908424571349558,snapshot_627.xyz,8,10000,40.0,10000,all,627
1.01112,1.02056,0.0,0.9907501763737557,0.009249823626244269,snapshot_628.xyz,8,10000,40.0,10000,all,628
0.992182,1.00166,0.0,0.9905377074057066,0.009462292594293431,snapshot_629.xyz,8,10000,40.0,10000,all,629
0.980781,0.995975,0.0,0.9847445970029368,0.015255402997063183,snapshot_630.xyz,8,10000,40.0,10000,all,630
1.00734,1.0149,0.0,0.9925509902453443,0.007449009754655678,snapshot_631.xyz,8,10000,40.0,10000,all,631
0.990284,0.988385,0.0,1.001921316086343,-0.001921316086342939,snapshot_632.xyz,8,10000,40.0,10000,all,632
0.995975,0.984585,0.0,1.0115683257413022,-0.011568325741302177,snapshot_633.xyz,8,10000,40.0,10000,all,633
1.00166,1.01112,0.0,0.9906440382941688,0.009355961705831195,snapshot_634.xyz,8,10000,40.0,10000,all,634
0.992182,0.999766,0.0,0.9924142249286333,0.007585775071366707,snapshot_635.xyz,8,10000,40.0,10000,all,635
0.999766,1.00734,0.0,0.9924811880794966,0.00751881192050341,snapshot_636.xyz,8,10000,40.0,10000,all,636
0.984585,0.999766,0.0,0.9848154468145546,0.015184553185445426,snapshot_637.xyz,8,10000,40.0,10000,all,637
0.986485,1.00166,0.0,0.9848501487530699,0.015149851246930135,snapshot_638.xyz,8,10000,40.0,10000,all,638
0.97507,0.990284,0.0,0.9846367304732783,0.015363269526721735,snapshot_639.xyz,8,10000,40.0,10000,all,639
0.999766,0.992182,0.0,1.007643758907136,-0.007643758907136089,snapshot_640.xyz,8,10000,40.0,10000,all,640
0.959805,0.973165,0.0,0.986271598341494,0.013728401658505973,snapshot_641.xyz,8,10000,40.0,10000,all,641
0.992182,1.00545,0.0,0.9868039186433936,0.013196081356606437,snapshot_642.xyz,8,10000,40.0,10000,all,642
0.995975,0.984585,0.0,1.0115683257413022,-0.011568325741302177,snapshot_643.xyz,8,10000,40.0,10000,all,643
0.999766,1.01678,0.0,0.9832667833749681,0.01673321662503191,snapshot_644.xyz,8,10000,40.0,10000,all,644
0.980781,0.988385,0.0,0.9923066416426798,0.0076933583573202124,snapshot_645.xyz,8,10000,40.0,10000,all,645
1.00166,0.990284,0.0,1.0114876136542648,-0.011487613654264761,snapshot_646.xyz,8,10000,40.0,10000,all,646
0.988385,0.984585,0.0,1.0038594941015757,-0.003859494101575711,snapshot_647.xyz,8,10000,40.0,10000,all,647
0.97507,1.00355,0.0,0.9716207463504559,0.02837925364954408,snapshot_648.xyz,8,10000,40.0,10000,all,648
1.02056,0.984585,0.0,1.036538236922155,-0.036538236922154965,snapshot_649.xyz,8,10000,40.0,10000,all,649
0.990284,0.982684,0.0,1.0077339205685654,-0.007733920568565367,snapshot_650.xyz,8,10000,40.0,10000,all,650
0.999766,1.00923,0.0,0.990622553828166,0.009377446171834003,snapshot_651.xyz,8,10000,40.0,10000,all,651
0.995975,0.994079,0.0,1.0019072930823405,-0.0019072930823404999,snapshot_652.xyz,8,10000,40.0,10000,all,652
0.994079,0.994079,0.0,1.0,0.0,snapshot_653.xyz,8,10000,40.0,10000,all,653
1.00355,0.992182,0.0,1.0114575753238821,-0.011457575323882141,snapshot_654.xyz,8,10000,40.0,10000,all,654
0.982684,0.997871,0.0,0.9847805978929141,0.015219402107085944,snapshot_655.xyz,8,10000,40.0,10000,all,655
1.00355,1.00734,0.0,0.9962376158992992,0.003762384100700844,snapshot_656.xyz,8,10000,40.0,10000,all,656
1.00545,1.02809,0.0,0.977978581641685,0.022021418358314948,snapshot_657.xyz,8,10000,40.0,10000,all,657
0.978879,0.982684,0.0,0.9961279516100802,0.0038720483899198355,snapshot_658.xyz,8,10000,40.0,10000,all,658
0.995975,0.986485,0.0,1.0096200144959124,-0.009620014495912432,snapshot_659.xyz,8,10000,40.0,10000,all,659
0.988385,0.988385,0.0,1.0,0.0,snapshot_660.xyz,8,10000,40.0,10000,all,660
1.00545,1.00166,0.0,1.003783719026416,-0.0037837190264160547,snapshot_661.xyz,8,10000,40.0,10000,all,661
0.994079,0.97507,0.0,1.0194950106146226,-0.019495010614622554,snapshot_662.xyz,8,10000,40.0,10000,all,662
0.978879,0.997871,0.0,0.9809674797644186,0.01903252023558144,snapshot_663.xyz,8,10000,40.0,10000,all,663
1.01112,0.961716,0.0,1.051370674918583,-0.05137067491858294,snapshot_664.xyz,8,10000,40.0,10000,all,664
0.995975,1.01301,0.0,0.9831837790347578,0.016816220965242157,snapshot_665.xyz,8,10000,40.0,10000,all,665
0.994079,0.999766,0.0,0.9943116689305298,0.005688331069470198,snapshot_666.xyz,8,10000,40.0,10000,all,666
1.00734,0.997871,0.0,1.0094892025121482,-0.009489202512148243,snapshot_667.xyz,8,10000,40.0,10000,all,667
0.994079,1.00545,0.0,0.9886906360336168,0.011309363966383157,snapshot_668.xyz,8,10000,40.0,10000,all,668
0.990284,0.992182,0.0,0.9980870445140105,0.0019129554859894649,snapshot_669.xyz,8,10000,40.0,10000,all,669
1.00166,0.988385,0.0,1.0134310010775154,-0.013431001077515381,snapshot_670.xyz,8,10000,40.0,10000,all,670
0.984585,0.992182,0.0,0.9923431386580285,0.0076568613419715215,snapshot_671.xyz,8,10000,40.0,10000,all,671
0.982684,0.988385,0.0,0.9942320047349971,0.005767995265002934,snapshot_672.xyz,8,10000,40.0,10000,all,672
0.995975,0.992182,0.0,1.0038228873331707,-0.0038228873331707103,snapshot_673.xyz,8,10000,40.0,10000,all,673
1.01112,1.0149,0.0,0.9962754951226723,0.0037245048773276723,snapshot_674.xyz,8,10000,40.0,10000,all,674
1.00355,1.02809,0.0,0.9761304944119679,0.023869505588032136,snapshot_675.xyz,8,10000,40.0,10000,all,675
0.995975,1.01301,0.0,0.9831837790347578,0.016816220965242157,snapshot_676.xyz,8,10000,40.0,10000,all,676
0.984585,0.980781,0.0,1.0038785416927938,-0.00387854169279378,snapshot_677.xyz,8,10000,40.0,10000,all,677
0.999766,1.00545,0.0,0.9943468098861207,0.005653190113879325,snapshot_678.xyz,8,10000,40.0,10000,all,678
1.01112,1.01301,0.0,0.9981342731068795,0.0018657268931204785,snapshot_679.xyz,8,10000,40.0,10000,all,679
0.976975,0.986485,0.0,0.9903597115009353,0.00964028849906473,snapshot_680.xyz,8,10000,40.0,10000,all,680
1.00734,1.02621,0.0,0.98161195077031,0.01838804922968995,snapshot_681.xyz,8,10000,40.0,10000,all,681
0.997871,0.980781,0.0,1.0174248889405484,-0.01742488894054839,snapshot_682.xyz,8,10000,40.0,10000,all,682
0.990284,0.995975,0.0,0.9942860011546475,0.005713998845352508,snapshot_683.xyz,8,10000,40.0,10000,all,683
0.982684,1.01112,0.0,0.9718767307540154,0.028123269245984628,snapshot_684.xyz,8,10000,40.0,10000,all,684
1.02056,1.00545,0.0,1.0150280968720473,-0.015028096872047314,snapshot_685.xyz,8,10000,40.0,10000,all,685
0.992182,0.990284,0.0,1.0019166218983644,-0.0019166218983643901,snapshot_686.xyz,8,10000,40.0,10000,all,686
0.984585,0.97507,0.0,1.0097582737649604,-0.009758273764960412,snapshot_687.xyz,8,10000,40.0,10000,all,687
0.992182,0.992182,0.0,1.0,0.0,snapshot_688.xyz,8,10000,40.0,10000,all,688
0.997871,1.00923,0.0,0.9887448847140888,0.011255115285911166,snapshot_689.xyz,8,10000,40.0,10000,all,689
1.00166,1.00545,0.0,0.9962305435377194,0.0037694564622805515,snapshot_690.xyz,8,10000,40.0,10000,all,690
0.995975,1.01112,0.0,0.9850215602500199,0.014978439749980144,snapshot_691.xyz,8,10000,40.0,10000,all,691
1.01678,1.01301,0.0,1.003721582215378,-0.0037215822153779943,snapshot_692.xyz,8,10000,40.0,10000,all,692
0.97507,0.990284,0.0,0.9846367304732783,0.015363269526721735,snapshot_693.xyz,8,10000,40.0,10000,all,693
0.999766,1.00923,0.0,0.990622553828166,0.009377446171834003,snapshot_694.xyz,8,10000,40.0,10000,all,694
0.997871,0.997871,0.0,1.0,0.0,snapshot_695.xyz,8,10000,40.0,10000,all,695
0.994079,1.01867,0.0,0.9758596994119785,0.024140300588021524,snapshot_696.xyz,8,10000,40.0,10000,all,696
1.00166,1.01301,0.0,0.988795767070414,0.011204232929586055,snapshot_697.xyz,8,10000,40.0,10000,all,697
0.992182,0.982684,0.0,1.0096653654684518,-0.009665365468451759,snapshot_698.xyz,8,10000,40.0,10000,all,698
0.992182,0.999766,0.0,0.9924142249286333,0.007585775071366707,snapshot_699.xyz,8,10000,40.0,10000,all,699
0.986485,1.01867,0.0,0.9684048808740809,0.03159511912591906,snapshot_700.xyz,8,10000,40.0,10000,all,700
0.994079,0.999766,0.0,0.9943116689305298,0.005688331069470198,snapshot_701.xyz,8,10000,40.0,10000,all,701
1.01301,1.00923,0.0,1.0037454296840165,-0.003745429684016477,snapshot_702.xyz,8,10000,40.0,10000,all,702
1.01867,1.03374,0.0,0.9854218662332888,0.014578133766711243,snapshot_703.xyz,8,10000,40.0,10000,all,703
1.00355,1.02244,0.0,0.9815245882398966,0.018475411760103366,snapshot_704.xyz,8,10000,40.0,10000,all,704
1.01301,1.00923,0.0,1.0037454296840165,-0.003745429684016477,snapshot_705.xyz,8,10000,40.0,10000,all,705
0.992182,1.00166,0.0,0.9905377074057066,0.009462292594293431,snapshot_706.xyz,8,10000,40.0,10000,all,706
0.965536,0.990284,0.0,0.9750091892830742,0.02499081071692577,snapshot_707.xyz,8,10000,40.0,10000,all,707
0.936807,0.97507,0.0,0.9607587147589404,0.03924128524105963,snapshot_708.xyz,8,10000,40.0,10000,all,708
0.911753,0.948321,0.0,0.9614392173114379,0.03856078268856211,snapshot_709.xyz,8,10000,40.0,10000,all,709
0.90982,0.957893,0.0,0.9498138101019633,0.05018618989803669,snapshot_710.xyz,8,10000,40.0,10000,all,710
0.896262,0.946404,0.0,0.947018398062561,0.05298160193743895,snapshot_711.xyz,8,10000,40.0,10000,all,711
0.876817,0.927188,0.0,0.945673369370613,0.05432663062938703,snapshot_712.xyz,8,10000,40.0,10000,all,712
0.870965,0.898202,0.0,0.969676086225593,0.03032391377440702,snapshot_713.xyz,8,10000,40.0,10000,all,713
0.857279,0.917548,0.0,0.9343151529947207,0.06568484700527932,snapshot_714.xyz,8,10000,40.0,10000,all,714
0.874867,0.915617,0.0,0.9554944916924871,0.044505508307512875,snapshot_715.xyz,8,10000,40.0,10000,all,715
0.847474,0.90982,0.0,0.9314743575652327,0.06852564243476733,snapshot_716.xyz,8,10000,40.0,10000,all,716
0.833707,0.876817,0.0,0.9508335262660281,0.04916647373397187,snapshot_717.xyz,8,10000,40.0,10000,all,717
0.821869,0.89238,0.0,0.9209854546269527,0.0790145453730473,snapshot_718.xyz,8,10000,40.0,10000,all,718
0.84551,0.888495,0.0,0.9516204368060597,0.04837956319394032,snapshot_719.xyz,8,10000,40.0,10000,all,719
0.827793,0.86315,0.0,0.959037247291896,0.04096275270810401,snapshot_720.xyz,8,10000,40.0,10000,all,720
0.808012,0.86315,0.0,0.936120025488038,0.06387997451196203,snapshot_721.xyz,8,10000,40.0,10000,all,721
0.827793,0.886551,0.0,0.9337229330292335,0.06627706697076652,snapshot_722.xyz,8,10000,40.0,10000,all,722
0.811976,0.859237,0.0,0.9449965492640564,0.05500345073594359,snapshot_723.xyz,8,10000,40.0,10000,all,723
0.843546,0.88266,0.0,0.9556862211950241,0.04431377880497589,snapshot_724.xyz,8,10000,40.0,10000,all,724
0.796095,0.865105,0.0,0.9202293363233365,0.07977066367666352,snapshot_725.xyz,8,10000,40.0,10000,all,725
0.815937,0.870965,0.0,0.9368195048021448,0.06318049519785518,snapshot_726.xyz,8,10000,40.0,10000,all,726
0.827793,0.869013,0.0,0.9525668775956171,0.04743312240438291,snapshot_727.xyz,8,10000,40.0,10000,all,727
0.817915,0.886551,0.0,0.9225808780318334,0.07741912196816658,snapshot_728.xyz,8,10000,40.0,10000,all,728
0.809995,0.851399,0.0,0.9513694519255954,0.04863054807440459,snapshot_729.xyz,8,10000,40.0,10000,all,729
0.817915,0.847474,0.0,0.9651210538612394,0.034878946138760636,snapshot_730.xyz,8,10000,40.0,10000,all,730
0.808012,0.874867,0.0,0.9235826702801683,0.07641732971983173,snapshot_731.xyz,8,10000,40.0,10000,all,731
0.798084,0.85532,0.0,0.9330823551419353,0.06691764485806473,snapshot_732.xyz,8,10000,40.0,10000,all,732
0.796095,0.835677,0.0,0.9526348098607477,0.04736519013925233,snapshot_733.xyz,8,10000,40.0,10000,all,733
0.77815,0.831737,0.0,0.9355721820719771,0.06442781792802288,snapshot_734.xyz,8,10000,40.0,10000,all,734
0.784141,0.851399,0.0,0.9210029610088807,0.07899703899111932,snapshot_735.xyz,8,10000,40.0,10000,all,735
0.752076,0.804044,0.0,0.9353667212242116,0.0646332787757884,snapshot_736.xyz,8,10000,40.0,10000,all,736
0.752076,0.815937,0.0,0.9217329279098754,0.07826707209012462,snapshot_737.xyz,8,10000,40.0,10000,all,737
0.754088,0.800072,0.0,0.9425251727344539,0.05747482726554609,snapshot_738.xyz,8,10000,40.0,10000,all,738
0.762126,0.798084,0.0,0.954944592298555,0.045055407701445005,snapshot_739.xyz,8,10000,40.0,10000,all,739
0.770147,0.817915,0.0,0.9415978432966752,0.058402156703324826,snapshot_740.xyz,8,10000,40.0,10000,all,740
0.760118,0.823845,0.0,0.9226468571151125,0.07735314288488748,snapshot_741.xyz,8,10000,40.0,10000,all,741
0.752076,0.813957,0.0,0.9239750994217139,0.07602490057828615,snapshot_742.xyz,8,10000,40.0,10000,all,742
0.744016,0.780148,0.0,0.9536857109163903,0.04631428908360968,snapshot_743.xyz,8,10000,40.0,10000,all,743
0.727842,0.813957,0.0,0.8942020278712511,0.10579797212874886,snapshot_744.xyz,8,10000,40.0,10000,all,744
0.752076,0.811976,0.0,0.9262293466801974,0.07377065331980259,snapshot_745.xyz,8,10000,40.0,10000,all,745
0.754088,0.815937,0.0,0.924198804564568,0.07580119543543196,snapshot_746.xyz,8,10000,40.0,10000,all,746
0.756099,0.806029,0.0,0.938054337995283,0.06194566200471696,snapshot_747.xyz,8,10000,40.0,10000,all,747
0.727842,0.798084,0.0,0.9119867081660576,0.08801329183394235,snapshot_748.xyz,8,10000,40.0,10000,all,748
0.741998,0.800072,0.0,0.9274140327370537,0.0725859672629463,snapshot_749.xyz,8,10000,40.0,10000,all,749
0.752076,0.796095,0.0,0.944706347860494,0.05529365213950599,snapshot_750.xyz,8,10000,40.0,10000,all,750
0.756099,0.792115,0.0,0.9545318545918205,0.04546814540817945,snapshot_751.xyz,8,10000,40.0,10000,all,751
0.746033,0.821869,0.0,0.9077273872113438,0.09227261278865617,snapshot_752.xyz,8,10000,40.0,10000,all,752
0.782145,0.84551,0.0,0.9250570661494246,0.07494293385057538,snapshot_753.xyz,8,10000,40.0,10000,all,753
0.746033,0.804044,0.0,0.9278509633801135,0.07214903661988648,snapshot_754.xyz,8,10000,40.0,10000,all,754
0.752076,0.800072,0.0,0.9400103990640842,0.059989600935915766,snapshot_755.xyz,8,10000,40.0,10000,all,755
0.739979,0.813957,0.0,0.9091131349690463,0.09088686503095367,snapshot_756.xyz,8,10000,40.0,10000,all,756
0.737959,0.809995,0.0,0.9110661176920846,0.08893388230791544,snapshot_757.xyz,8,10000,40.0,10000,all,757
0.768143,0.821869,0.0,0.9346294847475694,0.06537051525243065,snapshot_758.xyz,8,10000,40.0,10000,all,758
0.774151,0.825819,0.0,0.9374342319563973,0.0625657680436027,snapshot_759.xyz,8,10000,40.0,10000,all,759
0.770147,0.833707,0.0,0.9237621850362299,0.07623781496377013,snapshot_760.xyz,8,10000,40.0,10000,all,760
0.77815,0.837646,0.0,0.9289723821280111,0.07102761787198886,snapshot_761.xyz,8,10000,40.0,10000,all,761
0.774151,0.811976,0.0,0.9534161108210095,0.04658388917899048,snapshot_762.xyz,8,10000,40.0,10000,all,762
0.739979,0.800072,0.0,0.9248905098541131,0.07510949014588686,snapshot_763.xyz,8,10000,40.0,10000,all,763
0.731892,0.794106,0.0,0.9216552953887768,0.07834470461122323,snapshot_764.xyz,8,10000,40.0,10000,all,764
0.735938,0.78813,0.0,0.9337774225064392,0.06622257749356075,snapshot_765.xyz,8,10000,40.0,10000,all,765
0.758109,0.825819,0.0,0.9180086677589158,0.08199133224108424,snapshot_766.xyz,8,10000,40.0,10000,all,766
0.772149,0.813957,0.0,0.9486361073127941,0.05136389268720587,snapshot_767.xyz,8,10000,40.0,10000,all,767
0.772149,0.809995,0.0,0.9532762547916962,0.0467237452083038,snapshot_768.xyz,8,10000,40.0,10000,all,768
0.770147,0.823845,0.0,0.9348202635204438,0.06517973647955622,snapshot_769.xyz,8,10000,40.0,10000,all,769
0.762126,0.800072,0.0,0.9525717685408313,0.047428231459168746,snapshot_770.xyz,8,10000,40.0,10000,all,770
0.741998,0.817915,0.0,0.9071822866679301,0.0928177133320699,snapshot_771.xyz,8,10000,40.0,10000,all,771
0.756099,0.802059,0.0,0.9426974823547893,0.05730251764521066,snapshot_772.xyz,8,10000,40.0,10000,all,772
0.748048,0.813957,0.0,0.9190264350573802,0.08097356494261976,snapshot_773.xyz,8,10000,40.0,10000,all,773
0.739979,0.815937,0.0,0.9069070283612584,0.09309297163874164,snapshot_774.xyz,8,10000,40.0,10000,all,774
0.739979,0.804044,0.0,0.9203215246926786,0.07967847530732142,snapshot_775.xyz,8,10000,40.0,10000,all,775
0.750063,0.798084,0.0,0.9398296419925722,0.06017035800742776,snapshot_776.xyz,8,10000,40.0,10000,all,776
0.750063,0.798084,0.0,0.9398296419925722,0.06017035800742776,snapshot_777.xyz,8,10000,40.0,10000,all,777
0.760118,0.811976,0.0,0.936133580302866,0.06386641969713402,snapshot_778.xyz,8,10000,40.0,10000,all,778
0.729867,0.780148,0.0,0.9355494085737579,0.0644505914262421,snapshot_779.xyz,8,10000,40.0,10000,all,779
0.754088,0.800072,0.0,0.9425251727344539,0.05747482726554609,snapshot_780.xyz,8,10000,40.0,10000,all,780
0.744016,0.780148,0.0,0.9536857109163903,0.04631428908360968,snapshot_781.xyz,8,10000,40.0,10000,all,781
0.737959,0.77815,0.0,0.9483505750819251,0.05164942491807489,snapshot_782.xyz,8,10000,40.0,10000,all,782
0.733916,0.78813,0.0,0.9312118559120958,0.06878814408790423,snapshot_783.xyz,8,10000,40.0,10000,all,783
0.719727,0.798084,0.0,0.9018186055603169,0.0981813944396831,snapshot_784.xyz,8,10000,40.0,10000,all,784
0.733916,0.790123,0.0,0.9288629744989071,0.07113702550109291,snapshot_785.xyz,8,10000,40.0,10000,all,785
0.746033,0.802059,0.0,0.9301472834292739,0.06985271657072611,snapshot_786.xyz,8,10000,40.0,10000,all,786
0.733916,0.782145,0.0,0.9383375205364735,0.06166247946352654,snapshot_787.xyz,8,10000,40.0,10000,all,787
0.739979,0.796095,0.0,0.9295109252036504,0.07048907479634958,snapshot_788.xyz,8,10000,40.0,10000,all,788
0.727842,0.78813,0.0,0.923505005519394,0.07649499448060604,snapshot_789.xyz,8,10000,40.0,10000,all,789
0.731892,0.800072,0.0,0.9147826695597396,0.08521733044026036,snapshot_790.xyz,8,10000,40.0,10000,all,790
0.725815,0.782145,0.0,0.9279801059905772,0.07201989400942277,snapshot_791.xyz,8,10000,40.0,10000,all,791
0.727842,0.774151,0.0,0.9401809207764377,0.05981907922356233,snapshot_792.xyz,8,10000,40.0,10000,all,792
0.733916,0.784141,0.0,0.9359490193727914,0.0640509806272086,snapshot_793.xyz,8,10000,40.0,10000,all,793
0.727842,0.798084,0.0,0.9119867081660576,0.08801329183394235,snapshot_794.xyz,8,10000,40.0,10000,all,794
0.739979,0.78813,0.0,0.9389047492164999,0.06109525078350009,snapshot_795.xyz,8,10000,40.0,10000,all,795
0.725815,0.770147,0.0,0.942436963332974,0.057563036667026,snapshot_796.xyz,8,10000,40.0,10000,all,796
0.723787,0.776151,0.0,0.9325337466549678,0.0674662533450322,snapshot_797.xyz,8,10000,40.0,10000,all,797
0.729867,0.78813,0.0,0.9260743785923643,0.0739256214076357,snapshot_798.xyz,8,10000,40.0,10000,all,798
0.748048,0.796095,0.0,0.9396466502113442,0.06035334978865581,snapshot_799.xyz,8,10000,40.0,10000,all,799
0.758109,0.808012,0.0,0.9382397786171494,0.061760221382850644,snapshot_800.xyz,8,10000,40.0,10000,all,800
0.760118,0.823845,0.0,0.9226468571151125,0.07735314288488748,snapshot_801.xyz,8,10000,40.0,10000,all,801
0.693224,0.737959,0.0,0.939380101062525,0.06061989893747499,snapshot_802.xyz,8,10000,40.0,10000,all,802
0.608242,0.654116,0.0,0.9298687083025028,0.07013129169749721,snapshot_803.xyz,8,10000,40.0,10000,all,803
0.58928,0.625,0.0,0.942848,0.05715199999999998,snapshot_804.xyz,8,10000,40.0,10000,all,804
0.576573,0.635429,0.0,0.9073759617518243,0.09262403824817567,snapshot_805.xyz,8,10000,40.0,10000,all,805
0.572326,0.620819,0.0,0.9218886664229027,0.07811133357709732,snapshot_806.xyz,8,10000,40.0,10000,all,806
0.5702,0.625,0.0,0.91232,0.08767999999999998,snapshot_807.xyz,8,10000,40.0,10000,all,807
0.576573,0.599829,0.0,0.9612289502508216,0.03877104974917844,snapshot_808.xyz,8,10000,40.0,10000,all,808
0.548853,0.608242,0.0,0.9023595871380142,0.09764041286198577,snapshot_809.xyz,8,10000,40.0,10000,all,809
0.55741,0.604038,0.0,0.9228061810680784,0.07719381893192157,snapshot_810.xyz,8,10000,40.0,10000,all,810
0.548853,0.595614,0.0,0.9214910999405657,0.07850890005943434,snapshot_811.xyz,8,10000,40.0,10000,all,811
0.548853,0.585051,0.0,0.9381284708512592,0.061871529148740834,snapshot_812.xyz,8,10000,40.0,10000,all,812
0.55741,0.601934,0.0,0.9260317576345579,0.07396824236544208,snapshot_813.xyz,8,10000,40.0,10000,all,813
0.550995,0.606141,0.0,0.9090211683420194,0.0909788316579806,snapshot_814.xyz,8,10000,40.0,10000,all,814
0.544564,0.58928,0.0,0.9241175672006516,0.07588243279934836,snapshot_815.xyz,8,10000,40.0,10000,all,815
0.535968,0.58928,0.0,0.9095302742329622,0.09046972576703782,snapshot_816.xyz,8,10000,40.0,10000,all,816
0.535968,0.610342,0.0,0.8781437292534349,0.12185627074656513,snapshot_817.xyz,8,10000,40.0,10000,all,817
0.555273,0.595614,0.0,0.932269892917225,0.06773010708277505,snapshot_818.xyz,8,10000,40.0,10000,all,818
0.527346,0.576573,0.0,0.9146213922608238,0.08537860773917616,snapshot_819.xyz,8,10000,40.0,10000,all,819
0.544564,0.601934,0.0,0.9046905474686595,0.09530945253134049,snapshot_820.xyz,8,10000,40.0,10000,all,820
0.523025,0.582934,0.0,0.8972285027121424,0.10277149728785762,snapshot_821.xyz,8,10000,40.0,10000,all,821
0.529504,0.604038,0.0,0.8766071008777594,0.1233928991222406,snapshot_822.xyz,8,10000,40.0,10000,all,822
0.525186,0.599829,0.0,0.8755595344673234,0.12444046553267663,snapshot_823.xyz,8,10000,40.0,10000,all,823
0.53166,0.604038,0.0,0.8801764127422448,0.11982358725775522,snapshot_824.xyz,8,10000,40.0,10000,all,824
0.518697,0.582934,0.0,0.8898039915324891,0.11019600846751088,snapshot_825.xyz,8,10000,40.0,10000,all,825
0.535968,0.593504,0.0,0.9030570981829945,0.09694290181700549,snapshot_826.xyz,8,10000,40.0,10000,all,826
0.529504,0.597722,0.0,0.8858700198420001,0.11412998015799991,snapshot_827.xyz,8,10000,40.0,10000,all,827
0.54027,0.585051,0.0,0.9234579549475175,0.07654204505248252,snapshot_828.xyz,8,10000,40.0,10000,all,828
0.54027,0.58928,0.0,0.9168307086614174,0.08316929133858264,snapshot_829.xyz,8,10000,40.0,10000,all,829
0.527346,0.58928,0.0,0.8948988596253054,0.10510114037469465,snapshot_830.xyz,8,10000,40.0,10000,all,830
0.527346,0.585051,0.0,0.9013675730833722,0.09863242691662777,snapshot_831.xyz,8,10000,40.0,10000,all,831
0.53166,0.563812,0.0,0.9429738991011188,0.05702610089888116,snapshot_832.xyz,8,10000,40.0,10000,all,832
0.523025,0.572326,0.0,0.9138585351705146,0.08614146482948537,snapshot_833.xyz,8,10000,40.0,10000,all,833
0.53166,0.57445,0.0,0.9255113586909217,0.07448864130907829,snapshot_834.xyz,8,10000,40.0,10000,all,834
0.505671,0.559546,0.0,0.9037165845167332,0.0962834154832668,snapshot_835.xyz,8,10000,40.0,10000,all,835
0.520861,0.563812,0.0,0.9238203514646727,0.07617964853532733,snapshot_836.xyz,8,10000,40.0,10000,all,836
0.518697,0.5702,0.0,0.909675552437741,0.09032444756225899,snapshot_837.xyz,8,10000,40.0,10000,all,837
0.529504,0.580815,0.0,0.9116568959135009,0.08834310408649915,snapshot_838.xyz,8,10000,40.0,10000,all,838
0.527346,0.593504,0.0,0.8885298161427724,0.11147018385722762,snapshot_839.xyz,8,10000,40.0,10000,all,839
0.53812,0.601934,0.0,0.8939850548398995,0.10601494516010046,snapshot_840.xyz,8,10000,40.0,10000,all,840
0.503494,0.572326,0.0,0.8797328795127253,0.12026712048727473,snapshot_841.xyz,8,10000,40.0,10000,all,841
0.518697,0.5702,0.0,0.909675552437741,0.09032444756225899,snapshot_842.xyz,8,10000,40.0,10000,all,842
0.53166,0.580815,0.0,0.915368921257199,0.08463107874280096,snapshot_843.xyz,8,10000,40.0,10000,all,843
0.520861,0.576573,0.0,0.9033739006162272,0.09662609938377276,snapshot_844.xyz,8,10000,40.0,10000,all,844
0.503494,0.56168,0.0,0.8964072069505769,0.10359279304942315,snapshot_845.xyz,8,10000,40.0,10000,all,845
0.523025,0.582934,0.0,0.8972285027121424,0.10277149728785762,snapshot_846.xyz,8,10000,40.0,10000,all,846
0.525186,0.568072,0.0,0.9245060485290597,0.07549395147094029,snapshot_847.xyz,8,10000,40.0,10000,all,847
0.54027,0.585051,0.0,0.9234579549475175,0.07654204505248252,snapshot_848.xyz,8,10000,40.0,10000,all,848
0.529504,0.559546,0.0,0.9463100442144167,0.05368995578558333,snapshot_849.xyz,8,10000,40.0,10000,all,849
0.535968,0.591393,0.0,0.9062805951372438,0.0937194048627562,snapshot_850.xyz,8,10000,40.0,10000,all,850
0.527346,0.576573,0.0,0.9146213922608238,0.08537860773917616,snapshot_851.xyz,8,10000,40.0,10000,all,851
0.514362,0.57445,0.0,0.8953990773783619,0.10460092262163811,snapshot_852.xyz,8,10000,40.0,10000,all,852
0.512192,0.57445,0.0,0.8916215510488292,0.10837844895117077,snapshot_853.xyz,8,10000,40.0,10000,all,853
0.501315,0.5702,0.0,0.8791915117502629,0.12080848824973711,snapshot_854.xyz,8,10000,40.0,10000,all,854
0.507846,0.568072,0.0,0.8939817487924065,0.10601825120759345,snapshot_855.xyz,8,10000,40.0,10000,all,855
0.53166,0.56168,0.0,0.9465531975502066,0.053446802449793385,snapshot_856.xyz,8,10000,40.0,10000,all,856
0.527346,0.582934,0.0,0.904641005671311,0.095358994328689,snapshot_857.xyz,8,10000,40.0,10000,all,857
0.53166,0.565943,0.0,0.9394232281342821,0.06057677186571786,snapshot_858.xyz,8,10000,40.0,10000,all,858
0.505671,0.56168,0.0,0.9002830793334283,0.09971692066657167,snapshot_859.xyz,8,10000,40.0,10000,all,859
0.514362,0.565943,0.0,0.9088583125862498,0.09114168741375017,snapshot_860.xyz,8,10000,40.0,10000,all,860
0.505671,0.563812,0.0,0.8968787468163146,0.10312125318368537,snapshot_861.xyz,8,10000,40.0,10000,all,861
0.520861,0.568072,0.0,0.916892576997282,0.083107423002718,snapshot_862.xyz,8,10000,40.0,10000,all,862
0.51653,0.563812,0.0,0.9161387129043016,0.0838612870956984,snapshot_863.xyz,8,10000,40.0,10000,all,863
0.51653,0.578695,0.0,0.8925772643620562,0.1074227356379438,snapshot_864.xyz,8,10000,40.0,10000,all,864
0.518697,0.563812,0.0,0.9199821926457755,0.08001780735422448,snapshot_865.xyz,8,10000,40.0,10000,all,865
0.518697,0.559546,0.0,0.9269961718965017,0.07300382810349826,snapshot_866.xyz,8,10000,40.0,10000,all,866
0.518697,0.5702,0.0,0.909675552437741,0.09032444756225899,snapshot_867.xyz,8,10000,40.0,10000,all,867
0.51653,0.57445,0.0,0.8991731221168074,0.10082687788319256,snapshot_868.xyz,8,10000,40.0,10000,all,868
0.507846,0.56168,0.0,0.9041553909699475,0.09584460903005254,snapshot_869.xyz,8,10000,40.0,10000,all,869
0.520861,0.565943,0.0,0.9203418012061286,0.07965819879387137,snapshot_870.xyz,8,10000,40.0,10000,all,870
0.51653,0.553135,0.0,0.9338226653529428,0.06617733464705722,snapshot_871.xyz,8,10000,40.0,10000,all,871
0.501315,0.559546,0.0,0.8959317017725084,0.10406829822749164,snapshot_872.xyz,8,10000,40.0,10000,all,872
0.501315,0.555273,0.0,0.9028261773938224,0.09717382260617757,snapshot_873.xyz,8,10000,40.0,10000,all,873
0.51002,0.587166,0.0,0.8686129646471357,0.13138703535286433,snapshot_874.xyz,8,10000,40.0,10000,all,874
0.501315,0.572326,0.0,0.8759256088313303,0.1240743911686697,snapshot_875.xyz,8,10000,40.0,10000,all,875
0.501315,0.565943,0.0,0.885804754189026,0.11419524581097396,snapshot_876.xyz,8,10000,40.0,10000,all,876
0.503494,0.568072,0.0,0.8863207480741877,0.1136792519258123,snapshot_877.xyz,8,10000,40.0,10000,all,877
0.503494,0.546709,0.0,0.9209542919542206,0.07904570804577937,snapshot_878.xyz,8,10000,40.0,10000,all,878
0.501315,0.550995,0.0,0.909835842430512,0.09016415756948803,snapshot_879.xyz,8,10000,40.0,10000,all,879
0.512192,0.568072,0.0,0.9016321874691939,0.09836781253080606,snapshot_880.xyz,8,10000,40.0,10000,all,880
0.518697,0.563812,0.0,0.9199821926457755,0.08001780735422448,snapshot_881.xyz,8,10000,40.0,10000,all,881
0.525186,0.553135,0.0,0.9494716479702062,0.05052835202979378,snapshot_882.xyz,8,10000,40.0,10000,all,882
0.512192,0.56168,0.0,0.9118928927503205,0.08810710724967952,snapshot_883.xyz,8,10000,40.0,10000,all,883
0.51653,0.572326,0.0,0.9025101078755815,0.0974898921244185,snapshot_884.xyz,8,10000,40.0,10000,all,884
0.525186,0.57445,0.0,0.9142414483418922,0.08575855165810775,snapshot_885.xyz,8,10000,40.0,10000,all,885
0.512192,0.572326,0.0,0.8949305116314827,0.10506948836851726,snapshot_886.xyz,8,10000,40.0,10000,all,886
0.527346,0.56168,0.0,0.9388726677111523,0.0611273322888477,snapshot_887.xyz,8,10000,40.0,10000,all,887
0.503494,0.563812,0.0,0.8930175306662504,0.10698246933374955,snapshot_888.xyz,8,10000,40.0,10000,all,888
0.499135,0.54027,0.0,0.9238621430025727,0.07613785699742726,snapshot_889.xyz,8,10000,40.0,10000,all,889
0.505671,0.56168,0.0,0.9002830793334283,0.09971692066657167,snapshot_890.xyz,8,10000,40.0,10000,all,890
0.51653,0.5702,0.0,0.9058751315327955,0.09412486846720447,snapshot_891.xyz,8,10000,40.0,10000,all,891
0.496952,0.57445,0.0,0.8650918269649229,0.13490817303507707,snapshot_892.xyz,8,10000,40.0,10000,all,892
0.51002,0.568072,0.0,0.8978087284710389,0.10219127152896113,snapshot_893.xyz,8,10000,40.0,10000,all,893
0.523025,0.576573,0.0,0.9071271113978628,0.09287288860213716,snapshot_894.xyz,8,10000,40.0,10000,all,894
0.512192,0.5702,0.0,0.898267274640477,0.10173272535952305,snapshot_895.xyz,8,10000,40.0,10000,all,895
0.512192,0.568072,0.0,0.9016321874691939,0.09836781253080606,snapshot_896.xyz,8,10000,40.0,10000,all,896
0.51653,0.563812,0.0,0.9161387129043016,0.0838612870956984,snapshot_897.xyz,8,10000,40.0,10000,all,897
0.507846,0.555273,0.0,0.9145879594361692,0.08541204056383078,snapshot_898.xyz,8,10000,40.0,10000,all,898
0.527346,0.563812,0.0,0.9353224124353507,0.06467758756464925,snapshot_899.xyz,8,10000,40.0,10000,all,899
0.507846,0.555273,0.0,0.9145879594361692,0.08541204056383078,snapshot_900.xyz,8,10000,40.0,10000,all,900
0.518697,0.582934,0.0,0.8898039915324891,0.11019600846751088,snapshot_901.xyz,8,10000,40.0,10000,all,901
0.468415,0.514362,0.0,0.9106718614516626,0.08932813854833743,snapshot_902.xyz,8,10000,40.0,10000,all,902
0.463996,0.51002,0.0,0.9097604015528803,0.0902395984471197,snapshot_903.xyz,8,10000,40.0,10000,all,903
0.45957,0.507846,0.0,0.9049396864403775,0.09506031355962252,snapshot_904.xyz,8,10000,40.0,10000,all,904
0.463996,0.499135,0.0,0.9296002083604636,0.07039979163953636,snapshot_905.xyz,8,10000,40.0,10000,all,905
0.463996,0.499135,0.0,0.9296002083604636,0.07039979163953636,snapshot_906.xyz,8,10000,40.0,10000,all,906
0.468415,0.507846,0.0,0.9223563836281078,0.07764361637189221,snapshot_907.xyz,8,10000,40.0,10000,all,907
0.461784,0.518697,0.0,0.890276982515804,0.109723017484196,snapshot_908.xyz,8,10000,40.0,10000,all,908
0.455135,0.496952,0.0,0.9158530401326487,0.08414695986735132,snapshot_909.xyz,8,10000,40.0,10000,all,909
0.463996,0.518697,0.0,0.8945415146029378,0.10545848539706215,snapshot_910.xyz,8,10000,40.0,10000,all,910
0.455135,0.496952,0.0,0.9158530401326487,0.08414695986735132,snapshot_911.xyz,8,10000,40.0,10000,all,911
0.452915,0.501315,0.0,0.9034539162003931,0.09654608379960694,snapshot_912.xyz,8,10000,40.0,10000,all,912
0.466206,0.520861,0.0,0.8950679739892217,0.10493202601077833,snapshot_913.xyz,8,10000,40.0,10000,all,913
0.463996,0.496952,0.0,0.9336837360549912,0.06631626394500878,snapshot_914.xyz,8,10000,40.0,10000,all,914
0.466206,0.490394,0.0,0.9506763948987957,0.04932360510120426,snapshot_915.xyz,8,10000,40.0,10000,all,915
0.45957,0.518697,0.0,0.88600859461304,0.11399140538695995,snapshot_916.xyz,8,10000,40.0,10000,all,916
0.461784,0.490394,0.0,0.9416591556992948,0.058340844300705186,snapshot_917.xyz,8,10000,40.0,10000,all,917
0.466206,0.505671,0.0,0.9219551842996732,0.07804481570032684,snapshot_918.xyz,8,10000,40.0,10000,all,918
0.455135,0.505671,0.0,0.9000615024393331,0.09993849756066686,snapshot_919.xyz,8,10000,40.0,10000,all,919
0.463996,0.529504,0.0,0.8762842207046595,0.1237157792953405,snapshot_920.xyz,8,10000,40.0,10000,all,920
0.452915,0.51002,0.0,0.8880338025959766,0.11196619740402336,snapshot_921.xyz,8,10000,40.0,10000,all,921
0.448469,0.518697,0.0,0.8646068899569499,0.1353931100430501,snapshot_922.xyz,8,10000,40.0,10000,all,922
0.457353,0.505671,0.0,0.904447753578908,0.09555224642109195,snapshot_923.xyz,8,10000,40.0,10000,all,923
0.452915,0.507846,0.0,0.8918353201561103,0.10816467984388967,snapshot_924.xyz,8,10000,40.0,10000,all,924
0.461784,0.503494,0.0,0.9171588936511657,0.08284110634883435,snapshot_925.xyz,8,10000,40.0,10000,all,925
0.457353,0.492582,0.0,0.9284809432744192,0.07151905672558079,snapshot_926.xyz,8,10000,40.0,10000,all,926
0.455135,0.505671,0.0,0.9000615024393331,0.09993849756066686,snapshot_927.xyz,8,10000,40.0,10000,all,927
0.448469,0.496952,0.0,0.9024392697886315,0.09756073021136846,snapshot_928.xyz,8,10000,40.0,10000,all,928
0.461784,0.51002,0.0,0.9054233167326771,0.09457668326732294,snapshot_929.xyz,8,10000,40.0,10000,all,929
0.461784,0.494768,0.0,0.93333441127963,0.06666558872036998,snapshot_930.xyz,8,10000,40.0,10000,all,930
0.452915,0.486013,0.0,0.93189894097483,0.06810105902517005,snapshot_931.xyz,8,10000,40.0,10000,all,931
0.466206,0.51002,0.0,0.9140935649582369,0.0859064350417631,snapshot_932.xyz,8,10000,40.0,10000,all,932
0.450693,0.512192,0.0,0.8799297919530177,0.12007020804698232,snapshot_933.xyz,8,10000,40.0,10000,all,933
0.452915,0.527346,0.0,0.858857372578914,0.14114262742108596,snapshot_934.xyz,8,10000,40.0,10000,all,934
0.457353,0.518697,0.0,0.8817344229868306,0.11826557701316942,snapshot_935.xyz,8,10000,40.0,10000,all,935
0.457353,0.496952,0.0,0.9203162478468746,0.0796837521531254,snapshot_936.xyz,8,10000,40.0,10000,all,936
0.455135,0.501315,0.0,0.9078822696308709,0.09211773036912907,snapshot_937.xyz,8,10000,40.0,10000,all,937
0.450693,0.499135,0.0,0.9029481002133691,0.09705189978663087,snapshot_938.xyz,8,10000,40.0,10000,all,938
0.461784,0.503494,0.0,0.9171588936511657,0.08284110634883435,snapshot_939.xyz,8,10000,40.0,10000,all,939
0.475028,0.525186,0.0,0.904494788513022,0.09550521148697799,snapshot_940.xyz,8,10000,40.0,10000,all,940
0.466206,0.51002,0.0,0.9140935649582369,0.0859064350417631,snapshot_941.xyz,8,10000,40.0,10000,all,941
0.455135,0.492582,0.0,0.9239781396802969,0.07602186031970315,snapshot_942.xyz,8,10000,40.0,10000,all,942
0.455135,0.514362,0.0,0.8848534689576603,0.11514653104233974,snapshot_943.xyz,8,10000,40.0,10000,all,943
0.455135,0.496952,0.0,0.9158530401326487,0.08414695986735132,snapshot_944.xyz,8,10000,40.0,10000,all,944
0.457353,0.520861,0.0,0.8780711168622722,0.12192888313772776,snapshot_945.xyz,8,10000,40.0,10000,all,945
0.45957,0.507846,0.0,0.9049396864403775,0.09506031355962252,snapshot_946.xyz,8,10000,40.0,10000,all,946
0.461784,0.51002,0.0,0.9054233167326771,0.09457668326732294,snapshot_947.xyz,8,10000,40.0,10000,all,947
0.463996,0.499135,0.0,0.9296002083604636,0.07039979163953636,snapshot_948.xyz,8,10000,40.0,10000,all,948
0.446243,0.514362,0.0,0.8675660332606219,0.13243396673937813,snapshot_949.xyz,8,10000,40.0,10000,all,949
0.470621,0.507846,0.0,0.9267002201454771,0.07329977985452285,snapshot_950.xyz,8,10000,40.0,10000,all,950
0.457353,0.488205,0.0,0.9368052355055766,0.0631947644944234,snapshot_951.xyz,8,10000,40.0,10000,all,951
0.461784,0.51653,0.0,0.8940119644551138,0.10598803554488623,snapshot_952.xyz,8,10000,40.0,10000,all,952
0.466206,0.496952,0.0,0.9381308456349909,0.06186915436500906,snapshot_953.xyz,8,10000,40.0,10000,all,953
0.466206,0.505671,0.0,0.9219551842996732,0.07804481570032684,snapshot_954.xyz,8,10000,40.0,10000,all,954
0.466206,0.527346,0.0,0.884060939117771,0.11593906088222905,snapshot_955.xyz,8,10000,40.0,10000,all,955
0.448469,0.503494,0.0,0.8907136927153054,0.10928630728469457,snapshot_956.xyz,8,10000,40.0,10000,all,956
0.461784,0.507846,0.0,0.9092992757647003,0.09070072423529973,snapshot_957.xyz,8,10000,40.0,10000,all,957
0.457353,0.507846,0.0,0.9005741898134474,0.09942581018655261,snapshot_958.xyz,8,10000,40.0,10000,all,958
0.466206,0.512192,0.0,0.9102172622766463,0.08978273772335366,snapshot_959.xyz,8,10000,40.0,10000,all,959
0.466206,0.512192,0.0,0.9102172622766463,0.08978273772335366,snapshot_960.xyz,8,10000,40.0,10000,all,960
0.466206,0.525186,0.0,0.8876969302304326,0.11230306976956739,snapshot_961.xyz,8,10000,40.0,10000,all,961
0.457353,0.51002,0.0,0.8967354221403082,0.10326457785969179,snapshot_962.xyz,8,10000,40.0,10000,all,962
0.468415,0.514362,0.0,0.9106718614516626,0.08932813854833743,snapshot_963.xyz,8,10000,40.0,10000,all,963
0.45957,0.501315,0.0,0.916729002722839,0.08327099727716103,snapshot_964.xyz,8,10000,40.0,10000,all,964
0.455135,0.501315,0.0,0.9078822696308709,0.09211773036912907,snapshot_965.xyz,8,10000,40.0,10000,all,965
0.457353,0.505671,0.0,0.904447753578908,0.09555224642109195,snapshot_966.xyz,8,10000,40.0,10000,all,966
0.466206,0.499135,0.0,0.9340278682120068,0.06597213178799322,snapshot_967.xyz,8,10000,40.0,10000,all,967
0.45957,0.51002,0.0,0.9010823104976274,0.09891768950237256,snapshot_968.xyz,8,10000,40.0,10000,all,968
0.45957,0.501315,0.0,0.916729002722839,0.08327099727716103,snapshot_969.xyz,8,10000,40.0,10000,all,969
0.466206,0.51653,0.0,0.9025729386482876,0.09742706135171242,snapshot_970.xyz,8,10000,40.0,10000,all,970
0.466206,0.520861,0.0,0.8950679739892217,0.10493202601077833,snapshot_971.xyz,8,10000,40.0,10000,all,971
0.470621,0.490394,0.0,0.9596793598616623,0.04032064013833769,snapshot_972.xyz,8,10000,40.0,10000,all,972
0.470621,0.514362,0.0,0.91496066972288,0.08503933027711996,snapshot_973.xyz,8,10000,40.0,10000,all,973
0.461784,0.507846,0.0,0.9092992757647003,0.09070072423529973,snapshot_974.xyz,8,10000,40.0,10000,all,974
0.45957,0.512192,0.0,0.8972611833062601,0.10273881669373985,snapshot_975.xyz,8,10000,40.0,10000,all,975
0.466206,0.501315,0.0,0.9299661889231323,0.07003381107686768,snapshot_976.xyz,8,10000,40.0,10000,all,976
0.452915,0.505671,0.0,0.8956712961589651,0.10432870384103488,snapshot_977.xyz,8,10000,40.0,10000,all,977
0.448469,0.499135,0.0,0.8984923918378795,0.10150760816212046,snapshot_978.xyz,8,10000,40.0,10000,all,978
0.463996,0.505671,0.0,0.9175847537232708,0.08241524627672925,snapshot_979.xyz,8,10000,40.0,10000,all,979
0.45957,0.505671,0.0,0.9088320271480864,0.09116797285191358,snapshot_980.xyz,8,10000,40.0,10000,all,980
0.463996,0.501315,0.0,0.9255577830306295,0.07444221696937048,snapshot_981.xyz,8,10000,40.0,10000,all,981
0.468415,0.501315,0.0,0.9343726000618375,0.06562739993816247,snapshot_982.xyz,8,10000,40.0,10000,all,982
0.446243,0.503494,0.0,0.886292587399254,0.11370741260074602,snapshot_983.xyz,8,10000,40.0,10000,all,983
0.448469,0.501315,0.0,0.8945852408166522,0.10541475918334775,snapshot_984.xyz,8,10000,40.0,10000,all,984
0.455135,0.501315,0.0,0.9078822696308709,0.09211773036912907,snapshot_985.xyz,8,10000,40.0,10000,all,985
0.457353,0.490394,0.0,0.9326235639098358,0.0673764360901642,snapshot_986.xyz,8,10000,40.0,10000,all,986
0.455135,0.507846,0.0,0.896206724085648,0.10379327591435195,snapshot_987.xyz,8,10000,40.0,10000,all,987
0.455135,0.490394,0.0,0.9281006700734512,0.0718993299265488,snapshot_988.xyz,8,10000,40.0,10000,all,988
0.455135,0.503494,0.0,0.9039531752116212,0.09604682478837878,snapshot_989.xyz,8,10000,40.0,10000,all,989
0.455135,0.48382,0.0,0.9407114216030756,0.05928857839692436,snapshot_990.xyz,8,10000,40.0,10000,all,990
0.452915,0.486013,0.0,0.93189894097483,0.06810105902517005,snapshot_991.xyz,8,10000,40.0,10000,all,991
0.457353,0.48382,0.0,0.9452957711545616,0.05470422884543835,snapshot_992.xyz,8,10000,40.0,10000,all,992
0.466206,0.523025,0.0,0.8913646575211511,0.10863534247884887,snapshot_993.xyz,8,10000,40.0,10000,all,993
0.466206,0.525186,0.0,0.8876969302304326,0.11230306976956739,snapshot_994.xyz,8,10000,40.0,10000,all,994
0.452915,0.525186,0.0,0.8623897057423465,0.13761029425765348,snapshot_995.xyz,8,10000,40.0,10000,all,995
0.477229,0.518697,0.0,0.920053518720949,0.07994648127905102,snapshot_996.xyz,8,10000,40.0,10000,all,996
0.455135,0.505671,0.0,0.9000615024393331,0.09993849756066686,snapshot_997.xyz,8,10000,40.0,10000,all,997
0.461784,0.51002,0.0,0.9054233167326771,0.09457668326732294,snapshot_998.xyz,8,10000,40.0,10000,all,998
0.472826,0.507846,0.0,0.9310420875619775,0.06895791243802252,snapshot_999.xyz,8,10000,40.0,10000,all,999
0.463996,0.496952,0.0,0.9336837360549912,0.06631626394500878,snapshot_1000.xyz,8,10000,40.0,10000,all,1000
0.461784,0.492582,0.0,0.9374763998684482,0.06252360013155178,snapshot_1001.xyz,8,10000,40.0,10000,all,1001
