cid,cid_shuffled,cid_shuffled_std,cid_normalized,compression_gain,snapshot,nbins,n_particles_total,box_length,n_particles_filtered,atom_types,snapshot_num
0.0337118,0.046832,0.0,0.7198454048513837,0.2801545951486163,snapshot_1.xyz,64,10000,40.0,10000,all,1
0.0452273,0.0454214,0.0,0.9957266838978983,0.0042733161021016874,snapshot_2.xyz,64,10000,40.0,10000,all,2
0.0440294,0.0453998,0.0,0.9698148449993174,0.03018515500068264,snapshot_3.xyz,64,10000,40.0,10000,all,3
0.0438025,0.045583,0.0,0.9609393852971503,0.039060614702849716,snapshot_4.xyz,64,10000,40.0,10000,all,4
0.0435972,0.045777,0.0,0.952382200668458,0.04761779933154198,snapshot_5.xyz,64,10000,40.0,10000,all,5
0.0435431,0.0452597,0.0,0.9620722187729923,0.037927781227007684,snapshot_6.xyz,64,10000,40.0,10000,all,6
0.0432404,0.0454645,0.0,0.9510805133675725,0.04891948663242751,snapshot_7.xyz,64,10000,40.0,10000,all,7
0.0432836,0.0455184,0.0,0.9509033709444972,0.04909662905550283,snapshot_8.xyz,64,10000,40.0,10000,all,8
0.0433377,0.045583,0.0,0.9507426014084198,0.04925739859158018,snapshot_9.xyz,64,10000,40.0,10000,all,9
0.0435755,0.045486,0.0,0.9579980653387856,0.04200193466121438,snapshot_10.xyz,64,10000,40.0,10000,all,10
0.0433485,0.0454214,0.0,0.9543629214423157,0.045637078557684285,snapshot_11.xyz,64,10000,40.0,10000,all,11
0.0432295,0.0453675,0.0,0.9528737532374497,0.04712624676255028,snapshot_12.xyz,64,10000,40.0,10000,all,12
0.0433269,0.0453998,0.0,0.9543412085515797,0.04565879144842033,snapshot_13.xyz,64,10000,40.0,10000,all,13
0.0433485,0.045389,0.0,0.9550441736984732,0.044955826301526836,snapshot_14.xyz,64,10000,40.0,10000,all,14
0.0433918,0.0453783,0.0,0.9562235694153373,0.04377643058466274,snapshot_15.xyz,64,10000,40.0,10000,all,15
0.043435,0.0454106,0.0,0.9564947391137751,0.04350526088622486,snapshot_16.xyz,64,10000,40.0,10000,all,16
0.0434783,0.0454645,0.0,0.9563131674163358,0.04368683258366424,snapshot_17.xyz,64,10000,40.0,10000,all,17
0.043608,0.0452489,0.0,0.9637361350220668,0.03626386497793321,snapshot_18.xyz,64,10000,40.0,10000,all,18
0.0437485,0.0453244,0.0,0.9652306483924774,0.03476935160752259,snapshot_19.xyz,64,10000,40.0,10000,all,19
0.0436188,0.0454321,0.0,0.9600876913019648,0.03991230869803519,snapshot_20.xyz,64,10000,40.0,10000,all,20
0.0436188,0.0451303,0.0,0.9665080888006505,0.03349191119934947,snapshot_21.xyz,64,10000,40.0,10000,all,21
0.0436512,0.0453351,0.0,0.9628565945591826,0.0371434054408174,snapshot_22.xyz,64,10000,40.0,10000,all,22
0.043662,0.0454106,0.0,0.9614935719853954,0.03850642801460458,snapshot_23.xyz,64,10000,40.0,10000,all,23
0.0437917,0.045044,0.0,0.9721982950004441,0.02780170499955592,snapshot_24.xyz,64,10000,40.0,10000,all,24
0.0436296,0.0452381,0.0,0.9644436879532958,0.035556312046704175,snapshot_25.xyz,64,10000,40.0,10000,all,25
0.0435864,0.0452165,0.0,0.9639490009178066,0.03605099908219345,snapshot_26.xyz,64,10000,40.0,10000,all,26
0.043608,0.0453675,0.0,0.9612167300380229,0.03878326996197712,snapshot_27.xyz,64,10000,40.0,10000,all,27
0.0438673,0.045292,0.0,0.9685441137507728,0.03145588624922724,snapshot_28.xyz,64,10000,40.0,10000,all,28
0.0437485,0.045292,0.0,0.965921133975095,0.03407886602490495,snapshot_29.xyz,64,10000,40.0,10000,all,29
0.0442346,0.045583,0.0,0.9704187964811443,0.029581203518855737,snapshot_30.xyz,64,10000,40.0,10000,all,30
0.0440294,0.0454214,0.0,0.9693536526835369,0.030646347316463096,snapshot_31.xyz,64,10000,40.0,10000,all,31
0.0438998,0.045389,0.0,0.967190288395867,0.03280971160413304,snapshot_32.xyz,64,10000,40.0,10000,all,32
0.0438781,0.0453459,0.0,0.9676310316919501,0.03236896830804992,snapshot_33.xyz,64,10000,40.0,10000,all,33
0.0438133,0.045583,0.0,0.9611763157317421,0.038823684268257885,snapshot_34.xyz,64,10000,40.0,10000,all,34
0.0440726,0.0453351,0.0,0.9721518205540519,0.027848179445948085,snapshot_35.xyz,64,10000,40.0,10000,all,35
0.044159,0.0455938,0.0,0.9685308090135062,0.03146919098649381,snapshot_36.xyz,64,10000,40.0,10000,all,36
0.0442562,0.0455076,0.0,0.9725012964867407,0.027498703513259337,snapshot_37.xyz,64,10000,40.0,10000,all,37
0.0439106,0.0453783,0.0,0.9676563467560485,0.0323436532439515,snapshot_38.xyz,64,10000,40.0,10000,all,38
0.0440186,0.0454321,0.0,0.9688876367150098,0.03111236328499023,snapshot_39.xyz,64,10000,40.0,10000,all,39
0.0439214,0.0453567,0.0,0.9683552815791272,0.0316447184208728,snapshot_40.xyz,64,10000,40.0,10000,all,40
0.0436944,0.0450116,0.0,0.9707364323863182,0.029263567613681762,snapshot_41.xyz,64,10000,40.0,10000,all,41
0.0436836,0.0450332,0.0,0.9700309993515895,0.02996900064841046,snapshot_42.xyz,64,10000,40.0,10000,all,42
0.0442778,0.0456154,0.0,0.9706765697549512,0.029323430245048798,snapshot_43.xyz,64,10000,40.0,10000,all,43
0.0440726,0.045486,0.0,0.9689267027217167,0.03107329727828334,snapshot_44.xyz,64,10000,40.0,10000,all,44
0.044051,0.0456154,0.0,0.9657045646864875,0.034295435313512534,snapshot_45.xyz,64,10000,40.0,10000,all,45
0.0440078,0.0453998,0.0,0.9693390719782907,0.030660928021709277,snapshot_46.xyz,64,10000,40.0,10000,all,46
0.0438781,0.0451518,0.0,0.9717907148773693,0.028209285122630656,snapshot_47.xyz,64,10000,40.0,10000,all,47
0.0437269,0.0452812,0.0,0.965674496258933,0.03432550374106702,snapshot_48.xyz,64,10000,40.0,10000,all,48
0.0437161,0.0452812,0.0,0.9654359866787983,0.034564013321201736,snapshot_49.xyz,64,10000,40.0,10000,all,49
0.0441698,0.0454321,0.0,0.9722156801028348,0.027784319897165233,snapshot_50.xyz,64,10000,40.0,10000,all,50
0.0442994,0.0456585,0.0,0.9702333629006649,0.029766637099335136,snapshot_51.xyz,64,10000,40.0,10000,all,51
0.0444505,0.0456585,0.0,0.9735427138429865,0.026457286157013482,snapshot_52.xyz,64,10000,40.0,10000,all,52
0.0442022,0.0454753,0.0,0.9720045827075356,0.027995417292464353,snapshot_53.xyz,64,10000,40.0,10000,all,53
0.0440834,0.0454214,0.0,0.9705425196052962,0.02945748039470375,snapshot_54.xyz,64,10000,40.0,10000,all,54
0.0438673,0.0453244,0.0,0.9678517531395892,0.032148246860410845,snapshot_55.xyz,64,10000,40.0,10000,all,55
0.0440726,0.0453675,0.0,0.9714575411913816,0.028542458808618387,snapshot_56.xyz,64,10000,40.0,10000,all,56
0.0439214,0.0452812,0.0,0.9699698771233978,0.030030122876602228,snapshot_57.xyz,64,10000,40.0,10000,all,57
0.0439322,0.0454753,0.0,0.9660672936737085,0.03393270632629153,snapshot_58.xyz,64,10000,40.0,10000,all,58
0.044051,0.0452704,0.0,0.97306407718951,0.026935922810489954,snapshot_59.xyz,64,10000,40.0,10000,all,59
0.0442346,0.0454321,0.0,0.9736419844119025,0.026358015588097472,snapshot_60.xyz,64,10000,40.0,10000,all,60
0.0440402,0.0454321,0.0,0.9693630714846991,0.030636928515300865,snapshot_61.xyz,64,10000,40.0,10000,all,61
0.0438781,0.045292,0.0,0.9687825664576527,0.031217433542347295,snapshot_62.xyz,64,10000,40.0,10000,all,62
0.0438241,0.0452165,0.0,0.9692059314630721,0.0307940685369279,snapshot_63.xyz,64,10000,40.0,10000,all,63
0.0441266,0.0455615,0.0,0.9685063046651231,0.03149369533487689,snapshot_64.xyz,64,10000,40.0,10000,all,64
0.0443102,0.0456261,0.0,0.9711590515077992,0.028840948492200758,snapshot_65.xyz,64,10000,40.0,10000,all,65
0.0442994,0.0456477,0.0,0.9704629148894688,0.029537085110531214,snapshot_66.xyz,64,10000,40.0,10000,all,66
0.0446448,0.0456477,0.0,0.9780295611827101,0.021970438817289883,snapshot_67.xyz,64,10000,40.0,10000,all,67
0.0437269,0.0452058,0.0,0.9672851713718151,0.03271482862818487,snapshot_68.xyz,64,10000,40.0,10000,all,68
0.0440402,0.045195,0.0,0.9744485009403696,0.02555149905963039,snapshot_69.xyz,64,10000,40.0,10000,all,69
0.0438673,0.0451303,0.0,0.9720143672876095,0.027985632712390518,snapshot_70.xyz,64,10000,40.0,10000,all,70
0.0442994,0.0453783,0.0,0.9762243186721407,0.023775681327859344,snapshot_71.xyz,64,10000,40.0,10000,all,71
0.0442994,0.0452489,0.0,0.9790160644789155,0.020983935521084462,snapshot_72.xyz,64,10000,40.0,10000,all,72
0.0441374,0.0452489,0.0,0.9754358669492518,0.024564133050748227,snapshot_73.xyz,64,10000,40.0,10000,all,73
0.0440186,0.0454214,0.0,0.9691158792991849,0.030884120700815143,snapshot_74.xyz,64,10000,40.0,10000,all,74
0.0442454,0.0452812,0.0,0.9771251645274418,0.022874835472558197,snapshot_75.xyz,64,10000,40.0,10000,all,75
0.0440726,0.0452597,0.0,0.9737713683475587,0.02622863165244127,snapshot_76.xyz,64,10000,40.0,10000,all,76
0.044159,0.0451518,0.0,0.9780119507970889,0.021988049202911086,snapshot_77.xyz,64,10000,40.0,10000,all,77
0.0441266,0.0451411,0.0,0.9775260239559957,0.02247397604400425,snapshot_78.xyz,64,10000,40.0,10000,all,78
0.0440294,0.045389,0.0,0.9700456057635111,0.029954394236488935,snapshot_79.xyz,64,10000,40.0,10000,all,79
0.0445261,0.0458524,0.0,0.9710745784299185,0.02892542157008149,snapshot_80.xyz,64,10000,40.0,10000,all,80
0.0443966,0.0454645,0.0,0.9765113440156606,0.023488655984339357,snapshot_81.xyz,64,10000,40.0,10000,all,81
0.0443642,0.0455399,0.0,0.9741830790142271,0.02581692098577293,snapshot_82.xyz,64,10000,40.0,10000,all,82
0.0441158,0.0454106,0.0,0.9714868334705993,0.028513166529400724,snapshot_83.xyz,64,10000,40.0,10000,all,83
0.0443426,0.0452812,0.0,0.9792717507486551,0.020728249251344866,snapshot_84.xyz,64,10000,40.0,10000,all,84
0.0440078,0.0451411,0.0,0.9748942759480828,0.025105724051917244,snapshot_85.xyz,64,10000,40.0,10000,all,85
0.0438998,0.0452381,0.0,0.970416529429839,0.029583470570160975,snapshot_86.xyz,64,10000,40.0,10000,all,86
0.0439106,0.0450763,0.0,0.9741394036333949,0.025860596366605093,snapshot_87.xyz,64,10000,40.0,10000,all,87
0.0441914,0.0453244,0.0,0.9750024269488399,0.024997573051160127,snapshot_88.xyz,64,10000,40.0,10000,all,88
0.0439106,0.0451518,0.0,0.9725105089941044,0.027489491005895594,snapshot_89.xyz,64,10000,40.0,10000,all,89
0.0440402,0.045044,0.0,0.9777151229908534,0.02228487700914661,snapshot_90.xyz,64,10000,40.0,10000,all,90
0.0442562,0.0453244,0.0,0.9764321204472647,0.023567879552735316,snapshot_91.xyz,64,10000,40.0,10000,all,91
0.0443966,0.0453998,0.0,0.9779029863567682,0.0220970136432318,snapshot_92.xyz,64,10000,40.0,10000,all,92
0.0444181,0.0454753,0.0,0.9767522149386589,0.023247785061341064,snapshot_93.xyz,64,10000,40.0,10000,all,93
0.0440726,0.0450979,0.0,0.977265016774617,0.022734983225383032,snapshot_94.xyz,64,10000,40.0,10000,all,94
0.044267,0.0451518,0.0,0.9804038820157779,0.019596117984222117,snapshot_95.xyz,64,10000,40.0,10000,all,95
0.0446556,0.0457123,0.0,0.976883683384997,0.02311631661500302,snapshot_96.xyz,64,10000,40.0,10000,all,96
0.0444181,0.0456046,0.0,0.9739828876911539,0.02601711230884607,snapshot_97.xyz,64,10000,40.0,10000,all,97
0.0443966,0.0453459,0.0,0.9790653620283201,0.020934637971679937,snapshot_98.xyz,64,10000,40.0,10000,all,98
0.0442346,0.0451842,0.0,0.9789838040731051,0.021016195926894854,snapshot_99.xyz,64,10000,40.0,10000,all,99
0.044105,0.0452704,0.0,0.9742569095921396,0.02574309040786038,snapshot_100.xyz,64,10000,40.0,10000,all,100
0.044105,0.0453675,0.0,0.9721717088223949,0.027828291177605102,snapshot_101.xyz,64,10000,40.0,10000,all,101
0.0444937,0.0455615,0.0,0.9765635459763177,0.02343645402368233,snapshot_102.xyz,64,10000,40.0,10000,all,102
0.0443534,0.0455399,0.0,0.9739459243432682,0.02605407565673179,snapshot_103.xyz,64,10000,40.0,10000,all,103
0.0444397,0.0453244,0.0,0.980480712375674,0.019519287624325976,snapshot_104.xyz,64,10000,40.0,10000,all,104
0.0442778,0.0452812,0.0,0.9778406932678462,0.022159306732153827,snapshot_105.xyz,64,10000,40.0,10000,all,105
0.044375,0.0453136,0.0,0.9792865718018431,0.020713428198156913,snapshot_106.xyz,64,10000,40.0,10000,all,106
0.044375,0.0456261,0.0,0.9725792912390057,0.02742070876099434,snapshot_107.xyz,64,10000,40.0,10000,all,107
0.0442238,0.0453028,0.0,0.9761824876166595,0.02381751238334051,snapshot_108.xyz,64,10000,40.0,10000,all,108
0.0442886,0.0454537,0.0,0.9743673232322121,0.02563267676778791,snapshot_109.xyz,64,10000,40.0,10000,all,109
0.0442238,0.0451842,0.0,0.978744782468208,0.021255217531792048,snapshot_110.xyz,64,10000,40.0,10000,all,110
0.0445261,0.0456692,0.0,0.9749700016641413,0.025029998335858727,snapshot_111.xyz,64,10000,40.0,10000,all,111
0.0441482,0.045195,0.0,0.9768381458125899,0.023161854187410125,snapshot_112.xyz,64,10000,40.0,10000,all,112
0.0442238,0.0451734,0.0,0.9789787795472557,0.02102122045274435,snapshot_113.xyz,64,10000,40.0,10000,all,113
0.0443858,0.045583,0.0,0.9737358225654302,0.02626417743456977,snapshot_114.xyz,64,10000,40.0,10000,all,114
0.0440834,0.0451518,0.0,0.9763375989440067,0.023662401055993265,snapshot_115.xyz,64,10000,40.0,10000,all,115
0.0442886,0.0456261,0.0,0.9706856382640636,0.02931436173593638,snapshot_116.xyz,64,10000,40.0,10000,all,116
0.0439646,0.0450871,0.0,0.9751037436428602,0.024896256357139768,snapshot_117.xyz,64,10000,40.0,10000,all,117
0.0440834,0.0452704,0.0,0.9737797766310878,0.026220223368912166,snapshot_118.xyz,64,10000,40.0,10000,all,118
0.0443858,0.0456477,0.0,0.9723556718082182,0.027644328191781753,snapshot_119.xyz,64,10000,40.0,10000,all,119
0.044321,0.0456261,0.0,0.9713957581296669,0.028604241870333058,snapshot_120.xyz,64,10000,40.0,10000,all,120
0.044267,0.0453136,0.0,0.9769031813848381,0.023096818615161885,snapshot_121.xyz,64,10000,40.0,10000,all,121
0.0437917,0.0452273,0.0,0.9682581095930999,0.03174189040690012,snapshot_122.xyz,64,10000,40.0,10000,all,122
0.0444829,0.045583,0.0,0.9758660026764364,0.024133997323563583,snapshot_123.xyz,64,10000,40.0,10000,all,123
0.0445153,0.0457016,0.0,0.9740424842893903,0.02595751571060967,snapshot_124.xyz,64,10000,40.0,10000,all,124
0.0440942,0.0453028,0.0,0.9733217372877615,0.0266782627122385,snapshot_125.xyz,64,10000,40.0,10000,all,125
0.0438565,0.0452058,0.0,0.9701520601338767,0.02984793986612333,snapshot_126.xyz,64,10000,40.0,10000,all,126
0.0440726,0.0453351,0.0,0.9721518205540519,0.027848179445948085,snapshot_127.xyz,64,10000,40.0,10000,all,127
0.0441806,0.04568,0.0,0.967176007005254,0.03282399299474603,snapshot_128.xyz,64,10000,40.0,10000,all,128
0.043943,0.0451842,0.0,0.9725302207408785,0.02746977925912153,snapshot_129.xyz,64,10000,40.0,10000,all,129
0.0437917,0.0452597,0.0,0.9675649639745735,0.03243503602542652,snapshot_130.xyz,64,10000,40.0,10000,all,130
0.044213,0.0455076,0.0,0.9715520045003472,0.028447995499652823,snapshot_131.xyz,64,10000,40.0,10000,all,131
0.0438673,0.0451518,0.0,0.9715515217555003,0.028448478244499698,snapshot_132.xyz,64,10000,40.0,10000,all,132
0.0440078,0.0454753,0.0,0.9677297346031801,0.032270265396819875,snapshot_133.xyz,64,10000,40.0,10000,all,133
0.0441698,0.0457447,0.0,0.9655719679001066,0.034428032099893424,snapshot_134.xyz,64,10000,40.0,10000,all,134
0.0442994,0.0457447,0.0,0.9684050829932211,0.031594917006778855,snapshot_135.xyz,64,10000,40.0,10000,all,135
0.0440186,0.0452489,0.0,0.9728103887608317,0.0271896112391683,snapshot_136.xyz,64,10000,40.0,10000,all,136
0.0437377,0.0451842,0.0,0.9679865970848216,0.0320134029151784,snapshot_137.xyz,64,10000,40.0,10000,all,137
0.0438241,0.0454321,0.0,0.9646065227009096,0.03539347729909037,snapshot_138.xyz,64,10000,40.0,10000,all,138
0.0437161,0.0452812,0.0,0.9654359866787983,0.034564013321201736,snapshot_139.xyz,64,10000,40.0,10000,all,139
0.043997,0.0457231,0.0,0.9622488413952685,0.03775115860473155,snapshot_140.xyz,64,10000,40.0,10000,all,140
0.0439322,0.0456692,0.0,0.9619656135863995,0.03803438641360046,snapshot_141.xyz,64,10000,40.0,10000,all,141
0.0434134,0.0451842,0.0,0.9608093094488781,0.0391906905511219,snapshot_142.xyz,64,10000,40.0,10000,all,142
0.0437161,0.0453675,0.0,0.9635994930291509,0.03640050697084907,snapshot_143.xyz,64,10000,40.0,10000,all,143
0.0436296,0.0453351,0.0,0.9623801425385627,0.037619857461437256,snapshot_144.xyz,64,10000,40.0,10000,all,144
0.0436728,0.0452704,0.0,0.9647098324733158,0.035290167526684235,snapshot_145.xyz,64,10000,40.0,10000,all,145
0.0436188,0.0456046,0.0,0.9564561469676304,0.04354385303236963,snapshot_146.xyz,64,10000,40.0,10000,all,146
0.0437485,0.0456908,0.0,0.9574903481663706,0.042509651833629425,snapshot_147.xyz,64,10000,40.0,10000,all,147
0.0434674,0.0453136,0.0,0.959257264927086,0.04074273507291404,snapshot_148.xyz,64,10000,40.0,10000,all,148
0.043262,0.0453998,0.0,0.9529116868356249,0.04708831316437512,snapshot_149.xyz,64,10000,40.0,10000,all,149
0.0435323,0.0453675,0.0,0.9595481346779083,0.04045186532209166,snapshot_150.xyz,64,10000,40.0,10000,all,150
0.0434674,0.0455615,0.0,0.9540379487066932,0.04596205129330677,snapshot_151.xyz,64,10000,40.0,10000,all,151
0.0431322,0.0454753,0.0,0.9484753261660726,0.05152467383392745,snapshot_152.xyz,64,10000,40.0,10000,all,152
0.043143,0.0457016,0.0,0.9440150891872494,0.05598491081275059,snapshot_153.xyz,64,10000,40.0,10000,all,153
0.0426994,0.0452273,0.0,0.9441067673728036,0.055893232627196365,snapshot_154.xyz,64,10000,40.0,10000,all,154
0.042472,0.0451626,0.0,0.9404241562708968,0.059575843729103184,snapshot_155.xyz,64,10000,40.0,10000,all,155
0.0425803,0.0452381,0.0,0.9412486377633013,0.058751362236698745,snapshot_156.xyz,64,10000,40.0,10000,all,156
0.0422229,0.0452597,0.0,0.9329027810612974,0.06709721893870257,snapshot_157.xyz,64,10000,40.0,10000,all,157
0.041681,0.0452704,0.0,0.9207119884074362,0.07928801159256382,snapshot_158.xyz,64,10000,40.0,10000,all,158
0.0415509,0.0452058,0.0,0.9191497551199184,0.08085024488008163,snapshot_159.xyz,64,10000,40.0,10000,all,159
0.0411496,0.0452812,0.0,0.9087568350662085,0.09124316493379148,snapshot_160.xyz,64,10000,40.0,10000,all,160
0.0410085,0.045044,0.0,0.9104098215078591,0.0895901784921409,snapshot_161.xyz,64,10000,40.0,10000,all,161
0.0405307,0.0454753,0.0,0.8912684468271788,0.10873155317282124,snapshot_162.xyz,64,10000,40.0,10000,all,162
0.0404764,0.0456261,0.0,0.8871325842007097,0.11286741579929027,snapshot_163.xyz,64,10000,40.0,10000,all,163
0.0395196,0.0451734,0.0,0.8748422744358405,0.1251577255641595,snapshot_164.xyz,64,10000,40.0,10000,all,164
0.0390189,0.0451734,0.0,0.863758317948173,0.13624168205182696,snapshot_165.xyz,64,10000,40.0,10000,all,165
0.0387901,0.0453998,0.0,0.8544112529130085,0.14558874708699154,snapshot_166.xyz,64,10000,40.0,10000,all,166
0.0383651,0.0454321,0.0,0.8444491890095328,0.1555508109904672,snapshot_167.xyz,64,10000,40.0,10000,all,167
0.0381579,0.0453028,0.0,0.8422856865359316,0.1577143134640684,snapshot_168.xyz,64,10000,40.0,10000,all,168
0.0369022,0.0455184,0.0,0.8107095152729447,0.18929048472705534,snapshot_169.xyz,64,10000,40.0,10000,all,169
0.036618,0.0456261,0.0,0.8025669518104768,0.19743304818952323,snapshot_170.xyz,64,10000,40.0,10000,all,170
0.0363773,0.045389,0.0,0.8014562999845778,0.1985437000154222,snapshot_171.xyz,64,10000,40.0,10000,all,171
0.0357533,0.0450656,0.0,0.7933612334019741,0.20663876659802594,snapshot_172.xyz,64,10000,40.0,10000,all,172
0.0354245,0.0454429,0.0,0.7795387178195052,0.22046128218049477,snapshot_173.xyz,64,10000,40.0,10000,all,173
0.0347774,0.0449146,0.0,0.7743005615100658,0.22569943848993423,snapshot_174.xyz,64,10000,40.0,10000,all,174
0.0346238,0.0454537,0.0,0.7617377683224908,0.23826223167750915,snapshot_175.xyz,64,10000,40.0,10000,all,175
0.0344371,0.0449577,0.0,0.7659889184722527,0.2340110815277473,snapshot_176.xyz,64,10000,40.0,10000,all,176
0.0342284,0.0453028,0.0,0.7555471185004018,0.2444528814995982,snapshot_177.xyz,64,10000,40.0,10000,all,177
0.0337668,0.0450979,0.0,0.7487443982979252,0.25125560170207484,snapshot_178.xyz,64,10000,40.0,10000,all,178
0.0336678,0.0451195,0.0,0.7461917796074867,0.2538082203925133,snapshot_179.xyz,64,10000,40.0,10000,all,179
0.0334148,0.0450979,0.0,0.7409391568121797,0.2590608431878203,snapshot_180.xyz,64,10000,40.0,10000,all,180
0.0334478,0.0456369,0.0,0.7329113064209006,0.26708869357909937,snapshot_181.xyz,64,10000,40.0,10000,all,181
0.0327101,0.0452058,0.0,0.7235819297523769,0.2764180702476231,snapshot_182.xyz,64,10000,40.0,10000,all,182
0.032666,0.0453998,0.0,0.7195185881876133,0.2804814118123867,snapshot_183.xyz,64,10000,40.0,10000,all,183
0.0325117,0.0452381,0.0,0.7186796085600411,0.2813203914399589,snapshot_184.xyz,64,10000,40.0,10000,all,184
0.0323242,0.045292,0.0,0.7136845359003797,0.2863154640996203,snapshot_185.xyz,64,10000,40.0,10000,all,185
0.0320595,0.044893,0.0,0.7141313790568685,0.2858686209431315,snapshot_186.xyz,64,10000,40.0,10000,all,186
0.0317836,0.0451518,0.0,0.7039276396511325,0.2960723603488675,snapshot_187.xyz,64,10000,40.0,10000,all,187
0.0316731,0.0451518,0.0,0.7014803396542332,0.2985196603457668,snapshot_188.xyz,64,10000,40.0,10000,all,188
0.0313307,0.044893,0.0,0.6978972222840978,0.3021027777159022,snapshot_189.xyz,64,10000,40.0,10000,all,189
0.0312533,0.0452704,0.0,0.6903694246129921,0.3096305753870079,snapshot_190.xyz,64,10000,40.0,10000,all,190
0.0309548,0.0450763,0.0,0.6867200724105572,0.3132799275894428,snapshot_191.xyz,64,10000,40.0,10000,all,191
0.0308885,0.0450116,0.0,0.6862342151800869,0.31376578481991313,snapshot_192.xyz,64,10000,40.0,10000,all,192
0.030324,0.045292,0.0,0.6695222114280668,0.3304777885719332,snapshot_193.xyz,64,10000,40.0,10000,all,193
0.0306118,0.0451303,0.0,0.6782981721814392,0.3217018278185608,snapshot_194.xyz,64,10000,40.0,10000,all,194
0.0303351,0.0452165,0.0,0.6708856280340142,0.3291143719659858,snapshot_195.xyz,64,10000,40.0,10000,all,195
0.0301578,0.0455938,0.0,0.6614451964960149,0.33855480350398515,snapshot_196.xyz,64,10000,40.0,10000,all,196
0.0302575,0.0453783,0.0,0.6667834625801319,0.3332165374198681,snapshot_197.xyz,64,10000,40.0,10000,all,197
0.030047,0.0455938,0.0,0.6590150415188031,0.3409849584811969,snapshot_198.xyz,64,10000,40.0,10000,all,198
0.0298475,0.0453459,0.0,0.658218273316882,0.341781726683118,snapshot_199.xyz,64,10000,40.0,10000,all,199
0.0297588,0.0454429,0.0,0.654861375484399,0.34513862451560096,snapshot_200.xyz,64,10000,40.0,10000,all,200
0.0296036,0.0453244,0.0,0.6531492970673632,0.34685070293263676,snapshot_201.xyz,64,10000,40.0,10000,all,201
0.0297145,0.0454968,0.0,0.6531118672082433,0.3468881327917567,snapshot_202.xyz,64,10000,40.0,10000,all,202
0.0294372,0.0452597,0.0,0.6504064322123213,0.3495935677876787,snapshot_203.xyz,64,10000,40.0,10000,all,203
0.0295259,0.045389,0.0,0.6505078322941682,0.3494921677058318,snapshot_204.xyz,64,10000,40.0,10000,all,204
0.0296701,0.0453028,0.0,0.6549286136839225,0.3450713863160775,snapshot_205.xyz,64,10000,40.0,10000,all,205
0.0296147,0.0452597,0.0,0.6543282434483658,0.3456717565516342,snapshot_206.xyz,64,10000,40.0,10000,all,206
0.0295037,0.045292,0.0,0.6514108451823722,0.34858915481762776,snapshot_207.xyz,64,10000,40.0,10000,all,207
0.0295925,0.0451842,0.0,0.6549302632336083,0.34506973676639174,snapshot_208.xyz,64,10000,40.0,10000,all,208
0.0295148,0.0453244,0.0,0.6511900874584109,0.3488099125415891,snapshot_209.xyz,64,10000,40.0,10000,all,209
0.0296368,0.0455292,0.0,0.6509404953304693,0.34905950466953073,snapshot_210.xyz,64,10000,40.0,10000,all,210
0.0294926,0.0454645,0.0,0.6486951357652675,0.3513048642347325,snapshot_211.xyz,64,10000,40.0,10000,all,211
0.029537,0.0452597,0.0,0.6526114843889819,0.34738851561101813,snapshot_212.xyz,64,10000,40.0,10000,all,212
0.0297367,0.0455507,0.0,0.6528264110101492,0.34717358898985085,snapshot_213.xyz,64,10000,40.0,10000,all,213
0.0296701,0.0454214,0.0,0.6532185269498518,0.34678147305014817,snapshot_214.xyz,64,10000,40.0,10000,all,214
0.0296036,0.0454645,0.0,0.6511366010843626,0.34886339891563745,snapshot_215.xyz,64,10000,40.0,10000,all,215
0.0295037,0.0454968,0.0,0.6484785743173147,0.3515214256826853,snapshot_216.xyz,64,10000,40.0,10000,all,216
0.0295259,0.0453998,0.0,0.6503530852558822,0.3496469147441178,snapshot_217.xyz,64,10000,40.0,10000,all,217
0.0296257,0.0454968,0.0,0.6511600815881557,0.34883991841184425,snapshot_218.xyz,64,10000,40.0,10000,all,218
0.029537,0.0454214,0.0,0.6502881901482561,0.3497118098517439,snapshot_219.xyz,64,10000,40.0,10000,all,219
0.0295481,0.0454214,0.0,0.65053256834884,0.34946743165116,snapshot_220.xyz,64,10000,40.0,10000,all,220
0.0295703,0.0454106,0.0,0.6511761571086927,0.3488238428913073,snapshot_221.xyz,64,10000,40.0,10000,all,221
0.0295481,0.0453675,0.0,0.6513054499366286,0.34869455006337136,snapshot_222.xyz,64,10000,40.0,10000,all,222
0.0294926,0.0455507,0.0,0.6474675471507573,0.35253245284924273,snapshot_223.xyz,64,10000,40.0,10000,all,223
0.0294482,0.0455723,0.0,0.6461863895392596,0.35381361046074045,snapshot_224.xyz,64,10000,40.0,10000,all,224
0.0295592,0.0457339,0.0,0.6463301839554466,0.3536698160445534,snapshot_225.xyz,64,10000,40.0,10000,all,225
0.0296812,0.0454429,0.0,0.6531537379876724,0.3468462620123276,snapshot_226.xyz,64,10000,40.0,10000,all,226
0.0293595,0.0456585,0.0,0.6430237524228786,0.35697624757712143,snapshot_227.xyz,64,10000,40.0,10000,all,227
0.0296812,0.0454537,0.0,0.6529985457729515,0.34700145422704853,snapshot_228.xyz,64,10000,40.0,10000,all,228
0.0295148,0.0455076,0.0,0.6485685907408872,0.35143140925911276,snapshot_229.xyz,64,10000,40.0,10000,all,229
0.0294039,0.0454106,0.0,0.6475118144221833,0.3524881855778167,snapshot_230.xyz,64,10000,40.0,10000,all,230
0.0295814,0.0453998,0.0,0.6515755576015754,0.3484244423984246,snapshot_231.xyz,64,10000,40.0,10000,all,231
0.0293928,0.0454645,0.0,0.6465000164963873,0.35349998350361267,snapshot_232.xyz,64,10000,40.0,10000,all,232
0.0296479,0.0454106,0.0,0.6528850092269206,0.3471149907730794,snapshot_233.xyz,64,10000,40.0,10000,all,233
0.0293706,0.0453028,0.0,0.6483175432865077,0.3516824567134923,snapshot_234.xyz,64,10000,40.0,10000,all,234
0.0293484,0.0454429,0.0,0.6458302617130509,0.3541697382869491,snapshot_235.xyz,64,10000,40.0,10000,all,235
0.0296147,0.0454321,0.0,0.6518452811998564,0.3481547188001436,snapshot_236.xyz,64,10000,40.0,10000,all,236
0.0295703,0.0456154,0.0,0.6482525638271286,0.3517474361728714,snapshot_237.xyz,64,10000,40.0,10000,all,237
0.0294482,0.0455507,0.0,0.6464928091116053,0.35350719088839466,snapshot_238.xyz,64,10000,40.0,10000,all,238
0.0296479,0.04568,0.0,0.649034588441331,0.350965411558669,snapshot_239.xyz,64,10000,40.0,10000,all,239
0.0293817,0.0455184,0.0,0.645490614784351,0.354509385215649,snapshot_240.xyz,64,10000,40.0,10000,all,240
0.0294704,0.0455292,0.0,0.6472856979696546,0.3527143020303454,snapshot_241.xyz,64,10000,40.0,10000,all,241
0.0296147,0.0454214,0.0,0.6519988375523432,0.3480011624476568,snapshot_242.xyz,64,10000,40.0,10000,all,242
0.0295037,0.0453244,0.0,0.6509451862572919,0.3490548137427081,snapshot_243.xyz,64,10000,40.0,10000,all,243
0.0295148,0.0455507,0.0,0.6479549161703333,0.3520450838296667,snapshot_244.xyz,64,10000,40.0,10000,all,244
0.0295037,0.0456046,0.0,0.6469457028457656,0.3530542971542344,snapshot_245.xyz,64,10000,40.0,10000,all,245
0.029659,0.0455076,0.0,0.6517372922325062,0.3482627077674938,snapshot_246.xyz,64,10000,40.0,10000,all,246
0.0293928,0.0455723,0.0,0.6449707388040542,0.3550292611959458,snapshot_247.xyz,64,10000,40.0,10000,all,247
0.0295703,0.0455184,0.0,0.649633994164997,0.350366005835003,snapshot_248.xyz,64,10000,40.0,10000,all,248
0.0295037,0.0454321,0.0,0.6494020747445088,0.35059792525549116,snapshot_249.xyz,64,10000,40.0,10000,all,249
0.0294482,0.0455184,0.0,0.6469515624450771,0.3530484375549229,snapshot_250.xyz,64,10000,40.0,10000,all,250
0.0295703,0.0455076,0.0,0.6497881672511844,0.3502118327488156,snapshot_251.xyz,64,10000,40.0,10000,all,251
0.0295814,0.0454968,0.0,0.6501863867348913,0.34981361326510874,snapshot_252.xyz,64,10000,40.0,10000,all,252
0.0294926,0.0455507,0.0,0.6474675471507573,0.35253245284924273,snapshot_253.xyz,64,10000,40.0,10000,all,253
0.0295592,0.0453783,0.0,0.6513950500569655,0.3486049499430345,snapshot_254.xyz,64,10000,40.0,10000,all,254
0.0296147,0.045389,0.0,0.6524642534534799,0.3475357465465201,snapshot_255.xyz,64,10000,40.0,10000,all,255
0.0294261,0.0454429,0.0,0.647540099773562,0.352459900226438,snapshot_256.xyz,64,10000,40.0,10000,all,256
0.0295259,0.0456585,0.0,0.6466681997875533,0.3533318002124467,snapshot_257.xyz,64,10000,40.0,10000,all,257
0.029537,0.0455615,0.0,0.64828857697837,0.35171142302163005,snapshot_258.xyz,64,10000,40.0,10000,all,258
0.0295037,0.0454106,0.0,0.6497095391824816,0.35029046081751836,snapshot_259.xyz,64,10000,40.0,10000,all,259
0.0296147,0.04568,0.0,0.6483077933450088,0.35169220665499124,snapshot_260.xyz,64,10000,40.0,10000,all,260
0.0295037,0.0455399,0.0,0.6478648394045661,0.3521351605954339,snapshot_261.xyz,64,10000,40.0,10000,all,261
0.0295148,0.0453675,0.0,0.6505714443158649,0.3494285556841351,snapshot_262.xyz,64,10000,40.0,10000,all,262
0.0294815,0.0454537,0.0,0.6486050640541914,0.3513949359458086,snapshot_263.xyz,64,10000,40.0,10000,all,263
0.0295814,0.0455615,0.0,0.6492630839634341,0.35073691603656587,snapshot_264.xyz,64,10000,40.0,10000,all,264
0.0294039,0.0454321,0.0,0.6472053900215926,0.3527946099784074,snapshot_265.xyz,64,10000,40.0,10000,all,265
0.0294261,0.0455507,0.0,0.6460076354479733,0.35399236455202665,snapshot_266.xyz,64,10000,40.0,10000,all,266
0.0295592,0.0455938,0.0,0.6483162184332081,0.3516837815667919,snapshot_267.xyz,64,10000,40.0,10000,all,267
0.029537,0.0454537,0.0,0.6498260867652138,0.3501739132347862,snapshot_268.xyz,64,10000,40.0,10000,all,268
0.0294593,0.045583,0.0,0.6462782177566199,0.35372178224338013,snapshot_269.xyz,64,10000,40.0,10000,all,269
0.0296923,0.0453783,0.0,0.6543281700724796,0.34567182992752044,snapshot_270.xyz,64,10000,40.0,10000,all,270
0.0295814,0.0454537,0.0,0.6508029049340318,0.3491970950659682,snapshot_271.xyz,64,10000,40.0,10000,all,271
0.0295592,0.0454968,0.0,0.6496984403298695,0.35030155967013055,snapshot_272.xyz,64,10000,40.0,10000,all,272
0.029659,0.0455076,0.0,0.6517372922325062,0.3482627077674938,snapshot_273.xyz,64,10000,40.0,10000,all,273
0.0296923,0.0455399,0.0,0.6520062626400146,0.3479937373599854,snapshot_274.xyz,64,10000,40.0,10000,all,274
0.0294704,0.0455615,0.0,0.6468268165007738,0.3531731834992262,snapshot_275.xyz,64,10000,40.0,10000,all,275
0.029537,0.0453783,0.0,0.6509058294382998,0.3490941705617002,snapshot_276.xyz,64,10000,40.0,10000,all,276
0.0297367,0.0455938,0.0,0.6522092916142108,0.3477907083857892,snapshot_277.xyz,64,10000,40.0,10000,all,277
0.0296368,0.0456154,0.0,0.649710404819425,0.350289595180575,snapshot_278.xyz,64,10000,40.0,10000,all,278
0.0297921,0.0452597,0.0,0.6582478452132913,0.34175215478670873,snapshot_279.xyz,64,10000,40.0,10000,all,279
0.0295925,0.0455507,0.0,0.6496607077388492,0.3503392922611508,snapshot_280.xyz,64,10000,40.0,10000,all,280
0.0295814,0.0455184,0.0,0.6498778515940806,0.3501221484059194,snapshot_281.xyz,64,10000,40.0,10000,all,281
0.0295925,0.0456154,0.0,0.6487392415719253,0.3512607584280747,snapshot_282.xyz,64,10000,40.0,10000,all,282
0.0296147,0.0455184,0.0,0.6506094238813315,0.3493905761186685,snapshot_283.xyz,64,10000,40.0,10000,all,283
0.0294593,0.0456154,0.0,0.645819175103145,0.354180824896855,snapshot_284.xyz,64,10000,40.0,10000,all,284
0.0295814,0.0455723,0.0,0.649109217660728,0.35089078233927196,snapshot_285.xyz,64,10000,40.0,10000,all,285
0.0296479,0.0454214,0.0,0.6527297705486841,0.3472702294513159,snapshot_286.xyz,64,10000,40.0,10000,all,286
0.0294926,0.0454321,0.0,0.649157754098974,0.350842245901026,snapshot_287.xyz,64,10000,40.0,10000,all,287
0.0296701,0.0453783,0.0,0.6538389494538138,0.3461610505461862,snapshot_288.xyz,64,10000,40.0,10000,all,288
0.0294815,0.0455615,0.0,0.6470704432470398,0.3529295567529602,snapshot_289.xyz,64,10000,40.0,10000,all,289
0.0295148,0.0455938,0.0,0.6473424018177911,0.3526575981822089,snapshot_290.xyz,64,10000,40.0,10000,all,290
0.0295481,0.045583,0.0,0.6482263124410417,0.3517736875589583,snapshot_291.xyz,64,10000,40.0,10000,all,291
0.0295814,0.0456369,0.0,0.6481903897942235,0.3518096102057765,snapshot_292.xyz,64,10000,40.0,10000,all,292
0.0295481,0.0453567,0.0,0.6514605339453708,0.34853946605462915,snapshot_293.xyz,64,10000,40.0,10000,all,293
0.0293595,0.0454537,0.0,0.6459210141308629,0.3540789858691371,snapshot_294.xyz,64,10000,40.0,10000,all,294
0.0295703,0.0455723,0.0,0.6488656486506057,0.3511343513493943,snapshot_295.xyz,64,10000,40.0,10000,all,295
0.0296368,0.0454106,0.0,0.6526405729058854,0.3473594270941146,snapshot_296.xyz,64,10000,40.0,10000,all,296
0.0296812,0.0456046,0.0,0.6508378540761239,0.34916214592387607,snapshot_297.xyz,64,10000,40.0,10000,all,297
0.0296147,0.045389,0.0,0.6524642534534799,0.3475357465465201,snapshot_298.xyz,64,10000,40.0,10000,all,298
0.0295703,0.0455292,0.0,0.6494798942217302,0.35052010577826975,snapshot_299.xyz,64,10000,40.0,10000,all,299
0.029415,0.045486,0.0,0.6466824957129667,0.35331750428703335,snapshot_300.xyz,64,10000,40.0,10000,all,300
0.0297367,0.0456585,0.0,0.65128508382886,0.34871491617114003,snapshot_301.xyz,64,10000,40.0,10000,all,301
0.0297699,0.0455184,0.0,0.6540190340609512,0.3459809659390488,snapshot_302.xyz,64,10000,40.0,10000,all,302
0.0297477,0.0454537,0.0,0.6544615729852575,0.34553842701474247,snapshot_303.xyz,64,10000,40.0,10000,all,303
0.0298143,0.0453136,0.0,0.6579547862010522,0.3420452137989478,snapshot_304.xyz,64,10000,40.0,10000,all,304
0.0297588,0.0453136,0.0,0.656729988347869,0.343270011652131,snapshot_305.xyz,64,10000,40.0,10000,all,305
0.0299473,0.0452058,0.0,0.6624658782722571,0.3375341217277429,snapshot_306.xyz,64,10000,40.0,10000,all,306
0.0298475,0.0452489,0.0,0.6596292948557865,0.3403707051442135,snapshot_307.xyz,64,10000,40.0,10000,all,307
0.0300692,0.0450871,0.0,0.6669135961283826,0.33308640387161736,snapshot_308.xyz,64,10000,40.0,10000,all,308
0.0301911,0.0452165,0.0,0.6677009498744927,0.3322990501255073,snapshot_309.xyz,64,10000,40.0,10000,all,309
0.0305897,0.045486,0.0,0.6725080244470827,0.3274919755529173,snapshot_310.xyz,64,10000,40.0,10000,all,310
0.0305786,0.0449793,0.0,0.679837169542434,0.320162830457566,snapshot_311.xyz,64,10000,40.0,10000,all,311
0.0309216,0.0454321,0.0,0.6806112858529542,0.31938871414704584,snapshot_312.xyz,64,10000,40.0,10000,all,312
0.0316069,0.045486,0.0,0.6948709493030822,0.30512905069691776,snapshot_313.xyz,64,10000,40.0,10000,all,313
0.0312644,0.0452058,0.0,0.6916015201589176,0.3083984798410824,snapshot_314.xyz,64,10000,40.0,10000,all,314
0.0314412,0.0452381,0.0,0.6950159268404288,0.3049840731595712,snapshot_315.xyz,64,10000,40.0,10000,all,315
0.0315075,0.0449901,0.0,0.700320737228857,0.299679262771143,snapshot_316.xyz,64,10000,40.0,10000,all,316
0.031629,0.0454106,0.0,0.6965113872091537,0.30348861279084627,snapshot_317.xyz,64,10000,40.0,10000,all,317
0.0320485,0.0454537,0.0,0.7050801144901295,0.29491988550987047,snapshot_318.xyz,64,10000,40.0,10000,all,318
0.0322029,0.0454968,0.0,0.7078058237062826,0.29219417629371736,snapshot_319.xyz,64,10000,40.0,10000,all,319
0.0323573,0.0455399,0.0,0.7105263735756995,0.2894736264243005,snapshot_320.xyz,64,10000,40.0,10000,all,320
0.0327101,0.0457231,0.0,0.7153955003050974,0.28460449969490265,snapshot_321.xyz,64,10000,40.0,10000,all,321
0.0326219,0.0449577,0.0,0.725613187507368,0.27438681249263197,snapshot_322.xyz,64,10000,40.0,10000,all,322
0.0325999,0.0451626,0.0,0.7218339953855625,0.2781660046144375,snapshot_323.xyz,64,10000,40.0,10000,all,323
0.0331727,0.0456154,0.0,0.7272258930098169,0.2727741069901831,snapshot_324.xyz,64,10000,40.0,10000,all,324
0.0330846,0.0452381,0.0,0.7313437124901354,0.2686562875098646,snapshot_325.xyz,64,10000,40.0,10000,all,325
0.0331396,0.0454429,0.0,0.7292580359087998,0.2707419640912002,snapshot_326.xyz,64,10000,40.0,10000,all,326
0.0336348,0.045292,0.0,0.7426212134593305,0.2573787865406695,snapshot_327.xyz,64,10000,40.0,10000,all,327
0.0338218,0.0453351,0.0,0.7460400440276959,0.25395995597230414,snapshot_328.xyz,64,10000,40.0,10000,all,328
0.0338328,0.0451411,0.0,0.7494899326777593,0.2505100673222407,snapshot_329.xyz,64,10000,40.0,10000,all,329
0.0341515,0.0452381,0.0,0.7549278152707563,0.24507218472924375,snapshot_330.xyz,64,10000,40.0,10000,all,330
0.034514,0.0455938,0.0,0.7569888888401495,0.24301111115985052,snapshot_331.xyz,64,10000,40.0,10000,all,331
0.0347884,0.045389,0.0,0.7664500209301813,0.23354997906981867,snapshot_332.xyz,64,10000,40.0,10000,all,332
0.0348323,0.0451734,0.0,0.7710798832941509,0.2289201167058491,snapshot_333.xyz,64,10000,40.0,10000,all,333
0.0350517,0.0450116,0.0,0.7787259284273387,0.22127407157266132,snapshot_334.xyz,64,10000,40.0,10000,all,334
0.035282,0.0455399,0.0,0.7747491759973123,0.2252508240026877,snapshot_335.xyz,64,10000,40.0,10000,all,335
0.0354574,0.0452381,0.0,0.783795075389992,0.21620492461000795,snapshot_336.xyz,64,10000,40.0,10000,all,336
0.0360489,0.0457447,0.0,0.7880453910507665,0.21195460894923346,snapshot_337.xyz,64,10000,40.0,10000,all,337
0.0365414,0.045486,0.0,0.8033548784241306,0.19664512157586944,snapshot_338.xyz,64,10000,40.0,10000,all,338
0.0368257,0.0456046,0.0,0.8074996820496179,0.19250031795038214,snapshot_339.xyz,64,10000,40.0,10000,all,339
0.0368257,0.0453567,0.0,0.8119131241911339,0.18808687580886607,snapshot_340.xyz,64,10000,40.0,10000,all,340
0.0373065,0.0453783,0.0,0.8221220274889098,0.17787797251109017,snapshot_341.xyz,64,10000,40.0,10000,all,341
0.0377106,0.045583,0.0,0.8272952635851084,0.1727047364148916,snapshot_342.xyz,64,10000,40.0,10000,all,342
0.0381252,0.0453244,0.0,0.8411628173787187,0.15883718262128133,snapshot_343.xyz,64,10000,40.0,10000,all,343
0.0387466,0.0454214,0.0,0.853047242048902,0.14695275795109797,snapshot_344.xyz,64,10000,40.0,10000,all,344
0.0389644,0.0451411,0.0,0.8631690410734342,0.13683095892656583,snapshot_345.xyz,64,10000,40.0,10000,all,345
0.0399873,0.0457554,0.0,0.8739361911380952,0.12606380886190482,snapshot_346.xyz,64,10000,40.0,10000,all,346
0.040346,0.0455184,0.0,0.8863668318745825,0.11363316812541746,snapshot_347.xyz,64,10000,40.0,10000,all,347
0.0404873,0.0451303,0.0,0.89712011664004,0.10287988335996001,snapshot_348.xyz,64,10000,40.0,10000,all,348
0.0409651,0.0451087,0.0,0.908141888371866,0.09185811162813395,snapshot_349.xyz,64,10000,40.0,10000,all,349
0.0419412,0.0453459,0.0,0.9249171369407156,0.07508286305928435,snapshot_350.xyz,64,10000,40.0,10000,all,350
0.0418762,0.0451303,0.0,0.927895449398741,0.07210455060125898,snapshot_351.xyz,64,10000,40.0,10000,all,351
0.0424504,0.0452273,0.0,0.9386012430545269,0.06139875694547314,snapshot_352.xyz,64,10000,40.0,10000,all,352
0.0428617,0.0453244,0.0,0.9456650281084802,0.05433497189151981,snapshot_353.xyz,64,10000,40.0,10000,all,353
0.0429158,0.0451626,0.0,0.9502508712961609,0.049749128703839074,snapshot_354.xyz,64,10000,40.0,10000,all,354
0.0430889,0.0452812,0.0,0.9515847636546735,0.04841523634532652,snapshot_355.xyz,64,10000,40.0,10000,all,355
0.0433269,0.0455076,0.0,0.9520805316035124,0.04791946839648764,snapshot_356.xyz,64,10000,40.0,10000,all,356
0.0435215,0.0454968,0.0,0.9565837597369485,0.043416240263051464,snapshot_357.xyz,64,10000,40.0,10000,all,357
0.043435,0.0452273,0.0,0.9603712801781226,0.039628719821877434,snapshot_358.xyz,64,10000,40.0,10000,all,358
0.0435755,0.0451734,0.0,0.9646274134778432,0.0353725865221568,snapshot_359.xyz,64,10000,40.0,10000,all,359
0.0432404,0.0454753,0.0,0.9508546397714802,0.049145360228519785,snapshot_360.xyz,64,10000,40.0,10000,all,360
0.0435539,0.0454214,0.0,0.9588850189558226,0.041114981044177434,snapshot_361.xyz,64,10000,40.0,10000,all,361
0.0433161,0.0452704,0.0,0.9568305117692797,0.04316948823072031,snapshot_362.xyz,64,10000,40.0,10000,all,362
0.0435431,0.045195,0.0,0.963449496625733,0.03655050337426702,snapshot_363.xyz,64,10000,40.0,10000,all,363
0.0437377,0.0455507,0.0,0.9601981967346275,0.039801803265372526,snapshot_364.xyz,64,10000,40.0,10000,all,364
0.0441698,0.0455184,0.0,0.9703724208232276,0.02962757917677239,snapshot_365.xyz,64,10000,40.0,10000,all,365
0.0438241,0.0454753,0.0,0.9636901790642391,0.03630982093576085,snapshot_366.xyz,64,10000,40.0,10000,all,366
0.0439862,0.0455938,0.0,0.9647408200237753,0.03525917997622474,snapshot_367.xyz,64,10000,40.0,10000,all,367
0.043943,0.0456261,0.0,0.9631110263642959,0.03688897363570409,snapshot_368.xyz,64,10000,40.0,10000,all,368
0.0437052,0.0451087,0.0,0.9688862680591549,0.031113731940845102,snapshot_369.xyz,64,10000,40.0,10000,all,369
0.0438889,0.0452381,0.0,0.9701755820867808,0.029824417913219214,snapshot_370.xyz,64,10000,40.0,10000,all,370
0.044051,0.0450332,0.0,0.9781894246911167,0.021810575308883307,snapshot_371.xyz,64,10000,40.0,10000,all,371
0.044105,0.0455076,0.0,0.9691787745343634,0.030821225465636592,snapshot_372.xyz,64,10000,40.0,10000,all,372
0.043943,0.0453136,0.0,0.969753010133823,0.03024698986617702,snapshot_373.xyz,64,10000,40.0,10000,all,373
0.0443966,0.0456261,0.0,0.9730527044827412,0.02694729551725883,snapshot_374.xyz,64,10000,40.0,10000,all,374
0.0438673,0.0453459,0.0,0.9673928624197556,0.03260713758024436,snapshot_375.xyz,64,10000,40.0,10000,all,375
0.0441266,0.0454537,0.0,0.9708032569405791,0.029196743059420882,snapshot_376.xyz,64,10000,40.0,10000,all,376
0.0439754,0.0452597,0.0,0.9716237624199895,0.02837623758001051,snapshot_377.xyz,64,10000,40.0,10000,all,377
0.0438889,0.0450548,0.0,0.9741226240045456,0.025877375995454366,snapshot_378.xyz,64,10000,40.0,10000,all,378
0.0437377,0.0450871,0.0,0.9700712620683077,0.029928737931692262,snapshot_379.xyz,64,10000,40.0,10000,all,379
0.044213,0.0457339,0.0,0.966744581153149,0.033255418846851015,snapshot_380.xyz,64,10000,40.0,10000,all,380
0.0441806,0.0453783,0.0,0.9736063272533347,0.026393672746665264,snapshot_381.xyz,64,10000,40.0,10000,all,381
0.044213,0.0453459,0.0,0.9750164844010153,0.024983515598984707,snapshot_382.xyz,64,10000,40.0,10000,all,382
0.0445585,0.0456908,0.0,0.9752182058532572,0.024781794146742753,snapshot_383.xyz,64,10000,40.0,10000,all,383
0.0440294,0.0451195,0.0,0.9758397145358437,0.024160285464156273,snapshot_384.xyz,64,10000,40.0,10000,all,384
0.044375,0.0453783,0.0,0.9778903132113806,0.022109686788619354,snapshot_385.xyz,64,10000,40.0,10000,all,385
0.044267,0.0454429,0.0,0.9741235704587515,0.02587642954124847,snapshot_386.xyz,64,10000,40.0,10000,all,386
0.0445369,0.0453459,0.0,0.9821593572958084,0.01784064270419161,snapshot_387.xyz,64,10000,40.0,10000,all,387
0.0442454,0.0452489,0.0,0.9778226653023608,0.02217733469763916,snapshot_388.xyz,64,10000,40.0,10000,all,388
0.0442346,0.0454753,0.0,0.9727170573915949,0.027282942608405136,snapshot_389.xyz,64,10000,40.0,10000,all,389
0.0441158,0.0452058,0.0,0.9758880497635259,0.024111950236474056,snapshot_390.xyz,64,10000,40.0,10000,all,390
0.0443426,0.0453244,0.0,0.9783383784451642,0.021661621554835753,snapshot_391.xyz,64,10000,40.0,10000,all,391
0.0445909,0.0457016,0.0,0.9756966933323997,0.024303306667600277,snapshot_392.xyz,64,10000,40.0,10000,all,392
0.0440402,0.0450979,0.0,0.9765465797742244,0.023453420225775568,snapshot_393.xyz,64,10000,40.0,10000,all,393
0.044213,0.0453136,0.0,0.9757114861763356,0.02428851382366437,snapshot_394.xyz,64,10000,40.0,10000,all,394
0.0438349,0.0453028,0.0,0.9675980292608847,0.03240197073911533,snapshot_395.xyz,64,10000,40.0,10000,all,395
0.044159,0.0452597,0.0,0.9756803513942867,0.02431964860571334,snapshot_396.xyz,64,10000,40.0,10000,all,396
0.0441914,0.0451087,0.0,0.9796646766588263,0.020335323341173717,snapshot_397.xyz,64,10000,40.0,10000,all,397
0.0442454,0.0454645,0.0,0.973185672337758,0.02681432766224201,snapshot_398.xyz,64,10000,40.0,10000,all,398
0.0443102,0.0456692,0.0,0.97024252669195,0.02975747330805001,snapshot_399.xyz,64,10000,40.0,10000,all,399
0.0444074,0.0454537,0.0,0.9769809718460764,0.02301902815392365,snapshot_400.xyz,64,10000,40.0,10000,all,400
0.044267,0.0454645,0.0,0.9736607682917442,0.026339231708255806,snapshot_401.xyz,64,10000,40.0,10000,all,401
0.044267,0.0451842,0.0,0.9797008688877971,0.02029913111220294,snapshot_402.xyz,64,10000,40.0,10000,all,402
0.0446232,0.0455938,0.0,0.9787120178620778,0.021287982137922157,snapshot_403.xyz,64,10000,40.0,10000,all,403
0.0446556,0.0456046,0.0,0.9791906956754362,0.02080930432456385,snapshot_404.xyz,64,10000,40.0,10000,all,404
0.0442238,0.0451734,0.0,0.9789787795472557,0.02102122045274435,snapshot_405.xyz,64,10000,40.0,10000,all,405
0.0446664,0.0456585,0.0,0.9782712966917443,0.021728703308255715,snapshot_406.xyz,64,10000,40.0,10000,all,406
0.044634,0.0455723,0.0,0.9794107385407363,0.020589261459263652,snapshot_407.xyz,64,10000,40.0,10000,all,407
0.0442346,0.0454537,0.0,0.9731793011350011,0.026820698864998938,snapshot_408.xyz,64,10000,40.0,10000,all,408
0.0442238,0.0454968,0.0,0.9720200101985196,0.02797998980148042,snapshot_409.xyz,64,10000,40.0,10000,all,409
0.0442454,0.0454429,0.0,0.9736482486813121,0.026351751318687944,snapshot_410.xyz,64,10000,40.0,10000,all,410
0.0447204,0.0458739,0.0,0.9748549828987725,0.025145017101227518,snapshot_411.xyz,64,10000,40.0,10000,all,411
0.044213,0.0454321,0.0,0.9731665496422133,0.026833450357786726,snapshot_412.xyz,64,10000,40.0,10000,all,412
0.0438025,0.045292,0.0,0.967113397509494,0.03288660249050601,snapshot_413.xyz,64,10000,40.0,10000,all,413
0.0446448,0.0458416,0.0,0.9738927088059752,0.026107291194024773,snapshot_414.xyz,64,10000,40.0,10000,all,414
0.0441914,0.0456046,0.0,0.9690118979225779,0.030988102077422086,snapshot_415.xyz,64,10000,40.0,10000,all,415
0.044321,0.0454645,0.0,0.9748485081767093,0.025151491823290684,snapshot_416.xyz,64,10000,40.0,10000,all,416
0.0444181,0.0456261,0.0,0.9735239259984965,0.026476074001503536,snapshot_417.xyz,64,10000,40.0,10000,all,417
0.0442778,0.0452273,0.0,0.9790060428104265,0.02099395718957353,snapshot_418.xyz,64,10000,40.0,10000,all,418
0.0443102,0.045292,0.0,0.9783228826282788,0.021677117371721177,snapshot_419.xyz,64,10000,40.0,10000,all,419
0.044321,0.0453998,0.0,0.9762377807831754,0.023762219216824643,snapshot_420.xyz,64,10000,40.0,10000,all,420
0.0441806,0.0451734,0.0,0.9780224645477206,0.02197753545227943,snapshot_421.xyz,64,10000,40.0,10000,all,421
0.0444181,0.0454968,0.0,0.9762906402208508,0.02370935977914923,snapshot_422.xyz,64,10000,40.0,10000,all,422
0.0447635,0.0458093,0.0,0.977170574533992,0.02282942546600797,snapshot_423.xyz,64,10000,40.0,10000,all,423
0.044267,0.045486,0.0,0.9732005452227059,0.026799454777294063,snapshot_424.xyz,64,10000,40.0,10000,all,424
0.044267,0.0455399,0.0,0.9720486869755972,0.02795131302440279,snapshot_425.xyz,64,10000,40.0,10000,all,425
0.0441806,0.0450979,0.0,0.9796598067759252,0.020340193224074765,snapshot_426.xyz,64,10000,40.0,10000,all,426
0.0441374,0.0454321,0.0,0.9715025279483008,0.02849747205169917,snapshot_427.xyz,64,10000,40.0,10000,all,427
0.0445261,0.0452812,0.0,0.9833242051889084,0.016675794811091604,snapshot_428.xyz,64,10000,40.0,10000,all,428
0.0446016,0.0456692,0.0,0.9766231946256996,0.023376805374300424,snapshot_429.xyz,64,10000,40.0,10000,all,429
0.0443426,0.0453244,0.0,0.9783383784451642,0.021661621554835753,snapshot_430.xyz,64,10000,40.0,10000,all,430
0.0441266,0.0452812,0.0,0.974501559145959,0.02549844085404096,snapshot_431.xyz,64,10000,40.0,10000,all,431
0.0442886,0.045292,0.0,0.977845977214519,0.022154022785480953,snapshot_432.xyz,64,10000,40.0,10000,all,432
0.044375,0.0453567,0.0,0.9783560091452861,0.021643990854713913,snapshot_433.xyz,64,10000,40.0,10000,all,433
0.0443318,0.0454753,0.0,0.9748544814437726,0.025145518556227375,snapshot_434.xyz,64,10000,40.0,10000,all,434
0.0440078,0.0452165,0.0,0.9732686076985171,0.026731392301482915,snapshot_435.xyz,64,10000,40.0,10000,all,435
0.0444397,0.0455507,0.0,0.9756095954617602,0.024390404538239818,snapshot_436.xyz,64,10000,40.0,10000,all,436
0.0445369,0.0458416,0.0,0.9715389515200167,0.02846104847998332,snapshot_437.xyz,64,10000,40.0,10000,all,437
0.0442022,0.0452165,0.0,0.977567923213871,0.022432076786129018,snapshot_438.xyz,64,10000,40.0,10000,all,438
0.0442778,0.0452381,0.0,0.9787723180239665,0.02122768197603353,snapshot_439.xyz,64,10000,40.0,10000,all,439
0.044634,0.0454753,0.0,0.9814998471697822,0.018500152830217775,snapshot_440.xyz,64,10000,40.0,10000,all,440
0.0443318,0.0453675,0.0,0.9771708822394886,0.02282911776051144,snapshot_441.xyz,64,10000,40.0,10000,all,441
0.044267,0.0451734,0.0,0.9799350945467907,0.02006490545320927,snapshot_442.xyz,64,10000,40.0,10000,all,442
0.0444397,0.0454106,0.0,0.9786195293609862,0.021380470639013827,snapshot_443.xyz,64,10000,40.0,10000,all,443
0.0446664,0.0457447,0.0,0.9764278703325194,0.023572129667480568,snapshot_444.xyz,64,10000,40.0,10000,all,444
0.0446232,0.0455184,0.0,0.9803332278814721,0.019666772118527853,snapshot_445.xyz,64,10000,40.0,10000,all,445
0.0444505,0.0455184,0.0,0.976539157791135,0.023460842208865018,snapshot_446.xyz,64,10000,40.0,10000,all,446
0.0447527,0.04568,0.0,0.9797000875656743,0.020299912434325718,snapshot_447.xyz,64,10000,40.0,10000,all,447
0.044375,0.0454106,0.0,0.9771947518861234,0.02280524811387663,snapshot_448.xyz,64,10000,40.0,10000,all,448
0.0439862,0.0449685,0.0,0.9781558201852408,0.021844179814759168,snapshot_449.xyz,64,10000,40.0,10000,all,449
0.0444181,0.0453351,0.0,0.9797728470875767,0.020227152912423274,snapshot_450.xyz,64,10000,40.0,10000,all,450
0.0445477,0.0457231,0.0,0.9742930816152011,0.025706918384798882,snapshot_451.xyz,64,10000,40.0,10000,all,451
0.0445801,0.0455615,0.0,0.9784598838931993,0.021540116106800733,snapshot_452.xyz,64,10000,40.0,10000,all,452
0.0443102,0.0454429,0.0,0.9750742140136303,0.024925785986369742,snapshot_453.xyz,64,10000,40.0,10000,all,453
0.0440186,0.0453351,0.0,0.9709606905025023,0.029039309497497667,snapshot_454.xyz,64,10000,40.0,10000,all,454
0.0445477,0.0454753,0.0,0.979602113674896,0.020397886325103975,snapshot_455.xyz,64,10000,40.0,10000,all,455
0.0442454,0.0450116,0.0,0.9829777212985097,0.017022278701490312,snapshot_456.xyz,64,10000,40.0,10000,all,456
0.0440618,0.0453028,0.0,0.972606549705537,0.02739345029446305,snapshot_457.xyz,64,10000,40.0,10000,all,457
0.0446988,0.0455723,0.0,0.9808326549241534,0.01916734507584661,snapshot_458.xyz,64,10000,40.0,10000,all,458
0.0444181,0.0457231,0.0,0.971458628133263,0.028541371866736998,snapshot_459.xyz,64,10000,40.0,10000,all,459
0.0443966,0.0456477,0.0,0.9725922664230618,0.027407733576938154,snapshot_460.xyz,64,10000,40.0,10000,all,460
0.0443858,0.0451087,0.0,0.98397426660489,0.016025733395110042,snapshot_461.xyz,64,10000,40.0,10000,all,461
0.044105,0.0450763,0.0,0.9784520912319777,0.02154790876802226,snapshot_462.xyz,64,10000,40.0,10000,all,462
0.0440942,0.0452273,0.0,0.974946547770926,0.025053452229073958,snapshot_463.xyz,64,10000,40.0,10000,all,463
0.0442238,0.0453244,0.0,0.9757172736980523,0.02428272630194772,snapshot_464.xyz,64,10000,40.0,10000,all,464
0.0442778,0.0453675,0.0,0.9759806028544663,0.024019397145533694,snapshot_465.xyz,64,10000,40.0,10000,all,465
0.0445909,0.0454429,0.0,0.9812511965565578,0.018748803443442208,snapshot_466.xyz,64,10000,40.0,10000,all,466
0.0443642,0.0453567,0.0,0.9781178965841871,0.02188210341581287,snapshot_467.xyz,64,10000,40.0,10000,all,467
0.0442994,0.0455507,0.0,0.9725295110722778,0.027470488927722192,snapshot_468.xyz,64,10000,40.0,10000,all,468
0.0445045,0.0456908,0.0,0.9740363486741315,0.02596365132586853,snapshot_469.xyz,64,10000,40.0,10000,all,469
0.0440618,0.0450224,0.0,0.9786639539429262,0.021336046057073843,snapshot_470.xyz,64,10000,40.0,10000,all,470
0.0446124,0.0455615,0.0,0.9791688157764781,0.020831184223521926,snapshot_471.xyz,64,10000,40.0,10000,all,471
0.0441266,0.045195,0.0,0.9763602168381459,0.02363978316185411,snapshot_472.xyz,64,10000,40.0,10000,all,472
0.0445261,0.045486,0.0,0.9788968034120389,0.021103196587961115,snapshot_473.xyz,64,10000,40.0,10000,all,473
0.0445585,0.0457878,0.0,0.97315223705878,0.026847762941220044,snapshot_474.xyz,64,10000,40.0,10000,all,474
0.0444181,0.0454537,0.0,0.9772163762245978,0.022783623775402218,snapshot_475.xyz,64,10000,40.0,10000,all,475
0.044321,0.0453783,0.0,0.9767003171119234,0.0232996828880766,snapshot_476.xyz,64,10000,40.0,10000,all,476
0.0446556,0.0455399,0.0,0.9805818633769506,0.019418136623049365,snapshot_477.xyz,64,10000,40.0,10000,all,477
0.0439646,0.0451303,0.0,0.9741703467515173,0.025829653248482742,snapshot_478.xyz,64,10000,40.0,10000,all,478
0.0441374,0.0450871,0.0,0.9789363254678168,0.021063674532183163,snapshot_479.xyz,64,10000,40.0,10000,all,479
0.0441374,0.0453567,0.0,0.9731175328011077,0.026882467198892313,snapshot_480.xyz,64,10000,40.0,10000,all,480
0.0445369,0.0455938,0.0,0.9768192166478775,0.02318078335212248,snapshot_481.xyz,64,10000,40.0,10000,all,481
0.044375,0.0453783,0.0,0.9778903132113806,0.022109686788619354,snapshot_482.xyz,64,10000,40.0,10000,all,482
0.0444289,0.045389,0.0,0.9788472978034326,0.021152702196567397,snapshot_483.xyz,64,10000,40.0,10000,all,483
0.0443426,0.0453675,0.0,0.9774089381164932,0.02259106188350679,snapshot_484.xyz,64,10000,40.0,10000,all,484
0.0444181,0.0454537,0.0,0.9772163762245978,0.022783623775402218,snapshot_485.xyz,64,10000,40.0,10000,all,485
0.0444505,0.0454968,0.0,0.9770027782173691,0.02299722178263086,snapshot_486.xyz,64,10000,40.0,10000,all,486
0.0443642,0.04568,0.0,0.9711952714535902,0.028804728546409808,snapshot_487.xyz,64,10000,40.0,10000,all,487
0.044321,0.045292,0.0,0.9785613353351585,0.021438664664841456,snapshot_488.xyz,64,10000,40.0,10000,all,488
0.0444613,0.04568,0.0,0.9733209281961472,0.02667907180385276,snapshot_489.xyz,64,10000,40.0,10000,all,489
0.043997,0.0451734,0.0,0.9739581257996962,0.026041874200303794,snapshot_490.xyz,64,10000,40.0,10000,all,490
0.0442778,0.045195,0.0,0.9797057196592543,0.020294280340745652,snapshot_491.xyz,64,10000,40.0,10000,all,491
0.0442022,0.0453459,0.0,0.9747783151288208,0.02522168487117915,snapshot_492.xyz,64,10000,40.0,10000,all,492
0.0445045,0.0457447,0.0,0.9728886625117228,0.02711133748827721,snapshot_493.xyz,64,10000,40.0,10000,all,493
0.0440726,0.0454214,0.0,0.9703047462209444,0.029695253779055575,snapshot_494.xyz,64,10000,40.0,10000,all,494
0.0447851,0.0456692,0.0,0.9806412199031295,0.01935878009687053,snapshot_495.xyz,64,10000,40.0,10000,all,495
0.044213,0.045195,0.0,0.9782719327359222,0.021728067264077833,snapshot_496.xyz,64,10000,40.0,10000,all,496
0.0443318,0.0457339,0.0,0.9693422166051877,0.030657783394812288,snapshot_497.xyz,64,10000,40.0,10000,all,497
0.0441806,0.0454753,0.0,0.9715295995848295,0.02847040041517046,snapshot_498.xyz,64,10000,40.0,10000,all,498
0.0446448,0.0456154,0.0,0.9787220982387527,0.02127790176124733,snapshot_499.xyz,64,10000,40.0,10000,all,499
0.0442886,0.0453567,0.0,0.9764511086564939,0.02354889134350613,snapshot_500.xyz,64,10000,40.0,10000,all,500
0.044105,0.0451626,0.0,0.9765823933963058,0.023417606603694185,snapshot_501.xyz,64,10000,40.0,10000,all,501
0.0441374,0.0453998,0.0,0.9721937101044499,0.027806289895550118,snapshot_502.xyz,64,10000,40.0,10000,all,502
0.0440618,0.0451626,0.0,0.9756258497075013,0.024374150292498675,snapshot_503.xyz,64,10000,40.0,10000,all,503
0.0441266,0.0453136,0.0,0.9738047738427316,0.026195226157268436,snapshot_504.xyz,64,10000,40.0,10000,all,504
0.0439646,0.0453675,0.0,0.9690769824213369,0.030923017578663115,snapshot_505.xyz,64,10000,40.0,10000,all,505
0.0441806,0.0453351,0.0,0.9745340806571507,0.025465919342849253,snapshot_506.xyz,64,10000,40.0,10000,all,506
0.0438998,0.045195,0.0,0.9713419626064831,0.02865803739351691,snapshot_507.xyz,64,10000,40.0,10000,all,507
0.0438133,0.0451411,0.0,0.9705855639317605,0.029414436068239458,snapshot_508.xyz,64,10000,40.0,10000,all,508
0.0441266,0.045389,0.0,0.9721870937892442,0.027812906210755828,snapshot_509.xyz,64,10000,40.0,10000,all,509
0.044321,0.0456908,0.0,0.9700202228895095,0.02997977711049049,snapshot_510.xyz,64,10000,40.0,10000,all,510
0.0440834,0.0453567,0.0,0.9719269699956126,0.028073030004387434,snapshot_511.xyz,64,10000,40.0,10000,all,511
0.0440618,0.045583,0.0,0.9666279095276747,0.033372090472325255,snapshot_512.xyz,64,10000,40.0,10000,all,512
0.043943,0.0453998,0.0,0.9679117529152113,0.032088247084788746,snapshot_513.xyz,64,10000,40.0,10000,all,513
0.0439106,0.0452597,0.0,0.9701920251349435,0.029807974865056486,snapshot_514.xyz,64,10000,40.0,10000,all,514
0.0443426,0.0455184,0.0,0.9741686878273402,0.02583131217265977,snapshot_515.xyz,64,10000,40.0,10000,all,515
0.0439646,0.0449901,0.0,0.9772060964523307,0.022793903547669303,snapshot_516.xyz,64,10000,40.0,10000,all,516
0.0439862,0.0452381,0.0,0.9723264239656396,0.02767357603436038,snapshot_517.xyz,64,10000,40.0,10000,all,517
0.0442886,0.0456477,0.0,0.970226320274625,0.029773679725375035,snapshot_518.xyz,64,10000,40.0,10000,all,518
0.0440942,0.0455292,0.0,0.9684817655482636,0.031518234451736404,snapshot_519.xyz,64,10000,40.0,10000,all,519
0.0440834,0.0452597,0.0,0.9740099912283997,0.025990008771600293,snapshot_520.xyz,64,10000,40.0,10000,all,520
0.0439538,0.0452165,0.0,0.9720743533886966,0.027925646611303367,snapshot_521.xyz,64,10000,40.0,10000,all,521
0.0443534,0.0454106,0.0,0.9767190920181631,0.023280907981836907,snapshot_522.xyz,64,10000,40.0,10000,all,522
0.0441158,0.0452058,0.0,0.9758880497635259,0.024111950236474056,snapshot_523.xyz,64,10000,40.0,10000,all,523
0.0442022,0.0455399,0.0,0.9706257589498439,0.02937424105015607,snapshot_524.xyz,64,10000,40.0,10000,all,524
0.0442238,0.0456046,0.0,0.9697223525696969,0.030277647430303145,snapshot_525.xyz,64,10000,40.0,10000,all,525
0.0440726,0.0454429,0.0,0.9698456744617971,0.030154325538202853,snapshot_526.xyz,64,10000,40.0,10000,all,526
0.0439862,0.0453136,0.0,0.970706366300625,0.029293633699374988,snapshot_527.xyz,64,10000,40.0,10000,all,527
0.0438349,0.0453567,0.0,0.9664481763443991,0.03355182365560094,snapshot_528.xyz,64,10000,40.0,10000,all,528
0.0440834,0.0453459,0.0,0.9721584531346825,0.02784154686531748,snapshot_529.xyz,64,10000,40.0,10000,all,529
0.0437917,0.0453567,0.0,0.9654957261000029,0.03450427389999711,snapshot_530.xyz,64,10000,40.0,10000,all,530
0.0437593,0.045195,0.0,0.9682332116384557,0.03176678836154434,snapshot_531.xyz,64,10000,40.0,10000,all,531
0.0440834,0.0452489,0.0,0.9742424677726973,0.025757532227302704,snapshot_532.xyz,64,10000,40.0,10000,all,532
0.0441698,0.045389,0.0,0.9731388662451256,0.026861133754874422,snapshot_533.xyz,64,10000,40.0,10000,all,533
0.0437161,0.0450763,0.0,0.9698244975741133,0.030175502425886735,snapshot_534.xyz,64,10000,40.0,10000,all,534
0.0439538,0.0452381,0.0,0.9716102135147143,0.028389786485285673,snapshot_535.xyz,64,10000,40.0,10000,all,535
0.0438349,0.0451734,0.0,0.970369730859311,0.029630269140689003,snapshot_536.xyz,64,10000,40.0,10000,all,536
0.0440726,0.0454429,0.0,0.9698456744617971,0.030154325538202853,snapshot_537.xyz,64,10000,40.0,10000,all,537
0.0440078,0.0452597,0.0,0.9723396310625125,0.027660368937487467,snapshot_538.xyz,64,10000,40.0,10000,all,538
0.0437809,0.0452812,0.0,0.966867044159607,0.033132955840393,snapshot_539.xyz,64,10000,40.0,10000,all,539
0.0443966,0.0456369,0.0,0.9728224309714288,0.027177569028571158,snapshot_540.xyz,64,10000,40.0,10000,all,540
0.0444721,0.0456692,0.0,0.9737875855062055,0.026212414493794522,snapshot_541.xyz,64,10000,40.0,10000,all,541
0.0442778,0.0457662,0.0,0.9674781825888975,0.032521817411102494,snapshot_542.xyz,64,10000,40.0,10000,all,542
0.0443858,0.0456154,0.0,0.9730441912161244,0.0269558087838756,snapshot_543.xyz,64,10000,40.0,10000,all,543
0.0444181,0.0457339,0.0,0.9712292194630242,0.028770780536975793,snapshot_544.xyz,64,10000,40.0,10000,all,544
0.0440078,0.0452381,0.0,0.9728038975995896,0.02719610240041037,snapshot_545.xyz,64,10000,40.0,10000,all,545
0.044159,0.0454214,0.0,0.9722069332957591,0.027793066704240865,snapshot_546.xyz,64,10000,40.0,10000,all,546
0.0443102,0.0450763,0.0,0.9830043725860375,0.016995627413962544,snapshot_547.xyz,64,10000,40.0,10000,all,547
0.0442454,0.0453028,0.0,0.9766592793381424,0.02334072066185755,snapshot_548.xyz,64,10000,40.0,10000,all,548
0.0441158,0.0456477,0.0,0.966440806437126,0.03355919356287396,snapshot_549.xyz,64,10000,40.0,10000,all,549
0.044213,0.0453459,0.0,0.9750164844010153,0.024983515598984707,snapshot_550.xyz,64,10000,40.0,10000,all,550
0.0439646,0.0452489,0.0,0.9716169895842771,0.028383010415722887,snapshot_551.xyz,64,10000,40.0,10000,all,551
0.044267,0.0454537,0.0,0.9738921143933278,0.02610788560667221,snapshot_552.xyz,64,10000,40.0,10000,all,552
0.0444397,0.0456692,0.0,0.973078135811444,0.02692186418855602,snapshot_553.xyz,64,10000,40.0,10000,all,553
0.0440078,0.0452165,0.0,0.9732686076985171,0.026731392301482915,snapshot_554.xyz,64,10000,40.0,10000,all,554
0.0442994,0.0455615,0.0,0.9722989804988862,0.02770101950111381,snapshot_555.xyz,64,10000,40.0,10000,all,555
0.044267,0.045486,0.0,0.9732005452227059,0.026799454777294063,snapshot_556.xyz,64,10000,40.0,10000,all,556
0.0440294,0.0451195,0.0,0.9758397145358437,0.024160285464156273,snapshot_557.xyz,64,10000,40.0,10000,all,557
0.0440834,0.0453998,0.0,0.9710042775518836,0.028995722448116434,snapshot_558.xyz,64,10000,40.0,10000,all,558
0.0443318,0.045486,0.0,0.9746251593897023,0.02537484061029771,snapshot_559.xyz,64,10000,40.0,10000,all,559
0.0442238,0.0453136,0.0,0.9759498252180361,0.024050174781963918,snapshot_560.xyz,64,10000,40.0,10000,all,560
0.0440294,0.0454968,0.0,0.9677471822194089,0.03225281778059108,snapshot_561.xyz,64,10000,40.0,10000,all,561
0.0441698,0.0455615,0.0,0.9694544736235639,0.03054552637643615,snapshot_562.xyz,64,10000,40.0,10000,all,562
0.0438565,0.0452381,0.0,0.9694593716358555,0.030540628364144506,snapshot_563.xyz,64,10000,40.0,10000,all,563
0.0441698,0.0456261,0.0,0.9680818654235186,0.031918134576481405,snapshot_564.xyz,64,10000,40.0,10000,all,564
0.0442778,0.0454645,0.0,0.9738983162687371,0.02610168373126287,snapshot_565.xyz,64,10000,40.0,10000,all,565
0.0442562,0.0453244,0.0,0.9764321204472647,0.023567879552735316,snapshot_566.xyz,64,10000,40.0,10000,all,566
0.0441914,0.045292,0.0,0.9756999028526009,0.024300097147399113,snapshot_567.xyz,64,10000,40.0,10000,all,567
0.0440078,0.0452812,0.0,0.9718779537644762,0.028122046235523834,snapshot_568.xyz,64,10000,40.0,10000,all,568
0.0439106,0.0452273,0.0,0.9708870527314255,0.029112947268574496,snapshot_569.xyz,64,10000,40.0,10000,all,569
0.044213,0.0451842,0.0,0.9785057608633106,0.021494239136689353,snapshot_570.xyz,64,10000,40.0,10000,all,570
0.0437269,0.0451734,0.0,0.9679789433604731,0.032021056639526924,snapshot_571.xyz,64,10000,40.0,10000,all,571
0.0437593,0.045195,0.0,0.9682332116384557,0.03176678836154434,snapshot_572.xyz,64,10000,40.0,10000,all,572
0.043662,0.0450871,0.0,0.9683922895905924,0.031607710409407574,snapshot_573.xyz,64,10000,40.0,10000,all,573
0.0438889,0.0455184,0.0,0.964201290027769,0.035798709972231,snapshot_574.xyz,64,10000,40.0,10000,all,574
0.0439322,0.0452489,0.0,0.9709009500783443,0.029099049921655684,snapshot_575.xyz,64,10000,40.0,10000,all,575
0.0440186,0.0454106,0.0,0.9693463640647777,0.0306536359352223,snapshot_576.xyz,64,10000,40.0,10000,all,576
0.0440834,0.0453783,0.0,0.9714643342743117,0.02853566572568833,snapshot_577.xyz,64,10000,40.0,10000,all,577
0.0442994,0.0455723,0.0,0.9720685591905609,0.0279314408094391,snapshot_578.xyz,64,10000,40.0,10000,all,578
0.0438673,0.0450548,0.0,0.9736432078269129,0.026356792173087062,snapshot_579.xyz,64,10000,40.0,10000,all,579
0.0442022,0.0454753,0.0,0.9720045827075356,0.027995417292464353,snapshot_580.xyz,64,10000,40.0,10000,all,580
0.0440078,0.0452489,0.0,0.9725717089255208,0.027428291074479194,snapshot_581.xyz,64,10000,40.0,10000,all,581
0.043943,0.0453675,0.0,0.968600870667328,0.03139912933267197,snapshot_582.xyz,64,10000,40.0,10000,all,582
0.0440078,0.0453136,0.0,0.9711830443840259,0.028816955615974083,snapshot_583.xyz,64,10000,40.0,10000,all,583
0.0439862,0.0453783,0.0,0.9693223412952887,0.030677658704711286,snapshot_584.xyz,64,10000,40.0,10000,all,584
0.0436944,0.0451518,0.0,0.9677222170544696,0.03227778294553041,snapshot_585.xyz,64,10000,40.0,10000,all,585
0.0444505,0.0456369,0.0,0.9740034927876344,0.02599650721236557,snapshot_586.xyz,64,10000,40.0,10000,all,586
0.0443966,0.045777,0.0,0.9698451187277455,0.03015488127225452,snapshot_587.xyz,64,10000,40.0,10000,all,587
0.0444721,0.0455507,0.0,0.9763208907876278,0.02367910921237215,snapshot_588.xyz,64,10000,40.0,10000,all,588
0.0441806,0.0456692,0.0,0.9674047279129041,0.032595272087095895,snapshot_589.xyz,64,10000,40.0,10000,all,589
0.0442778,0.0455723,0.0,0.9715945870627551,0.028405412937244856,snapshot_590.xyz,64,10000,40.0,10000,all,590
0.0441806,0.0455615,0.0,0.969691515863174,0.030308484136825964,snapshot_591.xyz,64,10000,40.0,10000,all,591
0.0443102,0.0455938,0.0,0.971847049379521,0.028152950620478956,snapshot_592.xyz,64,10000,40.0,10000,all,592
0.0439862,0.045389,0.0,0.9690938333076297,0.03090616669237034,snapshot_593.xyz,64,10000,40.0,10000,all,593
0.0437593,0.0450116,0.0,0.972178282931511,0.027821717068489016,snapshot_594.xyz,64,10000,40.0,10000,all,594
0.0439646,0.0453675,0.0,0.9690769824213369,0.030923017578663115,snapshot_595.xyz,64,10000,40.0,10000,all,595
0.0438673,0.0453351,0.0,0.9676233205617721,0.03237667943822786,snapshot_596.xyz,64,10000,40.0,10000,all,596
0.044105,0.0452597,0.0,0.9744872369900817,0.025512763009918338,snapshot_597.xyz,64,10000,40.0,10000,all,597
0.0440726,0.045486,0.0,0.9689267027217167,0.03107329727828334,snapshot_598.xyz,64,10000,40.0,10000,all,598
0.0444397,0.0456154,0.0,0.9742258097046173,0.02577419029538275,snapshot_599.xyz,64,10000,40.0,10000,all,599
0.0442778,0.0450979,0.0,0.9818151177771026,0.01818488222289738,snapshot_600.xyz,64,10000,40.0,10000,all,600
0.0442022,0.0454968,0.0,0.9715452515341738,0.028454748465826185,snapshot_601.xyz,64,10000,40.0,10000,all,601
0.0437161,0.0453998,0.0,0.9629139335415575,0.03708606645844248,snapshot_602.xyz,64,10000,40.0,10000,all,602
0.0438133,0.0453028,0.0,0.9671212375394016,0.0328787624605984,snapshot_603.xyz,64,10000,40.0,10000,all,603
0.0439214,0.0454321,0.0,0.9667481802514081,0.033251819748591926,snapshot_604.xyz,64,10000,40.0,10000,all,604
0.0437917,0.0456477,0.0,0.9593407773009375,0.040659222699062525,snapshot_605.xyz,64,10000,40.0,10000,all,605
0.0437269,0.0455292,0.0,0.9604144153642058,0.0395855846357942,snapshot_606.xyz,64,10000,40.0,10000,all,606
0.0436512,0.0454968,0.0,0.9594345096798017,0.040565490320198294,snapshot_607.xyz,64,10000,40.0,10000,all,607
0.0437052,0.0456154,0.0,0.9581237915265458,0.04187620847345419,snapshot_608.xyz,64,10000,40.0,10000,all,608
0.0436728,0.0453351,0.0,0.9633330465798022,0.03666695342019777,snapshot_609.xyz,64,10000,40.0,10000,all,609
0.0434999,0.0451842,0.0,0.9627236954510647,0.03727630454893527,snapshot_610.xyz,64,10000,40.0,10000,all,610
0.0435431,0.0454537,0.0,0.9579660181679379,0.042033981832062084,snapshot_611.xyz,64,10000,40.0,10000,all,611
0.0435215,0.0451411,0.0,0.9641213882692268,0.035878611730773224,snapshot_612.xyz,64,10000,40.0,10000,all,612
0.0434026,0.0452058,0.0,0.9601113131500826,0.03988868684991742,snapshot_613.xyz,64,10000,40.0,10000,all,613
0.0433701,0.045292,0.0,0.9575664576525657,0.04243354234743435,snapshot_614.xyz,64,10000,40.0,10000,all,614
0.0435431,0.0451303,0.0,0.9648307234828929,0.035169276517107106,snapshot_615.xyz,64,10000,40.0,10000,all,615
0.0437377,0.0455076,0.0,0.9611075952148651,0.03889240478513489,snapshot_616.xyz,64,10000,40.0,10000,all,616
0.0435647,0.0452812,0.0,0.9620924357128344,0.037907564287165574,snapshot_617.xyz,64,10000,40.0,10000,all,617
0.0438457,0.0455184,0.0,0.9632522232767409,0.03674777672325913,snapshot_618.xyz,64,10000,40.0,10000,all,618
0.0435539,0.0451411,0.0,0.9648391377259304,0.03516086227406956,snapshot_619.xyz,64,10000,40.0,10000,all,619
0.043662,0.0453028,0.0,0.9637814881199397,0.03621851188006031,snapshot_620.xyz,64,10000,40.0,10000,all,620
0.0435215,0.0452489,0.0,0.9618244863411043,0.03817551365889571,snapshot_621.xyz,64,10000,40.0,10000,all,621
0.0434134,0.0453459,0.0,0.9573831371744743,0.04261686282552568,snapshot_622.xyz,64,10000,40.0,10000,all,622
0.0435431,0.0454645,0.0,0.9577384552782942,0.042261544721705846,snapshot_623.xyz,64,10000,40.0,10000,all,623
0.0434783,0.0453136,0.0,0.959497810811765,0.040502189188235005,snapshot_624.xyz,64,10000,40.0,10000,all,624
0.0433161,0.0452489,0.0,0.9572851494732469,0.042714850526753056,snapshot_625.xyz,64,10000,40.0,10000,all,625
0.0438565,0.0456046,0.0,0.9616683404744257,0.03833165952557427,snapshot_626.xyz,64,10000,40.0,10000,all,626
0.0440402,0.0455938,0.0,0.9659251915830662,0.03407480841693378,snapshot_627.xyz,64,10000,40.0,10000,all,627
0.0435755,0.0454214,0.0,0.9593605657245263,0.040639434275473674,snapshot_628.xyz,64,10000,40.0,10000,all,628
0.0434242,0.0453567,0.0,0.9573932847848279,0.04260671521517212,snapshot_629.xyz,64,10000,40.0,10000,all,629
0.0431647,0.0451195,0.0,0.9566750518068684,0.043324948193131596,snapshot_630.xyz,64,10000,40.0,10000,all,630
0.0435323,0.0453459,0.0,0.9600052044396516,0.03999479556034835,snapshot_631.xyz,64,10000,40.0,10000,all,631
0.0433809,0.0451087,0.0,0.9616969675472802,0.03830303245271982,snapshot_632.xyz,64,10000,40.0,10000,all,632
0.0436836,0.0454214,0.0,0.9617405011734558,0.038259498826544225,snapshot_633.xyz,64,10000,40.0,10000,all,633
0.0437809,0.0456692,0.0,0.9586526586846277,0.04134734131537232,snapshot_634.xyz,64,10000,40.0,10000,all,634
0.0437377,0.0454968,0.0,0.9613357422939636,0.03866425770603643,snapshot_635.xyz,64,10000,40.0,10000,all,635
0.0438241,0.04568,0.0,0.9593717162872154,0.040628283712784596,snapshot_636.xyz,64,10000,40.0,10000,all,636
0.0436296,0.045195,0.0,0.9653634251576502,0.03463657484234983,snapshot_637.xyz,64,10000,40.0,10000,all,637
0.0438241,0.0455076,0.0,0.9630061791876521,0.03699382081234792,snapshot_638.xyz,64,10000,40.0,10000,all,638
0.043435,0.0451842,0.0,0.9612873526586727,0.03871264734132729,snapshot_639.xyz,64,10000,40.0,10000,all,639
0.043662,0.045389,0.0,0.9619511335345569,0.03804886646544314,snapshot_640.xyz,64,10000,40.0,10000,all,640
0.0436944,0.0452058,0.0,0.9665662370757735,0.03343376292422651,snapshot_641.xyz,64,10000,40.0,10000,all,641
0.0435755,0.0451842,0.0,0.9643968466853459,0.035603153314654135,snapshot_642.xyz,64,10000,40.0,10000,all,642
0.0432512,0.0452704,0.0,0.9553969039372304,0.044603096062769576,snapshot_643.xyz,64,10000,40.0,10000,all,643
0.0433161,0.0454968,0.0,0.9520691565121064,0.04793084348789356,snapshot_644.xyz,64,10000,40.0,10000,all,644
0.043943,0.0457447,0.0,0.9606140164871559,0.03938598351284406,snapshot_645.xyz,64,10000,40.0,10000,all,645
0.0437377,0.0454321,0.0,0.9627047836221525,0.037295216377847495,snapshot_646.xyz,64,10000,40.0,10000,all,646
0.0437701,0.0453244,0.0,0.9657072128919522,0.03429278710804784,snapshot_647.xyz,64,10000,40.0,10000,all,647
0.0435431,0.0451087,0.0,0.9652927262368457,0.0347072737631543,snapshot_648.xyz,64,10000,40.0,10000,all,648
0.0434026,0.0453028,0.0,0.9580555727239818,0.041944427276018215,snapshot_649.xyz,64,10000,40.0,10000,all,649
0.0434242,0.0453567,0.0,0.9573932847848279,0.04260671521517212,snapshot_650.xyz,64,10000,40.0,10000,all,650
0.0438673,0.0458093,0.0,0.9576068614888243,0.042393138511175654,snapshot_651.xyz,64,10000,40.0,10000,all,651
0.0435539,0.0452489,0.0,0.9625405258470371,0.03745947415296291,snapshot_652.xyz,64,10000,40.0,10000,all,652
0.0434674,0.0452381,0.0,0.9608582146465037,0.03914178535349633,snapshot_653.xyz,64,10000,40.0,10000,all,653
0.0432079,0.0451087,0.0,0.9578617871940446,0.04213821280595542,snapshot_654.xyz,64,10000,40.0,10000,all,654
0.0435539,0.045292,0.0,0.9616245694603903,0.03837543053960968,snapshot_655.xyz,64,10000,40.0,10000,all,655
0.0439538,0.045583,0.0,0.9642586051817564,0.035741394818243566,snapshot_656.xyz,64,10000,40.0,10000,all,656
0.0433053,0.0452381,0.0,0.9572749518657945,0.04272504813420552,snapshot_657.xyz,64,10000,40.0,10000,all,657
0.0435431,0.0454753,0.0,0.9575110004771821,0.04248899952281793,snapshot_658.xyz,64,10000,40.0,10000,all,658
0.043943,0.0456908,0.0,0.9617472226356292,0.03825277736437083,snapshot_659.xyz,64,10000,40.0,10000,all,659
0.0432944,0.0451411,0.0,0.9590904962439992,0.040909503756000776,snapshot_660.xyz,64,10000,40.0,10000,all,660
0.0436728,0.0452273,0.0,0.965629166454774,0.034370833545225965,snapshot_661.xyz,64,10000,40.0,10000,all,661
0.0438349,0.0454537,0.0,0.964385737574719,0.035614262425280985,snapshot_662.xyz,64,10000,40.0,10000,all,662
0.043997,0.0455184,0.0,0.9665761538191149,0.03342384618088512,snapshot_663.xyz,64,10000,40.0,10000,all,663
0.0437052,0.0454106,0.0,0.9624448917213161,0.03755510827868391,snapshot_664.xyz,64,10000,40.0,10000,all,664
0.0436836,0.0455615,0.0,0.9587831831700011,0.04121681682999889,snapshot_665.xyz,64,10000,40.0,10000,all,665
0.0436944,0.0455184,0.0,0.9599282927343668,0.04007170726563325,snapshot_666.xyz,64,10000,40.0,10000,all,666
0.0438565,0.0455399,0.0,0.963034613602577,0.03696538639742297,snapshot_667.xyz,64,10000,40.0,10000,all,667
0.0436512,0.045389,0.0,0.9617131904205866,0.03828680957941344,snapshot_668.xyz,64,10000,40.0,10000,all,668
0.0438565,0.0457339,0.0,0.9589494882352041,0.041050511764795905,snapshot_669.xyz,64,10000,40.0,10000,all,669
0.0436296,0.0449685,0.0,0.9702258247439873,0.02977417525601267,snapshot_670.xyz,64,10000,40.0,10000,all,670
0.0433269,0.0452058,0.0,0.9584367492666871,0.041563250733312906,snapshot_671.xyz,64,10000,40.0,10000,all,671
0.043435,0.0454214,0.0,0.9562673101225414,0.0437326898774586,snapshot_672.xyz,64,10000,40.0,10000,all,672
0.0435539,0.045292,0.0,0.9616245694603903,0.03837543053960968,snapshot_673.xyz,64,10000,40.0,10000,all,673
0.0437701,0.0457123,0.0,0.957512529450498,0.04248747054950197,snapshot_674.xyz,64,10000,40.0,10000,all,674
0.0436512,0.0454753,0.0,0.9598881150866514,0.040111884913348606,snapshot_675.xyz,64,10000,40.0,10000,all,675
0.0436944,0.0454753,0.0,0.9608380813320637,0.03916191866793628,snapshot_676.xyz,64,10000,40.0,10000,all,676
0.0434566,0.0452812,0.0,0.9597051314894481,0.04029486851055186,snapshot_677.xyz,64,10000,40.0,10000,all,677
0.0437161,0.0455507,0.0,0.9597239998507158,0.04027600014928423,snapshot_678.xyz,64,10000,40.0,10000,all,678
0.0437593,0.04568,0.0,0.9579531523642733,0.04204684763572675,snapshot_679.xyz,64,10000,40.0,10000,all,679
0.0432512,0.0451842,0.0,0.9572195590494021,0.04278044095059785,snapshot_680.xyz,64,10000,40.0,10000,all,680
0.0437161,0.0455507,0.0,0.9597239998507158,0.04027600014928423,snapshot_681.xyz,64,10000,40.0,10000,all,681
0.0434783,0.0451303,0.0,0.9633948810444424,0.036605118955557625,snapshot_682.xyz,64,10000,40.0,10000,all,682
0.0438565,0.0457447,0.0,0.9587230870461496,0.041276912953850387,snapshot_683.xyz,64,10000,40.0,10000,all,683
0.0437052,0.0453998,0.0,0.9626738443781692,0.03732615562183084,snapshot_684.xyz,64,10000,40.0,10000,all,684
0.0436836,0.0454753,0.0,0.9606005897707107,0.03939941022928928,snapshot_685.xyz,64,10000,40.0,10000,all,685
0.0434134,0.0455076,0.0,0.953981313011453,0.04601868698854705,snapshot_686.xyz,64,10000,40.0,10000,all,686
0.0436944,0.0454645,0.0,0.9610663264745022,0.038933673525497814,snapshot_687.xyz,64,10000,40.0,10000,all,687
0.0436188,0.0453459,0.0,0.9619127638882456,0.03808723611175435,snapshot_688.xyz,64,10000,40.0,10000,all,688
0.0435755,0.0453028,0.0,0.9618721138649268,0.03812788613507323,snapshot_689.xyz,64,10000,40.0,10000,all,689
0.0434891,0.0453459,0.0,0.9590525273508741,0.040947472649125904,snapshot_690.xyz,64,10000,40.0,10000,all,690
0.0436404,0.0453244,0.0,0.9628456195779757,0.03715438042202435,snapshot_691.xyz,64,10000,40.0,10000,all,691
0.0436944,0.045583,0.0,0.9585678871509116,0.04143211284908843,snapshot_692.xyz,64,10000,40.0,10000,all,692
0.0438025,0.0452704,0.0,0.9675748391885205,0.0324251608114795,snapshot_693.xyz,64,10000,40.0,10000,all,693
0.0437701,0.0456369,0.0,0.9590945046661802,0.04090549533381982,snapshot_694.xyz,64,10000,40.0,10000,all,694
0.0438349,0.0456692,0.0,0.9598350748425636,0.040164925157436415,snapshot_695.xyz,64,10000,40.0,10000,all,695
0.0433377,0.0453244,0.0,0.9561670976339455,0.04383290236605453,snapshot_696.xyz,64,10000,40.0,10000,all,696
0.043435,0.0455615,0.0,0.9533268219878627,0.04667317801213733,snapshot_697.xyz,64,10000,40.0,10000,all,697
0.0435647,0.0453351,0.0,0.9609485806803116,0.03905141931968836,snapshot_698.xyz,64,10000,40.0,10000,all,698
0.0438241,0.0455292,0.0,0.9625493090148739,0.0374506909851261,snapshot_699.xyz,64,10000,40.0,10000,all,699
0.0436728,0.0452597,0.0,0.9649379028142033,0.03506209718579667,snapshot_700.xyz,64,10000,40.0,10000,all,700
0.0435972,0.0454429,0.0,0.9593841942305619,0.04061580576943813,snapshot_701.xyz,64,10000,40.0,10000,all,701
0.0430132,0.0452489,0.0,0.9505910640921658,0.04940893590783424,snapshot_702.xyz,64,10000,40.0,10000,all,702
0.0418979,0.0449469,0.0,0.9321643984345973,0.06783560156540269,snapshot_703.xyz,64,10000,40.0,10000,all,703
0.041887,0.0455938,0.0,0.918699472296672,0.08130052770332796,snapshot_704.xyz,64,10000,40.0,10000,all,704
0.0408674,0.0448175,0.0,0.9118625536899647,0.08813744631003528,snapshot_705.xyz,64,10000,40.0,10000,all,705
0.0407371,0.0453783,0.0,0.8977220389481315,0.10227796105186848,snapshot_706.xyz,64,10000,40.0,10000,all,706
0.0404764,0.0453567,0.0,0.8924017840804116,0.1075982159195884,snapshot_707.xyz,64,10000,40.0,10000,all,707
0.0400091,0.0454429,0.0,0.8804257650810137,0.11957423491898633,snapshot_708.xyz,64,10000,40.0,10000,all,708
0.0399873,0.0454968,0.0,0.8789035712401753,0.12109642875982474,snapshot_709.xyz,64,10000,40.0,10000,all,709
0.0399221,0.0457016,0.0,0.8735383443905684,0.12646165560943157,snapshot_710.xyz,64,10000,40.0,10000,all,710
0.0396828,0.0453675,0.0,0.8746966440734005,0.12530335592659947,snapshot_711.xyz,64,10000,40.0,10000,all,711
0.0390298,0.0452165,0.0,0.8631760529895062,0.13682394701049383,snapshot_712.xyz,64,10000,40.0,10000,all,712
0.0392475,0.0456154,0.0,0.860400215716622,0.13959978428337805,snapshot_713.xyz,64,10000,40.0,10000,all,713
0.0391713,0.0455399,0.0,0.860153403938085,0.13984659606191496,snapshot_714.xyz,64,10000,40.0,10000,all,714
0.0389971,0.0450871,0.0,0.8649281058218427,0.13507189417815735,snapshot_715.xyz,64,10000,40.0,10000,all,715
0.0386594,0.0453244,0.0,0.8529489634722136,0.1470510365277864,snapshot_716.xyz,64,10000,40.0,10000,all,716
0.038703,0.0454968,0.0,0.850675212322625,0.149324787677375,snapshot_717.xyz,64,10000,40.0,10000,all,717
0.0383978,0.0451087,0.0,0.8512282553033007,0.1487717446966993,snapshot_718.xyz,64,10000,40.0,10000,all,718
0.0384632,0.0449469,0.0,0.8557475598984581,0.14425244010154192,snapshot_719.xyz,64,10000,40.0,10000,all,719
0.0384741,0.0453244,0.0,0.8488606578355146,0.15113934216448544,snapshot_720.xyz,64,10000,40.0,10000,all,720
0.0380925,0.0451734,0.0,0.8432506740692531,0.15674932593074686,snapshot_721.xyz,64,10000,40.0,10000,all,721
0.0385504,0.0454321,0.0,0.8485278030291357,0.15147219697086434,snapshot_722.xyz,64,10000,40.0,10000,all,722
0.0383869,0.0451734,0.0,0.8497677836957147,0.1502322163042853,snapshot_723.xyz,64,10000,40.0,10000,all,723
0.0385177,0.0453783,0.0,0.8488131992604394,0.1511868007395606,snapshot_724.xyz,64,10000,40.0,10000,all,724
0.0382997,0.0454321,0.0,0.8430096781790848,0.1569903218209152,snapshot_725.xyz,64,10000,40.0,10000,all,725
0.0384087,0.0456585,0.0,0.841216859949407,0.15878314005059302,snapshot_726.xyz,64,10000,40.0,10000,all,726
0.0380052,0.0453028,0.0,0.8389150339493365,0.16108496605066347,snapshot_727.xyz,64,10000,40.0,10000,all,727
0.038376,0.0456154,0.0,0.8412948258702105,0.15870517412978946,snapshot_728.xyz,64,10000,40.0,10000,all,728
0.0379179,0.0452381,0.0,0.8381850696647294,0.1618149303352706,snapshot_729.xyz,64,10000,40.0,10000,all,729
0.037656,0.0450224,0.0,0.8363836667969723,0.1636163332030277,snapshot_730.xyz,64,10000,40.0,10000,all,730
0.0385177,0.0457554,0.0,0.8418175778159518,0.1581824221840482,snapshot_731.xyz,64,10000,40.0,10000,all,731
0.0378415,0.045044,0.0,0.8401007903383358,0.15989920966166415,snapshot_732.xyz,64,10000,40.0,10000,all,732
0.0380161,0.0454645,0.0,0.8361710785338011,0.16382892146619887,snapshot_733.xyz,64,10000,40.0,10000,all,733
0.0378524,0.0454106,0.0,0.8335586845362096,0.16644131546379037,snapshot_734.xyz,64,10000,40.0,10000,all,734
0.0381361,0.0454753,0.0,0.8386112900849472,0.16138870991505283,snapshot_735.xyz,64,10000,40.0,10000,all,735
0.0375577,0.0452489,0.0,0.8300245972830278,0.1699754027169722,snapshot_736.xyz,64,10000,40.0,10000,all,736
0.037514,0.0450548,0.0,0.832630485542051,0.167369514457949,snapshot_737.xyz,64,10000,40.0,10000,all,737
0.0375686,0.0456369,0.0,0.8232066595233243,0.17679334047667572,snapshot_738.xyz,64,10000,40.0,10000,all,738
0.0378743,0.0454645,0.0,0.8330521615766148,0.16694783842338523,snapshot_739.xyz,64,10000,40.0,10000,all,739
0.0373721,0.0454321,0.0,0.8225923961252065,0.17740760387479348,snapshot_740.xyz,64,10000,40.0,10000,all,740
0.0375359,0.0454753,0.0,0.8254129164623432,0.17458708353765684,snapshot_741.xyz,64,10000,40.0,10000,all,741
0.0372519,0.0448606,0.0,0.8303923710338247,0.16960762896617532,snapshot_742.xyz,64,10000,40.0,10000,all,742
0.0371208,0.0449038,0.0,0.8266739117847488,0.1733260882152512,snapshot_743.xyz,64,10000,40.0,10000,all,743
0.0374158,0.045044,0.0,0.830650031080721,0.169349968919279,snapshot_744.xyz,64,10000,40.0,10000,all,744
0.0374485,0.0448606,0.0,0.834774835824755,0.16522516417524502,snapshot_745.xyz,64,10000,40.0,10000,all,745
0.0374594,0.0451734,0.0,0.8292357892033806,0.1707642107966194,snapshot_746.xyz,64,10000,40.0,10000,all,746
0.0374485,0.0451518,0.0,0.8293910763247535,0.1706089236752465,snapshot_747.xyz,64,10000,40.0,10000,all,747
0.037776,0.0457878,0.0,0.8250232594708634,0.1749767405291366,snapshot_748.xyz,64,10000,40.0,10000,all,748
0.0371427,0.0450548,0.0,0.8243894102293208,0.17561058977067923,snapshot_749.xyz,64,10000,40.0,10000,all,749
0.0379834,0.0455615,0.0,0.8336731670379597,0.16632683296204032,snapshot_750.xyz,64,10000,40.0,10000,all,750
0.0374485,0.0452381,0.0,0.8278088602306463,0.17219113976935374,snapshot_751.xyz,64,10000,40.0,10000,all,751
0.0378634,0.0453028,0.0,0.8357849845925638,0.16421501540743622,snapshot_752.xyz,64,10000,40.0,10000,all,752
0.0377979,0.0454537,0.0,0.8315692671883698,0.16843073281163023,snapshot_753.xyz,64,10000,40.0,10000,all,753
0.0376451,0.0452489,0.0,0.8319561359502662,0.16804386404973382,snapshot_754.xyz,64,10000,40.0,10000,all,754
0.037656,0.0455723,0.0,0.8262914094746151,0.1737085905253849,snapshot_755.xyz,64,10000,40.0,10000,all,755
0.0373284,0.0451087,0.0,0.8275210768654383,0.1724789231345617,snapshot_756.xyz,64,10000,40.0,10000,all,756
0.0373939,0.0450224,0.0,0.8305621201890615,0.1694378798109385,snapshot_757.xyz,64,10000,40.0,10000,all,757
0.0375031,0.0453351,0.0,0.8272420265974928,0.1727579734025072,snapshot_758.xyz,64,10000,40.0,10000,all,758
0.0376341,0.0450008,0.0,0.8362984658050523,0.1637015341949477,snapshot_759.xyz,64,10000,40.0,10000,all,759
0.0374704,0.0448498,0.0,0.8354641492269753,0.16453585077302468,snapshot_760.xyz,64,10000,40.0,10000,all,760
0.0373939,0.045044,0.0,0.8301638398010834,0.16983616019891656,snapshot_761.xyz,64,10000,40.0,10000,all,761
0.0374485,0.0451303,0.0,0.8297861968566573,0.17021380314334267,snapshot_762.xyz,64,10000,40.0,10000,all,762
0.0374048,0.0451303,0.0,0.8288178895331961,0.17118211046680387,snapshot_763.xyz,64,10000,40.0,10000,all,763
0.0374594,0.04568,0.0,0.8200394045534151,0.17996059544658494,snapshot_764.xyz,64,10000,40.0,10000,all,764
0.037525,0.0450979,0.0,0.8320786555471541,0.1679213444528459,snapshot_765.xyz,64,10000,40.0,10000,all,765
0.0375468,0.0453351,0.0,0.8282059596206911,0.1717940403793089,snapshot_766.xyz,64,10000,40.0,10000,all,766
0.0377324,0.045389,0.0,0.8313115512569125,0.16868844874308753,snapshot_767.xyz,64,10000,40.0,10000,all,767
0.0377215,0.0457016,0.0,0.8253868573529154,0.1746131426470846,snapshot_768.xyz,64,10000,40.0,10000,all,768
0.0378197,0.0456369,0.0,0.8287087860919562,0.1712912139080438,snapshot_769.xyz,64,10000,40.0,10000,all,769
0.0378852,0.0456369,0.0,0.8301440281877165,0.1698559718122835,snapshot_770.xyz,64,10000,40.0,10000,all,770
0.0372192,0.0450979,0.0,0.8252978520064127,0.1747021479935873,snapshot_771.xyz,64,10000,40.0,10000,all,771
0.0374158,0.0451195,0.0,0.8292600760203459,0.1707399239796541,snapshot_772.xyz,64,10000,40.0,10000,all,772
0.0373175,0.045389,0.0,0.8221705699618851,0.1778294300381149,snapshot_773.xyz,64,10000,40.0,10000,all,773
0.0372847,0.0450008,0.0,0.8285341593927218,0.1714658406072782,snapshot_774.xyz,64,10000,40.0,10000,all,774
0.0371536,0.0451195,0.0,0.8234488414100334,0.17655115858996662,snapshot_775.xyz,64,10000,40.0,10000,all,775
0.0371536,0.0449253,0.0,0.8270083894820959,0.17299161051790413,snapshot_776.xyz,64,10000,40.0,10000,all,776
0.037776,0.0453351,0.0,0.8332616449506011,0.16673835504939893,snapshot_777.xyz,64,10000,40.0,10000,all,777
0.0373065,0.0450116,0.0,0.8288196820375192,0.1711803179624808,snapshot_778.xyz,64,10000,40.0,10000,all,778
0.037383,0.0456261,0.0,0.8193336708594422,0.1806663291405578,snapshot_779.xyz,64,10000,40.0,10000,all,779
0.037099,0.0449577,0.0,0.8251979082559828,0.17480209174401717,snapshot_780.xyz,64,10000,40.0,10000,all,780
0.0373721,0.0450116,0.0,0.8302770841294244,0.16972291587057564,snapshot_781.xyz,64,10000,40.0,10000,all,781
0.0371208,0.0449253,0.0,0.8262782886257855,0.17372171137421455,snapshot_782.xyz,64,10000,40.0,10000,all,782
0.0374704,0.0453351,0.0,0.8265207311773879,0.1734792688226121,snapshot_783.xyz,64,10000,40.0,10000,all,783
0.0371317,0.0450871,0.0,0.823554852718405,0.176445147281595,snapshot_784.xyz,64,10000,40.0,10000,all,784
0.0372738,0.0453028,0.0,0.8227703364913428,0.1772296635086572,snapshot_785.xyz,64,10000,40.0,10000,all,785
0.0371755,0.045486,0.0,0.8172954315613595,0.18270456843864047,snapshot_786.xyz,64,10000,40.0,10000,all,786
0.0375031,0.0454106,0.0,0.8258666478751656,0.17413335212483438,snapshot_787.xyz,64,10000,40.0,10000,all,787
0.0368804,0.0447527,0.0,0.8240932949296914,0.1759067050703086,snapshot_788.xyz,64,10000,40.0,10000,all,788
0.0367929,0.0452058,0.0,0.8138977741794196,0.18610222582058045,snapshot_789.xyz,64,10000,40.0,10000,all,789
0.0373284,0.045486,0.0,0.8206569054214483,0.1793430945785517,snapshot_790.xyz,64,10000,40.0,10000,all,790
0.0369022,0.0451087,0.0,0.8180727886194903,0.1819272113805097,snapshot_791.xyz,64,10000,40.0,10000,all,791
0.036935,0.0451195,0.0,0.8186039295648224,0.18139607043517758,snapshot_792.xyz,64,10000,40.0,10000,all,792
0.0373393,0.0452273,0.0,0.8255920649696091,0.17440793503039087,snapshot_793.xyz,64,10000,40.0,10000,all,793
0.0376887,0.0455184,0.0,0.8279882421174733,0.17201175788252665,snapshot_794.xyz,64,10000,40.0,10000,all,794
0.0369569,0.0448714,0.0,0.8236181621255411,0.17638183787445894,snapshot_795.xyz,64,10000,40.0,10000,all,795
0.0373939,0.045583,0.0,0.8203474979707347,0.1796525020292653,snapshot_796.xyz,64,10000,40.0,10000,all,796
0.0368585,0.0449901,0.0,0.8192580145409769,0.1807419854590231,snapshot_797.xyz,64,10000,40.0,10000,all,797
0.0371427,0.0450979,0.0,0.8236015424221527,0.17639845757784733,snapshot_798.xyz,64,10000,40.0,10000,all,798
0.0378743,0.0455292,0.0,0.8318683394393049,0.16813166056069506,snapshot_799.xyz,64,10000,40.0,10000,all,799
0.0376014,0.04568,0.0,0.8231479859894921,0.17685201401050787,snapshot_800.xyz,64,10000,40.0,10000,all,800
0.0371427,0.0450332,0.0,0.8247848254176918,0.17521517458230818,snapshot_801.xyz,64,10000,40.0,10000,all,801
0.0352162,0.0454321,0.0,0.7751391637190445,0.22486083628095554,snapshot_802.xyz,64,10000,40.0,10000,all,802
0.0325558,0.0453244,0.0,0.7182841912965202,0.2817158087034798,snapshot_803.xyz,64,10000,40.0,10000,all,803
0.0324455,0.0451842,0.0,0.7180718038606416,0.2819281961393584,snapshot_804.xyz,64,10000,40.0,10000,all,804
0.0321478,0.0450008,0.0,0.7143828554159036,0.28561714458409637,snapshot_805.xyz,64,10000,40.0,10000,all,805
0.0320705,0.045044,0.0,0.711981617973537,0.288018382026463,snapshot_806.xyz,64,10000,40.0,10000,all,806
0.0320264,0.0451087,0.0,0.7099827749414191,0.29001722505858085,snapshot_807.xyz,64,10000,40.0,10000,all,807
0.0320595,0.0450116,0.0,0.7122497311804068,0.2877502688195932,snapshot_808.xyz,64,10000,40.0,10000,all,808
0.0319933,0.0451411,0.0,0.7087399288010261,0.2912600711989739,snapshot_809.xyz,64,10000,40.0,10000,all,809
0.0321036,0.045389,0.0,0.7072991253387385,0.2927008746612615,snapshot_810.xyz,64,10000,40.0,10000,all,810
0.0323022,0.04568,0.0,0.7071409807355518,0.29285901926444824,snapshot_811.xyz,64,10000,40.0,10000,all,811
0.031905,0.0449038,0.0,0.7105189315826278,0.2894810684173722,snapshot_812.xyz,64,10000,40.0,10000,all,812
0.0321919,0.0449146,0.0,0.7167357607548548,0.2832642392451452,snapshot_813.xyz,64,10000,40.0,10000,all,813
0.0321919,0.0452704,0.0,0.7111026189298084,0.2888973810701916,snapshot_814.xyz,64,10000,40.0,10000,all,814
0.0320374,0.0452812,0.0,0.7075210020935842,0.29247899790641585,snapshot_815.xyz,64,10000,40.0,10000,all,815
0.0315737,0.0448822,0.0,0.7034793303358571,0.2965206696641429,snapshot_816.xyz,64,10000,40.0,10000,all,816
0.0320705,0.0451626,0.0,0.7101119067547041,0.28988809324529585,snapshot_817.xyz,64,10000,40.0,10000,all,817
0.0319822,0.0451303,0.0,0.7086635807871874,0.2913364192128126,snapshot_818.xyz,64,10000,40.0,10000,all,818
0.0320043,0.0452812,0.0,0.7067900143989116,0.29320998560108835,snapshot_819.xyz,64,10000,40.0,10000,all,819
0.0319491,0.0449793,0.0,0.7103067411009064,0.2896932588990936,snapshot_820.xyz,64,10000,40.0,10000,all,820
0.0316621,0.0449146,0.0,0.7049400417681555,0.2950599582318445,snapshot_821.xyz,64,10000,40.0,10000,all,821
0.0319381,0.0450224,0.0,0.7093824407406091,0.2906175592593909,snapshot_822.xyz,64,10000,40.0,10000,all,822
0.0315627,0.0449253,0.0,0.7025595822398515,0.2974404177601485,snapshot_823.xyz,64,10000,40.0,10000,all,823
0.0320926,0.04568,0.0,0.7025525394045534,0.2974474605954466,snapshot_824.xyz,64,10000,40.0,10000,all,824
0.0317725,0.0447419,0.0,0.7101285372324376,0.28987146276756237,snapshot_825.xyz,64,10000,40.0,10000,all,825
0.0319491,0.0451303,0.0,0.7079301489243369,0.2920698510756631,snapshot_826.xyz,64,10000,40.0,10000,all,826
0.0317284,0.0449469,0.0,0.7059085276181449,0.29409147238185507,snapshot_827.xyz,64,10000,40.0,10000,all,827
0.0319712,0.0455723,0.0,0.7015489672454538,0.2984510327545462,snapshot_828.xyz,64,10000,40.0,10000,all,828
0.0317394,0.0450224,0.0,0.7049690820569318,0.29503091794306824,snapshot_829.xyz,64,10000,40.0,10000,all,829
0.0316069,0.044893,0.0,0.7040496291181253,0.2959503708818747,snapshot_830.xyz,64,10000,40.0,10000,all,830
0.0318167,0.0450548,0.0,0.7061778101334376,0.2938221898665624,snapshot_831.xyz,64,10000,40.0,10000,all,831
0.0313859,0.0449577,0.0,0.6981206778816532,0.3018793221183468,snapshot_832.xyz,64,10000,40.0,10000,all,832
0.0318277,0.0452597,0.0,0.7032238393095844,0.29677616069041557,snapshot_833.xyz,64,10000,40.0,10000,all,833
0.0316952,0.0448714,0.0,0.7063563873647802,0.29364361263521976,snapshot_834.xyz,64,10000,40.0,10000,all,834
0.0316952,0.0451087,0.0,0.7026405105888665,0.29735948941113355,snapshot_835.xyz,64,10000,40.0,10000,all,835
0.0317504,0.0452058,0.0,0.7023523530166483,0.29764764698335167,snapshot_836.xyz,64,10000,40.0,10000,all,836
0.0318829,0.0453783,0.0,0.7026023451737945,0.2973976548262055,snapshot_837.xyz,64,10000,40.0,10000,all,837
0.0316621,0.0448606,0.0,0.7057885984583353,0.2942114015416647,snapshot_838.xyz,64,10000,40.0,10000,all,838
0.0318939,0.0449901,0.0,0.7089092933778766,0.29109070662212344,snapshot_839.xyz,64,10000,40.0,10000,all,839
0.0320153,0.0454429,0.0,0.7045170972803231,0.2954829027196769,snapshot_840.xyz,64,10000,40.0,10000,all,840
0.0318388,0.0451842,0.0,0.7046445438892356,0.2953554561107644,snapshot_841.xyz,64,10000,40.0,10000,all,841
0.031629,0.0451303,0.0,0.7008373531751395,0.2991626468248605,snapshot_842.xyz,64,10000,40.0,10000,all,842
0.0318719,0.0455615,0.0,0.6995357922807635,0.30046420771923654,snapshot_843.xyz,64,10000,40.0,10000,all,843
0.0314412,0.0447311,0.0,0.7028935125673189,0.2971064874326811,snapshot_844.xyz,64,10000,40.0,10000,all,844
0.0316511,0.0452273,0.0,0.6998228945791591,0.30017710542084086,snapshot_845.xyz,64,10000,40.0,10000,all,845
0.0318608,0.0453351,0.0,0.7027843767853165,0.29721562321468353,snapshot_846.xyz,64,10000,40.0,10000,all,846
0.0315517,0.0449577,0.0,0.7018085889625136,0.29819141103748636,snapshot_847.xyz,64,10000,40.0,10000,all,847
0.0317725,0.0452381,0.0,0.7023393997537474,0.2976606002462526,snapshot_848.xyz,64,10000,40.0,10000,all,848
0.0314743,0.0449361,0.0,0.7004234902450368,0.2995765097549632,snapshot_849.xyz,64,10000,40.0,10000,all,849
0.0317836,0.0451842,0.0,0.7034228779086495,0.29657712209135045,snapshot_850.xyz,64,10000,40.0,10000,all,850
0.031397,0.0449901,0.0,0.6978646413322043,0.30213535866779573,snapshot_851.xyz,64,10000,40.0,10000,all,851
0.0318277,0.0453351,0.0,0.7020542581796444,0.2979457418203556,snapshot_852.xyz,64,10000,40.0,10000,all,852
0.0315517,0.0448175,0.0,0.7040040162882802,0.29599598371171976,snapshot_853.xyz,64,10000,40.0,10000,all,853
0.0318719,0.0455076,0.0,0.7003643347484816,0.2996356652515184,snapshot_854.xyz,64,10000,40.0,10000,all,854
0.0316179,0.0449253,0.0,0.7037882885590079,0.2962117114409921,snapshot_855.xyz,64,10000,40.0,10000,all,855
0.0317946,0.0452381,0.0,0.702827926018113,0.29717207398188705,snapshot_856.xyz,64,10000,40.0,10000,all,856
0.0319712,0.0455399,0.0,0.7020480940889198,0.29795190591108023,snapshot_857.xyz,64,10000,40.0,10000,all,857
0.0314522,0.0449146,0.0,0.700266728413478,0.29973327158652197,snapshot_858.xyz,64,10000,40.0,10000,all,858
0.0320153,0.0454106,0.0,0.7050182116069815,0.2949817883930185,snapshot_859.xyz,64,10000,40.0,10000,all,859
0.0317173,0.0450008,0.0,0.7048163588202876,0.2951836411797124,snapshot_860.xyz,64,10000,40.0,10000,all,860
0.0317394,0.0450763,0.0,0.7041261150538088,0.29587388494619116,snapshot_861.xyz,64,10000,40.0,10000,all,861
0.0318388,0.0451411,0.0,0.7053173272250787,0.29468267277492133,snapshot_862.xyz,64,10000,40.0,10000,all,862
0.0319712,0.0455615,0.0,0.701715263983846,0.298284736016154,snapshot_863.xyz,64,10000,40.0,10000,all,863
0.0315406,0.0451518,0.0,0.6985457944090823,0.30145420559091773,snapshot_864.xyz,64,10000,40.0,10000,all,864
0.0317615,0.0449793,0.0,0.7061359336405857,0.2938640663594143,snapshot_865.xyz,64,10000,40.0,10000,all,865
0.0319271,0.0455723,0.0,0.7005812741511839,0.2994187258488161,snapshot_866.xyz,64,10000,40.0,10000,all,866
0.03164,0.0448067,0.0,0.7061443935839953,0.2938556064160047,snapshot_867.xyz,64,10000,40.0,10000,all,867
0.0314522,0.0446124,0.0,0.705010266204015,0.29498973379598503,snapshot_868.xyz,64,10000,40.0,10000,all,868
0.0316069,0.045044,0.0,0.7016894591954533,0.29831054080454666,snapshot_869.xyz,64,10000,40.0,10000,all,869
0.0320374,0.0455184,0.0,0.7038340539210517,0.2961659460789483,snapshot_870.xyz,64,10000,40.0,10000,all,870
0.0315848,0.0451195,0.0,0.700025487871098,0.299974512128902,snapshot_871.xyz,64,10000,40.0,10000,all,871
0.0313417,0.0447311,0.0,0.7006691094115727,0.2993308905884273,snapshot_872.xyz,64,10000,40.0,10000,all,872
0.0315848,0.0449146,0.0,0.7032189978314402,0.29678100216855985,snapshot_873.xyz,64,10000,40.0,10000,all,873
0.0316952,0.0450116,0.0,0.7041562619413663,0.29584373805863373,snapshot_874.xyz,64,10000,40.0,10000,all,874
0.0318719,0.0455184,0.0,0.7001981616225527,0.29980183837744734,snapshot_875.xyz,64,10000,40.0,10000,all,875
0.0315075,0.0451195,0.0,0.6983122596659981,0.3016877403340019,snapshot_876.xyz,64,10000,40.0,10000,all,876
0.0314633,0.045044,0.0,0.6985014652339934,0.30149853476600663,snapshot_877.xyz,64,10000,40.0,10000,all,877
0.0318608,0.0454968,0.0,0.700286613564031,0.299713386435969,snapshot_878.xyz,64,10000,40.0,10000,all,878
0.0314412,0.0448822,0.0,0.7005271577596465,0.29947284224035353,snapshot_879.xyz,64,10000,40.0,10000,all,879
0.031629,0.0450332,0.0,0.7023484895588142,0.29765151044118576,snapshot_880.xyz,64,10000,40.0,10000,all,880
0.0320043,0.0456369,0.0,0.701281200081513,0.29871879991848704,snapshot_881.xyz,64,10000,40.0,10000,all,881
0.03164,0.0453675,0.0,0.6974155507797433,0.30258444922025673,snapshot_882.xyz,64,10000,40.0,10000,all,882
0.0315406,0.0450116,0.0,0.7007215917674555,0.2992784082325445,snapshot_883.xyz,64,10000,40.0,10000,all,883
0.0315185,0.0449901,0.0,0.7005652354629129,0.29943476453708706,snapshot_884.xyz,64,10000,40.0,10000,all,884
0.0317615,0.045195,0.0,0.702765792676181,0.297234207323819,snapshot_885.xyz,64,10000,40.0,10000,all,885
0.0315958,0.0452489,0.0,0.6982666981959782,0.3017333018040218,snapshot_886.xyz,64,10000,40.0,10000,all,886
0.0314633,0.0451195,0.0,0.6973326388811932,0.30266736111880677,snapshot_887.xyz,64,10000,40.0,10000,all,887
0.0315075,0.0450548,0.0,0.6993150563314009,0.3006849436685991,snapshot_888.xyz,64,10000,40.0,10000,all,888
0.0313086,0.0446556,0.0,0.7011125144438771,0.2988874855561229,snapshot_889.xyz,64,10000,40.0,10000,all,889
0.0315627,0.0448822,0.0,0.7032342443106622,0.29676575568933783,snapshot_890.xyz,64,10000,40.0,10000,all,890
0.0314522,0.0450763,0.0,0.6977546959266843,0.30224530407331573,snapshot_891.xyz,64,10000,40.0,10000,all,891
0.0314301,0.0449146,0.0,0.6997746835104844,0.30022531648951556,snapshot_892.xyz,64,10000,40.0,10000,all,892
0.0318608,0.0453567,0.0,0.702449693209603,0.29755030679039696,snapshot_893.xyz,64,10000,40.0,10000,all,893
0.0317725,0.0453675,0.0,0.7003361437152147,0.2996638562847853,snapshot_894.xyz,64,10000,40.0,10000,all,894
0.0315737,0.0449577,0.0,0.7022979378393468,0.2977020621606532,snapshot_895.xyz,64,10000,40.0,10000,all,895
0.0314964,0.0449146,0.0,0.7012508182194654,0.29874918178053456,snapshot_896.xyz,64,10000,40.0,10000,all,896
0.0314743,0.045044,0.0,0.6987456708995647,0.30125432910043526,snapshot_897.xyz,64,10000,40.0,10000,all,897
0.0313528,0.0447635,0.0,0.7004099321992249,0.29959006780077513,snapshot_898.xyz,64,10000,40.0,10000,all,898
0.0316179,0.0452273,0.0,0.6990888246700554,0.3009111753299446,snapshot_899.xyz,64,10000,40.0,10000,all,899
0.0316069,0.0453459,0.0,0.6970178119741807,0.30298218802581933,snapshot_900.xyz,64,10000,40.0,10000,all,900
0.0318608,0.0452704,0.0,0.7037887891425744,0.29621121085742563,snapshot_901.xyz,64,10000,40.0,10000,all,901
0.0296923,0.0453567,0.0,0.65463977758523,0.34536022241477005,snapshot_902.xyz,64,10000,40.0,10000,all,902
0.029193,0.0450871,0.0,0.647480099629384,0.352519900370616,snapshot_903.xyz,64,10000,40.0,10000,all,903
0.0291374,0.0450548,0.0,0.6467102284329306,0.3532897715670694,snapshot_904.xyz,64,10000,40.0,10000,all,904
0.0293373,0.0451303,0.0,0.6500577217523482,0.3499422782476518,snapshot_905.xyz,64,10000,40.0,10000,all,905
0.0289709,0.0451195,0.0,0.6420926650339653,0.35790733496603466,snapshot_906.xyz,64,10000,40.0,10000,all,906
0.0291041,0.0451518,0.0,0.6445833831652338,0.3554166168347662,snapshot_907.xyz,64,10000,40.0,10000,all,907
0.0290042,0.0454968,0.0,0.6374997802043221,0.3625002197956779,snapshot_908.xyz,64,10000,40.0,10000,all,908
0.0290153,0.0454214,0.0,0.6388024147208144,0.36119758527918555,snapshot_909.xyz,64,10000,40.0,10000,all,909
0.0289264,0.0452704,0.0,0.6389693928041281,0.3610306071958719,snapshot_910.xyz,64,10000,40.0,10000,all,910
0.0289375,0.0453459,0.0,0.6381503068634651,0.3618496931365349,snapshot_911.xyz,64,10000,40.0,10000,all,911
0.0290153,0.0452704,0.0,0.6409331483706793,0.3590668516293207,snapshot_912.xyz,64,10000,40.0,10000,all,912
0.0290708,0.0455723,0.0,0.6379050431950988,0.3620949568049012,snapshot_913.xyz,64,10000,40.0,10000,all,913
0.0292263,0.0454214,0.0,0.6434478021373186,0.35655219786268144,snapshot_914.xyz,64,10000,40.0,10000,all,914
0.029093,0.0453244,0.0,0.6418838418158872,0.3581161581841128,snapshot_915.xyz,64,10000,40.0,10000,all,915
0.028982,0.0454537,0.0,0.6376158596549896,0.36238414034501043,snapshot_916.xyz,64,10000,40.0,10000,all,916
0.0292152,0.045389,0.0,0.6436625614135584,0.3563374385864416,snapshot_917.xyz,64,10000,40.0,10000,all,917
0.0290375,0.0452273,0.0,0.6420347887227406,0.35796521127725944,snapshot_918.xyz,64,10000,40.0,10000,all,918
0.0288375,0.045044,0.0,0.6402073528105852,0.35979264718941484,snapshot_919.xyz,64,10000,40.0,10000,all,919
0.0288709,0.0450871,0.0,0.6403361493642307,0.35966385063576933,snapshot_920.xyz,64,10000,40.0,10000,all,920
0.0290708,0.0451734,0.0,0.6435380113075394,0.3564619886924606,snapshot_921.xyz,64,10000,40.0,10000,all,921
0.0290153,0.0450332,0.0,0.6443090875176536,0.3556909124823464,snapshot_922.xyz,64,10000,40.0,10000,all,922
0.0290153,0.0451411,0.0,0.642769006515127,0.35723099348487297,snapshot_923.xyz,64,10000,40.0,10000,all,923
0.0289598,0.045195,0.0,0.6407744219493308,0.35922557805066924,snapshot_924.xyz,64,10000,40.0,10000,all,924
0.0289486,0.045389,0.0,0.6377888915816609,0.36221110841833914,snapshot_925.xyz,64,10000,40.0,10000,all,925
0.0288264,0.0452812,0.0,0.6366085704442461,0.3633914295557539,snapshot_926.xyz,64,10000,40.0,10000,all,926
0.0288931,0.0452381,0.0,0.6386895117168935,0.3613104882831065,snapshot_927.xyz,64,10000,40.0,10000,all,927
0.028982,0.0452273,0.0,0.6408076537843295,0.35919234621567053,snapshot_928.xyz,64,10000,40.0,10000,all,928
0.0289709,0.0451842,0.0,0.6411732419739643,0.3588267580260357,snapshot_929.xyz,64,10000,40.0,10000,all,929
0.0289375,0.0454429,0.0,0.6367881451227805,0.3632118548772195,snapshot_930.xyz,64,10000,40.0,10000,all,930
0.028982,0.045389,0.0,0.6385247526933839,0.36147524730661607,snapshot_931.xyz,64,10000,40.0,10000,all,931
0.0290375,0.0453136,0.0,0.6408120299424456,0.35918797005755443,snapshot_932.xyz,64,10000,40.0,10000,all,932
0.0291819,0.0452058,0.0,0.6455344225740945,0.35446557742590545,snapshot_933.xyz,64,10000,40.0,10000,all,933
0.0289931,0.0454429,0.0,0.63801165858693,0.36198834141307,snapshot_934.xyz,64,10000,40.0,10000,all,934
0.0290264,0.0454537,0.0,0.6385926778238076,0.3614073221761924,snapshot_935.xyz,64,10000,40.0,10000,all,935
0.0290819,0.0452489,0.0,0.6427095465304129,0.3572904534695871,snapshot_936.xyz,64,10000,40.0,10000,all,936
0.0289709,0.0452597,0.0,0.6401036683848987,0.35989633161510126,snapshot_937.xyz,64,10000,40.0,10000,all,937
0.0290153,0.0453567,0.0,0.6397136475978191,0.3602863524021809,snapshot_938.xyz,64,10000,40.0,10000,all,938
0.029093,0.0452381,0.0,0.6431083533570154,0.35689164664298456,snapshot_939.xyz,64,10000,40.0,10000,all,939
0.0290375,0.0453675,0.0,0.6400506970849177,0.3599493029150823,snapshot_940.xyz,64,10000,40.0,10000,all,940
0.0290264,0.0453675,0.0,0.6398060285446631,0.36019397145533694,snapshot_941.xyz,64,10000,40.0,10000,all,941
0.0290486,0.0452704,0.0,0.6416687283523008,0.3583312716476992,snapshot_942.xyz,64,10000,40.0,10000,all,942
0.029093,0.0452273,0.0,0.6432619236611516,0.35673807633884835,snapshot_943.xyz,64,10000,40.0,10000,all,943
0.0289709,0.0452597,0.0,0.6401036683848987,0.35989633161510126,snapshot_944.xyz,64,10000,40.0,10000,all,944
0.0289931,0.0452704,0.0,0.6404427617162649,0.3595572382837351,snapshot_945.xyz,64,10000,40.0,10000,all,945
0.0290153,0.0451734,0.0,0.6423094121761922,0.3576905878238078,snapshot_946.xyz,64,10000,40.0,10000,all,946
0.0290375,0.0452597,0.0,0.641575176150085,0.35842482384991503,snapshot_947.xyz,64,10000,40.0,10000,all,947
0.0289598,0.0452812,0.0,0.6395546054433187,0.36044539455668134,snapshot_948.xyz,64,10000,40.0,10000,all,948
0.0292152,0.0456477,0.0,0.6400147214427014,0.35998527855729856,snapshot_949.xyz,64,10000,40.0,10000,all,949
0.029093,0.0454429,0.0,0.6402100218075871,0.3597899781924129,snapshot_950.xyz,64,10000,40.0,10000,all,950
0.0290597,0.0454645,0.0,0.6391734210207964,0.36082657897920356,snapshot_951.xyz,64,10000,40.0,10000,all,951
0.0290708,0.0455615,0.0,0.6380562536351965,0.36194374636480353,snapshot_952.xyz,64,10000,40.0,10000,all,952
0.0291597,0.0453244,0.0,0.6433554553397287,0.3566445446602713,snapshot_953.xyz,64,10000,40.0,10000,all,953
0.0292596,0.045292,0.0,0.6460213724278019,0.3539786275721981,snapshot_954.xyz,64,10000,40.0,10000,all,954
0.0291708,0.0453567,0.0,0.6431420275284577,0.3568579724715423,snapshot_955.xyz,64,10000,40.0,10000,all,955
0.0290375,0.0454429,0.0,0.638988708907222,0.36101129109277796,snapshot_956.xyz,64,10000,40.0,10000,all,956
0.0290042,0.0454429,0.0,0.638255921167003,0.361744078832997,snapshot_957.xyz,64,10000,40.0,10000,all,957
0.0291374,0.045389,0.0,0.6419484897221794,0.35805151027782056,snapshot_958.xyz,64,10000,40.0,10000,all,958
0.0290042,0.0452165,0.0,0.6414516824610486,0.35854831753895144,snapshot_959.xyz,64,10000,40.0,10000,all,959
0.0291486,0.045486,0.0,0.6408257485819813,0.35917425141801873,snapshot_960.xyz,64,10000,40.0,10000,all,960
0.0293151,0.0453244,0.0,0.6467840721553954,0.35321592784460465,snapshot_961.xyz,64,10000,40.0,10000,all,961
0.029193,0.0455399,0.0,0.6410422508613326,0.3589577491386674,snapshot_962.xyz,64,10000,40.0,10000,all,962
0.029093,0.0452058,0.0,0.6435678607612298,0.35643213923877015,snapshot_963.xyz,64,10000,40.0,10000,all,963
0.0289042,0.0451626,0.0,0.6400030113412426,0.3599969886587574,snapshot_964.xyz,64,10000,40.0,10000,all,964
0.0292596,0.0453998,0.0,0.6444874206494302,0.3555125793505698,snapshot_965.xyz,64,10000,40.0,10000,all,965
0.0290375,0.0453244,0.0,0.640659335810292,0.359340664189708,snapshot_966.xyz,64,10000,40.0,10000,all,966
0.0291152,0.0455723,0.0,0.6388793192355883,0.36112068076441173,snapshot_967.xyz,64,10000,40.0,10000,all,967
0.0291374,0.0455184,0.0,0.6401235544307358,0.35987644556926424,snapshot_968.xyz,64,10000,40.0,10000,all,968
0.029093,0.0456369,0.0,0.6374885235412572,0.3625114764587428,snapshot_969.xyz,64,10000,40.0,10000,all,969
0.0291263,0.0455723,0.0,0.6391228882457106,0.3608771117542894,snapshot_970.xyz,64,10000,40.0,10000,all,970
0.0290264,0.0455184,0.0,0.6376849801398995,0.3623150198601005,snapshot_971.xyz,64,10000,40.0,10000,all,971
0.0290264,0.0453028,0.0,0.6407197789099129,0.35928022109008706,snapshot_972.xyz,64,10000,40.0,10000,all,972
0.0290708,0.0452489,0.0,0.6424642366996767,0.35753576330032333,snapshot_973.xyz,64,10000,40.0,10000,all,973
0.0288487,0.0454106,0.0,0.6352855941123878,0.36471440588761217,snapshot_974.xyz,64,10000,40.0,10000,all,974
0.0290264,0.0453783,0.0,0.6396537552089875,0.3603462447910125,snapshot_975.xyz,64,10000,40.0,10000,all,975
0.0289931,0.0454537,0.0,0.6378600641971941,0.3621399358028059,snapshot_976.xyz,64,10000,40.0,10000,all,976
0.0288931,0.0455076,0.0,0.6349071363904051,0.3650928636095949,snapshot_977.xyz,64,10000,40.0,10000,all,977
0.029093,0.0453351,0.0,0.6417323442542312,0.3582676557457688,snapshot_978.xyz,64,10000,40.0,10000,all,978
0.0290153,0.0455399,0.0,0.6371401781734259,0.36285982182657406,snapshot_979.xyz,64,10000,40.0,10000,all,979
0.0292152,0.0454106,0.0,0.6433563969645854,0.35664360303541465,snapshot_980.xyz,64,10000,40.0,10000,all,980
0.0291374,0.0454753,0.0,0.6407302425712419,0.3592697574287581,snapshot_981.xyz,64,10000,40.0,10000,all,981
0.0290042,0.0453459,0.0,0.6396212226463693,0.36037877735363066,snapshot_982.xyz,64,10000,40.0,10000,all,982
0.029304,0.0452058,0.0,0.6482354034216848,0.35176459657831516,snapshot_983.xyz,64,10000,40.0,10000,all,983
0.0290042,0.0453136,0.0,0.6400771512305357,0.35992284876946434,snapshot_984.xyz,64,10000,40.0,10000,all,984
0.0290153,0.0454537,0.0,0.638348473281603,0.36165152671839695,snapshot_985.xyz,64,10000,40.0,10000,all,985
0.0290819,0.0454214,0.0,0.6402686839243176,0.35973131607568243,snapshot_986.xyz,64,10000,40.0,10000,all,986
0.0289598,0.0454753,0.0,0.6368248257845468,0.3631751742154532,snapshot_987.xyz,64,10000,40.0,10000,all,987
0.0290597,0.0454214,0.0,0.6397799275231499,0.36022007247685006,snapshot_988.xyz,64,10000,40.0,10000,all,988
0.0290819,0.0454753,0.0,0.6395097998253997,0.3604902001746003,snapshot_989.xyz,64,10000,40.0,10000,all,989
0.0291152,0.0455184,0.0,0.6396358395725684,0.3603641604274316,snapshot_990.xyz,64,10000,40.0,10000,all,990
0.029193,0.0454106,0.0,0.6428675243225149,0.3571324756774851,snapshot_991.xyz,64,10000,40.0,10000,all,991
0.0290042,0.0454968,0.0,0.6374997802043221,0.3625002197956779,snapshot_992.xyz,64,10000,40.0,10000,all,992
0.0290153,0.0454321,0.0,0.6386519663409792,0.3613480336590208,snapshot_993.xyz,64,10000,40.0,10000,all,993
0.0290042,0.0454429,0.0,0.638255921167003,0.361744078832997,snapshot_994.xyz,64,10000,40.0,10000,all,994
0.0290819,0.0454429,0.0,0.6399657592275141,0.3600342407724859,snapshot_995.xyz,64,10000,40.0,10000,all,995
0.0291152,0.045486,0.0,0.6400914567119553,0.35990854328804467,snapshot_996.xyz,64,10000,40.0,10000,all,996
0.0289375,0.0454321,0.0,0.6369395207353391,0.3630604792646609,snapshot_997.xyz,64,10000,40.0,10000,all,997
0.0289486,0.0455292,0.0,0.6358249211495041,0.36417507885049594,snapshot_998.xyz,64,10000,40.0,10000,all,998
0.0292929,0.0453351,0.0,0.646141731241356,0.353858268758644,snapshot_999.xyz,64,10000,40.0,10000,all,999
0.0289931,0.0454753,0.0,0.6375570914320521,0.3624429085679479,snapshot_1000.xyz,64,10000,40.0,10000,all,1000
0.0290819,0.0454645,0.0,0.6396617140846155,0.3603382859153845,snapshot_1001.xyz,64,10000,40.0,10000,all,1001
