cid,cid_shuffled,cid_shuffled_std,cid_normalized,compression_gain,snapshot,nbins,n_particles_total,box_length,n_particles_filtered,atom_types,snapshot_num
0.112319,0.171657,0.0,0.6543222822256011,0.34567771777439893,snapshot_1.xyz,32,10000,40.0,10000,all,1
0.175356,0.1774,0.0,0.9884780157835401,0.01152198421645989,snapshot_2.xyz,32,10000,40.0,10000,all,2
0.170996,0.180364,0.0,0.9480605885875231,0.05193941141247693,snapshot_3.xyz,32,10000,40.0,10000,all,3
0.16762,0.180495,0.0,0.9286683841657664,0.07133161583423364,snapshot_4.xyz,32,10000,40.0,10000,all,4
0.166427,0.181153,0.0,0.9187095990681909,0.08129040093180906,snapshot_5.xyz,32,10000,40.0,10000,all,5
0.16709,0.182074,0.0,0.9177037907663915,0.08229620923360847,snapshot_6.xyz,32,10000,40.0,10000,all,6
0.16583,0.181219,0.0,0.9150806482763949,0.0849193517236051,snapshot_7.xyz,32,10000,40.0,10000,all,7
0.166891,0.181417,0.0,0.9199303262649036,0.08006967373509644,snapshot_8.xyz,32,10000,40.0,10000,all,8
0.167951,0.181614,0.0,0.9247690156045238,0.07523098439547615,snapshot_9.xyz,32,10000,40.0,10000,all,9
0.168349,0.183126,0.0,0.9193069252864148,0.08069307471358522,snapshot_10.xyz,32,10000,40.0,10000,all,10
0.168481,0.18089,0.0,0.9314002985239648,0.06859970147603522,snapshot_11.xyz,32,10000,40.0,10000,all,11
0.169408,0.182929,0.0,0.926086077111885,0.07391392288811505,snapshot_12.xyz,32,10000,40.0,10000,all,12
0.169871,0.182666,0.0,0.9299541239201603,0.0700458760798397,snapshot_13.xyz,32,10000,40.0,10000,all,13
0.169276,0.181285,0.0,0.9337562401743112,0.06624375982568875,snapshot_14.xyz,32,10000,40.0,10000,all,14
0.168547,0.182337,0.0,0.9243708078996583,0.07562919210034169,snapshot_15.xyz,32,10000,40.0,10000,all,15
0.171128,0.182403,0.0,0.9381863236898516,0.06181367631014845,snapshot_16.xyz,32,10000,40.0,10000,all,16
0.170268,0.181153,0.0,0.9399126705050427,0.06008732949495732,snapshot_17.xyz,32,10000,40.0,10000,all,17
0.169937,0.182995,0.0,0.9286428590945108,0.07135714090548917,snapshot_18.xyz,32,10000,40.0,10000,all,18
0.170731,0.182074,0.0,0.9377011544756526,0.06229884552434739,snapshot_19.xyz,32,10000,40.0,10000,all,19
0.170797,0.181614,0.0,0.9404396136861696,0.05956038631383043,snapshot_20.xyz,32,10000,40.0,10000,all,20
0.172318,0.182666,0.0,0.9433501582122563,0.05664984178774368,snapshot_21.xyz,32,10000,40.0,10000,all,21
0.172781,0.183258,0.0,0.9428292352857719,0.057170764714228106,snapshot_22.xyz,32,10000,40.0,10000,all,22
0.172384,0.181482,0.0,0.9498683064987161,0.05013169350128388,snapshot_23.xyz,32,10000,40.0,10000,all,23
0.172979,0.182206,0.0,0.9493595161520476,0.05064048384795239,snapshot_24.xyz,32,10000,40.0,10000,all,24
0.173969,0.182863,0.0,0.9513624954200687,0.04863750457993132,snapshot_25.xyz,32,10000,40.0,10000,all,25
0.171194,0.182469,0.0,0.9382086820226998,0.0617913179773002,snapshot_26.xyz,32,10000,40.0,10000,all,26
0.17245,0.182009,0.0,0.9474806190902647,0.05251938090973529,snapshot_27.xyz,32,10000,40.0,10000,all,27
0.172516,0.182403,0.0,0.9457958476560144,0.05420415234398557,snapshot_28.xyz,32,10000,40.0,10000,all,28
0.172648,0.182469,0.0,0.9461771588598611,0.05382284114013891,snapshot_29.xyz,32,10000,40.0,10000,all,29
0.173441,0.18306,0.0,0.9474543865399323,0.0525456134600677,snapshot_30.xyz,32,10000,40.0,10000,all,30
0.171855,0.183126,0.0,0.9384522132302349,0.061547786769765134,snapshot_31.xyz,32,10000,40.0,10000,all,31
0.174168,0.182666,0.0,0.9534779324012131,0.046522067598786854,snapshot_32.xyz,32,10000,40.0,10000,all,32
0.172648,0.181417,0.0,0.9516638462768098,0.04833615372319022,snapshot_33.xyz,32,10000,40.0,10000,all,33
0.173573,0.182337,0.0,0.9519351530407981,0.04806484695920188,snapshot_34.xyz,32,10000,40.0,10000,all,34
0.173507,0.1826,0.0,0.9502026286966045,0.049797371303395455,snapshot_35.xyz,32,10000,40.0,10000,all,35
0.173903,0.183389,0.0,0.9482738877468114,0.05172611225318857,snapshot_36.xyz,32,10000,40.0,10000,all,36
0.173507,0.182403,0.0,0.9512288723321436,0.048771127667856407,snapshot_37.xyz,32,10000,40.0,10000,all,37
0.173243,0.181811,0.0,0.9528741385284719,0.047125861471528085,snapshot_38.xyz,32,10000,40.0,10000,all,38
0.172913,0.181877,0.0,0.9507139440391034,0.049286055960896635,snapshot_39.xyz,32,10000,40.0,10000,all,39
0.173309,0.18214,0.0,0.9515153178873393,0.04848468211266066,snapshot_40.xyz,32,10000,40.0,10000,all,40
0.174366,0.182995,0.0,0.9528457061668352,0.04715429383316483,snapshot_41.xyz,32,10000,40.0,10000,all,41
0.17496,0.182797,0.0,0.9571273051527105,0.042872694847289505,snapshot_42.xyz,32,10000,40.0,10000,all,42
0.174432,0.183455,0.0,0.9508162764710691,0.049183723528930856,snapshot_43.xyz,32,10000,40.0,10000,all,43
0.173309,0.183258,0.0,0.9457104191904309,0.05428958080956914,snapshot_44.xyz,32,10000,40.0,10000,all,44
0.173837,0.18214,0.0,0.9544141868892061,0.045585813110793905,snapshot_45.xyz,32,10000,40.0,10000,all,45
0.173969,0.183126,0.0,0.9499961774952765,0.05000382250472346,snapshot_46.xyz,32,10000,40.0,10000,all,46
0.175224,0.18306,0.0,0.957194362504097,0.04280563749590305,snapshot_47.xyz,32,10000,40.0,10000,all,47
0.174366,0.181417,0.0,0.9611337416008422,0.038866258399157805,snapshot_48.xyz,32,10000,40.0,10000,all,48
0.172516,0.181088,0.0,0.9526638982152323,0.04733610178476766,snapshot_49.xyz,32,10000,40.0,10000,all,49
0.173177,0.180824,0.0,0.9577102597000398,0.04228974029996024,snapshot_50.xyz,32,10000,40.0,10000,all,50
0.173309,0.181943,0.0,0.9525455774610729,0.047454422538927066,snapshot_51.xyz,32,10000,40.0,10000,all,51
0.174498,0.182666,0.0,0.9552845083376216,0.044715491662378426,snapshot_52.xyz,32,10000,40.0,10000,all,52
0.176081,0.18352,0.0,0.959464908456844,0.04053509154315604,snapshot_53.xyz,32,10000,40.0,10000,all,53
0.174366,0.183192,0.0,0.951821040220097,0.04817895977990305,snapshot_54.xyz,32,10000,40.0,10000,all,54
0.175949,0.183718,0.0,0.957712363513646,0.04228763648635403,snapshot_55.xyz,32,10000,40.0,10000,all,55
0.174234,0.180956,0.0,0.9628528482061938,0.03714715179380623,snapshot_56.xyz,32,10000,40.0,10000,all,56
0.174234,0.180232,0.0,0.9667206711349816,0.03327932886501839,snapshot_57.xyz,32,10000,40.0,10000,all,57
0.175751,0.182403,0.0,0.9635313015685047,0.03646869843149525,snapshot_58.xyz,32,10000,40.0,10000,all,58
0.175158,0.182535,0.0,0.9595858328539733,0.04041416714602675,snapshot_59.xyz,32,10000,40.0,10000,all,59
0.175422,0.181548,0.0,0.9662568576905282,0.03374314230947184,snapshot_60.xyz,32,10000,40.0,10000,all,60
0.174498,0.182272,0.0,0.9573494557584269,0.04265054424157311,snapshot_61.xyz,32,10000,40.0,10000,all,61
0.174696,0.181811,0.0,0.960865954205191,0.03913404579480895,snapshot_62.xyz,32,10000,40.0,10000,all,62
0.175685,0.181614,0.0,0.9673538383604788,0.032646161639521165,snapshot_63.xyz,32,10000,40.0,10000,all,63
0.175158,0.182206,0.0,0.9613185076232397,0.03868149237676033,snapshot_64.xyz,32,10000,40.0,10000,all,64
0.174234,0.180956,0.0,0.9628528482061938,0.03714715179380623,snapshot_65.xyz,32,10000,40.0,10000,all,65
0.176213,0.182337,0.0,0.9664138381129448,0.03358616188705521,snapshot_66.xyz,32,10000,40.0,10000,all,66
0.174564,0.181417,0.0,0.9622251497930183,0.03777485020698168,snapshot_67.xyz,32,10000,40.0,10000,all,67
0.176015,0.181417,0.0,0.9702232977063892,0.029776702293610846,snapshot_68.xyz,32,10000,40.0,10000,all,68
0.174828,0.182995,0.0,0.9553703653105278,0.04462963468947223,snapshot_69.xyz,32,10000,40.0,10000,all,69
0.174894,0.181153,0.0,0.965449095515945,0.034550904484054956,snapshot_70.xyz,32,10000,40.0,10000,all,70
0.175751,0.182272,0.0,0.9642237974016854,0.0357762025983146,snapshot_71.xyz,32,10000,40.0,10000,all,71
0.175158,0.182797,0.0,0.9582104739136857,0.041789526086314255,snapshot_72.xyz,32,10000,40.0,10000,all,72
0.17463,0.181877,0.0,0.9601543900548173,0.039845609945182714,snapshot_73.xyz,32,10000,40.0,10000,all,73
0.174101,0.181877,0.0,0.95724583097368,0.04275416902632001,snapshot_74.xyz,32,10000,40.0,10000,all,74
0.174366,0.18168,0.0,0.9597424042272126,0.040257595772787425,snapshot_75.xyz,32,10000,40.0,10000,all,75
0.176081,0.1826,0.0,0.9642990142387732,0.03570098576122682,snapshot_76.xyz,32,10000,40.0,10000,all,76
0.176147,0.182535,0.0,0.9650039718410167,0.03499602815898328,snapshot_77.xyz,32,10000,40.0,10000,all,77
0.176411,0.18168,0.0,0.9709984588287098,0.02900154117129017,snapshot_78.xyz,32,10000,40.0,10000,all,78
0.175685,0.181614,0.0,0.9673538383604788,0.032646161639521165,snapshot_79.xyz,32,10000,40.0,10000,all,79
0.174894,0.182535,0.0,0.9581395348837208,0.041860465116279166,snapshot_80.xyz,32,10000,40.0,10000,all,80
0.174894,0.181088,0.0,0.9657956352712493,0.03420436472875066,snapshot_81.xyz,32,10000,40.0,10000,all,81
0.175685,0.181088,0.0,0.9701636773281499,0.029836322671850102,snapshot_82.xyz,32,10000,40.0,10000,all,82
0.175685,0.182206,0.0,0.9642108382819446,0.03578916171805535,snapshot_83.xyz,32,10000,40.0,10000,all,83
0.174762,0.182206,0.0,0.9591451434091084,0.04085485659089161,snapshot_84.xyz,32,10000,40.0,10000,all,84
0.175422,0.18168,0.0,0.9655548216644649,0.034445178335535065,snapshot_85.xyz,32,10000,40.0,10000,all,85
0.174894,0.182009,0.0,0.9609085265014367,0.039091473498563345,snapshot_86.xyz,32,10000,40.0,10000,all,86
0.176279,0.182863,0.0,0.963994903288254,0.03600509671174601,snapshot_87.xyz,32,10000,40.0,10000,all,87
0.175685,0.181943,0.0,0.9656046124335644,0.034395387566435565,snapshot_88.xyz,32,10000,40.0,10000,all,88
0.176543,0.182272,0.0,0.9685689518960675,0.03143104810393249,snapshot_89.xyz,32,10000,40.0,10000,all,89
0.176147,0.182797,0.0,0.9636208471692643,0.03637915283073567,snapshot_90.xyz,32,10000,40.0,10000,all,90
0.17707,0.183258,0.0,0.9662333977234282,0.0337666022765718,snapshot_91.xyz,32,10000,40.0,10000,all,91
0.175488,0.18352,0.0,0.9562336530078467,0.043766346992153315,snapshot_92.xyz,32,10000,40.0,10000,all,92
0.176015,0.182732,0.0,0.9632412494801129,0.036758750519887085,snapshot_93.xyz,32,10000,40.0,10000,all,93
0.175224,0.181745,0.0,0.9641200583234752,0.03587994167652475,snapshot_94.xyz,32,10000,40.0,10000,all,94
0.174168,0.182272,0.0,0.9555389747191011,0.0444610252808989,snapshot_95.xyz,32,10000,40.0,10000,all,95
0.176411,0.181877,0.0,0.9699467222353568,0.03005327776464317,snapshot_96.xyz,32,10000,40.0,10000,all,96
0.175092,0.181482,0.0,0.964789896518663,0.03521010348133702,snapshot_97.xyz,32,10000,40.0,10000,all,97
0.176675,0.182337,0.0,0.9689476080005703,0.031052391999429663,snapshot_98.xyz,32,10000,40.0,10000,all,98
0.175422,0.182074,0.0,0.9634654041763238,0.03653459582367624,snapshot_99.xyz,32,10000,40.0,10000,all,99
0.175619,0.18214,0.0,0.9641978697705063,0.035802130229493745,snapshot_100.xyz,32,10000,40.0,10000,all,100
0.175422,0.1826,0.0,0.9606900328587075,0.039309967141292534,snapshot_101.xyz,32,10000,40.0,10000,all,101
0.175883,0.182666,0.0,0.962866652798003,0.03713334720199701,snapshot_102.xyz,32,10000,40.0,10000,all,102
0.177861,0.183258,0.0,0.9705497167927184,0.029450283207281602,snapshot_103.xyz,32,10000,40.0,10000,all,103
0.176345,0.182797,0.0,0.9647040159302396,0.03529598406976042,snapshot_104.xyz,32,10000,40.0,10000,all,104
0.175422,0.181745,0.0,0.965209496822471,0.034790503177528964,snapshot_105.xyz,32,10000,40.0,10000,all,105
0.174828,0.182074,0.0,0.9602029943868976,0.0397970056131024,snapshot_106.xyz,32,10000,40.0,10000,all,106
0.175553,0.182535,0.0,0.9617498014079491,0.03825019859205092,snapshot_107.xyz,32,10000,40.0,10000,all,107
0.176345,0.183783,0.0,0.9595283568121099,0.040471643187890094,snapshot_108.xyz,32,10000,40.0,10000,all,108
0.175488,0.181285,0.0,0.9680227266458891,0.031977273354110936,snapshot_109.xyz,32,10000,40.0,10000,all,109
0.175949,0.18168,0.0,0.9684555261999118,0.03154447380008818,snapshot_110.xyz,32,10000,40.0,10000,all,110
0.175422,0.181943,0.0,0.9641591047745722,0.03584089522542777,snapshot_111.xyz,32,10000,40.0,10000,all,111
0.175092,0.182995,0.0,0.9568130276783519,0.04318697232164814,snapshot_112.xyz,32,10000,40.0,10000,all,112
0.175883,0.181482,0.0,0.9691484554942088,0.030851544505791195,snapshot_113.xyz,32,10000,40.0,10000,all,113
0.176213,0.18306,0.0,0.9625969627444554,0.03740303725554461,snapshot_114.xyz,32,10000,40.0,10000,all,114
0.175619,0.183323,0.0,0.9579758131821975,0.04202418681780251,snapshot_115.xyz,32,10000,40.0,10000,all,115
0.174894,0.182074,0.0,0.9605654843635004,0.03943451563649958,snapshot_116.xyz,32,10000,40.0,10000,all,116
0.175751,0.182403,0.0,0.9635313015685047,0.03646869843149525,snapshot_117.xyz,32,10000,40.0,10000,all,117
0.176015,0.183586,0.0,0.9587604719314109,0.041239528068589104,snapshot_118.xyz,32,10000,40.0,10000,all,118
0.175619,0.182337,0.0,0.9631561339717117,0.036843866028288264,snapshot_119.xyz,32,10000,40.0,10000,all,119
0.174696,0.18214,0.0,0.9591303392994399,0.040869660700560084,snapshot_120.xyz,32,10000,40.0,10000,all,120
0.175422,0.18168,0.0,0.9655548216644649,0.034445178335535065,snapshot_121.xyz,32,10000,40.0,10000,all,121
0.175553,0.181548,0.0,0.9669784299469011,0.033021570053098914,snapshot_122.xyz,32,10000,40.0,10000,all,122
0.177927,0.183258,0.0,0.9709098647808009,0.02909013521919912,snapshot_123.xyz,32,10000,40.0,10000,all,123
0.175422,0.182797,0.0,0.9596546989283194,0.04034530107168055,snapshot_124.xyz,32,10000,40.0,10000,all,124
0.175883,0.183849,0.0,0.9566709636712737,0.04332903632872631,snapshot_125.xyz,32,10000,40.0,10000,all,125
0.174828,0.18352,0.0,0.9526373147340891,0.04736268526591092,snapshot_126.xyz,32,10000,40.0,10000,all,126
0.173903,0.18168,0.0,0.9571939674152355,0.04280603258476445,snapshot_127.xyz,32,10000,40.0,10000,all,127
0.175883,0.183389,0.0,0.9590706094694884,0.04092939053051159,snapshot_128.xyz,32,10000,40.0,10000,all,128
0.173837,0.182469,0.0,0.9526933342101946,0.04730666578980536,snapshot_129.xyz,32,10000,40.0,10000,all,129
0.176279,0.182995,0.0,0.9632995437033799,0.03670045629662011,snapshot_130.xyz,32,10000,40.0,10000,all,130
0.1743,0.183192,0.0,0.9514607624787109,0.04853923752128908,snapshot_131.xyz,32,10000,40.0,10000,all,131
0.173507,0.182469,0.0,0.9508848078303712,0.049115192169628785,snapshot_132.xyz,32,10000,40.0,10000,all,132
0.172913,0.182666,0.0,0.9466074693703262,0.05339253062967375,snapshot_133.xyz,32,10000,40.0,10000,all,133
0.173705,0.181219,0.0,0.9585363565630536,0.04146364343694642,snapshot_134.xyz,32,10000,40.0,10000,all,134
0.173903,0.181943,0.0,0.9558103362041959,0.044189663795804135,snapshot_135.xyz,32,10000,40.0,10000,all,135
0.174432,0.183586,0.0,0.9501378100726635,0.04986218992733649,snapshot_136.xyz,32,10000,40.0,10000,all,136
0.173573,0.182272,0.0,0.9522746225421349,0.04772537745786509,snapshot_137.xyz,32,10000,40.0,10000,all,137
0.173969,0.183718,0.0,0.9469349764312698,0.05306502356873022,snapshot_138.xyz,32,10000,40.0,10000,all,138
0.173375,0.183586,0.0,0.94438029043609,0.05561970956391005,snapshot_139.xyz,32,10000,40.0,10000,all,139
0.173045,0.182535,0.0,0.9480099706905525,0.051990029309447516,snapshot_140.xyz,32,10000,40.0,10000,all,140
0.172979,0.183323,0.0,0.9435750015000844,0.05642499849991556,snapshot_141.xyz,32,10000,40.0,10000,all,141
0.172847,0.182929,0.0,0.9448857206894478,0.05511427931055224,snapshot_142.xyz,32,10000,40.0,10000,all,142
0.170731,0.182666,0.0,0.9346621702998916,0.06533782970010837,snapshot_143.xyz,32,10000,40.0,10000,all,143
0.172252,0.182206,0.0,0.945369526799337,0.054630473200663054,snapshot_144.xyz,32,10000,40.0,10000,all,144
0.171062,0.183586,0.0,0.9317812905123484,0.06821870948765163,snapshot_145.xyz,32,10000,40.0,10000,all,145
0.170665,0.182535,0.0,0.9349713753526722,0.06502862464732784,snapshot_146.xyz,32,10000,40.0,10000,all,146
0.173507,0.183652,0.0,0.9447596541284603,0.0552403458715397,snapshot_147.xyz,32,10000,40.0,10000,all,147
0.170797,0.182272,0.0,0.9370446365870787,0.0629553634129213,snapshot_148.xyz,32,10000,40.0,10000,all,148
0.1704,0.18214,0.0,0.93554408696607,0.06445591303392995,snapshot_149.xyz,32,10000,40.0,10000,all,149
0.168878,0.182732,0.0,0.9241840509598757,0.07581594904012434,snapshot_150.xyz,32,10000,40.0,10000,all,150
0.168084,0.183455,0.0,0.9162137853969639,0.08378621460303615,snapshot_151.xyz,32,10000,40.0,10000,all,151
0.165897,0.182469,0.0,0.9091790934350492,0.09082090656495079,snapshot_152.xyz,32,10000,40.0,10000,all,152
0.167222,0.182666,0.0,0.915452246176081,0.08454775382391899,snapshot_153.xyz,32,10000,40.0,10000,all,153
0.168547,0.182272,0.0,0.9247004476825843,0.0752995523174157,snapshot_154.xyz,32,10000,40.0,10000,all,154
0.166029,0.182666,0.0,0.9089212004423375,0.09107879955766252,snapshot_155.xyz,32,10000,40.0,10000,all,155
0.165963,0.183192,0.0,0.9059511332372593,0.09404886676274071,snapshot_156.xyz,32,10000,40.0,10000,all,156
0.164371,0.182403,0.0,0.9011419768315213,0.09885802316847869,snapshot_157.xyz,32,10000,40.0,10000,all,157
0.164172,0.183586,0.0,0.8942511956249388,0.10574880437506118,snapshot_158.xyz,32,10000,40.0,10000,all,158
0.161116,0.184243,0.0,0.8744755567375695,0.1255244432624305,snapshot_159.xyz,32,10000,40.0,10000,all,159
0.160052,0.184769,0.0,0.8662275598179349,0.13377244018206513,snapshot_160.xyz,32,10000,40.0,10000,all,160
0.157988,0.184309,0.0,0.8571909130861759,0.1428090869138241,snapshot_161.xyz,32,10000,40.0,10000,all,161
0.154455,0.182863,0.0,0.8446487260954924,0.15535127390450765,snapshot_162.xyz,32,10000,40.0,10000,all,162
0.150847,0.183323,0.0,0.8228481968983706,0.17715180310162937,snapshot_163.xyz,32,10000,40.0,10000,all,163
0.146561,0.182666,0.0,0.8023441691393034,0.1976558308606966,snapshot_164.xyz,32,10000,40.0,10000,all,164
0.143944,0.184375,0.0,0.7807132203389829,0.21928677966101706,snapshot_165.xyz,32,10000,40.0,10000,all,165
0.142735,0.184637,0.0,0.7730574045288864,0.22694259547111362,snapshot_166.xyz,32,10000,40.0,10000,all,166
0.136742,0.182074,0.0,0.7510243087975218,0.2489756912024782,snapshot_167.xyz,32,10000,40.0,10000,all,167
0.133568,0.182403,0.0,0.7322686578619868,0.2677313421380132,snapshot_168.xyz,32,10000,40.0,10000,all,168
0.12781,0.182995,0.0,0.6984343834530999,0.30156561654690006,snapshot_169.xyz,32,10000,40.0,10000,all,169
0.122371,0.181285,0.0,0.6750199961386766,0.3249800038613234,snapshot_170.xyz,32,10000,40.0,10000,all,170
0.122439,0.182272,0.0,0.6717378423455057,0.3282621576544943,snapshot_171.xyz,32,10000,40.0,10000,all,171
0.116705,0.18089,0.0,0.6451710984576262,0.3548289015423738,snapshot_172.xyz,32,10000,40.0,10000,all,172
0.115336,0.180561,0.0,0.6387647387863381,0.3612352612136619,snapshot_173.xyz,32,10000,40.0,10000,all,173
0.11424,0.181614,0.0,0.6290263966434305,0.3709736033565695,snapshot_174.xyz,32,10000,40.0,10000,all,174
0.108332,0.180759,0.0,0.5993173230655181,0.4006826769344819,snapshot_175.xyz,32,10000,40.0,10000,all,175
0.108057,0.17964,0.0,0.6015197060788243,0.3984802939211757,snapshot_176.xyz,32,10000,40.0,10000,all,176
0.105506,0.180232,0.0,0.5853899418527232,0.4146100581472768,snapshot_177.xyz,32,10000,40.0,10000,all,177
0.104056,0.178586,0.0,0.5826660544499569,0.4173339455500431,snapshot_178.xyz,32,10000,40.0,10000,all,178
0.101982,0.179047,0.0,0.5695822884494015,0.4304177115505985,snapshot_179.xyz,32,10000,40.0,10000,all,179
0.100389,0.177993,0.0,0.5640053260521481,0.43599467394785185,snapshot_180.xyz,32,10000,40.0,10000,all,180
0.0986552,0.178125,0.0,0.5538537543859648,0.44614624561403515,snapshot_181.xyz,32,10000,40.0,10000,all,181
0.0974747,0.176147,0.0,0.5533713318989253,0.4466286681010747,snapshot_182.xyz,32,10000,40.0,10000,all,182
0.097961,0.176741,0.0,0.5542630176359759,0.44573698236402415,snapshot_183.xyz,32,10000,40.0,10000,all,183
0.0969883,0.176279,0.0,0.5501976979674267,0.4498023020325733,snapshot_184.xyz,32,10000,40.0,10000,all,184
0.0967102,0.175949,0.0,0.5496490460303838,0.4503509539696162,snapshot_185.xyz,32,10000,40.0,10000,all,185
0.0958756,0.177136,0.0,0.5412541775810678,0.45874582241893225,snapshot_186.xyz,32,10000,40.0,10000,all,186
0.0944833,0.176015,0.0,0.5367911825696674,0.4632088174303326,snapshot_187.xyz,32,10000,40.0,10000,all,187
0.092182,0.17496,0.0,0.5268747142203932,0.4731252857796068,snapshot_188.xyz,32,10000,40.0,10000,all,188
0.0915535,0.175092,0.0,0.5228879674685308,0.47711203253146917,snapshot_189.xyz,32,10000,40.0,10000,all,189
0.0912042,0.173441,0.0,0.5258514422772008,0.4741485577227992,snapshot_190.xyz,32,10000,40.0,10000,all,190
0.0905053,0.17529,0.0,0.5163175309487136,0.4836824690512864,snapshot_191.xyz,32,10000,40.0,10000,all,191
0.0898059,0.172582,0.0,0.520366550393436,0.47963344960656396,snapshot_192.xyz,32,10000,40.0,10000,all,192
0.0897359,0.172054,0.0,0.5215566043218989,0.4784433956781011,snapshot_193.xyz,32,10000,40.0,10000,all,193
0.0887559,0.173243,0.0,0.512320266908331,0.487679733091669,snapshot_194.xyz,32,10000,40.0,10000,all,194
0.0887559,0.171723,0.0,0.5168550514491361,0.4831449485508639,snapshot_195.xyz,32,10000,40.0,10000,all,195
0.0886158,0.172979,0.0,0.5122922435671382,0.4877077564328618,snapshot_196.xyz,32,10000,40.0,10000,all,196
0.0880553,0.171723,0.0,0.512775225217356,0.48722477478264403,snapshot_197.xyz,32,10000,40.0,10000,all,197
0.0873543,0.170599,0.0,0.5120446192533368,0.4879553807466632,snapshot_198.xyz,32,10000,40.0,10000,all,198
0.0883356,0.170533,0.0,0.5179971031999672,0.48200289680003283,snapshot_199.xyz,32,10000,40.0,10000,all,199
0.0878451,0.1704,0.0,0.5155228873239437,0.4844771126760563,snapshot_200.xyz,32,10000,40.0,10000,all,200
0.0874945,0.170202,0.0,0.5140627019658994,0.4859372980341006,snapshot_201.xyz,32,10000,40.0,10000,all,201
0.0872842,0.17093,0.0,0.5106429532557187,0.48935704674428127,snapshot_202.xyz,32,10000,40.0,10000,all,202
0.0861614,0.16954,0.0,0.5082069128229326,0.4917930871770674,snapshot_203.xyz,32,10000,40.0,10000,all,203
0.0867229,0.170004,0.0,0.5101227029952237,0.48987729700477634,snapshot_204.xyz,32,10000,40.0,10000,all,204
0.0879152,0.169805,0.0,0.5177421159565383,0.4822578840434617,snapshot_205.xyz,32,10000,40.0,10000,all,205
0.0871439,0.169673,0.0,0.5135990994442251,0.4864009005557749,snapshot_206.xyz,32,10000,40.0,10000,all,206
0.0881955,0.17007,0.0,0.5185835244311165,0.48141647556888345,snapshot_207.xyz,32,10000,40.0,10000,all,207
0.0888259,0.170599,0.0,0.5206706956078289,0.47932930439217114,snapshot_208.xyz,32,10000,40.0,10000,all,208
0.0880553,0.170268,0.0,0.517157070030775,0.48284292996922495,snapshot_209.xyz,32,10000,40.0,10000,all,209
0.0882656,0.169871,0.0,0.5196036992776872,0.48039630072231276,snapshot_210.xyz,32,10000,40.0,10000,all,210
0.0881955,0.170533,0.0,0.517175561328306,0.482824438671694,snapshot_211.xyz,32,10000,40.0,10000,all,211
0.0881955,0.170533,0.0,0.517175561328306,0.482824438671694,snapshot_212.xyz,32,10000,40.0,10000,all,212
0.0876348,0.171062,0.0,0.5122984648840772,0.48770153511592285,snapshot_213.xyz,32,10000,40.0,10000,all,213
0.0866528,0.1704,0.0,0.5085258215962442,0.49147417840375585,snapshot_214.xyz,32,10000,40.0,10000,all,214
0.089176,0.1704,0.0,0.5233333333333334,0.47666666666666657,snapshot_215.xyz,32,10000,40.0,10000,all,215
0.0880553,0.170533,0.0,0.516353433059877,0.483646566940123,snapshot_216.xyz,32,10000,40.0,10000,all,216
0.0881254,0.170136,0.0,0.5179703296186581,0.4820296703813419,snapshot_217.xyz,32,10000,40.0,10000,all,217
0.088966,0.170599,0.0,0.5214919196478291,0.47850808035217085,snapshot_218.xyz,32,10000,40.0,10000,all,218
0.087775,0.170268,0.0,0.515510841731858,0.484489158268142,snapshot_219.xyz,32,10000,40.0,10000,all,219
0.0876348,0.169937,0.0,0.5156899321513266,0.48431006784867336,snapshot_220.xyz,32,10000,40.0,10000,all,220
0.0879852,0.169937,0.0,0.5177518727528437,0.48224812724715627,snapshot_221.xyz,32,10000,40.0,10000,all,221
0.0881955,0.169606,0.0,0.5200022404867752,0.47999775951322476,snapshot_222.xyz,32,10000,40.0,10000,all,222
0.0867229,0.170731,0.0,0.5079505186521488,0.4920494813478512,snapshot_223.xyz,32,10000,40.0,10000,all,223
0.087775,0.170268,0.0,0.515510841731858,0.484489158268142,snapshot_224.xyz,32,10000,40.0,10000,all,224
0.0879852,0.170202,0.0,0.5169457468184863,0.48305425318151374,snapshot_225.xyz,32,10000,40.0,10000,all,225
0.0876348,0.171128,0.0,0.5121008835491562,0.48789911645084383,snapshot_226.xyz,32,10000,40.0,10000,all,226
0.087214,0.170665,0.0,0.5110245217238449,0.48897547827615506,snapshot_227.xyz,32,10000,40.0,10000,all,227
0.0871439,0.17007,0.0,0.5124001881578174,0.4875998118421826,snapshot_228.xyz,32,10000,40.0,10000,all,228
0.0884057,0.169606,0.0,0.5212415834345483,0.4787584165654517,snapshot_229.xyz,32,10000,40.0,10000,all,229
0.0884757,0.17093,0.0,0.5176136430117593,0.4823863569882407,snapshot_230.xyz,32,10000,40.0,10000,all,230
0.0876348,0.169474,0.0,0.5170987880146807,0.4829012119853193,snapshot_231.xyz,32,10000,40.0,10000,all,231
0.0885458,0.170665,0.0,0.5188281135557964,0.4811718864442036,snapshot_232.xyz,32,10000,40.0,10000,all,232
0.0879152,0.17126,0.0,0.5133434543968235,0.4866565456031765,snapshot_233.xyz,32,10000,40.0,10000,all,233
0.0880553,0.170599,0.0,0.516153670302874,0.48384632969712604,snapshot_234.xyz,32,10000,40.0,10000,all,234
0.0883356,0.17093,0.0,0.51679400924355,0.48320599075645,snapshot_235.xyz,32,10000,40.0,10000,all,235
0.0874945,0.170268,0.0,0.5138634388141048,0.4861365611858952,snapshot_236.xyz,32,10000,40.0,10000,all,236
0.0878451,0.170202,0.0,0.5161226072549089,0.4838773927450911,snapshot_237.xyz,32,10000,40.0,10000,all,237
0.0875647,0.170599,0.0,0.5132779207381051,0.4867220792618949,snapshot_238.xyz,32,10000,40.0,10000,all,238
0.0873543,0.17007,0.0,0.5136373258070206,0.4863626741929794,snapshot_239.xyz,32,10000,40.0,10000,all,239
0.087214,0.170268,0.0,0.5122160358963517,0.4877839641036483,snapshot_240.xyz,32,10000,40.0,10000,all,240
0.0878451,0.170334,0.0,0.5157226390503363,0.48427736094966367,snapshot_241.xyz,32,10000,40.0,10000,all,241
0.0870036,0.170863,0.0,0.509200938763805,0.490799061236195,snapshot_242.xyz,32,10000,40.0,10000,all,242
0.0882656,0.170665,0.0,0.5171863006474672,0.4828136993525328,snapshot_243.xyz,32,10000,40.0,10000,all,243
0.0878451,0.170202,0.0,0.5161226072549089,0.4838773927450911,snapshot_244.xyz,32,10000,40.0,10000,all,244
0.0882656,0.170467,0.0,0.5177870203617122,0.4822129796382878,snapshot_245.xyz,32,10000,40.0,10000,all,245
0.0879852,0.171459,0.0,0.5131559148251186,0.4868440851748814,snapshot_246.xyz,32,10000,40.0,10000,all,246
0.0867229,0.170334,0.0,0.5091344065189569,0.4908655934810431,snapshot_247.xyz,32,10000,40.0,10000,all,247
0.087214,0.170533,0.0,0.5114200770525353,0.48857992294746466,snapshot_248.xyz,32,10000,40.0,10000,all,248
0.0878451,0.169011,0.0,0.5197596606138062,0.4802403393861938,snapshot_249.xyz,32,10000,40.0,10000,all,249
0.0876348,0.169871,0.0,0.5158902932225041,0.4841097067774959,snapshot_250.xyz,32,10000,40.0,10000,all,250
0.0879852,0.16954,0.0,0.5189642562227204,0.48103574377727965,snapshot_251.xyz,32,10000,40.0,10000,all,251
0.0881955,0.169871,0.0,0.519191033195778,0.480808966804222,snapshot_252.xyz,32,10000,40.0,10000,all,252
0.0871439,0.170334,0.0,0.5116060211114632,0.48839397888853675,snapshot_253.xyz,32,10000,40.0,10000,all,253
0.087214,0.170202,0.0,0.5124146602272593,0.48758533977274066,snapshot_254.xyz,32,10000,40.0,10000,all,254
0.0878451,0.170599,0.0,0.51492154115792,0.48507845884208,snapshot_255.xyz,32,10000,40.0,10000,all,255
0.0872842,0.170665,0.0,0.5114358538657604,0.4885641461342396,snapshot_256.xyz,32,10000,40.0,10000,all,256
0.0878451,0.16954,0.0,0.5181379025598679,0.4818620974401321,snapshot_257.xyz,32,10000,40.0,10000,all,257
0.0876348,0.170334,0.0,0.514488005917785,0.485511994082215,snapshot_258.xyz,32,10000,40.0,10000,all,258
0.0872842,0.170665,0.0,0.5114358538657604,0.4885641461342396,snapshot_259.xyz,32,10000,40.0,10000,all,259
0.0875647,0.169739,0.0,0.5158784958082703,0.4841215041917297,snapshot_260.xyz,32,10000,40.0,10000,all,260
0.0883356,0.171459,0.0,0.5151995520795059,0.48480044792049415,snapshot_261.xyz,32,10000,40.0,10000,all,261
0.0881254,0.169606,0.0,0.5195889296369233,0.48041107036307673,snapshot_262.xyz,32,10000,40.0,10000,all,262
0.0879152,0.170334,0.0,0.5161341834278534,0.48386581657214656,snapshot_263.xyz,32,10000,40.0,10000,all,263
0.0884057,0.170599,0.0,0.5182076096577354,0.4817923903422646,snapshot_264.xyz,32,10000,40.0,10000,all,264
0.0879852,0.169408,0.0,0.5193686248583301,0.48063137514166987,snapshot_265.xyz,32,10000,40.0,10000,all,265
0.0881254,0.171657,0.0,0.5133807534793222,0.4866192465206778,snapshot_266.xyz,32,10000,40.0,10000,all,266
0.0878451,0.169077,0.0,0.5195567699923703,0.4804432300076297,snapshot_267.xyz,32,10000,40.0,10000,all,267
0.0873543,0.170004,0.0,0.5138367332533352,0.48616326674666477,snapshot_268.xyz,32,10000,40.0,10000,all,268
0.0877049,0.171128,0.0,0.5125105184423355,0.4874894815576645,snapshot_269.xyz,32,10000,40.0,10000,all,269
0.0875647,0.169209,0.0,0.5174943413175422,0.48250565868245776,snapshot_270.xyz,32,10000,40.0,10000,all,270
0.0877049,0.170268,0.0,0.5150991378297742,0.48490086217022577,snapshot_271.xyz,32,10000,40.0,10000,all,271
0.0879852,0.170467,0.0,0.5161421272152381,0.4838578727847619,snapshot_272.xyz,32,10000,40.0,10000,all,272
0.0871439,0.170268,0.0,0.5118043319942678,0.4881956680057322,snapshot_273.xyz,32,10000,40.0,10000,all,273
0.0879152,0.170202,0.0,0.5165344708052785,0.4834655291947215,snapshot_274.xyz,32,10000,40.0,10000,all,274
0.0882656,0.170268,0.0,0.5183921817370263,0.4816078182629737,snapshot_275.xyz,32,10000,40.0,10000,all,275
0.0870737,0.170665,0.0,0.5102024433832362,0.48979755661676383,snapshot_276.xyz,32,10000,40.0,10000,all,276
0.0876348,0.170599,0.0,0.5136888258430589,0.48631117415694114,snapshot_277.xyz,32,10000,40.0,10000,all,277
0.0876348,0.1704,0.0,0.5142887323943662,0.48571126760563377,snapshot_278.xyz,32,10000,40.0,10000,all,278
0.0879152,0.171128,0.0,0.5137394231218737,0.4862605768781263,snapshot_279.xyz,32,10000,40.0,10000,all,279
0.0879152,0.17007,0.0,0.5169353795495972,0.48306462045040277,snapshot_280.xyz,32,10000,40.0,10000,all,280
0.0881955,0.169209,0.0,0.5212222754108824,0.4787777245891176,snapshot_281.xyz,32,10000,40.0,10000,all,281
0.087775,0.169937,0.0,0.5165149437732807,0.48348505622671933,snapshot_282.xyz,32,10000,40.0,10000,all,282
0.0880553,0.169739,0.0,0.5187688156522662,0.4812311843477338,snapshot_283.xyz,32,10000,40.0,10000,all,283
0.0879152,0.170004,0.0,0.5171360673866497,0.48286393261335026,snapshot_284.xyz,32,10000,40.0,10000,all,284
0.0867229,0.171128,0.0,0.5067721237903792,0.49322787620962083,snapshot_285.xyz,32,10000,40.0,10000,all,285
0.087214,0.169805,0.0,0.5136126733606196,0.48638732663938045,snapshot_286.xyz,32,10000,40.0,10000,all,286
0.0875647,0.170268,0.0,0.5142757300256067,0.48572426997439333,snapshot_287.xyz,32,10000,40.0,10000,all,287
0.0877049,0.169739,0.0,0.5167044698036397,0.4832955301963603,snapshot_288.xyz,32,10000,40.0,10000,all,288
0.0870036,0.170599,0.0,0.5099889213887537,0.49001107861124626,snapshot_289.xyz,32,10000,40.0,10000,all,289
0.0870737,0.170004,0.0,0.5121861838544975,0.48781381614550245,snapshot_290.xyz,32,10000,40.0,10000,all,290
0.0875647,0.170202,0.0,0.5144751530534306,0.4855248469465694,snapshot_291.xyz,32,10000,40.0,10000,all,291
0.0873543,0.169673,0.0,0.5148391317416442,0.4851608682583558,snapshot_292.xyz,32,10000,40.0,10000,all,292
0.087214,0.168547,0.0,0.5174461722842887,0.4825538277157113,snapshot_293.xyz,32,10000,40.0,10000,all,293
0.0873543,0.168812,0.0,0.5174649906404758,0.4825350093595242,snapshot_294.xyz,32,10000,40.0,10000,all,294
0.0874244,0.169606,0.0,0.515455821138403,0.48454417886159695,snapshot_295.xyz,32,10000,40.0,10000,all,295
0.0871439,0.169739,0.0,0.5133993955425683,0.4866006044574317,snapshot_296.xyz,32,10000,40.0,10000,all,296
0.0879152,0.170996,0.0,0.5141360031813609,0.4858639968186391,snapshot_297.xyz,32,10000,40.0,10000,all,297
0.0876348,0.170665,0.0,0.5134901708024492,0.4865098291975508,snapshot_298.xyz,32,10000,40.0,10000,all,298
0.087775,0.169342,0.0,0.5183297705235559,0.4816702294764441,snapshot_299.xyz,32,10000,40.0,10000,all,299
0.0876348,0.169805,0.0,0.5160908100468183,0.48390918995318166,snapshot_300.xyz,32,10000,40.0,10000,all,300
0.0870036,0.169276,0.0,0.513974810368865,0.48602518963113495,snapshot_301.xyz,32,10000,40.0,10000,all,301
0.0884757,0.17093,0.0,0.5176136430117593,0.4823863569882407,snapshot_302.xyz,32,10000,40.0,10000,all,302
0.0877049,0.170136,0.0,0.5154987774486293,0.48450122255137074,snapshot_303.xyz,32,10000,40.0,10000,all,303
0.0882656,0.1704,0.0,0.5179906103286385,0.48200938967136153,snapshot_304.xyz,32,10000,40.0,10000,all,304
0.0876348,0.17093,0.0,0.5126940852980753,0.48730591470192475,snapshot_305.xyz,32,10000,40.0,10000,all,305
0.0884057,0.170599,0.0,0.5182076096577354,0.4817923903422646,snapshot_306.xyz,32,10000,40.0,10000,all,306
0.0886158,0.17093,0.0,0.5184332767799684,0.4815667232200316,snapshot_307.xyz,32,10000,40.0,10000,all,307
0.0879852,0.171591,0.0,0.5127611588020351,0.4872388411979649,snapshot_308.xyz,32,10000,40.0,10000,all,308
0.0884757,0.172318,0.0,0.5134443296695644,0.48655567033043556,snapshot_309.xyz,32,10000,40.0,10000,all,309
0.0902256,0.172648,0.0,0.5225985820860943,0.47740141791390567,snapshot_310.xyz,32,10000,40.0,10000,all,310
0.0887559,0.173375,0.0,0.5119302090843547,0.4880697909156453,snapshot_311.xyz,32,10000,40.0,10000,all,311
0.0903654,0.172781,0.0,0.5230054230499882,0.4769945769500118,snapshot_312.xyz,32,10000,40.0,10000,all,312
0.0905752,0.174168,0.0,0.5200450140094621,0.4799549859905379,snapshot_313.xyz,32,10000,40.0,10000,all,313
0.0911344,0.175817,0.0,0.5183480550799979,0.4816519449200021,snapshot_314.xyz,32,10000,40.0,10000,all,314
0.0922518,0.174762,0.0,0.527871047481718,0.472128952518282,snapshot_315.xyz,32,10000,40.0,10000,all,315
0.0928101,0.176609,0.0,0.5255117236380933,0.4744882763619067,snapshot_316.xyz,32,10000,40.0,10000,all,316
0.0939955,0.175356,0.0,0.5360267113757157,0.46397328862428433,snapshot_317.xyz,32,10000,40.0,10000,all,317
0.0943439,0.177268,0.0,0.5322105512557257,0.4677894487442743,snapshot_318.xyz,32,10000,40.0,10000,all,318
0.0951797,0.175488,0.0,0.5423715581692196,0.45762844183078044,snapshot_319.xyz,32,10000,40.0,10000,all,319
0.0966407,0.176345,0.0,0.5480206413564319,0.4519793586435681,snapshot_320.xyz,32,10000,40.0,10000,all,320
0.0978915,0.177598,0.0,0.5511970855527653,0.44880291444723475,snapshot_321.xyz,32,10000,40.0,10000,all,321
0.0978221,0.177136,0.0,0.5522429094029446,0.4477570905970554,snapshot_322.xyz,32,10000,40.0,10000,all,322
0.098794,0.1774,0.0,0.5568996617812852,0.44310033821871475,snapshot_323.xyz,32,10000,40.0,10000,all,323
0.101705,0.180298,0.0,0.564093889005979,0.435906110994021,snapshot_324.xyz,32,10000,40.0,10000,all,324
0.10219,0.179047,0.0,0.5707439945935983,0.42925600540640174,snapshot_325.xyz,32,10000,40.0,10000,all,325
0.102397,0.178784,0.0,0.5727414086271703,0.42725859137282973,snapshot_326.xyz,32,10000,40.0,10000,all,326
0.103987,0.179311,0.0,0.579925381041877,0.42007461895812304,snapshot_327.xyz,32,10000,40.0,10000,all,327
0.106058,0.181351,0.0,0.5848216993564965,0.4151783006435035,snapshot_328.xyz,32,10000,40.0,10000,all,328
0.106403,0.180035,0.0,0.5910128586108256,0.40898714138917436,snapshot_329.xyz,32,10000,40.0,10000,all,329
0.107161,0.181022,0.0,0.5919777706577102,0.4080222293422898,snapshot_330.xyz,32,10000,40.0,10000,all,330
0.108126,0.179771,0.0,0.6014651973900129,0.3985348026099871,snapshot_331.xyz,32,10000,40.0,10000,all,331
0.109777,0.181943,0.0,0.6033592938447756,0.3966407061552244,snapshot_332.xyz,32,10000,40.0,10000,all,332
0.112114,0.180166,0.0,0.6222816735677098,0.3777183264322902,snapshot_333.xyz,32,10000,40.0,10000,all,333
0.115678,0.182929,0.0,0.6323655625953238,0.36763443740467616,snapshot_334.xyz,32,10000,40.0,10000,all,334
0.114993,0.180364,0.0,0.6375607105630835,0.3624392894369165,snapshot_335.xyz,32,10000,40.0,10000,all,335
0.118482,0.181351,0.0,0.6533297307431445,0.3466702692568555,snapshot_336.xyz,32,10000,40.0,10000,all,336
0.119643,0.182863,0.0,0.6542766989494868,0.3457233010505132,snapshot_337.xyz,32,10000,40.0,10000,all,337
0.120803,0.182535,0.0,0.6618073246226751,0.3381926753773249,snapshot_338.xyz,32,10000,40.0,10000,all,338
0.123733,0.182995,0.0,0.6761550862045411,0.3238449137954589,snapshot_339.xyz,32,10000,40.0,10000,all,339
0.125637,0.181219,0.0,0.6932882313664682,0.3067117686335318,snapshot_340.xyz,32,10000,40.0,10000,all,340
0.130861,0.18306,0.0,0.7148530536436142,0.2851469463563858,snapshot_341.xyz,32,10000,40.0,10000,all,341
0.129777,0.181548,0.0,0.7148357459184349,0.2851642540815651,snapshot_342.xyz,32,10000,40.0,10000,all,342
0.133027,0.18444,0.0,0.7212481023639125,0.27875189763608754,snapshot_343.xyz,32,10000,40.0,10000,all,343
0.135122,0.183915,0.0,0.734698094228312,0.265301905771688,snapshot_344.xyz,32,10000,40.0,10000,all,344
0.136809,0.180956,0.0,0.7560346161497822,0.24396538385021782,snapshot_345.xyz,32,10000,40.0,10000,all,345
0.141726,0.183849,0.0,0.7708826265032716,0.22911737349672845,snapshot_346.xyz,32,10000,40.0,10000,all,346
0.145689,0.18214,0.0,0.7998737235093885,0.20012627649061154,snapshot_347.xyz,32,10000,40.0,10000,all,347
0.148036,0.183718,0.0,0.8057784212760862,0.19422157872391377,snapshot_348.xyz,32,10000,40.0,10000,all,348
0.149375,0.182272,0.0,0.8195169856039327,0.1804830143960673,snapshot_349.xyz,32,10000,40.0,10000,all,349
0.151181,0.183192,0.0,0.8252598366740906,0.17474016332590936,snapshot_350.xyz,32,10000,40.0,10000,all,350
0.156122,0.18306,0.0,0.8528460614006337,0.14715393859936632,snapshot_351.xyz,32,10000,40.0,10000,all,351
0.162046,0.183192,0.0,0.8845691951613608,0.11543080483863921,snapshot_352.xyz,32,10000,40.0,10000,all,352
0.164636,0.18398,0.0,0.894858136753995,0.10514186324600505,snapshot_353.xyz,32,10000,40.0,10000,all,353
0.167222,0.183258,0.0,0.9124949524713791,0.08750504752862087,snapshot_354.xyz,32,10000,40.0,10000,all,354
0.167752,0.182272,0.0,0.920338834269663,0.07966116573033699,snapshot_355.xyz,32,10000,40.0,10000,all,355
0.171393,0.183126,0.0,0.9359293601127092,0.06407063988729078,snapshot_356.xyz,32,10000,40.0,10000,all,356
0.170467,0.181022,0.0,0.9416921700124847,0.05830782998751527,snapshot_357.xyz,32,10000,40.0,10000,all,357
0.171657,0.18306,0.0,0.9377089478859391,0.06229105211406094,snapshot_358.xyz,32,10000,40.0,10000,all,358
0.171657,0.182863,0.0,0.9387191504022138,0.061280849597786236,snapshot_359.xyz,32,10000,40.0,10000,all,359
0.173111,0.183718,0.0,0.94226477536224,0.05773522463776004,snapshot_360.xyz,32,10000,40.0,10000,all,360
0.17212,0.182074,0.0,0.9453299208014323,0.0546700791985677,snapshot_361.xyz,32,10000,40.0,10000,all,361
0.172516,0.182797,0.0,0.9437572826687528,0.056242717331247194,snapshot_362.xyz,32,10000,40.0,10000,all,362
0.172913,0.182995,0.0,0.9449055985136207,0.05509440148637934,snapshot_363.xyz,32,10000,40.0,10000,all,363
0.172318,0.182863,0.0,0.9423338783679586,0.057666121632041434,snapshot_364.xyz,32,10000,40.0,10000,all,364
0.171921,0.182732,0.0,0.940836853971937,0.05916314602806305,snapshot_365.xyz,32,10000,40.0,10000,all,365
0.175422,0.182666,0.0,0.9603429209595655,0.03965707904043447,snapshot_366.xyz,32,10000,40.0,10000,all,366
0.172979,0.18214,0.0,0.9497035247611727,0.0502964752388273,snapshot_367.xyz,32,10000,40.0,10000,all,367
0.173309,0.182535,0.0,0.9494562686608047,0.05054373133919532,snapshot_368.xyz,32,10000,40.0,10000,all,368
0.173573,0.182469,0.0,0.9512465131063359,0.0487534868936641,snapshot_369.xyz,32,10000,40.0,10000,all,369
0.172781,0.18214,0.0,0.9486164488854727,0.051383551114527304,snapshot_370.xyz,32,10000,40.0,10000,all,370
0.176279,0.183652,0.0,0.9598534184217976,0.04014658157820239,snapshot_371.xyz,32,10000,40.0,10000,all,371
0.174696,0.183652,0.0,0.9512338553350902,0.048766144664909805,snapshot_372.xyz,32,10000,40.0,10000,all,372
0.175553,0.183192,0.0,0.9583005808113891,0.041699419188610864,snapshot_373.xyz,32,10000,40.0,10000,all,373
0.173639,0.181482,0.0,0.956783592863204,0.043216407136795976,snapshot_374.xyz,32,10000,40.0,10000,all,374
0.1743,0.182337,0.0,0.9559222757860446,0.044077724213955394,snapshot_375.xyz,32,10000,40.0,10000,all,375
0.174234,0.1826,0.0,0.9541840087623219,0.0458159912376781,snapshot_376.xyz,32,10000,40.0,10000,all,376
0.175026,0.183323,0.0,0.9547410854066318,0.04525891459336817,snapshot_377.xyz,32,10000,40.0,10000,all,377
0.175158,0.182272,0.0,0.9609704178370787,0.039029582162921295,snapshot_378.xyz,32,10000,40.0,10000,all,378
0.176411,0.182732,0.0,0.965408357594729,0.03459164240527102,snapshot_379.xyz,32,10000,40.0,10000,all,379
0.173969,0.182074,0.0,0.9554851324186869,0.04451486758131307,snapshot_380.xyz,32,10000,40.0,10000,all,380
0.175817,0.18398,0.0,0.9556310468529188,0.044368953147081225,snapshot_381.xyz,32,10000,40.0,10000,all,381
0.175488,0.18214,0.0,0.96347864280224,0.03652135719775995,snapshot_382.xyz,32,10000,40.0,10000,all,382
0.175751,0.182535,0.0,0.9628345248856383,0.037165475114361746,snapshot_383.xyz,32,10000,40.0,10000,all,383
0.177334,0.182863,0.0,0.9697642497388755,0.03023575026112446,snapshot_384.xyz,32,10000,40.0,10000,all,384
0.176213,0.183192,0.0,0.9619033582252501,0.03809664177474992,snapshot_385.xyz,32,10000,40.0,10000,all,385
0.176279,0.18306,0.0,0.9629575002731344,0.037042499726865574,snapshot_386.xyz,32,10000,40.0,10000,all,386
0.175883,0.182272,0.0,0.9649479898174158,0.03505201018258419,snapshot_387.xyz,32,10000,40.0,10000,all,387
0.175356,0.180693,0.0,0.9704637146984112,0.029536285301588805,snapshot_388.xyz,32,10000,40.0,10000,all,388
0.176807,0.182337,0.0,0.9696715422541776,0.03032845774582238,snapshot_389.xyz,32,10000,40.0,10000,all,389
0.175883,0.1826,0.0,0.9632146768893757,0.036785323110624324,snapshot_390.xyz,32,10000,40.0,10000,all,390
0.175619,0.182272,0.0,0.9634996049859551,0.036500395014044895,snapshot_391.xyz,32,10000,40.0,10000,all,391
0.175356,0.181877,0.0,0.9641460987370586,0.03585390126294141,snapshot_392.xyz,32,10000,40.0,10000,all,392
0.175026,0.180693,0.0,0.9686374126280487,0.0313625873719513,snapshot_393.xyz,32,10000,40.0,10000,all,393
0.175883,0.181877,0.0,0.967043661375545,0.03295633862445502,snapshot_394.xyz,32,10000,40.0,10000,all,394
0.176015,0.182863,0.0,0.9625511995318901,0.037448800468109944,snapshot_395.xyz,32,10000,40.0,10000,all,395
0.176081,0.182535,0.0,0.9646423973484536,0.035357602651546416,snapshot_396.xyz,32,10000,40.0,10000,all,396
0.175092,0.182403,0.0,0.9599184223943684,0.04008157760563158,snapshot_397.xyz,32,10000,40.0,10000,all,397
0.176543,0.182009,0.0,0.9699685180403167,0.030031481959683304,snapshot_398.xyz,32,10000,40.0,10000,all,398
0.17463,0.182206,0.0,0.9584206886710647,0.04157931132893533,snapshot_399.xyz,32,10000,40.0,10000,all,399
0.176279,0.182535,0.0,0.9657271208261429,0.03427287917385713,snapshot_400.xyz,32,10000,40.0,10000,all,400
0.175026,0.18214,0.0,0.9609421324256067,0.039057867574393335,snapshot_401.xyz,32,10000,40.0,10000,all,401
0.1774,0.183389,0.0,0.9673426432337817,0.03265735676621828,snapshot_402.xyz,32,10000,40.0,10000,all,402
0.175619,0.180561,0.0,0.9726297483952792,0.02737025160472084,snapshot_403.xyz,32,10000,40.0,10000,all,403
0.175751,0.181417,0.0,0.9687680867834877,0.031231913216512308,snapshot_404.xyz,32,10000,40.0,10000,all,404
0.175817,0.181548,0.0,0.9684325908299735,0.03156740917002654,snapshot_405.xyz,32,10000,40.0,10000,all,405
0.175488,0.181153,0.0,0.9687280917235707,0.03127190827642934,snapshot_406.xyz,32,10000,40.0,10000,all,406
0.175224,0.181351,0.0,0.9662146886424667,0.033785311357533265,snapshot_407.xyz,32,10000,40.0,10000,all,407
0.176938,0.182797,0.0,0.9679480516638677,0.03205194833613234,snapshot_408.xyz,32,10000,40.0,10000,all,408
0.176938,0.183586,0.0,0.9637880884163281,0.036211911583671874,snapshot_409.xyz,32,10000,40.0,10000,all,409
0.17529,0.182929,0.0,0.9582406288778706,0.04175937112212935,snapshot_410.xyz,32,10000,40.0,10000,all,410
0.177136,0.181877,0.0,0.9739329326962727,0.02606706730372732,snapshot_411.xyz,32,10000,40.0,10000,all,411
0.17707,0.18214,0.0,0.9721642692434391,0.027835730756560872,snapshot_412.xyz,32,10000,40.0,10000,all,412
0.175553,0.181943,0.0,0.9648791104906481,0.03512088950935188,snapshot_413.xyz,32,10000,40.0,10000,all,413
0.175883,0.181022,0.0,0.9716111853807826,0.028388814619217384,snapshot_414.xyz,32,10000,40.0,10000,all,414
0.176675,0.183126,0.0,0.9647728886122123,0.03522711138778767,snapshot_415.xyz,32,10000,40.0,10000,all,415
0.176213,0.181811,0.0,0.9692097837864596,0.03079021621354039,snapshot_416.xyz,32,10000,40.0,10000,all,416
0.176477,0.182535,0.0,0.966811844303832,0.033188155696167954,snapshot_417.xyz,32,10000,40.0,10000,all,417
0.175026,0.180298,0.0,0.9707595203496432,0.02924047965035681,snapshot_418.xyz,32,10000,40.0,10000,all,418
0.176015,0.18306,0.0,0.961515350158418,0.03848464984158195,snapshot_419.xyz,32,10000,40.0,10000,all,419
0.175488,0.18214,0.0,0.96347864280224,0.03652135719775995,snapshot_420.xyz,32,10000,40.0,10000,all,420
0.177466,0.182337,0.0,0.9732857291718083,0.026714270828191666,snapshot_421.xyz,32,10000,40.0,10000,all,421
0.177268,0.182403,0.0,0.9718480507447794,0.028151949255220576,snapshot_422.xyz,32,10000,40.0,10000,all,422
0.177136,0.182337,0.0,0.9714758935377898,0.028524106462210153,snapshot_423.xyz,32,10000,40.0,10000,all,423
0.175619,0.18089,0.0,0.9708607440986234,0.02913925590137656,snapshot_424.xyz,32,10000,40.0,10000,all,424
0.176477,0.183258,0.0,0.962997522618385,0.037002477381614995,snapshot_425.xyz,32,10000,40.0,10000,all,425
0.175553,0.181351,0.0,0.96802885013041,0.03197114986959004,snapshot_426.xyz,32,10000,40.0,10000,all,426
0.175685,0.18168,0.0,0.9670024218405988,0.032997578159401186,snapshot_427.xyz,32,10000,40.0,10000,all,427
0.176213,0.182074,0.0,0.9678097916231861,0.032190208376813856,snapshot_428.xyz,32,10000,40.0,10000,all,428
0.175817,0.181745,0.0,0.9673828716058214,0.03261712839417863,snapshot_429.xyz,32,10000,40.0,10000,all,429
0.176807,0.182797,0.0,0.9672314097058485,0.03276859029415147,snapshot_430.xyz,32,10000,40.0,10000,all,430
0.176873,0.182074,0.0,0.9714346913892153,0.028565308610784657,snapshot_431.xyz,32,10000,40.0,10000,all,431
0.17463,0.180824,0.0,0.9657456974737867,0.03425430252621331,snapshot_432.xyz,32,10000,40.0,10000,all,432
0.176807,0.181417,0.0,0.9745889304750933,0.025411069524906682,snapshot_433.xyz,32,10000,40.0,10000,all,433
0.176147,0.182732,0.0,0.9639636188516516,0.036036381148348395,snapshot_434.xyz,32,10000,40.0,10000,all,434
0.177136,0.181614,0.0,0.9753433105377338,0.02465668946226618,snapshot_435.xyz,32,10000,40.0,10000,all,435
0.176477,0.182535,0.0,0.966811844303832,0.033188155696167954,snapshot_436.xyz,32,10000,40.0,10000,all,436
0.176675,0.183126,0.0,0.9647728886122123,0.03522711138778767,snapshot_437.xyz,32,10000,40.0,10000,all,437
0.177993,0.183652,0.0,0.9691862871082264,0.030813712891773593,snapshot_438.xyz,32,10000,40.0,10000,all,438
0.176213,0.182206,0.0,0.9671086572341197,0.03289134276588035,snapshot_439.xyz,32,10000,40.0,10000,all,439
0.176938,0.181153,0.0,0.976732375395384,0.023267624604615955,snapshot_440.xyz,32,10000,40.0,10000,all,440
0.175158,0.18168,0.0,0.9641017173051519,0.03589828269484807,snapshot_441.xyz,32,10000,40.0,10000,all,441
0.176609,0.182929,0.0,0.9654510766472236,0.03454892335277637,snapshot_442.xyz,32,10000,40.0,10000,all,442
0.175092,0.181351,0.0,0.9654868183798269,0.03451318162017314,snapshot_443.xyz,32,10000,40.0,10000,all,443
0.177861,0.182666,0.0,0.973695159471385,0.026304840528615037,snapshot_444.xyz,32,10000,40.0,10000,all,444
0.176147,0.183126,0.0,0.9618896279064687,0.0381103720935313,snapshot_445.xyz,32,10000,40.0,10000,all,445
0.176938,0.183258,0.0,0.9655131017472635,0.03448689825273654,snapshot_446.xyz,32,10000,40.0,10000,all,446
0.176279,0.182469,0.0,0.9660764294208879,0.033923570579112106,snapshot_447.xyz,32,10000,40.0,10000,all,447
0.176675,0.182666,0.0,0.9672024350453834,0.03279756495461661,snapshot_448.xyz,32,10000,40.0,10000,all,448
0.176411,0.182666,0.0,0.9657571742962566,0.034242825703743374,snapshot_449.xyz,32,10000,40.0,10000,all,449
0.177202,0.182732,0.0,0.9697371013287218,0.030262898671278182,snapshot_450.xyz,32,10000,40.0,10000,all,450
0.174894,0.182206,0.0,0.959869598147152,0.040130401852848,snapshot_451.xyz,32,10000,40.0,10000,all,451
0.176675,0.181943,0.0,0.9710458770054358,0.028954122994564235,snapshot_452.xyz,32,10000,40.0,10000,all,452
0.175356,0.182074,0.0,0.9631029141997209,0.03689708580027906,snapshot_453.xyz,32,10000,40.0,10000,all,453
0.176807,0.181417,0.0,0.9745889304750933,0.025411069524906682,snapshot_454.xyz,32,10000,40.0,10000,all,454
0.177268,0.183192,0.0,0.9676623433337701,0.0323376566662299,snapshot_455.xyz,32,10000,40.0,10000,all,455
0.177861,0.18306,0.0,0.9715994755817764,0.028400524418223605,snapshot_456.xyz,32,10000,40.0,10000,all,456
0.175751,0.181219,0.0,0.9698265634398159,0.03017343656018412,snapshot_457.xyz,32,10000,40.0,10000,all,457
0.176345,0.184177,0.0,0.9574756891468532,0.042524310853146785,snapshot_458.xyz,32,10000,40.0,10000,all,458
0.175488,0.182469,0.0,0.961741446492281,0.038258553507719006,snapshot_459.xyz,32,10000,40.0,10000,all,459
0.176213,0.1826,0.0,0.9650219058050383,0.03497809419496167,snapshot_460.xyz,32,10000,40.0,10000,all,460
0.175026,0.180232,0.0,0.9711150073238936,0.028884992676106447,snapshot_461.xyz,32,10000,40.0,10000,all,461
0.17707,0.18168,0.0,0.9746257155438133,0.025374284456186724,snapshot_462.xyz,32,10000,40.0,10000,all,462
0.176015,0.181943,0.0,0.9674183672908548,0.03258163270914516,snapshot_463.xyz,32,10000,40.0,10000,all,463
0.176741,0.182074,0.0,0.9707097114360095,0.02929028856399052,snapshot_464.xyz,32,10000,40.0,10000,all,464
0.177136,0.182929,0.0,0.9683319757938872,0.03166802420611281,snapshot_465.xyz,32,10000,40.0,10000,all,465
0.175883,0.18168,0.0,0.9680922501100837,0.03190774988991629,snapshot_466.xyz,32,10000,40.0,10000,all,466
0.174366,0.182732,0.0,0.9542171048311188,0.04578289516888123,snapshot_467.xyz,32,10000,40.0,10000,all,467
0.175092,0.181417,0.0,0.965135571638821,0.03486442836117898,snapshot_468.xyz,32,10000,40.0,10000,all,468
0.176807,0.182666,0.0,0.9679250654199467,0.03207493458005328,snapshot_469.xyz,32,10000,40.0,10000,all,469
0.176345,0.182206,0.0,0.9678331119721634,0.032166888027836626,snapshot_470.xyz,32,10000,40.0,10000,all,470
0.175685,0.18214,0.0,0.9645602283957396,0.03543977160426037,snapshot_471.xyz,32,10000,40.0,10000,all,471
0.175356,0.182074,0.0,0.9631029141997209,0.03689708580027906,snapshot_472.xyz,32,10000,40.0,10000,all,472
0.175817,0.182403,0.0,0.9638931377225155,0.0361068622774845,snapshot_473.xyz,32,10000,40.0,10000,all,473
0.175224,0.182272,0.0,0.9613325140449438,0.0386674859550562,snapshot_474.xyz,32,10000,40.0,10000,all,474
0.175224,0.181943,0.0,0.9630708518601979,0.03692914813980208,snapshot_475.xyz,32,10000,40.0,10000,all,475
0.175158,0.181482,0.0,0.9651535689489867,0.03484643105101326,snapshot_476.xyz,32,10000,40.0,10000,all,476
0.17463,0.182732,0.0,0.9556618435741961,0.044338156425803854,snapshot_477.xyz,32,10000,40.0,10000,all,477
0.176213,0.182666,0.0,0.9646732287344115,0.035326771265588475,snapshot_478.xyz,32,10000,40.0,10000,all,478
0.176807,0.182009,0.0,0.9714189957639456,0.028581004236054364,snapshot_479.xyz,32,10000,40.0,10000,all,479
0.175685,0.181088,0.0,0.9701636773281499,0.029836322671850102,snapshot_480.xyz,32,10000,40.0,10000,all,480
0.177004,0.182403,0.0,0.9704007061287369,0.029599293871263144,snapshot_481.xyz,32,10000,40.0,10000,all,481
0.177664,0.183586,0.0,0.9677426383275413,0.03225736167245874,snapshot_482.xyz,32,10000,40.0,10000,all,482
0.176015,0.181614,0.0,0.9691708788970014,0.030829121102998625,snapshot_483.xyz,32,10000,40.0,10000,all,483
0.175356,0.181219,0.0,0.967646880294009,0.032353119705990974,snapshot_484.xyz,32,10000,40.0,10000,all,484
0.175553,0.182009,0.0,0.9645292265767077,0.0354707734232923,snapshot_485.xyz,32,10000,40.0,10000,all,485
0.177334,0.183258,0.0,0.9676739896757576,0.03232601032424243,snapshot_486.xyz,32,10000,40.0,10000,all,486
0.176345,0.1826,0.0,0.9657447973713034,0.034255202628696635,snapshot_487.xyz,32,10000,40.0,10000,all,487
0.175685,0.181877,0.0,0.9659550135531155,0.03404498644688447,snapshot_488.xyz,32,10000,40.0,10000,all,488
0.176015,0.18089,0.0,0.9730499198407873,0.02695008015921274,snapshot_489.xyz,32,10000,40.0,10000,all,489
0.176807,0.182732,0.0,0.9675754657093447,0.03242453429065528,snapshot_490.xyz,32,10000,40.0,10000,all,490
0.176873,0.181417,0.0,0.9749527332058187,0.025047266794181344,snapshot_491.xyz,32,10000,40.0,10000,all,491
0.174564,0.181745,0.0,0.9604885966601557,0.039511403339844264,snapshot_492.xyz,32,10000,40.0,10000,all,492
0.175422,0.181614,0.0,0.9659057121147048,0.03409428788529523,snapshot_493.xyz,32,10000,40.0,10000,all,493
0.175026,0.180759,0.0,0.9682837369093654,0.03171626309063458,snapshot_494.xyz,32,10000,40.0,10000,all,494
0.175949,0.182863,0.0,0.962190273592799,0.03780972640720104,snapshot_495.xyz,32,10000,40.0,10000,all,495
0.177598,0.182272,0.0,0.9743570049157304,0.025642995084269593,snapshot_496.xyz,32,10000,40.0,10000,all,496
0.176213,0.181943,0.0,0.9685066202052292,0.03149337979477085,snapshot_497.xyz,32,10000,40.0,10000,all,497
0.175619,0.181482,0.0,0.9676937657729141,0.032306234227085895,snapshot_498.xyz,32,10000,40.0,10000,all,498
0.176873,0.183192,0.0,0.9655061356391109,0.03449386436088908,snapshot_499.xyz,32,10000,40.0,10000,all,499
0.174828,0.181614,0.0,0.9626350391489643,0.03736496085103569,snapshot_500.xyz,32,10000,40.0,10000,all,500
0.176345,0.182272,0.0,0.967482663272472,0.03251733672752799,snapshot_501.xyz,32,10000,40.0,10000,all,501
0.173837,0.182272,0.0,0.9537230073735955,0.0462769926264045,snapshot_502.xyz,32,10000,40.0,10000,all,502
0.173243,0.18043,0.0,0.9601673779304993,0.03983262206950067,snapshot_503.xyz,32,10000,40.0,10000,all,503
0.175751,0.182929,0.0,0.9607607323059766,0.039239267694023416,snapshot_504.xyz,32,10000,40.0,10000,all,504
0.175092,0.18089,0.0,0.9679473713306429,0.0320526286693571,snapshot_505.xyz,32,10000,40.0,10000,all,505
0.174366,0.182469,0.0,0.9555924568008812,0.04440754319911877,snapshot_506.xyz,32,10000,40.0,10000,all,506
0.174234,0.18214,0.0,0.9565938289228066,0.043406171077193356,snapshot_507.xyz,32,10000,40.0,10000,all,507
0.174762,0.18214,0.0,0.9594926979246734,0.0405073020753266,snapshot_508.xyz,32,10000,40.0,10000,all,508
0.175949,0.183586,0.0,0.9584009673940278,0.0415990326059722,snapshot_509.xyz,32,10000,40.0,10000,all,509
0.175026,0.183126,0.0,0.9557681596277972,0.044231840372202846,snapshot_510.xyz,32,10000,40.0,10000,all,510
0.174828,0.183586,0.0,0.9522948372969617,0.04770516270303826,snapshot_511.xyz,32,10000,40.0,10000,all,511
0.175751,0.182403,0.0,0.9635313015685047,0.03646869843149525,snapshot_512.xyz,32,10000,40.0,10000,all,512
0.175356,0.182403,0.0,0.961365767010411,0.03863423298958901,snapshot_513.xyz,32,10000,40.0,10000,all,513
0.175751,0.183586,0.0,0.9573224537818787,0.042677546218121254,snapshot_514.xyz,32,10000,40.0,10000,all,514
0.175092,0.182732,0.0,0.9581901363745813,0.04180986362541872,snapshot_515.xyz,32,10000,40.0,10000,all,515
0.175224,0.18398,0.0,0.9524078704206979,0.047592129579302145,snapshot_516.xyz,32,10000,40.0,10000,all,516
0.174498,0.183586,0.0,0.9504973146100465,0.049502685389953505,snapshot_517.xyz,32,10000,40.0,10000,all,517
0.175949,0.182863,0.0,0.962190273592799,0.03780972640720104,snapshot_518.xyz,32,10000,40.0,10000,all,518
0.175685,0.182469,0.0,0.9628210819372058,0.037178918062794164,snapshot_519.xyz,32,10000,40.0,10000,all,519
0.176345,0.18352,0.0,0.9609034437663471,0.039096556233652935,snapshot_520.xyz,32,10000,40.0,10000,all,520
0.174762,0.182469,0.0,0.9577626884566693,0.04223731154333066,snapshot_521.xyz,32,10000,40.0,10000,all,521
0.176807,0.182863,0.0,0.9668823108009821,0.03311768919901792,snapshot_522.xyz,32,10000,40.0,10000,all,522
0.176807,0.183586,0.0,0.9630745263800071,0.03692547361999288,snapshot_523.xyz,32,10000,40.0,10000,all,523
0.174564,0.18168,0.0,0.9608322324966975,0.03916776750330253,snapshot_524.xyz,32,10000,40.0,10000,all,524
0.1743,0.182666,0.0,0.9542005627757766,0.045799437224223416,snapshot_525.xyz,32,10000,40.0,10000,all,525
0.175553,0.183652,0.0,0.9559002896783045,0.04409971032169546,snapshot_526.xyz,32,10000,40.0,10000,all,526
0.175356,0.182074,0.0,0.9631029141997209,0.03689708580027906,snapshot_527.xyz,32,10000,40.0,10000,all,527
0.175553,0.181351,0.0,0.96802885013041,0.03197114986959004,snapshot_528.xyz,32,10000,40.0,10000,all,528
0.175751,0.183915,0.0,0.9556099284995786,0.0443900715004214,snapshot_529.xyz,32,10000,40.0,10000,all,529
0.174564,0.182009,0.0,0.9590954293469004,0.0409045706530996,snapshot_530.xyz,32,10000,40.0,10000,all,530
0.176279,0.182074,0.0,0.968172281599789,0.031827718400211036,snapshot_531.xyz,32,10000,40.0,10000,all,531
0.175158,0.18214,0.0,0.9616668496760734,0.03833315032392659,snapshot_532.xyz,32,10000,40.0,10000,all,532
0.173837,0.184112,0.0,0.9441915790388459,0.055808420961154126,snapshot_533.xyz,32,10000,40.0,10000,all,533
0.175356,0.182535,0.0,0.9606705563316624,0.03932944366833757,snapshot_534.xyz,32,10000,40.0,10000,all,534
0.175553,0.182535,0.0,0.9617498014079491,0.03825019859205092,snapshot_535.xyz,32,10000,40.0,10000,all,535
0.177268,0.182995,0.0,0.9687040629525397,0.031295937047460254,snapshot_536.xyz,32,10000,40.0,10000,all,536
0.173969,0.182403,0.0,0.9537617254102181,0.046238274589781914,snapshot_537.xyz,32,10000,40.0,10000,all,537
0.174564,0.181745,0.0,0.9604885966601557,0.039511403339844264,snapshot_538.xyz,32,10000,40.0,10000,all,538
0.174762,0.18214,0.0,0.9594926979246734,0.0405073020753266,snapshot_539.xyz,32,10000,40.0,10000,all,539
0.17529,0.18214,0.0,0.96239156692654,0.03760843307345996,snapshot_540.xyz,32,10000,40.0,10000,all,540
0.174498,0.1826,0.0,0.955629791894852,0.044370208105148023,snapshot_541.xyz,32,10000,40.0,10000,all,541
0.175751,0.183258,0.0,0.9590358947494788,0.04096410525052119,snapshot_542.xyz,32,10000,40.0,10000,all,542
0.175619,0.182206,0.0,0.9638486109129227,0.03615138908707727,snapshot_543.xyz,32,10000,40.0,10000,all,543
0.176015,0.183192,0.0,0.9608225250010918,0.039177474998908224,snapshot_544.xyz,32,10000,40.0,10000,all,544
0.176741,0.182206,0.0,0.9700064761862947,0.029993523813705347,snapshot_545.xyz,32,10000,40.0,10000,all,545
0.175224,0.18306,0.0,0.957194362504097,0.04280563749590305,snapshot_546.xyz,32,10000,40.0,10000,all,546
0.175158,0.181351,0.0,0.9658507535111469,0.03414924648885309,snapshot_547.xyz,32,10000,40.0,10000,all,547
0.175422,0.182666,0.0,0.9603429209595655,0.03965707904043447,snapshot_548.xyz,32,10000,40.0,10000,all,548
0.177004,0.183783,0.0,0.9631141073983992,0.0368858926016008,snapshot_549.xyz,32,10000,40.0,10000,all,549
0.174762,0.182732,0.0,0.9563842129457347,0.043615787054265276,snapshot_550.xyz,32,10000,40.0,10000,all,550
0.17496,0.182403,0.0,0.9591947500863472,0.04080524991365275,snapshot_551.xyz,32,10000,40.0,10000,all,551
0.173441,0.182469,0.0,0.9505231025544066,0.04947689744559336,snapshot_552.xyz,32,10000,40.0,10000,all,552
0.175751,0.182074,0.0,0.9652723617869656,0.03472763821303437,snapshot_553.xyz,32,10000,40.0,10000,all,553
0.175422,0.183126,0.0,0.9579306051571048,0.04206939484289518,snapshot_554.xyz,32,10000,40.0,10000,all,554
0.175619,0.182797,0.0,0.9607323971399969,0.03926760286000308,snapshot_555.xyz,32,10000,40.0,10000,all,555
0.174894,0.182337,0.0,0.9591799799272774,0.04082002007272256,snapshot_556.xyz,32,10000,40.0,10000,all,556
0.175619,0.181811,0.0,0.965942654734862,0.03405734526513804,snapshot_557.xyz,32,10000,40.0,10000,all,557
0.174564,0.181153,0.0,0.963627430956153,0.036372569043847,snapshot_558.xyz,32,10000,40.0,10000,all,558
0.174894,0.182863,0.0,0.9564209271421774,0.04357907285782259,snapshot_559.xyz,32,10000,40.0,10000,all,559
0.175224,0.182732,0.0,0.95891250574612,0.04108749425388003,snapshot_560.xyz,32,10000,40.0,10000,all,560
0.174564,0.182272,0.0,0.9577115519662922,0.04228844803370779,snapshot_561.xyz,32,10000,40.0,10000,all,561
0.173507,0.182403,0.0,0.9512288723321436,0.048771127667856407,snapshot_562.xyz,32,10000,40.0,10000,all,562
0.173507,0.181351,0.0,0.9567468610594922,0.04325313894050775,snapshot_563.xyz,32,10000,40.0,10000,all,563
0.174696,0.181417,0.0,0.962952755254469,0.037047244745531005,snapshot_564.xyz,32,10000,40.0,10000,all,564
0.174828,0.182074,0.0,0.9602029943868976,0.0397970056131024,snapshot_565.xyz,32,10000,40.0,10000,all,565
0.173705,0.181614,0.0,0.9564515951413437,0.0435484048586563,snapshot_566.xyz,32,10000,40.0,10000,all,566
0.176081,0.18306,0.0,0.9618758876870971,0.038124112312902914,snapshot_567.xyz,32,10000,40.0,10000,all,567
0.174894,0.181614,0.0,0.9629984472562688,0.03700155274373118,snapshot_568.xyz,32,10000,40.0,10000,all,568
0.173705,0.181219,0.0,0.9585363565630536,0.04146364343694642,snapshot_569.xyz,32,10000,40.0,10000,all,569
0.175751,0.183652,0.0,0.9569784156992572,0.043021584300742766,snapshot_570.xyz,32,10000,40.0,10000,all,570
0.174828,0.181745,0.0,0.9619411813254837,0.038058818674516326,snapshot_571.xyz,32,10000,40.0,10000,all,571
0.174234,0.181811,0.0,0.9583248538317264,0.041675146168273614,snapshot_572.xyz,32,10000,40.0,10000,all,572
0.175685,0.18352,0.0,0.9573071054925895,0.04269289450741054,snapshot_573.xyz,32,10000,40.0,10000,all,573
0.174564,0.181943,0.0,0.9594433421456171,0.040556657854382894,snapshot_574.xyz,32,10000,40.0,10000,all,574
0.174828,0.182469,0.0,0.9581243937326341,0.04187560626736586,snapshot_575.xyz,32,10000,40.0,10000,all,575
0.173507,0.181548,0.0,0.9557086831030912,0.044291316896908794,snapshot_576.xyz,32,10000,40.0,10000,all,576
0.176609,0.183455,0.0,0.9626829467716878,0.03731705322831225,snapshot_577.xyz,32,10000,40.0,10000,all,577
0.174828,0.181745,0.0,0.9619411813254837,0.038058818674516326,snapshot_578.xyz,32,10000,40.0,10000,all,578
0.175158,0.181153,0.0,0.9669064271637787,0.033093572836221274,snapshot_579.xyz,32,10000,40.0,10000,all,579
0.173375,0.182009,0.0,0.9525627853567681,0.04743721464323192,snapshot_580.xyz,32,10000,40.0,10000,all,580
0.176938,0.18306,0.0,0.9665574128700973,0.03344258712990267,snapshot_581.xyz,32,10000,40.0,10000,all,581
0.175158,0.182732,0.0,0.9585513210603507,0.04144867893964932,snapshot_582.xyz,32,10000,40.0,10000,all,582
0.175422,0.182797,0.0,0.9596546989283194,0.04034530107168055,snapshot_583.xyz,32,10000,40.0,10000,all,583
0.1743,0.18306,0.0,0.9521468371025894,0.047853162897410595,snapshot_584.xyz,32,10000,40.0,10000,all,584
0.174432,0.181614,0.0,0.9604545905051373,0.03954540949486274,snapshot_585.xyz,32,10000,40.0,10000,all,585
0.175158,0.182272,0.0,0.9609704178370787,0.039029582162921295,snapshot_586.xyz,32,10000,40.0,10000,all,586
0.175224,0.181811,0.0,0.9637700689177222,0.03622993108227779,snapshot_587.xyz,32,10000,40.0,10000,all,587
0.175883,0.182863,0.0,0.9618293476537081,0.03817065234629191,snapshot_588.xyz,32,10000,40.0,10000,all,588
0.175092,0.182074,0.0,0.9616529542933092,0.038347045706690785,snapshot_589.xyz,32,10000,40.0,10000,all,589
0.174762,0.182469,0.0,0.9577626884566693,0.04223731154333066,snapshot_590.xyz,32,10000,40.0,10000,all,590
0.174894,0.183323,0.0,0.9540210448225263,0.045978955177473746,snapshot_591.xyz,32,10000,40.0,10000,all,591
0.175488,0.183126,0.0,0.9582910127453229,0.04170898725467709,snapshot_592.xyz,32,10000,40.0,10000,all,592
0.175949,0.182863,0.0,0.962190273592799,0.03780972640720104,snapshot_593.xyz,32,10000,40.0,10000,all,593
0.174366,0.182272,0.0,0.9566252633426966,0.0433747366573034,snapshot_594.xyz,32,10000,40.0,10000,all,594
0.174696,0.182337,0.0,0.9580940785468665,0.04190592145313354,snapshot_595.xyz,32,10000,40.0,10000,all,595
0.17529,0.182403,0.0,0.9610039308564003,0.038996069143599654,snapshot_596.xyz,32,10000,40.0,10000,all,596
0.176081,0.182337,0.0,0.9656899038593373,0.034310096140662716,snapshot_597.xyz,32,10000,40.0,10000,all,597
0.172516,0.1826,0.0,0.944775465498357,0.055224534501643,snapshot_598.xyz,32,10000,40.0,10000,all,598
0.174498,0.182403,0.0,0.9566618970082728,0.043338102991727245,snapshot_599.xyz,32,10000,40.0,10000,all,599
0.17529,0.182206,0.0,0.9620429623612834,0.037957037638716606,snapshot_600.xyz,32,10000,40.0,10000,all,600
0.174828,0.181351,0.0,0.9640310778545472,0.035968922145452775,snapshot_601.xyz,32,10000,40.0,10000,all,601
0.174101,0.182995,0.0,0.9513975791688298,0.04860242083117017,snapshot_602.xyz,32,10000,40.0,10000,all,602
0.171657,0.181482,0.0,0.9458623995768175,0.0541376004231825,snapshot_603.xyz,32,10000,40.0,10000,all,603
0.173177,0.183455,0.0,0.9439753618053474,0.05602463819465264,snapshot_604.xyz,32,10000,40.0,10000,all,604
0.173771,0.1826,0.0,0.9516484118291347,0.04835158817086527,snapshot_605.xyz,32,10000,40.0,10000,all,605
0.17093,0.182337,0.0,0.9374400149174331,0.06255998508256688,snapshot_606.xyz,32,10000,40.0,10000,all,606
0.171789,0.182929,0.0,0.9391020559889356,0.06089794401106441,snapshot_607.xyz,32,10000,40.0,10000,all,607
0.173375,0.182929,0.0,0.9477720864379076,0.05222791356209244,snapshot_608.xyz,32,10000,40.0,10000,all,608
0.171855,0.18168,0.0,0.9459214002642008,0.054078599735799204,snapshot_609.xyz,32,10000,40.0,10000,all,609
0.171459,0.181614,0.0,0.9440847071261026,0.055915292873897404,snapshot_610.xyz,32,10000,40.0,10000,all,610
0.171591,0.182206,0.0,0.9417417648156482,0.0582582351843518,snapshot_611.xyz,32,10000,40.0,10000,all,611
0.171789,0.182535,0.0,0.9411290985290492,0.058870901470950754,snapshot_612.xyz,32,10000,40.0,10000,all,612
0.173243,0.182272,0.0,0.9504641415028091,0.04953585849719089,snapshot_613.xyz,32,10000,40.0,10000,all,613
0.174498,0.183586,0.0,0.9504973146100465,0.049502685389953505,snapshot_614.xyz,32,10000,40.0,10000,all,614
0.173309,0.183718,0.0,0.9433425140704775,0.056657485929522466,snapshot_615.xyz,32,10000,40.0,10000,all,615
0.172318,0.182535,0.0,0.9440271728709563,0.05597282712904372,snapshot_616.xyz,32,10000,40.0,10000,all,616
0.171921,0.1826,0.0,0.9415169769989046,0.058483023001095424,snapshot_617.xyz,32,10000,40.0,10000,all,617
0.173243,0.182666,0.0,0.9484140453067348,0.05158595469326521,snapshot_618.xyz,32,10000,40.0,10000,all,618
0.170268,0.182797,0.0,0.9314594878471748,0.0685405121528252,snapshot_619.xyz,32,10000,40.0,10000,all,619
0.171194,0.182009,0.0,0.9405798614354236,0.0594201385645764,snapshot_620.xyz,32,10000,40.0,10000,all,620
0.172847,0.182206,0.0,0.9486350614140039,0.05136493858599611,snapshot_621.xyz,32,10000,40.0,10000,all,621
0.172913,0.183389,0.0,0.942875526885473,0.05712447311452695,snapshot_622.xyz,32,10000,40.0,10000,all,622
0.172714,0.184309,0.0,0.9370893445246842,0.06291065547531582,snapshot_623.xyz,32,10000,40.0,10000,all,623
0.172781,0.183652,0.0,0.9408065253849671,0.05919347461503288,snapshot_624.xyz,32,10000,40.0,10000,all,624
0.172384,0.184046,0.0,0.9366354063658,0.0633645936342,snapshot_625.xyz,32,10000,40.0,10000,all,625
0.170665,0.182863,0.0,0.9332943241661791,0.06670567583382092,snapshot_626.xyz,32,10000,40.0,10000,all,626
0.173177,0.183258,0.0,0.9449901232142662,0.05500987678573377,snapshot_627.xyz,32,10000,40.0,10000,all,627
0.17126,0.182929,0.0,0.9362102236386795,0.06378977636132055,snapshot_628.xyz,32,10000,40.0,10000,all,628
0.172186,0.182732,0.0,0.9422870652102533,0.057712934789746706,snapshot_629.xyz,32,10000,40.0,10000,all,629
0.173375,0.18306,0.0,0.9470938490112532,0.05290615098874685,snapshot_630.xyz,32,10000,40.0,10000,all,630
0.172913,0.183192,0.0,0.9438894711559458,0.05611052884405421,snapshot_631.xyz,32,10000,40.0,10000,all,631
0.173375,0.183455,0.0,0.9450546455534055,0.05494535444659454,snapshot_632.xyz,32,10000,40.0,10000,all,632
0.171326,0.182403,0.0,0.9392718321518835,0.06072816784811652,snapshot_633.xyz,32,10000,40.0,10000,all,633
0.173507,0.183455,0.0,0.9457741680521108,0.054225831947889214,snapshot_634.xyz,32,10000,40.0,10000,all,634
0.172781,0.182863,0.0,0.9448658285164303,0.055134171483569694,snapshot_635.xyz,32,10000,40.0,10000,all,635
0.171657,0.18352,0.0,0.935358544027899,0.06464145597210103,snapshot_636.xyz,32,10000,40.0,10000,all,636
0.170863,0.182666,0.0,0.935384800674455,0.06461519932554505,snapshot_637.xyz,32,10000,40.0,10000,all,637
0.172384,0.18214,0.0,0.9464368068518723,0.05356319314812774,snapshot_638.xyz,32,10000,40.0,10000,all,638
0.170467,0.183258,0.0,0.930202228552096,0.069797771447904,snapshot_639.xyz,32,10000,40.0,10000,all,639
0.173309,0.184375,0.0,0.9399810169491525,0.06001898305084752,snapshot_640.xyz,32,10000,40.0,10000,all,640
0.171393,0.183192,0.0,0.935592165596751,0.06440783440324904,snapshot_641.xyz,32,10000,40.0,10000,all,641
0.172516,0.183915,0.0,0.9380202811081206,0.061979718891879365,snapshot_642.xyz,32,10000,40.0,10000,all,642
0.171855,0.181745,0.0,0.9455830971966217,0.0544169028033783,snapshot_643.xyz,32,10000,40.0,10000,all,643
0.172384,0.183783,0.0,0.9379757648966445,0.06202423510335553,snapshot_644.xyz,32,10000,40.0,10000,all,644
0.173441,0.183126,0.0,0.9471129167895329,0.05288708321046709,snapshot_645.xyz,32,10000,40.0,10000,all,645
0.173705,0.183718,0.0,0.9454979914869529,0.054502008513047095,snapshot_646.xyz,32,10000,40.0,10000,all,646
0.174101,0.182929,0.0,0.9517408393420398,0.04825916065796021,snapshot_647.xyz,32,10000,40.0,10000,all,647
0.172582,0.183455,0.0,0.9407320596331525,0.05926794036684746,snapshot_648.xyz,32,10000,40.0,10000,all,648
0.174101,0.18306,0.0,0.9510597618267235,0.04894023817327653,snapshot_649.xyz,32,10000,40.0,10000,all,649
0.173177,0.182469,0.0,0.9490762814505478,0.05092371854945221,snapshot_650.xyz,32,10000,40.0,10000,all,650
0.172054,0.182403,0.0,0.94326299457794,0.05673700542205995,snapshot_651.xyz,32,10000,40.0,10000,all,651
0.170731,0.183258,0.0,0.9316428205044254,0.06835717949557463,snapshot_652.xyz,32,10000,40.0,10000,all,652
0.171393,0.18306,0.0,0.9362667977712225,0.06373320222877754,snapshot_653.xyz,32,10000,40.0,10000,all,653
0.172318,0.181285,0.0,0.9505364481341534,0.04946355186584661,snapshot_654.xyz,32,10000,40.0,10000,all,654
0.171789,0.182666,0.0,0.940454162241468,0.05954583775853195,snapshot_655.xyz,32,10000,40.0,10000,all,655
0.172781,0.183389,0.0,0.9421557454372944,0.05784425456270559,snapshot_656.xyz,32,10000,40.0,10000,all,656
0.172714,0.183258,0.0,0.9424636305099914,0.05753636949000862,snapshot_657.xyz,32,10000,40.0,10000,all,657
0.171525,0.182206,0.0,0.9413795374466264,0.05862046255337361,snapshot_658.xyz,32,10000,40.0,10000,all,658
0.171987,0.182797,0.0,0.9408633620901875,0.059136637909812495,snapshot_659.xyz,32,10000,40.0,10000,all,659
0.172252,0.183126,0.0,0.9406201194805761,0.05937988051942389,snapshot_660.xyz,32,10000,40.0,10000,all,660
0.171789,0.183323,0.0,0.9370837265373139,0.06291627346268613,snapshot_661.xyz,32,10000,40.0,10000,all,661
0.173045,0.182337,0.0,0.9490394160263688,0.050960583973631235,snapshot_662.xyz,32,10000,40.0,10000,all,662
0.171326,0.182272,0.0,0.9399468925561799,0.060053107443820086,snapshot_663.xyz,32,10000,40.0,10000,all,663
0.171326,0.182666,0.0,0.9379194814579616,0.06208051854203844,snapshot_664.xyz,32,10000,40.0,10000,all,664
0.171657,0.181745,0.0,0.9444936586976259,0.055506341302374085,snapshot_665.xyz,32,10000,40.0,10000,all,665
0.17126,0.183126,0.0,0.9352030842152397,0.06479691578476032,snapshot_666.xyz,32,10000,40.0,10000,all,666
0.171855,0.181943,0.0,0.9445540636353145,0.05544593636468553,snapshot_667.xyz,32,10000,40.0,10000,all,667
0.172648,0.184243,0.0,0.9370668085083287,0.06293319149167131,snapshot_668.xyz,32,10000,40.0,10000,all,668
0.171062,0.181745,0.0,0.9412198409859969,0.05878015901400313,snapshot_669.xyz,32,10000,40.0,10000,all,669
0.173375,0.183718,0.0,0.9437017603065568,0.056298239693443164,snapshot_670.xyz,32,10000,40.0,10000,all,670
0.172847,0.18306,0.0,0.9442095487818202,0.055790451218179826,snapshot_671.xyz,32,10000,40.0,10000,all,671
0.171921,0.183586,0.0,0.9364602965367729,0.06353970346322713,snapshot_672.xyz,32,10000,40.0,10000,all,672
0.172913,0.184177,0.0,0.9388414405707554,0.06115855942924464,snapshot_673.xyz,32,10000,40.0,10000,all,673
0.172186,0.181943,0.0,0.9463733147194452,0.05362668528055481,snapshot_674.xyz,32,10000,40.0,10000,all,674
0.171657,0.182009,0.0,0.943123691685576,0.05687630831442403,snapshot_675.xyz,32,10000,40.0,10000,all,675
0.17126,0.181745,0.0,0.9423092794849928,0.05769072051500723,snapshot_676.xyz,32,10000,40.0,10000,all,676
0.173243,0.183455,0.0,0.9443351230547,0.05566487694529998,snapshot_677.xyz,32,10000,40.0,10000,all,677
0.171591,0.181417,0.0,0.9458374904226174,0.054162509577382556,snapshot_678.xyz,32,10000,40.0,10000,all,678
0.171326,0.18089,0.0,0.947128088893803,0.052871911106197045,snapshot_679.xyz,32,10000,40.0,10000,all,679
0.172781,0.183126,0.0,0.9435088409073533,0.05649115909264668,snapshot_680.xyz,32,10000,40.0,10000,all,680
0.172318,0.182206,0.0,0.9457317541683589,0.05426824583164114,snapshot_681.xyz,32,10000,40.0,10000,all,681
0.171921,0.182929,0.0,0.9398236474260504,0.0601763525739496,snapshot_682.xyz,32,10000,40.0,10000,all,682
0.173573,0.182995,0.0,0.9485122544331813,0.05148774556681868,snapshot_683.xyz,32,10000,40.0,10000,all,683
0.172648,0.18214,0.0,0.9478862413528055,0.052113758647194475,snapshot_684.xyz,32,10000,40.0,10000,all,684
0.17126,0.183192,0.0,0.9348661513603215,0.06513384863967853,snapshot_685.xyz,32,10000,40.0,10000,all,685
0.172714,0.18214,0.0,0.9482485999780389,0.0517514000219611,snapshot_686.xyz,32,10000,40.0,10000,all,686
0.170004,0.182337,0.0,0.9323615064413695,0.0676384935586305,snapshot_687.xyz,32,10000,40.0,10000,all,687
0.172384,0.184243,0.0,0.9356339182492688,0.06436608175073122,snapshot_688.xyz,32,10000,40.0,10000,all,688
0.171194,0.182863,0.0,0.9361872002537419,0.06381279974625809,snapshot_689.xyz,32,10000,40.0,10000,all,689
0.172582,0.182403,0.0,0.9461576838100251,0.053842316189974926,snapshot_690.xyz,32,10000,40.0,10000,all,690
0.172384,0.183652,0.0,0.938644828262148,0.06135517173785199,snapshot_691.xyz,32,10000,40.0,10000,all,691
0.174035,0.183915,0.0,0.9462795313052225,0.053720468694777535,snapshot_692.xyz,32,10000,40.0,10000,all,692
0.171855,0.182337,0.0,0.9425130390430906,0.057486960956909416,snapshot_693.xyz,32,10000,40.0,10000,all,693
0.173045,0.182929,0.0,0.9459681078451202,0.0540318921548798,snapshot_694.xyz,32,10000,40.0,10000,all,694
0.173111,0.184834,0.0,0.9365755218195786,0.0634244781804214,snapshot_695.xyz,32,10000,40.0,10000,all,695
0.171459,0.181351,0.0,0.9454538436512618,0.05454615634873816,snapshot_696.xyz,32,10000,40.0,10000,all,696
0.171525,0.181811,0.0,0.9434247652782285,0.056575234721771506,snapshot_697.xyz,32,10000,40.0,10000,all,697
0.170996,0.182469,0.0,0.9371235661948057,0.06287643380519425,snapshot_698.xyz,32,10000,40.0,10000,all,698
0.173507,0.184243,0.0,0.9417291294648915,0.05827087053510849,snapshot_699.xyz,32,10000,40.0,10000,all,699
0.171855,0.181811,0.0,0.9452398369735605,0.05476016302643949,snapshot_700.xyz,32,10000,40.0,10000,all,700
0.171194,0.182863,0.0,0.9361872002537419,0.06381279974625809,snapshot_701.xyz,32,10000,40.0,10000,all,701
0.16815,0.182337,0.0,0.9221935207884302,0.0778064792115698,snapshot_702.xyz,32,10000,40.0,10000,all,702
0.163309,0.182009,0.0,0.897257827909609,0.10274217209039105,snapshot_703.xyz,32,10000,40.0,10000,all,703
0.160318,0.183323,0.0,0.8745111088079509,0.1254888911920491,snapshot_704.xyz,32,10000,40.0,10000,all,704
0.155655,0.183389,0.0,0.8487695554258979,0.15123044457410206,snapshot_705.xyz,32,10000,40.0,10000,all,705
0.156322,0.184637,0.0,0.8466450386433921,0.15335496135660787,snapshot_706.xyz,32,10000,40.0,10000,all,706
0.156789,0.184375,0.0,0.8503810169491526,0.14961898305084742,snapshot_707.xyz,32,10000,40.0,10000,all,707
0.152852,0.1826,0.0,0.8370865279299013,0.16291347207009865,snapshot_708.xyz,32,10000,40.0,10000,all,708
0.152719,0.184375,0.0,0.828306440677966,0.171693559322034,snapshot_709.xyz,32,10000,40.0,10000,all,709
0.149576,0.182797,0.0,0.8182628817759591,0.18173711822404093,snapshot_710.xyz,32,10000,40.0,10000,all,710
0.14817,0.18306,0.0,0.809406751884628,0.19059324811537204,snapshot_711.xyz,32,10000,40.0,10000,all,711
0.146092,0.18398,0.0,0.7940645722361126,0.2059354277638874,snapshot_712.xyz,32,10000,40.0,10000,all,712
0.143877,0.18214,0.0,0.7899253321620732,0.21007466783792683,snapshot_713.xyz,32,10000,40.0,10000,all,713
0.141995,0.18352,0.0,0.7737303836094159,0.22626961639058407,snapshot_714.xyz,32,10000,40.0,10000,all,714
0.143474,0.18306,0.0,0.7837539604501256,0.21624603954987442,snapshot_715.xyz,32,10000,40.0,10000,all,715
0.140986,0.183126,0.0,0.7698852156438736,0.23011478435612642,snapshot_716.xyz,32,10000,40.0,10000,all,716
0.141726,0.183323,0.0,0.7730944835072521,0.22690551649274793,snapshot_717.xyz,32,10000,40.0,10000,all,717
0.139169,0.182666,0.0,0.7618768681637523,0.23812313183624767,snapshot_718.xyz,32,10000,40.0,10000,all,718
0.13863,0.182272,0.0,0.7605666257022472,0.2394333742977528,snapshot_719.xyz,32,10000,40.0,10000,all,719
0.137753,0.183586,0.0,0.7503458869412699,0.2496541130587301,snapshot_720.xyz,32,10000,40.0,10000,all,720
0.136404,0.183849,0.0,0.7419349574922898,0.25806504250771023,snapshot_721.xyz,32,10000,40.0,10000,all,721
0.136,0.183192,0.0,0.7423904974016333,0.2576095025983667,snapshot_722.xyz,32,10000,40.0,10000,all,722
0.136607,0.181285,0.0,0.7535482803320739,0.24645171966792612,snapshot_723.xyz,32,10000,40.0,10000,all,723
0.13573,0.184243,0.0,0.7366901320538636,0.2633098679461364,snapshot_724.xyz,32,10000,40.0,10000,all,724
0.134581,0.185556,0.0,0.7252850891375111,0.2747149108624889,snapshot_725.xyz,32,10000,40.0,10000,all,725
0.135459,0.1826,0.0,0.7418346111719605,0.2581653888280395,snapshot_726.xyz,32,10000,40.0,10000,all,726
0.134108,0.181745,0.0,0.737891001127954,0.262108998872046,snapshot_727.xyz,32,10000,40.0,10000,all,727
0.131267,0.182535,0.0,0.7191333168981291,0.2808666831018709,snapshot_728.xyz,32,10000,40.0,10000,all,728
0.131471,0.182995,0.0,0.7184403945462992,0.28155960545370085,snapshot_729.xyz,32,10000,40.0,10000,all,729
0.134717,0.183126,0.0,0.7356519554842021,0.26434804451579785,snapshot_730.xyz,32,10000,40.0,10000,all,730
0.135189,0.181877,0.0,0.7432990427596672,0.2567009572403328,snapshot_731.xyz,32,10000,40.0,10000,all,731
0.134717,0.183652,0.0,0.733544965478187,0.26645503452181296,snapshot_732.xyz,32,10000,40.0,10000,all,732
0.13208,0.183323,0.0,0.7204769723384409,0.2795230276615591,snapshot_733.xyz,32,10000,40.0,10000,all,733
0.133433,0.183126,0.0,0.7286403896770529,0.2713596103229471,snapshot_734.xyz,32,10000,40.0,10000,all,734
0.130658,0.182272,0.0,0.7168297928370787,0.2831702071629213,snapshot_735.xyz,32,10000,40.0,10000,all,735
0.131064,0.182929,0.0,0.7164746978335857,0.28352530216641425,snapshot_736.xyz,32,10000,40.0,10000,all,736
0.132824,0.183652,0.0,0.7232374273081698,0.27676257269183024,snapshot_737.xyz,32,10000,40.0,10000,all,737
0.130184,0.183455,0.0,0.7096236134201848,0.29037638657981524,snapshot_738.xyz,32,10000,40.0,10000,all,738
0.12937,0.182732,0.0,0.7079767090602632,0.2920232909397368,snapshot_739.xyz,32,10000,40.0,10000,all,739
0.130726,0.183652,0.0,0.7118136475508026,0.28818635244919744,snapshot_740.xyz,32,10000,40.0,10000,all,740
0.130251,0.18306,0.0,0.7115208128482465,0.28847918715175347,snapshot_741.xyz,32,10000,40.0,10000,all,741
0.130522,0.184177,0.0,0.7086769792102162,0.2913230207897838,snapshot_742.xyz,32,10000,40.0,10000,all,742
0.130048,0.181943,0.0,0.7147733081239729,0.2852266918760271,snapshot_743.xyz,32,10000,40.0,10000,all,743
0.130861,0.18306,0.0,0.7148530536436142,0.2851469463563858,snapshot_744.xyz,32,10000,40.0,10000,all,744
0.13208,0.183718,0.0,0.7189279221415431,0.2810720778584569,snapshot_745.xyz,32,10000,40.0,10000,all,745
0.128353,0.182403,0.0,0.7036781193291777,0.2963218806708223,snapshot_746.xyz,32,10000,40.0,10000,all,746
0.128082,0.182337,0.0,0.7024465687161684,0.2975534312838316,snapshot_747.xyz,32,10000,40.0,10000,all,747
0.127607,0.182403,0.0,0.6995882743156636,0.3004117256843364,snapshot_748.xyz,32,10000,40.0,10000,all,748
0.128828,0.183323,0.0,0.7027377906754744,0.29726220932452563,snapshot_749.xyz,32,10000,40.0,10000,all,749
0.129845,0.182929,0.0,0.709810910243865,0.290189089756135,snapshot_750.xyz,32,10000,40.0,10000,all,750
0.128624,0.182403,0.0,0.7051638405070091,0.2948361594929909,snapshot_751.xyz,32,10000,40.0,10000,all,751
0.128828,0.1826,0.0,0.7055202628696604,0.2944797371303396,snapshot_752.xyz,32,10000,40.0,10000,all,752
0.130251,0.183652,0.0,0.709227234116699,0.29077276588330103,snapshot_753.xyz,32,10000,40.0,10000,all,753
0.131335,0.183323,0.0,0.7164131069205719,0.2835868930794281,snapshot_754.xyz,32,10000,40.0,10000,all,754
0.129438,0.184177,0.0,0.7027913365946887,0.29720866340531127,snapshot_755.xyz,32,10000,40.0,10000,all,755
0.131674,0.183323,0.0,0.718262302057025,0.281737697942975,snapshot_756.xyz,32,10000,40.0,10000,all,756
0.129913,0.182995,0.0,0.7099265007240635,0.2900734992759365,snapshot_757.xyz,32,10000,40.0,10000,all,757
0.132418,0.18444,0.0,0.7179462155714597,0.28205378442854034,snapshot_758.xyz,32,10000,40.0,10000,all,758
0.13059,0.183455,0.0,0.711836690196506,0.288163309803494,snapshot_759.xyz,32,10000,40.0,10000,all,759
0.130116,0.182403,0.0,0.7133435305340373,0.2866564694659627,snapshot_760.xyz,32,10000,40.0,10000,all,760
0.132486,0.182929,0.0,0.7242482055879603,0.2757517944120397,snapshot_761.xyz,32,10000,40.0,10000,all,761
0.12815,0.182666,0.0,0.7015536553053113,0.29844634469468867,snapshot_762.xyz,32,10000,40.0,10000,all,762
0.129235,0.183126,0.0,0.7057162827779779,0.29428371722202207,snapshot_763.xyz,32,10000,40.0,10000,all,763
0.127607,0.182403,0.0,0.6995882743156636,0.3004117256843364,snapshot_764.xyz,32,10000,40.0,10000,all,764
0.127335,0.182272,0.0,0.6985987974016854,0.3014012025983146,snapshot_765.xyz,32,10000,40.0,10000,all,765
0.12815,0.182337,0.0,0.7028195045437843,0.2971804954562157,snapshot_766.xyz,32,10000,40.0,10000,all,766
0.131335,0.184637,0.0,0.7113146335783186,0.2886853664216814,snapshot_767.xyz,32,10000,40.0,10000,all,767
0.130184,0.18214,0.0,0.7147468979905567,0.2852531020094433,snapshot_768.xyz,32,10000,40.0,10000,all,768
0.130319,0.182666,0.0,0.7134277862327965,0.28657221376720354,snapshot_769.xyz,32,10000,40.0,10000,all,769
0.129167,0.182403,0.0,0.7081407652286421,0.2918592347713579,snapshot_770.xyz,32,10000,40.0,10000,all,770
0.129099,0.183849,0.0,0.7022012629929996,0.29779873700700044,snapshot_771.xyz,32,10000,40.0,10000,all,771
0.127471,0.182797,0.0,0.6973363895468745,0.3026636104531255,snapshot_772.xyz,32,10000,40.0,10000,all,772
0.129167,0.183849,0.0,0.7025711317439856,0.29742886825601444,snapshot_773.xyz,32,10000,40.0,10000,all,773
0.130658,0.182797,0.0,0.7147710301591383,0.28522896984086166,snapshot_774.xyz,32,10000,40.0,10000,all,774
0.129303,0.182009,0.0,0.7104209132515426,0.28957908674845745,snapshot_775.xyz,32,10000,40.0,10000,all,775
0.12998,0.182074,0.0,0.7138855630128409,0.2861144369871591,snapshot_776.xyz,32,10000,40.0,10000,all,776
0.128285,0.183718,0.0,0.6982712635669887,0.30172873643301135,snapshot_777.xyz,32,10000,40.0,10000,all,777
0.128421,0.1826,0.0,0.7032913472070098,0.2967086527929902,snapshot_778.xyz,32,10000,40.0,10000,all,778
0.129099,0.182272,0.0,0.708276641502809,0.291723358497191,snapshot_779.xyz,32,10000,40.0,10000,all,779
0.128557,0.181877,0.0,0.7068348389296063,0.2931651610703937,snapshot_780.xyz,32,10000,40.0,10000,all,780
0.130861,0.184834,0.0,0.7079920360972549,0.2920079639027451,snapshot_781.xyz,32,10000,40.0,10000,all,781
0.130522,0.1826,0.0,0.7147973713033954,0.2852026286966046,snapshot_782.xyz,32,10000,40.0,10000,all,782
0.130184,0.184572,0.0,0.7053290856684653,0.2946709143315347,snapshot_783.xyz,32,10000,40.0,10000,all,783
0.129709,0.182929,0.0,0.7090674523995648,0.2909325476004352,snapshot_784.xyz,32,10000,40.0,10000,all,784
0.129709,0.181614,0.0,0.7142015483387845,0.28579845166121554,snapshot_785.xyz,32,10000,40.0,10000,all,785
0.12998,0.18398,0.0,0.7064898358517231,0.2935101641482769,snapshot_786.xyz,32,10000,40.0,10000,all,786
0.129845,0.18306,0.0,0.709302960777887,0.290697039222113,snapshot_787.xyz,32,10000,40.0,10000,all,787
0.129438,0.182797,0.0,0.7080969600157552,0.2919030399842448,snapshot_788.xyz,32,10000,40.0,10000,all,788
0.130726,0.182337,0.0,0.7169471911899395,0.28305280881006045,snapshot_789.xyz,32,10000,40.0,10000,all,789
0.130455,0.183718,0.0,0.7100828443592897,0.2899171556407103,snapshot_790.xyz,32,10000,40.0,10000,all,790
0.129845,0.181745,0.0,0.7144350601116949,0.2855649398883051,snapshot_791.xyz,32,10000,40.0,10000,all,791
0.1312,0.182009,0.0,0.7208434747732255,0.2791565252267745,snapshot_792.xyz,32,10000,40.0,10000,all,792
0.130319,0.182469,0.0,0.7141980281582077,0.28580197184179235,snapshot_793.xyz,32,10000,40.0,10000,all,793
0.131064,0.183783,0.0,0.7131453942965346,0.28685460570346544,snapshot_794.xyz,32,10000,40.0,10000,all,794
0.12998,0.182995,0.0,0.7102926309462008,0.28970736905379924,snapshot_795.xyz,32,10000,40.0,10000,all,795
0.129913,0.183718,0.0,0.7071326707236091,0.2928673292763909,snapshot_796.xyz,32,10000,40.0,10000,all,796
0.130387,0.182206,0.0,0.7156021206765968,0.2843978793234032,snapshot_797.xyz,32,10000,40.0,10000,all,797
0.130861,0.181482,0.0,0.7210687561300846,0.2789312438699154,snapshot_798.xyz,32,10000,40.0,10000,all,798
0.131267,0.183455,0.0,0.7155269684663813,0.2844730315336187,snapshot_799.xyz,32,10000,40.0,10000,all,799
0.13059,0.183783,0.0,0.7105662656502506,0.2894337343497494,snapshot_800.xyz,32,10000,40.0,10000,all,800
0.1312,0.182666,0.0,0.7182507965357539,0.28174920346424615,snapshot_801.xyz,32,10000,40.0,10000,all,801
0.120803,0.181877,0.0,0.6642016307724451,0.3357983692275549,snapshot_802.xyz,32,10000,40.0,10000,all,802
0.102535,0.177532,0.0,0.5775578487258636,0.4224421512741364,snapshot_803.xyz,32,10000,40.0,10000,all,803
0.100874,0.178059,0.0,0.5665200860388973,0.43347991396110275,snapshot_804.xyz,32,10000,40.0,10000,all,804
0.0993491,0.177729,0.0,0.5589920609467223,0.44100793905327773,snapshot_805.xyz,32,10000,40.0,10000,all,805
0.0999039,0.177202,0.0,0.5637853974560106,0.43621460254398936,snapshot_806.xyz,32,10000,40.0,10000,all,806
0.0973358,0.178125,0.0,0.5464465964912281,0.45355340350877194,snapshot_807.xyz,32,10000,40.0,10000,all,807
0.099141,0.178257,0.0,0.5561689022029991,0.4438310977970009,snapshot_808.xyz,32,10000,40.0,10000,all,808
0.0968493,0.175949,0.0,0.5504396160250982,0.44956038397490183,snapshot_809.xyz,32,10000,40.0,10000,all,809
0.0962235,0.176279,0.0,0.5458591210524226,0.4541408789475774,snapshot_810.xyz,32,10000,40.0,10000,all,810
0.0971968,0.177598,0.0,0.5472854424036306,0.45271455759636936,snapshot_811.xyz,32,10000,40.0,10000,all,811
0.0969883,0.17885,0.0,0.5422885099245177,0.4577114900754823,snapshot_812.xyz,32,10000,40.0,10000,all,812
0.0958061,0.176807,0.0,0.5418682518226089,0.4581317481773911,snapshot_813.xyz,32,10000,40.0,10000,all,813
0.0955277,0.176213,0.0,0.5421149404413975,0.4578850595586025,snapshot_814.xyz,32,10000,40.0,10000,all,814
0.0966407,0.176477,0.0,0.5476107368098959,0.4523892631901041,snapshot_815.xyz,32,10000,40.0,10000,all,815
0.0980304,0.178784,0.0,0.5483175228208341,0.4516824771791659,snapshot_816.xyz,32,10000,40.0,10000,all,816
0.0961539,0.178059,0.0,0.5400114568766533,0.4599885431233467,snapshot_817.xyz,32,10000,40.0,10000,all,817
0.0969883,0.177927,0.0,0.5451016428085675,0.45489835719143246,snapshot_818.xyz,32,10000,40.0,10000,all,818
0.0967797,0.17707,0.0,0.5465618117128819,0.4534381882871181,snapshot_819.xyz,32,10000,40.0,10000,all,819
0.0971968,0.178191,0.0,0.5454641367970324,0.45453586320296757,snapshot_820.xyz,32,10000,40.0,10000,all,820
0.0971968,0.176807,0.0,0.5497338906265024,0.45026610937349765,snapshot_821.xyz,32,10000,40.0,10000,all,821
0.0966407,0.177004,0.0,0.5459803168289982,0.45401968317100183,snapshot_822.xyz,32,10000,40.0,10000,all,822
0.0958061,0.178191,0.0,0.5376595899905159,0.4623404100094841,snapshot_823.xyz,32,10000,40.0,10000,all,823
0.0969188,0.17707,0.0,0.5473473767436606,0.45265262325633937,snapshot_824.xyz,32,10000,40.0,10000,all,824
0.0974747,0.178323,0.0,0.5466187760412285,0.45338122395877145,snapshot_825.xyz,32,10000,40.0,10000,all,825
0.0976137,0.177598,0.0,0.5496328787486345,0.45036712125136547,snapshot_826.xyz,32,10000,40.0,10000,all,826
0.0965016,0.177993,0.0,0.5421651413257825,0.45783485867421747,snapshot_827.xyz,32,10000,40.0,10000,all,827
0.0963626,0.176873,0.0,0.5448123795039379,0.4551876204960621,snapshot_828.xyz,32,10000,40.0,10000,all,828
0.0953885,0.177268,0.0,0.5381033237809418,0.46189667621905817,snapshot_829.xyz,32,10000,40.0,10000,all,829
0.0953885,0.176147,0.0,0.5415278148364718,0.45847218516352817,snapshot_830.xyz,32,10000,40.0,10000,all,830
0.0963626,0.176543,0.0,0.5458307607778276,0.45416923922217245,snapshot_831.xyz,32,10000,40.0,10000,all,831
0.0967102,0.177532,0.0,0.5447479890949237,0.4552520109050763,snapshot_832.xyz,32,10000,40.0,10000,all,832
0.0946922,0.176675,0.0,0.5359683033819159,0.4640316966180841,snapshot_833.xyz,32,10000,40.0,10000,all,833
0.0964321,0.177664,0.0,0.5427779403818445,0.45722205961815554,snapshot_834.xyz,32,10000,40.0,10000,all,834
0.0948315,0.176477,0.0,0.5373589759572069,0.46264102404279306,snapshot_835.xyz,32,10000,40.0,10000,all,835
0.0954581,0.1774,0.0,0.5380952649379932,0.4619047350620068,snapshot_836.xyz,32,10000,40.0,10000,all,836
0.0951797,0.176477,0.0,0.5393320376026338,0.4606679623973662,snapshot_837.xyz,32,10000,40.0,10000,all,837
0.0950404,0.176609,0.0,0.538140185381266,0.46185981461873404,snapshot_838.xyz,32,10000,40.0,10000,all,838
0.0959452,0.178323,0.0,0.5380416435344851,0.46195835646551486,snapshot_839.xyz,32,10000,40.0,10000,all,839
0.096293,0.175619,0.0,0.548306276655715,0.45169372334428504,snapshot_840.xyz,32,10000,40.0,10000,all,840
0.0947619,0.176147,0.0,0.5379705586811016,0.46202944131889845,snapshot_841.xyz,32,10000,40.0,10000,all,841
0.0956669,0.177795,0.0,0.5380741865631766,0.4619258134368234,snapshot_842.xyz,32,10000,40.0,10000,all,842
0.0947619,0.176081,0.0,0.5381722048375464,0.46182779516245365,snapshot_843.xyz,32,10000,40.0,10000,all,843
0.0951797,0.1774,0.0,0.5365259301014657,0.46347406989853435,snapshot_844.xyz,32,10000,40.0,10000,all,844
0.0939258,0.177334,0.0,0.5296547757339258,0.47034522426607417,snapshot_845.xyz,32,10000,40.0,10000,all,845
0.0948315,0.1774,0.0,0.5345631341600902,0.46543686583990984,snapshot_846.xyz,32,10000,40.0,10000,all,846
0.0953189,0.176213,0.0,0.5409300108391548,0.4590699891608452,snapshot_847.xyz,32,10000,40.0,10000,all,847
0.0960148,0.176938,0.0,0.5426465767670031,0.4573534232329969,snapshot_848.xyz,32,10000,40.0,10000,all,848
0.0961539,0.177334,0.0,0.5422192021834504,0.45778079781654957,snapshot_849.xyz,32,10000,40.0,10000,all,849
0.0959452,0.177795,0.0,0.5396394724261087,0.46036052757389134,snapshot_850.xyz,32,10000,40.0,10000,all,850
0.0957365,0.175883,0.0,0.5443192349459584,0.45568076505404165,snapshot_851.xyz,32,10000,40.0,10000,all,851
0.0960148,0.178388,0.0,0.5382357557683253,0.4617642442316747,snapshot_852.xyz,32,10000,40.0,10000,all,852
0.0953189,0.176147,0.0,0.541132690309798,0.45886730969020195,snapshot_853.xyz,32,10000,40.0,10000,all,853
0.09511,0.178586,0.0,0.5325725420805663,0.46742745791943374,snapshot_854.xyz,32,10000,40.0,10000,all,854
0.0946922,0.178059,0.0,0.5318023801099636,0.4681976198900364,snapshot_855.xyz,32,10000,40.0,10000,all,855
0.0958756,0.177202,0.0,0.5410525840566134,0.4589474159433866,snapshot_856.xyz,32,10000,40.0,10000,all,856
0.0965016,0.178718,0.0,0.5399657561073872,0.4600342438926128,snapshot_857.xyz,32,10000,40.0,10000,all,857
0.0960148,0.176147,0.0,0.5450833678688822,0.45491663213111777,snapshot_858.xyz,32,10000,40.0,10000,all,858
0.0948315,0.176609,0.0,0.5369573464545975,0.4630426535454025,snapshot_859.xyz,32,10000,40.0,10000,all,859
0.0956669,0.178191,0.0,0.5368784057556218,0.46312159424437815,snapshot_860.xyz,32,10000,40.0,10000,all,860
0.0953189,0.177004,0.0,0.5385126889787801,0.46148731102121987,snapshot_861.xyz,32,10000,40.0,10000,all,861
0.0942742,0.176938,0.0,0.5328092326125535,0.46719076738744647,snapshot_862.xyz,32,10000,40.0,10000,all,862
0.0954581,0.176741,0.0,0.540101617621265,0.45989838237873504,snapshot_863.xyz,32,10000,40.0,10000,all,863
0.0971273,0.177334,0.0,0.5477082792921831,0.45229172070781687,snapshot_864.xyz,32,10000,40.0,10000,all,864
0.0951797,0.177268,0.0,0.5369254462170273,0.4630745537829727,snapshot_865.xyz,32,10000,40.0,10000,all,865
0.0963626,0.177202,0.0,0.5438008600354398,0.4561991399645602,snapshot_866.xyz,32,10000,40.0,10000,all,866
0.0957365,0.178257,0.0,0.5370700729845111,0.46292992701548885,snapshot_867.xyz,32,10000,40.0,10000,all,867
0.0969883,0.177466,0.0,0.5465176428160887,0.4534823571839113,snapshot_868.xyz,32,10000,40.0,10000,all,868
0.0953189,0.176477,0.0,0.5401208089439417,0.45987919105605835,snapshot_869.xyz,32,10000,40.0,10000,all,869
0.0955973,0.177861,0.0,0.5374832031755135,0.46251679682448654,snapshot_870.xyz,32,10000,40.0,10000,all,870
0.0945529,0.176873,0.0,0.5345807443759081,0.4654192556240919,snapshot_871.xyz,32,10000,40.0,10000,all,871
0.0957365,0.177136,0.0,0.5404689052479451,0.4595310947520549,snapshot_872.xyz,32,10000,40.0,10000,all,872
0.0956669,0.176081,0.0,0.5433118848711673,0.4566881151288327,snapshot_873.xyz,32,10000,40.0,10000,all,873
0.0957365,0.176938,0.0,0.5410737094349433,0.45892629056505674,snapshot_874.xyz,32,10000,40.0,10000,all,874
0.0935773,0.176081,0.0,0.5314446192377372,0.4685553807622628,snapshot_875.xyz,32,10000,40.0,10000,all,875
0.0967102,0.178191,0.0,0.5427333591483297,0.45726664085167035,snapshot_876.xyz,32,10000,40.0,10000,all,876
0.0965016,0.178454,0.0,0.540764566779114,0.459235433220886,snapshot_877.xyz,32,10000,40.0,10000,all,877
0.0955277,0.1774,0.0,0.5384875986471251,0.46151240135287486,snapshot_878.xyz,32,10000,40.0,10000,all,878
0.0951797,0.178323,0.0,0.5337488714299333,0.4662511285700667,snapshot_879.xyz,32,10000,40.0,10000,all,879
0.0955973,0.17529,0.0,0.5453665354555308,0.4546334645444692,snapshot_880.xyz,32,10000,40.0,10000,all,880
0.09511,0.176213,0.0,0.5397445137418919,0.4602554862581081,snapshot_881.xyz,32,10000,40.0,10000,all,881
0.0957365,0.177004,0.0,0.5408719576958713,0.45912804230412874,snapshot_882.xyz,32,10000,40.0,10000,all,882
0.0946226,0.176873,0.0,0.5349748124360417,0.4650251875639583,snapshot_883.xyz,32,10000,40.0,10000,all,883
0.09511,0.176675,0.0,0.5383330974954011,0.46166690250459885,snapshot_884.xyz,32,10000,40.0,10000,all,884
0.0953885,0.177004,0.0,0.5389059004316287,0.46109409956837133,snapshot_885.xyz,32,10000,40.0,10000,all,885
0.0961539,0.177004,0.0,0.5432300964949944,0.45676990350500557,snapshot_886.xyz,32,10000,40.0,10000,all,886
0.0950404,0.177729,0.0,0.5347489717491236,0.4652510282508764,snapshot_887.xyz,32,10000,40.0,10000,all,887
0.0949708,0.177532,0.0,0.5349503188157628,0.4650496811842372,snapshot_888.xyz,32,10000,40.0,10000,all,888
0.0940652,0.176477,0.0,0.5330167670574636,0.4669832329425364,snapshot_889.xyz,32,10000,40.0,10000,all,889
0.0957365,0.177861,0.0,0.5382658368051456,0.4617341631948544,snapshot_890.xyz,32,10000,40.0,10000,all,890
0.0962235,0.177729,0.0,0.5414057356987324,0.4585942643012676,snapshot_891.xyz,32,10000,40.0,10000,all,891
0.0964321,0.176873,0.0,0.545205316809236,0.454794683190764,snapshot_892.xyz,32,10000,40.0,10000,all,892
0.0955973,0.177729,0.0,0.5378823939818488,0.4621176060181512,snapshot_893.xyz,32,10000,40.0,10000,all,893
0.0951797,0.178586,0.0,0.532962830233053,0.467037169766947,snapshot_894.xyz,32,10000,40.0,10000,all,894
0.0940652,0.176543,0.0,0.5328175005522734,0.4671824994477266,snapshot_895.xyz,32,10000,40.0,10000,all,895
0.0952493,0.176938,0.0,0.5383202025568278,0.4616797974431722,snapshot_896.xyz,32,10000,40.0,10000,all,896
0.0953189,0.1774,0.0,0.5373105975197294,0.4626894024802706,snapshot_897.xyz,32,10000,40.0,10000,all,897
0.0955973,0.176477,0.0,0.5416983516265576,0.45830164837344245,snapshot_898.xyz,32,10000,40.0,10000,all,898
0.0960148,0.177664,0.0,0.5404291246397694,0.45957087536023056,snapshot_899.xyz,32,10000,40.0,10000,all,899
0.0960148,0.1774,0.0,0.5412333709131905,0.45876662908680954,snapshot_900.xyz,32,10000,40.0,10000,all,900
0.0946922,0.177136,0.0,0.5345734351007136,0.46542656489928635,snapshot_901.xyz,32,10000,40.0,10000,all,901
0.0868633,0.170004,0.0,0.5109485659160962,0.48905143408390384,snapshot_902.xyz,32,10000,40.0,10000,all,902
0.086021,0.169474,0.0,0.5075763833980433,0.49242361660195666,snapshot_903.xyz,32,10000,40.0,10000,all,903
0.0848266,0.169342,0.0,0.5009188506100082,0.4990811493899918,snapshot_904.xyz,32,10000,40.0,10000,all,904
0.0858103,0.168349,0.0,0.509716719434033,0.49028328056596704,snapshot_905.xyz,32,10000,40.0,10000,all,905
0.085178,0.169739,0.0,0.5018174962736908,0.49818250372630923,snapshot_906.xyz,32,10000,40.0,10000,all,906
0.085178,0.169606,0.0,0.5022110066860842,0.4977889933139158,snapshot_907.xyz,32,10000,40.0,10000,all,907
0.0846156,0.169606,0.0,0.4988950862587408,0.5011049137412592,snapshot_908.xyz,32,10000,40.0,10000,all,908
0.0865124,0.169342,0.0,0.5108738529130399,0.4891261470869601,snapshot_909.xyz,32,10000,40.0,10000,all,909
0.0865124,0.169077,0.0,0.5116745624774511,0.48832543752254887,snapshot_910.xyz,32,10000,40.0,10000,all,910
0.0848969,0.169276,0.0,0.5015294548547933,0.4984705451452067,snapshot_911.xyz,32,10000,40.0,10000,all,911
0.0852483,0.169276,0.0,0.5036053545688698,0.4963946454311302,snapshot_912.xyz,32,10000,40.0,10000,all,912
0.0853888,0.169871,0.0,0.5026684955054129,0.4973315044945871,snapshot_913.xyz,32,10000,40.0,10000,all,913
0.0846859,0.169408,0.0,0.49989315734794104,0.500106842652059,snapshot_914.xyz,32,10000,40.0,10000,all,914
0.0856698,0.16954,0.0,0.5053073021115961,0.49469269788840387,snapshot_915.xyz,32,10000,40.0,10000,all,915
0.0850374,0.168945,0.0,0.5033436917339962,0.4966563082660038,snapshot_916.xyz,32,10000,40.0,10000,all,916
0.0848266,0.169276,0.0,0.5011141567617382,0.4988858432382618,snapshot_917.xyz,32,10000,40.0,10000,all,917
0.0846859,0.16954,0.0,0.4995039518697652,0.5004960481302347,snapshot_918.xyz,32,10000,40.0,10000,all,918
0.0853888,0.169408,0.0,0.504042312051379,0.49595768794862105,snapshot_919.xyz,32,10000,40.0,10000,all,919
0.0852483,0.170202,0.0,0.5008654422392217,0.4991345577607783,snapshot_920.xyz,32,10000,40.0,10000,all,920
0.0858805,0.170202,0.0,0.5045798521756502,0.49542014782434984,snapshot_921.xyz,32,10000,40.0,10000,all,921
0.0855996,0.169673,0.0,0.5044974745539951,0.4955025254460049,snapshot_922.xyz,32,10000,40.0,10000,all,922
0.086021,0.169342,0.0,0.5079720329274486,0.49202796707255136,snapshot_923.xyz,32,10000,40.0,10000,all,923
0.0853186,0.168547,0.0,0.5062006443306615,0.4937993556693385,snapshot_924.xyz,32,10000,40.0,10000,all,924
0.0853888,0.168349,0.0,0.507212992058165,0.49278700794183505,snapshot_925.xyz,32,10000,40.0,10000,all,925
0.0859508,0.170202,0.0,0.5049928908003432,0.49500710919965685,snapshot_926.xyz,32,10000,40.0,10000,all,926
0.0855996,0.168812,0.0,0.5070705873990001,0.49292941260099987,snapshot_927.xyz,32,10000,40.0,10000,all,927
0.0852483,0.17007,0.0,0.5012541894514023,0.4987458105485977,snapshot_928.xyz,32,10000,40.0,10000,all,928
0.086021,0.16954,0.0,0.5073787896661555,0.49262121033384454,snapshot_929.xyz,32,10000,40.0,10000,all,929
0.0861614,0.169739,0.0,0.507611097037216,0.49238890296278404,snapshot_930.xyz,32,10000,40.0,10000,all,930
0.0858103,0.169739,0.0,0.5055426272100106,0.49445737278998936,snapshot_931.xyz,32,10000,40.0,10000,all,931
0.0863018,0.169474,0.0,0.5092332747206061,0.4907667252793939,snapshot_932.xyz,32,10000,40.0,10000,all,932
0.0858103,0.169739,0.0,0.5055426272100106,0.49445737278998936,snapshot_933.xyz,32,10000,40.0,10000,all,933
0.0861614,0.170334,0.0,0.5058379419258633,0.4941620580741367,snapshot_934.xyz,32,10000,40.0,10000,all,934
0.0858805,0.170136,0.0,0.5047755912916725,0.4952244087083275,snapshot_935.xyz,32,10000,40.0,10000,all,935
0.0870036,0.171657,0.0,0.5068456282004229,0.4931543717995771,snapshot_936.xyz,32,10000,40.0,10000,all,936
0.0855996,0.168812,0.0,0.5070705873990001,0.49292941260099987,snapshot_937.xyz,32,10000,40.0,10000,all,937
0.0858103,0.170334,0.0,0.503776697547172,0.496223302452828,snapshot_938.xyz,32,10000,40.0,10000,all,938
0.0857401,0.170797,0.0,0.5020000351294226,0.4979999648705774,snapshot_939.xyz,32,10000,40.0,10000,all,939
0.086372,0.169209,0.0,0.5104456618737774,0.4895543381262226,snapshot_940.xyz,32,10000,40.0,10000,all,940
0.0868633,0.17093,0.0,0.5081805417422337,0.4918194582577663,snapshot_941.xyz,32,10000,40.0,10000,all,941
0.0855996,0.16954,0.0,0.5048932405332075,0.4951067594667925,snapshot_942.xyz,32,10000,40.0,10000,all,942
0.0867229,0.169805,0.0,0.5107205323753717,0.48927946762462826,snapshot_943.xyz,32,10000,40.0,10000,all,943
0.0854591,0.170533,0.0,0.5011294001747463,0.4988705998252537,snapshot_944.xyz,32,10000,40.0,10000,all,944
0.086021,0.170797,0.0,0.5036446775997236,0.49635532240027636,snapshot_945.xyz,32,10000,40.0,10000,all,945
0.0853186,0.168812,0.0,0.5054060137904888,0.4945939862095112,snapshot_946.xyz,32,10000,40.0,10000,all,946
0.0860912,0.170268,0.0,0.5056217257499942,0.4943782742500058,snapshot_947.xyz,32,10000,40.0,10000,all,947
0.0850374,0.168812,0.0,0.5037402554320783,0.49625974456792166,snapshot_948.xyz,32,10000,40.0,10000,all,948
0.0858805,0.170268,0.0,0.5043842648060705,0.49561573519392954,snapshot_949.xyz,32,10000,40.0,10000,all,949
0.0855996,0.169805,0.0,0.504105297252731,0.495894702747269,snapshot_950.xyz,32,10000,40.0,10000,all,950
0.0858103,0.169077,0.0,0.5075220165959888,0.49247798340401117,snapshot_951.xyz,32,10000,40.0,10000,all,951
0.0860912,0.170665,0.0,0.5044455512260863,0.49555444877391375,snapshot_952.xyz,32,10000,40.0,10000,all,952
0.0857401,0.16868,0.0,0.508300331989566,0.49169966801043397,snapshot_953.xyz,32,10000,40.0,10000,all,953
0.0857401,0.169276,0.0,0.506510668966658,0.493489331033342,snapshot_954.xyz,32,10000,40.0,10000,all,954
0.086372,0.169937,0.0,0.5082589430200604,0.49174105697993964,snapshot_955.xyz,32,10000,40.0,10000,all,955
0.0855996,0.169209,0.0,0.5058808928603088,0.4941191071396912,snapshot_956.xyz,32,10000,40.0,10000,all,956
0.0863018,0.169408,0.0,0.5094316679259538,0.49056833207404615,snapshot_957.xyz,32,10000,40.0,10000,all,957
0.0855293,0.169805,0.0,0.5036912929536821,0.4963087070463179,snapshot_958.xyz,32,10000,40.0,10000,all,958
0.0857401,0.169342,0.0,0.5063132595575818,0.4936867404424182,snapshot_959.xyz,32,10000,40.0,10000,all,959
0.0856698,0.170599,0.0,0.5021705871663961,0.49782941283360393,snapshot_960.xyz,32,10000,40.0,10000,all,960
0.0858805,0.170533,0.0,0.5036004761541755,0.49639952384582453,snapshot_961.xyz,32,10000,40.0,10000,all,961
0.0858103,0.170533,0.0,0.5031888256231932,0.4968111743768068,snapshot_962.xyz,32,10000,40.0,10000,all,962
0.0856698,0.169673,0.0,0.5049112115657766,0.49508878843422344,snapshot_963.xyz,32,10000,40.0,10000,all,963
0.0852483,0.169739,0.0,0.5022316615509694,0.49776833844903057,snapshot_964.xyz,32,10000,40.0,10000,all,964
0.0858805,0.169805,0.0,0.5057595477164983,0.49424045228350166,snapshot_965.xyz,32,10000,40.0,10000,all,965
0.0848969,0.170797,0.0,0.49706318026663227,0.5029368197333677,snapshot_966.xyz,32,10000,40.0,10000,all,966
0.0846859,0.169937,0.0,0.49833703078199565,0.5016629692180044,snapshot_967.xyz,32,10000,40.0,10000,all,967
0.0856698,0.170202,0.0,0.5033419113758946,0.49665808862410543,snapshot_968.xyz,32,10000,40.0,10000,all,968
0.0848969,0.169474,0.0,0.5009435075586816,0.49905649244131844,snapshot_969.xyz,32,10000,40.0,10000,all,969
0.0854591,0.170004,0.0,0.5026887602644644,0.4973112397355356,snapshot_970.xyz,32,10000,40.0,10000,all,970
0.0848266,0.169606,0.0,0.5001391460207776,0.4998608539792224,snapshot_971.xyz,32,10000,40.0,10000,all,971
0.0859508,0.170533,0.0,0.5040127130819255,0.4959872869180745,snapshot_972.xyz,32,10000,40.0,10000,all,972
0.0847563,0.170202,0.0,0.4979747594035323,0.5020252405964677,snapshot_973.xyz,32,10000,40.0,10000,all,973
0.0869334,0.170797,0.0,0.5089866918037201,0.49101330819627986,snapshot_974.xyz,32,10000,40.0,10000,all,974
0.0857401,0.170731,0.0,0.502194094804107,0.49780590519589296,snapshot_975.xyz,32,10000,40.0,10000,all,975
0.0858103,0.169871,0.0,0.505149790134867,0.49485020986513295,snapshot_976.xyz,32,10000,40.0,10000,all,976
0.0860912,0.170202,0.0,0.5058177929754057,0.49418220702459426,snapshot_977.xyz,32,10000,40.0,10000,all,977
0.0858103,0.169673,0.0,0.5057392749583022,0.4942607250416978,snapshot_978.xyz,32,10000,40.0,10000,all,978
0.0867229,0.169871,0.0,0.5105221020656852,0.48947789793431484,snapshot_979.xyz,32,10000,40.0,10000,all,979
0.0857401,0.169342,0.0,0.5063132595575818,0.4936867404424182,snapshot_980.xyz,32,10000,40.0,10000,all,980
0.0855996,0.169937,0.0,0.503713729205529,0.49628627079447096,snapshot_981.xyz,32,10000,40.0,10000,all,981
0.0854591,0.170599,0.0,0.500935527171906,0.49906447282809396,snapshot_982.xyz,32,10000,40.0,10000,all,982
0.0864422,0.169871,0.0,0.5088696716920487,0.49113032830795134,snapshot_983.xyz,32,10000,40.0,10000,all,983
0.0852483,0.170202,0.0,0.5008654422392217,0.4991345577607783,snapshot_984.xyz,32,10000,40.0,10000,all,984
0.0861614,0.169011,0.0,0.5097975871392987,0.4902024128607013,snapshot_985.xyz,32,10000,40.0,10000,all,985
0.0854591,0.169408,0.0,0.5044572865508122,0.49554271344918777,snapshot_986.xyz,32,10000,40.0,10000,all,986
0.0856698,0.169673,0.0,0.5049112115657766,0.49508878843422344,snapshot_987.xyz,32,10000,40.0,10000,all,987
0.0851077,0.169474,0.0,0.5021873561726282,0.4978126438273718,snapshot_988.xyz,32,10000,40.0,10000,all,988
0.086021,0.169937,0.0,0.5061934716983353,0.4938065283016647,snapshot_989.xyz,32,10000,40.0,10000,all,989
0.0855996,0.169408,0.0,0.5052866452587835,0.49471335474121647,snapshot_990.xyz,32,10000,40.0,10000,all,990
0.0856698,0.170202,0.0,0.5033419113758946,0.49665808862410543,snapshot_991.xyz,32,10000,40.0,10000,all,991
0.0848266,0.169871,0.0,0.49935892530214104,0.5006410746978589,snapshot_992.xyz,32,10000,40.0,10000,all,992
0.0853186,0.170202,0.0,0.5012784808639147,0.4987215191360853,snapshot_993.xyz,32,10000,40.0,10000,all,993
0.0855996,0.169937,0.0,0.503713729205529,0.49628627079447096,snapshot_994.xyz,32,10000,40.0,10000,all,994
0.0858805,0.169077,0.0,0.5079372120394849,0.49206278796051506,snapshot_995.xyz,32,10000,40.0,10000,all,995
0.0861614,0.17007,0.0,0.5066231551714,0.4933768448286,snapshot_996.xyz,32,10000,40.0,10000,all,996
0.0863018,0.169474,0.0,0.5092332747206061,0.4907667252793939,snapshot_997.xyz,32,10000,40.0,10000,all,997
0.0852483,0.168878,0.0,0.5047922168666138,0.4952077831333862,snapshot_998.xyz,32,10000,40.0,10000,all,998
0.0861614,0.170202,0.0,0.506230244062937,0.49376975593706296,snapshot_999.xyz,32,10000,40.0,10000,all,999
0.0853186,0.170467,0.0,0.5004992168572215,0.49950078314277846,snapshot_1000.xyz,32,10000,40.0,10000,all,1000
0.086372,0.169871,0.0,0.5084564169281396,0.4915435830718604,snapshot_1001.xyz,32,10000,40.0,10000,all,1001
