cid,cid_shuffled,cid_shuffled_std,cid_normalized,compression_gain,snapshot,nbins,n_particles_total,box_length,n_particles_filtered,atom_types,snapshot_num
0.112319,0.173903,0.0,0.6458715490819595,0.35412845091804046,snapshot_1.xyz,32,10000,40.0,10000,all,1
0.175488,0.1774,0.0,0.9892220969560316,0.010777903043968418,snapshot_2.xyz,32,10000,40.0,10000,all,2
0.169739,0.179969,0.0,0.9431568770177087,0.05684312298229133,snapshot_3.xyz,32,10000,40.0,10000,all,3
0.167819,0.180759,0.0,0.9284129697553095,0.07158703024469049,snapshot_4.xyz,32,10000,40.0,10000,all,4
0.168945,0.181548,0.0,0.9305803423887898,0.06941965761121016,snapshot_5.xyz,32,10000,40.0,10000,all,5
0.166162,0.180495,0.0,0.9205905980775092,0.0794094019224908,snapshot_6.xyz,32,10000,40.0,10000,all,6
0.167554,0.182009,0.0,0.9205808503975078,0.07941914960249219,snapshot_7.xyz,32,10000,40.0,10000,all,7
0.168945,0.183718,0.0,0.9195887174909373,0.08041128250906271,snapshot_8.xyz,32,10000,40.0,10000,all,8
0.169143,0.183258,0.0,0.9229774416396554,0.07702255836034455,snapshot_9.xyz,32,10000,40.0,10000,all,9
0.168812,0.182929,0.0,0.922827982441275,0.07717201755872505,snapshot_10.xyz,32,10000,40.0,10000,all,10
0.169276,0.182009,0.0,0.9300419210039065,0.06995807899609352,snapshot_11.xyz,32,10000,40.0,10000,all,11
0.170996,0.182535,0.0,0.9367847262168899,0.06321527378311009,snapshot_12.xyz,32,10000,40.0,10000,all,12
0.169408,0.182272,0.0,0.9294241573033708,0.0705758426966292,snapshot_13.xyz,32,10000,40.0,10000,all,13
0.170863,0.183323,0.0,0.9320325327427544,0.06796746725724556,snapshot_14.xyz,32,10000,40.0,10000,all,14
0.17093,0.182732,0.0,0.9354136111901582,0.0645863888098418,snapshot_15.xyz,32,10000,40.0,10000,all,15
0.168812,0.181877,0.0,0.9281657383836328,0.07183426161636719,snapshot_16.xyz,32,10000,40.0,10000,all,16
0.170004,0.183455,0.0,0.9266795671963151,0.07332043280368494,snapshot_17.xyz,32,10000,40.0,10000,all,17
0.1704,0.181614,0.0,0.9382536588588986,0.061746341141101446,snapshot_18.xyz,32,10000,40.0,10000,all,18
0.169342,0.181811,0.0,0.9314177910027446,0.06858220899725542,snapshot_19.xyz,32,10000,40.0,10000,all,19
0.170731,0.182863,0.0,0.9336552501052701,0.06634474989472994,snapshot_20.xyz,32,10000,40.0,10000,all,20
0.169871,0.181614,0.0,0.9353408878170185,0.06465911218298148,snapshot_21.xyz,32,10000,40.0,10000,all,21
0.171591,0.181482,0.0,0.9454987271464939,0.054501272853506144,snapshot_22.xyz,32,10000,40.0,10000,all,22
0.170731,0.182469,0.0,0.9356712647079778,0.06432873529202221,snapshot_23.xyz,32,10000,40.0,10000,all,23
0.173177,0.182403,0.0,0.9494196915620905,0.050580308437909505,snapshot_24.xyz,32,10000,40.0,10000,all,24
0.172384,0.1826,0.0,0.944052573932092,0.055947426067908035,snapshot_25.xyz,32,10000,40.0,10000,all,25
0.171789,0.18168,0.0,0.9455581241743725,0.05444187582562754,snapshot_26.xyz,32,10000,40.0,10000,all,26
0.172648,0.181351,0.0,0.9520101901836768,0.04798980981632317,snapshot_27.xyz,32,10000,40.0,10000,all,27
0.173837,0.182863,0.0,0.9506406435418865,0.04935935645811351,snapshot_28.xyz,32,10000,40.0,10000,all,28
0.170996,0.181614,0.0,0.9415353441915272,0.05846465580847282,snapshot_29.xyz,32,10000,40.0,10000,all,29
0.173375,0.184046,0.0,0.9420199298001587,0.057980070199841305,snapshot_30.xyz,32,10000,40.0,10000,all,30
0.172979,0.182009,0.0,0.9503870687713244,0.049612931228675605,snapshot_31.xyz,32,10000,40.0,10000,all,31
0.173507,0.183915,0.0,0.9434086398608053,0.056591360139194746,snapshot_32.xyz,32,10000,40.0,10000,all,32
0.174234,0.182929,0.0,0.9524678973809511,0.047532102619048944,snapshot_33.xyz,32,10000,40.0,10000,all,33
0.173309,0.180627,0.0,0.9594855697099547,0.04051443029004531,snapshot_34.xyz,32,10000,40.0,10000,all,34
0.174564,0.183389,0.0,0.9518782478774627,0.04812175212253733,snapshot_35.xyz,32,10000,40.0,10000,all,35
0.172781,0.182797,0.0,0.9452069782326844,0.0547930217673156,snapshot_36.xyz,32,10000,40.0,10000,all,36
0.173243,0.182272,0.0,0.9504641415028091,0.04953585849719089,snapshot_37.xyz,32,10000,40.0,10000,all,37
0.174366,0.182337,0.0,0.9562842429128482,0.04371575708715181,snapshot_38.xyz,32,10000,40.0,10000,all,38
0.174432,0.182403,0.0,0.9563000608542622,0.043699939145737776,snapshot_39.xyz,32,10000,40.0,10000,all,39
0.173639,0.181022,0.0,0.9592149020561037,0.04078509794389629,snapshot_40.xyz,32,10000,40.0,10000,all,40
0.173705,0.182272,0.0,0.9529988149578652,0.0470011850421348,snapshot_41.xyz,32,10000,40.0,10000,all,41
0.174828,0.182535,0.0,0.9577779603911579,0.04222203960884208,snapshot_42.xyz,32,10000,40.0,10000,all,42
0.17496,0.181943,0.0,0.9616198479743656,0.038380152025634384,snapshot_43.xyz,32,10000,40.0,10000,all,43
0.174432,0.181548,0.0,0.9608037543790073,0.039196245620992665,snapshot_44.xyz,32,10000,40.0,10000,all,44
0.176279,0.182469,0.0,0.9660764294208879,0.033923570579112106,snapshot_45.xyz,32,10000,40.0,10000,all,45
0.175685,0.183652,0.0,0.9566190403589397,0.04338095964106026,snapshot_46.xyz,32,10000,40.0,10000,all,46
0.174762,0.183258,0.0,0.9536391317159414,0.04636086828405861,snapshot_47.xyz,32,10000,40.0,10000,all,47
0.1743,0.182469,0.0,0.9552307515249167,0.044769248475083345,snapshot_48.xyz,32,10000,40.0,10000,all,48
0.17496,0.181351,0.0,0.9647589481171871,0.0352410518828129,snapshot_49.xyz,32,10000,40.0,10000,all,49
0.176279,0.18214,0.0,0.9678214560228395,0.03217854397716047,snapshot_50.xyz,32,10000,40.0,10000,all,50
0.175817,0.181417,0.0,0.9691318895142131,0.03086811048578686,snapshot_51.xyz,32,10000,40.0,10000,all,51
0.175422,0.181745,0.0,0.965209496822471,0.034790503177528964,snapshot_52.xyz,32,10000,40.0,10000,all,52
0.176279,0.183192,0.0,0.9622636359666361,0.03773636403336389,snapshot_53.xyz,32,10000,40.0,10000,all,53
0.176477,0.183258,0.0,0.962997522618385,0.037002477381614995,snapshot_54.xyz,32,10000,40.0,10000,all,54
0.175092,0.18352,0.0,0.9540758500435921,0.04592414995640792,snapshot_55.xyz,32,10000,40.0,10000,all,55
0.175751,0.181351,0.0,0.9691206555243698,0.030879344475630233,snapshot_56.xyz,32,10000,40.0,10000,all,56
0.17496,0.182469,0.0,0.9588478042845635,0.04115219571543649,snapshot_57.xyz,32,10000,40.0,10000,all,57
0.176213,0.182995,0.0,0.9629388781114239,0.03706112188857613,snapshot_58.xyz,32,10000,40.0,10000,all,58
0.17529,0.182469,0.0,0.9606563306643868,0.039343669335613174,snapshot_59.xyz,32,10000,40.0,10000,all,59
0.173573,0.181351,0.0,0.9571107961908123,0.042889203809187704,snapshot_60.xyz,32,10000,40.0,10000,all,60
0.174894,0.182009,0.0,0.9609085265014367,0.039091473498563345,snapshot_61.xyz,32,10000,40.0,10000,all,61
0.173771,0.181943,0.0,0.9550848342612797,0.04491516573872034,snapshot_62.xyz,32,10000,40.0,10000,all,62
0.174564,0.182009,0.0,0.9590954293469004,0.0409045706530996,snapshot_63.xyz,32,10000,40.0,10000,all,63
0.175488,0.181351,0.0,0.9676704291677465,0.03232957083225352,snapshot_64.xyz,32,10000,40.0,10000,all,64
0.17496,0.18168,0.0,0.963011889035667,0.036988110964332965,snapshot_65.xyz,32,10000,40.0,10000,all,65
0.176411,0.183718,0.0,0.9602270871662005,0.03977291283379947,snapshot_66.xyz,32,10000,40.0,10000,all,66
0.176609,0.182469,0.0,0.9678849558007113,0.03211504419928868,snapshot_67.xyz,32,10000,40.0,10000,all,67
0.175751,0.182009,0.0,0.9656170848694294,0.03438291513057057,snapshot_68.xyz,32,10000,40.0,10000,all,68
0.175224,0.18214,0.0,0.9620292083013067,0.03797079169869333,snapshot_69.xyz,32,10000,40.0,10000,all,69
0.174762,0.182206,0.0,0.9591451434091084,0.04085485659089161,snapshot_70.xyz,32,10000,40.0,10000,all,70
0.174762,0.181219,0.0,0.9643690782975296,0.0356309217024704,snapshot_71.xyz,32,10000,40.0,10000,all,71
0.176411,0.182074,0.0,0.9688972615529949,0.031102738447005063,snapshot_72.xyz,32,10000,40.0,10000,all,72
0.17529,0.181219,0.0,0.9672826800721779,0.03271731992782212,snapshot_73.xyz,32,10000,40.0,10000,all,73
0.174432,0.182337,0.0,0.9566462100396519,0.04335378996034811,snapshot_74.xyz,32,10000,40.0,10000,all,74
0.175949,0.181482,0.0,0.9695121279245325,0.030487872075467548,snapshot_75.xyz,32,10000,40.0,10000,all,75
0.175092,0.181614,0.0,0.9640886715781823,0.035911328421817656,snapshot_76.xyz,32,10000,40.0,10000,all,76
0.175092,0.181943,0.0,0.9623453499172818,0.03765465008271818,snapshot_77.xyz,32,10000,40.0,10000,all,77
0.175422,0.182666,0.0,0.9603429209595655,0.03965707904043447,snapshot_78.xyz,32,10000,40.0,10000,all,78
0.175356,0.181614,0.0,0.9655423040074004,0.034457695992599624,snapshot_79.xyz,32,10000,40.0,10000,all,79
0.174366,0.181811,0.0,0.9590508825098591,0.04094911749014085,snapshot_80.xyz,32,10000,40.0,10000,all,80
0.17496,0.181482,0.0,0.9640625516580157,0.03593744834198431,snapshot_81.xyz,32,10000,40.0,10000,all,81
0.175949,0.180693,0.0,0.9737455241763654,0.026254475823634604,snapshot_82.xyz,32,10000,40.0,10000,all,82
0.175949,0.182929,0.0,0.961843119461649,0.03815688053835098,snapshot_83.xyz,32,10000,40.0,10000,all,83
0.175949,0.182732,0.0,0.9628800647943435,0.037119935205656485,snapshot_84.xyz,32,10000,40.0,10000,all,84
0.177334,0.18352,0.0,0.9662925021795989,0.033707497820401056,snapshot_85.xyz,32,10000,40.0,10000,all,85
0.175422,0.180759,0.0,0.9704744991950608,0.02952550080493921,snapshot_86.xyz,32,10000,40.0,10000,all,86
0.17496,0.181614,0.0,0.9633618553635733,0.03663814463642667,snapshot_87.xyz,32,10000,40.0,10000,all,87
0.176873,0.183258,0.0,0.9651584105468792,0.03484158945312077,snapshot_88.xyz,32,10000,40.0,10000,all,88
0.176741,0.182863,0.0,0.9665213848618912,0.03347861513810879,snapshot_89.xyz,32,10000,40.0,10000,all,89
0.176213,0.181877,0.0,0.9688580744129274,0.031141925587072627,snapshot_90.xyz,32,10000,40.0,10000,all,90
0.177268,0.182732,0.0,0.9700982860144912,0.029901713985508782,snapshot_91.xyz,32,10000,40.0,10000,all,91
0.177136,0.182995,0.0,0.9679827317686276,0.03201726823137241,snapshot_92.xyz,32,10000,40.0,10000,all,92
0.175949,0.182337,0.0,0.96496596960573,0.03503403039427,snapshot_93.xyz,32,10000,40.0,10000,all,93
0.174762,0.18043,0.0,0.9685861552956825,0.03141384470431752,snapshot_94.xyz,32,10000,40.0,10000,all,94
0.176081,0.18306,0.0,0.9618758876870971,0.038124112312902914,snapshot_95.xyz,32,10000,40.0,10000,all,95
0.175356,0.181614,0.0,0.9655423040074004,0.034457695992599624,snapshot_96.xyz,32,10000,40.0,10000,all,96
0.175488,0.182995,0.0,0.9589770212300883,0.04102297876991168,snapshot_97.xyz,32,10000,40.0,10000,all,97
0.176411,0.18214,0.0,0.9685461732733064,0.03145382672669361,snapshot_98.xyz,32,10000,40.0,10000,all,98
0.175883,0.183783,0.0,0.9570145225619345,0.04298547743806547,snapshot_99.xyz,32,10000,40.0,10000,all,99
0.175422,0.18168,0.0,0.9655548216644649,0.034445178335535065,snapshot_100.xyz,32,10000,40.0,10000,all,100
0.175488,0.18089,0.0,0.9701365470728067,0.02986345292719328,snapshot_101.xyz,32,10000,40.0,10000,all,101
0.176345,0.182535,0.0,0.966088695318706,0.033911304681294,snapshot_102.xyz,32,10000,40.0,10000,all,102
0.177136,0.183455,0.0,0.9655555858384889,0.03444441416151112,snapshot_103.xyz,32,10000,40.0,10000,all,103
0.176411,0.182206,0.0,0.9681953393411853,0.03180466065881471,snapshot_104.xyz,32,10000,40.0,10000,all,104
0.175356,0.181877,0.0,0.9641460987370586,0.03585390126294141,snapshot_105.xyz,32,10000,40.0,10000,all,105
0.176081,0.182009,0.0,0.9674301820239658,0.0325698179760342,snapshot_106.xyz,32,10000,40.0,10000,all,106
0.175026,0.1826,0.0,0.9585213581599122,0.04147864184008776,snapshot_107.xyz,32,10000,40.0,10000,all,107
0.17529,0.182272,0.0,0.961694610252809,0.038305389747191,snapshot_108.xyz,32,10000,40.0,10000,all,108
0.175488,0.182863,0.0,0.9596692605939966,0.0403307394060034,snapshot_109.xyz,32,10000,40.0,10000,all,109
0.17529,0.181877,0.0,0.9637832161295821,0.036216783870417935,snapshot_110.xyz,32,10000,40.0,10000,all,110
0.176543,0.181811,0.0,0.9710248554817915,0.028975144518208484,snapshot_111.xyz,32,10000,40.0,10000,all,111
0.174564,0.182535,0.0,0.9563316624209055,0.043668337579094496,snapshot_112.xyz,32,10000,40.0,10000,all,112
0.177334,0.183455,0.0,0.966634869586547,0.033365130413453015,snapshot_113.xyz,32,10000,40.0,10000,all,113
0.174432,0.181285,0.0,0.9621976445927684,0.03780235540723165,snapshot_114.xyz,32,10000,40.0,10000,all,114
0.175553,0.183455,0.0,0.9569267667820446,0.04307323321795542,snapshot_115.xyz,32,10000,40.0,10000,all,115
0.175092,0.181943,0.0,0.9623453499172818,0.03765465008271818,snapshot_116.xyz,32,10000,40.0,10000,all,116
0.17529,0.183126,0.0,0.957209789980669,0.04279021001933103,snapshot_117.xyz,32,10000,40.0,10000,all,117
0.175158,0.181548,0.0,0.964802696807456,0.035197303192543994,snapshot_118.xyz,32,10000,40.0,10000,all,118
0.175883,0.184572,0.0,0.9529235203606181,0.047076479639381885,snapshot_119.xyz,32,10000,40.0,10000,all,119
0.174168,0.181351,0.0,0.9603917265413479,0.03960827345865214,snapshot_120.xyz,32,10000,40.0,10000,all,120
0.175488,0.1826,0.0,0.96105147864184,0.03894852135815996,snapshot_121.xyz,32,10000,40.0,10000,all,121
0.175949,0.183652,0.0,0.9580565417202099,0.04194345827979007,snapshot_122.xyz,32,10000,40.0,10000,all,122
0.175488,0.182337,0.0,0.9624376840685105,0.03756231593148951,snapshot_123.xyz,32,10000,40.0,10000,all,123
0.175817,0.182863,0.0,0.961468421714617,0.038531578285383006,snapshot_124.xyz,32,10000,40.0,10000,all,124
0.176411,0.181482,0.0,0.9720578349367982,0.027942165063201796,snapshot_125.xyz,32,10000,40.0,10000,all,125
0.175224,0.182469,0.0,0.9602946253884221,0.03970537461157786,snapshot_126.xyz,32,10000,40.0,10000,all,126
0.175224,0.182797,0.0,0.9585715301673441,0.04142846983265591,snapshot_127.xyz,32,10000,40.0,10000,all,127
0.176213,0.183849,0.0,0.9584659149628227,0.04153408503717726,snapshot_128.xyz,32,10000,40.0,10000,all,128
0.174366,0.182009,0.0,0.9580075710541786,0.04199242894582145,snapshot_129.xyz,32,10000,40.0,10000,all,129
0.173639,0.18168,0.0,0.9557408630559224,0.04425913694407757,snapshot_130.xyz,32,10000,40.0,10000,all,130
0.173441,0.181482,0.0,0.9556925755722331,0.04430742442776692,snapshot_131.xyz,32,10000,40.0,10000,all,131
0.173573,0.181614,0.0,0.9557247789267348,0.0442752210732652,snapshot_132.xyz,32,10000,40.0,10000,all,132
0.172648,0.18214,0.0,0.9478862413528055,0.052113758647194475,snapshot_133.xyz,32,10000,40.0,10000,all,133
0.17245,0.182797,0.0,0.9433962264150944,0.05660377358490565,snapshot_134.xyz,32,10000,40.0,10000,all,134
0.174432,0.182403,0.0,0.9563000608542622,0.043699939145737776,snapshot_135.xyz,32,10000,40.0,10000,all,135
0.172714,0.182206,0.0,0.9479051183824901,0.05209488161750986,snapshot_136.xyz,32,10000,40.0,10000,all,136
0.174564,0.182797,0.0,0.9549609676307599,0.04503903236924012,snapshot_137.xyz,32,10000,40.0,10000,all,137
0.174696,0.183192,0.0,0.9536224289270273,0.04637757107297269,snapshot_138.xyz,32,10000,40.0,10000,all,138
0.17496,0.183652,0.0,0.9526713566963605,0.047328643303639506,snapshot_139.xyz,32,10000,40.0,10000,all,139
0.172582,0.181548,0.0,0.9506136118271753,0.0493863881728247,snapshot_140.xyz,32,10000,40.0,10000,all,140
0.17245,0.183192,0.0,0.9413620682125857,0.05863793178741428,snapshot_141.xyz,32,10000,40.0,10000,all,141
0.173309,0.183389,0.0,0.9450348712300083,0.05496512876999171,snapshot_142.xyz,32,10000,40.0,10000,all,142
0.171459,0.182995,0.0,0.9369600262302249,0.0630399737697751,snapshot_143.xyz,32,10000,40.0,10000,all,143
0.171789,0.1826,0.0,0.9407940854326395,0.05920591456736046,snapshot_144.xyz,32,10000,40.0,10000,all,144
0.172252,0.183586,0.0,0.9382632662621332,0.06173673373786681,snapshot_145.xyz,32,10000,40.0,10000,all,145
0.171723,0.182666,0.0,0.9400928470541863,0.059907152945813724,snapshot_146.xyz,32,10000,40.0,10000,all,146
0.170136,0.182666,0.0,0.9314048591418218,0.0685951408581782,snapshot_147.xyz,32,10000,40.0,10000,all,147
0.170996,0.183192,0.0,0.9334250403947771,0.06657495960522286,snapshot_148.xyz,32,10000,40.0,10000,all,148
0.170136,0.181943,0.0,0.9351060496968832,0.06489395030311684,snapshot_149.xyz,32,10000,40.0,10000,all,149
0.169937,0.182666,0.0,0.9303154391074421,0.06968456089255792,snapshot_150.xyz,32,10000,40.0,10000,all,150
0.17007,0.183323,0.0,0.9277068343852107,0.07229316561478927,snapshot_151.xyz,32,10000,40.0,10000,all,151
0.168481,0.183652,0.0,0.9173926774551869,0.08260732254481307,snapshot_152.xyz,32,10000,40.0,10000,all,152
0.170136,0.184966,0.0,0.9198231026242661,0.08017689737573386,snapshot_153.xyz,32,10000,40.0,10000,all,153
0.166427,0.182929,0.0,0.9097901371570389,0.09020986284296106,snapshot_154.xyz,32,10000,40.0,10000,all,154
0.166692,0.182995,0.0,0.910910134156671,0.08908986584332901,snapshot_155.xyz,32,10000,40.0,10000,all,155
0.164835,0.183389,0.0,0.8988270834128547,0.10117291658714533,snapshot_156.xyz,32,10000,40.0,10000,all,156
0.164371,0.183258,0.0,0.8969376507437601,0.10306234925623992,snapshot_157.xyz,32,10000,40.0,10000,all,157
0.163309,0.182797,0.0,0.8933899352834019,0.10661006471659806,snapshot_158.xyz,32,10000,40.0,10000,all,158
0.159187,0.182995,0.0,0.8698980846471215,0.13010191535287852,snapshot_159.xyz,32,10000,40.0,10000,all,159
0.15892,0.184177,0.0,0.862865612970132,0.13713438702986802,snapshot_160.xyz,32,10000,40.0,10000,all,160
0.156789,0.183389,0.0,0.8549531324125221,0.14504686758747787,snapshot_161.xyz,32,10000,40.0,10000,all,161
0.151449,0.183389,0.0,0.8258347010998479,0.1741652989001521,snapshot_162.xyz,32,10000,40.0,10000,all,162
0.149843,0.184637,0.0,0.8115545638198195,0.1884454361801805,snapshot_163.xyz,32,10000,40.0,10000,all,163
0.145756,0.184112,0.0,0.791670287650995,0.208329712349005,snapshot_164.xyz,32,10000,40.0,10000,all,164
0.143339,0.183783,0.0,0.7799361203158072,0.22006387968419283,snapshot_165.xyz,32,10000,40.0,10000,all,165
0.137619,0.184177,0.0,0.7472105637511741,0.2527894362488259,snapshot_166.xyz,32,10000,40.0,10000,all,166
0.135054,0.184243,0.0,0.7330210645723312,0.2669789354276688,snapshot_167.xyz,32,10000,40.0,10000,all,167
0.13235,0.183652,0.0,0.72065645895498,0.27934354104502,snapshot_168.xyz,32,10000,40.0,10000,all,168
0.126996,0.182929,0.0,0.6942365617261341,0.3057634382738659,snapshot_169.xyz,32,10000,40.0,10000,all,169
0.123528,0.182074,0.0,0.6784494216637191,0.32155057833628087,snapshot_170.xyz,32,10000,40.0,10000,all,170
0.120871,0.18306,0.0,0.6602807822571835,0.33971921774281655,snapshot_171.xyz,32,10000,40.0,10000,all,171
0.119507,0.181943,0.0,0.656837581000643,0.34316241899935696,snapshot_172.xyz,32,10000,40.0,10000,all,172
0.116157,0.180693,0.0,0.6428417260214839,0.35715827397851607,snapshot_173.xyz,32,10000,40.0,10000,all,173
0.114788,0.181877,0.0,0.6311298295001566,0.3688701704998434,snapshot_174.xyz,32,10000,40.0,10000,all,174
0.112182,0.181285,0.0,0.6188156769727226,0.38118432302727745,snapshot_175.xyz,32,10000,40.0,10000,all,175
0.111083,0.181745,0.0,0.6112025090098765,0.3887974909901235,snapshot_176.xyz,32,10000,40.0,10000,all,176
0.107988,0.181548,0.0,0.5948178993985063,0.40518210060149373,snapshot_177.xyz,32,10000,40.0,10000,all,177
0.108057,0.180824,0.0,0.5975810733088528,0.4024189266911472,snapshot_178.xyz,32,10000,40.0,10000,all,178
0.105368,0.180627,0.0,0.5833457899428103,0.4166542100571897,snapshot_179.xyz,32,10000,40.0,10000,all,179
0.104954,0.179179,0.0,0.5857494460846416,0.41425055391535837,snapshot_180.xyz,32,10000,40.0,10000,all,180
0.100528,0.17885,0.0,0.5620799552697792,0.43792004473022084,snapshot_181.xyz,32,10000,40.0,10000,all,181
0.0999039,0.178454,0.0,0.5598299841976083,0.4401700158023917,snapshot_182.xyz,32,10000,40.0,10000,all,182
0.0997652,0.178784,0.0,0.5580208519778056,0.4419791480221944,snapshot_183.xyz,32,10000,40.0,10000,all,183
0.0969883,0.177664,0.0,0.5459085689841499,0.45409143101585014,snapshot_184.xyz,32,10000,40.0,10000,all,184
0.0966407,0.177136,0.0,0.5455734576822329,0.45442654231776713,snapshot_185.xyz,32,10000,40.0,10000,all,185
0.0944833,0.176345,0.0,0.535786668178854,0.464213331821146,snapshot_186.xyz,32,10000,40.0,10000,all,186
0.0937167,0.175356,0.0,0.5344368028467802,0.4655631971532198,snapshot_187.xyz,32,10000,40.0,10000,all,187
0.0935773,0.176609,0.0,0.5298557831141109,0.47014421688588914,snapshot_188.xyz,32,10000,40.0,10000,all,188
0.0923914,0.175356,0.0,0.5268790346495129,0.4731209653504871,snapshot_189.xyz,32,10000,40.0,10000,all,189
0.0915535,0.175224,0.0,0.5224940647399899,0.47750593526001006,snapshot_190.xyz,32,10000,40.0,10000,all,190
0.0906451,0.173969,0.0,0.5210416798395117,0.47895832016048834,snapshot_191.xyz,32,10000,40.0,10000,all,191
0.089316,0.174168,0.0,0.5128152128978918,0.4871847871021082,snapshot_192.xyz,32,10000,40.0,10000,all,192
0.089596,0.173375,0.0,0.5167757750540735,0.48322422494592654,snapshot_193.xyz,32,10000,40.0,10000,all,193
0.0885458,0.172516,0.0,0.5132613786547334,0.4867386213452666,snapshot_194.xyz,32,10000,40.0,10000,all,194
0.0879852,0.171855,0.0,0.5119734660033167,0.4880265339966833,snapshot_195.xyz,32,10000,40.0,10000,all,195
0.0880553,0.171789,0.0,0.5125782209571044,0.48742177904289563,snapshot_196.xyz,32,10000,40.0,10000,all,196
0.0870036,0.171326,0.0,0.507824848534373,0.49217515146562696,snapshot_197.xyz,32,10000,40.0,10000,all,197
0.0872842,0.170996,0.0,0.5104458583826522,0.4895541416173478,snapshot_198.xyz,32,10000,40.0,10000,all,198
0.0870036,0.169805,0.0,0.51237360501752,0.48762639498247995,snapshot_199.xyz,32,10000,40.0,10000,all,199
0.0876348,0.171128,0.0,0.5121008835491562,0.48789911645084383,snapshot_200.xyz,32,10000,40.0,10000,all,200
0.0856698,0.169606,0.0,0.5051106682546608,0.4948893317453392,snapshot_201.xyz,32,10000,40.0,10000,all,201
0.0867229,0.168613,0.0,0.5143310420904675,0.48566895790953246,snapshot_202.xyz,32,10000,40.0,10000,all,202
0.0874244,0.169342,0.0,0.5162594040462496,0.4837405959537504,snapshot_203.xyz,32,10000,40.0,10000,all,203
0.0864422,0.169805,0.0,0.5090674597332233,0.4909325402667767,snapshot_204.xyz,32,10000,40.0,10000,all,204
0.0874945,0.169871,0.0,0.5150643723766859,0.4849356276233141,snapshot_205.xyz,32,10000,40.0,10000,all,205
0.0866528,0.169342,0.0,0.5117029443374945,0.4882970556625055,snapshot_206.xyz,32,10000,40.0,10000,all,206
0.086021,0.169673,0.0,0.5069810753626093,0.4930189246373907,snapshot_207.xyz,32,10000,40.0,10000,all,207
0.0879152,0.170334,0.0,0.5161341834278534,0.48386581657214656,snapshot_208.xyz,32,10000,40.0,10000,all,208
0.0867931,0.170004,0.0,0.5105356344556599,0.48946436554434014,snapshot_209.xyz,32,10000,40.0,10000,all,209
0.0861614,0.169673,0.0,0.5078085493861723,0.49219145061382774,snapshot_210.xyz,32,10000,40.0,10000,all,210
0.0873543,0.169673,0.0,0.5148391317416442,0.4851608682583558,snapshot_211.xyz,32,10000,40.0,10000,all,211
0.0867229,0.168613,0.0,0.5143310420904675,0.48566895790953246,snapshot_212.xyz,32,10000,40.0,10000,all,212
0.0876348,0.169077,0.0,0.518312958001384,0.481687041998616,snapshot_213.xyz,32,10000,40.0,10000,all,213
0.0857401,0.169209,0.0,0.5067112269441932,0.49328877305580676,snapshot_214.xyz,32,10000,40.0,10000,all,214
0.0871439,0.170731,0.0,0.510416386010742,0.489583613989258,snapshot_215.xyz,32,10000,40.0,10000,all,215
0.0879852,0.170268,0.0,0.5167453661286913,0.48325463387130874,snapshot_216.xyz,32,10000,40.0,10000,all,216
0.0870737,0.168945,0.0,0.5153967267453905,0.4846032732546095,snapshot_217.xyz,32,10000,40.0,10000,all,217
0.0870036,0.170334,0.0,0.5107823452745781,0.4892176547254219,snapshot_218.xyz,32,10000,40.0,10000,all,218
0.0865124,0.168945,0.0,0.5120743437213294,0.48792565627867057,snapshot_219.xyz,32,10000,40.0,10000,all,219
0.0875647,0.1704,0.0,0.5138773474178404,0.4861226525821596,snapshot_220.xyz,32,10000,40.0,10000,all,220
0.0865826,0.169408,0.0,0.5110892047601058,0.4889107952398942,snapshot_221.xyz,32,10000,40.0,10000,all,221
0.0862316,0.16868,0.0,0.5112141332700972,0.48878586672990276,snapshot_222.xyz,32,10000,40.0,10000,all,222
0.0867229,0.169673,0.0,0.5111178561114615,0.48888214388853846,snapshot_223.xyz,32,10000,40.0,10000,all,223
0.0859508,0.168746,0.0,0.5093501475590532,0.49064985244094683,snapshot_224.xyz,32,10000,40.0,10000,all,224
0.0876348,0.16954,0.0,0.5168974873186268,0.48310251268137316,snapshot_225.xyz,32,10000,40.0,10000,all,225
0.0870737,0.169739,0.0,0.5129858194050867,0.4870141805949133,snapshot_226.xyz,32,10000,40.0,10000,all,226
0.0866528,0.170797,0.0,0.5073438058045516,0.49265619419544837,snapshot_227.xyz,32,10000,40.0,10000,all,227
0.0872842,0.170334,0.0,0.5124296969483485,0.4875703030516515,snapshot_228.xyz,32,10000,40.0,10000,all,228
0.0868633,0.169077,0.0,0.5137499482484312,0.48625005175156877,snapshot_229.xyz,32,10000,40.0,10000,all,229
0.0864422,0.16954,0.0,0.5098631591364869,0.49013684086351306,snapshot_230.xyz,32,10000,40.0,10000,all,230
0.0867931,0.169871,0.0,0.5109353568295942,0.48906464317040577,snapshot_231.xyz,32,10000,40.0,10000,all,231
0.087214,0.169871,0.0,0.5134131193670491,0.48658688063295086,snapshot_232.xyz,32,10000,40.0,10000,all,232
0.0856698,0.17007,0.0,0.5037325807020638,0.49626741929793616,snapshot_233.xyz,32,10000,40.0,10000,all,233
0.0861614,0.169673,0.0,0.5078085493861723,0.49219145061382774,snapshot_234.xyz,32,10000,40.0,10000,all,234
0.0877049,0.169673,0.0,0.5169054593247011,0.4830945406752989,snapshot_235.xyz,32,10000,40.0,10000,all,235
0.0860912,0.1704,0.0,0.5052300469483568,0.4947699530516432,snapshot_236.xyz,32,10000,40.0,10000,all,236
0.0865826,0.169474,0.0,0.5108901660431688,0.48910983395683116,snapshot_237.xyz,32,10000,40.0,10000,all,237
0.0867931,0.170202,0.0,0.5099417163135569,0.4900582836864431,snapshot_238.xyz,32,10000,40.0,10000,all,238
0.0870737,0.169937,0.0,0.5123881203034065,0.4876118796965935,snapshot_239.xyz,32,10000,40.0,10000,all,239
0.0869334,0.168746,0.0,0.5151731003994168,0.4848268996005832,snapshot_240.xyz,32,10000,40.0,10000,all,240
0.0873543,0.170334,0.0,0.5128412413258656,0.4871587586741344,snapshot_241.xyz,32,10000,40.0,10000,all,241
0.0867931,0.1704,0.0,0.5093491784037558,0.4906508215962442,snapshot_242.xyz,32,10000,40.0,10000,all,242
0.0865124,0.17007,0.0,0.5086870112306697,0.49131298876933027,snapshot_243.xyz,32,10000,40.0,10000,all,243
0.0863018,0.169805,0.0,0.5082406289567445,0.4917593710432555,snapshot_244.xyz,32,10000,40.0,10000,all,244
0.0862316,0.169606,0.0,0.5084230510713065,0.4915769489286935,snapshot_245.xyz,32,10000,40.0,10000,all,245
0.0866528,0.169276,0.0,0.511902455161984,0.48809754483801604,snapshot_246.xyz,32,10000,40.0,10000,all,246
0.0863018,0.16868,0.0,0.5116303059046715,0.4883696940953285,snapshot_247.xyz,32,10000,40.0,10000,all,247
0.0861614,0.170202,0.0,0.506230244062937,0.49376975593706296,snapshot_248.xyz,32,10000,40.0,10000,all,248
0.0865124,0.168547,0.0,0.5132835351563659,0.48671646484363407,snapshot_249.xyz,32,10000,40.0,10000,all,249
0.0860912,0.169408,0.0,0.50818851530034,0.49181148469965996,snapshot_250.xyz,32,10000,40.0,10000,all,250
0.0865124,0.168746,0.0,0.5126782264468491,0.48732177355315087,snapshot_251.xyz,32,10000,40.0,10000,all,251
0.0868633,0.169276,0.0,0.5131459864363525,0.48685401356364755,snapshot_252.xyz,32,10000,40.0,10000,all,252
0.0862316,0.170202,0.0,0.5066426951504683,0.49335730484953166,snapshot_253.xyz,32,10000,40.0,10000,all,253
0.0862316,0.169871,0.0,0.5076299074003214,0.49237009259967857,snapshot_254.xyz,32,10000,40.0,10000,all,254
0.0876348,0.169209,0.0,0.5179086218818147,0.48209137811818525,snapshot_255.xyz,32,10000,40.0,10000,all,255
0.0879152,0.169937,0.0,0.5173399553952347,0.4826600446047653,snapshot_256.xyz,32,10000,40.0,10000,all,256
0.086021,0.168547,0.0,0.5103680279091292,0.48963197209087084,snapshot_257.xyz,32,10000,40.0,10000,all,257
0.086372,0.169209,0.0,0.5104456618737774,0.4895543381262226,snapshot_258.xyz,32,10000,40.0,10000,all,258
0.086372,0.169143,0.0,0.5106448389823995,0.48935516101760046,snapshot_259.xyz,32,10000,40.0,10000,all,259
0.0872842,0.169143,0.0,0.5160379087517664,0.48396209124823364,snapshot_260.xyz,32,10000,40.0,10000,all,260
0.0863018,0.170004,0.0,0.5076457024540599,0.49235429754594007,snapshot_261.xyz,32,10000,40.0,10000,all,261
0.0865124,0.170004,0.0,0.5088844968353686,0.4911155031646314,snapshot_262.xyz,32,10000,40.0,10000,all,262
0.0863018,0.169011,0.0,0.5106283022998503,0.48937169770014965,snapshot_263.xyz,32,10000,40.0,10000,all,263
0.0873543,0.169143,0.0,0.5164523509692982,0.4835476490307018,snapshot_264.xyz,32,10000,40.0,10000,all,264
0.0867229,0.170467,0.0,0.5087371749370846,0.4912628250629154,snapshot_265.xyz,32,10000,40.0,10000,all,265
0.0858805,0.169805,0.0,0.5057595477164983,0.49424045228350166,snapshot_266.xyz,32,10000,40.0,10000,all,266
0.0862316,0.169739,0.0,0.5080246731746977,0.4919753268253023,snapshot_267.xyz,32,10000,40.0,10000,all,267
0.0862316,0.170665,0.0,0.5052682155099171,0.4947317844900829,snapshot_268.xyz,32,10000,40.0,10000,all,268
0.0860912,0.169276,0.0,0.5085847964271367,0.4914152035728633,snapshot_269.xyz,32,10000,40.0,10000,all,269
0.0867229,0.169673,0.0,0.5111178561114615,0.48888214388853846,snapshot_270.xyz,32,10000,40.0,10000,all,270
0.0859508,0.1704,0.0,0.5044061032863849,0.4955938967136151,snapshot_271.xyz,32,10000,40.0,10000,all,271
0.0871439,0.170004,0.0,0.5125991153149337,0.48740088468506626,snapshot_272.xyz,32,10000,40.0,10000,all,272
0.0861614,0.169606,0.0,0.5080091506196714,0.49199084938032855,snapshot_273.xyz,32,10000,40.0,10000,all,273
0.0865124,0.169673,0.0,0.5098772344450797,0.4901227655549203,snapshot_274.xyz,32,10000,40.0,10000,all,274
0.0855996,0.169673,0.0,0.5044974745539951,0.4955025254460049,snapshot_275.xyz,32,10000,40.0,10000,all,275
0.0874244,0.169209,0.0,0.5166651892038839,0.48333481079611607,snapshot_276.xyz,32,10000,40.0,10000,all,276
0.0863018,0.169474,0.0,0.5092332747206061,0.4907667252793939,snapshot_277.xyz,32,10000,40.0,10000,all,277
0.0860912,0.169673,0.0,0.5073948123743908,0.49260518762560923,snapshot_278.xyz,32,10000,40.0,10000,all,278
0.0870036,0.170334,0.0,0.5107823452745781,0.4892176547254219,snapshot_279.xyz,32,10000,40.0,10000,all,279
0.0864422,0.169739,0.0,0.5092654015871426,0.4907345984128574,snapshot_280.xyz,32,10000,40.0,10000,all,280
0.0870036,0.169937,0.0,0.5119756144924296,0.48802438550757044,snapshot_281.xyz,32,10000,40.0,10000,all,281
0.0865826,0.169673,0.0,0.5102909714568611,0.4897090285431389,snapshot_282.xyz,32,10000,40.0,10000,all,282
0.0864422,0.168812,0.0,0.5120619387247353,0.48793806127526473,snapshot_283.xyz,32,10000,40.0,10000,all,283
0.0859508,0.168812,0.0,0.5091510082221643,0.4908489917778357,snapshot_284.xyz,32,10000,40.0,10000,all,284
0.0877049,0.170004,0.0,0.5158990376697019,0.4841009623302981,snapshot_285.xyz,32,10000,40.0,10000,all,285
0.086372,0.170334,0.0,0.5070743363039675,0.4929256636960325,snapshot_286.xyz,32,10000,40.0,10000,all,286
0.0875647,0.169143,0.0,0.5176962688376108,0.4823037311623892,snapshot_287.xyz,32,10000,40.0,10000,all,287
0.0867931,0.170665,0.0,0.5085582867020185,0.4914417132979815,snapshot_288.xyz,32,10000,40.0,10000,all,288
0.0869334,0.169606,0.0,0.5125608763840901,0.4874391236159099,snapshot_289.xyz,32,10000,40.0,10000,all,289
0.0857401,0.16815,0.0,0.509902468034493,0.490097531965507,snapshot_290.xyz,32,10000,40.0,10000,all,290
0.0870036,0.170334,0.0,0.5107823452745781,0.4892176547254219,snapshot_291.xyz,32,10000,40.0,10000,all,291
0.0870737,0.169408,0.0,0.5139881233471855,0.48601187665281453,snapshot_292.xyz,32,10000,40.0,10000,all,292
0.087214,0.169276,0.0,0.5152177508920343,0.48478224910796575,snapshot_293.xyz,32,10000,40.0,10000,all,293
0.0874244,0.169606,0.0,0.515455821138403,0.48454417886159695,snapshot_294.xyz,32,10000,40.0,10000,all,294
0.087214,0.169871,0.0,0.5134131193670491,0.48658688063295086,snapshot_295.xyz,32,10000,40.0,10000,all,295
0.0871439,0.169474,0.0,0.5142021785052574,0.4857978214947426,snapshot_296.xyz,32,10000,40.0,10000,all,296
0.087214,0.168746,0.0,0.5168359546300356,0.4831640453699644,snapshot_297.xyz,32,10000,40.0,10000,all,297
0.0868633,0.169077,0.0,0.5137499482484312,0.48625005175156877,snapshot_298.xyz,32,10000,40.0,10000,all,298
0.0865826,0.168415,0.0,0.5141026630644538,0.48589733693554615,snapshot_299.xyz,32,10000,40.0,10000,all,299
0.0866528,0.170136,0.0,0.5093149010203601,0.49068509897963986,snapshot_300.xyz,32,10000,40.0,10000,all,300
0.0870036,0.17007,0.0,0.5115752337272887,0.48842476627271125,snapshot_301.xyz,32,10000,40.0,10000,all,301
0.0870737,0.17007,0.0,0.5119874169459635,0.4880125830540365,snapshot_302.xyz,32,10000,40.0,10000,all,302
0.0865826,0.169805,0.0,0.5098942905097023,0.49010570949029775,snapshot_303.xyz,32,10000,40.0,10000,all,303
0.0861614,0.170004,0.0,0.5068198395331874,0.49318016046681257,snapshot_304.xyz,32,10000,40.0,10000,all,304
0.0861614,0.170136,0.0,0.5064266234071566,0.4935733765928434,snapshot_305.xyz,32,10000,40.0,10000,all,305
0.087214,0.17093,0.0,0.5102322588193997,0.4897677411806003,snapshot_306.xyz,32,10000,40.0,10000,all,306
0.0870737,0.171789,0.0,0.506864234613392,0.49313576538660797,snapshot_307.xyz,32,10000,40.0,10000,all,307
0.0876348,0.171459,0.0,0.5111122775707312,0.4888877224292688,snapshot_308.xyz,32,10000,40.0,10000,all,308
0.0886859,0.17245,0.0,0.5142702232531169,0.4857297767468831,snapshot_309.xyz,32,10000,40.0,10000,all,309
0.0879152,0.17245,0.0,0.5098011017686286,0.4901988982313714,snapshot_310.xyz,32,10000,40.0,10000,all,310
0.0908548,0.173903,0.0,0.5224452712144126,0.47755472878558736,snapshot_311.xyz,32,10000,40.0,10000,all,311
0.0907849,0.174432,0.0,0.520460121995964,0.47953987800403597,snapshot_312.xyz,32,10000,40.0,10000,all,312
0.0915535,0.174498,0.0,0.5246679045032034,0.47533209549679656,snapshot_313.xyz,32,10000,40.0,10000,all,313
0.0930194,0.175949,0.0,0.5286725130577611,0.4713274869422389,snapshot_314.xyz,32,10000,40.0,10000,all,314
0.0923216,0.175092,0.0,0.5272748041029859,0.4727251958970141,snapshot_315.xyz,32,10000,40.0,10000,all,315
0.0923216,0.175817,0.0,0.5251005306654078,0.47489946933459215,snapshot_316.xyz,32,10000,40.0,10000,all,316
0.0937864,0.177004,0.0,0.5298546925493209,0.47014530745067906,snapshot_317.xyz,32,10000,40.0,10000,all,317
0.0945529,0.177202,0.0,0.5335882213519034,0.4664117786480966,snapshot_318.xyz,32,10000,40.0,10000,all,318
0.0960843,0.175751,0.0,0.5467069888649282,0.4532930111350718,snapshot_319.xyz,32,10000,40.0,10000,all,319
0.0977526,0.177993,0.0,0.5491935076098498,0.45080649239015025,snapshot_320.xyz,32,10000,40.0,10000,all,320
0.0989328,0.178454,0.0,0.5543882457103791,0.44561175428962085,snapshot_321.xyz,32,10000,40.0,10000,all,321
0.0976831,0.177993,0.0,0.5488030428162904,0.45119695718370956,snapshot_322.xyz,32,10000,40.0,10000,all,322
0.0994878,0.178915,0.0,0.556061817063969,0.44393818293603104,snapshot_323.xyz,32,10000,40.0,10000,all,323
0.101567,0.179179,0.0,0.5668465612599691,0.43315343874003087,snapshot_324.xyz,32,10000,40.0,10000,all,324
0.100458,0.178652,0.0,0.5623110852383405,0.4376889147616595,snapshot_325.xyz,32,10000,40.0,10000,all,325
0.102397,0.179376,0.0,0.5708511729551333,0.4291488270448667,snapshot_326.xyz,32,10000,40.0,10000,all,326
0.104816,0.181219,0.0,0.5783940977491323,0.4216059022508677,snapshot_327.xyz,32,10000,40.0,10000,all,327
0.104195,0.179311,0.0,0.5810853768034309,0.41891462319656914,snapshot_328.xyz,32,10000,40.0,10000,all,328
0.106127,0.180035,0.0,0.5894798233676785,0.41052017663232154,snapshot_329.xyz,32,10000,40.0,10000,all,329
0.107644,0.18089,0.0,0.5950798828017028,0.40492011719829724,snapshot_330.xyz,32,10000,40.0,10000,all,330
0.109296,0.181417,0.0,0.6024573220811722,0.3975426779188278,snapshot_331.xyz,32,10000,40.0,10000,all,331
0.112937,0.181417,0.0,0.6225271060595203,0.37747289394047967,snapshot_332.xyz,32,10000,40.0,10000,all,332
0.113486,0.182863,0.0,0.620606683692163,0.379393316307837,snapshot_333.xyz,32,10000,40.0,10000,all,333
0.114377,0.181219,0.0,0.6311534662480204,0.3688465337519796,snapshot_334.xyz,32,10000,40.0,10000,all,334
0.115062,0.182009,0.0,0.6321775296825981,0.3678224703174019,snapshot_335.xyz,32,10000,40.0,10000,all,335
0.117389,0.182732,0.0,0.642410743602653,0.35758925639734696,snapshot_336.xyz,32,10000,40.0,10000,all,336
0.118892,0.181548,0.0,0.6548791504175204,0.34512084958247957,snapshot_337.xyz,32,10000,40.0,10000,all,337
0.122916,0.181877,0.0,0.6758193724330178,0.3241806275669822,snapshot_338.xyz,32,10000,40.0,10000,all,338
0.123937,0.182666,0.0,0.6784897025171626,0.32151029748283744,snapshot_339.xyz,32,10000,40.0,10000,all,339
0.124957,0.183586,0.0,0.6806455829965248,0.3193544170034752,snapshot_340.xyz,32,10000,40.0,10000,all,340
0.127403,0.183389,0.0,0.6947145139566713,0.3052854860433287,snapshot_341.xyz,32,10000,40.0,10000,all,341
0.131471,0.183126,0.0,0.7179264550091193,0.28207354499088066,snapshot_342.xyz,32,10000,40.0,10000,all,342
0.132486,0.183586,0.0,0.7216563354504155,0.2783436645495845,snapshot_343.xyz,32,10000,40.0,10000,all,343
0.138562,0.182666,0.0,0.7585538633352676,0.24144613666473236,snapshot_344.xyz,32,10000,40.0,10000,all,344
0.143541,0.184506,0.0,0.7779747000097558,0.22202529999024423,snapshot_345.xyz,32,10000,40.0,10000,all,345
0.143272,0.182403,0.0,0.7854695372334884,0.21453046276651155,snapshot_346.xyz,32,10000,40.0,10000,all,346
0.148504,0.18306,0.0,0.8112312902873374,0.18876870971266257,snapshot_347.xyz,32,10000,40.0,10000,all,347
0.151181,0.181943,0.0,0.8309250699394867,0.16907493006051333,snapshot_348.xyz,32,10000,40.0,10000,all,348
0.155789,0.183192,0.0,0.8504137735272284,0.14958622647277164,snapshot_349.xyz,32,10000,40.0,10000,all,349
0.160118,0.182929,0.0,0.8753013464240225,0.12469865357597754,snapshot_350.xyz,32,10000,40.0,10000,all,350
0.162113,0.182863,0.0,0.8865270721797193,0.11347292782028073,snapshot_351.xyz,32,10000,40.0,10000,all,351
0.165233,0.184243,0.0,0.8968210461184414,0.10317895388155862,snapshot_352.xyz,32,10000,40.0,10000,all,352
0.165963,0.184506,0.0,0.8994992032779422,0.1005007967220578,snapshot_353.xyz,32,10000,40.0,10000,all,353
0.168017,0.183126,0.0,0.9174939659032578,0.08250603409674218,snapshot_354.xyz,32,10000,40.0,10000,all,354
0.16868,0.182535,0.0,0.9240967485687676,0.07590325143123244,snapshot_355.xyz,32,10000,40.0,10000,all,355
0.169209,0.182666,0.0,0.9263300231022741,0.07366997689772592,snapshot_356.xyz,32,10000,40.0,10000,all,356
0.16954,0.182272,0.0,0.9301483497191012,0.06985165028089879,snapshot_357.xyz,32,10000,40.0,10000,all,357
0.170731,0.183586,0.0,0.929978320786988,0.07002167921301194,snapshot_358.xyz,32,10000,40.0,10000,all,358
0.171723,0.182403,0.0,0.941448331441917,0.058551668558083025,snapshot_359.xyz,32,10000,40.0,10000,all,359
0.171591,0.182469,0.0,0.940384394061457,0.05961560593854298,snapshot_360.xyz,32,10000,40.0,10000,all,360
0.173705,0.183192,0.0,0.9482128040525787,0.051787195947421316,snapshot_361.xyz,32,10000,40.0,10000,all,361
0.172582,0.18168,0.0,0.949922941435491,0.05007705856450895,snapshot_362.xyz,32,10000,40.0,10000,all,362
0.173507,0.182995,0.0,0.9481515888412252,0.05184841115877481,snapshot_363.xyz,32,10000,40.0,10000,all,363
0.17245,0.182206,0.0,0.9464562089064026,0.053543791093597415,snapshot_364.xyz,32,10000,40.0,10000,all,364
0.172847,0.182469,0.0,0.9472677550707244,0.05273224492927564,snapshot_365.xyz,32,10000,40.0,10000,all,365
0.173903,0.182995,0.0,0.9503155823929617,0.049684417607038345,snapshot_366.xyz,32,10000,40.0,10000,all,366
0.173903,0.18306,0.0,0.9499781492406861,0.05002185075931387,snapshot_367.xyz,32,10000,40.0,10000,all,367
0.174828,0.184243,0.0,0.9488990083748094,0.05110099162519055,snapshot_368.xyz,32,10000,40.0,10000,all,368
0.175488,0.182732,0.0,0.9603572444891973,0.03964275551080265,snapshot_369.xyz,32,10000,40.0,10000,all,369
0.174762,0.184177,0.0,0.9488806962867241,0.05111930371327589,snapshot_370.xyz,32,10000,40.0,10000,all,370
0.173111,0.182074,0.0,0.9507727627228488,0.04922723727715117,snapshot_371.xyz,32,10000,40.0,10000,all,371
0.175026,0.1826,0.0,0.9585213581599122,0.04147864184008776,snapshot_372.xyz,32,10000,40.0,10000,all,372
0.175949,0.183389,0.0,0.9594305001935776,0.04056949980642244,snapshot_373.xyz,32,10000,40.0,10000,all,373
0.174234,0.181285,0.0,0.9611054417078081,0.038894558292191905,snapshot_374.xyz,32,10000,40.0,10000,all,374
0.1743,0.182797,0.0,0.9535167426161262,0.04648325738387382,snapshot_375.xyz,32,10000,40.0,10000,all,375
0.175356,0.182929,0.0,0.9586014245964282,0.041398575403571836,snapshot_376.xyz,32,10000,40.0,10000,all,376
0.174564,0.182863,0.0,0.9546162974467224,0.045383702553277616,snapshot_377.xyz,32,10000,40.0,10000,all,377
0.173309,0.182009,0.0,0.9522001659258608,0.047799834074139236,snapshot_378.xyz,32,10000,40.0,10000,all,378
0.174828,0.181153,0.0,0.9650847626039867,0.03491523739601332,snapshot_379.xyz,32,10000,40.0,10000,all,379
0.176411,0.181548,0.0,0.971704452816886,0.028295547183114,snapshot_380.xyz,32,10000,40.0,10000,all,380
0.175092,0.182469,0.0,0.9595712148364928,0.04042878516350723,snapshot_381.xyz,32,10000,40.0,10000,all,381
0.17463,0.182797,0.0,0.9553220238844183,0.044677976115581663,snapshot_382.xyz,32,10000,40.0,10000,all,382
0.174696,0.181351,0.0,0.9633032075919072,0.03669679240809276,snapshot_383.xyz,32,10000,40.0,10000,all,383
0.175092,0.181745,0.0,0.9633937659908114,0.03660623400918861,snapshot_384.xyz,32,10000,40.0,10000,all,384
0.174762,0.181285,0.0,0.9640179827343686,0.03598201726563144,snapshot_385.xyz,32,10000,40.0,10000,all,385
0.174498,0.181351,0.0,0.9622114021979475,0.03778859780205246,snapshot_386.xyz,32,10000,40.0,10000,all,386
0.174366,0.182469,0.0,0.9555924568008812,0.04440754319911877,snapshot_387.xyz,32,10000,40.0,10000,all,387
0.176147,0.181877,0.0,0.9684951918054509,0.03150480819454915,snapshot_388.xyz,32,10000,40.0,10000,all,388
0.175553,0.182337,0.0,0.962794166844908,0.03720583315509196,snapshot_389.xyz,32,10000,40.0,10000,all,389
0.176147,0.183389,0.0,0.9605101723658452,0.03948982763415476,snapshot_390.xyz,32,10000,40.0,10000,all,390
0.175553,0.182469,0.0,0.9620976713852764,0.037902328614723646,snapshot_391.xyz,32,10000,40.0,10000,all,391
0.175092,0.183323,0.0,0.9551011056986848,0.04489889430131522,snapshot_392.xyz,32,10000,40.0,10000,all,392
0.174498,0.18168,0.0,0.9604689564068691,0.039531043593130866,snapshot_393.xyz,32,10000,40.0,10000,all,393
0.176015,0.181022,0.0,0.9723403785175283,0.027659621482471697,snapshot_394.xyz,32,10000,40.0,10000,all,394
0.174828,0.181811,0.0,0.9615919828833239,0.038408017116676074,snapshot_395.xyz,32,10000,40.0,10000,all,395
0.177729,0.182272,0.0,0.9750757110252809,0.0249242889747191,snapshot_396.xyz,32,10000,40.0,10000,all,396
0.175751,0.183126,0.0,0.9597271823771609,0.040272817622839074,snapshot_397.xyz,32,10000,40.0,10000,all,397
0.17529,0.181482,0.0,0.965880913809634,0.034119086190365966,snapshot_398.xyz,32,10000,40.0,10000,all,398
0.176015,0.181943,0.0,0.9674183672908548,0.03258163270914516,snapshot_399.xyz,32,10000,40.0,10000,all,399
0.175619,0.182995,0.0,0.9596928877838192,0.040307112216180774,snapshot_400.xyz,32,10000,40.0,10000,all,400
0.175422,0.181877,0.0,0.964508981344535,0.035491018655465,snapshot_401.xyz,32,10000,40.0,10000,all,401
0.175949,0.182666,0.0,0.9632279679852846,0.03677203201471535,snapshot_402.xyz,32,10000,40.0,10000,all,402
0.176411,0.182206,0.0,0.9681953393411853,0.03180466065881471,snapshot_403.xyz,32,10000,40.0,10000,all,403
0.176609,0.182403,0.0,0.9682351715706429,0.03176482842935713,snapshot_404.xyz,32,10000,40.0,10000,all,404
0.175092,0.182272,0.0,0.9606083216292135,0.0393916783707865,snapshot_405.xyz,32,10000,40.0,10000,all,405
0.176147,0.183192,0.0,0.9615430804838639,0.03845691951613606,snapshot_406.xyz,32,10000,40.0,10000,all,406
0.175949,0.180824,0.0,0.9730400831747997,0.02695991682520027,snapshot_407.xyz,32,10000,40.0,10000,all,407
0.175619,0.183586,0.0,0.9566034447071128,0.04339655529288722,snapshot_408.xyz,32,10000,40.0,10000,all,408
0.176873,0.182863,0.0,0.9672432367400732,0.032756763259926824,snapshot_409.xyz,32,10000,40.0,10000,all,409
0.176345,0.182535,0.0,0.966088695318706,0.033911304681294,snapshot_410.xyz,32,10000,40.0,10000,all,410
0.175488,0.182929,0.0,0.9593230160335431,0.040676983966456914,snapshot_411.xyz,32,10000,40.0,10000,all,411
0.176741,0.182995,0.0,0.9658242028470724,0.03417579715292762,snapshot_412.xyz,32,10000,40.0,10000,all,412
0.176081,0.181877,0.0,0.9681323091979743,0.03186769080202567,snapshot_413.xyz,32,10000,40.0,10000,all,413
0.174762,0.182995,0.0,0.9550096997185716,0.044990300281428364,snapshot_414.xyz,32,10000,40.0,10000,all,414
0.175553,0.181877,0.0,0.9652292483381625,0.03477075166183752,snapshot_415.xyz,32,10000,40.0,10000,all,415
0.177466,0.182074,0.0,0.9746916089062688,0.025308391093731175,snapshot_416.xyz,32,10000,40.0,10000,all,416
0.174168,0.18089,0.0,0.9628392945989275,0.037160705401072525,snapshot_417.xyz,32,10000,40.0,10000,all,417
0.176213,0.182797,0.0,0.9639819034229228,0.03601809657707722,snapshot_418.xyz,32,10000,40.0,10000,all,418
0.177729,0.183323,0.0,0.969485552822068,0.030514447177931947,snapshot_419.xyz,32,10000,40.0,10000,all,419
0.176147,0.182337,0.0,0.9660518709861411,0.03394812901385891,snapshot_420.xyz,32,10000,40.0,10000,all,420
0.176477,0.183323,0.0,0.9626560769788841,0.03734392302111589,snapshot_421.xyz,32,10000,40.0,10000,all,421
0.176938,0.182469,0.0,0.9696880017975658,0.030311998202434243,snapshot_422.xyz,32,10000,40.0,10000,all,422
0.17463,0.181877,0.0,0.9601543900548173,0.039845609945182714,snapshot_423.xyz,32,10000,40.0,10000,all,423
0.174762,0.182009,0.0,0.9601832876396222,0.03981671236037776,snapshot_424.xyz,32,10000,40.0,10000,all,424
0.177664,0.183849,0.0,0.9663582613993004,0.03364173860069963,snapshot_425.xyz,32,10000,40.0,10000,all,425
0.176345,0.182469,0.0,0.9664381346968527,0.03356186530314731,snapshot_426.xyz,32,10000,40.0,10000,all,426
0.175619,0.181877,0.0,0.965592130945639,0.034407869054360996,snapshot_427.xyz,32,10000,40.0,10000,all,427
0.177004,0.183389,0.0,0.9651832988892464,0.034816701110753634,snapshot_428.xyz,32,10000,40.0,10000,all,428
0.176147,0.182732,0.0,0.9639636188516516,0.036036381148348395,snapshot_429.xyz,32,10000,40.0,10000,all,429
0.176411,0.182337,0.0,0.9674997394933558,0.03250026050664423,snapshot_430.xyz,32,10000,40.0,10000,all,430
0.176213,0.181548,0.0,0.9706138321545819,0.029386167845418143,snapshot_431.xyz,32,10000,40.0,10000,all,431
0.175817,0.182469,0.0,0.9635444924891352,0.03645550751086479,snapshot_432.xyz,32,10000,40.0,10000,all,432
0.177334,0.183126,0.0,0.9683715037733581,0.03162849622664188,snapshot_433.xyz,32,10000,40.0,10000,all,433
0.175685,0.181482,0.0,0.9680574382032378,0.03194256179676225,snapshot_434.xyz,32,10000,40.0,10000,all,434
0.176411,0.182732,0.0,0.965408357594729,0.03459164240527102,snapshot_435.xyz,32,10000,40.0,10000,all,435
0.176741,0.183192,0.0,0.9647855801563388,0.03521441984366125,snapshot_436.xyz,32,10000,40.0,10000,all,436
0.175685,0.181614,0.0,0.9673538383604788,0.032646161639521165,snapshot_437.xyz,32,10000,40.0,10000,all,437
0.174564,0.180956,0.0,0.9646764959437653,0.035323504056234745,snapshot_438.xyz,32,10000,40.0,10000,all,438
0.175224,0.183192,0.0,0.9565046508581161,0.04349534914188391,snapshot_439.xyz,32,10000,40.0,10000,all,439
0.177334,0.183849,0.0,0.9645633101077513,0.035436689892248685,snapshot_440.xyz,32,10000,40.0,10000,all,440
0.176279,0.182272,0.0,0.9671205670646067,0.032879432935393305,snapshot_441.xyz,32,10000,40.0,10000,all,441
0.17529,0.181943,0.0,0.9634336028316561,0.03656639716834387,snapshot_442.xyz,32,10000,40.0,10000,all,442
0.175224,0.182272,0.0,0.9613325140449438,0.0386674859550562,snapshot_443.xyz,32,10000,40.0,10000,all,443
0.175817,0.181153,0.0,0.9705442360877269,0.029455763912273114,snapshot_444.xyz,32,10000,40.0,10000,all,444
0.176279,0.182074,0.0,0.968172281599789,0.031827718400211036,snapshot_445.xyz,32,10000,40.0,10000,all,445
0.176015,0.181745,0.0,0.9684723101048173,0.03152768989518273,snapshot_446.xyz,32,10000,40.0,10000,all,446
0.174894,0.181153,0.0,0.965449095515945,0.034550904484054956,snapshot_447.xyz,32,10000,40.0,10000,all,447
0.176938,0.182732,0.0,0.9682923625856446,0.03170763741435545,snapshot_448.xyz,32,10000,40.0,10000,all,448
0.176015,0.181745,0.0,0.9684723101048173,0.03152768989518273,snapshot_449.xyz,32,10000,40.0,10000,all,449
0.17496,0.18168,0.0,0.963011889035667,0.036988110964332965,snapshot_450.xyz,32,10000,40.0,10000,all,450
0.177532,0.182863,0.0,0.9708470275561486,0.0291529724438514,snapshot_451.xyz,32,10000,40.0,10000,all,451
0.17496,0.181548,0.0,0.9637120761451518,0.03628792385484825,snapshot_452.xyz,32,10000,40.0,10000,all,452
0.177729,0.183389,0.0,0.969136643964469,0.03086335603553103,snapshot_453.xyz,32,10000,40.0,10000,all,453
0.176345,0.182929,0.0,0.9640078937729939,0.035992106227006104,snapshot_454.xyz,32,10000,40.0,10000,all,454
0.175092,0.182732,0.0,0.9581901363745813,0.04180986362541872,snapshot_455.xyz,32,10000,40.0,10000,all,455
0.175026,0.180693,0.0,0.9686374126280487,0.0313625873719513,snapshot_456.xyz,32,10000,40.0,10000,all,456
0.176081,0.18168,0.0,0.9691820783795684,0.03081792162043162,snapshot_457.xyz,32,10000,40.0,10000,all,457
0.175092,0.182403,0.0,0.9599184223943684,0.04008157760563158,snapshot_458.xyz,32,10000,40.0,10000,all,458
0.176543,0.182009,0.0,0.9699685180403167,0.030031481959683304,snapshot_459.xyz,32,10000,40.0,10000,all,459
0.175092,0.181548,0.0,0.9644391565866879,0.035560843413312115,snapshot_460.xyz,32,10000,40.0,10000,all,460
0.176345,0.181877,0.0,0.9695838396278803,0.030416160372119694,snapshot_461.xyz,32,10000,40.0,10000,all,461
0.176873,0.182732,0.0,0.9679366503951141,0.03206334960488588,snapshot_462.xyz,32,10000,40.0,10000,all,462
0.177004,0.181877,0.0,0.9732071674813197,0.026792832518680254,snapshot_463.xyz,32,10000,40.0,10000,all,463
0.176081,0.182206,0.0,0.9663842024960758,0.03361579750392418,snapshot_464.xyz,32,10000,40.0,10000,all,464
0.174564,0.181153,0.0,0.963627430956153,0.036372569043847,snapshot_465.xyz,32,10000,40.0,10000,all,465
0.176477,0.1826,0.0,0.9664676889375684,0.0335323110624316,snapshot_466.xyz,32,10000,40.0,10000,all,466
0.175092,0.181482,0.0,0.964789896518663,0.03521010348133702,snapshot_467.xyz,32,10000,40.0,10000,all,467
0.176477,0.182272,0.0,0.9682068556882023,0.031793144311797694,snapshot_468.xyz,32,10000,40.0,10000,all,468
0.175422,0.180824,0.0,0.9701256470380037,0.029874352961996253,snapshot_469.xyz,32,10000,40.0,10000,all,469
0.174762,0.181285,0.0,0.9640179827343686,0.03598201726563144,snapshot_470.xyz,32,10000,40.0,10000,all,470
0.177202,0.182074,0.0,0.9732416489998571,0.0267583510001429,snapshot_471.xyz,32,10000,40.0,10000,all,471
0.176213,0.181943,0.0,0.9685066202052292,0.03149337979477085,snapshot_472.xyz,32,10000,40.0,10000,all,472
0.175224,0.181548,0.0,0.9651662370282239,0.034833762971776094,snapshot_473.xyz,32,10000,40.0,10000,all,473
0.176938,0.182337,0.0,0.970389992157379,0.029610007842621022,snapshot_474.xyz,32,10000,40.0,10000,all,474
0.175619,0.182206,0.0,0.9638486109129227,0.03615138908707727,snapshot_475.xyz,32,10000,40.0,10000,all,475
0.175026,0.180693,0.0,0.9686374126280487,0.0313625873719513,snapshot_476.xyz,32,10000,40.0,10000,all,476
0.176741,0.18306,0.0,0.9654812629738884,0.034518737026111634,snapshot_477.xyz,32,10000,40.0,10000,all,477
0.177993,0.183258,0.0,0.9712700127688833,0.02872998723111675,snapshot_478.xyz,32,10000,40.0,10000,all,478
0.176543,0.183258,0.0,0.9633576706064674,0.036642329393532624,snapshot_479.xyz,32,10000,40.0,10000,all,479
0.176279,0.182206,0.0,0.9674708846031415,0.03252911539685854,snapshot_480.xyz,32,10000,40.0,10000,all,480
0.176081,0.182535,0.0,0.9646423973484536,0.035357602651546416,snapshot_481.xyz,32,10000,40.0,10000,all,481
0.176938,0.181877,0.0,0.9728442848738433,0.027155715126156665,snapshot_482.xyz,32,10000,40.0,10000,all,482
0.175949,0.181482,0.0,0.9695121279245325,0.030487872075467548,snapshot_483.xyz,32,10000,40.0,10000,all,483
0.175356,0.182929,0.0,0.9586014245964282,0.041398575403571836,snapshot_484.xyz,32,10000,40.0,10000,all,484
0.174828,0.181548,0.0,0.9629849957036157,0.03701500429638427,snapshot_485.xyz,32,10000,40.0,10000,all,485
0.175158,0.18168,0.0,0.9641017173051519,0.03589828269484807,snapshot_486.xyz,32,10000,40.0,10000,all,486
0.177004,0.182797,0.0,0.968309107917526,0.031690892082474,snapshot_487.xyz,32,10000,40.0,10000,all,487
0.176279,0.181351,0.0,0.9720321365749292,0.02796786342507085,snapshot_488.xyz,32,10000,40.0,10000,all,488
0.178388,0.183652,0.0,0.9713370940692178,0.028662905930782245,snapshot_489.xyz,32,10000,40.0,10000,all,489
0.17707,0.182666,0.0,0.9693648516965391,0.030635148303460924,snapshot_490.xyz,32,10000,40.0,10000,all,490
0.175817,0.182469,0.0,0.9635444924891352,0.03645550751086479,snapshot_491.xyz,32,10000,40.0,10000,all,491
0.175026,0.181153,0.0,0.9661777613398618,0.033822238660138226,snapshot_492.xyz,32,10000,40.0,10000,all,492
0.174432,0.181614,0.0,0.9604545905051373,0.03954540949486274,snapshot_493.xyz,32,10000,40.0,10000,all,493
0.177268,0.18168,0.0,0.9757155438132981,0.02428445618670194,snapshot_494.xyz,32,10000,40.0,10000,all,494
0.175488,0.18306,0.0,0.9586365126188136,0.04136348738118645,snapshot_495.xyz,32,10000,40.0,10000,all,495
0.175158,0.182469,0.0,0.9599329201124576,0.040067079887542434,snapshot_496.xyz,32,10000,40.0,10000,all,496
0.175224,0.180495,0.0,0.9707969749854567,0.029203025014543305,snapshot_497.xyz,32,10000,40.0,10000,all,497
0.177136,0.181417,0.0,0.9764024319661332,0.02359756803386681,snapshot_498.xyz,32,10000,40.0,10000,all,498
0.1743,0.181088,0.0,0.9625154620957767,0.03748453790422335,snapshot_499.xyz,32,10000,40.0,10000,all,499
0.176807,0.182797,0.0,0.9672314097058485,0.03276859029415147,snapshot_500.xyz,32,10000,40.0,10000,all,500
0.176015,0.181153,0.0,0.9716372348236021,0.02836276517639791,snapshot_501.xyz,32,10000,40.0,10000,all,501
0.176081,0.184506,0.0,0.9543375283188622,0.045662471681137795,snapshot_502.xyz,32,10000,40.0,10000,all,502
0.175422,0.181877,0.0,0.964508981344535,0.035491018655465,snapshot_503.xyz,32,10000,40.0,10000,all,503
0.174101,0.183192,0.0,0.9503744705008953,0.049625529499104704,snapshot_504.xyz,32,10000,40.0,10000,all,504
0.173639,0.181022,0.0,0.9592149020561037,0.04078509794389629,snapshot_505.xyz,32,10000,40.0,10000,all,505
0.175026,0.181811,0.0,0.962681025900523,0.03731897409947704,snapshot_506.xyz,32,10000,40.0,10000,all,506
0.17463,0.181811,0.0,0.9605029398661248,0.03949706013387522,snapshot_507.xyz,32,10000,40.0,10000,all,507
0.175685,0.182666,0.0,0.9617827072361579,0.038217292763842114,snapshot_508.xyz,32,10000,40.0,10000,all,508
0.17529,0.182272,0.0,0.961694610252809,0.038305389747191,snapshot_509.xyz,32,10000,40.0,10000,all,509
0.17496,0.182469,0.0,0.9588478042845635,0.04115219571543649,snapshot_510.xyz,32,10000,40.0,10000,all,510
0.174564,0.181943,0.0,0.9594433421456171,0.040556657854382894,snapshot_511.xyz,32,10000,40.0,10000,all,511
0.17529,0.182732,0.0,0.9592736904318893,0.04072630956811074,snapshot_512.xyz,32,10000,40.0,10000,all,512
0.17707,0.182074,0.0,0.9725166690466513,0.02748333095334865,snapshot_513.xyz,32,10000,40.0,10000,all,513
0.175092,0.182272,0.0,0.9606083216292135,0.0393916783707865,snapshot_514.xyz,32,10000,40.0,10000,all,514
0.17529,0.182929,0.0,0.9582406288778706,0.04175937112212935,snapshot_515.xyz,32,10000,40.0,10000,all,515
0.175158,0.182732,0.0,0.9585513210603507,0.04144867893964932,snapshot_516.xyz,32,10000,40.0,10000,all,516
0.174101,0.181022,0.0,0.9617670780347141,0.03823292196528594,snapshot_517.xyz,32,10000,40.0,10000,all,517
0.175949,0.183718,0.0,0.957712363513646,0.04228763648635403,snapshot_518.xyz,32,10000,40.0,10000,all,518
0.174696,0.182272,0.0,0.9584357443820225,0.0415642556179775,snapshot_519.xyz,32,10000,40.0,10000,all,519
0.176015,0.182469,0.0,0.9646296083170293,0.03537039168297074,snapshot_520.xyz,32,10000,40.0,10000,all,520
0.175553,0.183389,0.0,0.9572711558490421,0.0427288441509579,snapshot_521.xyz,32,10000,40.0,10000,all,521
0.174894,0.18214,0.0,0.96021741517514,0.03978258482485997,snapshot_522.xyz,32,10000,40.0,10000,all,522
0.173705,0.18214,0.0,0.9536894696387395,0.04631053036126054,snapshot_523.xyz,32,10000,40.0,10000,all,523
0.173903,0.180693,0.0,0.9624224513401184,0.03757754865988161,snapshot_524.xyz,32,10000,40.0,10000,all,524
0.17496,0.183192,0.0,0.9550635398925718,0.044936460107428244,snapshot_525.xyz,32,10000,40.0,10000,all,525
0.17463,0.181482,0.0,0.9622441895063973,0.03775581049360266,snapshot_526.xyz,32,10000,40.0,10000,all,526
0.175685,0.182863,0.0,0.960746569836435,0.03925343016356497,snapshot_527.xyz,32,10000,40.0,10000,all,527
0.174168,0.182074,0.0,0.9565780946208683,0.04342190537913171,snapshot_528.xyz,32,10000,40.0,10000,all,528
0.174366,0.18214,0.0,0.9573185461732733,0.04268145382672672,snapshot_529.xyz,32,10000,40.0,10000,all,529
0.174432,0.181943,0.0,0.9587178402027009,0.0412821597972991,snapshot_530.xyz,32,10000,40.0,10000,all,530
0.175751,0.182469,0.0,0.9631827872131704,0.03681721278682959,snapshot_531.xyz,32,10000,40.0,10000,all,531
0.176015,0.182206,0.0,0.966021975127054,0.03397802487294599,snapshot_532.xyz,32,10000,40.0,10000,all,532
0.176477,0.183849,0.0,0.9599018759960619,0.040098124003938085,snapshot_533.xyz,32,10000,40.0,10000,all,533
0.175488,0.182469,0.0,0.961741446492281,0.038258553507719006,snapshot_534.xyz,32,10000,40.0,10000,all,534
0.174168,0.182272,0.0,0.9555389747191011,0.0444610252808989,snapshot_535.xyz,32,10000,40.0,10000,all,535
0.175751,0.182995,0.0,0.9604142189677314,0.03958578103226862,snapshot_536.xyz,32,10000,40.0,10000,all,536
0.174168,0.181548,0.0,0.959349593495935,0.04065040650406504,snapshot_537.xyz,32,10000,40.0,10000,all,537
0.175224,0.182797,0.0,0.9585715301673441,0.04142846983265591,snapshot_538.xyz,32,10000,40.0,10000,all,538
0.175883,0.18214,0.0,0.9656473042714396,0.03435269572856037,snapshot_539.xyz,32,10000,40.0,10000,all,539
0.174101,0.181022,0.0,0.9617670780347141,0.03823292196528594,snapshot_540.xyz,32,10000,40.0,10000,all,540
0.173507,0.182403,0.0,0.9512288723321436,0.048771127667856407,snapshot_541.xyz,32,10000,40.0,10000,all,541
0.176147,0.18306,0.0,0.9622364252157762,0.03776357478422376,snapshot_542.xyz,32,10000,40.0,10000,all,542
0.175553,0.183323,0.0,0.9576157928901445,0.042384207109855465,snapshot_543.xyz,32,10000,40.0,10000,all,543
0.17529,0.183258,0.0,0.9565203156206005,0.04347968437939953,snapshot_544.xyz,32,10000,40.0,10000,all,544
0.17496,0.182206,0.0,0.960231825516174,0.03976817448382597,snapshot_545.xyz,32,10000,40.0,10000,all,545
0.176213,0.183455,0.0,0.9605243792755717,0.03947562072442834,snapshot_546.xyz,32,10000,40.0,10000,all,546
0.175619,0.182797,0.0,0.9607323971399969,0.03926760286000308,snapshot_547.xyz,32,10000,40.0,10000,all,547
0.175817,0.182469,0.0,0.9635444924891352,0.03645550751086479,snapshot_548.xyz,32,10000,40.0,10000,all,548
0.17463,0.18352,0.0,0.9515584132519618,0.04844158674803822,snapshot_549.xyz,32,10000,40.0,10000,all,549
0.174498,0.182995,0.0,0.9535670373507472,0.046432962649252785,snapshot_550.xyz,32,10000,40.0,10000,all,550
0.174894,0.182337,0.0,0.9591799799272774,0.04082002007272256,snapshot_551.xyz,32,10000,40.0,10000,all,551
0.175883,0.182469,0.0,0.9639061977650999,0.03609380223490011,snapshot_552.xyz,32,10000,40.0,10000,all,552
0.173837,0.18168,0.0,0.9568306913254072,0.04316930867459279,snapshot_553.xyz,32,10000,40.0,10000,all,553
0.175224,0.182403,0.0,0.9606420947023897,0.039357905297610296,snapshot_554.xyz,32,10000,40.0,10000,all,554
0.174035,0.18214,0.0,0.9555012627649061,0.0444987372350939,snapshot_555.xyz,32,10000,40.0,10000,all,555
0.173903,0.181811,0.0,0.9565042819191358,0.043495718080864165,snapshot_556.xyz,32,10000,40.0,10000,all,556
0.176081,0.182469,0.0,0.9649913135929938,0.03500868640700616,snapshot_557.xyz,32,10000,40.0,10000,all,557
0.176147,0.182863,0.0,0.963273051410072,0.03672694858992798,snapshot_558.xyz,32,10000,40.0,10000,all,558
0.175883,0.18306,0.0,0.9607942751010599,0.03920572489894014,snapshot_559.xyz,32,10000,40.0,10000,all,559
0.17529,0.180561,0.0,0.9708076494924153,0.02919235050758473,snapshot_560.xyz,32,10000,40.0,10000,all,560
0.174498,0.18306,0.0,0.9532284496886266,0.04677155031137337,snapshot_561.xyz,32,10000,40.0,10000,all,561
0.174762,0.1826,0.0,0.9570755750273822,0.042924424972617836,snapshot_562.xyz,32,10000,40.0,10000,all,562
0.173573,0.181614,0.0,0.9557247789267348,0.0442752210732652,snapshot_563.xyz,32,10000,40.0,10000,all,563
0.175158,0.182535,0.0,0.9595858328539733,0.04041416714602675,snapshot_564.xyz,32,10000,40.0,10000,all,564
0.175356,0.180824,0.0,0.9697606512409858,0.03023934875901424,snapshot_565.xyz,32,10000,40.0,10000,all,565
0.175619,0.182863,0.0,0.9603856438973439,0.03961435610265607,snapshot_566.xyz,32,10000,40.0,10000,all,566
0.173969,0.183126,0.0,0.9499961774952765,0.05000382250472346,snapshot_567.xyz,32,10000,40.0,10000,all,567
0.174035,0.181285,0.0,0.9600077226466613,0.03999227735333866,snapshot_568.xyz,32,10000,40.0,10000,all,568
0.174498,0.181811,0.0,0.9597769111879918,0.0402230888120082,snapshot_569.xyz,32,10000,40.0,10000,all,569
0.173243,0.18089,0.0,0.9577256896456411,0.04227431035435891,snapshot_570.xyz,32,10000,40.0,10000,all,570
0.175026,0.181417,0.0,0.9647717689080957,0.035228231091904316,snapshot_571.xyz,32,10000,40.0,10000,all,571
0.175949,0.182995,0.0,0.9614962157435996,0.03850378425640044,snapshot_572.xyz,32,10000,40.0,10000,all,572
0.176147,0.183652,0.0,0.9591346677411626,0.04086533225883737,snapshot_573.xyz,32,10000,40.0,10000,all,573
0.174168,0.182535,0.0,0.954162215465527,0.04583778453447296,snapshot_574.xyz,32,10000,40.0,10000,all,574
0.174366,0.182272,0.0,0.9566252633426966,0.0433747366573034,snapshot_575.xyz,32,10000,40.0,10000,all,575
0.175422,0.181943,0.0,0.9641591047745722,0.03584089522542777,snapshot_576.xyz,32,10000,40.0,10000,all,576
0.174432,0.18214,0.0,0.9576809047985066,0.04231909520149335,snapshot_577.xyz,32,10000,40.0,10000,all,577
0.173771,0.1826,0.0,0.9516484118291347,0.04835158817086527,snapshot_578.xyz,32,10000,40.0,10000,all,578
0.174101,0.181417,0.0,0.9596730185153541,0.04032698148464586,snapshot_579.xyz,32,10000,40.0,10000,all,579
0.17529,0.181745,0.0,0.9644832044898072,0.03551679551019282,snapshot_580.xyz,32,10000,40.0,10000,all,580
0.173375,0.181811,0.0,0.9536001672066047,0.046399832793395324,snapshot_581.xyz,32,10000,40.0,10000,all,581
0.176345,0.183389,0.0,0.961589844538113,0.038410155461886974,snapshot_582.xyz,32,10000,40.0,10000,all,582
0.174762,0.181877,0.0,0.9608801552697702,0.03911984473022978,snapshot_583.xyz,32,10000,40.0,10000,all,583
0.174432,0.182469,0.0,0.955954162076846,0.044045837923153974,snapshot_584.xyz,32,10000,40.0,10000,all,584
0.175422,0.182272,0.0,0.9624188026685393,0.0375811973314607,snapshot_585.xyz,32,10000,40.0,10000,all,585
0.176279,0.183586,0.0,0.9601984900809429,0.039801509919057065,snapshot_586.xyz,32,10000,40.0,10000,all,586
0.173639,0.181417,0.0,0.9571263994002767,0.04287360059972334,snapshot_587.xyz,32,10000,40.0,10000,all,587
0.175158,0.182995,0.0,0.957173693270308,0.04282630672969201,snapshot_588.xyz,32,10000,40.0,10000,all,588
0.175488,0.181219,0.0,0.9683752807376711,0.031624719262328904,snapshot_589.xyz,32,10000,40.0,10000,all,589
0.175685,0.18214,0.0,0.9645602283957396,0.03543977160426037,snapshot_590.xyz,32,10000,40.0,10000,all,590
0.175026,0.181811,0.0,0.962681025900523,0.03731897409947704,snapshot_591.xyz,32,10000,40.0,10000,all,591
0.174035,0.182666,0.0,0.9527498275541152,0.04725017244588481,snapshot_592.xyz,32,10000,40.0,10000,all,592
0.174696,0.182337,0.0,0.9580940785468665,0.04190592145313354,snapshot_593.xyz,32,10000,40.0,10000,all,593
0.176081,0.18168,0.0,0.9691820783795684,0.03081792162043162,snapshot_594.xyz,32,10000,40.0,10000,all,594
0.174696,0.180824,0.0,0.9661106932708047,0.03388930672919532,snapshot_595.xyz,32,10000,40.0,10000,all,595
0.173639,0.18214,0.0,0.9533271110135061,0.04667288898649391,snapshot_596.xyz,32,10000,40.0,10000,all,596
0.174168,0.182732,0.0,0.9531335507738108,0.04686644922618921,snapshot_597.xyz,32,10000,40.0,10000,all,597
0.175488,0.181943,0.0,0.9645218557460304,0.03547814425396956,snapshot_598.xyz,32,10000,40.0,10000,all,598
0.176279,0.183652,0.0,0.9598534184217976,0.04014658157820239,snapshot_599.xyz,32,10000,40.0,10000,all,599
0.176147,0.181943,0.0,0.968143869233771,0.03185613076622895,snapshot_600.xyz,32,10000,40.0,10000,all,600
0.17496,0.181877,0.0,0.9619688030921997,0.038031196907800324,snapshot_601.xyz,32,10000,40.0,10000,all,601
0.173309,0.182797,0.0,0.9480954282619518,0.05190457173804819,snapshot_602.xyz,32,10000,40.0,10000,all,602
0.171723,0.18168,0.0,0.9451948480845441,0.054805151915455874,snapshot_603.xyz,32,10000,40.0,10000,all,603
0.171194,0.181943,0.0,0.9409210576938932,0.059078942306106774,snapshot_604.xyz,32,10000,40.0,10000,all,604
0.17245,0.183652,0.0,0.9390042036024654,0.06099579639753461,snapshot_605.xyz,32,10000,40.0,10000,all,605
0.171723,0.18214,0.0,0.9428077303173382,0.05719226968266178,snapshot_606.xyz,32,10000,40.0,10000,all,606
0.171855,0.183652,0.0,0.9357643804586936,0.06423561954130641,snapshot_607.xyz,32,10000,40.0,10000,all,607
0.172648,0.183192,0.0,0.9424429014367439,0.05755709856325608,snapshot_608.xyz,32,10000,40.0,10000,all,608
0.174035,0.184046,0.0,0.9456059898068961,0.05439401019310386,snapshot_609.xyz,32,10000,40.0,10000,all,609
0.173507,0.183586,0.0,0.9450992995108559,0.05490070048914408,snapshot_610.xyz,32,10000,40.0,10000,all,610
0.172384,0.183192,0.0,0.9410017904711997,0.058998209528800305,snapshot_611.xyz,32,10000,40.0,10000,all,611
0.171855,0.182337,0.0,0.9425130390430906,0.057486960956909416,snapshot_612.xyz,32,10000,40.0,10000,all,612
0.171855,0.182535,0.0,0.9414906730216123,0.05850932697838773,snapshot_613.xyz,32,10000,40.0,10000,all,613
0.171723,0.1826,0.0,0.940432639649507,0.05956736035049304,snapshot_614.xyz,32,10000,40.0,10000,all,614
0.17245,0.1826,0.0,0.9444140197152244,0.05558598028477557,snapshot_615.xyz,32,10000,40.0,10000,all,615
0.173441,0.182272,0.0,0.9515504301264046,0.04844956987359539,snapshot_616.xyz,32,10000,40.0,10000,all,616
0.173639,0.18306,0.0,0.9485359991259695,0.05146400087403047,snapshot_617.xyz,32,10000,40.0,10000,all,617
0.173837,0.183192,0.0,0.9489333595353509,0.05106664046464915,snapshot_618.xyz,32,10000,40.0,10000,all,618
0.174564,0.183389,0.0,0.9518782478774627,0.04812175212253733,snapshot_619.xyz,32,10000,40.0,10000,all,619
0.172252,0.183258,0.0,0.9399425945934147,0.06005740540658533,snapshot_620.xyz,32,10000,40.0,10000,all,620
0.173045,0.182272,0.0,0.9493778528792136,0.05062214712078639,snapshot_621.xyz,32,10000,40.0,10000,all,621
0.172318,0.1826,0.0,0.9436911281489594,0.05630887185104061,snapshot_622.xyz,32,10000,40.0,10000,all,622
0.171657,0.181745,0.0,0.9444936586976259,0.055506341302374085,snapshot_623.xyz,32,10000,40.0,10000,all,623
0.174035,0.18352,0.0,0.9483162598081953,0.05168374019180466,snapshot_624.xyz,32,10000,40.0,10000,all,624
0.173243,0.182469,0.0,0.9494379867265126,0.050562013273487416,snapshot_625.xyz,32,10000,40.0,10000,all,625
0.173177,0.182929,0.0,0.9466896992822351,0.05331030071776488,snapshot_626.xyz,32,10000,40.0,10000,all,626
0.171194,0.182863,0.0,0.9361872002537419,0.06381279974625809,snapshot_627.xyz,32,10000,40.0,10000,all,627
0.172714,0.183192,0.0,0.9428031791781302,0.05719682082186983,snapshot_628.xyz,32,10000,40.0,10000,all,628
0.172847,0.182863,0.0,0.9452267544555214,0.0547732455444786,snapshot_629.xyz,32,10000,40.0,10000,all,629
0.171591,0.181811,0.0,0.9437877796172949,0.056212220382705125,snapshot_630.xyz,32,10000,40.0,10000,all,630
0.172186,0.182403,0.0,0.9439866668859613,0.056013333114038666,snapshot_631.xyz,32,10000,40.0,10000,all,631
0.170996,0.182863,0.0,0.9351044224364689,0.06489557756353115,snapshot_632.xyz,32,10000,40.0,10000,all,632
0.171525,0.182206,0.0,0.9413795374466264,0.05862046255337361,snapshot_633.xyz,32,10000,40.0,10000,all,633
0.1704,0.181614,0.0,0.9382536588588986,0.061746341141101446,snapshot_634.xyz,32,10000,40.0,10000,all,634
0.171128,0.182009,0.0,0.9402172420045163,0.059782757995483715,snapshot_635.xyz,32,10000,40.0,10000,all,635
0.17245,0.183126,0.0,0.9417013422452299,0.058298657754770056,snapshot_636.xyz,32,10000,40.0,10000,all,636
0.171194,0.182797,0.0,0.9365252164969886,0.06347478350301139,snapshot_637.xyz,32,10000,40.0,10000,all,637
0.172979,0.183783,0.0,0.9412132787036885,0.05878672129631146,snapshot_638.xyz,32,10000,40.0,10000,all,638
0.174366,0.183652,0.0,0.9494369786335024,0.050563021366497596,snapshot_639.xyz,32,10000,40.0,10000,all,639
0.173243,0.18214,0.0,0.9511529592621062,0.04884704073789381,snapshot_640.xyz,32,10000,40.0,10000,all,640
0.172186,0.181877,0.0,0.9467167371355366,0.05328326286446339,snapshot_641.xyz,32,10000,40.0,10000,all,641
0.173837,0.183126,0.0,0.9492753623188405,0.050724637681159535,snapshot_642.xyz,32,10000,40.0,10000,all,642
0.172516,0.182732,0.0,0.9440929886390999,0.05590701136090015,snapshot_643.xyz,32,10000,40.0,10000,all,643
0.173309,0.183586,0.0,0.9440207858987069,0.05597921410129314,snapshot_644.xyz,32,10000,40.0,10000,all,644
0.17212,0.183192,0.0,0.9395606795056552,0.06043932049434475,snapshot_645.xyz,32,10000,40.0,10000,all,645
0.170996,0.183389,0.0,0.9324223372176086,0.06757766278239141,snapshot_646.xyz,32,10000,40.0,10000,all,646
0.172384,0.18444,0.0,0.9346345695076991,0.06536543049230092,snapshot_647.xyz,32,10000,40.0,10000,all,647
0.17126,0.18168,0.0,0.9426464112725671,0.0573535887274329,snapshot_648.xyz,32,10000,40.0,10000,all,648
0.172847,0.182469,0.0,0.9472677550707244,0.05273224492927564,snapshot_649.xyz,32,10000,40.0,10000,all,649
0.174894,0.184834,0.0,0.9462220154300616,0.05377798456993843,snapshot_650.xyz,32,10000,40.0,10000,all,650
0.173177,0.18306,0.0,0.9460122364252158,0.05398776357478419,snapshot_651.xyz,32,10000,40.0,10000,all,651
0.173111,0.1826,0.0,0.9480339539978093,0.05196604600219068,snapshot_652.xyz,32,10000,40.0,10000,all,652
0.172714,0.182206,0.0,0.9479051183824901,0.05209488161750986,snapshot_653.xyz,32,10000,40.0,10000,all,653
0.172384,0.181614,0.0,0.9491779268118097,0.05082207318819032,snapshot_654.xyz,32,10000,40.0,10000,all,654
0.174101,0.184309,0.0,0.9446147502292346,0.05538524977076542,snapshot_655.xyz,32,10000,40.0,10000,all,655
0.173243,0.183718,0.0,0.9429832678343985,0.05701673216560155,snapshot_656.xyz,32,10000,40.0,10000,all,656
0.173771,0.183126,0.0,0.9489149547306226,0.051085045269377405,snapshot_657.xyz,32,10000,40.0,10000,all,657
0.171591,0.182403,0.0,0.9407246591338957,0.05927534086610431,snapshot_658.xyz,32,10000,40.0,10000,all,658
0.172054,0.181548,0.0,0.9477052900610309,0.05229470993896912,snapshot_659.xyz,32,10000,40.0,10000,all,659
0.171855,0.181877,0.0,0.9448968258768289,0.05510317412317112,snapshot_660.xyz,32,10000,40.0,10000,all,660
0.173441,0.182863,0.0,0.9484750879073406,0.051524912092659414,snapshot_661.xyz,32,10000,40.0,10000,all,661
0.17126,0.182337,0.0,0.9392498505514514,0.06075014944854862,snapshot_662.xyz,32,10000,40.0,10000,all,662
0.173639,0.183915,0.0,0.9441263627219095,0.05587363727809047,snapshot_663.xyz,32,10000,40.0,10000,all,663
0.172913,0.182995,0.0,0.9449055985136207,0.05509440148637934,snapshot_664.xyz,32,10000,40.0,10000,all,664
0.172252,0.182469,0.0,0.944006927204073,0.055993072795927024,snapshot_665.xyz,32,10000,40.0,10000,all,665
0.173969,0.182732,0.0,0.952044524221264,0.047955475778736045,snapshot_666.xyz,32,10000,40.0,10000,all,666
0.172979,0.18398,0.0,0.9402054571149038,0.059794542885096225,snapshot_667.xyz,32,10000,40.0,10000,all,667
0.171525,0.18214,0.0,0.9417206544416383,0.05827934555836167,snapshot_668.xyz,32,10000,40.0,10000,all,668
0.171393,0.182009,0.0,0.9416732139619468,0.05832678603805319,snapshot_669.xyz,32,10000,40.0,10000,all,669
0.170268,0.181482,0.0,0.9382087479750058,0.06179125202499425,snapshot_670.xyz,32,10000,40.0,10000,all,670
0.171459,0.18168,0.0,0.9437417437252311,0.05625825627476888,snapshot_671.xyz,32,10000,40.0,10000,all,671
0.171723,0.183849,0.0,0.9340436989050795,0.06595630109492046,snapshot_672.xyz,32,10000,40.0,10000,all,672
0.173507,0.183258,0.0,0.9467908631546781,0.053209136845321914,snapshot_673.xyz,32,10000,40.0,10000,all,673
0.171393,0.18306,0.0,0.9362667977712225,0.06373320222877754,snapshot_674.xyz,32,10000,40.0,10000,all,674
0.173309,0.18306,0.0,0.946733311482574,0.053266688517426,snapshot_675.xyz,32,10000,40.0,10000,all,675
0.173309,0.181614,0.0,0.9542711464975167,0.045728853502483346,snapshot_676.xyz,32,10000,40.0,10000,all,676
0.173441,0.184966,0.0,0.9376912513651159,0.062308748634884115,snapshot_677.xyz,32,10000,40.0,10000,all,677
0.171921,0.180759,0.0,0.9511061689874363,0.04889383101256373,snapshot_678.xyz,32,10000,40.0,10000,all,678
0.173243,0.183652,0.0,0.9433221527671901,0.056677847232809886,snapshot_679.xyz,32,10000,40.0,10000,all,679
0.17093,0.182535,0.0,0.9364231517243268,0.06357684827567323,snapshot_680.xyz,32,10000,40.0,10000,all,680
0.173771,0.183192,0.0,0.9485730817939649,0.051426918206035066,snapshot_681.xyz,32,10000,40.0,10000,all,681
0.17245,0.18214,0.0,0.9467991654771055,0.05320083452289448,snapshot_682.xyz,32,10000,40.0,10000,all,682
0.172516,0.182995,0.0,0.9427361403317032,0.057263859668296835,snapshot_683.xyz,32,10000,40.0,10000,all,683
0.171789,0.182535,0.0,0.9411290985290492,0.058870901470950754,snapshot_684.xyz,32,10000,40.0,10000,all,684
0.172516,0.182732,0.0,0.9440929886390999,0.05590701136090015,snapshot_685.xyz,32,10000,40.0,10000,all,685
0.17245,0.182863,0.0,0.9430557302461405,0.05694426975385947,snapshot_686.xyz,32,10000,40.0,10000,all,686
0.171789,0.181811,0.0,0.944876822634494,0.05512317736550598,snapshot_687.xyz,32,10000,40.0,10000,all,687
0.173639,0.183586,0.0,0.9458183085856219,0.05418169141437812,snapshot_688.xyz,32,10000,40.0,10000,all,688
0.171789,0.181811,0.0,0.944876822634494,0.05512317736550598,snapshot_689.xyz,32,10000,40.0,10000,all,689
0.173903,0.183915,0.0,0.9455618084441182,0.05443819155588181,snapshot_690.xyz,32,10000,40.0,10000,all,690
0.173177,0.183323,0.0,0.944655062376243,0.05534493762375703,snapshot_691.xyz,32,10000,40.0,10000,all,691
0.171459,0.18214,0.0,0.941358295816405,0.058641704183595045,snapshot_692.xyz,32,10000,40.0,10000,all,692
0.171062,0.181811,0.0,0.9408781646875051,0.05912183531249493,snapshot_693.xyz,32,10000,40.0,10000,all,693
0.172781,0.18306,0.0,0.943849011253141,0.056150988746858976,snapshot_694.xyz,32,10000,40.0,10000,all,694
0.172781,0.182337,0.0,0.9475915475191541,0.05240845248084591,snapshot_695.xyz,32,10000,40.0,10000,all,695
0.172054,0.182469,0.0,0.942921811376179,0.05707818862382097,snapshot_696.xyz,32,10000,40.0,10000,all,696
0.17245,0.182995,0.0,0.942375474739747,0.05762452526025297,snapshot_697.xyz,32,10000,40.0,10000,all,697
0.172979,0.182797,0.0,0.9462901469936597,0.05370985300634035,snapshot_698.xyz,32,10000,40.0,10000,all,698
0.172847,0.182535,0.0,0.9469252472128633,0.05307475278713669,snapshot_699.xyz,32,10000,40.0,10000,all,699
0.171987,0.182206,0.0,0.9439151290297795,0.056084870970220524,snapshot_700.xyz,32,10000,40.0,10000,all,700
0.172913,0.182797,0.0,0.9459290907400013,0.05407090925999869,snapshot_701.xyz,32,10000,40.0,10000,all,701
0.168812,0.183849,0.0,0.9182100528150818,0.08178994718491817,snapshot_702.xyz,32,10000,40.0,10000,all,702
0.164304,0.18306,0.0,0.8975417895771879,0.10245821042281211,snapshot_703.xyz,32,10000,40.0,10000,all,703
0.161714,0.184177,0.0,0.8780358025160578,0.12196419748394216,snapshot_704.xyz,32,10000,40.0,10000,all,704
0.160717,0.183652,0.0,0.8751170692396488,0.12488293076035117,snapshot_705.xyz,32,10000,40.0,10000,all,705
0.154054,0.182797,0.0,0.8427600015317538,0.1572399984682462,snapshot_706.xyz,32,10000,40.0,10000,all,706
0.153987,0.183652,0.0,0.8384716746890859,0.1615283253109141,snapshot_707.xyz,32,10000,40.0,10000,all,707
0.151181,0.1826,0.0,0.8279353778751369,0.17206462212486306,snapshot_708.xyz,32,10000,40.0,10000,all,708
0.151449,0.183849,0.0,0.8237684186479121,0.17623158135208794,snapshot_709.xyz,32,10000,40.0,10000,all,709
0.151181,0.183783,0.0,0.8226060081726819,0.17739399182731808,snapshot_710.xyz,32,10000,40.0,10000,all,710
0.148571,0.185556,0.0,0.8006801181314537,0.19931988186854632,snapshot_711.xyz,32,10000,40.0,10000,all,711
0.148906,0.184637,0.0,0.806479741330286,0.193520258669714,snapshot_712.xyz,32,10000,40.0,10000,all,712
0.146159,0.182469,0.0,0.8010072943897321,0.19899270561026794,snapshot_713.xyz,32,10000,40.0,10000,all,713
0.144011,0.183849,0.0,0.7833113043856643,0.21668869561433568,snapshot_714.xyz,32,10000,40.0,10000,all,714
0.146159,0.184046,0.0,0.7941438553405128,0.2058561446594872,snapshot_715.xyz,32,10000,40.0,10000,all,715
0.142466,0.183586,0.0,0.7760177791334851,0.22398222086651487,snapshot_716.xyz,32,10000,40.0,10000,all,716
0.140448,0.183258,0.0,0.7663949186392953,0.23360508136070468,snapshot_717.xyz,32,10000,40.0,10000,all,717
0.139034,0.184046,0.0,0.7554307075405062,0.24456929245949377,snapshot_718.xyz,32,10000,40.0,10000,all,718
0.13964,0.183849,0.0,0.7595363586421464,0.24046364135785359,snapshot_719.xyz,32,10000,40.0,10000,all,719
0.138967,0.182863,0.0,0.7599514390554678,0.2400485609445322,snapshot_720.xyz,32,10000,40.0,10000,all,720
0.137619,0.185228,0.0,0.7429708251452264,0.2570291748547736,snapshot_721.xyz,32,10000,40.0,10000,all,721
0.136742,0.182995,0.0,0.7472444602311539,0.2527555397688461,snapshot_722.xyz,32,10000,40.0,10000,all,722
0.136809,0.182666,0.0,0.7489571129821642,0.25104288701783584,snapshot_723.xyz,32,10000,40.0,10000,all,723
0.135122,0.182929,0.0,0.7386581679230739,0.2613418320769261,snapshot_724.xyz,32,10000,40.0,10000,all,724
0.136067,0.182863,0.0,0.744092572034802,0.25590742796519805,snapshot_725.xyz,32,10000,40.0,10000,all,725
0.135595,0.183323,0.0,0.7396507803167087,0.2603492196832913,snapshot_726.xyz,32,10000,40.0,10000,all,726
0.135595,0.182929,0.0,0.7412438705727358,0.2587561294272642,snapshot_727.xyz,32,10000,40.0,10000,all,727
0.135324,0.181614,0.0,0.7451187683768873,0.2548812316231127,snapshot_728.xyz,32,10000,40.0,10000,all,728
0.136742,0.18306,0.0,0.7469791325248553,0.25302086747514474,snapshot_729.xyz,32,10000,40.0,10000,all,729
0.134784,0.183192,0.0,0.7357526529542774,0.2642473470457226,snapshot_730.xyz,32,10000,40.0,10000,all,730
0.133094,0.18214,0.0,0.7307236191940265,0.2692763808059735,snapshot_731.xyz,32,10000,40.0,10000,all,731
0.132756,0.182797,0.0,0.7262482425860382,0.27375175741396185,snapshot_732.xyz,32,10000,40.0,10000,all,732
0.13323,0.184243,0.0,0.7231210955097344,0.27687890449026564,snapshot_733.xyz,32,10000,40.0,10000,all,733
0.133365,0.182863,0.0,0.7293164828314094,0.2706835171685906,snapshot_734.xyz,32,10000,40.0,10000,all,734
0.132756,0.182666,0.0,0.7267690757995467,0.27323092420045325,snapshot_735.xyz,32,10000,40.0,10000,all,735
0.131606,0.182009,0.0,0.7230741336966853,0.2769258663033147,snapshot_736.xyz,32,10000,40.0,10000,all,736
0.132418,0.18306,0.0,0.7233584617065444,0.2766415382934556,snapshot_737.xyz,32,10000,40.0,10000,all,737
0.133027,0.183389,0.0,0.725381565960881,0.274618434039119,snapshot_738.xyz,32,10000,40.0,10000,all,738
0.131267,0.182337,0.0,0.7199142247596483,0.2800857752403517,snapshot_739.xyz,32,10000,40.0,10000,all,739
0.130997,0.183849,0.0,0.7125249525425756,0.28747504745742436,snapshot_740.xyz,32,10000,40.0,10000,all,740
0.131674,0.182929,0.0,0.7198093249293442,0.28019067507065576,snapshot_741.xyz,32,10000,40.0,10000,all,741
0.131944,0.182535,0.0,0.7228421946476018,0.2771578053523982,snapshot_742.xyz,32,10000,40.0,10000,all,742
0.13235,0.183783,0.0,0.7201427770794905,0.2798572229205095,snapshot_743.xyz,32,10000,40.0,10000,all,743
0.131267,0.1826,0.0,0.7188773274917852,0.28112267250821477,snapshot_744.xyz,32,10000,40.0,10000,all,744
0.13235,0.18214,0.0,0.7266388492368507,0.27336115076314926,snapshot_745.xyz,32,10000,40.0,10000,all,745
0.132756,0.182469,0.0,0.7275537214540553,0.2724462785459447,snapshot_746.xyz,32,10000,40.0,10000,all,746
0.131809,0.18306,0.0,0.7200316836010052,0.2799683163989948,snapshot_747.xyz,32,10000,40.0,10000,all,747
0.131538,0.181351,0.0,0.7253227167206135,0.27467728327938645,snapshot_748.xyz,32,10000,40.0,10000,all,748
0.130048,0.184243,0.0,0.7058504257963668,0.2941495742036332,snapshot_749.xyz,32,10000,40.0,10000,all,749
0.131403,0.183323,0.0,0.7167840369184444,0.2832159630815556,snapshot_750.xyz,32,10000,40.0,10000,all,750
0.129913,0.185031,0.0,0.7021147807664662,0.29788521923353384,snapshot_751.xyz,32,10000,40.0,10000,all,751
0.128217,0.1826,0.0,0.7021741511500547,0.29782584884994534,snapshot_752.xyz,32,10000,40.0,10000,all,752
0.128489,0.182403,0.0,0.7044237211010783,0.2955762788989217,snapshot_753.xyz,32,10000,40.0,10000,all,753
0.128896,0.182732,0.0,0.7053827463170107,0.2946172536829893,snapshot_754.xyz,32,10000,40.0,10000,all,754
0.130455,0.1826,0.0,0.7144304490690032,0.2855695509309968,snapshot_755.xyz,32,10000,40.0,10000,all,755
0.130929,0.182074,0.0,0.7190977294946009,0.28090227050539907,snapshot_756.xyz,32,10000,40.0,10000,all,756
0.130793,0.181482,0.0,0.7206940633230843,0.2793059366769157,snapshot_757.xyz,32,10000,40.0,10000,all,757
0.130184,0.181285,0.0,0.7181178806851091,0.28188211931489093,snapshot_758.xyz,32,10000,40.0,10000,all,758
0.131064,0.184112,0.0,0.7118710350221605,0.28812896497783946,snapshot_759.xyz,32,10000,40.0,10000,all,759
0.130184,0.18306,0.0,0.7111548126297389,0.2888451873702611,snapshot_760.xyz,32,10000,40.0,10000,all,760
0.130997,0.182995,0.0,0.7158501598404329,0.2841498401595671,snapshot_761.xyz,32,10000,40.0,10000,all,761
0.130251,0.18352,0.0,0.7097373583260681,0.2902626416739319,snapshot_762.xyz,32,10000,40.0,10000,all,762
0.128557,0.181153,0.0,0.7096597903429698,0.2903402096570302,snapshot_763.xyz,32,10000,40.0,10000,all,763
0.130184,0.184046,0.0,0.7073449029047086,0.29265509709529136,snapshot_764.xyz,32,10000,40.0,10000,all,764
0.130116,0.182469,0.0,0.7130855104154679,0.28691448958453214,snapshot_765.xyz,32,10000,40.0,10000,all,765
0.129709,0.181943,0.0,0.71291008722512,0.28708991277488005,snapshot_766.xyz,32,10000,40.0,10000,all,766
0.129438,0.18444,0.0,0.7017891997397527,0.29821080026024727,snapshot_767.xyz,32,10000,40.0,10000,all,767
0.129235,0.182929,0.0,0.7064762831481065,0.2935237168518935,snapshot_768.xyz,32,10000,40.0,10000,all,768
0.129438,0.183258,0.0,0.7063156860819173,0.2936843139180827,snapshot_769.xyz,32,10000,40.0,10000,all,769
0.129506,0.182074,0.0,0.7112822259081473,0.28871777409185273,snapshot_770.xyz,32,10000,40.0,10000,all,770
0.129235,0.18352,0.0,0.704201176983435,0.295798823016565,snapshot_771.xyz,32,10000,40.0,10000,all,771
0.128489,0.183126,0.0,0.7016425848869083,0.29835741511309166,snapshot_772.xyz,32,10000,40.0,10000,all,772
0.125433,0.181351,0.0,0.6916587170735203,0.30834128292647967,snapshot_773.xyz,32,10000,40.0,10000,all,773
0.127675,0.183586,0.0,0.6954506334905712,0.30454936650942876,snapshot_774.xyz,32,10000,40.0,10000,all,774
0.129438,0.183323,0.0,0.7060652509505081,0.2939347490494919,snapshot_775.xyz,32,10000,40.0,10000,all,775
0.129167,0.183849,0.0,0.7025711317439856,0.29742886825601444,snapshot_776.xyz,32,10000,40.0,10000,all,776
0.131606,0.182535,0.0,0.7209904949735667,0.2790095050264333,snapshot_777.xyz,32,10000,40.0,10000,all,777
0.129303,0.182403,0.0,0.7088863670005427,0.29111363299945725,snapshot_778.xyz,32,10000,40.0,10000,all,778
0.130319,0.184309,0.0,0.707068021637576,0.292931978362424,snapshot_779.xyz,32,10000,40.0,10000,all,779
0.128557,0.18352,0.0,0.7005067567567568,0.2994932432432432,snapshot_780.xyz,32,10000,40.0,10000,all,780
0.130319,0.182074,0.0,0.7157474433472104,0.2842525566527896,snapshot_781.xyz,32,10000,40.0,10000,all,781
0.130048,0.183126,0.0,0.7101558489782991,0.2898441510217009,snapshot_782.xyz,32,10000,40.0,10000,all,782
0.130455,0.182535,0.0,0.7146848549593228,0.28531514504067723,snapshot_783.xyz,32,10000,40.0,10000,all,783
0.129303,0.182272,0.0,0.7093958479634832,0.2906041520365168,snapshot_784.xyz,32,10000,40.0,10000,all,784
0.128217,0.18214,0.0,0.7039475129021632,0.2960524870978368,snapshot_785.xyz,32,10000,40.0,10000,all,785
0.128692,0.183126,0.0,0.7027511112567303,0.2972488887432697,snapshot_786.xyz,32,10000,40.0,10000,all,786
0.128489,0.183586,0.0,0.6998845227849618,0.3001154772150382,snapshot_787.xyz,32,10000,40.0,10000,all,787
0.128353,0.182337,0.0,0.7039328276762259,0.2960671723237741,snapshot_788.xyz,32,10000,40.0,10000,all,788
0.128217,0.184309,0.0,0.6956632611538232,0.30433673884617685,snapshot_789.xyz,32,10000,40.0,10000,all,789
0.127403,0.1826,0.0,0.6977163198247535,0.30228368017524654,snapshot_790.xyz,32,10000,40.0,10000,all,790
0.127946,0.183455,0.0,0.6974244365103158,0.3025755634896842,snapshot_791.xyz,32,10000,40.0,10000,all,791
0.12686,0.184375,0.0,0.6880542372881355,0.31194576271186447,snapshot_792.xyz,32,10000,40.0,10000,all,792
0.127742,0.181811,0.0,0.7026087530457453,0.2973912469542547,snapshot_793.xyz,32,10000,40.0,10000,all,793
0.12937,0.18214,0.0,0.7102778082793456,0.2897221917206544,snapshot_794.xyz,32,10000,40.0,10000,all,794
0.128082,0.182535,0.0,0.7016846084312598,0.2983153915687402,snapshot_795.xyz,32,10000,40.0,10000,all,795
0.129506,0.182403,0.0,0.7099992872924239,0.2900007127075761,snapshot_796.xyz,32,10000,40.0,10000,all,796
0.129709,0.18352,0.0,0.7067840017436792,0.29321599825632083,snapshot_797.xyz,32,10000,40.0,10000,all,797
0.129167,0.182337,0.0,0.7083970889068044,0.2916029110931956,snapshot_798.xyz,32,10000,40.0,10000,all,798
0.129167,0.181877,0.0,0.710188753938101,0.289811246061899,snapshot_799.xyz,32,10000,40.0,10000,all,799
0.129506,0.181877,0.0,0.7120526509674121,0.2879473490325879,snapshot_800.xyz,32,10000,40.0,10000,all,800
0.128624,0.182535,0.0,0.7046539019913989,0.2953460980086011,snapshot_801.xyz,32,10000,40.0,10000,all,801
0.117457,0.182009,0.0,0.6453362196374904,0.35466378036250956,snapshot_802.xyz,32,10000,40.0,10000,all,802
0.101151,0.177598,0.0,0.5695503327740178,0.4304496672259822,snapshot_803.xyz,32,10000,40.0,10000,all,803
0.100181,0.177729,0.0,0.5636727827197587,0.43632721728024126,snapshot_804.xyz,32,10000,40.0,10000,all,804
0.10032,0.177861,0.0,0.5640359606659133,0.4359640393340867,snapshot_805.xyz,32,10000,40.0,10000,all,805
0.0987246,0.178191,0.0,0.554038082731451,0.44596191726854895,snapshot_806.xyz,32,10000,40.0,10000,all,806
0.0989328,0.178454,0.0,0.5543882457103791,0.44561175428962085,snapshot_807.xyz,32,10000,40.0,10000,all,807
0.0990022,0.178915,0.0,0.553347679065478,0.446652320934522,snapshot_808.xyz,32,10000,40.0,10000,all,808
0.0978915,0.177664,0.0,0.5509923225864554,0.44900767741354464,snapshot_809.xyz,32,10000,40.0,10000,all,809
0.0986552,0.178586,0.0,0.5524240421981567,0.44757595780184334,snapshot_810.xyz,32,10000,40.0,10000,all,810
0.0994878,0.178454,0.0,0.5574982908760802,0.44250170912391984,snapshot_811.xyz,32,10000,40.0,10000,all,811
0.0978221,0.179574,0.0,0.5447453417532604,0.4552546582467396,snapshot_812.xyz,32,10000,40.0,10000,all,812
0.0978915,0.176543,0.0,0.5544909738703885,0.4455090261296115,snapshot_813.xyz,32,10000,40.0,10000,all,813
0.0978221,0.177861,0.0,0.549991847566358,0.450008152433642,snapshot_814.xyz,32,10000,40.0,10000,all,814
0.0969188,0.178059,0.0,0.5443072240100192,0.4556927759899808,snapshot_815.xyz,32,10000,40.0,10000,all,815
0.0965712,0.176807,0.0,0.5461955691799533,0.45380443082004673,snapshot_816.xyz,32,10000,40.0,10000,all,816
0.0986552,0.177664,0.0,0.555290886167147,0.44470911383285305,snapshot_817.xyz,32,10000,40.0,10000,all,817
0.0968493,0.178059,0.0,0.543916903947568,0.456083096052432,snapshot_818.xyz,32,10000,40.0,10000,all,818
0.0965016,0.17707,0.0,0.544991246399729,0.45500875360027104,snapshot_819.xyz,32,10000,40.0,10000,all,819
0.0964321,0.177993,0.0,0.5417746765322232,0.4582253234677768,snapshot_820.xyz,32,10000,40.0,10000,all,820
0.0973358,0.1774,0.0,0.5486798196166854,0.45132018038331456,snapshot_821.xyz,32,10000,40.0,10000,all,821
0.0977526,0.177664,0.0,0.5502105097262248,0.44978949027377524,snapshot_822.xyz,32,10000,40.0,10000,all,822
0.0958756,0.177993,0.0,0.5386481490845145,0.4613518509154855,snapshot_823.xyz,32,10000,40.0,10000,all,823
0.0972663,0.176873,0.0,0.5499216952276492,0.4500783047723508,snapshot_824.xyz,32,10000,40.0,10000,all,824
0.0969188,0.177466,0.0,0.546126018504953,0.453873981495047,snapshot_825.xyz,32,10000,40.0,10000,all,825
0.0974747,0.17885,0.0,0.54500810735253,0.45499189264747,snapshot_826.xyz,32,10000,40.0,10000,all,826
0.0965712,0.178915,0.0,0.5397602213341531,0.46023977866584687,snapshot_827.xyz,32,10000,40.0,10000,all,827
0.0977526,0.178454,0.0,0.5477747766931533,0.45222522330684667,snapshot_828.xyz,32,10000,40.0,10000,all,828
0.0967797,0.179311,0.0,0.5397309702137627,0.4602690297862373,snapshot_829.xyz,32,10000,40.0,10000,all,829
0.0983776,0.177664,0.0,0.553728386167147,0.44627161383285296,snapshot_830.xyz,32,10000,40.0,10000,all,830
0.0973358,0.179179,0.0,0.5432321868076058,0.45676781319239423,snapshot_831.xyz,32,10000,40.0,10000,all,831
0.0962235,0.177993,0.0,0.5406027203316984,0.4593972796683016,snapshot_832.xyz,32,10000,40.0,10000,all,832
0.0983776,0.178718,0.0,0.5504627401828579,0.4495372598171421,snapshot_833.xyz,32,10000,40.0,10000,all,833
0.0985858,0.177729,0.0,0.5546973200771962,0.4453026799228038,snapshot_834.xyz,32,10000,40.0,10000,all,834
0.0977526,0.177795,0.0,0.549805112629714,0.450194887370286,snapshot_835.xyz,32,10000,40.0,10000,all,835
0.0972663,0.177795,0.0,0.5470699400995528,0.4529300599004472,snapshot_836.xyz,32,10000,40.0,10000,all,836
0.0969883,0.177598,0.0,0.5461114426964268,0.45388855730357325,snapshot_837.xyz,32,10000,40.0,10000,all,837
0.0980304,0.176411,0.0,0.5556932390837306,0.4443067609162694,snapshot_838.xyz,32,10000,40.0,10000,all,838
0.0981693,0.178652,0.0,0.5495001455343349,0.4504998544656651,snapshot_839.xyz,32,10000,40.0,10000,all,839
0.0982387,0.177598,0.0,0.5531520625232266,0.4468479374767734,snapshot_840.xyz,32,10000,40.0,10000,all,840
0.0980304,0.17885,0.0,0.5481151803187028,0.45188481968129723,snapshot_841.xyz,32,10000,40.0,10000,all,841
0.0943439,0.177927,0.0,0.5302393678306271,0.4697606321693729,snapshot_842.xyz,32,10000,40.0,10000,all,842
0.0976137,0.178125,0.0,0.5480067368421052,0.4519932631578948,snapshot_843.xyz,32,10000,40.0,10000,all,843
0.0970578,0.177729,0.0,0.5460999611768479,0.4539000388231521,snapshot_844.xyz,32,10000,40.0,10000,all,844
0.0978915,0.178915,0.0,0.547139703211022,0.452860296788978,snapshot_845.xyz,32,10000,40.0,10000,all,845
0.0965712,0.177664,0.0,0.543560878962536,0.456439121037464,snapshot_846.xyz,32,10000,40.0,10000,all,846
0.0981693,0.178388,0.0,0.5503133618853286,0.44968663811467136,snapshot_847.xyz,32,10000,40.0,10000,all,847
0.0967102,0.178059,0.0,0.5431357022110649,0.4568642977889351,snapshot_848.xyz,32,10000,40.0,10000,all,848
0.0980304,0.178981,0.0,0.5477140031623469,0.45228599683765314,snapshot_849.xyz,32,10000,40.0,10000,all,849
0.0971273,0.177861,0.0,0.5460854262598321,0.45391457374016786,snapshot_850.xyz,32,10000,40.0,10000,all,850
0.0978221,0.178388,0.0,0.5483670426261856,0.45163295737381437,snapshot_851.xyz,32,10000,40.0,10000,all,851
0.0959452,0.17852,0.0,0.537447904996639,0.46255209500336103,snapshot_852.xyz,32,10000,40.0,10000,all,852
0.0981693,0.17885,0.0,0.5488918087783058,0.4511081912216942,snapshot_853.xyz,32,10000,40.0,10000,all,853
0.0959452,0.176807,0.0,0.5426549853795382,0.45734501462046184,snapshot_854.xyz,32,10000,40.0,10000,all,854
0.0955277,0.177466,0.0,0.5382873339118478,0.4617126660881522,snapshot_855.xyz,32,10000,40.0,10000,all,855
0.0969188,0.178191,0.0,0.5439040131095285,0.4560959868904715,snapshot_856.xyz,32,10000,40.0,10000,all,856
0.0963626,0.178915,0.0,0.5385943045580304,0.46140569544196963,snapshot_857.xyz,32,10000,40.0,10000,all,857
0.0970578,0.178323,0.0,0.5442808835652159,0.45571911643478413,snapshot_858.xyz,32,10000,40.0,10000,all,858
0.0961539,0.177861,0.0,0.5406126132204362,0.4593873867795638,snapshot_859.xyz,32,10000,40.0,10000,all,859
0.0965712,0.177861,0.0,0.5429588273989239,0.45704117260107613,snapshot_860.xyz,32,10000,40.0,10000,all,860
0.0967797,0.178191,0.0,0.5431233900702056,0.4568766099297944,snapshot_861.xyz,32,10000,40.0,10000,all,861
0.0955277,0.178586,0.0,0.5349114712239481,0.4650885287760519,snapshot_862.xyz,32,10000,40.0,10000,all,862
0.0954581,0.177664,0.0,0.5372956817363113,0.46270431826368874,snapshot_863.xyz,32,10000,40.0,10000,all,863
0.0975442,0.17852,0.0,0.5464048846067667,0.4535951153932333,snapshot_864.xyz,32,10000,40.0,10000,all,864
0.0955277,0.177861,0.0,0.5370918863606974,0.4629081136393026,snapshot_865.xyz,32,10000,40.0,10000,all,865
0.0954581,0.17707,0.0,0.5390980967978766,0.46090190320212343,snapshot_866.xyz,32,10000,40.0,10000,all,866
0.0954581,0.177466,0.0,0.5378951461124948,0.4621048538875052,snapshot_867.xyz,32,10000,40.0,10000,all,867
0.0958061,0.177136,0.0,0.5408618236834974,0.45913817631650256,snapshot_868.xyz,32,10000,40.0,10000,all,868
0.0965712,0.178915,0.0,0.5397602213341531,0.46023977866584687,snapshot_869.xyz,32,10000,40.0,10000,all,869
0.0949708,0.177861,0.0,0.533960789605366,0.46603921039463403,snapshot_870.xyz,32,10000,40.0,10000,all,870
0.0967797,0.178059,0.0,0.5435260222735161,0.4564739777264839,snapshot_871.xyz,32,10000,40.0,10000,all,871
0.0944136,0.17707,0.0,0.5331992997119783,0.4668007002880217,snapshot_872.xyz,32,10000,40.0,10000,all,872
0.0940652,0.178257,0.0,0.5276942840954353,0.4723057159045647,snapshot_873.xyz,32,10000,40.0,10000,all,873
0.0965016,0.177664,0.0,0.543169128242075,0.45683087175792503,snapshot_874.xyz,32,10000,40.0,10000,all,874
0.0942046,0.178388,0.0,0.5280882122115838,0.47191178778841625,snapshot_875.xyz,32,10000,40.0,10000,all,875
0.0961539,0.176873,0.0,0.543632436833208,0.45636756316679195,snapshot_876.xyz,32,10000,40.0,10000,all,876
0.0963626,0.177993,0.0,0.5413842117386639,0.4586157882613361,snapshot_877.xyz,32,10000,40.0,10000,all,877
0.0951797,0.177532,0.0,0.5361270080886826,0.46387299191131737,snapshot_878.xyz,32,10000,40.0,10000,all,878
0.0962235,0.178718,0.0,0.5384096733401225,0.46159032665987754,snapshot_879.xyz,32,10000,40.0,10000,all,879
0.0955973,0.178323,0.0,0.5360906893670474,0.4639093106329526,snapshot_880.xyz,32,10000,40.0,10000,all,880
0.0955973,0.17885,0.0,0.5345110427732737,0.46548895722672634,snapshot_881.xyz,32,10000,40.0,10000,all,881
0.0942046,0.177598,0.0,0.5304372796990957,0.4695627203009043,snapshot_882.xyz,32,10000,40.0,10000,all,882
0.0957365,0.177795,0.0,0.538465648640288,0.461534351359712,snapshot_883.xyz,32,10000,40.0,10000,all,883
0.0962235,0.178454,0.0,0.5392061819852735,0.4607938180147265,snapshot_884.xyz,32,10000,40.0,10000,all,884
0.0958061,0.177334,0.0,0.5402579313611604,0.4597420686388396,snapshot_885.xyz,32,10000,40.0,10000,all,885
0.0960148,0.177795,0.0,0.5400309345032199,0.45996906549678007,snapshot_886.xyz,32,10000,40.0,10000,all,886
0.0950404,0.177861,0.0,0.534352106420182,0.46564789357981795,snapshot_887.xyz,32,10000,40.0,10000,all,887
0.0951797,0.178191,0.0,0.5341442609334928,0.46585573906650724,snapshot_888.xyz,32,10000,40.0,10000,all,888
0.0955973,0.176807,0.0,0.5406873031045151,0.45931269689548493,snapshot_889.xyz,32,10000,40.0,10000,all,889
0.0959452,0.178191,0.0,0.5384402130298388,0.4615597869701612,snapshot_890.xyz,32,10000,40.0,10000,all,890
0.0954581,0.17707,0.0,0.5390980967978766,0.46090190320212343,snapshot_891.xyz,32,10000,40.0,10000,all,891
0.0958756,0.177795,0.0,0.5392480103489975,0.4607519896510025,snapshot_892.xyz,32,10000,40.0,10000,all,892
0.0960148,0.1774,0.0,0.5412333709131905,0.45876662908680954,snapshot_893.xyz,32,10000,40.0,10000,all,893
0.0950404,0.178323,0.0,0.5329677046707378,0.46703229532926216,snapshot_894.xyz,32,10000,40.0,10000,all,894
0.0959452,0.178059,0.0,0.5388393734660983,0.46116062653390166,snapshot_895.xyz,32,10000,40.0,10000,all,895
0.0943439,0.178059,0.0,0.5298462869049023,0.4701537130950977,snapshot_896.xyz,32,10000,40.0,10000,all,896
0.0951797,0.176807,0.0,0.5383254056683277,0.46167459433167235,snapshot_897.xyz,32,10000,40.0,10000,all,897
0.0951797,0.179179,0.0,0.5311989686291363,0.4688010313708637,snapshot_898.xyz,32,10000,40.0,10000,all,898
0.0955277,0.17707,0.0,0.5394911616874681,0.46050883831253187,snapshot_899.xyz,32,10000,40.0,10000,all,899
0.0957365,0.179245,0.0,0.5341097380680075,0.46589026193199246,snapshot_900.xyz,32,10000,40.0,10000,all,900
0.0944833,0.177861,0.0,0.5312198851912449,0.46878011480875514,snapshot_901.xyz,32,10000,40.0,10000,all,901
0.0872842,0.170665,0.0,0.5114358538657604,0.4885641461342396,snapshot_902.xyz,32,10000,40.0,10000,all,902
0.0867229,0.169739,0.0,0.5109191169972723,0.4890808830027277,snapshot_903.xyz,32,10000,40.0,10000,all,903
0.0881955,0.170996,0.0,0.5157752228122294,0.48422477718777057,snapshot_904.xyz,32,10000,40.0,10000,all,904
0.0867229,0.170731,0.0,0.5079505186521488,0.4920494813478512,snapshot_905.xyz,32,10000,40.0,10000,all,905
0.0873543,0.168945,0.0,0.5170576223031164,0.48294237769688364,snapshot_906.xyz,32,10000,40.0,10000,all,906
0.0860912,0.168481,0.0,0.5109846214113165,0.4890153785886835,snapshot_907.xyz,32,10000,40.0,10000,all,907
0.0867229,0.169871,0.0,0.5105221020656852,0.48947789793431484,snapshot_908.xyz,32,10000,40.0,10000,all,908
0.086372,0.170731,0.0,0.5058952387088461,0.4941047612911539,snapshot_909.xyz,32,10000,40.0,10000,all,909
0.0870737,0.170268,0.0,0.511392040782766,0.488607959217234,snapshot_910.xyz,32,10000,40.0,10000,all,910
0.0854591,0.169474,0.0,0.5042608305698809,0.4957391694301191,snapshot_911.xyz,32,10000,40.0,10000,all,911
0.0867931,0.169209,0.0,0.5129343001849783,0.4870656998150217,snapshot_912.xyz,32,10000,40.0,10000,all,912
0.0861614,0.169606,0.0,0.5080091506196714,0.49199084938032855,snapshot_913.xyz,32,10000,40.0,10000,all,913
0.086021,0.169408,0.0,0.507774131091802,0.49222586890819797,snapshot_914.xyz,32,10000,40.0,10000,all,914
0.086021,0.17007,0.0,0.5057976127476921,0.4942023872523079,snapshot_915.xyz,32,10000,40.0,10000,all,915
0.0865124,0.169474,0.0,0.5104759432125282,0.4895240567874718,snapshot_916.xyz,32,10000,40.0,10000,all,916
0.0867229,0.170268,0.0,0.5093317593440929,0.4906682406559071,snapshot_917.xyz,32,10000,40.0,10000,all,917
0.0866528,0.169077,0.0,0.5125049533644435,0.48749504663555654,snapshot_918.xyz,32,10000,40.0,10000,all,918
0.0872842,0.170467,0.0,0.5120298943490529,0.4879701056509471,snapshot_919.xyz,32,10000,40.0,10000,all,919
0.0859508,0.169342,0.0,0.5075574872152212,0.4924425127847788,snapshot_920.xyz,32,10000,40.0,10000,all,920
0.0865826,0.169871,0.0,0.5096961812198668,0.4903038187801332,snapshot_921.xyz,32,10000,40.0,10000,all,921
0.0868633,0.169606,0.0,0.5121475655342382,0.48785243446576176,snapshot_922.xyz,32,10000,40.0,10000,all,922
0.0855293,0.170334,0.0,0.5021269975459979,0.4978730024540021,snapshot_923.xyz,32,10000,40.0,10000,all,923
0.0861614,0.169011,0.0,0.5097975871392987,0.4902024128607013,snapshot_924.xyz,32,10000,40.0,10000,all,924
0.0851077,0.169011,0.0,0.5035630816929075,0.49643691830709247,snapshot_925.xyz,32,10000,40.0,10000,all,925
0.0867931,0.169077,0.0,0.513334752804935,0.486665247195065,snapshot_926.xyz,32,10000,40.0,10000,all,926
0.085178,0.169276,0.0,0.5031900564758146,0.4968099435241854,snapshot_927.xyz,32,10000,40.0,10000,all,927
0.086021,0.169011,0.0,0.508966871978747,0.491033128021253,snapshot_928.xyz,32,10000,40.0,10000,all,928
0.0854591,0.17007,0.0,0.5024936790733228,0.49750632092667724,snapshot_929.xyz,32,10000,40.0,10000,all,929
0.0859508,0.169871,0.0,0.505976888344685,0.494023111655315,snapshot_930.xyz,32,10000,40.0,10000,all,930
0.0852483,0.169209,0.0,0.5038047621580413,0.49619523784195874,snapshot_931.xyz,32,10000,40.0,10000,all,931
0.0868633,0.170467,0.0,0.5095607947579297,0.4904392052420703,snapshot_932.xyz,32,10000,40.0,10000,all,932
0.0863018,0.170004,0.0,0.5076457024540599,0.49235429754594007,snapshot_933.xyz,32,10000,40.0,10000,all,933
0.086372,0.170136,0.0,0.5076644566699582,0.4923355433300418,snapshot_934.xyz,32,10000,40.0,10000,all,934
0.0866528,0.169805,0.0,0.5103077058979417,0.4896922941020583,snapshot_935.xyz,32,10000,40.0,10000,all,935
0.0858103,0.16868,0.0,0.5087165046241404,0.4912834953758596,snapshot_936.xyz,32,10000,40.0,10000,all,936
0.0863018,0.16954,0.0,0.5090350359797098,0.4909649640202902,snapshot_937.xyz,32,10000,40.0,10000,all,937
0.0854591,0.169209,0.0,0.5050505587764244,0.49494944122357565,snapshot_938.xyz,32,10000,40.0,10000,all,938
0.0860912,0.169011,0.0,0.5093822295590228,0.4906177704409772,snapshot_939.xyz,32,10000,40.0,10000,all,939
0.086021,0.170004,0.0,0.505993976612315,0.49400602338768496,snapshot_940.xyz,32,10000,40.0,10000,all,940
0.0863018,0.170665,0.0,0.5056795476518325,0.49432045234816746,snapshot_941.xyz,32,10000,40.0,10000,all,941
0.0855996,0.169143,0.0,0.5060782887852291,0.4939217112147709,snapshot_942.xyz,32,10000,40.0,10000,all,942
0.0861614,0.169739,0.0,0.507611097037216,0.49238890296278404,snapshot_943.xyz,32,10000,40.0,10000,all,943
0.0857401,0.169606,0.0,0.5055251583080786,0.49447484169192135,snapshot_944.xyz,32,10000,40.0,10000,all,944
0.0857401,0.170533,0.0,0.5027771750922109,0.49722282490778913,snapshot_945.xyz,32,10000,40.0,10000,all,945
0.0859508,0.169209,0.0,0.5079564325774634,0.49204356742253663,snapshot_946.xyz,32,10000,40.0,10000,all,946
0.0858103,0.168613,0.0,0.5089186480283252,0.4910813519716748,snapshot_947.xyz,32,10000,40.0,10000,all,947
0.086021,0.170202,0.0,0.5054053418878744,0.49459465811212555,snapshot_948.xyz,32,10000,40.0,10000,all,948
0.0865124,0.169739,0.0,0.5096789777246243,0.49032102227537566,snapshot_949.xyz,32,10000,40.0,10000,all,949
0.0865826,0.168547,0.0,0.5137000361916854,0.48629996380831464,snapshot_950.xyz,32,10000,40.0,10000,all,950
0.0863018,0.169474,0.0,0.5092332747206061,0.4907667252793939,snapshot_951.xyz,32,10000,40.0,10000,all,951
0.0853888,0.169871,0.0,0.5026684955054129,0.4973315044945871,snapshot_952.xyz,32,10000,40.0,10000,all,952
0.0873543,0.170136,0.0,0.5134380730709549,0.4865619269290451,snapshot_953.xyz,32,10000,40.0,10000,all,953
0.0855996,0.169474,0.0,0.5050898662921746,0.49491013370782544,snapshot_954.xyz,32,10000,40.0,10000,all,954
0.0858805,0.169077,0.0,0.5079372120394849,0.49206278796051506,snapshot_955.xyz,32,10000,40.0,10000,all,955
0.0858103,0.169143,0.0,0.5073239803006924,0.49267601969930763,snapshot_956.xyz,32,10000,40.0,10000,all,956
0.0864422,0.169209,0.0,0.5108605334231631,0.48913946657683693,snapshot_957.xyz,32,10000,40.0,10000,all,957
0.0871439,0.169276,0.0,0.5148036343013775,0.48519636569862246,snapshot_958.xyz,32,10000,40.0,10000,all,958
0.0858103,0.170268,0.0,0.5039719735945686,0.4960280264054314,snapshot_959.xyz,32,10000,40.0,10000,all,959
0.0865124,0.168812,0.0,0.5124777859393882,0.4875222140606118,snapshot_960.xyz,32,10000,40.0,10000,all,960
0.0856698,0.169011,0.0,0.5068889007224382,0.4931110992775618,snapshot_961.xyz,32,10000,40.0,10000,all,961
0.086372,0.170136,0.0,0.5076644566699582,0.4923355433300418,snapshot_962.xyz,32,10000,40.0,10000,all,962
0.086372,0.170004,0.0,0.5080586339144962,0.49194136608550376,snapshot_963.xyz,32,10000,40.0,10000,all,963
0.086021,0.170202,0.0,0.5054053418878744,0.49459465811212555,snapshot_964.xyz,32,10000,40.0,10000,all,964
0.086372,0.169871,0.0,0.5084564169281396,0.4915435830718604,snapshot_965.xyz,32,10000,40.0,10000,all,965
0.0865826,0.169276,0.0,0.5114877478201281,0.48851225217987193,snapshot_966.xyz,32,10000,40.0,10000,all,966
0.0857401,0.170202,0.0,0.5037549500005876,0.49624504999941244,snapshot_967.xyz,32,10000,40.0,10000,all,967
0.0867931,0.170268,0.0,0.5097440505555947,0.4902559494444053,snapshot_968.xyz,32,10000,40.0,10000,all,968
0.0853888,0.169474,0.0,0.5038460176782279,0.4961539823217721,snapshot_969.xyz,32,10000,40.0,10000,all,969
0.0860912,0.168547,0.0,0.5107845289444488,0.4892154710555512,snapshot_970.xyz,32,10000,40.0,10000,all,970
0.0867229,0.169143,0.0,0.5127194149329266,0.4872805850670734,snapshot_971.xyz,32,10000,40.0,10000,all,971
0.0867229,0.169937,0.0,0.5103238258884175,0.4896761741115825,snapshot_972.xyz,32,10000,40.0,10000,all,972
0.087214,0.169276,0.0,0.5152177508920343,0.48478224910796575,snapshot_973.xyz,32,10000,40.0,10000,all,973
0.0864422,0.170136,0.0,0.5080770677575586,0.49192293224244144,snapshot_974.xyz,32,10000,40.0,10000,all,974
0.0864422,0.169739,0.0,0.5092654015871426,0.4907345984128574,snapshot_975.xyz,32,10000,40.0,10000,all,975
0.0860912,0.169342,0.0,0.508386578639676,0.49161342136032404,snapshot_976.xyz,32,10000,40.0,10000,all,976
0.0857401,0.171128,0.0,0.5010290542751624,0.4989709457248376,snapshot_977.xyz,32,10000,40.0,10000,all,977
0.0858103,0.169011,0.0,0.5077202075604547,0.49227979243954534,snapshot_978.xyz,32,10000,40.0,10000,all,978
0.0878451,0.16954,0.0,0.5181379025598679,0.4818620974401321,snapshot_979.xyz,32,10000,40.0,10000,all,979
0.0868633,0.170004,0.0,0.5109485659160962,0.48905143408390384,snapshot_980.xyz,32,10000,40.0,10000,all,980
0.0862316,0.169474,0.0,0.5088190518899655,0.49118094811003454,snapshot_981.xyz,32,10000,40.0,10000,all,981
0.0865826,0.16954,0.0,0.5106912822932641,0.4893087177067359,snapshot_982.xyz,32,10000,40.0,10000,all,982
0.0867229,0.169143,0.0,0.5127194149329266,0.4872805850670734,snapshot_983.xyz,32,10000,40.0,10000,all,983
0.086372,0.16954,0.0,0.5094490975580984,0.4905509024419016,snapshot_984.xyz,32,10000,40.0,10000,all,984
0.0866528,0.169209,0.0,0.5121051480713201,0.4878948519286799,snapshot_985.xyz,32,10000,40.0,10000,all,985
0.0859508,0.168282,0.0,0.510754566739164,0.489245433260836,snapshot_986.xyz,32,10000,40.0,10000,all,986
0.086372,0.16815,0.0,0.5136604222420459,0.4863395777579541,snapshot_987.xyz,32,10000,40.0,10000,all,987
0.0863018,0.169408,0.0,0.5094316679259538,0.49056833207404615,snapshot_988.xyz,32,10000,40.0,10000,all,988
0.0879152,0.170334,0.0,0.5161341834278534,0.48386581657214656,snapshot_989.xyz,32,10000,40.0,10000,all,989
0.0867931,0.169474,0.0,0.5121322444740786,0.48786775552592143,snapshot_990.xyz,32,10000,40.0,10000,all,990
0.0867229,0.1704,0.0,0.50893720657277,0.49106279342723,snapshot_991.xyz,32,10000,40.0,10000,all,991
0.0859508,0.169937,0.0,0.5057803774339902,0.4942196225660098,snapshot_992.xyz,32,10000,40.0,10000,all,992
0.0861614,0.169871,0.0,0.5072166526364124,0.49278334736358764,snapshot_993.xyz,32,10000,40.0,10000,all,993
0.0865826,0.170202,0.0,0.5087049505881247,0.4912950494118753,snapshot_994.xyz,32,10000,40.0,10000,all,994
0.0860912,0.169739,0.0,0.5071975208997344,0.49280247910026564,snapshot_995.xyz,32,10000,40.0,10000,all,995
0.0865124,0.169011,0.0,0.5118743750406779,0.4881256249593221,snapshot_996.xyz,32,10000,40.0,10000,all,996
0.0860912,0.169606,0.0,0.5075952501680365,0.4924047498319635,snapshot_997.xyz,32,10000,40.0,10000,all,997
0.0858805,0.169474,0.0,0.5067473476757496,0.4932526523242504,snapshot_998.xyz,32,10000,40.0,10000,all,998
0.086021,0.170533,0.0,0.5044243636129078,0.49557563638709223,snapshot_999.xyz,32,10000,40.0,10000,all,999
0.0855996,0.170136,0.0,0.5031245591761884,0.49687544082381163,snapshot_1000.xyz,32,10000,40.0,10000,all,1000
0.0858103,0.169937,0.0,0.5049536004519322,0.49504639954806784,snapshot_1001.xyz,32,10000,40.0,10000,all,1001
