cid,cid_shuffled,cid_shuffled_std,cid_normalized,compression_gain,snapshot,nbins,n_particles_total,box_length,n_particles_filtered,atom_types,snapshot_num
0.0693754,0.100943,0.0,0.6872730154641729,0.31272698453582715,snapshot_1.xyz,32,4000,16.757672110741936,4000,all,1
0.0659365,0.0958756,0.0,0.6877297247683456,0.3122702752316544,snapshot_2.xyz,32,4000,16.757672110741936,4000,all,2
0.0662236,0.0967102,0.0,0.6847633445076113,0.31523665549238866,snapshot_3.xyz,32,4000,16.757672110741936,4000,all,3
0.06608,0.0967102,0.0,0.6832784959600953,0.31672150403990473,snapshot_4.xyz,32,4000,16.757672110741936,4000,all,4
0.0657929,0.0963626,0.0,0.6827638523659594,0.3172361476340406,snapshot_5.xyz,32,4000,16.757672110741936,4000,all,5
0.0663671,0.0962235,0.0,0.6897182081300306,0.3102817918699694,snapshot_6.xyz,32,4000,16.757672110741936,4000,all,6
0.065721,0.0965712,0.0,0.6805445101645211,0.3194554898354789,snapshot_7.xyz,32,4000,16.757672110741936,4000,all,7
0.0662954,0.0966407,0.0,0.6859987562176185,0.3140012437823815,snapshot_8.xyz,32,4000,16.757672110741936,4000,all,8
0.0667258,0.0958061,0.0,0.6964671351824153,0.3035328648175847,snapshot_9.xyz,32,4000,16.757672110741936,4000,all,9
0.0670127,0.0965016,0.0,0.694420610642725,0.305579389357275,snapshot_10.xyz,32,4000,16.757672110741936,4000,all,10
0.0664389,0.0969883,0.0,0.6850197394943514,0.31498026050564865,snapshot_11.xyz,32,4000,16.757672110741936,4000,all,11
0.0671561,0.0974747,0.0,0.6889592889231769,0.3110407110768231,snapshot_12.xyz,32,4000,16.757672110741936,4000,all,12
0.0668693,0.0973358,0.0,0.6869959459931495,0.3130040540068505,snapshot_13.xyz,32,4000,16.757672110741936,4000,all,13
0.0659365,0.0968493,0.0,0.6808154524606785,0.31918454753932146,snapshot_14.xyz,32,4000,16.757672110741936,4000,all,14
0.0663671,0.0966407,0.0,0.686740679651534,0.31325932034846604,snapshot_15.xyz,32,4000,16.757672110741936,4000,all,15
0.06608,0.0948315,0.0,0.6968148769132619,0.30318512308673806,snapshot_16.xyz,32,4000,16.757672110741936,4000,all,16
0.0668693,0.0955973,0.0,0.6994894207263177,0.3005105792736823,snapshot_17.xyz,32,4000,16.757672110741936,4000,all,17
0.0663671,0.0967102,0.0,0.6862471590380332,0.31375284096196676,snapshot_18.xyz,32,4000,16.757672110741936,4000,all,18
0.0666541,0.0971273,0.0,0.6862550487864895,0.31374495121351054,snapshot_19.xyz,32,4000,16.757672110741936,4000,all,19
0.0672994,0.0967102,0.0,0.6958873004088504,0.3041126995911496,snapshot_20.xyz,32,4000,16.757672110741936,4000,all,20
0.0653619,0.0974052,0.0,0.6710309100540833,0.32896908994591667,snapshot_21.xyz,32,4000,16.757672110741936,4000,all,21
0.0657929,0.0959452,0.0,0.6857341482429554,0.3142658517570446,snapshot_22.xyz,32,4000,16.757672110741936,4000,all,22
0.0672278,0.0969883,0.0,0.6931537102928911,0.3068462897071089,snapshot_23.xyz,32,4000,16.757672110741936,4000,all,23
0.0659365,0.0960148,0.0,0.6867326703799831,0.3132673296200169,snapshot_24.xyz,32,4000,16.757672110741936,4000,all,24
0.0653619,0.0955277,0.0,0.6842193416150499,0.31578065838495006,snapshot_25.xyz,32,4000,16.757672110741936,4000,all,25
0.065721,0.0965016,0.0,0.6810353403466886,0.31896465965331144,snapshot_26.xyz,32,4000,16.757672110741936,4000,all,26
0.0661518,0.0960148,0.0,0.6889750330157434,0.31102496698425663,snapshot_27.xyz,32,4000,16.757672110741936,4000,all,27
0.0665824,0.0972663,0.0,0.684537193251928,0.31546280674807203,snapshot_28.xyz,32,4000,16.757672110741936,4000,all,28
0.0668693,0.0958756,0.0,0.6974589989528097,0.3025410010471903,snapshot_29.xyz,32,4000,16.757672110741936,4000,all,29
0.0659365,0.0971273,0.0,0.6788668067577293,0.32113319324227074,snapshot_30.xyz,32,4000,16.757672110741936,4000,all,30
0.0657929,0.0960148,0.0,0.6852370676187421,0.31476293238125785,snapshot_31.xyz,32,4000,16.757672110741936,4000,all,31
0.0662954,0.0966407,0.0,0.6859987562176185,0.3140012437823815,snapshot_32.xyz,32,4000,16.757672110741936,4000,all,32
0.0653619,0.096293,0.0,0.6787814275180958,0.3212185724819042,snapshot_33.xyz,32,4000,16.757672110741936,4000,all,33
0.06529,0.0968493,0.0,0.6741401331759754,0.32585986682402457,snapshot_34.xyz,32,4000,16.757672110741936,4000,all,34
0.0657929,0.0952493,0.0,0.6907441839467587,0.30925581605324126,snapshot_35.xyz,32,4000,16.757672110741936,4000,all,35
0.0664389,0.0971273,0.0,0.68403939983918,0.31596060016081995,snapshot_36.xyz,32,4000,16.757672110741936,4000,all,36
0.065721,0.0958756,0.0,0.6854820204515018,0.31451797954849825,snapshot_37.xyz,32,4000,16.757672110741936,4000,all,37
0.0663671,0.0968493,0.0,0.6852615351892063,0.3147384648107937,snapshot_38.xyz,32,4000,16.757672110741936,4000,all,38
0.0646431,0.0966407,0.0,0.6689014048946251,0.33109859510537487,snapshot_39.xyz,32,4000,16.757672110741936,4000,all,39
0.0670127,0.0967797,0.0,0.6924251676746259,0.3075748323253741,snapshot_40.xyz,32,4000,16.757672110741936,4000,all,40
0.065721,0.0965712,0.0,0.6805445101645211,0.3194554898354789,snapshot_41.xyz,32,4000,16.757672110741936,4000,all,41
0.0658647,0.0967102,0.0,0.6810522571559153,0.31894774284408467,snapshot_42.xyz,32,4000,16.757672110741936,4000,all,42
0.0672994,0.0960843,0.0,0.7004203600380082,0.2995796399619918,snapshot_43.xyz,32,4000,16.757672110741936,4000,all,43
0.06608,0.0965712,0.0,0.6842619745845553,0.3157380254154447,snapshot_44.xyz,32,4000,16.757672110741936,4000,all,44
0.0656492,0.0964321,0.0,0.6807816069545307,0.3192183930454693,snapshot_45.xyz,32,4000,16.757672110741936,4000,all,45
0.0651463,0.0969883,0.0,0.6716923587690474,0.3283076412309526,snapshot_46.xyz,32,4000,16.757672110741936,4000,all,46
0.0666541,0.0965016,0.0,0.6907046100790037,0.30929538992099626,snapshot_47.xyz,32,4000,16.757672110741936,4000,all,47
0.065721,0.0970578,0.0,0.6771325952164586,0.32286740478354137,snapshot_48.xyz,32,4000,16.757672110741936,4000,all,48
0.0661518,0.0963626,0.0,0.6864883263838875,0.31351167361611254,snapshot_49.xyz,32,4000,16.757672110741936,4000,all,49
0.0663671,0.0965016,0.0,0.6877305661253285,0.31226943387467154,snapshot_50.xyz,32,4000,16.757672110741936,4000,all,50
0.0666541,0.0967797,0.0,0.6887198451741429,0.31128015482585714,snapshot_51.xyz,32,4000,16.757672110741936,4000,all,51
0.0658647,0.0957365,0.0,0.6879789839820758,0.3120210160179242,snapshot_52.xyz,32,4000,16.757672110741936,4000,all,52
0.0658647,0.0958756,0.0,0.6869808376688125,0.31301916233118754,snapshot_53.xyz,32,4000,16.757672110741936,4000,all,53
0.0660083,0.0965016,0.0,0.68401249305711,0.31598750694289,snapshot_54.xyz,32,4000,16.757672110741936,4000,all,54
0.0659365,0.0960843,0.0,0.6862359407312121,0.3137640592687879,snapshot_55.xyz,32,4000,16.757672110741936,4000,all,55
0.0664389,0.0962235,0.0,0.6904643875976242,0.3095356124023758,snapshot_56.xyz,32,4000,16.757672110741936,4000,all,56
0.0660083,0.0967102,0.0,0.6825371057034316,0.3174628942965684,snapshot_57.xyz,32,4000,16.757672110741936,4000,all,57
0.0658647,0.0971968,0.0,0.67764267959439,0.32235732040561005,snapshot_58.xyz,32,4000,16.757672110741936,4000,all,58
0.0667258,0.0974052,0.0,0.685033242578425,0.314966757421575,snapshot_59.xyz,32,4000,16.757672110741936,4000,all,59
0.0668693,0.0959452,0.0,0.6969530523673931,0.30304694763260687,snapshot_60.xyz,32,4000,16.757672110741936,4000,all,60
0.067801,0.0971273,0.0,0.6980632633667362,0.3019367366332638,snapshot_61.xyz,32,4000,16.757672110741936,4000,all,61
0.0665824,0.0958756,0.0,0.6944665796094105,0.3055334203905895,snapshot_62.xyz,32,4000,16.757672110741936,4000,all,62
0.065721,0.0961539,0.0,0.6834980172411104,0.31650198275888963,snapshot_63.xyz,32,4000,16.757672110741936,4000,all,63
0.065721,0.0961539,0.0,0.6834980172411104,0.31650198275888963,snapshot_64.xyz,32,4000,16.757672110741936,4000,all,64
0.0661518,0.0969883,0.0,0.6820595886307936,0.31794041136920637,snapshot_65.xyz,32,4000,16.757672110741936,4000,all,65
0.0662954,0.0972663,0.0,0.6815865309978894,0.31841346900211065,snapshot_66.xyz,32,4000,16.757672110741936,4000,all,66
0.0667258,0.0968493,0.0,0.6889652274203324,0.3110347725796676,snapshot_67.xyz,32,4000,16.757672110741936,4000,all,67
0.0660083,0.0966407,0.0,0.6830279581998062,0.3169720418001938,snapshot_68.xyz,32,4000,16.757672110741936,4000,all,68
0.0667976,0.0967797,0.0,0.6902025941390602,0.30979740586093985,snapshot_69.xyz,32,4000,16.757672110741936,4000,all,69
0.0665106,0.0969883,0.0,0.6857590039210916,0.31424099607890843,snapshot_70.xyz,32,4000,16.757672110741936,4000,all,70
0.0662236,0.0964321,0.0,0.6867381297306601,0.31326187026933994,snapshot_71.xyz,32,4000,16.757672110741936,4000,all,71
0.0662236,0.0969188,0.0,0.6832895165850175,0.31671048341498254,snapshot_72.xyz,32,4000,16.757672110741936,4000,all,72
0.0660083,0.0972663,0.0,0.6786348406385357,0.32136515936146426,snapshot_73.xyz,32,4000,16.757672110741936,4000,all,73
0.0662954,0.0961539,0.0,0.6894717738958066,0.3105282261041934,snapshot_74.xyz,32,4000,16.757672110741936,4000,all,74
0.0670844,0.0967797,0.0,0.6931660255198147,0.30683397448018535,snapshot_75.xyz,32,4000,16.757672110741936,4000,all,75
0.0672994,0.0971968,0.0,0.6924034536116415,0.30759654638835854,snapshot_76.xyz,32,4000,16.757672110741936,4000,all,76
0.0651463,0.0969883,0.0,0.6716923587690474,0.3283076412309526,snapshot_77.xyz,32,4000,16.757672110741936,4000,all,77
0.065721,0.0968493,0.0,0.6785903460324443,0.3214096539675557,snapshot_78.xyz,32,4000,16.757672110741936,4000,all,78
0.0665106,0.0961539,0.0,0.6917098526424825,0.3082901473575175,snapshot_79.xyz,32,4000,16.757672110741936,4000,all,79
0.0663671,0.096293,0.0,0.6892204002367773,0.31077959976322267,snapshot_80.xyz,32,4000,16.757672110741936,4000,all,80
0.0652182,0.0961539,0.0,0.678268900169416,0.321731099830584,snapshot_81.xyz,32,4000,16.757672110741936,4000,all,81
0.0666541,0.0971273,0.0,0.6862550487864895,0.31374495121351054,snapshot_82.xyz,32,4000,16.757672110741936,4000,all,82
0.0666541,0.0967797,0.0,0.6887198451741429,0.31128015482585714,snapshot_83.xyz,32,4000,16.757672110741936,4000,all,83
0.06608,0.0963626,0.0,0.6857432240308999,0.31425677596910007,snapshot_84.xyz,32,4000,16.757672110741936,4000,all,84
0.0668693,0.0965016,0.0,0.6929346249181361,0.30706537508186393,snapshot_85.xyz,32,4000,16.757672110741936,4000,all,85
0.0670844,0.0976831,0.0,0.6867554367132084,0.3132445632867916,snapshot_86.xyz,32,4000,16.757672110741936,4000,all,86
0.0655056,0.0965712,0.0,0.6783140315125006,0.3216859684874994,snapshot_87.xyz,32,4000,16.757672110741936,4000,all,87
0.0663671,0.0965016,0.0,0.6877305661253285,0.31226943387467154,snapshot_88.xyz,32,4000,16.757672110741936,4000,all,88
0.0666541,0.0969883,0.0,0.6872385638267708,0.31276143617322916,snapshot_89.xyz,32,4000,16.757672110741936,4000,all,89
0.0659365,0.0961539,0.0,0.685739215986039,0.31426078401396096,snapshot_90.xyz,32,4000,16.757672110741936,4000,all,90
0.0650026,0.096293,0.0,0.6750501074844484,0.3249498925155516,snapshot_91.xyz,32,4000,16.757672110741936,4000,all,91
0.0667976,0.0969188,0.0,0.689212000148578,0.310787999851422,snapshot_92.xyz,32,4000,16.757672110741936,4000,all,92
0.066941,0.0969188,0.0,0.6906915892479065,0.3093084107520935,snapshot_93.xyz,32,4000,16.757672110741936,4000,all,93
0.0667258,0.0969188,0.0,0.6884711738073521,0.3115288261926479,snapshot_94.xyz,32,4000,16.757672110741936,4000,all,94
0.0667976,0.0967797,0.0,0.6902025941390602,0.30979740586093985,snapshot_95.xyz,32,4000,16.757672110741936,4000,all,95
0.0663671,0.0963626,0.0,0.6887225956958405,0.3112774043041595,snapshot_96.xyz,32,4000,16.757672110741936,4000,all,96
0.0663671,0.0968493,0.0,0.6852615351892063,0.3147384648107937,snapshot_97.xyz,32,4000,16.757672110741936,4000,all,97
0.0667976,0.0963626,0.0,0.6931900965727367,0.30680990342726333,snapshot_98.xyz,32,4000,16.757672110741936,4000,all,98
0.0660083,0.0962235,0.0,0.685989389286401,0.31401061071359904,snapshot_99.xyz,32,4000,16.757672110741936,4000,all,99
0.0661518,0.0971968,0.0,0.6805964805425693,0.31940351945743073,snapshot_100.xyz,32,4000,16.757672110741936,4000,all,100
0.0658647,0.0960843,0.0,0.6854886802526532,0.3145113197473468,snapshot_101.xyz,32,4000,16.757672110741936,4000,all,101
0.0646431,0.0953885,0.0,0.6776823201958306,0.32231767980416937,snapshot_102.xyz,32,4000,16.757672110741936,4000,all,102
0.0662236,0.0962235,0.0,0.6882268884420125,0.3117731115579875,snapshot_103.xyz,32,4000,16.757672110741936,4000,all,103
0.0656492,0.0965712,0.0,0.6798010172805143,0.32019898271948566,snapshot_104.xyz,32,4000,16.757672110741936,4000,all,104
0.066941,0.0967102,0.0,0.6921813831426261,0.3078186168573739,snapshot_105.xyz,32,4000,16.757672110741936,4000,all,105
0.06608,0.0956669,0.0,0.690730022609701,0.30926997739029904,snapshot_106.xyz,32,4000,16.757672110741936,4000,all,106
0.0656492,0.0965712,0.0,0.6798010172805143,0.32019898271948566,snapshot_107.xyz,32,4000,16.757672110741936,4000,all,107
0.0654337,0.0968493,0.0,0.6756238816387934,0.3243761183612066,snapshot_108.xyz,32,4000,16.757672110741936,4000,all,108
0.0674428,0.0971968,0.0,0.6938788108250478,0.30612118917495224,snapshot_109.xyz,32,4000,16.757672110741936,4000,all,109
0.0658647,0.0960843,0.0,0.6854886802526532,0.3145113197473468,snapshot_110.xyz,32,4000,16.757672110741936,4000,all,110
0.06529,0.0961539,0.0,0.6790156197512529,0.3209843802487471,snapshot_111.xyz,32,4000,16.757672110741936,4000,all,111
0.065721,0.0967797,0.0,0.6790783604412909,0.3209216395587091,snapshot_112.xyz,32,4000,16.757672110741936,4000,all,112
0.0652182,0.0962235,0.0,0.6777782974013624,0.3222217025986376,snapshot_113.xyz,32,4000,16.757672110741936,4000,all,113
0.0653619,0.0960148,0.0,0.6807481763228169,0.3192518236771831,snapshot_114.xyz,32,4000,16.757672110741936,4000,all,114
0.0658647,0.0963626,0.0,0.6835089547189469,0.3164910452810531,snapshot_115.xyz,32,4000,16.757672110741936,4000,all,115
0.0672278,0.0967797,0.0,0.6946477412101919,0.3053522587898081,snapshot_116.xyz,32,4000,16.757672110741936,4000,all,116
0.0659365,0.0964321,0.0,0.6837609053416859,0.3162390946583141,snapshot_117.xyz,32,4000,16.757672110741936,4000,all,117
0.0692324,0.0999039,0.0,0.6929899633547839,0.3070100366452161,snapshot_118.xyz,32,4000,16.757672110741936,4000,all,118
0.0679443,0.098447,0.0,0.6901612034902028,0.3098387965097972,snapshot_119.xyz,32,4000,16.757672110741936,4000,all,119
0.0680875,0.100181,0.0,0.6796448428344696,0.3203551571655304,snapshot_120.xyz,32,4000,16.757672110741936,4000,all,120
0.0677294,0.098447,0.0,0.6879783030463091,0.31202169695369086,snapshot_121.xyz,32,4000,16.757672110741936,4000,all,121
0.0685886,0.100112,0.0,0.685118667092856,0.31488133290714404,snapshot_122.xyz,32,4000,16.757672110741936,4000,all,122
0.0683023,0.10025,0.0,0.6813197007481296,0.31868029925187036,snapshot_123.xyz,32,4000,16.757672110741936,4000,all,123
0.0686601,0.100181,0.0,0.6853604974995259,0.3146395025004741,snapshot_124.xyz,32,4000,16.757672110741936,4000,all,124
0.0667976,0.0971273,0.0,0.6877324912769118,0.31226750872308817,snapshot_125.xyz,32,4000,16.757672110741936,4000,all,125
0.0681591,0.097961,0.0,0.6957779116178887,0.3042220883821113,snapshot_126.xyz,32,4000,16.757672110741936,4000,all,126
0.0680875,0.0983082,0.0,0.6925922761275254,0.3074077238724746,snapshot_127.xyz,32,4000,16.757672110741936,4000,all,127
0.0683739,0.0994184,0.0,0.6877388893806378,0.31226111061936224,snapshot_128.xyz,32,4000,16.757672110741936,4000,all,128
0.0692324,0.0999039,0.0,0.6929899633547839,0.3070100366452161,snapshot_129.xyz,32,4000,16.757672110741936,4000,all,129
0.0687317,0.100112,0.0,0.6865480661658943,0.31345193383410574,snapshot_130.xyz,32,4000,16.757672110741936,4000,all,130
0.0690178,0.0994184,0.0,0.6942155576834872,0.3057844423165128,snapshot_131.xyz,32,4000,16.757672110741936,4000,all,131
0.0685886,0.0992797,0.0,0.6908622810101158,0.3091377189898842,snapshot_132.xyz,32,4000,16.757672110741936,4000,all,132
0.0680159,0.0976831,0.0,0.6962913748642294,0.30370862513577057,snapshot_133.xyz,32,4000,16.757672110741936,4000,all,133
0.0693754,0.0996265,0.0,0.6963548854973325,0.3036451145026675,snapshot_134.xyz,32,4000,16.757672110741936,4000,all,134
0.0688748,0.0990022,0.0,0.6956895907363675,0.3043104092636325,snapshot_135.xyz,32,4000,16.757672110741936,4000,all,135
0.0703043,0.10025,0.0,0.7012897755610972,0.2987102244389028,snapshot_136.xyz,32,4000,16.757672110741936,4000,all,136
0.0681591,0.0992797,0.0,0.6865361196699828,0.31346388033001715,snapshot_137.xyz,32,4000,16.757672110741936,4000,all,137
0.0690894,0.0993491,0.0,0.6954204919823128,0.3045795080176872,snapshot_138.xyz,32,4000,16.757672110741936,4000,all,138
0.0697328,0.100528,0.0,0.693665446442782,0.30633455355721795,snapshot_139.xyz,32,4000,16.757672110741936,4000,all,139
0.0683023,0.0985164,0.0,0.6933089313048385,0.3066910686951615,snapshot_140.xyz,32,4000,16.757672110741936,4000,all,140
0.0683023,0.0994878,0.0,0.6865394550889656,0.31346054491103437,snapshot_141.xyz,32,4000,16.757672110741936,4000,all,141
0.0707327,0.100389,0.0,0.7045861598382293,0.29541384016177075,snapshot_142.xyz,32,4000,16.757672110741936,4000,all,142
0.0688748,0.0992103,0.0,0.6942303369710604,0.3057696630289396,snapshot_143.xyz,32,4000,16.757672110741936,4000,all,143
0.0706613,0.100112,0.0,0.7058224788237174,0.2941775211762826,snapshot_144.xyz,32,4000,16.757672110741936,4000,all,144
0.0688032,0.0992103,0.0,0.6935086377120117,0.30649136228798834,snapshot_145.xyz,32,4000,16.757672110741936,4000,all,145
0.0700186,0.099141,0.0,0.7062527107856487,0.29374728921435134,snapshot_146.xyz,32,4000,16.757672110741936,4000,all,146
0.0708041,0.100043,0.0,0.7077366732305108,0.2922633267694892,snapshot_147.xyz,32,4000,16.757672110741936,4000,all,147
0.0699471,0.100043,0.0,0.6991703567465989,0.3008296432534011,snapshot_148.xyz,32,4000,16.757672110741936,4000,all,148
0.0710182,0.100458,0.0,0.7069441955842243,0.2930558044157757,snapshot_149.xyz,32,4000,16.757672110741936,4000,all,149
0.0708754,0.10032,0.0,0.7064932216905901,0.29350677830940985,snapshot_150.xyz,32,4000,16.757672110741936,4000,all,150
0.0698042,0.0995572,0.0,0.7011466774879165,0.2988533225120835,snapshot_151.xyz,32,4000,16.757672110741936,4000,all,151
0.0717314,0.099141,0.0,0.7235291150986978,0.2764708849013022,snapshot_152.xyz,32,4000,16.757672110741936,4000,all,152
0.0713035,0.0994184,0.0,0.717206271676068,0.282793728323932,snapshot_153.xyz,32,4000,16.757672110741936,4000,all,153
0.0714462,0.098794,0.0,0.7231835941453935,0.27681640585460654,snapshot_154.xyz,32,4000,16.757672110741936,4000,all,154
0.0693754,0.0988634,0.0,0.7017298616070254,0.29827013839297456,snapshot_155.xyz,32,4000,16.757672110741936,4000,all,155
0.0723729,0.100389,0.0,0.7209246032931895,0.2790753967068105,snapshot_156.xyz,32,4000,16.757672110741936,4000,all,156
0.0709468,0.0993491,0.0,0.7141161822301361,0.28588381776986393,snapshot_157.xyz,32,4000,16.757672110741936,4000,all,157
0.0702329,0.0978915,0.0,0.7174565718167563,0.28254342818324374,snapshot_158.xyz,32,4000,16.757672110741936,4000,all,158
0.0703757,0.0993491,0.0,0.7083677657875109,0.29163223421248907,snapshot_159.xyz,32,4000,16.757672110741936,4000,all,159
0.0698042,0.0983776,0.0,0.7095538008652376,0.29044619913476244,snapshot_160.xyz,32,4000,16.757672110741936,4000,all,160
0.0721591,0.100458,0.0,0.7183011805928846,0.2816988194071154,snapshot_161.xyz,32,4000,16.757672110741936,4000,all,161
0.0715175,0.0996265,0.0,0.7178561928804083,0.28214380711959175,snapshot_162.xyz,32,4000,16.757672110741936,4000,all,162
0.0718027,0.0987246,0.0,0.7273030227521813,0.2726969772478187,snapshot_163.xyz,32,4000,16.757672110741936,4000,all,163
0.0708041,0.0994878,0.0,0.7116862570083969,0.28831374299160306,snapshot_164.xyz,32,4000,16.757672110741936,4000,all,164
0.0726578,0.100458,0.0,0.723265444265265,0.27673455573473504,snapshot_165.xyz,32,4000,16.757672110741936,4000,all,165
0.0716601,0.0996958,0.0,0.7187875517323699,0.28121244826763014,snapshot_166.xyz,32,4000,16.757672110741936,4000,all,166
0.0737254,0.100528,0.0,0.7333817443896227,0.26661825561037733,snapshot_167.xyz,32,4000,16.757672110741936,4000,all,167
0.0723016,0.0988634,0.0,0.7313282771986397,0.2686717228013603,snapshot_168.xyz,32,4000,16.757672110741936,4000,all,168
0.0722304,0.0996265,0.0,0.7250119195194049,0.2749880804805951,snapshot_169.xyz,32,4000,16.757672110741936,4000,all,169
0.0728002,0.0999732,0.0,0.7281971568380325,0.27180284316196746,snapshot_170.xyz,32,4000,16.757672110741936,4000,all,170
0.0713035,0.0985164,0.0,0.7237728946652537,0.27622710533474626,snapshot_171.xyz,32,4000,16.757672110741936,4000,all,171
0.0724441,0.0994184,0.0,0.7286789970468243,0.27132100295317574,snapshot_172.xyz,32,4000,16.757672110741936,4000,all,172
0.073085,0.10032,0.0,0.7285187400318979,0.27148125996810213,snapshot_173.xyz,32,4000,16.757672110741936,4000,all,173
0.0728002,0.0992103,0.0,0.7337967932765045,0.2662032067234955,snapshot_174.xyz,32,4000,16.757672110741936,4000,all,174
0.071874,0.0990022,0.0,0.7259838670251771,0.27401613297482286,snapshot_175.xyz,32,4000,16.757672110741936,4000,all,175
0.0724441,0.0990716,0.0,0.7312297368771676,0.26877026312283236,snapshot_176.xyz,32,4000,16.757672110741936,4000,all,176
0.074081,0.0996265,0.0,0.743587298560122,0.25641270143987804,snapshot_177.xyz,32,4000,16.757672110741936,4000,all,177
0.0721591,0.0996265,0.0,0.7242962464806051,0.2757037535193949,snapshot_178.xyz,32,4000,16.757672110741936,4000,all,178
0.073085,0.0999732,0.0,0.7310459203066422,0.26895407969335783,snapshot_179.xyz,32,4000,16.757672110741936,4000,all,179
0.073512,0.100458,0.0,0.7317685002687689,0.26823149973123106,snapshot_180.xyz,32,4000,16.757672110741936,4000,all,180
0.074081,0.100736,0.0,0.7353974745870393,0.2646025254129607,snapshot_181.xyz,32,4000,16.757672110741936,4000,all,181
0.0737254,0.0998345,0.0,0.7384761780747136,0.26152382192528645,snapshot_182.xyz,32,4000,16.757672110741936,4000,all,182
0.0728002,0.0992797,0.0,0.7332838435249099,0.26671615647509006,snapshot_183.xyz,32,4000,16.757672110741936,4000,all,183
0.075573,0.100597,0.0,0.7512450669503067,0.24875493304969332,snapshot_184.xyz,32,4000,16.757672110741936,4000,all,184
0.0747208,0.10032,0.0,0.7448245614035087,0.2551754385964913,snapshot_185.xyz,32,4000,16.757672110741936,4000,all,185
0.0729426,0.0993491,0.0,0.7342049399541616,0.2657950600458384,snapshot_186.xyz,32,4000,16.757672110741936,4000,all,186
0.0761407,0.10122,0.0,0.7522297964829086,0.24777020351709145,snapshot_187.xyz,32,4000,16.757672110741936,4000,all,187
0.074081,0.100043,0.0,0.7404915886168946,0.25950841138310543,snapshot_188.xyz,32,4000,16.757672110741936,4000,all,188
0.0737966,0.099141,0.0,0.744360052854016,0.25563994714598404,snapshot_189.xyz,32,4000,16.757672110741936,4000,all,189
0.0742232,0.100389,0.0,0.739355905527498,0.26064409447250203,snapshot_190.xyz,32,4000,16.757672110741936,4000,all,190
0.0747208,0.100112,0.0,0.7463720632891162,0.2536279367108838,snapshot_191.xyz,32,4000,16.757672110741936,4000,all,191
0.0746497,0.0994184,0.0,0.750864025170391,0.24913597482960903,snapshot_192.xyz,32,4000,16.757672110741936,4000,all,192
0.075644,0.100528,0.0,0.7524669743752984,0.24753302562470159,snapshot_193.xyz,32,4000,16.757672110741936,4000,all,193
0.0759279,0.100389,0.0,0.7563368496548427,0.2436631503451573,snapshot_194.xyz,32,4000,16.757672110741936,4000,all,194
0.0762117,0.0990716,0.0,0.7692587986870102,0.2307412013129898,snapshot_195.xyz,32,4000,16.757672110741936,4000,all,195
0.075502,0.099141,0.0,0.7615618159994351,0.23843818400056493,snapshot_196.xyz,32,4000,16.757672110741936,4000,all,196
0.0762117,0.101013,0.0,0.7544741765911317,0.2455258234088683,snapshot_197.xyz,32,4000,16.757672110741936,4000,all,197
0.075289,0.0994878,0.0,0.7567661562523244,0.24323384374767565,snapshot_198.xyz,32,4000,16.757672110741936,4000,all,198
0.0761407,0.0997652,0.0,0.7631989912314114,0.23680100876858856,snapshot_199.xyz,32,4000,16.757672110741936,4000,all,199
0.0761407,0.0997652,0.0,0.7631989912314114,0.23680100876858856,snapshot_200.xyz,32,4000,16.757672110741936,4000,all,200
0.0762826,0.0994878,0.0,0.7667533104561565,0.23324668954384353,snapshot_201.xyz,32,4000,16.757672110741936,4000,all,201
0.0759279,0.100181,0.0,0.7579071879897386,0.24209281201026145,snapshot_202.xyz,32,4000,16.757672110741936,4000,all,202
0.075218,0.100043,0.0,0.751856701618304,0.24814329838169602,snapshot_203.xyz,32,4000,16.757672110741936,4000,all,203
0.075715,0.0994878,0.0,0.7610480883083153,0.23895191169168473,snapshot_204.xyz,32,4000,16.757672110741936,4000,all,204
0.0772751,0.100458,0.0,0.7692279360528778,0.23077206394712224,snapshot_205.xyz,32,4000,16.757672110741936,4000,all,205
0.075289,0.0998345,0.0,0.7541380985531053,0.24586190144689468,snapshot_206.xyz,32,4000,16.757672110741936,4000,all,206
0.0761407,0.0992797,0.0,0.7669312054730223,0.2330687945269777,snapshot_207.xyz,32,4000,16.757672110741936,4000,all,207
0.0767081,0.100043,0.0,0.7667512969423148,0.2332487030576852,snapshot_208.xyz,32,4000,16.757672110741936,4000,all,208
0.0771334,0.100043,0.0,0.7710024689383566,0.22899753106164344,snapshot_209.xyz,32,4000,16.757672110741936,4000,all,209
0.0763535,0.0993491,0.0,0.7685374100017012,0.23146258999829883,snapshot_210.xyz,32,4000,16.757672110741936,4000,all,210
0.075715,0.100112,0.0,0.7563029407064088,0.2436970592935912,snapshot_211.xyz,32,4000,16.757672110741936,4000,all,211
0.0764954,0.100528,0.0,0.760936256565335,0.23906374343466497,snapshot_212.xyz,32,4000,16.757672110741936,4000,all,212
0.0791863,0.10025,0.0,0.7898882793017457,0.21011172069825435,snapshot_213.xyz,32,4000,16.757672110741936,4000,all,213
0.0784789,0.0994878,0.0,0.7888293841053878,0.21117061589461217,snapshot_214.xyz,32,4000,16.757672110741936,4000,all,214
0.0784081,0.0996265,0.0,0.7870205216483565,0.21297947835164355,snapshot_215.xyz,32,4000,16.757672110741936,4000,all,215
0.0775585,0.0994878,0.0,0.7795779985083598,0.22042200149164015,snapshot_216.xyz,32,4000,16.757672110741936,4000,all,216
0.0771334,0.100528,0.0,0.7672827470953366,0.23271725290466339,snapshot_217.xyz,32,4000,16.757672110741936,4000,all,217
0.077771,0.100805,0.0,0.7714994295917862,0.2285005704082138,snapshot_218.xyz,32,4000,16.757672110741936,4000,all,218
0.0786912,0.0992797,0.0,0.7926212508700168,0.20737874912998322,snapshot_219.xyz,32,4000,16.757672110741936,4000,all,219
0.0781958,0.0998345,0.0,0.7832542858430702,0.21674571415692978,snapshot_220.xyz,32,4000,16.757672110741936,4000,all,220
0.0780542,0.0998345,0.0,0.7818359384781813,0.21816406152181866,snapshot_221.xyz,32,4000,16.757672110741936,4000,all,221
0.0780542,0.100597,0.0,0.775909818384246,0.224090181615754,snapshot_222.xyz,32,4000,16.757672110741936,4000,all,222
0.0779834,0.100389,0.0,0.7768122005398996,0.22318779946010037,snapshot_223.xyz,32,4000,16.757672110741936,4000,all,223
0.0774877,0.0996958,0.0,0.7772413682421928,0.2227586317578072,snapshot_224.xyz,32,4000,16.757672110741936,4000,all,224
0.0786204,0.100528,0.0,0.7820746458698073,0.21792535413019265,snapshot_225.xyz,32,4000,16.757672110741936,4000,all,225
0.0789034,0.100112,0.0,0.7881512705769538,0.21184872942304622,snapshot_226.xyz,32,4000,16.757672110741936,4000,all,226
0.0788326,0.0999732,0.0,0.7885373280039051,0.21146267199609492,snapshot_227.xyz,32,4000,16.757672110741936,4000,all,227
0.0779126,0.10025,0.0,0.7771830423940149,0.22281695760598508,snapshot_228.xyz,32,4000,16.757672110741936,4000,all,228
0.0789741,0.100389,0.0,0.7866808116427099,0.21331918835729013,snapshot_229.xyz,32,4000,16.757672110741936,4000,all,229
0.0778418,0.0997652,0.0,0.7802500270635453,0.2197499729364547,snapshot_230.xyz,32,4000,16.757672110741936,4000,all,230
0.0777002,0.100112,0.0,0.7761327313408981,0.2238672686591019,snapshot_231.xyz,32,4000,16.757672110741936,4000,all,231
0.0790448,0.0996265,0.0,0.7934113915474296,0.20658860845257043,snapshot_232.xyz,32,4000,16.757672110741936,4000,all,232
0.0779834,0.100181,0.0,0.7784250506583084,0.22157494934169164,snapshot_233.xyz,32,4000,16.757672110741936,4000,all,233
0.0793277,0.0997652,0.0,0.7951439981075565,0.20485600189244346,snapshot_234.xyz,32,4000,16.757672110741936,4000,all,234
0.0786204,0.100112,0.0,0.7853244366309732,0.21467556336902682,snapshot_235.xyz,32,4000,16.757672110741936,4000,all,235
0.0791155,0.100112,0.0,0.7902698977145597,0.2097301022854403,snapshot_236.xyz,32,4000,16.757672110741936,4000,all,236
0.0793277,0.0996958,0.0,0.7956975118309899,0.2043024881690101,snapshot_237.xyz,32,4000,16.757672110741936,4000,all,237
0.0786204,0.0999039,0.0,0.7869602688183344,0.21303973118166564,snapshot_238.xyz,32,4000,16.757672110741936,4000,all,238
0.0784081,0.100597,0.0,0.779427815938845,0.22057218406115497,snapshot_239.xyz,32,4000,16.757672110741936,4000,all,239
0.0788326,0.0994878,0.0,0.7923845938899041,0.20761540611009588,snapshot_240.xyz,32,4000,16.757672110741936,4000,all,240
0.0811641,0.100874,0.0,0.8046087197890437,0.1953912802109563,snapshot_241.xyz,32,4000,16.757672110741936,4000,all,241
0.0798224,0.100943,0.0,0.7907670665623173,0.20923293343768268,snapshot_242.xyz,32,4000,16.757672110741936,4000,all,242
0.0810935,0.10032,0.0,0.8083482854864433,0.19165171451355667,snapshot_243.xyz,32,4000,16.757672110741936,4000,all,243
0.0811641,0.100736,0.0,0.8057109672808132,0.19428903271918685,snapshot_244.xyz,32,4000,16.757672110741936,4000,all,244
0.0807406,0.101082,0.0,0.798763380225955,0.20123661977404494,snapshot_245.xyz,32,4000,16.757672110741936,4000,all,245
0.0795397,0.0990716,0.0,0.8028506655792377,0.19714933442076232,snapshot_246.xyz,32,4000,16.757672110741936,4000,all,246
0.0803169,0.0997652,0.0,0.8050592791875323,0.19494072081246772,snapshot_247.xyz,32,4000,16.757672110741936,4000,all,247
0.080105,0.100043,0.0,0.8007056965504832,0.19929430344951682,snapshot_248.xyz,32,4000,16.757672110741936,4000,all,248
0.0814463,0.10032,0.0,0.8118650318979266,0.18813496810207342,snapshot_249.xyz,32,4000,16.757672110741936,4000,all,249
0.0799638,0.0999039,0.0,0.8004071913108497,0.1995928086891503,snapshot_250.xyz,32,4000,16.757672110741936,4000,all,250
0.0800344,0.0995572,0.0,0.8039036855194803,0.19609631448051967,snapshot_251.xyz,32,4000,16.757672110741936,4000,all,251
0.0805994,0.0998345,0.0,0.807330131367413,0.19266986863258695,snapshot_252.xyz,32,4000,16.757672110741936,4000,all,252
0.0801757,0.0998345,0.0,0.8030861075079256,0.19691389249207436,snapshot_253.xyz,32,4000,16.757672110741936,4000,all,253
0.0801757,0.0996958,0.0,0.8042033867023486,0.1957966132976514,snapshot_254.xyz,32,4000,16.757672110741936,4000,all,254
0.0798931,0.0996265,0.0,0.8019261943358442,0.19807380566415578,snapshot_255.xyz,32,4000,16.757672110741936,4000,all,255
0.0825743,0.100181,0.0,0.8242511054990467,0.17574889450095332,snapshot_256.xyz,32,4000,16.757672110741936,4000,all,256
0.081023,0.100666,0.0,0.8048695686726401,0.19513043132735985,snapshot_257.xyz,32,4000,16.757672110741936,4000,all,257
0.0815168,0.0999039,0.0,0.815952129996927,0.184047870003073,snapshot_258.xyz,32,4000,16.757672110741936,4000,all,258
0.0815874,0.100666,0.0,0.8104762283193928,0.1895237716806072,snapshot_259.xyz,32,4000,16.757672110741936,4000,all,259
0.0798224,0.0999039,0.0,0.7989918311497349,0.20100816885026507,snapshot_260.xyz,32,4000,16.757672110741936,4000,all,260
0.0814463,0.100043,0.0,0.8141129314394809,0.18588706856051906,snapshot_261.xyz,32,4000,16.757672110741936,4000,all,261
0.08067,0.100389,0.0,0.8035740967635896,0.1964259032364104,snapshot_262.xyz,32,4000,16.757672110741936,4000,all,262
0.0832787,0.100458,0.0,0.8289902247705508,0.17100977522944916,snapshot_263.xyz,32,4000,16.757672110741936,4000,all,263
0.0804582,0.100597,0.0,0.7998071513066989,0.20019284869330112,snapshot_264.xyz,32,4000,16.757672110741936,4000,all,264
0.0796811,0.0994878,0.0,0.8009132778089374,0.1990867221910626,snapshot_265.xyz,32,4000,16.757672110741936,4000,all,265
0.0808112,0.0993491,0.0,0.8134064626654897,0.18659353733451034,snapshot_266.xyz,32,4000,16.757672110741936,4000,all,266
0.0825039,0.0999732,0.0,0.8252601697254865,0.17473983027451345,snapshot_267.xyz,32,4000,16.757672110741936,4000,all,267
0.0805994,0.0997652,0.0,0.8078909278987062,0.1921090721012938,snapshot_268.xyz,32,4000,16.757672110741936,4000,all,268
0.0813758,0.100112,0.0,0.8128476106760427,0.18715238932395728,snapshot_269.xyz,32,4000,16.757672110741936,4000,all,269
0.0809524,0.0996958,0.0,0.8119940860096413,0.1880059139903587,snapshot_270.xyz,32,4000,16.757672110741936,4000,all,270
0.0816579,0.100181,0.0,0.8151036623711083,0.18489633762889168,snapshot_271.xyz,32,4000,16.757672110741936,4000,all,271
0.0808818,0.0997652,0.0,0.8107215742563539,0.18927842574364606,snapshot_272.xyz,32,4000,16.757672110741936,4000,all,272
0.0803876,0.100597,0.0,0.7991053411135521,0.20089465888644786,snapshot_273.xyz,32,4000,16.757672110741936,4000,all,273
0.0826448,0.0999039,0.0,0.8272429805042646,0.1727570194957354,snapshot_274.xyz,32,4000,16.757672110741936,4000,all,274
0.0815874,0.10032,0.0,0.8132715311004785,0.18672846889952155,snapshot_275.xyz,32,4000,16.757672110741936,4000,all,275
0.081023,0.0995572,0.0,0.8138336554262273,0.18616634457377268,snapshot_276.xyz,32,4000,16.757672110741936,4000,all,276
0.0818695,0.100528,0.0,0.8143949944294127,0.18560500557058734,snapshot_277.xyz,32,4000,16.757672110741936,4000,all,277
0.0815874,0.100528,0.0,0.8115888110775107,0.18841118892248931,snapshot_278.xyz,32,4000,16.757672110741936,4000,all,278
0.082081,0.10025,0.0,0.8187630922693266,0.18123690773067336,snapshot_279.xyz,32,4000,16.757672110741936,4000,all,279
0.0831379,0.100458,0.0,0.8275886440104322,0.1724113559895678,snapshot_280.xyz,32,4000,16.757672110741936,4000,all,280
0.0832083,0.100528,0.0,0.8277126770650962,0.17228732293490379,snapshot_281.xyz,32,4000,16.757672110741936,4000,all,281
0.0822925,0.0999039,0.0,0.8237165916445705,0.17628340835542955,snapshot_282.xyz,32,4000,16.757672110741936,4000,all,282
0.08194,0.100528,0.0,0.8150962915804552,0.18490370841954484,snapshot_283.xyz,32,4000,16.757672110741936,4000,all,283
0.0816579,0.0995572,0.0,0.8202108938379143,0.17978910616208565,snapshot_284.xyz,32,4000,16.757672110741936,4000,all,284
0.0828562,0.100458,0.0,0.8247844870493142,0.17521551295068583,snapshot_285.xyz,32,4000,16.757672110741936,4000,all,285
0.0827857,0.0998345,0.0,0.8292293746149878,0.1707706253850122,snapshot_286.xyz,32,4000,16.757672110741936,4000,all,286
0.0828562,0.100389,0.0,0.8253513831196645,0.1746486168803355,snapshot_287.xyz,32,4000,16.757672110741936,4000,all,287
0.0827857,0.0996958,0.0,0.8303830251625445,0.16961697483745553,snapshot_288.xyz,32,4000,16.757672110741936,4000,all,288
0.0832083,0.100458,0.0,0.8282894343904915,0.17171056560950848,snapshot_289.xyz,32,4000,16.757672110741936,4000,all,289
0.0828562,0.0994184,0.0,0.833409107368455,0.16659089263154503,snapshot_290.xyz,32,4000,16.757672110741936,4000,all,290
0.0814463,0.101082,0.0,0.8057448408223027,0.1942551591776973,snapshot_291.xyz,32,4000,16.757672110741936,4000,all,291
0.0832787,0.100528,0.0,0.8284129794684068,0.17158702053159325,snapshot_292.xyz,32,4000,16.757672110741936,4000,all,292
0.0816579,0.0996958,0.0,0.8190706128041503,0.18092938719584972,snapshot_293.xyz,32,4000,16.757672110741936,4000,all,293
0.0826448,0.0999039,0.0,0.8272429805042646,0.1727570194957354,snapshot_294.xyz,32,4000,16.757672110741936,4000,all,294
0.084264,0.0997652,0.0,0.8446231752154059,0.15537682478459414,snapshot_295.xyz,32,4000,16.757672110741936,4000,all,295
0.0832083,0.100043,0.0,0.8317253580960187,0.16827464190398134,snapshot_296.xyz,32,4000,16.757672110741936,4000,all,296
0.0825743,0.100389,0.0,0.8225433065375688,0.1774566934624312,snapshot_297.xyz,32,4000,16.757672110741936,4000,all,297
0.0833491,0.101151,0.0,0.8240066830777747,0.1759933169222253,snapshot_298.xyz,32,4000,16.757672110741936,4000,all,298
0.0832787,0.0998345,0.0,0.8341675472907661,0.16583245270923386,snapshot_299.xyz,32,4000,16.757672110741936,4000,all,299
0.0844047,0.0996265,0.0,0.8472113343337364,0.1527886656662636,snapshot_300.xyz,32,4000,16.757672110741936,4000,all,300
0.084475,0.10025,0.0,0.8426433915211969,0.15735660847880306,snapshot_301.xyz,32,4000,16.757672110741936,4000,all,301
0.084264,0.100528,0.0,0.8382142288715582,0.16178577112844184,snapshot_302.xyz,32,4000,16.757672110741936,4000,all,302
0.0828562,0.0998345,0.0,0.8299355433242015,0.1700644566757985,snapshot_303.xyz,32,4000,16.757672110741936,4000,all,303
0.0827857,0.0996265,0.0,0.830960637982866,0.169039362017134,snapshot_304.xyz,32,4000,16.757672110741936,4000,all,304
0.082997,0.0989328,0.0,0.8389229861077419,0.16107701389225815,snapshot_305.xyz,32,4000,16.757672110741936,4000,all,305
0.0831379,0.0996958,0.0,0.8339157717777479,0.1660842282222521,snapshot_306.xyz,32,4000,16.757672110741936,4000,all,306
0.084264,0.100736,0.0,0.8364834815756036,0.1635165184243964,snapshot_307.xyz,32,4000,16.757672110741936,4000,all,307
0.0836307,0.0992103,0.0,0.8429638858062116,0.15703611419378838,snapshot_308.xyz,32,4000,16.757672110741936,4000,all,308
0.0837011,0.0998345,0.0,0.8383985495995873,0.16160145040041274,snapshot_309.xyz,32,4000,16.757672110741936,4000,all,309
0.0841936,0.100736,0.0,0.8357846251588309,0.1642153748411691,snapshot_310.xyz,32,4000,16.757672110741936,4000,all,310
0.0838418,0.100805,0.0,0.8317226328059123,0.1682773671940877,snapshot_311.xyz,32,4000,16.757672110741936,4000,all,311
0.0840529,0.0999732,0.0,0.8407543221583385,0.15924567784166155,snapshot_312.xyz,32,4000,16.757672110741936,4000,all,312
0.0829266,0.0998345,0.0,0.8306407103756717,0.16935928962432834,snapshot_313.xyz,32,4000,16.757672110741936,4000,all,313
0.0852483,0.0999732,0.0,0.8527115266891527,0.14728847331084727,snapshot_314.xyz,32,4000,16.757672110741936,4000,all,314
0.0839122,0.0992797,0.0,0.8452100479755681,0.1547899520244319,snapshot_315.xyz,32,4000,16.757672110741936,4000,all,315
0.0845453,0.0994184,0.0,0.8503989201194145,0.14960107988058546,snapshot_316.xyz,32,4000,16.757672110741936,4000,all,316
0.0839122,0.100181,0.0,0.837605933260798,0.16239406673920198,snapshot_317.xyz,32,4000,16.757672110741936,4000,all,317
0.0853186,0.0995572,0.0,0.8569807105864768,0.14301928941352315,snapshot_318.xyz,32,4000,16.757672110741936,4000,all,318
0.084264,0.100597,0.0,0.8376392934182928,0.1623607065817072,snapshot_319.xyz,32,4000,16.757672110741936,4000,all,319
0.0837011,0.0996265,0.0,0.8401489563519746,0.15985104364802538,snapshot_320.xyz,32,4000,16.757672110741936,4000,all,320
0.0847563,0.100112,0.0,0.8466147914335944,0.15338520856640558,snapshot_321.xyz,32,4000,16.757672110741936,4000,all,321
0.084475,0.100458,0.0,0.8408986840271555,0.1591013159728445,snapshot_322.xyz,32,4000,16.757672110741936,4000,all,322
0.0840529,0.101082,0.0,0.8315318256465047,0.16846817435349526,snapshot_323.xyz,32,4000,16.757672110741936,4000,all,323
0.084475,0.0998345,0.0,0.8461503788770414,0.15384962112295864,snapshot_324.xyz,32,4000,16.757672110741936,4000,all,324
0.0852483,0.0998345,0.0,0.8538961982080342,0.1461038017919658,snapshot_325.xyz,32,4000,16.757672110741936,4000,all,325
0.0850374,0.0999732,0.0,0.8506019613256353,0.14939803867436474,snapshot_326.xyz,32,4000,16.757672110741936,4000,all,326
0.0852483,0.10032,0.0,0.8497637559808612,0.15023624401913882,snapshot_327.xyz,32,4000,16.757672110741936,4000,all,327
0.0837715,0.0996958,0.0,0.8402711047004989,0.15972889529950107,snapshot_328.xyz,32,4000,16.757672110741936,4000,all,328
0.0849672,0.101151,0.0,0.8400035590355014,0.1599964409644986,snapshot_329.xyz,32,4000,16.757672110741936,4000,all,329
0.0855996,0.0992103,0.0,0.8628096074701921,0.13719039252980791,snapshot_330.xyz,32,4000,16.757672110741936,4000,all,330
0.086021,0.100389,0.0,0.8568767494446602,0.1431232505553398,snapshot_331.xyz,32,4000,16.757672110741936,4000,all,331
0.085178,0.099141,0.0,0.8591601859977204,0.14083981400227963,snapshot_332.xyz,32,4000,16.757672110741936,4000,all,332
0.0843343,0.0999732,0.0,0.8435690765125053,0.15643092348749466,snapshot_333.xyz,32,4000,16.757672110741936,4000,all,333
0.0853186,0.0999732,0.0,0.8534147151436584,0.1465852848563416,snapshot_334.xyz,32,4000,16.757672110741936,4000,all,334
0.0856698,0.100181,0.0,0.8551501781774987,0.14484982182250128,snapshot_335.xyz,32,4000,16.757672110741936,4000,all,335
0.086021,0.0997652,0.0,0.8622345266686179,0.13776547333138212,snapshot_336.xyz,32,4000,16.757672110741936,4000,all,336
0.0855996,0.10032,0.0,0.8532655502392343,0.14673444976076566,snapshot_337.xyz,32,4000,16.757672110741936,4000,all,337
0.0857401,0.100043,0.0,0.8570324760353047,0.14296752396469525,snapshot_338.xyz,32,4000,16.757672110741936,4000,all,338
0.0854591,0.0997652,0.0,0.8566023022055786,0.14339769779442135,snapshot_339.xyz,32,4000,16.757672110741936,4000,all,339
0.0855996,0.10025,0.0,0.8538613466334164,0.1461386533665836,snapshot_340.xyz,32,4000,16.757672110741936,4000,all,340
0.0858103,0.099141,0.0,0.8655379711723706,0.13446202882762937,snapshot_341.xyz,32,4000,16.757672110741936,4000,all,341
0.0843343,0.0994878,0.0,0.8476848417594921,0.1523151582405079,snapshot_342.xyz,32,4000,16.757672110741936,4000,all,342
0.0867931,0.0998345,0.0,0.8693698070306356,0.1306301929693644,snapshot_343.xyz,32,4000,16.757672110741936,4000,all,343
0.0850374,0.100874,0.0,0.8430061264547851,0.15699387354521488,snapshot_344.xyz,32,4000,16.757672110741936,4000,all,344
0.0856698,0.100597,0.0,0.851613865224609,0.14838613477539098,snapshot_345.xyz,32,4000,16.757672110741936,4000,all,345
0.0861614,0.100043,0.0,0.8612436652239537,0.13875633477604632,snapshot_346.xyz,32,4000,16.757672110741936,4000,all,346
0.085178,0.0999732,0.0,0.852008338234647,0.14799166176535306,snapshot_347.xyz,32,4000,16.757672110741936,4000,all,347
0.0864422,0.100043,0.0,0.8640504583029297,0.1359495416970703,snapshot_348.xyz,32,4000,16.757672110741936,4000,all,348
0.0849672,0.0992797,0.0,0.855836590964719,0.14416340903528102,snapshot_349.xyz,32,4000,16.757672110741936,4000,all,349
0.0864422,0.0995572,0.0,0.8682666848806515,0.1317333151193485,snapshot_350.xyz,32,4000,16.757672110741936,4000,all,350
0.084264,0.0992797,0.0,0.8487535719789645,0.1512464280210355,snapshot_351.xyz,32,4000,16.757672110741936,4000,all,351
0.0862316,0.10025,0.0,0.8601655860349128,0.13983441396508722,snapshot_352.xyz,32,4000,16.757672110741936,4000,all,352
0.0850374,0.0993491,0.0,0.8559453482719018,0.14405465172809817,snapshot_353.xyz,32,4000,16.757672110741936,4000,all,353
0.0859508,0.0998345,0.0,0.8609328438565825,0.13906715614341747,snapshot_354.xyz,32,4000,16.757672110741936,4000,all,354
0.0858805,0.0999039,0.0,0.8596311054923781,0.1403688945076219,snapshot_355.xyz,32,4000,16.757672110741936,4000,all,355
0.0861614,0.0999039,0.0,0.862442807538044,0.13755719246195597,snapshot_356.xyz,32,4000,16.757672110741936,4000,all,356
0.0857401,0.100597,0.0,0.8523126932214677,0.14768730677853226,snapshot_357.xyz,32,4000,16.757672110741936,4000,all,357
0.0860912,0.100458,0.0,0.8569869995420972,0.14301300045790277,snapshot_358.xyz,32,4000,16.757672110741936,4000,all,358
0.0874244,0.100736,0.0,0.8678565756035578,0.13214342439644222,snapshot_359.xyz,32,4000,16.757672110741936,4000,all,359
0.0851077,0.10025,0.0,0.848954613466334,0.15104538653366595,snapshot_360.xyz,32,4000,16.757672110741936,4000,all,360
0.0866528,0.0999039,0.0,0.8673615344345916,0.13263846556540837,snapshot_361.xyz,32,4000,16.757672110741936,4000,all,361
0.0851077,0.0994878,0.0,0.8554586592526923,0.14454134074730773,snapshot_362.xyz,32,4000,16.757672110741936,4000,all,362
0.0865826,0.100528,0.0,0.8612784497851343,0.13872155021486565,snapshot_363.xyz,32,4000,16.757672110741936,4000,all,363
0.0858805,0.100043,0.0,0.8584358725747928,0.1415641274252072,snapshot_364.xyz,32,4000,16.757672110741936,4000,all,364
0.0867229,0.100112,0.0,0.8662587901550264,0.13374120984497362,snapshot_365.xyz,32,4000,16.757672110741936,4000,all,365
0.0853888,0.0999732,0.0,0.8541169033300925,0.1458830966699075,snapshot_366.xyz,32,4000,16.757672110741936,4000,all,366
0.0874244,0.100458,0.0,0.8702582173644706,0.12974178263552938,snapshot_367.xyz,32,4000,16.757672110741936,4000,all,367
0.0865826,0.100736,0.0,0.8595000794155018,0.14049992058449823,snapshot_368.xyz,32,4000,16.757672110741936,4000,all,368
0.0870036,0.100597,0.0,0.864872709921767,0.135127290078233,snapshot_369.xyz,32,4000,16.757672110741936,4000,all,369
0.0855996,0.0996265,0.0,0.8592051311649008,0.14079486883509917,snapshot_370.xyz,32,4000,16.757672110741936,4000,all,370
0.0869334,0.100043,0.0,0.8689603470507681,0.13103965294923192,snapshot_371.xyz,32,4000,16.757672110741936,4000,all,371
0.0867229,0.100458,0.0,0.8632751995858966,0.1367248004141034,snapshot_372.xyz,32,4000,16.757672110741936,4000,all,372
0.0867931,0.10032,0.0,0.8651624800637958,0.1348375199362042,snapshot_373.xyz,32,4000,16.757672110741936,4000,all,373
0.0861614,0.101151,0.0,0.851809670690354,0.14819032930964604,snapshot_374.xyz,32,4000,16.757672110741936,4000,all,374
0.0864422,0.100666,0.0,0.858703037768462,0.14129696223153798,snapshot_375.xyz,32,4000,16.757672110741936,4000,all,375
0.0871439,0.10032,0.0,0.8686592902711323,0.1313407097288677,snapshot_376.xyz,32,4000,16.757672110741936,4000,all,376
0.0863018,0.100112,0.0,0.8620525011986574,0.1379474988013426,snapshot_377.xyz,32,4000,16.757672110741936,4000,all,377
0.0857401,0.0999039,0.0,0.8582257549505073,0.14177424504949265,snapshot_378.xyz,32,4000,16.757672110741936,4000,all,378
0.0870737,0.10025,0.0,0.8685655860349127,0.13143441396508726,snapshot_379.xyz,32,4000,16.757672110741936,4000,all,379
0.0865826,0.10025,0.0,0.8636668329177056,0.13633316708229437,snapshot_380.xyz,32,4000,16.757672110741936,4000,all,380
0.0870036,0.0994878,0.0,0.8745152671985912,0.12548473280140882,snapshot_381.xyz,32,4000,16.757672110741936,4000,all,381
0.0870737,0.0999039,0.0,0.8715745831744306,0.1284254168255694,snapshot_382.xyz,32,4000,16.757672110741936,4000,all,382
0.0867229,0.0997652,0.0,0.8692700460681682,0.13072995393183184,snapshot_383.xyz,32,4000,16.757672110741936,4000,all,383
0.0879152,0.100181,0.0,0.8775636098661422,0.12243639013385776,snapshot_384.xyz,32,4000,16.757672110741936,4000,all,384
0.086021,0.0996958,0.0,0.8628347432890854,0.13716525671091462,snapshot_385.xyz,32,4000,16.757672110741936,4000,all,385
0.0882656,0.101013,0.0,0.8738043618148159,0.1261956381851841,snapshot_386.xyz,32,4000,16.757672110741936,4000,all,386
0.086372,0.100805,0.0,0.8568225782451268,0.14317742175487325,snapshot_387.xyz,32,4000,16.757672110741936,4000,all,387
0.0874244,0.101013,0.0,0.8654767208181124,0.13452327918188756,snapshot_388.xyz,32,4000,16.757672110741936,4000,all,388
0.087214,0.100043,0.0,0.8717651409893745,0.12823485901062548,snapshot_389.xyz,32,4000,16.757672110741936,4000,all,389
0.0870737,0.100528,0.0,0.8661636558968645,0.1338363441031355,snapshot_390.xyz,32,4000,16.757672110741936,4000,all,390
0.0870737,0.100181,0.0,0.8691638134975694,0.13083618650243056,snapshot_391.xyz,32,4000,16.757672110741936,4000,all,391
0.0868633,0.100458,0.0,0.8646727985824921,0.13532720141750787,snapshot_392.xyz,32,4000,16.757672110741936,4000,all,392
0.0880553,0.101497,0.0,0.8675655438091766,0.1324344561908234,snapshot_393.xyz,32,4000,16.757672110741936,4000,all,393
0.0883356,0.100181,0.0,0.881760014373983,0.11823998562601701,snapshot_394.xyz,32,4000,16.757672110741936,4000,all,394
0.0879152,0.100943,0.0,0.8709390448074655,0.12906095519253447,snapshot_395.xyz,32,4000,16.757672110741936,4000,all,395
0.0880553,0.0992103,0.0,0.8875620777278166,0.11243792227218341,snapshot_396.xyz,32,4000,16.757672110741936,4000,all,396
0.0881254,0.10025,0.0,0.8790563591022444,0.12094364089775556,snapshot_397.xyz,32,4000,16.757672110741936,4000,all,397
0.0865826,0.101151,0.0,0.8559737422269675,0.14402625777303246,snapshot_398.xyz,32,4000,16.757672110741936,4000,all,398
0.0870737,0.100181,0.0,0.8691638134975694,0.13083618650243056,snapshot_399.xyz,32,4000,16.757672110741936,4000,all,399
0.0885458,0.10032,0.0,0.882633572567783,0.11736642743221704,snapshot_400.xyz,32,4000,16.757672110741936,4000,all,400
0.0870737,0.100043,0.0,0.8703627440200713,0.1296372559799287,snapshot_401.xyz,32,4000,16.757672110741936,4000,all,401
0.0879152,0.10032,0.0,0.8763476874003189,0.12365231259968112,snapshot_402.xyz,32,4000,16.757672110741936,4000,all,402
0.0878451,0.100181,0.0,0.8768638763837453,0.1231361236162547,snapshot_403.xyz,32,4000,16.757672110741936,4000,all,403
0.0878451,0.100181,0.0,0.8768638763837453,0.1231361236162547,snapshot_404.xyz,32,4000,16.757672110741936,4000,all,404
0.0879152,0.0999039,0.0,0.8799976777683354,0.12000232223166463,snapshot_405.xyz,32,4000,16.757672110741936,4000,all,405
0.0884757,0.10032,0.0,0.8819348086124402,0.11806519138755978,snapshot_406.xyz,32,4000,16.757672110741936,4000,all,406
0.0873543,0.0999039,0.0,0.8743832823343232,0.12561671766567684,snapshot_407.xyz,32,4000,16.757672110741936,4000,all,407
0.087214,0.100181,0.0,0.8705642786556332,0.12943572134436676,snapshot_408.xyz,32,4000,16.757672110741936,4000,all,408
0.0879152,0.10025,0.0,0.8769596009975061,0.12304039900249386,snapshot_409.xyz,32,4000,16.757672110741936,4000,all,409
0.0867229,0.0999732,0.0,0.8674614796765534,0.1325385203234466,snapshot_410.xyz,32,4000,16.757672110741936,4000,all,410
0.0879852,0.100528,0.0,0.8752307814738182,0.12476921852618184,snapshot_411.xyz,32,4000,16.757672110741936,4000,all,411
0.0876348,0.100458,0.0,0.8723526249776025,0.12764737502239754,snapshot_412.xyz,32,4000,16.757672110741936,4000,all,412
0.0884757,0.100666,0.0,0.8789035026722031,0.12109649732779693,snapshot_413.xyz,32,4000,16.757672110741936,4000,all,413
0.089106,0.100458,0.0,0.8869975512154333,0.11300244878456667,snapshot_414.xyz,32,4000,16.757672110741936,4000,all,414
0.088966,0.10129,0.0,0.8783295488202192,0.12167045117978081,snapshot_415.xyz,32,4000,16.757672110741936,4000,all,415
0.0900857,0.101013,0.0,0.8918228346846445,0.10817716531535548,snapshot_416.xyz,32,4000,16.757672110741936,4000,all,416
0.0886859,0.100181,0.0,0.8852566853994269,0.11474331460057308,snapshot_417.xyz,32,4000,16.757672110741936,4000,all,417
0.0877049,0.100736,0.0,0.8706410816391359,0.1293589183608641,snapshot_418.xyz,32,4000,16.757672110741936,4000,all,418
0.0879152,0.100389,0.0,0.8757453505862195,0.1242546494137805,snapshot_419.xyz,32,4000,16.757672110741936,4000,all,419
0.0884057,0.0998345,0.0,0.8855225398033746,0.11447746019662541,snapshot_420.xyz,32,4000,16.757672110741936,4000,all,420
0.087775,0.100112,0.0,0.8767680198178041,0.12323198018219594,snapshot_421.xyz,32,4000,16.757672110741936,4000,all,421
0.0881254,0.100458,0.0,0.877236257938641,0.12276374206135898,snapshot_422.xyz,32,4000,16.757672110741936,4000,all,422
0.0882656,0.101151,0.0,0.872612233195915,0.12738776680408503,snapshot_423.xyz,32,4000,16.757672110741936,4000,all,423
0.0886859,0.100805,0.0,0.8797767967858736,0.12022320321412638,snapshot_424.xyz,32,4000,16.757672110741936,4000,all,424
0.0884057,0.0994878,0.0,0.8886084524936726,0.1113915475063274,snapshot_425.xyz,32,4000,16.757672110741936,4000,all,425
0.089316,0.10025,0.0,0.8909326683291771,0.10906733167082294,snapshot_426.xyz,32,4000,16.757672110741936,4000,all,426
0.0888259,0.101428,0.0,0.8757532436802461,0.1242467563197539,snapshot_427.xyz,32,4000,16.757672110741936,4000,all,427
0.0886158,0.0994184,0.0,0.8913420453356722,0.10865795466432782,snapshot_428.xyz,32,4000,16.757672110741936,4000,all,428
0.0882656,0.100181,0.0,0.8810612790848563,0.11893872091514368,snapshot_429.xyz,32,4000,16.757672110741936,4000,all,429
0.088896,0.101082,0.0,0.8794444114679171,0.12055558853208292,snapshot_430.xyz,32,4000,16.757672110741936,4000,all,430
0.0888259,0.100597,0.0,0.8829875642414783,0.11701243575852172,snapshot_431.xyz,32,4000,16.757672110741936,4000,all,431
0.089316,0.101013,0.0,0.8842030233732292,0.1157969766267708,snapshot_432.xyz,32,4000,16.757672110741936,4000,all,432
0.089596,0.100181,0.0,0.8943412423513439,0.10565875764865607,snapshot_433.xyz,32,4000,16.757672110741936,4000,all,433
0.0898059,0.100597,0.0,0.8927294054494666,0.10727059455053345,snapshot_434.xyz,32,4000,16.757672110741936,4000,all,434
0.0886859,0.10025,0.0,0.8846473815461346,0.11535261845386535,snapshot_435.xyz,32,4000,16.757672110741936,4000,all,435
0.0900857,0.100528,0.0,0.8961254575839567,0.10387454241604333,snapshot_436.xyz,32,4000,16.757672110741936,4000,all,436
0.0882656,0.10025,0.0,0.8804548628428928,0.11954513715710724,snapshot_437.xyz,32,4000,16.757672110741936,4000,all,437
0.0898758,0.10025,0.0,0.8965167082294264,0.10348329177057358,snapshot_438.xyz,32,4000,16.757672110741936,4000,all,438
0.0888259,0.100043,0.0,0.8878772127984966,0.11212278720150337,snapshot_439.xyz,32,4000,16.757672110741936,4000,all,439
0.089106,0.100458,0.0,0.8869975512154333,0.11300244878456667,snapshot_440.xyz,32,4000,16.757672110741936,4000,all,440
0.0882656,0.0994878,0.0,0.8872002396273714,0.11279976037262862,snapshot_441.xyz,32,4000,16.757672110741936,4000,all,441
0.089386,0.100181,0.0,0.8922450364839639,0.10775496351603608,snapshot_442.xyz,32,4000,16.757672110741936,4000,all,442
0.0884057,0.100043,0.0,0.8836770188818808,0.11632298111811923,snapshot_443.xyz,32,4000,16.757672110741936,4000,all,443
0.0874244,0.100736,0.0,0.8678565756035578,0.13214342439644222,snapshot_444.xyz,32,4000,16.757672110741936,4000,all,444
0.0882656,0.0999039,0.0,0.8835050483514657,0.1164949516485343,snapshot_445.xyz,32,4000,16.757672110741936,4000,all,445
0.088896,0.100112,0.0,0.8879654786638964,0.11203452133610359,snapshot_446.xyz,32,4000,16.757672110741936,4000,all,446
0.0884757,0.0999732,0.0,0.884994178439822,0.11500582156017802,snapshot_447.xyz,32,4000,16.757672110741936,4000,all,447
0.088896,0.100112,0.0,0.8879654786638964,0.11203452133610359,snapshot_448.xyz,32,4000,16.757672110741936,4000,all,448
0.088966,0.100112,0.0,0.888664695540994,0.11133530445900597,snapshot_449.xyz,32,4000,16.757672110741936,4000,all,449
0.0872842,0.100389,0.0,0.8694598013726603,0.13054019862733968,snapshot_450.xyz,32,4000,16.757672110741936,4000,all,450
0.0886859,0.100943,0.0,0.8785740467392488,0.12142595326075123,snapshot_451.xyz,32,4000,16.757672110741936,4000,all,451
0.0875647,0.10032,0.0,0.8728538676236044,0.1271461323763956,snapshot_452.xyz,32,4000,16.757672110741936,4000,all,452
0.089386,0.100805,0.0,0.8867218887951985,0.11327811120480147,snapshot_453.xyz,32,4000,16.757672110741936,4000,all,453
0.089596,0.100528,0.0,0.8912541779404742,0.10874582205952577,snapshot_454.xyz,32,4000,16.757672110741936,4000,all,454
0.089456,0.100736,0.0,0.8880241423125793,0.11197585768742069,snapshot_455.xyz,32,4000,16.757672110741936,4000,all,455
0.0900857,0.100458,0.0,0.8967498855242987,0.10325011447570132,snapshot_456.xyz,32,4000,16.757672110741936,4000,all,456
0.0900857,0.101151,0.0,0.8906061235183044,0.10939387648169563,snapshot_457.xyz,32,4000,16.757672110741936,4000,all,457
0.0887559,0.100112,0.0,0.886566046028448,0.11343395397155198,snapshot_458.xyz,32,4000,16.757672110741936,4000,all,458
0.089596,0.0996958,0.0,0.8986938266205797,0.10130617337942027,snapshot_459.xyz,32,4000,16.757672110741936,4000,all,459
0.0898059,0.100874,0.0,0.8902779705375021,0.10972202946249787,snapshot_460.xyz,32,4000,16.757672110741936,4000,all,460
0.089106,0.100112,0.0,0.8900631292951894,0.10993687070481062,snapshot_461.xyz,32,4000,16.757672110741936,4000,all,461
0.0888259,0.0998345,0.0,0.8897315056418372,0.11026849435816277,snapshot_462.xyz,32,4000,16.757672110741936,4000,all,462
0.089316,0.101013,0.0,0.8842030233732292,0.1157969766267708,snapshot_463.xyz,32,4000,16.757672110741936,4000,all,463
0.0886158,0.100805,0.0,0.8790813947720846,0.12091860522791542,snapshot_464.xyz,32,4000,16.757672110741936,4000,all,464
0.0897359,0.10032,0.0,0.894496610845295,0.10550338915470503,snapshot_465.xyz,32,4000,16.757672110741936,4000,all,465
0.089526,0.101082,0.0,0.885676975129103,0.11432302487089696,snapshot_466.xyz,32,4000,16.757672110741936,4000,all,466
0.089036,0.0998345,0.0,0.8918359885610686,0.1081640114389314,snapshot_467.xyz,32,4000,16.757672110741936,4000,all,467
0.088896,0.100112,0.0,0.8879654786638964,0.11203452133610359,snapshot_468.xyz,32,4000,16.757672110741936,4000,all,468
0.0885458,0.0997652,0.0,0.8875419484950664,0.1124580515049336,snapshot_469.xyz,32,4000,16.757672110741936,4000,all,469
0.089526,0.100528,0.0,0.8905578545280916,0.10944214547190845,snapshot_470.xyz,32,4000,16.757672110741936,4000,all,470
0.088896,0.100874,0.0,0.8812578067688404,0.11874219323115964,snapshot_471.xyz,32,4000,16.757672110741936,4000,all,471
0.0898059,0.100597,0.0,0.8927294054494666,0.10727059455053345,snapshot_472.xyz,32,4000,16.757672110741936,4000,all,472
0.0901556,0.100597,0.0,0.8962056522560314,0.10379434774396856,snapshot_473.xyz,32,4000,16.757672110741936,4000,all,473
0.089246,0.101359,0.0,0.88049408537969,0.11950591462031002,snapshot_474.xyz,32,4000,16.757672110741936,4000,all,474
0.088896,0.100458,0.0,0.8849071253658245,0.1150928746341755,snapshot_475.xyz,32,4000,16.757672110741936,4000,all,475
0.0899458,0.10025,0.0,0.8972149625935162,0.10278503740648381,snapshot_476.xyz,32,4000,16.757672110741936,4000,all,476
0.0902955,0.100805,0.0,0.8957442587173254,0.10425574128267456,snapshot_477.xyz,32,4000,16.757672110741936,4000,all,477
0.089106,0.100874,0.0,0.8833396117929297,0.11666038820707025,snapshot_478.xyz,32,4000,16.757672110741936,4000,all,478
0.0884057,0.0994184,0.0,0.8892287544357986,0.11077124556420137,snapshot_479.xyz,32,4000,16.757672110741936,4000,all,479
0.0898059,0.0999039,0.0,0.898922864873143,0.10107713512685701,snapshot_480.xyz,32,4000,16.757672110741936,4000,all,480
0.090715,0.10032,0.0,0.9042563795853269,0.0957436204146731,snapshot_481.xyz,32,4000,16.757672110741936,4000,all,481
0.0905053,0.101636,0.0,0.890484670785942,0.10951532921405804,snapshot_482.xyz,32,4000,16.757672110741936,4000,all,482
0.0900157,0.100874,0.0,0.8923577928901402,0.10764220710985983,snapshot_483.xyz,32,4000,16.757672110741936,4000,all,483
0.089036,0.100181,0.0,0.8887513600383307,0.11124863996166934,snapshot_484.xyz,32,4000,16.757672110741936,4000,all,484
0.089386,0.0996958,0.0,0.89658741892838,0.10341258107161999,snapshot_485.xyz,32,4000,16.757672110741936,4000,all,485
0.089036,0.0999732,0.0,0.8905986804463597,0.1094013195536403,snapshot_486.xyz,32,4000,16.757672110741936,4000,all,486
0.089596,0.100043,0.0,0.8955749027917994,0.10442509720820059,snapshot_487.xyz,32,4000,16.757672110741936,4000,all,487
0.0907849,0.10032,0.0,0.9049531499202551,0.0950468500797449,snapshot_488.xyz,32,4000,16.757672110741936,4000,all,488
0.0903654,0.100736,0.0,0.8970516994917407,0.10294830050825932,snapshot_489.xyz,32,4000,16.757672110741936,4000,all,489
0.089246,0.0996958,0.0,0.8951831471335804,0.10481685286641962,snapshot_490.xyz,32,4000,16.757672110741936,4000,all,490
0.0905053,0.10025,0.0,0.9027960099750623,0.09720399002493774,snapshot_491.xyz,32,4000,16.757672110741936,4000,all,491
0.0902256,0.100874,0.0,0.8944386065785038,0.10556139342149617,snapshot_492.xyz,32,4000,16.757672110741936,4000,all,492
0.0897359,0.100181,0.0,0.8957377147363271,0.10426228526367287,snapshot_493.xyz,32,4000,16.757672110741936,4000,all,493
0.0899458,0.100181,0.0,0.8978329224104371,0.1021670775895629,snapshot_494.xyz,32,4000,16.757672110741936,4000,all,494
0.089316,0.100181,0.0,0.8915463011948374,0.10845369880516265,snapshot_495.xyz,32,4000,16.757672110741936,4000,all,495
0.0905053,0.10032,0.0,0.9021660685805422,0.09783393141945784,snapshot_496.xyz,32,4000,16.757672110741936,4000,all,496
0.0901556,0.10025,0.0,0.8993077306733167,0.10069226932668329,snapshot_497.xyz,32,4000,16.757672110741936,4000,all,497
0.0898758,0.10032,0.0,0.8958911483253589,0.10410885167464112,snapshot_498.xyz,32,4000,16.757672110741936,4000,all,498
0.089596,0.0997652,0.0,0.8980686652259505,0.10193133477404948,snapshot_499.xyz,32,4000,16.757672110741936,4000,all,499
0.0908548,0.100805,0.0,0.9012925946133624,0.09870740538663758,snapshot_500.xyz,32,4000,16.757672110741936,4000,all,500
0.090715,0.101567,0.0,0.8931542725491547,0.10684572745084531,snapshot_501.xyz,32,4000,16.757672110741936,4000,all,501
0.0908548,0.100666,0.0,0.9025371028947211,0.09746289710527889,snapshot_502.xyz,32,4000,16.757672110741936,4000,all,502
0.0906451,0.100736,0.0,0.8998282639771283,0.10017173602287166,snapshot_503.xyz,32,4000,16.757672110741936,4000,all,503
0.089596,0.0996958,0.0,0.8986938266205797,0.10130617337942027,snapshot_504.xyz,32,4000,16.757672110741936,4000,all,504
0.0902256,0.100389,0.0,0.8987598242835371,0.10124017571646293,snapshot_505.xyz,32,4000,16.757672110741936,4000,all,505
0.0905752,0.100458,0.0,0.9016225686356486,0.0983774313643514,snapshot_506.xyz,32,4000,16.757672110741936,4000,all,506
0.0898758,0.0999732,0.0,0.8989989317136994,0.10100106828630062,snapshot_507.xyz,32,4000,16.757672110741936,4000,all,507
0.0901556,0.100874,0.0,0.893744671570474,0.10625532842952601,snapshot_508.xyz,32,4000,16.757672110741936,4000,all,508
0.0907849,0.10032,0.0,0.9049531499202551,0.0950468500797449,snapshot_509.xyz,32,4000,16.757672110741936,4000,all,509
0.0904354,0.10025,0.0,0.9020987531172069,0.09790124688279311,snapshot_510.xyz,32,4000,16.757672110741936,4000,all,510
0.0896659,0.0996958,0.0,0.8993949594666978,0.10060504053330221,snapshot_511.xyz,32,4000,16.757672110741936,4000,all,511
0.0902256,0.100458,0.0,0.8981425073164905,0.10185749268350952,snapshot_512.xyz,32,4000,16.757672110741936,4000,all,512
0.0901556,0.100666,0.0,0.8955913615321955,0.10440863846780446,snapshot_513.xyz,32,4000,16.757672110741936,4000,all,513
0.0905752,0.100181,0.0,0.904115550852956,0.09588444914704397,snapshot_514.xyz,32,4000,16.757672110741936,4000,all,514
0.0909946,0.100112,0.0,0.9089280006392839,0.09107199936071608,snapshot_515.xyz,32,4000,16.757672110741936,4000,all,515
0.0902955,0.0998345,0.0,0.9044518678412773,0.09554813215872271,snapshot_516.xyz,32,4000,16.757672110741936,4000,all,516
0.0914138,0.0995572,0.0,0.9182038064549827,0.08179619354501733,snapshot_517.xyz,32,4000,16.757672110741936,4000,all,517
0.0912741,0.100458,0.0,0.9085797049513229,0.0914202950486771,snapshot_518.xyz,32,4000,16.757672110741936,4000,all,518
0.0919027,0.100112,0.0,0.9179988412977464,0.08200115870225355,snapshot_519.xyz,32,4000,16.757672110741936,4000,all,519
0.0922518,0.10032,0.0,0.9195753588516745,0.08042464114832548,snapshot_520.xyz,32,4000,16.757672110741936,4000,all,520
0.091344,0.100043,0.0,0.9130473896224622,0.08695261037753776,snapshot_521.xyz,32,4000,16.757672110741936,4000,all,521
0.0917631,0.100874,0.0,0.9096803933620159,0.0903196066379841,snapshot_522.xyz,32,4000,16.757672110741936,4000,all,522
0.0918329,0.100458,0.0,0.9141422285930437,0.08585777140695627,snapshot_523.xyz,32,4000,16.757672110741936,4000,all,523
0.0933681,0.100736,0.0,0.9268593154383735,0.07314068456162648,snapshot_524.xyz,32,4000,16.757672110741936,4000,all,524
0.0922518,0.101013,0.0,0.9132666092483145,0.08673339075168551,snapshot_525.xyz,32,4000,16.757672110741936,4000,all,525
0.0919027,0.0999039,0.0,0.9199110345041585,0.08008896549584155,snapshot_526.xyz,32,4000,16.757672110741936,4000,all,526
0.0924612,0.0992797,0.0,0.9313203001217771,0.06867969987822287,snapshot_527.xyz,32,4000,16.757672110741936,4000,all,527
0.0916932,0.10025,0.0,0.9146453865336658,0.08535461346633422,snapshot_528.xyz,32,4000,16.757672110741936,4000,all,528
0.0926008,0.100943,0.0,0.9173573204679868,0.08264267953201321,snapshot_529.xyz,32,4000,16.757672110741936,4000,all,529
0.0928799,0.100528,0.0,0.9239206987108068,0.07607930128919316,snapshot_530.xyz,32,4000,16.757672110741936,4000,all,530
0.0935773,0.100528,0.0,0.9308580693936017,0.06914193060639828,snapshot_531.xyz,32,4000,16.757672110741936,4000,all,531
0.0933681,0.10025,0.0,0.9313526184538652,0.06864738154613481,snapshot_532.xyz,32,4000,16.757672110741936,4000,all,532
0.0926705,0.100181,0.0,0.9250306944430581,0.07496930555694192,snapshot_533.xyz,32,4000,16.757672110741936,4000,all,533
0.0934378,0.10025,0.0,0.9320478802992518,0.06795211970074821,snapshot_534.xyz,32,4000,16.757672110741936,4000,all,534
0.0939258,0.0994878,0.0,0.9440936476633316,0.05590635233666841,snapshot_535.xyz,32,4000,16.757672110741936,4000,all,535
0.0937167,0.100528,0.0,0.9322447477319751,0.06775525226802492,snapshot_536.xyz,32,4000,16.757672110741936,4000,all,536
0.0933681,0.10129,0.0,0.9217899101589495,0.07821008984105049,snapshot_537.xyz,32,4000,16.757672110741936,4000,all,537
0.0935076,0.100458,0.0,0.9308128770232335,0.06918712297676655,snapshot_538.xyz,32,4000,16.757672110741936,4000,all,538
0.0932286,0.100389,0.0,0.9286734602396676,0.07132653976033243,snapshot_539.xyz,32,4000,16.757672110741936,4000,all,539
0.0941349,0.100597,0.0,0.9357624978876108,0.06423750211238921,snapshot_540.xyz,32,4000,16.757672110741936,4000,all,540
0.093647,0.100389,0.0,0.9328412475470419,0.0671587524529581,snapshot_541.xyz,32,4000,16.757672110741936,4000,all,541
0.0945529,0.10025,0.0,0.9431710723192019,0.05682892768079806,snapshot_542.xyz,32,4000,16.757672110741936,4000,all,542
0.0935076,0.100943,0.0,0.9263406080659381,0.0736593919340619,snapshot_543.xyz,32,4000,16.757672110741936,4000,all,543
0.0939955,0.10122,0.0,0.9286257656589606,0.0713742343410394,snapshot_544.xyz,32,4000,16.757672110741936,4000,all,544
0.0941349,0.100597,0.0,0.9357624978876108,0.06423750211238921,snapshot_545.xyz,32,4000,16.757672110741936,4000,all,545
0.0939955,0.100666,0.0,0.9337363161345439,0.06626368386545611,snapshot_546.xyz,32,4000,16.757672110741936,4000,all,546
0.0939258,0.101497,0.0,0.9254046917642886,0.07459530823571137,snapshot_547.xyz,32,4000,16.757672110741936,4000,all,547
0.0944136,0.10025,0.0,0.9417815461346632,0.05821845386533675,snapshot_548.xyz,32,4000,16.757672110741936,4000,all,548
0.0944136,0.100805,0.0,0.9365963989881454,0.0634036010118546,snapshot_549.xyz,32,4000,16.757672110741936,4000,all,549
0.0938561,0.100666,0.0,0.9323515387519122,0.06764846124808777,snapshot_550.xyz,32,4000,16.757672110741936,4000,all,550
0.0939258,0.100943,0.0,0.9304835402157653,0.06951645978423471,snapshot_551.xyz,32,4000,16.757672110741936,4000,all,551
0.0932984,0.10025,0.0,0.9306573566084788,0.06934264339152119,snapshot_552.xyz,32,4000,16.757672110741936,4000,all,552
0.0939955,0.100181,0.0,0.9382567552729558,0.06174324472704418,snapshot_553.xyz,32,4000,16.757672110741936,4000,all,553
0.0939258,0.100458,0.0,0.9349758107865974,0.06502418921340258,snapshot_554.xyz,32,4000,16.757672110741936,4000,all,554
0.0944833,0.100666,0.0,0.9385820435896927,0.06141795641030734,snapshot_555.xyz,32,4000,16.757672110741936,4000,all,555
0.0937864,0.100458,0.0,0.9335881661988095,0.06641183380119053,snapshot_556.xyz,32,4000,16.757672110741936,4000,all,556
0.0944136,0.0999039,0.0,0.945044187464153,0.054955812535847026,snapshot_557.xyz,32,4000,16.757672110741936,4000,all,557
0.0946226,0.100805,0.0,0.9386697088438073,0.06133029115619271,snapshot_558.xyz,32,4000,16.757672110741936,4000,all,558
0.0942742,0.100458,0.0,0.9384439268151864,0.0615560731848136,snapshot_559.xyz,32,4000,16.757672110741936,4000,all,559
0.0940652,0.101636,0.0,0.9255106458341532,0.07448935416584679,snapshot_560.xyz,32,4000,16.757672110741936,4000,all,560
0.0937167,0.100666,0.0,0.9309667613692806,0.06903323863071942,snapshot_561.xyz,32,4000,16.757672110741936,4000,all,561
0.0930194,0.0996958,0.0,0.9330322842085624,0.06696771579143757,snapshot_562.xyz,32,4000,16.757672110741936,4000,all,562
0.0941349,0.101636,0.0,0.9261964264630642,0.07380357353693578,snapshot_563.xyz,32,4000,16.757672110741936,4000,all,563
0.0939955,0.100389,0.0,0.9363127434280647,0.0636872565719353,snapshot_564.xyz,32,4000,16.757672110741936,4000,all,564
0.0935076,0.10032,0.0,0.9320933014354066,0.06790669856459342,snapshot_565.xyz,32,4000,16.757672110741936,4000,all,565
0.0942742,0.100597,0.0,0.9371472310307464,0.06285276896925363,snapshot_566.xyz,32,4000,16.757672110741936,4000,all,566
0.0941349,0.100597,0.0,0.9357624978876108,0.06423750211238921,snapshot_567.xyz,32,4000,16.757672110741936,4000,all,567
0.093647,0.100458,0.0,0.9322005216110214,0.0677994783889786,snapshot_568.xyz,32,4000,16.757672110741936,4000,all,568
0.093647,0.100597,0.0,0.9309124526576338,0.06908754734236622,snapshot_569.xyz,32,4000,16.757672110741936,4000,all,569
0.0937864,0.100666,0.0,0.9316591500605964,0.06834084993940359,snapshot_570.xyz,32,4000,16.757672110741936,4000,all,570
0.0942742,0.100666,0.0,0.9365048775157451,0.06349512248425493,snapshot_571.xyz,32,4000,16.757672110741936,4000,all,571
0.0940652,0.101013,0.0,0.9312187540217596,0.06878124597824042,snapshot_572.xyz,32,4000,16.757672110741936,4000,all,572
0.0942046,0.0999039,0.0,0.9429521770421374,0.05704782295786259,snapshot_573.xyz,32,4000,16.757672110741936,4000,all,573
0.0944833,0.100736,0.0,0.9379298364040661,0.06207016359593387,snapshot_574.xyz,32,4000,16.757672110741936,4000,all,574
0.0934378,0.100458,0.0,0.9301180592884588,0.06988194071154119,snapshot_575.xyz,32,4000,16.757672110741936,4000,all,575
0.0934378,0.100666,0.0,0.928196213219955,0.07180378678004495,snapshot_576.xyz,32,4000,16.757672110741936,4000,all,576
0.0938561,0.100736,0.0,0.9317036610546378,0.06829633894536224,snapshot_577.xyz,32,4000,16.757672110741936,4000,all,577
0.0946226,0.100874,0.0,0.9380276384400341,0.06197236155996588,snapshot_578.xyz,32,4000,16.757672110741936,4000,all,578
0.0935773,0.100458,0.0,0.9315066993171275,0.06849330068287252,snapshot_579.xyz,32,4000,16.757672110741936,4000,all,579
0.0949011,0.100736,0.0,0.9420773109911055,0.05792268900889452,snapshot_580.xyz,32,4000,16.757672110741936,4000,all,580
0.0939955,0.100181,0.0,0.9382567552729558,0.06174324472704418,snapshot_581.xyz,32,4000,16.757672110741936,4000,all,581
0.0943439,0.0999732,0.0,0.9436919094317276,0.05630809056827235,snapshot_582.xyz,32,4000,16.757672110741936,4000,all,582
0.0934378,0.100736,0.0,0.9275512229987293,0.07244877700127073,snapshot_583.xyz,32,4000,16.757672110741936,4000,all,583
0.0946922,0.100736,0.0,0.9400035736975858,0.059996426302414196,snapshot_584.xyz,32,4000,16.757672110741936,4000,all,584
0.0946922,0.100458,0.0,0.9426048696967887,0.057395130303211306,snapshot_585.xyz,32,4000,16.757672110741936,4000,all,585
0.0939955,0.100389,0.0,0.9363127434280647,0.0636872565719353,snapshot_586.xyz,32,4000,16.757672110741936,4000,all,586
0.0948315,0.100043,0.0,0.9479073998180781,0.052092600181921855,snapshot_587.xyz,32,4000,16.757672110741936,4000,all,587
0.0939258,0.100043,0.0,0.9388542926541587,0.06114570734584135,snapshot_588.xyz,32,4000,16.757672110741936,4000,all,588
0.0937864,0.100666,0.0,0.9316591500605964,0.06834084993940359,snapshot_589.xyz,32,4000,16.757672110741936,4000,all,589
0.0944136,0.10032,0.0,0.9411244019138756,0.058875598086124414,snapshot_590.xyz,32,4000,16.757672110741936,4000,all,590
0.0939955,0.10129,0.0,0.9279840063184913,0.07201599368150868,snapshot_591.xyz,32,4000,16.757672110741936,4000,all,591
0.0939258,0.100528,0.0,0.9343247652395352,0.06567523476046477,snapshot_592.xyz,32,4000,16.757672110741936,4000,all,592
0.0941349,0.10025,0.0,0.9390014962593515,0.060998503740648524,snapshot_593.xyz,32,4000,16.757672110741936,4000,all,593
0.0933681,0.100112,0.0,0.9326364471791593,0.06736355282084072,snapshot_594.xyz,32,4000,16.757672110741936,4000,all,594
0.0944136,0.100597,0.0,0.9385329582393113,0.061467041760688734,snapshot_595.xyz,32,4000,16.757672110741936,4000,all,595
0.0939258,0.101151,0.0,0.928570157487321,0.07142984251267903,snapshot_596.xyz,32,4000,16.757672110741936,4000,all,596
0.0950404,0.100528,0.0,0.9454122234601304,0.05458777653986957,snapshot_597.xyz,32,4000,16.757672110741936,4000,all,597
0.0955277,0.100458,0.0,0.9509217782555893,0.04907822174441068,snapshot_598.xyz,32,4000,16.757672110741936,4000,all,598
0.0948315,0.101428,0.0,0.9349637181054541,0.06503628189454591,snapshot_599.xyz,32,4000,16.757672110741936,4000,all,599
0.0942742,0.0999732,0.0,0.942994722585653,0.05700527741434702,snapshot_600.xyz,32,4000,16.757672110741936,4000,all,600
0.0942046,0.101151,0.0,0.9313264327589444,0.06867356724105556,snapshot_601.xyz,32,4000,16.757672110741936,4000,all,601
0.0940652,0.100805,0.0,0.9331402212191855,0.0668597787808145,snapshot_602.xyz,32,4000,16.757672110741936,4000,all,602
0.0940652,0.100805,0.0,0.9331402212191855,0.0668597787808145,snapshot_603.xyz,32,4000,16.757672110741936,4000,all,603
0.0935076,0.100458,0.0,0.9308128770232335,0.06918712297676655,snapshot_604.xyz,32,4000,16.757672110741936,4000,all,604
0.0946226,0.100112,0.0,0.9451674124980022,0.05483258750199782,snapshot_605.xyz,32,4000,16.757672110741936,4000,all,605
0.0940652,0.10025,0.0,0.9383062344139651,0.0616937655860349,snapshot_606.xyz,32,4000,16.757672110741936,4000,all,606
0.0934378,0.100597,0.0,0.9288328677793573,0.07116713222064275,snapshot_607.xyz,32,4000,16.757672110741936,4000,all,607
0.0944136,0.100666,0.0,0.9378896548983767,0.06211034510162328,snapshot_608.xyz,32,4000,16.757672110741936,4000,all,608
0.0942742,0.100736,0.0,0.9358541137229986,0.06414588627700135,snapshot_609.xyz,32,4000,16.757672110741936,4000,all,609
0.0939955,0.100666,0.0,0.9337363161345439,0.06626368386545611,snapshot_610.xyz,32,4000,16.757672110741936,4000,all,610
0.0934378,0.100389,0.0,0.9307573538933548,0.06924264610664521,snapshot_611.xyz,32,4000,16.757672110741936,4000,all,611
0.0941349,0.100666,0.0,0.9351210935171755,0.06487890648282446,snapshot_612.xyz,32,4000,16.757672110741936,4000,all,612
0.0935076,0.100736,0.0,0.9282441232528589,0.07175587674714112,snapshot_613.xyz,32,4000,16.757672110741936,4000,all,613
0.0937167,0.100666,0.0,0.9309667613692806,0.06903323863071942,snapshot_614.xyz,32,4000,16.757672110741936,4000,all,614
0.0937167,0.100597,0.0,0.9316053162619163,0.06839468373808366,snapshot_615.xyz,32,4000,16.757672110741936,4000,all,615
0.0935076,0.100112,0.0,0.9340298865270895,0.06597011347291049,snapshot_616.xyz,32,4000,16.757672110741936,4000,all,616
0.0939955,0.100458,0.0,0.9356696330804912,0.06433036691950877,snapshot_617.xyz,32,4000,16.757672110741936,4000,all,617
0.0938561,0.100458,0.0,0.9342819884927034,0.06571801150729661,snapshot_618.xyz,32,4000,16.757672110741936,4000,all,618
0.0941349,0.100736,0.0,0.9344712912960609,0.06552870870393912,snapshot_619.xyz,32,4000,16.757672110741936,4000,all,619
0.0948315,0.100112,0.0,0.9472540754355122,0.05274592456448779,snapshot_620.xyz,32,4000,16.757672110741936,4000,all,620
0.0942742,0.101013,0.0,0.9332877946402938,0.06671220535970623,snapshot_621.xyz,32,4000,16.757672110741936,4000,all,621
0.0939955,0.100528,0.0,0.9350181044087218,0.0649818955912782,snapshot_622.xyz,32,4000,16.757672110741936,4000,all,622
0.0941349,0.100736,0.0,0.9344712912960609,0.06552870870393912,snapshot_623.xyz,32,4000,16.757672110741936,4000,all,623
0.0943439,0.100666,0.0,0.9371972662070609,0.0628027337929391,snapshot_624.xyz,32,4000,16.757672110741936,4000,all,624
0.0939258,0.100112,0.0,0.9382072079271216,0.061792792072878355,snapshot_625.xyz,32,4000,16.757672110741936,4000,all,625
0.0943439,0.100389,0.0,0.9397832431840141,0.06021675681598593,snapshot_626.xyz,32,4000,16.757672110741936,4000,all,626
0.093647,0.10025,0.0,0.9341346633416457,0.06586533665835426,snapshot_627.xyz,32,4000,16.757672110741936,4000,all,627
0.0937864,0.101359,0.0,0.9252893181661224,0.07471068183387763,snapshot_628.xyz,32,4000,16.757672110741936,4000,all,628
0.0946922,0.100597,0.0,0.9413024245255822,0.058697575474417785,snapshot_629.xyz,32,4000,16.757672110741936,4000,all,629
0.093647,0.100736,0.0,0.9296279383735704,0.07037206162642962,snapshot_630.xyz,32,4000,16.757672110741936,4000,all,630
0.093647,0.100666,0.0,0.9302743726779646,0.06972562732203536,snapshot_631.xyz,32,4000,16.757672110741936,4000,all,631
0.0939258,0.100805,0.0,0.9317573533058876,0.0682426466941124,snapshot_632.xyz,32,4000,16.757672110741936,4000,all,632
0.0938561,0.10025,0.0,0.9362204488778054,0.06377955112219458,snapshot_633.xyz,32,4000,16.757672110741936,4000,all,633
0.0938561,0.10032,0.0,0.9355671850079744,0.06443281499202558,snapshot_634.xyz,32,4000,16.757672110741936,4000,all,634
0.0932984,0.100389,0.0,0.9293687555409457,0.07063124445905433,snapshot_635.xyz,32,4000,16.757672110741936,4000,all,635
0.0934378,0.100805,0.0,0.9269163235950597,0.07308367640494029,snapshot_636.xyz,32,4000,16.757672110741936,4000,all,636
0.0946922,0.100666,0.0,0.9406572228955159,0.0593427771044841,snapshot_637.xyz,32,4000,16.757672110741936,4000,all,637
0.0946922,0.100805,0.0,0.9393601507861713,0.0606398492138287,snapshot_638.xyz,32,4000,16.757672110741936,4000,all,638
0.0937167,0.100943,0.0,0.9284120741408517,0.0715879258591483,snapshot_639.xyz,32,4000,16.757672110741936,4000,all,639
0.0942046,0.100666,0.0,0.9358134822084914,0.06418651779150863,snapshot_640.xyz,32,4000,16.757672110741936,4000,all,640
0.0938561,0.100181,0.0,0.9368652738543236,0.06313472614567639,snapshot_641.xyz,32,4000,16.757672110741936,4000,all,641
0.0943439,0.100736,0.0,0.9365460212833544,0.0634539787166456,snapshot_642.xyz,32,4000,16.757672110741936,4000,all,642
0.0940652,0.100666,0.0,0.9344287048258597,0.06557129517414029,snapshot_643.xyz,32,4000,16.757672110741936,4000,all,643
0.093647,0.100666,0.0,0.9302743726779646,0.06972562732203536,snapshot_644.xyz,32,4000,16.757672110741936,4000,all,644
0.0939258,0.0999732,0.0,0.9395097886233511,0.060490211376648895,snapshot_645.xyz,32,4000,16.757672110741936,4000,all,645
0.0942742,0.10032,0.0,0.9397348484848485,0.06026515151515155,snapshot_646.xyz,32,4000,16.757672110741936,4000,all,646
0.0939258,0.100528,0.0,0.9343247652395352,0.06567523476046477,snapshot_647.xyz,32,4000,16.757672110741936,4000,all,647
0.0944136,0.100181,0.0,0.9424302013355825,0.05756979866441747,snapshot_648.xyz,32,4000,16.757672110741936,4000,all,648
0.0939258,0.101013,0.0,0.9298387336283449,0.0701612663716551,snapshot_649.xyz,32,4000,16.757672110741936,4000,all,649
0.0946922,0.100666,0.0,0.9406572228955159,0.0593427771044841,snapshot_650.xyz,32,4000,16.757672110741936,4000,all,650
0.0948315,0.100736,0.0,0.9413863961245235,0.05861360387547654,snapshot_651.xyz,32,4000,16.757672110741936,4000,all,651
0.0940652,0.100666,0.0,0.9344287048258597,0.06557129517414029,snapshot_652.xyz,32,4000,16.757672110741936,4000,all,652
0.0940652,0.100112,0.0,0.939599648393799,0.06040035160620105,snapshot_653.xyz,32,4000,16.757672110741936,4000,all,653
0.0939955,0.10025,0.0,0.9376109725685785,0.062389027431421495,snapshot_654.xyz,32,4000,16.757672110741936,4000,all,654
0.0944833,0.100874,0.0,0.9366467077740548,0.06335329222594521,snapshot_655.xyz,32,4000,16.757672110741936,4000,all,655
0.0937864,0.100943,0.0,0.9291025628324896,0.0708974371675104,snapshot_656.xyz,32,4000,16.757672110741936,4000,all,656
0.0944136,0.100874,0.0,0.9359557467732021,0.06404425322679785,snapshot_657.xyz,32,4000,16.757672110741936,4000,all,657
0.0942046,0.101013,0.0,0.9325987744151742,0.06740122558482575,snapshot_658.xyz,32,4000,16.757672110741936,4000,all,658
0.0935773,0.100528,0.0,0.9308580693936017,0.06914193060639828,snapshot_659.xyz,32,4000,16.757672110741936,4000,all,659
0.0940652,0.100528,0.0,0.9357114435779086,0.06428855642209141,snapshot_660.xyz,32,4000,16.757672110741936,4000,all,660
0.0947619,0.100943,0.0,0.938766432541137,0.06123356745886299,snapshot_661.xyz,32,4000,16.757672110741936,4000,all,661
0.0933681,0.100528,0.0,0.9287770571383096,0.0712229428616904,snapshot_662.xyz,32,4000,16.757672110741936,4000,all,662
0.0949011,0.100389,0.0,0.9453336520933568,0.05466634790664315,snapshot_663.xyz,32,4000,16.757672110741936,4000,all,663
0.0937864,0.101082,0.0,0.927824934211828,0.07217506578817201,snapshot_664.xyz,32,4000,16.757672110741936,4000,all,664
0.0942046,0.100736,0.0,0.9351631988564167,0.06483680114358326,snapshot_665.xyz,32,4000,16.757672110741936,4000,all,665
0.0937167,0.100597,0.0,0.9316053162619163,0.06839468373808366,snapshot_666.xyz,32,4000,16.757672110741936,4000,all,666
0.0943439,0.100389,0.0,0.9397832431840141,0.06021675681598593,snapshot_667.xyz,32,4000,16.757672110741936,4000,all,667
0.0946922,0.100528,0.0,0.9419485118573929,0.05805148814260708,snapshot_668.xyz,32,4000,16.757672110741936,4000,all,668
0.0940652,0.100666,0.0,0.9344287048258597,0.06557129517414029,snapshot_669.xyz,32,4000,16.757672110741936,4000,all,669
0.0946922,0.101151,0.0,0.936146948621368,0.06385305137863195,snapshot_670.xyz,32,4000,16.757672110741936,4000,all,670
0.0950404,0.100874,0.0,0.9421694391022463,0.057830560897753736,snapshot_671.xyz,32,4000,16.757672110741936,4000,all,671
0.0943439,0.100528,0.0,0.9384838055069233,0.06151619449307666,snapshot_672.xyz,32,4000,16.757672110741936,4000,all,672
0.0949011,0.100874,0.0,0.940788508436267,0.059211491563732954,snapshot_673.xyz,32,4000,16.757672110741936,4000,all,673
0.0935076,0.10025,0.0,0.9327441396508728,0.06725586034912723,snapshot_674.xyz,32,4000,16.757672110741936,4000,all,674
0.0940652,0.100597,0.0,0.9350696342833285,0.06493036571667155,snapshot_675.xyz,32,4000,16.757672110741936,4000,all,675
0.0932984,0.100597,0.0,0.9274471405707924,0.07255285942920764,snapshot_676.xyz,32,4000,16.757672110741936,4000,all,676
0.0941349,0.100943,0.0,0.9325550062906788,0.06744499370932122,snapshot_677.xyz,32,4000,16.757672110741936,4000,all,677
0.0938561,0.100805,0.0,0.9310659193492385,0.06893408065076145,snapshot_678.xyz,32,4000,16.757672110741936,4000,all,678
0.0942742,0.100043,0.0,0.9423367951780733,0.05766320482192666,snapshot_679.xyz,32,4000,16.757672110741936,4000,all,679
0.0944136,0.100805,0.0,0.9365963989881454,0.0634036010118546,snapshot_680.xyz,32,4000,16.757672110741936,4000,all,680
0.0944833,0.100528,0.0,0.9398704838452968,0.06012951615470319,snapshot_681.xyz,32,4000,16.757672110741936,4000,all,681
0.0937167,0.101428,0.0,0.9239726702685649,0.07602732973143511,snapshot_682.xyz,32,4000,16.757672110741936,4000,all,682
0.0939955,0.0998345,0.0,0.9415132043532044,0.0584867956467956,snapshot_683.xyz,32,4000,16.757672110741936,4000,all,683
0.0939955,0.101013,0.0,0.9305287438250521,0.06947125617494787,snapshot_684.xyz,32,4000,16.757672110741936,4000,all,684
0.0946226,0.100597,0.0,0.9406105549867292,0.059389445013270814,snapshot_685.xyz,32,4000,16.757672110741936,4000,all,685
0.0942046,0.100458,0.0,0.9377510999621732,0.06224890003782679,snapshot_686.xyz,32,4000,16.757672110741936,4000,all,686
0.0935076,0.100458,0.0,0.9308128770232335,0.06918712297676655,snapshot_687.xyz,32,4000,16.757672110741936,4000,all,687
0.0941349,0.100389,0.0,0.9377013417804738,0.06229865821952618,snapshot_688.xyz,32,4000,16.757672110741936,4000,all,688
0.0948315,0.101359,0.0,0.9356001933720735,0.06439980662792655,snapshot_689.xyz,32,4000,16.757672110741936,4000,all,689
0.0942046,0.100597,0.0,0.9364553614918933,0.06354463850810665,snapshot_690.xyz,32,4000,16.757672110741936,4000,all,690
0.0940652,0.0999732,0.0,0.9409041623155006,0.05909583768449944,snapshot_691.xyz,32,4000,16.757672110741936,4000,all,691
0.0947619,0.10032,0.0,0.9445962918660286,0.05540370813397144,snapshot_692.xyz,32,4000,16.757672110741936,4000,all,692
0.0937864,0.100736,0.0,0.9310117534942821,0.06898824650571789,snapshot_693.xyz,32,4000,16.757672110741936,4000,all,693
0.0946226,0.10032,0.0,0.9432077352472089,0.05679226475279109,snapshot_694.xyz,32,4000,16.757672110741936,4000,all,694
0.0947619,0.10122,0.0,0.9361973918197983,0.06380260818020167,snapshot_695.xyz,32,4000,16.757672110741936,4000,all,695
0.0939955,0.100181,0.0,0.9382567552729558,0.06174324472704418,snapshot_696.xyz,32,4000,16.757672110741936,4000,all,696
0.0934378,0.100181,0.0,0.9326898314051566,0.0673101685948434,snapshot_697.xyz,32,4000,16.757672110741936,4000,all,697
0.0937167,0.100389,0.0,0.9335355467232466,0.06646445327675343,snapshot_698.xyz,32,4000,16.757672110741936,4000,all,698
0.0943439,0.10025,0.0,0.9410862842892767,0.05891371571072335,snapshot_699.xyz,32,4000,16.757672110741936,4000,all,699
0.0937167,0.100597,0.0,0.9316053162619163,0.06839468373808366,snapshot_700.xyz,32,4000,16.757672110741936,4000,all,700
0.0950404,0.100458,0.0,0.9460709948436161,0.05392900515638388,snapshot_701.xyz,32,4000,16.757672110741936,4000,all,701
0.0941349,0.100666,0.0,0.9351210935171755,0.06487890648282446,snapshot_702.xyz,32,4000,16.757672110741936,4000,all,702
0.0942742,0.100389,0.0,0.9390889440078096,0.06091105599219038,snapshot_703.xyz,32,4000,16.757672110741936,4000,all,703
0.0934378,0.0999039,0.0,0.9352768010057665,0.06472319899423351,snapshot_704.xyz,32,4000,16.757672110741936,4000,all,704
0.09511,0.10032,0.0,0.9480661881977671,0.05193381180223289,snapshot_705.xyz,32,4000,16.757672110741936,4000,all,705
0.0941349,0.10025,0.0,0.9390014962593515,0.060998503740648524,snapshot_706.xyz,32,4000,16.757672110741936,4000,all,706
0.0943439,0.100597,0.0,0.9378400946350288,0.06215990536497118,snapshot_707.xyz,32,4000,16.757672110741936,4000,all,707
0.0941349,0.100528,0.0,0.9364047827470953,0.06359521725290473,snapshot_708.xyz,32,4000,16.757672110741936,4000,all,708
0.0942742,0.100874,0.0,0.9345738247714971,0.06542617522850291,snapshot_709.xyz,32,4000,16.757672110741936,4000,all,709
0.0944833,0.101359,0.0,0.9321648792904429,0.0678351207095571,snapshot_710.xyz,32,4000,16.757672110741936,4000,all,710
0.0945529,0.101013,0.0,0.9360468454555353,0.06395315454446471,snapshot_711.xyz,32,4000,16.757672110741936,4000,all,711
0.0938561,0.101013,0.0,0.9291487234316375,0.07085127656836254,snapshot_712.xyz,32,4000,16.757672110741936,4000,all,712
0.0939955,0.101082,0.0,0.9298935517698501,0.07010644823014989,snapshot_713.xyz,32,4000,16.757672110741936,4000,all,713
0.0944136,0.100181,0.0,0.9424302013355825,0.05756979866441747,snapshot_714.xyz,32,4000,16.757672110741936,4000,all,714
0.0940652,0.100943,0.0,0.931864517599041,0.06813548240095901,snapshot_715.xyz,32,4000,16.757672110741936,4000,all,715
0.0939955,0.100666,0.0,0.9337363161345439,0.06626368386545611,snapshot_716.xyz,32,4000,16.757672110741936,4000,all,716
0.0951797,0.100181,0.0,0.950077359978439,0.04992264002156099,snapshot_717.xyz,32,4000,16.757672110741936,4000,all,717
0.0945529,0.101428,0.0,0.9322169420672791,0.06778305793272088,snapshot_718.xyz,32,4000,16.757672110741936,4000,all,718
0.0944833,0.100805,0.0,0.9372878329447945,0.06271216705520555,snapshot_719.xyz,32,4000,16.757672110741936,4000,all,719
0.0935773,0.0996958,0.0,0.9386283073108396,0.06137169268916043,snapshot_720.xyz,32,4000,16.757672110741936,4000,all,720
0.0944136,0.10122,0.0,0.9327563722584469,0.06724362774155312,snapshot_721.xyz,32,4000,16.757672110741936,4000,all,721
0.0947619,0.100874,0.0,0.9394085691060133,0.060591430893986664,snapshot_722.xyz,32,4000,16.757672110741936,4000,all,722
0.0937167,0.101428,0.0,0.9239726702685649,0.07602732973143511,snapshot_723.xyz,32,4000,16.757672110741936,4000,all,723
0.0945529,0.10032,0.0,0.9425129585326952,0.05748704146730477,snapshot_724.xyz,32,4000,16.757672110741936,4000,all,724
0.0939955,0.10032,0.0,0.9369567384370014,0.06304326156299855,snapshot_725.xyz,32,4000,16.757672110741936,4000,all,725
0.0943439,0.100112,0.0,0.9423835304459005,0.05761646955409949,snapshot_726.xyz,32,4000,16.757672110741936,4000,all,726
0.0949708,0.101013,0.0,0.940183936721016,0.05981606327898403,snapshot_727.xyz,32,4000,16.757672110741936,4000,all,727
0.0942742,0.100805,0.0,0.9352135310748475,0.0647864689251525,snapshot_728.xyz,32,4000,16.757672110741936,4000,all,728
0.0945529,0.101151,0.0,0.9347697996065287,0.06523020039347127,snapshot_729.xyz,32,4000,16.757672110741936,4000,all,729
0.0939955,0.10025,0.0,0.9376109725685785,0.062389027431421495,snapshot_730.xyz,32,4000,16.757672110741936,4000,all,730
0.0942046,0.101151,0.0,0.9313264327589444,0.06867356724105556,snapshot_731.xyz,32,4000,16.757672110741936,4000,all,731
0.0940652,0.100112,0.0,0.939599648393799,0.06040035160620105,snapshot_732.xyz,32,4000,16.757672110741936,4000,all,732
0.0938561,0.100736,0.0,0.9317036610546378,0.06829633894536224,snapshot_733.xyz,32,4000,16.757672110741936,4000,all,733
0.0937167,0.100597,0.0,0.9316053162619163,0.06839468373808366,snapshot_734.xyz,32,4000,16.757672110741936,4000,all,734
0.0939955,0.101151,0.0,0.9292592263052267,0.07074077369477327,snapshot_735.xyz,32,4000,16.757672110741936,4000,all,735
0.0933681,0.100458,0.0,0.9294242369945648,0.07057576300543522,snapshot_736.xyz,32,4000,16.757672110741936,4000,all,736
0.0948315,0.100389,0.0,0.9446403490422257,0.05535965095777429,snapshot_737.xyz,32,4000,16.757672110741936,4000,all,737
0.0946922,0.100943,0.0,0.9380759438494992,0.061924056150500784,snapshot_738.xyz,32,4000,16.757672110741936,4000,all,738
0.0944833,0.100181,0.0,0.9431259420448987,0.056874057955101254,snapshot_739.xyz,32,4000,16.757672110741936,4000,all,739
0.0943439,0.101151,0.0,0.9327035817737837,0.06729641822621635,snapshot_740.xyz,32,4000,16.757672110741936,4000,all,740
0.0946226,0.100805,0.0,0.9386697088438073,0.06133029115619271,snapshot_741.xyz,32,4000,16.757672110741936,4000,all,741
0.0941349,0.10032,0.0,0.9383462918660286,0.06165370813397142,snapshot_742.xyz,32,4000,16.757672110741936,4000,all,742
0.093647,0.101013,0.0,0.9270786928415153,0.07292130715848466,snapshot_743.xyz,32,4000,16.757672110741936,4000,all,743
0.0953189,0.101774,0.0,0.9365741741505689,0.06342582584943113,snapshot_744.xyz,32,4000,16.757672110741936,4000,all,744
0.0943439,0.101082,0.0,0.9333402584040679,0.06665974159593213,snapshot_745.xyz,32,4000,16.757672110741936,4000,all,745
0.0942742,0.100597,0.0,0.9371472310307464,0.06285276896925363,snapshot_746.xyz,32,4000,16.757672110741936,4000,all,746
0.0940652,0.0999039,0.0,0.9415568361195108,0.0584431638804892,snapshot_747.xyz,32,4000,16.757672110741936,4000,all,747
0.0946226,0.10129,0.0,0.9341751406851614,0.06582485931483861,snapshot_748.xyz,32,4000,16.757672110741936,4000,all,748
0.0942742,0.10032,0.0,0.9397348484848485,0.06026515151515155,snapshot_749.xyz,32,4000,16.757672110741936,4000,all,749
0.0947619,0.100736,0.0,0.9406954812579414,0.059304518742058554,snapshot_750.xyz,32,4000,16.757672110741936,4000,all,750
0.0943439,0.101428,0.0,0.9301563670781243,0.06984363292187568,snapshot_751.xyz,32,4000,16.757672110741936,4000,all,751
0.0948315,0.100597,0.0,0.9426871576687177,0.05731284233128231,snapshot_752.xyz,32,4000,16.757672110741936,4000,all,752
0.0944833,0.10032,0.0,0.9418191786283892,0.05818082137161085,snapshot_753.xyz,32,4000,16.757672110741936,4000,all,753
0.0941349,0.100943,0.0,0.9325550062906788,0.06744499370932122,snapshot_754.xyz,32,4000,16.757672110741936,4000,all,754
0.0939258,0.101013,0.0,0.9298387336283449,0.0701612663716551,snapshot_755.xyz,32,4000,16.757672110741936,4000,all,755
0.0949011,0.100181,0.0,0.9472963935277148,0.052703606472285225,snapshot_756.xyz,32,4000,16.757672110741936,4000,all,756
0.0946226,0.101151,0.0,0.9354588684244347,0.06454113157556529,snapshot_757.xyz,32,4000,16.757672110741936,4000,all,757
0.0947619,0.100874,0.0,0.9394085691060133,0.060591430893986664,snapshot_758.xyz,32,4000,16.757672110741936,4000,all,758
0.0940652,0.100943,0.0,0.931864517599041,0.06813548240095901,snapshot_759.xyz,32,4000,16.757672110741936,4000,all,759
0.0942742,0.100666,0.0,0.9365048775157451,0.06349512248425493,snapshot_760.xyz,32,4000,16.757672110741936,4000,all,760
0.0949708,0.100874,0.0,0.9414794694371195,0.058520530562880535,snapshot_761.xyz,32,4000,16.757672110741936,4000,all,761
0.0946922,0.101497,0.0,0.9329556538616905,0.06704434613830945,snapshot_762.xyz,32,4000,16.757672110741936,4000,all,762
0.0948315,0.100736,0.0,0.9413863961245235,0.05861360387547654,snapshot_763.xyz,32,4000,16.757672110741936,4000,all,763
0.0932984,0.101428,0.0,0.9198485625271128,0.08015143747288722,snapshot_764.xyz,32,4000,16.757672110741936,4000,all,764
0.0937864,0.100458,0.0,0.9335881661988095,0.06641183380119053,snapshot_765.xyz,32,4000,16.757672110741936,4000,all,765
0.0937167,0.100597,0.0,0.9316053162619163,0.06839468373808366,snapshot_766.xyz,32,4000,16.757672110741936,4000,all,766
0.0946226,0.100666,0.0,0.9399658275882621,0.06003417241173792,snapshot_767.xyz,32,4000,16.757672110741936,4000,all,767
0.0933681,0.10122,0.0,0.9224273858921161,0.07757261410788385,snapshot_768.xyz,32,4000,16.757672110741936,4000,all,768
0.0933681,0.100666,0.0,0.9275038245286392,0.07249617547136078,snapshot_769.xyz,32,4000,16.757672110741936,4000,all,769
0.0940652,0.10032,0.0,0.9376515151515151,0.062348484848484875,snapshot_770.xyz,32,4000,16.757672110741936,4000,all,770
0.0938561,0.100389,0.0,0.9349241450756556,0.06507585492434442,snapshot_771.xyz,32,4000,16.757672110741936,4000,all,771
0.0935773,0.10032,0.0,0.9327880781499203,0.06721192185007974,snapshot_772.xyz,32,4000,16.757672110741936,4000,all,772
0.0945529,0.100943,0.0,0.9366959571243176,0.06330404287568236,snapshot_773.xyz,32,4000,16.757672110741936,4000,all,773
0.0942742,0.100112,0.0,0.9416873102125619,0.05831268978743809,snapshot_774.xyz,32,4000,16.757672110741936,4000,all,774
0.0939955,0.100666,0.0,0.9337363161345439,0.06626368386545611,snapshot_775.xyz,32,4000,16.757672110741936,4000,all,775
0.09511,0.100943,0.0,0.9422149133669496,0.057785086633050375,snapshot_776.xyz,32,4000,16.757672110741936,4000,all,776
0.0949011,0.100666,0.0,0.942732402201339,0.057267597798660974,snapshot_777.xyz,32,4000,16.757672110741936,4000,all,777
0.0939258,0.100528,0.0,0.9343247652395352,0.06567523476046477,snapshot_778.xyz,32,4000,16.757672110741936,4000,all,778
0.0943439,0.101082,0.0,0.9333402584040679,0.06665974159593213,snapshot_779.xyz,32,4000,16.757672110741936,4000,all,779
0.0939258,0.100389,0.0,0.9356184442518602,0.06438155574813975,snapshot_780.xyz,32,4000,16.757672110741936,4000,all,780
0.0944833,0.100389,0.0,0.9411718415364233,0.058828158463576696,snapshot_781.xyz,32,4000,16.757672110741936,4000,all,781
0.093647,0.10032,0.0,0.9334828548644337,0.06651714513556628,snapshot_782.xyz,32,4000,16.757672110741936,4000,all,782
0.0945529,0.100736,0.0,0.9386207512706479,0.061379248729352076,snapshot_783.xyz,32,4000,16.757672110741936,4000,all,783
0.0932984,0.100458,0.0,0.9287304147006709,0.07126958529932914,snapshot_784.xyz,32,4000,16.757672110741936,4000,all,784
0.0944136,0.100805,0.0,0.9365963989881454,0.0634036010118546,snapshot_785.xyz,32,4000,16.757672110741936,4000,all,785
0.0939955,0.100874,0.0,0.9318109721038126,0.06818902789618742,snapshot_786.xyz,32,4000,16.757672110741936,4000,all,786
0.0937864,0.10032,0.0,0.934872408293461,0.06512759170653903,snapshot_787.xyz,32,4000,16.757672110741936,4000,all,787
0.0946226,0.100874,0.0,0.9380276384400341,0.06197236155996588,snapshot_788.xyz,32,4000,16.757672110741936,4000,all,788
0.0942742,0.100805,0.0,0.9352135310748475,0.0647864689251525,snapshot_789.xyz,32,4000,16.757672110741936,4000,all,789
0.0944136,0.100043,0.0,0.9437301960157132,0.056269803984286826,snapshot_790.xyz,32,4000,16.757672110741936,4000,all,790
0.0942046,0.0996265,0.0,0.945577732832128,0.05442226716787202,snapshot_791.xyz,32,4000,16.757672110741936,4000,all,791
0.0944136,0.10122,0.0,0.9327563722584469,0.06724362774155312,snapshot_792.xyz,32,4000,16.757672110741936,4000,all,792
0.0943439,0.101013,0.0,0.9339778048370011,0.0660221951629989,snapshot_793.xyz,32,4000,16.757672110741936,4000,all,793
0.0944136,0.100458,0.0,0.9398315714029744,0.06016842859702565,snapshot_794.xyz,32,4000,16.757672110741936,4000,all,794
0.0949011,0.100528,0.0,0.944026539869489,0.055973460130510966,snapshot_795.xyz,32,4000,16.757672110741936,4000,all,795
0.0943439,0.100597,0.0,0.9378400946350288,0.06215990536497118,snapshot_796.xyz,32,4000,16.757672110741936,4000,all,796
0.0941349,0.10129,0.0,0.9293602527396583,0.07063974726034172,snapshot_797.xyz,32,4000,16.757672110741936,4000,all,797
0.0946922,0.100666,0.0,0.9406572228955159,0.0593427771044841,snapshot_798.xyz,32,4000,16.757672110741936,4000,all,798
0.0944136,0.101082,0.0,0.9340297975900753,0.06597020240992468,snapshot_799.xyz,32,4000,16.757672110741936,4000,all,799
0.0939258,0.100389,0.0,0.9356184442518602,0.06438155574813975,snapshot_800.xyz,32,4000,16.757672110741936,4000,all,800
0.0941349,0.100181,0.0,0.9396482366915881,0.060351763308411854,snapshot_801.xyz,32,4000,16.757672110741936,4000,all,801
0.0939258,0.100181,0.0,0.9375610145636398,0.06243898543636017,snapshot_802.xyz,32,4000,16.757672110741936,4000,all,802
0.0939955,0.0999039,0.0,0.9408591656581975,0.059140834341802506,snapshot_803.xyz,32,4000,16.757672110741936,4000,all,803
0.0944833,0.100389,0.0,0.9411718415364233,0.058828158463576696,snapshot_804.xyz,32,4000,16.757672110741936,4000,all,804
0.0942742,0.101151,0.0,0.9320145129558778,0.06798548704412222,snapshot_805.xyz,32,4000,16.757672110741936,4000,all,805
0.0939258,0.100597,0.0,0.9336839070747637,0.06631609292523633,snapshot_806.xyz,32,4000,16.757672110741936,4000,all,806
0.0939955,0.10122,0.0,0.9286257656589606,0.0713742343410394,snapshot_807.xyz,32,4000,16.757672110741936,4000,all,807
0.0949011,0.100528,0.0,0.944026539869489,0.055973460130510966,snapshot_808.xyz,32,4000,16.757672110741936,4000,all,808
0.0946226,0.100666,0.0,0.9399658275882621,0.06003417241173792,snapshot_809.xyz,32,4000,16.757672110741936,4000,all,809
0.0949708,0.10122,0.0,0.9382612131989725,0.06173878680102751,snapshot_810.xyz,32,4000,16.757672110741936,4000,all,810
0.0947619,0.100666,0.0,0.9413496115868316,0.058650388413168386,snapshot_811.xyz,32,4000,16.757672110741936,4000,all,811
0.0949011,0.100597,0.0,0.9433790272075707,0.05662097279242928,snapshot_812.xyz,32,4000,16.757672110741936,4000,all,812
0.0946226,0.100597,0.0,0.9406105549867292,0.059389445013270814,snapshot_813.xyz,32,4000,16.757672110741936,4000,all,813
0.0938561,0.0999039,0.0,0.9394638247355708,0.060536175264429226,snapshot_814.xyz,32,4000,16.757672110741936,4000,all,814
0.0943439,0.100736,0.0,0.9365460212833544,0.0634539787166456,snapshot_815.xyz,32,4000,16.757672110741936,4000,all,815
0.0946922,0.100528,0.0,0.9419485118573929,0.05805148814260708,snapshot_816.xyz,32,4000,16.757672110741936,4000,all,816
0.0946922,0.100736,0.0,0.9400035736975858,0.059996426302414196,snapshot_817.xyz,32,4000,16.757672110741936,4000,all,817
0.0942046,0.10025,0.0,0.9396967581047381,0.06030324189526193,snapshot_818.xyz,32,4000,16.757672110741936,4000,all,818
0.0948315,0.100805,0.0,0.9407420266851843,0.05925797331481575,snapshot_819.xyz,32,4000,16.757672110741936,4000,all,819
0.0951797,0.101082,0.0,0.9416087928612413,0.05839120713875867,snapshot_820.xyz,32,4000,16.757672110741936,4000,all,820
0.0948315,0.100597,0.0,0.9426871576687177,0.05731284233128231,snapshot_821.xyz,32,4000,16.757672110741936,4000,all,821
0.0944833,0.100458,0.0,0.9405253936968684,0.059474606303131616,snapshot_822.xyz,32,4000,16.757672110741936,4000,all,822
0.0946226,0.101013,0.0,0.9367368556522427,0.06326314434775726,snapshot_823.xyz,32,4000,16.757672110741936,4000,all,823
0.0945529,0.10129,0.0,0.9334870174745779,0.06651298252542215,snapshot_824.xyz,32,4000,16.757672110741936,4000,all,824
0.0939258,0.10122,0.0,0.927937166567872,0.07206283343212805,snapshot_825.xyz,32,4000,16.757672110741936,4000,all,825
0.0937167,0.100805,0.0,0.9296830514359407,0.07031694856405935,snapshot_826.xyz,32,4000,16.757672110741936,4000,all,826
0.0942742,0.100874,0.0,0.9345738247714971,0.06542617522850291,snapshot_827.xyz,32,4000,16.757672110741936,4000,all,827
0.0946226,0.100736,0.0,0.9393126588310038,0.06068734116899621,snapshot_828.xyz,32,4000,16.757672110741936,4000,all,828
0.0951797,0.100181,0.0,0.950077359978439,0.04992264002156099,snapshot_829.xyz,32,4000,16.757672110741936,4000,all,829
0.0933681,0.100597,0.0,0.9281400041750747,0.0718599958249253,snapshot_830.xyz,32,4000,16.757672110741936,4000,all,830
0.0939955,0.101082,0.0,0.9298935517698501,0.07010644823014989,snapshot_831.xyz,32,4000,16.757672110741936,4000,all,831
0.0942046,0.100043,0.0,0.9416410943294383,0.05835890567056168,snapshot_832.xyz,32,4000,16.757672110741936,4000,all,832
0.0951797,0.100181,0.0,0.950077359978439,0.04992264002156099,snapshot_833.xyz,32,4000,16.757672110741936,4000,all,833
0.0947619,0.0999732,0.0,0.9478730299720325,0.05212697002796751,snapshot_834.xyz,32,4000,16.757672110741936,4000,all,834
0.0942046,0.100528,0.0,0.937098121916282,0.06290187808371805,snapshot_835.xyz,32,4000,16.757672110741936,4000,all,835
0.0947619,0.100181,0.0,0.9459069084956229,0.05409309150437713,snapshot_836.xyz,32,4000,16.757672110741936,4000,all,836
0.0953189,0.100528,0.0,0.9481825958936813,0.05181740410631874,snapshot_837.xyz,32,4000,16.757672110741936,4000,all,837
0.09511,0.100112,0.0,0.9500359597251078,0.04996404027489221,snapshot_838.xyz,32,4000,16.757672110741936,4000,all,838
0.0946922,0.10025,0.0,0.9445605985037406,0.055439401496259366,snapshot_839.xyz,32,4000,16.757672110741936,4000,all,839
0.0946226,0.100597,0.0,0.9406105549867292,0.059389445013270814,snapshot_840.xyz,32,4000,16.757672110741936,4000,all,840
0.0948315,0.100736,0.0,0.9413863961245235,0.05861360387547654,snapshot_841.xyz,32,4000,16.757672110741936,4000,all,841
0.09511,0.100874,0.0,0.9428594087673731,0.057140591232626936,snapshot_842.xyz,32,4000,16.757672110741936,4000,all,842
0.0951797,0.10025,0.0,0.9494234413965087,0.050576558603491306,snapshot_843.xyz,32,4000,16.757672110741936,4000,all,843
0.0941349,0.10025,0.0,0.9390014962593515,0.060998503740648524,snapshot_844.xyz,32,4000,16.757672110741936,4000,all,844
0.0941349,0.10122,0.0,0.930002963841138,0.06999703615886199,snapshot_845.xyz,32,4000,16.757672110741936,4000,all,845
0.0941349,0.100874,0.0,0.9331928941055176,0.06680710589448235,snapshot_846.xyz,32,4000,16.757672110741936,4000,all,846
0.0951797,0.10129,0.0,0.939675190048376,0.06032480995162404,snapshot_847.xyz,32,4000,16.757672110741936,4000,all,847
0.0949708,0.100597,0.0,0.9440718908118532,0.055928109188146835,snapshot_848.xyz,32,4000,16.757672110741936,4000,all,848
0.0944136,0.100043,0.0,0.9437301960157132,0.056269803984286826,snapshot_849.xyz,32,4000,16.757672110741936,4000,all,849
0.0952493,0.10025,0.0,0.9501177057356608,0.04988229426433921,snapshot_850.xyz,32,4000,16.757672110741936,4000,all,850
0.0951797,0.100736,0.0,0.9448429558449809,0.0551570441550191,snapshot_851.xyz,32,4000,16.757672110741936,4000,all,851
0.0942046,0.0999732,0.0,0.94229853600765,0.05770146399234999,snapshot_852.xyz,32,4000,16.757672110741936,4000,all,852
0.0943439,0.101428,0.0,0.9301563670781243,0.06984363292187568,snapshot_853.xyz,32,4000,16.757672110741936,4000,all,853
0.0948315,0.100666,0.0,0.9420410068940853,0.05795899310591468,snapshot_854.xyz,32,4000,16.757672110741936,4000,all,854
0.0938561,0.100597,0.0,0.9329910434704811,0.06700895652951888,snapshot_855.xyz,32,4000,16.757672110741936,4000,all,855
0.0944833,0.100736,0.0,0.9379298364040661,0.06207016359593387,snapshot_856.xyz,32,4000,16.757672110741936,4000,all,856
0.0943439,0.100389,0.0,0.9397832431840141,0.06021675681598593,snapshot_857.xyz,32,4000,16.757672110741936,4000,all,857
0.0940652,0.100666,0.0,0.9344287048258597,0.06557129517414029,snapshot_858.xyz,32,4000,16.757672110741936,4000,all,858
0.0945529,0.100528,0.0,0.9405628282667514,0.059437171733248584,snapshot_859.xyz,32,4000,16.757672110741936,4000,all,859
0.0950404,0.100666,0.0,0.9441161861999086,0.05588381380009144,snapshot_860.xyz,32,4000,16.757672110741936,4000,all,860
0.0935076,0.10032,0.0,0.9320933014354066,0.06790669856459342,snapshot_861.xyz,32,4000,16.757672110741936,4000,all,861
0.0939258,0.100389,0.0,0.9356184442518602,0.06438155574813975,snapshot_862.xyz,32,4000,16.757672110741936,4000,all,862
0.0951797,0.100528,0.0,0.9467979070507719,0.053202092949228064,snapshot_863.xyz,32,4000,16.757672110741936,4000,all,863
0.0945529,0.100874,0.0,0.9373366774391815,0.06266332256081852,snapshot_864.xyz,32,4000,16.757672110741936,4000,all,864
0.0943439,0.100043,0.0,0.9430334955968932,0.0569665044031068,snapshot_865.xyz,32,4000,16.757672110741936,4000,all,865
0.0946922,0.100043,0.0,0.9465149985506232,0.053485001449376846,snapshot_866.xyz,32,4000,16.757672110741936,4000,all,866
0.0945529,0.100389,0.0,0.9418651445875543,0.058134855412445674,snapshot_867.xyz,32,4000,16.757672110741936,4000,all,867
0.0946922,0.101013,0.0,0.9374258758773623,0.06257412412263774,snapshot_868.xyz,32,4000,16.757672110741936,4000,all,868
0.0947619,0.100666,0.0,0.9413496115868316,0.058650388413168386,snapshot_869.xyz,32,4000,16.757672110741936,4000,all,869
0.0944833,0.10129,0.0,0.9327998815282852,0.06720011847171481,snapshot_870.xyz,32,4000,16.757672110741936,4000,all,870
0.0946922,0.100805,0.0,0.9393601507861713,0.0606398492138287,snapshot_871.xyz,32,4000,16.757672110741936,4000,all,871
0.0945529,0.100043,0.0,0.9451225972831682,0.054877402716831836,snapshot_872.xyz,32,4000,16.757672110741936,4000,all,872
0.0949708,0.100666,0.0,0.9434247908926549,0.05657520910734515,snapshot_873.xyz,32,4000,16.757672110741936,4000,all,873
0.0943439,0.100666,0.0,0.9371972662070609,0.0628027337929391,snapshot_874.xyz,32,4000,16.757672110741936,4000,all,874
0.0939955,0.100112,0.0,0.9389034281604601,0.06109657183953987,snapshot_875.xyz,32,4000,16.757672110741936,4000,all,875
0.0942046,0.100666,0.0,0.9358134822084914,0.06418651779150863,snapshot_876.xyz,32,4000,16.757672110741936,4000,all,876
0.0946922,0.0999732,0.0,0.9471758431259578,0.05282415687404218,snapshot_877.xyz,32,4000,16.757672110741936,4000,all,877
0.0945529,0.101082,0.0,0.9354078866662708,0.06459211333372916,snapshot_878.xyz,32,4000,16.757672110741936,4000,all,878
0.0955973,0.100805,0.0,0.9483388720797579,0.051661127920242134,snapshot_879.xyz,32,4000,16.757672110741936,4000,all,879
0.0951797,0.100528,0.0,0.9467979070507719,0.053202092949228064,snapshot_880.xyz,32,4000,16.757672110741936,4000,all,880
0.0949708,0.100458,0.0,0.9453781679906029,0.054621832009397076,snapshot_881.xyz,32,4000,16.757672110741936,4000,all,881
0.0947619,0.10032,0.0,0.9445962918660286,0.05540370813397144,snapshot_882.xyz,32,4000,16.757672110741936,4000,all,882
0.0952493,0.100458,0.0,0.9481504708435365,0.05184952915646346,snapshot_883.xyz,32,4000,16.757672110741936,4000,all,883
0.09511,0.100458,0.0,0.9467638216966294,0.053236178303370574,snapshot_884.xyz,32,4000,16.757672110741936,4000,all,884
0.0944136,0.100458,0.0,0.9398315714029744,0.06016842859702565,snapshot_885.xyz,32,4000,16.757672110741936,4000,all,885
0.0946922,0.100112,0.0,0.9458626338500878,0.05413736614991216,snapshot_886.xyz,32,4000,16.757672110741936,4000,all,886
0.0942742,0.0999732,0.0,0.942994722585653,0.05700527741434702,snapshot_887.xyz,32,4000,16.757672110741936,4000,all,887
0.0944833,0.100805,0.0,0.9372878329447945,0.06271216705520555,snapshot_888.xyz,32,4000,16.757672110741936,4000,all,888
0.0939955,0.101497,0.0,0.9260914115688148,0.0739085884311852,snapshot_889.xyz,32,4000,16.757672110741936,4000,all,889
0.0943439,0.0995572,0.0,0.9476351283483263,0.052364871651673695,snapshot_890.xyz,32,4000,16.757672110741936,4000,all,890
0.0952493,0.100112,0.0,0.951427401310532,0.04857259868946795,snapshot_891.xyz,32,4000,16.757672110741936,4000,all,891
0.0939955,0.100943,0.0,0.9311740289074031,0.06882597109259692,snapshot_892.xyz,32,4000,16.757672110741936,4000,all,892
0.0946922,0.101013,0.0,0.9374258758773623,0.06257412412263774,snapshot_893.xyz,32,4000,16.757672110741936,4000,all,893
0.0938561,0.100389,0.0,0.9349241450756556,0.06507585492434442,snapshot_894.xyz,32,4000,16.757672110741936,4000,all,894
0.0941349,0.100666,0.0,0.9351210935171755,0.06487890648282446,snapshot_895.xyz,32,4000,16.757672110741936,4000,all,895
0.0952493,0.101151,0.0,0.9416545560597521,0.058345443940247876,snapshot_896.xyz,32,4000,16.757672110741936,4000,all,896
0.0957365,0.100181,0.0,0.9556353001068066,0.04436469989319336,snapshot_897.xyz,32,4000,16.757672110741936,4000,all,897
0.0942046,0.100112,0.0,0.9409920888604763,0.05900791113952375,snapshot_898.xyz,32,4000,16.757672110741936,4000,all,898
0.0952493,0.100181,0.0,0.9507721024944848,0.04922789750551515,snapshot_899.xyz,32,4000,16.757672110741936,4000,all,899
0.0946922,0.101013,0.0,0.9374258758773623,0.06257412412263774,snapshot_900.xyz,32,4000,16.757672110741936,4000,all,900
0.0945529,0.10025,0.0,0.9431710723192019,0.05682892768079806,snapshot_901.xyz,32,4000,16.757672110741936,4000,all,901
0.0941349,0.100805,0.0,0.9338316551758344,0.06616834482416556,snapshot_902.xyz,32,4000,16.757672110741936,4000,all,902
0.0948315,0.100666,0.0,0.9420410068940853,0.05795899310591468,snapshot_903.xyz,32,4000,16.757672110741936,4000,all,903
0.09511,0.100528,0.0,0.9461045678815851,0.053895432118414854,snapshot_904.xyz,32,4000,16.757672110741936,4000,all,904
0.0942046,0.100458,0.0,0.9377510999621732,0.06224890003782679,snapshot_905.xyz,32,4000,16.757672110741936,4000,all,905
0.0951797,0.100874,0.0,0.9435503697682257,0.056449630231774295,snapshot_906.xyz,32,4000,16.757672110741936,4000,all,906
0.0949011,0.100597,0.0,0.9433790272075707,0.05662097279242928,snapshot_907.xyz,32,4000,16.757672110741936,4000,all,907
0.0932984,0.0999039,0.0,0.9338814600831399,0.06611853991686012,snapshot_908.xyz,32,4000,16.757672110741936,4000,all,908
0.0946922,0.100736,0.0,0.9400035736975858,0.059996426302414196,snapshot_909.xyz,32,4000,16.757672110741936,4000,all,909
0.0944136,0.100458,0.0,0.9398315714029744,0.06016842859702565,snapshot_910.xyz,32,4000,16.757672110741936,4000,all,910
0.0941349,0.100528,0.0,0.9364047827470953,0.06359521725290473,snapshot_911.xyz,32,4000,16.757672110741936,4000,all,911
0.0951797,0.10122,0.0,0.9403250345781466,0.059674965421853354,snapshot_912.xyz,32,4000,16.757672110741936,4000,all,912
0.0944136,0.100736,0.0,0.9372379288437103,0.06276207115628973,snapshot_913.xyz,32,4000,16.757672110741936,4000,all,913
0.0937167,0.100805,0.0,0.9296830514359407,0.07031694856405935,snapshot_914.xyz,32,4000,16.757672110741936,4000,all,914
0.0942046,0.100389,0.0,0.9383956409566785,0.06160435904332151,snapshot_915.xyz,32,4000,16.757672110741936,4000,all,915
0.0946226,0.100805,0.0,0.9386697088438073,0.06133029115619271,snapshot_916.xyz,32,4000,16.757672110741936,4000,all,916
0.0949708,0.100943,0.0,0.9408359172998622,0.05916408270013784,snapshot_917.xyz,32,4000,16.757672110741936,4000,all,917
0.0950404,0.100043,0.0,0.9499955019341683,0.05000449806583174,snapshot_918.xyz,32,4000,16.757672110741936,4000,all,918
0.0946922,0.100112,0.0,0.9458626338500878,0.05413736614991216,snapshot_919.xyz,32,4000,16.757672110741936,4000,all,919
0.0944136,0.100528,0.0,0.9391771446761101,0.06082285532388987,snapshot_920.xyz,32,4000,16.757672110741936,4000,all,920
0.0941349,0.100597,0.0,0.9357624978876108,0.06423750211238921,snapshot_921.xyz,32,4000,16.757672110741936,4000,all,921
0.0942742,0.100666,0.0,0.9365048775157451,0.06349512248425493,snapshot_922.xyz,32,4000,16.757672110741936,4000,all,922
0.0953885,0.101359,0.0,0.9410955119920283,0.058904488007971656,snapshot_923.xyz,32,4000,16.757672110741936,4000,all,923
0.0946922,0.100528,0.0,0.9419485118573929,0.05805148814260708,snapshot_924.xyz,32,4000,16.757672110741936,4000,all,924
0.0949011,0.0995572,0.0,0.9532319109014717,0.046768089098528254,snapshot_925.xyz,32,4000,16.757672110741936,4000,all,925
0.0949011,0.10122,0.0,0.9375726141078838,0.06242738589211616,snapshot_926.xyz,32,4000,16.757672110741936,4000,all,926
0.0944833,0.100874,0.0,0.9366467077740548,0.06335329222594521,snapshot_927.xyz,32,4000,16.757672110741936,4000,all,927
0.0943439,0.100943,0.0,0.9346254817074982,0.06537451829250185,snapshot_928.xyz,32,4000,16.757672110741936,4000,all,928
0.0944833,0.100458,0.0,0.9405253936968684,0.059474606303131616,snapshot_929.xyz,32,4000,16.757672110741936,4000,all,929
0.0944833,0.100389,0.0,0.9411718415364233,0.058828158463576696,snapshot_930.xyz,32,4000,16.757672110741936,4000,all,930
0.0946922,0.101013,0.0,0.9374258758773623,0.06257412412263774,snapshot_931.xyz,32,4000,16.757672110741936,4000,all,931
0.0939955,0.100528,0.0,0.9350181044087218,0.0649818955912782,snapshot_932.xyz,32,4000,16.757672110741936,4000,all,932
0.0944833,0.10032,0.0,0.9418191786283892,0.05818082137161085,snapshot_933.xyz,32,4000,16.757672110741936,4000,all,933
0.0955973,0.100874,0.0,0.9476901877589864,0.05230981224101361,snapshot_934.xyz,32,4000,16.757672110741936,4000,all,934
0.0941349,0.100805,0.0,0.9338316551758344,0.06616834482416556,snapshot_935.xyz,32,4000,16.757672110741936,4000,all,935
0.0939258,0.100874,0.0,0.9311200111029602,0.06887998889703983,snapshot_936.xyz,32,4000,16.757672110741936,4000,all,936
0.0935773,0.100874,0.0,0.9276652060986974,0.0723347939013026,snapshot_937.xyz,32,4000,16.757672110741936,4000,all,937
0.0932286,0.0999039,0.0,0.9331827886599021,0.06681721134009788,snapshot_938.xyz,32,4000,16.757672110741936,4000,all,938
0.0945529,0.100458,0.0,0.9412182205498815,0.05878177945011853,snapshot_939.xyz,32,4000,16.757672110741936,4000,all,939
0.0942046,0.101151,0.0,0.9313264327589444,0.06867356724105556,snapshot_940.xyz,32,4000,16.757672110741936,4000,all,940
0.0945529,0.100805,0.0,0.9379782748871582,0.062021725112841763,snapshot_941.xyz,32,4000,16.757672110741936,4000,all,941
0.0950404,0.0999039,0.0,0.9513182168063509,0.04868178319364913,snapshot_942.xyz,32,4000,16.757672110741936,4000,all,942
0.0947619,0.100528,0.0,0.9426418510265796,0.0573581489734204,snapshot_943.xyz,32,4000,16.757672110741936,4000,all,943
0.0940652,0.10025,0.0,0.9383062344139651,0.0616937655860349,snapshot_944.xyz,32,4000,16.757672110741936,4000,all,944
0.0939955,0.100043,0.0,0.9395509930729785,0.06044900692702149,snapshot_945.xyz,32,4000,16.757672110741936,4000,all,945
0.0944136,0.100805,0.0,0.9365963989881454,0.0634036010118546,snapshot_946.xyz,32,4000,16.757672110741936,4000,all,946
0.0948315,0.100597,0.0,0.9426871576687177,0.05731284233128231,snapshot_947.xyz,32,4000,16.757672110741936,4000,all,947
0.09511,0.10032,0.0,0.9480661881977671,0.05193381180223289,snapshot_948.xyz,32,4000,16.757672110741936,4000,all,948
0.0942742,0.100112,0.0,0.9416873102125619,0.05831268978743809,snapshot_949.xyz,32,4000,16.757672110741936,4000,all,949
0.0938561,0.100389,0.0,0.9349241450756556,0.06507585492434442,snapshot_950.xyz,32,4000,16.757672110741936,4000,all,950
0.0941349,0.100874,0.0,0.9331928941055176,0.06680710589448235,snapshot_951.xyz,32,4000,16.757672110741936,4000,all,951
0.0950404,0.101567,0.0,0.9357409394783738,0.06425906052162622,snapshot_952.xyz,32,4000,16.757672110741936,4000,all,952
0.0942046,0.100181,0.0,0.9403439774009043,0.05965602259909575,snapshot_953.xyz,32,4000,16.757672110741936,4000,all,953
0.0953189,0.10025,0.0,0.9508119700748129,0.049188029925187116,snapshot_954.xyz,32,4000,16.757672110741936,4000,all,954
0.0947619,0.101082,0.0,0.9374755149284738,0.06252448507152619,snapshot_955.xyz,32,4000,16.757672110741936,4000,all,955
0.0945529,0.100943,0.0,0.9366959571243176,0.06330404287568236,snapshot_956.xyz,32,4000,16.757672110741936,4000,all,956
0.0938561,0.100043,0.0,0.9381575922353387,0.06184240776466132,snapshot_957.xyz,32,4000,16.757672110741936,4000,all,957
0.0941349,0.100736,0.0,0.9344712912960609,0.06552870870393912,snapshot_958.xyz,32,4000,16.757672110741936,4000,all,958
0.0939955,0.100528,0.0,0.9350181044087218,0.0649818955912782,snapshot_959.xyz,32,4000,16.757672110741936,4000,all,959
0.0949708,0.100874,0.0,0.9414794694371195,0.058520530562880535,snapshot_960.xyz,32,4000,16.757672110741936,4000,all,960
0.0948315,0.100666,0.0,0.9420410068940853,0.05795899310591468,snapshot_961.xyz,32,4000,16.757672110741936,4000,all,961
0.0947619,0.101013,0.0,0.9381158860740696,0.061884113925930406,snapshot_962.xyz,32,4000,16.757672110741936,4000,all,962
0.0949708,0.100736,0.0,0.9427692185514611,0.05723078144853888,snapshot_963.xyz,32,4000,16.757672110741936,4000,all,963
0.0949011,0.100528,0.0,0.944026539869489,0.055973460130510966,snapshot_964.xyz,32,4000,16.757672110741936,4000,all,964
0.0948315,0.100458,0.0,0.9439915188436958,0.05600848115630419,snapshot_965.xyz,32,4000,16.757672110741936,4000,all,965
0.0950404,0.100389,0.0,0.9467212543206924,0.05327874567930757,snapshot_966.xyz,32,4000,16.757672110741936,4000,all,966
0.0950404,0.101151,0.0,0.9395893268479797,0.06041067315202031,snapshot_967.xyz,32,4000,16.757672110741936,4000,all,967
0.0942742,0.100736,0.0,0.9358541137229986,0.06414588627700135,snapshot_968.xyz,32,4000,16.757672110741936,4000,all,968
0.0943439,0.101013,0.0,0.9339778048370011,0.0660221951629989,snapshot_969.xyz,32,4000,16.757672110741936,4000,all,969
0.0944833,0.100805,0.0,0.9372878329447945,0.06271216705520555,snapshot_970.xyz,32,4000,16.757672110741936,4000,all,970
0.0944136,0.100389,0.0,0.9404775423602187,0.05952245763978126,snapshot_971.xyz,32,4000,16.757672110741936,4000,all,971
0.0951797,0.10032,0.0,0.9487609649122807,0.05123903508771932,snapshot_972.xyz,32,4000,16.757672110741936,4000,all,972
0.0945529,0.100597,0.0,0.9399176913824467,0.06008230861755326,snapshot_973.xyz,32,4000,16.757672110741936,4000,all,973
0.0938561,0.100943,0.0,0.9297930515241274,0.07020694847587261,snapshot_974.xyz,32,4000,16.757672110741936,4000,all,974
0.0942742,0.100597,0.0,0.9371472310307464,0.06285276896925363,snapshot_975.xyz,32,4000,16.757672110741936,4000,all,975
0.0953189,0.100943,0.0,0.9442843981256748,0.05571560187432523,snapshot_976.xyz,32,4000,16.757672110741936,4000,all,976
0.0944833,0.100805,0.0,0.9372878329447945,0.06271216705520555,snapshot_977.xyz,32,4000,16.757672110741936,4000,all,977
0.093647,0.10032,0.0,0.9334828548644337,0.06651714513556628,snapshot_978.xyz,32,4000,16.757672110741936,4000,all,978
0.0945529,0.10032,0.0,0.9425129585326952,0.05748704146730477,snapshot_979.xyz,32,4000,16.757672110741936,4000,all,979
0.0947619,0.0999732,0.0,0.9478730299720325,0.05212697002796751,snapshot_980.xyz,32,4000,16.757672110741936,4000,all,980
0.0953885,0.100736,0.0,0.9469157004447267,0.05308429955527327,snapshot_981.xyz,32,4000,16.757672110741936,4000,all,981
0.0946226,0.10032,0.0,0.9432077352472089,0.05679226475279109,snapshot_982.xyz,32,4000,16.757672110741936,4000,all,982
0.0947619,0.100389,0.0,0.9439470459910946,0.05605295400890542,snapshot_983.xyz,32,4000,16.757672110741936,4000,all,983
0.0949708,0.100458,0.0,0.9453781679906029,0.054621832009397076,snapshot_984.xyz,32,4000,16.757672110741936,4000,all,984
0.0942046,0.100943,0.0,0.9332454949823167,0.06675450501768332,snapshot_985.xyz,32,4000,16.757672110741936,4000,all,985
0.0941349,0.100528,0.0,0.9364047827470953,0.06359521725290473,snapshot_986.xyz,32,4000,16.757672110741936,4000,all,986
0.0949011,0.0999039,0.0,0.9499238768456486,0.05007612315435139,snapshot_987.xyz,32,4000,16.757672110741936,4000,all,987
0.0946226,0.100597,0.0,0.9406105549867292,0.059389445013270814,snapshot_988.xyz,32,4000,16.757672110741936,4000,all,988
0.0937167,0.101013,0.0,0.9277687030382228,0.07223129696177721,snapshot_989.xyz,32,4000,16.757672110741936,4000,all,989
0.0943439,0.101082,0.0,0.9333402584040679,0.06665974159593213,snapshot_990.xyz,32,4000,16.757672110741936,4000,all,990
0.0939258,0.100597,0.0,0.9336839070747637,0.06631609292523633,snapshot_991.xyz,32,4000,16.757672110741936,4000,all,991
0.0944136,0.100666,0.0,0.9378896548983767,0.06211034510162328,snapshot_992.xyz,32,4000,16.757672110741936,4000,all,992
0.0937167,0.10025,0.0,0.9348299251870323,0.06517007481296766,snapshot_993.xyz,32,4000,16.757672110741936,4000,all,993
0.0944136,0.0996265,0.0,0.947675568247404,0.052324431752596046,snapshot_994.xyz,32,4000,16.757672110741936,4000,all,994
0.0950404,0.100597,0.0,0.9447637603507062,0.055236239649293806,snapshot_995.xyz,32,4000,16.757672110741936,4000,all,995
0.0941349,0.101013,0.0,0.9319087642184668,0.0680912357815332,snapshot_996.xyz,32,4000,16.757672110741936,4000,all,996
0.0937864,0.100805,0.0,0.9303744853925897,0.06962551460741029,snapshot_997.xyz,32,4000,16.757672110741936,4000,all,997
0.0937864,0.100805,0.0,0.9303744853925897,0.06962551460741029,snapshot_998.xyz,32,4000,16.757672110741936,4000,all,998
0.0941349,0.100666,0.0,0.9351210935171755,0.06487890648282446,snapshot_999.xyz,32,4000,16.757672110741936,4000,all,999
0.0942742,0.100389,0.0,0.9390889440078096,0.06091105599219038,snapshot_1000.xyz,32,4000,16.757672110741936,4000,all,1000
0.0943439,0.100597,0.0,0.9378400946350288,0.06215990536497118,snapshot_1001.xyz,32,4000,16.757672110741936,4000,all,1001
0.0946922,0.100458,0.0,0.9426048696967887,0.057395130303211306,snapshot_1002.xyz,32,4000,16.757672110741936,4000,all,1002
0.0937167,0.100666,0.0,0.9309667613692806,0.06903323863071942,snapshot_1003.xyz,32,4000,16.757672110741936,4000,all,1003
0.0944136,0.101497,0.0,0.9302107451451767,0.06978925485482335,snapshot_1004.xyz,32,4000,16.757672110741936,4000,all,1004
0.0953189,0.100597,0.0,0.9475322325715478,0.05246776742845216,snapshot_1005.xyz,32,4000,16.757672110741936,4000,all,1005
0.0943439,0.100597,0.0,0.9378400946350288,0.06215990536497118,snapshot_1006.xyz,32,4000,16.757672110741936,4000,all,1006
0.0939258,0.10122,0.0,0.927937166567872,0.07206283343212805,snapshot_1007.xyz,32,4000,16.757672110741936,4000,all,1007
0.0953885,0.10025,0.0,0.9515062344139651,0.04849376558603491,snapshot_1008.xyz,32,4000,16.757672110741936,4000,all,1008
0.0944136,0.100112,0.0,0.9430797506792392,0.056920249320760785,snapshot_1009.xyz,32,4000,16.757672110741936,4000,all,1009
0.0945529,0.100943,0.0,0.9366959571243176,0.06330404287568236,snapshot_1010.xyz,32,4000,16.757672110741936,4000,all,1010
0.0946226,0.100528,0.0,0.9412561674359382,0.05874383256406179,snapshot_1011.xyz,32,4000,16.757672110741936,4000,all,1011
0.0942742,0.10032,0.0,0.9397348484848485,0.06026515151515155,snapshot_1012.xyz,32,4000,16.757672110741936,4000,all,1012
0.0942742,0.100528,0.0,0.9377904663377367,0.06220953366226334,snapshot_1013.xyz,32,4000,16.757672110741936,4000,all,1013
0.0953885,0.100528,0.0,0.9488749403151361,0.051125059684863916,snapshot_1014.xyz,32,4000,16.757672110741936,4000,all,1014
0.0946226,0.100181,0.0,0.9445164252702608,0.05548357472973919,snapshot_1015.xyz,32,4000,16.757672110741936,4000,all,1015
0.0949708,0.100666,0.0,0.9434247908926549,0.05657520910734515,snapshot_1016.xyz,32,4000,16.757672110741936,4000,all,1016
0.0945529,0.100528,0.0,0.9405628282667514,0.059437171733248584,snapshot_1017.xyz,32,4000,16.757672110741936,4000,all,1017
0.09511,0.100458,0.0,0.9467638216966294,0.053236178303370574,snapshot_1018.xyz,32,4000,16.757672110741936,4000,all,1018
0.0944136,0.100528,0.0,0.9391771446761101,0.06082285532388987,snapshot_1019.xyz,32,4000,16.757672110741936,4000,all,1019
0.0947619,0.100528,0.0,0.9426418510265796,0.0573581489734204,snapshot_1020.xyz,32,4000,16.757672110741936,4000,all,1020
0.0949011,0.100597,0.0,0.9433790272075707,0.05662097279242928,snapshot_1021.xyz,32,4000,16.757672110741936,4000,all,1021
0.0940652,0.10032,0.0,0.9376515151515151,0.062348484848484875,snapshot_1022.xyz,32,4000,16.757672110741936,4000,all,1022
0.0948315,0.100389,0.0,0.9446403490422257,0.05535965095777429,snapshot_1023.xyz,32,4000,16.757672110741936,4000,all,1023
0.0946226,0.100874,0.0,0.9380276384400341,0.06197236155996588,snapshot_1024.xyz,32,4000,16.757672110741936,4000,all,1024
0.0950404,0.100736,0.0,0.9434601334180431,0.056539866581956866,snapshot_1025.xyz,32,4000,16.757672110741936,4000,all,1025
0.0945529,0.100389,0.0,0.9418651445875543,0.058134855412445674,snapshot_1026.xyz,32,4000,16.757672110741936,4000,all,1026
0.09511,0.101013,0.0,0.9415619771712551,0.058438022828744884,snapshot_1027.xyz,32,4000,16.757672110741936,4000,all,1027
0.0949708,0.100389,0.0,0.9460279512695613,0.053972048730438704,snapshot_1028.xyz,32,4000,16.757672110741936,4000,all,1028
0.0946922,0.100805,0.0,0.9393601507861713,0.0606398492138287,snapshot_1029.xyz,32,4000,16.757672110741936,4000,all,1029
0.0953885,0.100389,0.0,0.9501887657014214,0.04981123429857859,snapshot_1030.xyz,32,4000,16.757672110741936,4000,all,1030
0.0957365,0.100389,0.0,0.953655280957077,0.04634471904292303,snapshot_1031.xyz,32,4000,16.757672110741936,4000,all,1031
0.0942046,0.100666,0.0,0.9358134822084914,0.06418651779150863,snapshot_1032.xyz,32,4000,16.757672110741936,4000,all,1032
0.0942046,0.100181,0.0,0.9403439774009043,0.05965602259909575,snapshot_1033.xyz,32,4000,16.757672110741936,4000,all,1033
0.0946226,0.100943,0.0,0.9373864458159555,0.06261355418404446,snapshot_1034.xyz,32,4000,16.757672110741936,4000,all,1034
0.09511,0.100805,0.0,0.9435047864689251,0.056495213531074895,snapshot_1035.xyz,32,4000,16.757672110741936,4000,all,1035
0.0946922,0.100805,0.0,0.9393601507861713,0.0606398492138287,snapshot_1036.xyz,32,4000,16.757672110741936,4000,all,1036
0.0949011,0.10122,0.0,0.9375726141078838,0.06242738589211616,snapshot_1037.xyz,32,4000,16.757672110741936,4000,all,1037
0.0946226,0.100666,0.0,0.9399658275882621,0.06003417241173792,snapshot_1038.xyz,32,4000,16.757672110741936,4000,all,1038
0.0944833,0.100389,0.0,0.9411718415364233,0.058828158463576696,snapshot_1039.xyz,32,4000,16.757672110741936,4000,all,1039
0.0942046,0.100736,0.0,0.9351631988564167,0.06483680114358326,snapshot_1040.xyz,32,4000,16.757672110741936,4000,all,1040
0.0941349,0.100528,0.0,0.9364047827470953,0.06359521725290473,snapshot_1041.xyz,32,4000,16.757672110741936,4000,all,1041
0.0948315,0.10122,0.0,0.9368850029638411,0.06311499703615886,snapshot_1042.xyz,32,4000,16.757672110741936,4000,all,1042
0.09511,0.100736,0.0,0.9441510482846251,0.05584895171537485,snapshot_1043.xyz,32,4000,16.757672110741936,4000,all,1043
0.0942046,0.100597,0.0,0.9364553614918933,0.06354463850810665,snapshot_1044.xyz,32,4000,16.757672110741936,4000,all,1044
0.0947619,0.10032,0.0,0.9445962918660286,0.05540370813397144,snapshot_1045.xyz,32,4000,16.757672110741936,4000,all,1045
0.0953885,0.100458,0.0,0.9495361245495629,0.05046387545043707,snapshot_1046.xyz,32,4000,16.757672110741936,4000,all,1046
0.0945529,0.100736,0.0,0.9386207512706479,0.061379248729352076,snapshot_1047.xyz,32,4000,16.757672110741936,4000,all,1047
0.0949011,0.100943,0.0,0.9401454286082244,0.059854571391775635,snapshot_1048.xyz,32,4000,16.757672110741936,4000,all,1048
0.0950404,0.100181,0.0,0.9486868767530768,0.051313123246923165,snapshot_1049.xyz,32,4000,16.757672110741936,4000,all,1049
0.0946922,0.100389,0.0,0.94325274681489,0.05674725318510998,snapshot_1050.xyz,32,4000,16.757672110741936,4000,all,1050
0.0949708,0.101013,0.0,0.940183936721016,0.05981606327898403,snapshot_1051.xyz,32,4000,16.757672110741936,4000,all,1051
0.0953885,0.100597,0.0,0.9482241021104009,0.05177589788959913,snapshot_1052.xyz,32,4000,16.757672110741936,4000,all,1052
0.0942742,0.100181,0.0,0.9410387199169503,0.05896128008304968,snapshot_1053.xyz,32,4000,16.757672110741936,4000,all,1053
0.0947619,0.10025,0.0,0.9452558603491271,0.05474413965087288,snapshot_1054.xyz,32,4000,16.757672110741936,4000,all,1054
0.0941349,0.10025,0.0,0.9390014962593515,0.060998503740648524,snapshot_1055.xyz,32,4000,16.757672110741936,4000,all,1055
0.0945529,0.100597,0.0,0.9399176913824467,0.06008230861755326,snapshot_1056.xyz,32,4000,16.757672110741936,4000,all,1056
0.0945529,0.100943,0.0,0.9366959571243176,0.06330404287568236,snapshot_1057.xyz,32,4000,16.757672110741936,4000,all,1057
0.0947619,0.100389,0.0,0.9439470459910946,0.05605295400890542,snapshot_1058.xyz,32,4000,16.757672110741936,4000,all,1058
0.0942046,0.100458,0.0,0.9377510999621732,0.06224890003782679,snapshot_1059.xyz,32,4000,16.757672110741936,4000,all,1059
0.0948315,0.0996265,0.0,0.9518702353289535,0.04812976467104646,snapshot_1060.xyz,32,4000,16.757672110741936,4000,all,1060
0.0941349,0.10129,0.0,0.9293602527396583,0.07063974726034172,snapshot_1061.xyz,32,4000,16.757672110741936,4000,all,1061
0.0950404,0.100458,0.0,0.9460709948436161,0.05392900515638388,snapshot_1062.xyz,32,4000,16.757672110741936,4000,all,1062
0.0947619,0.100528,0.0,0.9426418510265796,0.0573581489734204,snapshot_1063.xyz,32,4000,16.757672110741936,4000,all,1063
0.0952493,0.100666,0.0,0.9461913655057317,0.053808634494268315,snapshot_1064.xyz,32,4000,16.757672110741936,4000,all,1064
0.0944833,0.101013,0.0,0.9353578252304159,0.06464217476958412,snapshot_1065.xyz,32,4000,16.757672110741936,4000,all,1065
0.0945529,0.10032,0.0,0.9425129585326952,0.05748704146730477,snapshot_1066.xyz,32,4000,16.757672110741936,4000,all,1066
0.0950404,0.100736,0.0,0.9434601334180431,0.056539866581956866,snapshot_1067.xyz,32,4000,16.757672110741936,4000,all,1067
0.09511,0.100528,0.0,0.9461045678815851,0.053895432118414854,snapshot_1068.xyz,32,4000,16.757672110741936,4000,all,1068
0.0952493,0.10129,0.0,0.9403623259946686,0.059637674005331376,snapshot_1069.xyz,32,4000,16.757672110741936,4000,all,1069
0.0944136,0.100666,0.0,0.9378896548983767,0.06211034510162328,snapshot_1070.xyz,32,4000,16.757672110741936,4000,all,1070
0.0949708,0.100805,0.0,0.9421239025841971,0.05787609741580291,snapshot_1071.xyz,32,4000,16.757672110741936,4000,all,1071
0.0952493,0.100666,0.0,0.9461913655057317,0.053808634494268315,snapshot_1072.xyz,32,4000,16.757672110741936,4000,all,1072
0.0944833,0.100528,0.0,0.9398704838452968,0.06012951615470319,snapshot_1073.xyz,32,4000,16.757672110741936,4000,all,1073
0.0949708,0.100943,0.0,0.9408359172998622,0.05916408270013784,snapshot_1074.xyz,32,4000,16.757672110741936,4000,all,1074
0.0946922,0.100597,0.0,0.9413024245255822,0.058697575474417785,snapshot_1075.xyz,32,4000,16.757672110741936,4000,all,1075
0.0944833,0.100112,0.0,0.9437759709125779,0.05622402908742208,snapshot_1076.xyz,32,4000,16.757672110741936,4000,all,1076
0.0944136,0.100043,0.0,0.9437301960157132,0.056269803984286826,snapshot_1077.xyz,32,4000,16.757672110741936,4000,all,1077
0.0942742,0.100805,0.0,0.9352135310748475,0.0647864689251525,snapshot_1078.xyz,32,4000,16.757672110741936,4000,all,1078
0.0945529,0.100597,0.0,0.9399176913824467,0.06008230861755326,snapshot_1079.xyz,32,4000,16.757672110741936,4000,all,1079
0.0943439,0.10032,0.0,0.9404296251993619,0.05957037480063809,snapshot_1080.xyz,32,4000,16.757672110741936,4000,all,1080
0.0937864,0.101082,0.0,0.927824934211828,0.07217506578817201,snapshot_1081.xyz,32,4000,16.757672110741936,4000,all,1081
0.0949011,0.100805,0.0,0.9414324686275483,0.05856753137245174,snapshot_1082.xyz,32,4000,16.757672110741936,4000,all,1082
0.0947619,0.100181,0.0,0.9459069084956229,0.05409309150437713,snapshot_1083.xyz,32,4000,16.757672110741936,4000,all,1083
0.0948315,0.0999039,0.0,0.9492272073462598,0.05077279265374024,snapshot_1084.xyz,32,4000,16.757672110741936,4000,all,1084
0.0948315,0.0999732,0.0,0.9485692165500355,0.051430783449964546,snapshot_1085.xyz,32,4000,16.757672110741936,4000,all,1085
0.0949011,0.100112,0.0,0.9479492967875979,0.05205070321240213,snapshot_1086.xyz,32,4000,16.757672110741936,4000,all,1086
0.0947619,0.100181,0.0,0.9459069084956229,0.05409309150437713,snapshot_1087.xyz,32,4000,16.757672110741936,4000,all,1087
0.0932286,0.101013,0.0,0.9229366517180956,0.07706334828190442,snapshot_1088.xyz,32,4000,16.757672110741936,4000,all,1088
0.0946226,0.10129,0.0,0.9341751406851614,0.06582485931483861,snapshot_1089.xyz,32,4000,16.757672110741936,4000,all,1089
0.0946226,0.10025,0.0,0.9438663341645885,0.05613366583541146,snapshot_1090.xyz,32,4000,16.757672110741936,4000,all,1090
0.0952493,0.100528,0.0,0.9474902514722265,0.05250974852777346,snapshot_1091.xyz,32,4000,16.757672110741936,4000,all,1091
0.0947619,0.100389,0.0,0.9439470459910946,0.05605295400890542,snapshot_1092.xyz,32,4000,16.757672110741936,4000,all,1092
0.0940652,0.100597,0.0,0.9350696342833285,0.06493036571667155,snapshot_1093.xyz,32,4000,16.757672110741936,4000,all,1093
0.0946922,0.100666,0.0,0.9406572228955159,0.0593427771044841,snapshot_1094.xyz,32,4000,16.757672110741936,4000,all,1094
0.0944136,0.100666,0.0,0.9378896548983767,0.06211034510162328,snapshot_1095.xyz,32,4000,16.757672110741936,4000,all,1095
0.0949708,0.100805,0.0,0.9421239025841971,0.05787609741580291,snapshot_1096.xyz,32,4000,16.757672110741936,4000,all,1096
0.0944833,0.100597,0.0,0.9392258218435937,0.06077417815640629,snapshot_1097.xyz,32,4000,16.757672110741936,4000,all,1097
0.0946226,0.101151,0.0,0.9354588684244347,0.06454113157556529,snapshot_1098.xyz,32,4000,16.757672110741936,4000,all,1098
0.0946226,0.100874,0.0,0.9380276384400341,0.06197236155996588,snapshot_1099.xyz,32,4000,16.757672110741936,4000,all,1099
0.0948315,0.100666,0.0,0.9420410068940853,0.05795899310591468,snapshot_1100.xyz,32,4000,16.757672110741936,4000,all,1100
0.0946922,0.100458,0.0,0.9426048696967887,0.057395130303211306,snapshot_1101.xyz,32,4000,16.757672110741936,4000,all,1101
0.0952493,0.100597,0.0,0.9468403630326947,0.0531596369673053,snapshot_1102.xyz,32,4000,16.757672110741936,4000,all,1102
0.0953189,0.10025,0.0,0.9508119700748129,0.049188029925187116,snapshot_1103.xyz,32,4000,16.757672110741936,4000,all,1103
0.0949708,0.100736,0.0,0.9427692185514611,0.05723078144853888,snapshot_1104.xyz,32,4000,16.757672110741936,4000,all,1104
0.0951797,0.0996265,0.0,0.9553652893557437,0.04463471064425628,snapshot_1105.xyz,32,4000,16.757672110741936,4000,all,1105
0.0952493,0.10025,0.0,0.9501177057356608,0.04988229426433921,snapshot_1106.xyz,32,4000,16.757672110741936,4000,all,1106
0.0944136,0.101013,0.0,0.9346678150337084,0.06533218496629156,snapshot_1107.xyz,32,4000,16.757672110741936,4000,all,1107
0.0944136,0.100528,0.0,0.9391771446761101,0.06082285532388987,snapshot_1108.xyz,32,4000,16.757672110741936,4000,all,1108
0.09511,0.100389,0.0,0.9474145573718236,0.05258544262817644,snapshot_1109.xyz,32,4000,16.757672110741936,4000,all,1109
0.0949708,0.100528,0.0,0.9447198790386757,0.055280120961324286,snapshot_1110.xyz,32,4000,16.757672110741936,4000,all,1110
0.0946922,0.0997652,0.0,0.9491506056220005,0.05084939437799951,snapshot_1111.xyz,32,4000,16.757672110741936,4000,all,1111
0.0946922,0.100736,0.0,0.9400035736975858,0.059996426302414196,snapshot_1112.xyz,32,4000,16.757672110741936,4000,all,1112
0.0954581,0.100389,0.0,0.9508820687525525,0.049117931247447455,snapshot_1113.xyz,32,4000,16.757672110741936,4000,all,1113
0.09511,0.100874,0.0,0.9428594087673731,0.057140591232626936,snapshot_1114.xyz,32,4000,16.757672110741936,4000,all,1114
0.0942046,0.100458,0.0,0.9377510999621732,0.06224890003782679,snapshot_1115.xyz,32,4000,16.757672110741936,4000,all,1115
0.0951797,0.100528,0.0,0.9467979070507719,0.053202092949228064,snapshot_1116.xyz,32,4000,16.757672110741936,4000,all,1116
0.0945529,0.100389,0.0,0.9418651445875543,0.058134855412445674,snapshot_1117.xyz,32,4000,16.757672110741936,4000,all,1117
0.0952493,0.100181,0.0,0.9507721024944848,0.04922789750551515,snapshot_1118.xyz,32,4000,16.757672110741936,4000,all,1118
0.0952493,0.100389,0.0,0.9488021595991591,0.051197840400840855,snapshot_1119.xyz,32,4000,16.757672110741936,4000,all,1119
0.0946922,0.10032,0.0,0.9439015151515151,0.0560984848484849,snapshot_1120.xyz,32,4000,16.757672110741936,4000,all,1120
0.0949708,0.100597,0.0,0.9440718908118532,0.055928109188146835,snapshot_1121.xyz,32,4000,16.757672110741936,4000,all,1121
0.0943439,0.100805,0.0,0.9359049650314963,0.06409503496850366,snapshot_1122.xyz,32,4000,16.757672110741936,4000,all,1122
0.0955973,0.100528,0.0,0.9509519735795001,0.04904802642049988,snapshot_1123.xyz,32,4000,16.757672110741936,4000,all,1123
0.0951797,0.100736,0.0,0.9448429558449809,0.0551570441550191,snapshot_1124.xyz,32,4000,16.757672110741936,4000,all,1124
0.0948315,0.100389,0.0,0.9446403490422257,0.05535965095777429,snapshot_1125.xyz,32,4000,16.757672110741936,4000,all,1125
0.0937167,0.100112,0.0,0.9361185472271056,0.06388145277289436,snapshot_1126.xyz,32,4000,16.757672110741936,4000,all,1126
0.0944136,0.100389,0.0,0.9404775423602187,0.05952245763978126,snapshot_1127.xyz,32,4000,16.757672110741936,4000,all,1127
0.0946922,0.100666,0.0,0.9406572228955159,0.0593427771044841,snapshot_1128.xyz,32,4000,16.757672110741936,4000,all,1128
0.0946922,0.100597,0.0,0.9413024245255822,0.058697575474417785,snapshot_1129.xyz,32,4000,16.757672110741936,4000,all,1129
0.0944136,0.10025,0.0,0.9417815461346632,0.05821845386533675,snapshot_1130.xyz,32,4000,16.757672110741936,4000,all,1130
0.0944136,0.100736,0.0,0.9372379288437103,0.06276207115628973,snapshot_1131.xyz,32,4000,16.757672110741936,4000,all,1131
0.0944833,0.100736,0.0,0.9379298364040661,0.06207016359593387,snapshot_1132.xyz,32,4000,16.757672110741936,4000,all,1132
0.0955277,0.0997652,0.0,0.9575252693323925,0.04247473066760754,snapshot_1133.xyz,32,4000,16.757672110741936,4000,all,1133
0.0948315,0.10032,0.0,0.9452900717703349,0.05470992822966514,snapshot_1134.xyz,32,4000,16.757672110741936,4000,all,1134
0.0950404,0.100874,0.0,0.9421694391022463,0.057830560897753736,snapshot_1135.xyz,32,4000,16.757672110741936,4000,all,1135
0.0949011,0.100389,0.0,0.9453336520933568,0.05466634790664315,snapshot_1136.xyz,32,4000,16.757672110741936,4000,all,1136
0.0948315,0.10032,0.0,0.9452900717703349,0.05470992822966514,snapshot_1137.xyz,32,4000,16.757672110741936,4000,all,1137
0.0948315,0.100389,0.0,0.9446403490422257,0.05535965095777429,snapshot_1138.xyz,32,4000,16.757672110741936,4000,all,1138
0.09511,0.100458,0.0,0.9467638216966294,0.053236178303370574,snapshot_1139.xyz,32,4000,16.757672110741936,4000,all,1139
0.0956669,0.100666,0.0,0.9503397373492539,0.04966026265074608,snapshot_1140.xyz,32,4000,16.757672110741936,4000,all,1140
0.0949011,0.10025,0.0,0.9466443890274314,0.05335561097256858,snapshot_1141.xyz,32,4000,16.757672110741936,4000,all,1141
0.0947619,0.100736,0.0,0.9406954812579414,0.059304518742058554,snapshot_1142.xyz,32,4000,16.757672110741936,4000,all,1142
0.0948315,0.100874,0.0,0.9400985387711401,0.059901461228859865,snapshot_1143.xyz,32,4000,16.757672110741936,4000,all,1143
0.0947619,0.100181,0.0,0.9459069084956229,0.05409309150437713,snapshot_1144.xyz,32,4000,16.757672110741936,4000,all,1144
0.0949011,0.10122,0.0,0.9375726141078838,0.06242738589211616,snapshot_1145.xyz,32,4000,16.757672110741936,4000,all,1145
0.0946922,0.100112,0.0,0.9458626338500878,0.05413736614991216,snapshot_1146.xyz,32,4000,16.757672110741936,4000,all,1146
0.0951797,0.101359,0.0,0.9390355074537041,0.06096449254629588,snapshot_1147.xyz,32,4000,16.757672110741936,4000,all,1147
0.0947619,0.100112,0.0,0.9465588540834264,0.05344114591657356,snapshot_1148.xyz,32,4000,16.757672110741936,4000,all,1148
0.0953885,0.100943,0.0,0.9449738961592186,0.05502610384078144,snapshot_1149.xyz,32,4000,16.757672110741936,4000,all,1149
0.0943439,0.100458,0.0,0.9391377491090803,0.06086225089091968,snapshot_1150.xyz,32,4000,16.757672110741936,4000,all,1150
0.0945529,0.100874,0.0,0.9373366774391815,0.06266332256081852,snapshot_1151.xyz,32,4000,16.757672110741936,4000,all,1151
0.0945529,0.10129,0.0,0.9334870174745779,0.06651298252542215,snapshot_1152.xyz,32,4000,16.757672110741936,4000,all,1152
0.0952493,0.101082,0.0,0.9422973427514294,0.0577026572485706,snapshot_1153.xyz,32,4000,16.757672110741936,4000,all,1153
0.0940652,0.100389,0.0,0.9370070426042694,0.06299295739573063,snapshot_1154.xyz,32,4000,16.757672110741936,4000,all,1154
0.0944833,0.0999039,0.0,0.9457418579254664,0.05425814207453361,snapshot_1155.xyz,32,4000,16.757672110741936,4000,all,1155
0.0945529,0.100666,0.0,0.9392734388969463,0.060726561103053744,snapshot_1156.xyz,32,4000,16.757672110741936,4000,all,1156
0.09511,0.100943,0.0,0.9422149133669496,0.057785086633050375,snapshot_1157.xyz,32,4000,16.757672110741936,4000,all,1157
0.0946922,0.100943,0.0,0.9380759438494992,0.061924056150500784,snapshot_1158.xyz,32,4000,16.757672110741936,4000,all,1158
0.0952493,0.101013,0.0,0.942941007593082,0.05705899240691803,snapshot_1159.xyz,32,4000,16.757672110741936,4000,all,1159
0.0953189,0.100805,0.0,0.945577104310302,0.05442289568969805,snapshot_1160.xyz,32,4000,16.757672110741936,4000,all,1160
0.0955277,0.100736,0.0,0.9482975301778906,0.051702469822109354,snapshot_1161.xyz,32,4000,16.757672110741936,4000,all,1161
0.0954581,0.0999732,0.0,0.9548368962882053,0.04516310371179466,snapshot_1162.xyz,32,4000,16.757672110741936,4000,all,1162
0.0949708,0.10032,0.0,0.9466786283891546,0.05332137161084538,snapshot_1163.xyz,32,4000,16.757672110741936,4000,all,1163
0.0942046,0.100389,0.0,0.9383956409566785,0.06160435904332151,snapshot_1164.xyz,32,4000,16.757672110741936,4000,all,1164
0.0947619,0.101359,0.0,0.934913525192632,0.06508647480736796,snapshot_1165.xyz,32,4000,16.757672110741936,4000,all,1165
0.0942742,0.100181,0.0,0.9410387199169503,0.05896128008304968,snapshot_1166.xyz,32,4000,16.757672110741936,4000,all,1166
0.0942742,0.100736,0.0,0.9358541137229986,0.06414588627700135,snapshot_1167.xyz,32,4000,16.757672110741936,4000,all,1167
0.0942742,0.101705,0.0,0.9269377120102257,0.07306228798977432,snapshot_1168.xyz,32,4000,16.757672110741936,4000,all,1168
0.0944136,0.100181,0.0,0.9424302013355825,0.05756979866441747,snapshot_1169.xyz,32,4000,16.757672110741936,4000,all,1169
0.0948315,0.0999039,0.0,0.9492272073462598,0.05077279265374024,snapshot_1170.xyz,32,4000,16.757672110741936,4000,all,1170
0.0949708,0.0999039,0.0,0.9506215473069619,0.04937845269303809,snapshot_1171.xyz,32,4000,16.757672110741936,4000,all,1171
0.0940652,0.100666,0.0,0.9344287048258597,0.06557129517414029,snapshot_1172.xyz,32,4000,16.757672110741936,4000,all,1172
0.0942742,0.100597,0.0,0.9371472310307464,0.06285276896925363,snapshot_1173.xyz,32,4000,16.757672110741936,4000,all,1173
0.0945529,0.101013,0.0,0.9360468454555353,0.06395315454446471,snapshot_1174.xyz,32,4000,16.757672110741936,4000,all,1174
0.0935773,0.100528,0.0,0.9308580693936017,0.06914193060639828,snapshot_1175.xyz,32,4000,16.757672110741936,4000,all,1175
0.0950404,0.100528,0.0,0.9454122234601304,0.05458777653986957,snapshot_1176.xyz,32,4000,16.757672110741936,4000,all,1176
0.0943439,0.100943,0.0,0.9346254817074982,0.06537451829250185,snapshot_1177.xyz,32,4000,16.757672110741936,4000,all,1177
0.0949011,0.0998345,0.0,0.9505842168789346,0.049415783121065426,snapshot_1178.xyz,32,4000,16.757672110741936,4000,all,1178
0.0942046,0.100528,0.0,0.937098121916282,0.06290187808371805,snapshot_1179.xyz,32,4000,16.757672110741936,4000,all,1179
0.0955277,0.10129,0.0,0.9431108697798399,0.05688913022016007,snapshot_1180.xyz,32,4000,16.757672110741936,4000,all,1180
0.0954581,0.100874,0.0,0.9463102484287329,0.0536897515712671,snapshot_1181.xyz,32,4000,16.757672110741936,4000,all,1181
0.0945529,0.100666,0.0,0.9392734388969463,0.060726561103053744,snapshot_1182.xyz,32,4000,16.757672110741936,4000,all,1182
0.0946922,0.100181,0.0,0.9452111677863068,0.05478883221369324,snapshot_1183.xyz,32,4000,16.757672110741936,4000,all,1183
0.0944136,0.10025,0.0,0.9417815461346632,0.05821845386533675,snapshot_1184.xyz,32,4000,16.757672110741936,4000,all,1184
0.0944833,0.101082,0.0,0.9347193367760828,0.06528066322391723,snapshot_1185.xyz,32,4000,16.757672110741936,4000,all,1185
0.0949708,0.100736,0.0,0.9427692185514611,0.05723078144853888,snapshot_1186.xyz,32,4000,16.757672110741936,4000,all,1186
0.0944136,0.100112,0.0,0.9430797506792392,0.056920249320760785,snapshot_1187.xyz,32,4000,16.757672110741936,4000,all,1187
0.0958061,0.100112,0.0,0.9569891721272175,0.04301082787278254,snapshot_1188.xyz,32,4000,16.757672110741936,4000,all,1188
0.0946922,0.101013,0.0,0.9374258758773623,0.06257412412263774,snapshot_1189.xyz,32,4000,16.757672110741936,4000,all,1189
0.0946226,0.100943,0.0,0.9373864458159555,0.06261355418404446,snapshot_1190.xyz,32,4000,16.757672110741936,4000,all,1190
0.0952493,0.100666,0.0,0.9461913655057317,0.053808634494268315,snapshot_1191.xyz,32,4000,16.757672110741936,4000,all,1191
0.09511,0.100736,0.0,0.9441510482846251,0.05584895171537485,snapshot_1192.xyz,32,4000,16.757672110741936,4000,all,1192
0.0953189,0.0999732,0.0,0.9534445231321994,0.046555476867800594,snapshot_1193.xyz,32,4000,16.757672110741936,4000,all,1193
0.0944136,0.100666,0.0,0.9378896548983767,0.06211034510162328,snapshot_1194.xyz,32,4000,16.757672110741936,4000,all,1194
0.0948315,0.100943,0.0,0.9394559305746807,0.06054406942531931,snapshot_1195.xyz,32,4000,16.757672110741936,4000,all,1195
0.0939955,0.100458,0.0,0.9356696330804912,0.06433036691950877,snapshot_1196.xyz,32,4000,16.757672110741936,4000,all,1196
0.0942742,0.100666,0.0,0.9365048775157451,0.06349512248425493,snapshot_1197.xyz,32,4000,16.757672110741936,4000,all,1197
0.0944136,0.100736,0.0,0.9372379288437103,0.06276207115628973,snapshot_1198.xyz,32,4000,16.757672110741936,4000,all,1198
0.0935773,0.101567,0.0,0.9213356700503116,0.07866432994968842,snapshot_1199.xyz,32,4000,16.757672110741936,4000,all,1199
0.0944136,0.100666,0.0,0.9378896548983767,0.06211034510162328,snapshot_1200.xyz,32,4000,16.757672110741936,4000,all,1200
0.0958061,0.100528,0.0,0.9530290068438644,0.04697099315613562,snapshot_1201.xyz,32,4000,16.757672110741936,4000,all,1201
