cid,cid_shuffled,cid_shuffled_std,cid_normalized,compression_gain,snapshot,nbins,n_particles_total,box_length,n_particles_filtered,atom_types,snapshot_num
0.0680875,0.0963626,0.0,0.7065759952512696,0.2934240047487304,snapshot_1.xyz,32,4000,16.757672110741936,4000,all,1
0.0666541,0.0958061,0.0,0.6957187485974274,0.30428125140257256,snapshot_2.xyz,32,4000,16.757672110741936,4000,all,2
0.0662954,0.0940652,0.0,0.7047813644153205,0.29521863558467953,snapshot_3.xyz,32,4000,16.757672110741936,4000,all,3
0.0657929,0.0939955,0.0,0.6999579767116512,0.30004202328834884,snapshot_4.xyz,32,4000,16.757672110741936,4000,all,4
0.0674428,0.0948315,0.0,0.7111856292476656,0.2888143707523344,snapshot_5.xyz,32,4000,16.757672110741936,4000,all,5
0.0670844,0.0940652,0.0,0.7131691635163695,0.2868308364836305,snapshot_6.xyz,32,4000,16.757672110741936,4000,all,6
0.0670844,0.0944136,0.0,0.7105374649414915,0.2894625350585085,snapshot_7.xyz,32,4000,16.757672110741936,4000,all,7
0.0658647,0.0959452,0.0,0.6864824920892343,0.3135175079107657,snapshot_8.xyz,32,4000,16.757672110741936,4000,all,8
0.0672994,0.0950404,0.0,0.7081136022154788,0.2918863977845212,snapshot_9.xyz,32,4000,16.757672110741936,4000,all,9
0.0676577,0.09511,0.0,0.7113626327410367,0.2886373672589633,snapshot_10.xyz,32,4000,16.757672110741936,4000,all,10
0.0655774,0.0948315,0.0,0.6915149502011462,0.3084850497988538,snapshot_11.xyz,32,4000,16.757672110741936,4000,all,11
0.066941,0.0949708,0.0,0.704858756586235,0.295141243413765,snapshot_12.xyz,32,4000,16.757672110741936,4000,all,12
0.0686601,0.0958061,0.0,0.7166568725790946,0.2833431274209054,snapshot_13.xyz,32,4000,16.757672110741936,4000,all,13
0.0682307,0.0954581,0.0,0.7147711928060584,0.2852288071939416,snapshot_14.xyz,32,4000,16.757672110741936,4000,all,14
0.0690894,0.0943439,0.0,0.7323144368634326,0.26768556313656744,snapshot_15.xyz,32,4000,16.757672110741936,4000,all,15
0.068517,0.0944136,0.0,0.725711126363151,0.27428887363684895,snapshot_16.xyz,32,4000,16.757672110741936,4000,all,16
0.0684454,0.0942046,0.0,0.7265611233421723,0.27343887665782773,snapshot_17.xyz,32,4000,16.757672110741936,4000,all,17
0.0667976,0.0942046,0.0,0.7090694085002218,0.2909305914997782,snapshot_18.xyz,32,4000,16.757672110741936,4000,all,18
0.0683023,0.0935076,0.0,0.7304465091607527,0.2695534908392473,snapshot_19.xyz,32,4000,16.757672110741936,4000,all,19
0.0680159,0.0938561,0.0,0.7246827856686993,0.27531721433130074,snapshot_20.xyz,32,4000,16.757672110741936,4000,all,20
0.066941,0.0932984,0.0,0.7174935475849532,0.2825064524150468,snapshot_21.xyz,32,4000,16.757672110741936,4000,all,21
0.0692324,0.0934378,0.0,0.7409463835835176,0.2590536164164824,snapshot_22.xyz,32,4000,16.757672110741936,4000,all,22
0.0677294,0.0942742,0.0,0.71842985673705,0.28157014326295005,snapshot_23.xyz,32,4000,16.757672110741936,4000,all,23
0.0675861,0.09511,0.0,0.71060982020818,0.28939017979182,snapshot_24.xyz,32,4000,16.757672110741936,4000,all,24
0.0684454,0.0955277,0.0,0.716497937247521,0.283502062752479,snapshot_25.xyz,32,4000,16.757672110741936,4000,all,25
0.0676577,0.0949708,0.0,0.7124052866775894,0.2875947133224106,snapshot_26.xyz,32,4000,16.757672110741936,4000,all,26
0.0680159,0.0933681,0.0,0.7284704304789323,0.27152956952106766,snapshot_27.xyz,32,4000,16.757672110741936,4000,all,27
0.0676577,0.0939955,0.0,0.7197972243352075,0.28020277566479246,snapshot_28.xyz,32,4000,16.757672110741936,4000,all,28
0.0683739,0.0938561,0.0,0.7284971355085073,0.27150286449149275,snapshot_29.xyz,32,4000,16.757672110741936,4000,all,29
0.067801,0.0944833,0.0,0.7175977130350019,0.28240228696499814,snapshot_30.xyz,32,4000,16.757672110741936,4000,all,30
0.0698042,0.0939955,0.0,0.7426334239405078,0.2573665760594922,snapshot_31.xyz,32,4000,16.757672110741936,4000,all,31
0.066941,0.0940652,0.0,0.7116446890029469,0.28835531099705314,snapshot_32.xyz,32,4000,16.757672110741936,4000,all,32
0.0641395,0.0943439,0.0,0.679847875697316,0.320152124302684,snapshot_33.xyz,32,4000,16.757672110741936,4000,all,33
0.0665106,0.0944136,0.0,0.7044599506850708,0.29554004931492917,snapshot_34.xyz,32,4000,16.757672110741936,4000,all,34
0.0650744,0.0939955,0.0,0.6923139937550202,0.30768600624497977,snapshot_35.xyz,32,4000,16.757672110741936,4000,all,35
0.0657929,0.0953189,0.0,0.690239816028091,0.30976018397190896,snapshot_36.xyz,32,4000,16.757672110741936,4000,all,36
0.067801,0.0940652,0.0,0.7207872837138495,0.2792127162861505,snapshot_37.xyz,32,4000,16.757672110741936,4000,all,37
0.0682307,0.0942742,0.0,0.7237473242944518,0.27625267570554823,snapshot_38.xyz,32,4000,16.757672110741936,4000,all,38
0.0684454,0.0941349,0.0,0.7270990886483123,0.2729009113516877,snapshot_39.xyz,32,4000,16.757672110741936,4000,all,39
0.0675144,0.0937167,0.0,0.7204094894506529,0.27959051054934714,snapshot_40.xyz,32,4000,16.757672110741936,4000,all,40
0.0664389,0.0943439,0.0,0.7042204106465813,0.29577958935341875,snapshot_41.xyz,32,4000,16.757672110741936,4000,all,41
0.067801,0.0950404,0.0,0.7133913577804808,0.2866086422195192,snapshot_42.xyz,32,4000,16.757672110741936,4000,all,42
0.06529,0.0949708,0.0,0.6874744658358148,0.31252553416418516,snapshot_43.xyz,32,4000,16.757672110741936,4000,all,43
0.06529,0.0946226,0.0,0.6900042907296988,0.3099957092703012,snapshot_44.xyz,32,4000,16.757672110741936,4000,all,44
0.0688032,0.0937864,0.0,0.733615961376063,0.266384038623937,snapshot_45.xyz,32,4000,16.757672110741936,4000,all,45
0.0675861,0.0927403,0.0,0.7287673212184994,0.2712326787815006,snapshot_46.xyz,32,4000,16.757672110741936,4000,all,46
0.0664389,0.0939955,0.0,0.7068306461479539,0.2931693538520461,snapshot_47.xyz,32,4000,16.757672110741936,4000,all,47
0.0675144,0.0940652,0.0,0.7177404608718209,0.28225953912817914,snapshot_48.xyz,32,4000,16.757672110741936,4000,all,48
0.0693039,0.0953189,0.0,0.7270740640103904,0.27292593598960957,snapshot_49.xyz,32,4000,16.757672110741936,4000,all,49
0.0667976,0.093647,0.0,0.7132914028212329,0.28670859717876707,snapshot_50.xyz,32,4000,16.757672110741936,4000,all,50
0.0689463,0.0926705,0.0,0.7439940434118733,0.25600595658812675,snapshot_51.xyz,32,4000,16.757672110741936,4000,all,51
0.0680159,0.0935773,0.0,0.7268418729756042,0.2731581270243958,snapshot_52.xyz,32,4000,16.757672110741936,4000,all,52
0.0665106,0.0931589,0.0,0.7139478890369036,0.28605211096309635,snapshot_53.xyz,32,4000,16.757672110741936,4000,all,53
0.0674428,0.0944136,0.0,0.7143335282205105,0.28566647177948945,snapshot_54.xyz,32,4000,16.757672110741936,4000,all,54
0.0701615,0.0962235,0.0,0.7291514027238668,0.2708485972761332,snapshot_55.xyz,32,4000,16.757672110741936,4000,all,55
0.0672994,0.093647,0.0,0.718649823272502,0.28135017672749796,snapshot_56.xyz,32,4000,16.757672110741936,4000,all,56
0.0661518,0.09511,0.0,0.6955293870255493,0.30447061297445066,snapshot_57.xyz,32,4000,16.757672110741936,4000,all,57
0.0647869,0.09511,0.0,0.6811786352644306,0.31882136473556943,snapshot_58.xyz,32,4000,16.757672110741936,4000,all,58
0.0667976,0.0947619,0.0,0.7048993319044891,0.29510066809551094,snapshot_59.xyz,32,4000,16.757672110741936,4000,all,59
0.0660083,0.0942742,0.0,0.7001735363439838,0.2998264636560162,snapshot_60.xyz,32,4000,16.757672110741936,4000,all,60
0.0666541,0.0953189,0.0,0.6992747503380756,0.3007252496619244,snapshot_61.xyz,32,4000,16.757672110741936,4000,all,61
0.067801,0.0950404,0.0,0.7133913577804808,0.2866086422195192,snapshot_62.xyz,32,4000,16.757672110741936,4000,all,62
0.0667976,0.0944833,0.0,0.7069778468787605,0.29302215312123947,snapshot_63.xyz,32,4000,16.757672110741936,4000,all,63
0.0683739,0.0942046,0.0,0.7258021370506323,0.27419786294936765,snapshot_64.xyz,32,4000,16.757672110741936,4000,all,64
0.0676577,0.0946226,0.0,0.7150268540496668,0.2849731459503332,snapshot_65.xyz,32,4000,16.757672110741936,4000,all,65
0.0678726,0.0941349,0.0,0.721014204083714,0.27898579591628603,snapshot_66.xyz,32,4000,16.757672110741936,4000,all,66
0.0692324,0.0960843,0.0,0.7205381108047829,0.2794618891952171,snapshot_67.xyz,32,4000,16.757672110741936,4000,all,67
0.0693039,0.0953885,0.0,0.7265435560890464,0.2734564439109536,snapshot_68.xyz,32,4000,16.757672110741936,4000,all,68
0.068517,0.0961539,0.0,0.7125764009572154,0.2874235990427846,snapshot_69.xyz,32,4000,16.757672110741936,4000,all,69
0.0685886,0.0957365,0.0,0.7164310372741849,0.2835689627258151,snapshot_70.xyz,32,4000,16.757672110741936,4000,all,70
0.0688748,0.0964321,0.0,0.7142310496193695,0.28576895038063055,snapshot_71.xyz,32,4000,16.757672110741936,4000,all,71
0.0672994,0.0945529,0.0,0.7117645254666964,0.28823547453330356,snapshot_72.xyz,32,4000,16.757672110741936,4000,all,72
0.0694469,0.0942046,0.0,0.7371922390201753,0.2628077609798247,snapshot_73.xyz,32,4000,16.757672110741936,4000,all,73
0.0665824,0.09511,0.0,0.7000567763642098,0.2999432236357902,snapshot_74.xyz,32,4000,16.757672110741936,4000,all,74
0.067801,0.0950404,0.0,0.7133913577804808,0.2866086422195192,snapshot_75.xyz,32,4000,16.757672110741936,4000,all,75
0.0667976,0.09511,0.0,0.702319419619388,0.29768058038061196,snapshot_76.xyz,32,4000,16.757672110741936,4000,all,76
0.0672278,0.0957365,0.0,0.7022170227656119,0.29778297723438807,snapshot_77.xyz,32,4000,16.757672110741936,4000,all,77
0.0649307,0.0958756,0.0,0.6772390472654146,0.3227609527345854,snapshot_78.xyz,32,4000,16.757672110741936,4000,all,78
0.0667976,0.09511,0.0,0.702319419619388,0.29768058038061196,snapshot_79.xyz,32,4000,16.757672110741936,4000,all,79
0.0662236,0.0943439,0.0,0.7019383341159312,0.2980616658840688,snapshot_80.xyz,32,4000,16.757672110741936,4000,all,80
0.0665106,0.0948315,0.0,0.7013555622340678,0.2986444377659322,snapshot_81.xyz,32,4000,16.757672110741936,4000,all,81
0.0695184,0.0952493,0.0,0.7298573322848566,0.2701426677151434,snapshot_82.xyz,32,4000,16.757672110741936,4000,all,82
0.0684454,0.0944136,0.0,0.7249527610429006,0.27504723895709937,snapshot_83.xyz,32,4000,16.757672110741936,4000,all,83
0.0668693,0.0944136,0.0,0.708259191472415,0.291740808527585,snapshot_84.xyz,32,4000,16.757672110741936,4000,all,84
0.0675144,0.0940652,0.0,0.7177404608718209,0.28225953912817914,snapshot_85.xyz,32,4000,16.757672110741936,4000,all,85
0.067801,0.0941349,0.0,0.7202535935131392,0.2797464064868608,snapshot_86.xyz,32,4000,16.757672110741936,4000,all,86
0.0694469,0.0946226,0.0,0.7339356559637973,0.2660643440362027,snapshot_87.xyz,32,4000,16.757672110741936,4000,all,87
0.0670127,0.0951797,0.0,0.7040650474838647,0.29593495251613533,snapshot_88.xyz,32,4000,16.757672110741936,4000,all,88
0.0698757,0.0949708,0.0,0.7357598335488382,0.2642401664511618,snapshot_89.xyz,32,4000,16.757672110741936,4000,all,89
0.0697328,0.096293,0.0,0.7241730966944637,0.2758269033055363,snapshot_90.xyz,32,4000,16.757672110741936,4000,all,90
0.0686601,0.0962235,0.0,0.7135481457232381,0.2864518542767619,snapshot_91.xyz,32,4000,16.757672110741936,4000,all,91
0.06608,0.09511,0.0,0.6947744716643885,0.30522552833561145,snapshot_92.xyz,32,4000,16.757672110741936,4000,all,92
0.068517,0.0950404,0.0,0.7209249961069187,0.27907500389308126,snapshot_93.xyz,32,4000,16.757672110741936,4000,all,93
0.0666541,0.0940652,0.0,0.7085946768836934,0.2914053231163066,snapshot_94.xyz,32,4000,16.757672110741936,4000,all,94
0.0667976,0.0945529,0.0,0.7064574433994092,0.2935425566005908,snapshot_95.xyz,32,4000,16.757672110741936,4000,all,95
0.0670844,0.0945529,0.0,0.7094906660715854,0.2905093339284146,snapshot_96.xyz,32,4000,16.757672110741936,4000,all,96
0.06608,0.0942046,0.0,0.7014519460833123,0.2985480539166877,snapshot_97.xyz,32,4000,16.757672110741936,4000,all,97
0.0662236,0.0952493,0.0,0.69526600195487,0.30473399804513,snapshot_98.xyz,32,4000,16.757672110741936,4000,all,98
0.0674428,0.0947619,0.0,0.7117079754627124,0.28829202453728764,snapshot_99.xyz,32,4000,16.757672110741936,4000,all,99
0.0688032,0.0952493,0.0,0.7223486156853646,0.27765138431463543,snapshot_100.xyz,32,4000,16.757672110741936,4000,all,100
0.0675144,0.0937864,0.0,0.7198740968839832,0.2801259031160168,snapshot_101.xyz,32,4000,16.757672110741936,4000,all,101
0.0703757,0.0959452,0.0,0.7334989139633875,0.2665010860366125,snapshot_102.xyz,32,4000,16.757672110741936,4000,all,102
0.0700186,0.0953885,0.0,0.7340360735308764,0.2659639264691236,snapshot_103.xyz,32,4000,16.757672110741936,4000,all,103
0.0720878,0.0945529,0.0,0.762407075827394,0.23759292417260602,snapshot_104.xyz,32,4000,16.757672110741936,4000,all,104
0.0717314,0.0958756,0.0,0.7481715890174351,0.2518284109825649,snapshot_105.xyz,32,4000,16.757672110741936,4000,all,105
0.0707327,0.0944136,0.0,0.7491791436826898,0.2508208563173102,snapshot_106.xyz,32,4000,16.757672110741936,4000,all,106
0.0725153,0.0958061,0.0,0.7568964815392757,0.2431035184607243,snapshot_107.xyz,32,4000,16.757672110741936,4000,all,107
0.0723729,0.0962235,0.0,0.7521333146268843,0.24786668537311574,snapshot_108.xyz,32,4000,16.757672110741936,4000,all,108
0.0731562,0.0960148,0.0,0.7619262863641856,0.23807371363581442,snapshot_109.xyz,32,4000,16.757672110741936,4000,all,109
0.0740099,0.0966407,0.0,0.7658253717119186,0.23417462828808144,snapshot_110.xyz,32,4000,16.757672110741936,4000,all,110
0.074081,0.0965712,0.0,0.7671127623970707,0.2328872376029293,snapshot_111.xyz,32,4000,16.757672110741936,4000,all,111
0.0723016,0.0963626,0.0,0.7503076919883854,0.24969230801161457,snapshot_112.xyz,32,4000,16.757672110741936,4000,all,112
0.075431,0.0967102,0.0,0.7799694344546905,0.22003056554530953,snapshot_113.xyz,32,4000,16.757672110741936,4000,all,113
0.0763535,0.0971968,0.0,0.7855556973069072,0.21444430269309278,snapshot_114.xyz,32,4000,16.757672110741936,4000,all,114
0.0766372,0.0987246,0.0,0.7762725804915898,0.22372741950841024,snapshot_115.xyz,32,4000,16.757672110741936,4000,all,115
0.0803876,0.0983776,0.0,0.8171331685261687,0.18286683147383131,snapshot_116.xyz,32,4000,16.757672110741936,4000,all,116
0.082997,0.098447,0.0,0.8430627647363556,0.15693723526364445,snapshot_117.xyz,32,4000,16.757672110741936,4000,all,117
0.0852483,0.0989328,0.0,0.8616788365435932,0.13832116345640677,snapshot_118.xyz,32,4000,16.757672110741936,4000,all,118
0.0865826,0.098447,0.0,0.8794843926173473,0.12051560738265266,snapshot_119.xyz,32,4000,16.757672110741936,4000,all,119
0.0879152,0.0978221,0.0,0.8987253391616006,0.10127466083839942,snapshot_120.xyz,32,4000,16.757672110741936,4000,all,120
0.089246,0.0978221,0.0,0.9123296269452404,0.08767037305475955,snapshot_121.xyz,32,4000,16.757672110741936,4000,all,121
0.0901556,0.097961,0.0,0.9203213523749246,0.07967864762507537,snapshot_122.xyz,32,4000,16.757672110741936,4000,all,122
0.0896659,0.0978915,0.0,0.9159722754273865,0.08402772457261354,snapshot_123.xyz,32,4000,16.757672110741936,4000,all,123
0.0902955,0.0983776,0.0,0.9178461357056892,0.08215386429431082,snapshot_124.xyz,32,4000,16.757672110741936,4000,all,124
0.089106,0.0985858,0.0,0.9038421354799576,0.09615786452004238,snapshot_125.xyz,32,4000,16.757672110741936,4000,all,125
0.0897359,0.097961,0.0,0.9160369943140636,0.0839630056859364,snapshot_126.xyz,32,4000,16.757672110741936,4000,all,126
0.0900857,0.0987246,0.0,0.9124949607291395,0.08750503927086051,snapshot_127.xyz,32,4000,16.757672110741936,4000,all,127
0.089106,0.0982387,0.0,0.9070356183459268,0.09296438165407317,snapshot_128.xyz,32,4000,16.757672110741936,4000,all,128
0.089386,0.0978221,0.0,0.9137607963844571,0.08623920361554294,snapshot_129.xyz,32,4000,16.757672110741936,4000,all,129
0.088896,0.0978221,0.0,0.9087517033471987,0.09124829665280132,snapshot_130.xyz,32,4000,16.757672110741936,4000,all,130
0.089246,0.0980999,0.0,0.9097460853680789,0.09025391463192112,snapshot_131.xyz,32,4000,16.757672110741936,4000,all,131
0.089176,0.0975442,0.0,0.9142111986156021,0.08578880138439793,snapshot_132.xyz,32,4000,16.757672110741936,4000,all,132
0.0879852,0.0985858,0.0,0.8924733582321186,0.1075266417678814,snapshot_133.xyz,32,4000,16.757672110741936,4000,all,133
0.0888259,0.0987246,0.0,0.8997342101158171,0.10026578988418289,snapshot_134.xyz,32,4000,16.757672110741936,4000,all,134
0.0896659,0.0986552,0.0,0.9088816402987375,0.09111835970126247,snapshot_135.xyz,32,4000,16.757672110741936,4000,all,135
0.089176,0.0988634,0.0,0.9020122714776145,0.09798772852238546,snapshot_136.xyz,32,4000,16.757672110741936,4000,all,136
0.0876348,0.0980304,0.0,0.8939553444645743,0.10604465553542575,snapshot_137.xyz,32,4000,16.757672110741936,4000,all,137
0.0885458,0.0986552,0.0,0.8975279559516376,0.10247204404836241,snapshot_138.xyz,32,4000,16.757672110741936,4000,all,138
0.0871439,0.0985858,0.0,0.8839396748821838,0.11606032511781617,snapshot_139.xyz,32,4000,16.757672110741936,4000,all,139
0.0881955,0.0980304,0.0,0.8996749987758899,0.10032500122411014,snapshot_140.xyz,32,4000,16.757672110741936,4000,all,140
0.0883356,0.0989328,0.0,0.8928848673038668,0.10711513269613315,snapshot_141.xyz,32,4000,16.757672110741936,4000,all,141
0.0878451,0.098794,0.0,0.8891744437921331,0.11082555620786694,snapshot_142.xyz,32,4000,16.757672110741936,4000,all,142
0.0879152,0.0990022,0.0,0.8880125896192206,0.11198741038077942,snapshot_143.xyz,32,4000,16.757672110741936,4000,all,143
0.0872842,0.0983776,0.0,0.8872365253878933,0.11276347461210667,snapshot_144.xyz,32,4000,16.757672110741936,4000,all,144
0.0867229,0.098447,0.0,0.8809095249220392,0.11909047507796078,snapshot_145.xyz,32,4000,16.757672110741936,4000,all,145
0.0871439,0.0986552,0.0,0.883317858561941,0.116682141438059,snapshot_146.xyz,32,4000,16.757672110741936,4000,all,146
0.0871439,0.098447,0.0,0.8851859376111003,0.11481406238889968,snapshot_147.xyz,32,4000,16.757672110741936,4000,all,147
0.0874945,0.0985858,0.0,0.8874959679791613,0.1125040320208387,snapshot_148.xyz,32,4000,16.757672110741936,4000,all,148
0.0873543,0.099141,0.0,0.8811117499319151,0.1188882500680849,snapshot_149.xyz,32,4000,16.757672110741936,4000,all,149
0.0872842,0.0985164,0.0,0.8859864956494553,0.11401350435054469,snapshot_150.xyz,32,4000,16.757672110741936,4000,all,150
0.0865826,0.0985858,0.0,0.8782461571544786,0.12175384284552138,snapshot_151.xyz,32,4000,16.757672110741936,4000,all,151
0.0860912,0.0977526,0.0,0.8807049633462436,0.1192950366537564,snapshot_152.xyz,32,4000,16.757672110741936,4000,all,152
0.0872842,0.098447,0.0,0.8866110699157923,0.1133889300842077,snapshot_153.xyz,32,4000,16.757672110741936,4000,all,153
0.0868633,0.0983082,0.0,0.8835814306436289,0.11641856935637107,snapshot_154.xyz,32,4000,16.757672110741936,4000,all,154
0.0865124,0.0985164,0.0,0.8781522670337122,0.12184773296628781,snapshot_155.xyz,32,4000,16.757672110741936,4000,all,155
0.0867931,0.0992103,0.0,0.8748396083874356,0.12516039161256443,snapshot_156.xyz,32,4000,16.757672110741936,4000,all,156
0.0865826,0.0988634,0.0,0.8757801168076355,0.12421988319236454,snapshot_157.xyz,32,4000,16.757672110741936,4000,all,157
0.0861614,0.098794,0.0,0.872131910844788,0.12786808915521197,snapshot_158.xyz,32,4000,16.757672110741936,4000,all,158
0.0865124,0.0992797,0.0,0.8714006992366012,0.12859930076339876,snapshot_159.xyz,32,4000,16.757672110741936,4000,all,159
0.0858103,0.0987246,0.0,0.8691886318101062,0.1308113681898938,snapshot_160.xyz,32,4000,16.757672110741936,4000,all,160
0.0865124,0.098447,0.0,0.8787713185775087,0.12122868142249132,snapshot_161.xyz,32,4000,16.757672110741936,4000,all,161
0.0871439,0.099141,0.0,0.8789895199765989,0.12101048002340109,snapshot_162.xyz,32,4000,16.757672110741936,4000,all,162
0.0858805,0.0981693,0.0,0.8748203358891221,0.1251796641108779,snapshot_163.xyz,32,4000,16.757672110741936,4000,all,163
0.0858805,0.0983776,0.0,0.8729680333734509,0.12703196662654914,snapshot_164.xyz,32,4000,16.757672110741936,4000,all,164
0.0863018,0.0982387,0.0,0.8784908595085236,0.12150914049147643,snapshot_165.xyz,32,4000,16.757672110741936,4000,all,165
0.0853888,0.0990022,0.0,0.8624939647805806,0.1375060352194194,snapshot_166.xyz,32,4000,16.757672110741936,4000,all,166
0.0863018,0.098447,0.0,0.8766320964579926,0.12336790354200744,snapshot_167.xyz,32,4000,16.757672110741936,4000,all,167
0.0860912,0.0985858,0.0,0.8732616664874658,0.12673833351253416,snapshot_168.xyz,32,4000,16.757672110741936,4000,all,168
0.0860912,0.0990716,0.0,0.8689796066683086,0.13102039333169135,snapshot_169.xyz,32,4000,16.757672110741936,4000,all,169
0.0863018,0.0994878,0.0,0.8674611359382758,0.13253886406172422,snapshot_170.xyz,32,4000,16.757672110741936,4000,all,170
0.0858103,0.0987246,0.0,0.8691886318101062,0.1308113681898938,snapshot_171.xyz,32,4000,16.757672110741936,4000,all,171
0.0860912,0.099141,0.0,0.8683713095490262,0.1316286904509738,snapshot_172.xyz,32,4000,16.757672110741936,4000,all,172
0.0845453,0.0989328,0.0,0.8545730030889654,0.14542699691103456,snapshot_173.xyz,32,4000,16.757672110741936,4000,all,173
0.0851077,0.0987246,0.0,0.8620718645606059,0.13792813543939408,snapshot_174.xyz,32,4000,16.757672110741936,4000,all,174
0.0832083,0.0988634,0.0,0.8416491846325334,0.15835081536746665,snapshot_175.xyz,32,4000,16.757672110741936,4000,all,175
0.0843343,0.0994184,0.0,0.8482765765693272,0.1517234234306728,snapshot_176.xyz,32,4000,16.757672110741936,4000,all,176
0.084475,0.0994184,0.0,0.8496918075527266,0.15030819244727345,snapshot_177.xyz,32,4000,16.757672110741936,4000,all,177
0.0841233,0.0987246,0.0,0.8521006922286847,0.14789930777131532,snapshot_178.xyz,32,4000,16.757672110741936,4000,all,178
0.0851077,0.0995572,0.0,0.8548623303990067,0.14513766960099328,snapshot_179.xyz,32,4000,16.757672110741936,4000,all,179
0.0852483,0.0985858,0.0,0.8647117536196897,0.13528824638031034,snapshot_180.xyz,32,4000,16.757672110741936,4000,all,180
0.0851077,0.099141,0.0,0.8584510949052359,0.14154890509476414,snapshot_181.xyz,32,4000,16.757672110741936,4000,all,181
0.0837011,0.0996265,0.0,0.8401489563519746,0.15985104364802538,snapshot_182.xyz,32,4000,16.757672110741936,4000,all,182
0.0841233,0.098794,0.0,0.8515021155130877,0.14849788448691226,snapshot_183.xyz,32,4000,16.757672110741936,4000,all,183
0.0839826,0.0990022,0.0,0.8482902400148684,0.1517097599851316,snapshot_184.xyz,32,4000,16.757672110741936,4000,all,184
0.0839826,0.0989328,0.0,0.8488853039639028,0.15111469603609717,snapshot_185.xyz,32,4000,16.757672110741936,4000,all,185
0.0832787,0.0990022,0.0,0.8411802970035009,0.15881970299649906,snapshot_186.xyz,32,4000,16.757672110741936,4000,all,186
0.0839826,0.0990022,0.0,0.8482902400148684,0.1517097599851316,snapshot_187.xyz,32,4000,16.757672110741936,4000,all,187
0.0833491,0.0989328,0.0,0.8424819675577765,0.1575180324422235,snapshot_188.xyz,32,4000,16.757672110741936,4000,all,188
0.0838418,0.0992797,0.0,0.8445009402727848,0.15549905972721523,snapshot_189.xyz,32,4000,16.757672110741936,4000,all,189
0.0833491,0.0992103,0.0,0.8401254708432491,0.15987452915675093,snapshot_190.xyz,32,4000,16.757672110741936,4000,all,190
0.0834195,0.0992797,0.0,0.8402473013113456,0.15975269868865438,snapshot_191.xyz,32,4000,16.757672110741936,4000,all,191
0.0850374,0.0992797,0.0,0.8565436841569828,0.1434563158430172,snapshot_192.xyz,32,4000,16.757672110741936,4000,all,192
0.0832787,0.0995572,0.0,0.8364909820685997,0.16350901793140027,snapshot_193.xyz,32,4000,16.757672110741936,4000,all,193
0.0840529,0.0987246,0.0,0.8513875974174624,0.1486124025825376,snapshot_194.xyz,32,4000,16.757672110741936,4000,all,194
0.0844047,0.0995572,0.0,0.8478010631074397,0.15219893689256025,snapshot_195.xyz,32,4000,16.757672110741936,4000,all,195
0.0834195,0.0999732,0.0,0.8344186241912832,0.1655813758087168,snapshot_196.xyz,32,4000,16.757672110741936,4000,all,196
0.0840529,0.0992797,0.0,0.8466272561258746,0.15337274387412536,snapshot_197.xyz,32,4000,16.757672110741936,4000,all,197
0.0833491,0.0987246,0.0,0.8442586751427709,0.15574132485722914,snapshot_198.xyz,32,4000,16.757672110741936,4000,all,198
0.0838418,0.0994184,0.0,0.8433227652024171,0.1566772347975829,snapshot_199.xyz,32,4000,16.757672110741936,4000,all,199
0.0830675,0.0999039,0.0,0.8314740465587429,0.1685259534412571,snapshot_200.xyz,32,4000,16.757672110741936,4000,all,200
0.0835603,0.0994878,0.0,0.8399049933760723,0.16009500662392773,snapshot_201.xyz,32,4000,16.757672110741936,4000,all,201
0.0832787,0.0990022,0.0,0.8411802970035009,0.15881970299649906,snapshot_202.xyz,32,4000,16.757672110741936,4000,all,202
0.0831379,0.0992797,0.0,0.837410870500213,0.162589129499787,snapshot_203.xyz,32,4000,16.757672110741936,4000,all,203
0.0852483,0.0988634,0.0,0.8622837167242882,0.13771628327571184,snapshot_204.xyz,32,4000,16.757672110741936,4000,all,204
0.0846859,0.0990022,0.0,0.8553941225548523,0.14460587744514775,snapshot_205.xyz,32,4000,16.757672110741936,4000,all,205
0.0850374,0.0999732,0.0,0.8506019613256353,0.14939803867436474,snapshot_206.xyz,32,4000,16.757672110741936,4000,all,206
0.0841233,0.10025,0.0,0.839135162094763,0.16086483790523698,snapshot_207.xyz,32,4000,16.757672110741936,4000,all,207
0.0833491,0.0995572,0.0,0.8371981132454508,0.1628018867545492,snapshot_208.xyz,32,4000,16.757672110741936,4000,all,208
0.0828562,0.0993491,0.0,0.8339904437986857,0.1660095562013143,snapshot_209.xyz,32,4000,16.757672110741936,4000,all,209
0.084475,0.098794,0.0,0.8550620483025284,0.1449379516974716,snapshot_210.xyz,32,4000,16.757672110741936,4000,all,210
0.0830675,0.0993491,0.0,0.8361172874238418,0.16388271257615816,snapshot_211.xyz,32,4000,16.757672110741936,4000,all,211
0.0825743,0.0996958,0.0,0.8282625747523968,0.17173742524760316,snapshot_212.xyz,32,4000,16.757672110741936,4000,all,212
0.0826448,0.0990716,0.0,0.8341926445116462,0.1658073554883538,snapshot_213.xyz,32,4000,16.757672110741936,4000,all,213
0.082222,0.099141,0.0,0.8293440655228412,0.17065593447715877,snapshot_214.xyz,32,4000,16.757672110741936,4000,all,214
0.0838418,0.0994878,0.0,0.8427344860374839,0.1572655139625161,snapshot_215.xyz,32,4000,16.757672110741936,4000,all,215
0.082997,0.0992797,0.0,0.8359916478393872,0.16400835216061282,snapshot_216.xyz,32,4000,16.757672110741936,4000,all,216
0.0843343,0.0990716,0.0,0.8512459675628535,0.14875403243714647,snapshot_217.xyz,32,4000,16.757672110741936,4000,all,217
0.0848266,0.0994184,0.0,0.8532283762361896,0.14677162376381037,snapshot_218.xyz,32,4000,16.757672110741936,4000,all,218
0.0846859,0.0987246,0.0,0.8577993732058676,0.14220062679413237,snapshot_219.xyz,32,4000,16.757672110741936,4000,all,219
0.0846156,0.0995572,0.0,0.8499194432949099,0.15008055670509013,snapshot_220.xyz,32,4000,16.757672110741936,4000,all,220
0.0846859,0.099141,0.0,0.8541965483503292,0.1458034516496708,snapshot_221.xyz,32,4000,16.757672110741936,4000,all,221
0.0830675,0.0981693,0.0,0.8461657565043247,0.15383424349567532,snapshot_222.xyz,32,4000,16.757672110741936,4000,all,222
0.0850374,0.0992797,0.0,0.8565436841569828,0.1434563158430172,snapshot_223.xyz,32,4000,16.757672110741936,4000,all,223
0.084264,0.0989328,0.0,0.8517296589199942,0.1482703410800058,snapshot_224.xyz,32,4000,16.757672110741936,4000,all,224
0.0838418,0.0994184,0.0,0.8433227652024171,0.1566772347975829,snapshot_225.xyz,32,4000,16.757672110741936,4000,all,225
0.0837011,0.0996265,0.0,0.8401489563519746,0.15985104364802538,snapshot_226.xyz,32,4000,16.757672110741936,4000,all,226
0.0841233,0.0992103,0.0,0.847929096071678,0.152070903928322,snapshot_227.xyz,32,4000,16.757672110741936,4000,all,227
0.0839122,0.0992103,0.0,0.8458012928093153,0.15419870719068474,snapshot_228.xyz,32,4000,16.757672110741936,4000,all,228
0.0854591,0.0995572,0.0,0.8583919595970959,0.1416080404029041,snapshot_229.xyz,32,4000,16.757672110741936,4000,all,229
0.085178,0.0995572,0.0,0.8555684571281635,0.14443154287183646,snapshot_230.xyz,32,4000,16.757672110741936,4000,all,230
0.0841233,0.0998345,0.0,0.8426275485929212,0.15737245140707878,snapshot_231.xyz,32,4000,16.757672110741936,4000,all,231
0.084264,0.0988634,0.0,0.8523275549900166,0.14767244500998344,snapshot_232.xyz,32,4000,16.757672110741936,4000,all,232
0.0846859,0.0999732,0.0,0.8470860190531062,0.1529139809468938,snapshot_233.xyz,32,4000,16.757672110741936,4000,all,233
0.0852483,0.0996958,0.0,0.8550841660330726,0.14491583396692742,snapshot_234.xyz,32,4000,16.757672110741936,4000,all,234
0.0849672,0.0988634,0.0,0.859440399581645,0.14055960041835502,snapshot_235.xyz,32,4000,16.757672110741936,4000,all,235
0.085178,0.0995572,0.0,0.8555684571281635,0.14443154287183646,snapshot_236.xyz,32,4000,16.757672110741936,4000,all,236
0.0848266,0.0992103,0.0,0.8550180777600713,0.14498192223992867,snapshot_237.xyz,32,4000,16.757672110741936,4000,all,237
0.085178,0.0985858,0.0,0.863998669179537,0.13600133082046295,snapshot_238.xyz,32,4000,16.757672110741936,4000,all,238
0.0846859,0.0993491,0.0,0.8524073192409393,0.14759268075906073,snapshot_239.xyz,32,4000,16.757672110741936,4000,all,239
0.0835603,0.098794,0.0,0.8458033888697694,0.15419661113023064,snapshot_240.xyz,32,4000,16.757672110741936,4000,all,240
0.0846859,0.0985164,0.0,0.8596122066985801,0.14038779330141993,snapshot_241.xyz,32,4000,16.757672110741936,4000,all,241
0.0845453,0.0986552,0.0,0.85697763523869,0.14302236476131003,snapshot_242.xyz,32,4000,16.757672110741936,4000,all,242
0.0854591,0.0985164,0.0,0.8674606461462253,0.1325393538537747,snapshot_243.xyz,32,4000,16.757672110741936,4000,all,243
0.0855293,0.0985858,0.0,0.86756206269057,0.13243793730943,snapshot_244.xyz,32,4000,16.757672110741936,4000,all,244
0.0841936,0.0990022,0.0,0.8504215057847199,0.14957849421528013,snapshot_245.xyz,32,4000,16.757672110741936,4000,all,245
0.0853888,0.0982387,0.0,0.8691971697508213,0.13080283024917871,snapshot_246.xyz,32,4000,16.757672110741936,4000,all,246
0.0844047,0.0999039,0.0,0.8448589094119449,0.15514109058805514,snapshot_247.xyz,32,4000,16.757672110741936,4000,all,247
0.0847563,0.0990022,0.0,0.8561052178638455,0.14389478213615448,snapshot_248.xyz,32,4000,16.757672110741936,4000,all,248
0.082997,0.0993491,0.0,0.83540766851436,0.16459233148564,snapshot_249.xyz,32,4000,16.757672110741936,4000,all,249
0.084264,0.0993491,0.0,0.8481606778521397,0.15183932214786033,snapshot_250.xyz,32,4000,16.757672110741936,4000,all,250
0.0848969,0.098794,0.0,0.8593325505597506,0.14066744944024945,snapshot_251.xyz,32,4000,16.757672110741936,4000,all,251
0.0840529,0.098794,0.0,0.8507895216308682,0.14921047836913182,snapshot_252.xyz,32,4000,16.757672110741936,4000,all,252
0.0854591,0.0992103,0.0,0.8613934238682878,0.13860657613171223,snapshot_253.xyz,32,4000,16.757672110741936,4000,all,253
0.0849672,0.0981693,0.0,0.8655170200867278,0.13448297991327218,snapshot_254.xyz,32,4000,16.757672110741936,4000,all,254
0.0850374,0.0988634,0.0,0.8601504702448024,0.1398495297551976,snapshot_255.xyz,32,4000,16.757672110741936,4000,all,255
0.0864422,0.0990716,0.0,0.8725224988795982,0.1274775011204018,snapshot_256.xyz,32,4000,16.757672110741936,4000,all,256
0.0845453,0.098447,0.0,0.8587900088372423,0.14120999116275768,snapshot_257.xyz,32,4000,16.757672110741936,4000,all,257
0.0851077,0.0990022,0.0,0.8596546339374276,0.14034536606257242,snapshot_258.xyz,32,4000,16.757672110741936,4000,all,258
0.0846156,0.0990716,0.0,0.8540853281868871,0.1459146718131129,snapshot_259.xyz,32,4000,16.757672110741936,4000,all,259
0.0845453,0.0990022,0.0,0.853973952093994,0.14602604790600604,snapshot_260.xyz,32,4000,16.757672110741936,4000,all,260
0.0841936,0.0989328,0.0,0.8510180647874112,0.14898193521258885,snapshot_261.xyz,32,4000,16.757672110741936,4000,all,261
0.0855996,0.0990716,0.0,0.8640175388305024,0.13598246116949764,snapshot_262.xyz,32,4000,16.757672110741936,4000,all,262
0.0839122,0.0988634,0.0,0.84876910970086,0.15123089029914005,snapshot_263.xyz,32,4000,16.757672110741936,4000,all,263
0.0852483,0.0985858,0.0,0.8647117536196897,0.13528824638031034,snapshot_264.xyz,32,4000,16.757672110741936,4000,all,264
0.0852483,0.0993491,0.0,0.8580681656904794,0.1419318343095206,snapshot_265.xyz,32,4000,16.757672110741936,4000,all,265
0.0851077,0.098794,0.0,0.861466283377533,0.13853371662246705,snapshot_266.xyz,32,4000,16.757672110741936,4000,all,266
0.0858103,0.0994184,0.0,0.863122922919701,0.13687707708029895,snapshot_267.xyz,32,4000,16.757672110741936,4000,all,267
0.0851077,0.0988634,0.0,0.8608615524046309,0.13913844759536909,snapshot_268.xyz,32,4000,16.757672110741936,4000,all,268
0.0851077,0.0992103,0.0,0.8578514529237387,0.14214854707626134,snapshot_269.xyz,32,4000,16.757672110741936,4000,all,269
0.0832083,0.0987246,0.0,0.8428324855203263,0.1571675144796737,snapshot_270.xyz,32,4000,16.757672110741936,4000,all,270
0.0843343,0.0995572,0.0,0.8470939319305887,0.15290606806941132,snapshot_271.xyz,32,4000,16.757672110741936,4000,all,271
0.0851077,0.0992103,0.0,0.8578514529237387,0.14214854707626134,snapshot_272.xyz,32,4000,16.757672110741936,4000,all,272
0.0858805,0.0992797,0.0,0.8650358532509667,0.13496414674903334,snapshot_273.xyz,32,4000,16.757672110741936,4000,all,273
0.0852483,0.0992103,0.0,0.859268644485502,0.140731355514498,snapshot_274.xyz,32,4000,16.757672110741936,4000,all,274
0.086021,0.0996958,0.0,0.8628347432890854,0.13716525671091462,snapshot_275.xyz,32,4000,16.757672110741936,4000,all,275
0.0839122,0.0994184,0.0,0.8440308836191289,0.15596911638087108,snapshot_276.xyz,32,4000,16.757672110741936,4000,all,276
0.0854591,0.0992103,0.0,0.8613934238682878,0.13860657613171223,snapshot_277.xyz,32,4000,16.757672110741936,4000,all,277
0.0867229,0.0989328,0.0,0.8765839034172691,0.1234160965827309,snapshot_278.xyz,32,4000,16.757672110741936,4000,all,278
0.0862316,0.097961,0.0,0.8802645950939659,0.11973540490603407,snapshot_279.xyz,32,4000,16.757672110741936,4000,all,279
0.0851077,0.0992103,0.0,0.8578514529237387,0.14214854707626134,snapshot_280.xyz,32,4000,16.757672110741936,4000,all,280
0.0858103,0.099141,0.0,0.8655379711723706,0.13446202882762937,snapshot_281.xyz,32,4000,16.757672110741936,4000,all,281
0.0848969,0.0988634,0.0,0.8587293174218164,0.14127068257818365,snapshot_282.xyz,32,4000,16.757672110741936,4000,all,282
0.0853888,0.0987246,0.0,0.8649191792116656,0.1350808207883344,snapshot_283.xyz,32,4000,16.757672110741936,4000,all,283
0.0861614,0.0992797,0.0,0.8678652332752819,0.13213476672471813,snapshot_284.xyz,32,4000,16.757672110741936,4000,all,284
0.0858805,0.0990716,0.0,0.8668528619705345,0.13314713802946554,snapshot_285.xyz,32,4000,16.757672110741936,4000,all,285
0.0860912,0.0990022,0.0,0.8695887566134894,0.13041124338651056,snapshot_286.xyz,32,4000,16.757672110741936,4000,all,286
0.0851077,0.0992103,0.0,0.8578514529237387,0.14214854707626134,snapshot_287.xyz,32,4000,16.757672110741936,4000,all,287
0.0856698,0.0993491,0.0,0.8623107808727005,0.13768921912729948,snapshot_288.xyz,32,4000,16.757672110741936,4000,all,288
0.086021,0.0985164,0.0,0.8731642650360751,0.12683573496392486,snapshot_289.xyz,32,4000,16.757672110741936,4000,all,289
0.0854591,0.0990022,0.0,0.8632040500110099,0.13679594998899014,snapshot_290.xyz,32,4000,16.757672110741936,4000,all,290
0.0852483,0.0985858,0.0,0.8647117536196897,0.13528824638031034,snapshot_291.xyz,32,4000,16.757672110741936,4000,all,291
0.0855293,0.0983082,0.0,0.8700118606586226,0.12998813934137743,snapshot_292.xyz,32,4000,16.757672110741936,4000,all,292
0.086021,0.0983082,0.0,0.875013478021162,0.12498652197883797,snapshot_293.xyz,32,4000,16.757672110741936,4000,all,293
0.0868633,0.0985164,0.0,0.8817141105440313,0.11828588945596874,snapshot_294.xyz,32,4000,16.757672110741936,4000,all,294
0.086372,0.0987246,0.0,0.8748781965183957,0.1251218034816043,snapshot_295.xyz,32,4000,16.757672110741936,4000,all,295
0.0853186,0.0995572,0.0,0.8569807105864768,0.14301928941352315,snapshot_296.xyz,32,4000,16.757672110741936,4000,all,296
0.0848266,0.0980999,0.0,0.8646960904139556,0.13530390958604444,snapshot_297.xyz,32,4000,16.757672110741936,4000,all,297
0.0865124,0.0990716,0.0,0.8732310773218562,0.12676892267814377,snapshot_298.xyz,32,4000,16.757672110741936,4000,all,298
0.0863018,0.0992797,0.0,0.8692794196598096,0.1307205803401904,snapshot_299.xyz,32,4000,16.757672110741936,4000,all,299
0.086021,0.0982387,0.0,0.8756325154954209,0.12436748450457913,snapshot_300.xyz,32,4000,16.757672110741936,4000,all,300
0.0871439,0.099141,0.0,0.8789895199765989,0.12101048002340109,snapshot_301.xyz,32,4000,16.757672110741936,4000,all,301
0.0864422,0.0980304,0.0,0.8817897305325694,0.11821026946743063,snapshot_302.xyz,32,4000,16.757672110741936,4000,all,302
0.0869334,0.0985858,0.0,0.8818044789411862,0.11819552105881381,snapshot_303.xyz,32,4000,16.757672110741936,4000,all,303
0.0866528,0.0986552,0.0,0.8783399151793316,0.12166008482066837,snapshot_304.xyz,32,4000,16.757672110741936,4000,all,304
0.0866528,0.0980999,0.0,0.8833118076572962,0.11668819234270378,snapshot_305.xyz,32,4000,16.757672110741936,4000,all,305
0.0874945,0.0985164,0.0,0.888121165613035,0.111878834386965,snapshot_306.xyz,32,4000,16.757672110741936,4000,all,306
0.0870036,0.0985858,0.0,0.8825165490364738,0.11748345096352619,snapshot_307.xyz,32,4000,16.757672110741936,4000,all,307
0.0871439,0.0985858,0.0,0.8839396748821838,0.11606032511781617,snapshot_308.xyz,32,4000,16.757672110741936,4000,all,308
0.0864422,0.0978221,0.0,0.8836673921332705,0.1163326078667295,snapshot_309.xyz,32,4000,16.757672110741936,4000,all,309
0.0859508,0.099141,0.0,0.866955144692912,0.13304485530708798,snapshot_310.xyz,32,4000,16.757672110741936,4000,all,310
0.0866528,0.098794,0.0,0.8771058971192582,0.12289410288074176,snapshot_311.xyz,32,4000,16.757672110741936,4000,all,311
0.0858103,0.0985164,0.0,0.8710255348348093,0.12897446516519073,snapshot_312.xyz,32,4000,16.757672110741936,4000,all,312
0.0860912,0.098447,0.0,0.8744928743384766,0.12550712566152344,snapshot_313.xyz,32,4000,16.757672110741936,4000,all,313
0.0868633,0.0988634,0.0,0.8786193879635942,0.12138061203640582,snapshot_314.xyz,32,4000,16.757672110741936,4000,all,314
0.086372,0.0985164,0.0,0.8767271236058158,0.12327287639418416,snapshot_315.xyz,32,4000,16.757672110741936,4000,all,315
0.0854591,0.0986552,0.0,0.8662401981851945,0.1337598018148055,snapshot_316.xyz,32,4000,16.757672110741936,4000,all,316
0.0854591,0.0977526,0.0,0.8742386391768607,0.12576136082313927,snapshot_317.xyz,32,4000,16.757672110741936,4000,all,317
0.0862316,0.0978221,0.0,0.8815145043911347,0.11848549560886534,snapshot_318.xyz,32,4000,16.757672110741936,4000,all,318
0.0864422,0.0980999,0.0,0.8811650164781003,0.1188349835218997,snapshot_319.xyz,32,4000,16.757672110741936,4000,all,319
0.0867229,0.0980304,0.0,0.8846531280092707,0.11534687199072935,snapshot_320.xyz,32,4000,16.757672110741936,4000,all,320
0.0864422,0.0982387,0.0,0.879920031515075,0.12007996848492497,snapshot_321.xyz,32,4000,16.757672110741936,4000,all,321
0.0861614,0.0989328,0.0,0.8709083337376482,0.1290916662623518,snapshot_322.xyz,32,4000,16.757672110741936,4000,all,322
0.0852483,0.0990716,0.0,0.8604716185062117,0.13952838149378832,snapshot_323.xyz,32,4000,16.757672110741936,4000,all,323
0.0870036,0.0986552,0.0,0.881895733828526,0.11810426617147396,snapshot_324.xyz,32,4000,16.757672110741936,4000,all,324
0.0859508,0.0982387,0.0,0.8749179294921451,0.12508207050785491,snapshot_325.xyz,32,4000,16.757672110741936,4000,all,325
0.0865124,0.097961,0.0,0.8831310419452639,0.11686895805473607,snapshot_326.xyz,32,4000,16.757672110741936,4000,all,326
0.086021,0.0982387,0.0,0.8756325154954209,0.12436748450457913,snapshot_327.xyz,32,4000,16.757672110741936,4000,all,327
0.086021,0.098447,0.0,0.8737798002986378,0.12622019970136222,snapshot_328.xyz,32,4000,16.757672110741936,4000,all,328
0.0853888,0.0982387,0.0,0.8691971697508213,0.13080283024917871,snapshot_329.xyz,32,4000,16.757672110741936,4000,all,329
0.0858805,0.0976831,0.0,0.879174596219817,0.12082540378018303,snapshot_330.xyz,32,4000,16.757672110741936,4000,all,330
0.0862316,0.0986552,0.0,0.8740705000851451,0.12592949991485491,snapshot_331.xyz,32,4000,16.757672110741936,4000,all,331
0.086372,0.0982387,0.0,0.8792054455117994,0.12079455448820065,snapshot_332.xyz,32,4000,16.757672110741936,4000,all,332
0.0861614,0.0982387,0.0,0.8770616875019722,0.12293831249802778,snapshot_333.xyz,32,4000,16.757672110741936,4000,all,333
0.0856698,0.0980304,0.0,0.8739105420359399,0.12608945796406013,snapshot_334.xyz,32,4000,16.757672110741936,4000,all,334
0.0867931,0.0973358,0.0,0.8916873339511259,0.10831266604887413,snapshot_335.xyz,32,4000,16.757672110741936,4000,all,335
0.0870036,0.0982387,0.0,0.8856346836837214,0.11436531631627855,snapshot_336.xyz,32,4000,16.757672110741936,4000,all,336
0.0875647,0.0993491,0.0,0.8813839279872692,0.11861607201273083,snapshot_337.xyz,32,4000,16.757672110741936,4000,all,337
0.0872842,0.0987246,0.0,0.8841180415013078,0.1158819584986922,snapshot_338.xyz,32,4000,16.757672110741936,4000,all,338
0.0864422,0.0983082,0.0,0.8792979629369676,0.1207020370630324,snapshot_339.xyz,32,4000,16.757672110741936,4000,all,339
0.0865826,0.0980999,0.0,0.8825962105975642,0.11740378940243579,snapshot_340.xyz,32,4000,16.757672110741936,4000,all,340
0.0854591,0.0975442,0.0,0.8761064214991767,0.12389357850082328,snapshot_341.xyz,32,4000,16.757672110741936,4000,all,341
0.0867229,0.0976831,0.0,0.8877984011563925,0.11220159884360748,snapshot_342.xyz,32,4000,16.757672110741936,4000,all,342
0.0858103,0.0976137,0.0,0.8790804979219107,0.12091950207808932,snapshot_343.xyz,32,4000,16.757672110741936,4000,all,343
0.0868633,0.0986552,0.0,0.8804736090951111,0.11952639090488892,snapshot_344.xyz,32,4000,16.757672110741936,4000,all,344
0.0867931,0.0983776,0.0,0.8822445353413786,0.11775546465862141,snapshot_345.xyz,32,4000,16.757672110741936,4000,all,345
0.086372,0.0983776,0.0,0.8779640893862019,0.12203591061379815,snapshot_346.xyz,32,4000,16.757672110741936,4000,all,346
0.0854591,0.0980304,0.0,0.8717612087678923,0.12823879123210769,snapshot_347.xyz,32,4000,16.757672110741936,4000,all,347
0.0869334,0.0983082,0.0,0.8842944942537855,0.11570550574621452,snapshot_348.xyz,32,4000,16.757672110741936,4000,all,348
0.0868633,0.0977526,0.0,0.8886034744855892,0.11139652551441082,snapshot_349.xyz,32,4000,16.757672110741936,4000,all,349
0.0865826,0.0981693,0.0,0.8819722662787653,0.11802773372123465,snapshot_350.xyz,32,4000,16.757672110741936,4000,all,350
0.0856698,0.0983776,0.0,0.8708262856585239,0.12917371434147606,snapshot_351.xyz,32,4000,16.757672110741936,4000,all,351
0.0865826,0.0985858,0.0,0.8782461571544786,0.12175384284552138,snapshot_352.xyz,32,4000,16.757672110741936,4000,all,352
0.0870737,0.0974052,0.0,0.8939327674497871,0.10606723255021289,snapshot_353.xyz,32,4000,16.757672110741936,4000,all,353
0.0853186,0.0976831,0.0,0.8734223217731624,0.12657767822683763,snapshot_354.xyz,32,4000,16.757672110741936,4000,all,354
0.0872842,0.0974052,0.0,0.8960938430391807,0.10390615696081928,snapshot_355.xyz,32,4000,16.757672110741936,4000,all,355
0.0853186,0.098794,0.0,0.8636010284025345,0.1363989715974655,snapshot_356.xyz,32,4000,16.757672110741936,4000,all,356
0.0860912,0.0978915,0.0,0.8794553153235981,0.12054468467640189,snapshot_357.xyz,32,4000,16.757672110741936,4000,all,357
0.0871439,0.0980999,0.0,0.8883179289683271,0.11168207103167294,snapshot_358.xyz,32,4000,16.757672110741936,4000,all,358
0.0876348,0.0985858,0.0,0.8889190938248713,0.11108090617512867,snapshot_359.xyz,32,4000,16.757672110741936,4000,all,359
0.0870036,0.0974747,0.0,0.8925762274723595,0.10742377252764046,snapshot_360.xyz,32,4000,16.757672110741936,4000,all,360
0.0872842,0.0983776,0.0,0.8872365253878933,0.11276347461210667,snapshot_361.xyz,32,4000,16.757672110741936,4000,all,361
0.0868633,0.0977526,0.0,0.8886034744855892,0.11139652551441082,snapshot_362.xyz,32,4000,16.757672110741936,4000,all,362
0.0878451,0.0981693,0.0,0.8948327022806518,0.10516729771934819,snapshot_363.xyz,32,4000,16.757672110741936,4000,all,363
0.0870737,0.0977526,0.0,0.890755846903305,0.109244153096695,snapshot_364.xyz,32,4000,16.757672110741936,4000,all,364
0.0870036,0.0983082,0.0,0.8850085750730865,0.1149914249269135,snapshot_365.xyz,32,4000,16.757672110741936,4000,all,365
0.0874945,0.0987246,0.0,0.8862482096660813,0.11375179033391869,snapshot_366.xyz,32,4000,16.757672110741936,4000,all,366
0.0876348,0.0971968,0.0,0.9016222756304734,0.09837772436952663,snapshot_367.xyz,32,4000,16.757672110741936,4000,all,367
0.0870737,0.0976137,0.0,0.892023353279304,0.10797664672069596,snapshot_368.xyz,32,4000,16.757672110741936,4000,all,368
0.0867931,0.0978915,0.0,0.886625498638799,0.11337450136120097,snapshot_369.xyz,32,4000,16.757672110741936,4000,all,369
0.0871439,0.0981693,0.0,0.8876899397265744,0.1123100602734256,snapshot_370.xyz,32,4000,16.757672110741936,4000,all,370
0.0865826,0.0977526,0.0,0.8857319396108134,0.11426806038918658,snapshot_371.xyz,32,4000,16.757672110741936,4000,all,371
0.0870737,0.0974052,0.0,0.8939327674497871,0.10606723255021289,snapshot_372.xyz,32,4000,16.757672110741936,4000,all,372
0.0873543,0.0976137,0.0,0.8948979497754925,0.10510205022450747,snapshot_373.xyz,32,4000,16.757672110741936,4000,all,373
0.0874244,0.0974747,0.0,0.8968932451189898,0.10310675488101018,snapshot_374.xyz,32,4000,16.757672110741936,4000,all,374
0.0874945,0.0981693,0.0,0.8912613210036132,0.10873867899638678,snapshot_375.xyz,32,4000,16.757672110741936,4000,all,375
0.0864422,0.0972663,0.0,0.8887168525995128,0.11128314740048717,snapshot_376.xyz,32,4000,16.757672110741936,4000,all,376
0.0874244,0.0972663,0.0,0.898814903003404,0.10118509699659595,snapshot_377.xyz,32,4000,16.757672110741936,4000,all,377
0.0873543,0.0978915,0.0,0.8923583763656701,0.10764162363432994,snapshot_378.xyz,32,4000,16.757672110741936,4000,all,378
0.0877049,0.0980304,0.0,0.8946704287649545,0.1053295712350455,snapshot_379.xyz,32,4000,16.757672110741936,4000,all,379
0.0874244,0.0980999,0.0,0.8911772591001621,0.1088227408998379,snapshot_380.xyz,32,4000,16.757672110741936,4000,all,380
0.0881955,0.0985164,0.0,0.8952367321583005,0.10476326784169954,snapshot_381.xyz,32,4000,16.757672110741936,4000,all,381
0.087775,0.0977526,0.0,0.8979300806321265,0.10206991936787346,snapshot_382.xyz,32,4000,16.757672110741936,4000,all,382
0.0868633,0.0978915,0.0,0.8873426191242345,0.11265738087576549,snapshot_383.xyz,32,4000,16.757672110741936,4000,all,383
0.0870036,0.097961,0.0,0.8881452823062238,0.1118547176937762,snapshot_384.xyz,32,4000,16.757672110741936,4000,all,384
0.0865124,0.0977526,0.0,0.8850138001444464,0.11498619985555358,snapshot_385.xyz,32,4000,16.757672110741936,4000,all,385
0.0872842,0.0976831,0.0,0.8935445332918387,0.1064554667081613,snapshot_386.xyz,32,4000,16.757672110741936,4000,all,386
0.0874945,0.0977526,0.0,0.8950605917387364,0.10493940826126358,snapshot_387.xyz,32,4000,16.757672110741936,4000,all,387
0.0867931,0.0986552,0.0,0.8797620399127466,0.1202379600872534,snapshot_388.xyz,32,4000,16.757672110741936,4000,all,388
0.0882656,0.0985858,0.0,0.8953175812338086,0.10468241876619144,snapshot_389.xyz,32,4000,16.757672110741936,4000,all,389
0.0880553,0.0978221,0.0,0.9001575308647024,0.0998424691352976,snapshot_390.xyz,32,4000,16.757672110741936,4000,all,390
0.087775,0.0978915,0.0,0.8966559915825174,0.10334400841748259,snapshot_391.xyz,32,4000,16.757672110741936,4000,all,391
0.0878451,0.0981693,0.0,0.8948327022806518,0.10516729771934819,snapshot_392.xyz,32,4000,16.757672110741936,4000,all,392
0.0868633,0.0987246,0.0,0.879854666415463,0.12014533358453705,snapshot_393.xyz,32,4000,16.757672110741936,4000,all,393
0.0877049,0.0981693,0.0,0.8934045572291949,0.10659544277080513,snapshot_394.xyz,32,4000,16.757672110741936,4000,all,394
0.087214,0.0980304,0.0,0.8896627984788392,0.11033720152116078,snapshot_395.xyz,32,4000,16.757672110741936,4000,all,395
0.0878451,0.0976831,0.0,0.8992865705531459,0.10071342944685413,snapshot_396.xyz,32,4000,16.757672110741936,4000,all,396
0.0886158,0.0974052,0.0,0.9097645710906604,0.09023542890933955,snapshot_397.xyz,32,4000,16.757672110741936,4000,all,397
0.0882656,0.0975442,0.0,0.904877993771029,0.09512200622897105,snapshot_398.xyz,32,4000,16.757672110741936,4000,all,398
0.0874244,0.0974747,0.0,0.8968932451189898,0.10310675488101018,snapshot_399.xyz,32,4000,16.757672110741936,4000,all,399
0.0881254,0.0978221,0.0,0.9008741378481959,0.09912586215180408,snapshot_400.xyz,32,4000,16.757672110741936,4000,all,400
0.0873543,0.0983082,0.0,0.8885759275421582,0.1114240724578418,snapshot_401.xyz,32,4000,16.757672110741936,4000,all,401
0.0865124,0.0987246,0.0,0.8763003344657766,0.1236996655342234,snapshot_402.xyz,32,4000,16.757672110741936,4000,all,402
0.0881955,0.098447,0.0,0.8958678273588834,0.10413217264111663,snapshot_403.xyz,32,4000,16.757672110741936,4000,all,403
0.0885458,0.0980304,0.0,0.9032483800943379,0.09675161990566206,snapshot_404.xyz,32,4000,16.757672110741936,4000,all,404
0.0881955,0.0976831,0.0,0.902873680298844,0.09712631970115604,snapshot_405.xyz,32,4000,16.757672110741936,4000,all,405
0.0869334,0.0980999,0.0,0.8861721571581621,0.11382784284183789,snapshot_406.xyz,32,4000,16.757672110741936,4000,all,406
0.0880553,0.0972663,0.0,0.9053012194357142,0.09469878056428582,snapshot_407.xyz,32,4000,16.757672110741936,4000,all,407
0.0879852,0.0976137,0.0,0.9013611818832807,0.09863881811671926,snapshot_408.xyz,32,4000,16.757672110741936,4000,all,408
0.087775,0.0980999,0.0,0.8947511669226982,0.10524883307730182,snapshot_409.xyz,32,4000,16.757672110741936,4000,all,409
0.0877049,0.0976831,0.0,0.8978513171674528,0.10214868283254719,snapshot_410.xyz,32,4000,16.757672110741936,4000,all,410
0.0880553,0.0977526,0.0,0.9007975235441309,0.0992024764558691,snapshot_411.xyz,32,4000,16.757672110741936,4000,all,411
0.0886859,0.0992797,0.0,0.8932933923047712,0.10670660769522877,snapshot_412.xyz,32,4000,16.757672110741936,4000,all,412
0.0884057,0.0976831,0.0,0.905025536658849,0.094974463341151,snapshot_413.xyz,32,4000,16.757672110741936,4000,all,413
0.0875647,0.0977526,0.0,0.8957787312051035,0.10422126879489646,snapshot_414.xyz,32,4000,16.757672110741936,4000,all,414
0.0880553,0.0973358,0.0,0.9046548135423965,0.09534518645760348,snapshot_415.xyz,32,4000,16.757672110741936,4000,all,415
0.087775,0.0980999,0.0,0.8947511669226982,0.10524883307730182,snapshot_416.xyz,32,4000,16.757672110741936,4000,all,416
0.0876348,0.0980999,0.0,0.8933220115412961,0.10667798845870391,snapshot_417.xyz,32,4000,16.757672110741936,4000,all,417
0.0878451,0.0982387,0.0,0.8942005543640134,0.10579944563598664,snapshot_418.xyz,32,4000,16.757672110741936,4000,all,418
0.0879852,0.0978221,0.0,0.8994409238812089,0.10055907611879111,snapshot_419.xyz,32,4000,16.757672110741936,4000,all,419
0.0878451,0.0978221,0.0,0.898008732178107,0.10199126782189305,snapshot_420.xyz,32,4000,16.757672110741936,4000,all,420
0.0878451,0.0982387,0.0,0.8942005543640134,0.10579944563598664,snapshot_421.xyz,32,4000,16.757672110741936,4000,all,421
0.0880553,0.0978221,0.0,0.9001575308647024,0.0998424691352976,snapshot_422.xyz,32,4000,16.757672110741936,4000,all,422
0.0884757,0.0975442,0.0,0.9070318891333365,0.09296811086666346,snapshot_423.xyz,32,4000,16.757672110741936,4000,all,423
0.0885458,0.0987246,0.0,0.8968970246524169,0.10310297534758306,snapshot_424.xyz,32,4000,16.757672110741936,4000,all,424
0.089316,0.0971968,0.0,0.9189191413709094,0.08108085862909065,snapshot_425.xyz,32,4000,16.757672110741936,4000,all,425
0.0882656,0.0973358,0.0,0.9068153752267922,0.09318462477320777,snapshot_426.xyz,32,4000,16.757672110741936,4000,all,426
0.0882656,0.0977526,0.0,0.9029488729711538,0.09705112702884622,snapshot_427.xyz,32,4000,16.757672110741936,4000,all,427
0.0881955,0.0980304,0.0,0.8996749987758899,0.10032500122411014,snapshot_428.xyz,32,4000,16.757672110741936,4000,all,428
0.0875647,0.0976137,0.0,0.8970533849244522,0.10294661507554781,snapshot_429.xyz,32,4000,16.757672110741936,4000,all,429
0.0885458,0.0976831,0.0,0.9064597663260072,0.09354023367399278,snapshot_430.xyz,32,4000,16.757672110741936,4000,all,430
0.0875647,0.0974052,0.0,0.8989735660929806,0.10102643390701938,snapshot_431.xyz,32,4000,16.757672110741936,4000,all,431
0.0882656,0.0975442,0.0,0.904877993771029,0.09512200622897105,snapshot_432.xyz,32,4000,16.757672110741936,4000,all,432
0.0884757,0.0978221,0.0,0.9044551282378932,0.0955448717621068,snapshot_433.xyz,32,4000,16.757672110741936,4000,all,433
0.0878451,0.0977526,0.0,0.8986471971078007,0.10135280289219928,snapshot_434.xyz,32,4000,16.757672110741936,4000,all,434
0.0886158,0.0974747,0.0,0.9091159039217356,0.09088409607826442,snapshot_435.xyz,32,4000,16.757672110741936,4000,all,435
0.0878451,0.0973358,0.0,0.902495279229225,0.09750472077077499,snapshot_436.xyz,32,4000,16.757672110741936,4000,all,436
0.087775,0.0978221,0.0,0.8972921251946135,0.10270787480538646,snapshot_437.xyz,32,4000,16.757672110741936,4000,all,437
0.087775,0.0974052,0.0,0.9011325884039046,0.09886741159609536,snapshot_438.xyz,32,4000,16.757672110741936,4000,all,438
0.0879852,0.0971968,0.0,0.9052273325870811,0.0947726674129189,snapshot_439.xyz,32,4000,16.757672110741936,4000,all,439
0.0884757,0.0972663,0.0,0.9096233741799575,0.09037662582004247,snapshot_440.xyz,32,4000,16.757672110741936,4000,all,440
0.0872842,0.0978915,0.0,0.8916422774193878,0.10835772258061216,snapshot_441.xyz,32,4000,16.757672110741936,4000,all,441
0.0875647,0.0967797,0.0,0.9047837511378936,0.09521624886210645,snapshot_442.xyz,32,4000,16.757672110741936,4000,all,442
0.0879852,0.0978915,0.0,0.8988032668822113,0.10119673311778865,snapshot_443.xyz,32,4000,16.757672110741936,4000,all,443
0.0872842,0.0976831,0.0,0.8935445332918387,0.1064554667081613,snapshot_444.xyz,32,4000,16.757672110741936,4000,all,444
0.0873543,0.0983776,0.0,0.8879490859707901,0.11205091402920986,snapshot_445.xyz,32,4000,16.757672110741936,4000,all,445
0.0876348,0.0974052,0.0,0.899693240196622,0.100306759803378,snapshot_446.xyz,32,4000,16.757672110741936,4000,all,446
0.087775,0.0978915,0.0,0.8966559915825174,0.10334400841748259,snapshot_447.xyz,32,4000,16.757672110741936,4000,all,447
0.0879152,0.0977526,0.0,0.899364313583475,0.10063568641652498,snapshot_448.xyz,32,4000,16.757672110741936,4000,all,448
0.0880553,0.0976137,0.0,0.9020793187841462,0.09792068121585384,snapshot_449.xyz,32,4000,16.757672110741936,4000,all,449
0.0873543,0.0980999,0.0,0.890462681409461,0.10953731859053895,snapshot_450.xyz,32,4000,16.757672110741936,4000,all,450
0.0883356,0.0980304,0.0,0.9011041472849238,0.09889585271507617,snapshot_451.xyz,32,4000,16.757672110741936,4000,all,451
0.0879852,0.0970578,0.0,0.9065237415230925,0.09347625847690755,snapshot_452.xyz,32,4000,16.757672110741936,4000,all,452
0.0870737,0.0978221,0.0,0.8901229885680231,0.10987701143197692,snapshot_453.xyz,32,4000,16.757672110741936,4000,all,453
0.0880553,0.0978915,0.0,0.8995193658284938,0.10048063417150621,snapshot_454.xyz,32,4000,16.757672110741936,4000,all,454
0.0874244,0.097961,0.0,0.8924408693255479,0.10755913067445211,snapshot_455.xyz,32,4000,16.757672110741936,4000,all,455
0.089036,0.0978221,0.0,0.9101828727864154,0.08981712721358459,snapshot_456.xyz,32,4000,16.757672110741936,4000,all,456
0.0884757,0.0976137,0.0,0.9063860912966111,0.09361390870338893,snapshot_457.xyz,32,4000,16.757672110741936,4000,all,457
0.0877049,0.0978915,0.0,0.895939892636235,0.10406010736376503,snapshot_458.xyz,32,4000,16.757672110741936,4000,all,458
0.0879152,0.0976137,0.0,0.900644069428779,0.09935593057122105,snapshot_459.xyz,32,4000,16.757672110741936,4000,all,459
0.0880553,0.0975442,0.0,0.9027220480561633,0.0972779519438367,snapshot_460.xyz,32,4000,16.757672110741936,4000,all,460
0.0879152,0.0968493,0.0,0.9077525599049244,0.09224744009507557,snapshot_461.xyz,32,4000,16.757672110741936,4000,all,461
0.0878451,0.0980999,0.0,0.8954657446133991,0.10453425538660088,snapshot_462.xyz,32,4000,16.757672110741936,4000,all,462
0.0876348,0.0976831,0.0,0.8971336904746062,0.10286630952539377,snapshot_463.xyz,32,4000,16.757672110741936,4000,all,463
0.0888259,0.0971968,0.0,0.9138767942977547,0.0861232057022453,snapshot_464.xyz,32,4000,16.757672110741936,4000,all,464
0.088896,0.0971273,0.0,0.9152524573420655,0.0847475426579345,snapshot_465.xyz,32,4000,16.757672110741936,4000,all,465
0.088966,0.0977526,0.0,0.9101138997837398,0.0898861002162602,snapshot_466.xyz,32,4000,16.757672110741936,4000,all,466
0.088966,0.0974747,0.0,0.9127086310601623,0.08729136893983769,snapshot_467.xyz,32,4000,16.757672110741936,4000,all,467
0.089176,0.0986552,0.0,0.9039158604918951,0.0960841395081049,snapshot_468.xyz,32,4000,16.757672110741936,4000,all,468
0.0886158,0.0985858,0.0,0.8988698169513256,0.10113018304867438,snapshot_469.xyz,32,4000,16.757672110741936,4000,all,469
0.0887559,0.0978915,0.0,0.9066762691347052,0.09332373086529477,snapshot_470.xyz,32,4000,16.757672110741936,4000,all,470
0.0887559,0.0976831,0.0,0.9086105989674775,0.09138940103252247,snapshot_471.xyz,32,4000,16.757672110741936,4000,all,471
0.0886859,0.0977526,0.0,0.9072485028531211,0.09275149714687891,snapshot_472.xyz,32,4000,16.757672110741936,4000,all,472
0.0884757,0.0967797,0.0,0.914196882197403,0.08580311780259697,snapshot_473.xyz,32,4000,16.757672110741936,4000,all,473
0.089036,0.0977526,0.0,0.9108299932687214,0.08917000673127862,snapshot_474.xyz,32,4000,16.757672110741936,4000,all,474
0.0877049,0.096293,0.0,0.9108128316700072,0.08918716832999285,snapshot_475.xyz,32,4000,16.757672110741936,4000,all,475
0.0903654,0.0986552,0.0,0.9159719913395341,0.08402800866046589,snapshot_476.xyz,32,4000,16.757672110741936,4000,all,476
0.089456,0.0966407,0.0,0.9256555467830841,0.07434445321691585,snapshot_477.xyz,32,4000,16.757672110741936,4000,all,477
0.089316,0.0974052,0.0,0.9169530990131944,0.08304690098680556,snapshot_478.xyz,32,4000,16.757672110741936,4000,all,478
0.0900157,0.0978221,0.0,0.9201979920692769,0.07980200793072312,snapshot_479.xyz,32,4000,16.757672110741936,4000,all,479
0.0897359,0.0978915,0.0,0.9166873528345156,0.08331264716548437,snapshot_480.xyz,32,4000,16.757672110741936,4000,all,480
0.0898059,0.0977526,0.0,0.9187059986128246,0.08129400138717535,snapshot_481.xyz,32,4000,16.757672110741936,4000,all,481
0.0896659,0.0974052,0.0,0.9205453096959917,0.07945469030400831,snapshot_482.xyz,32,4000,16.757672110741936,4000,all,482
0.089246,0.0973358,0.0,0.9168877227083971,0.08311227729160287,snapshot_483.xyz,32,4000,16.757672110741936,4000,all,483
0.089106,0.098447,0.0,0.9051164586020904,0.09488354139790955,snapshot_484.xyz,32,4000,16.757672110741936,4000,all,484
0.0899458,0.0971968,0.0,0.9253987785606111,0.07460122143938885,snapshot_485.xyz,32,4000,16.757672110741936,4000,all,485
0.0883356,0.0976137,0.0,0.904950841941244,0.09504915805875602,snapshot_486.xyz,32,4000,16.757672110741936,4000,all,486
0.0900857,0.0974052,0.0,0.9248551412039604,0.0751448587960396,snapshot_487.xyz,32,4000,16.757672110741936,4000,all,487
0.0896659,0.0972663,0.0,0.9218598836390405,0.07814011636095952,snapshot_488.xyz,32,4000,16.757672110741936,4000,all,488
0.0886859,0.0973358,0.0,0.911133416481911,0.08886658351808896,snapshot_489.xyz,32,4000,16.757672110741936,4000,all,489
0.0896659,0.0982387,0.0,0.9127350015828793,0.08726499841712065,snapshot_490.xyz,32,4000,16.757672110741936,4000,all,490
0.0896659,0.0976137,0.0,0.9185790519158684,0.08142094808413158,snapshot_491.xyz,32,4000,16.757672110741936,4000,all,491
0.089386,0.097961,0.0,0.9124651647084042,0.08753483529159578,snapshot_492.xyz,32,4000,16.757672110741936,4000,all,492
0.0899458,0.0985858,0.0,0.9123606036569162,0.08763939634308382,snapshot_493.xyz,32,4000,16.757672110741936,4000,all,493
0.0902955,0.097961,0.0,0.9217494717285449,0.07825052827145507,snapshot_494.xyz,32,4000,16.757672110741936,4000,all,494
0.0902955,0.0976137,0.0,0.9250289662209301,0.07497103377906988,snapshot_495.xyz,32,4000,16.757672110741936,4000,all,495
0.0886859,0.0978221,0.0,0.9066039269244884,0.09339607307551157,snapshot_496.xyz,32,4000,16.757672110741936,4000,all,496
0.0897359,0.098447,0.0,0.9115148252359137,0.08848517476408635,snapshot_497.xyz,32,4000,16.757672110741936,4000,all,497
0.089456,0.0971968,0.0,0.9203595180088233,0.07964048199117668,snapshot_498.xyz,32,4000,16.757672110741936,4000,all,498
0.089456,0.0974052,0.0,0.9183903939420072,0.08160960605799283,snapshot_499.xyz,32,4000,16.757672110741936,4000,all,499
0.089456,0.0974052,0.0,0.9183903939420072,0.08160960605799283,snapshot_500.xyz,32,4000,16.757672110741936,4000,all,500
0.0898758,0.0969883,0.0,0.9266664123404577,0.07333358765954234,snapshot_501.xyz,32,4000,16.757672110741936,4000,all,501
0.089176,0.0978221,0.0,0.9116140422256321,0.08838595777436786,snapshot_502.xyz,32,4000,16.757672110741936,4000,all,502
0.0900857,0.098447,0.0,0.9150680061352809,0.08493199386471906,snapshot_503.xyz,32,4000,16.757672110741936,4000,all,503
0.0900157,0.0978915,0.0,0.9195456193847269,0.0804543806152731,snapshot_504.xyz,32,4000,16.757672110741936,4000,all,504
0.0899458,0.0981693,0.0,0.9162314491393949,0.08376855086060508,snapshot_505.xyz,32,4000,16.757672110741936,4000,all,505
0.0905053,0.0978221,0.0,0.9252029960509947,0.07479700394900535,snapshot_506.xyz,32,4000,16.757672110741936,4000,all,506
0.0905053,0.0976137,0.0,0.9271782546917082,0.07282174530829177,snapshot_507.xyz,32,4000,16.757672110741936,4000,all,507
0.0911344,0.0980999,0.0,0.928995850148675,0.07100414985132497,snapshot_508.xyz,32,4000,16.757672110741936,4000,all,508
0.089596,0.0973358,0.0,0.9204835219929357,0.0795164780070643,snapshot_509.xyz,32,4000,16.757672110741936,4000,all,509
0.0900157,0.0973358,0.0,0.9247953990207098,0.07520460097929016,snapshot_510.xyz,32,4000,16.757672110741936,4000,all,510
0.0900857,0.0977526,0.0,0.9215683265713649,0.0784316734286351,snapshot_511.xyz,32,4000,16.757672110741936,4000,all,511
0.0896659,0.0978915,0.0,0.9159722754273865,0.08402772457261354,snapshot_512.xyz,32,4000,16.757672110741936,4000,all,512
0.0912042,0.0977526,0.0,0.933010477470676,0.066989522529324,snapshot_513.xyz,32,4000,16.757672110741936,4000,all,513
0.0904354,0.0977526,0.0,0.9251457250241938,0.07485427497580621,snapshot_514.xyz,32,4000,16.757672110741936,4000,all,514
0.0909946,0.0974747,0.0,0.9335201852378104,0.06647981476218956,snapshot_515.xyz,32,4000,16.757672110741936,4000,all,515
0.0911344,0.0980999,0.0,0.928995850148675,0.07100414985132497,snapshot_516.xyz,32,4000,16.757672110741936,4000,all,516
0.0905053,0.0971968,0.0,0.9311551409099887,0.06884485909001126,snapshot_517.xyz,32,4000,16.757672110741936,4000,all,517
0.0905752,0.0970578,0.0,0.9332088714147652,0.06679112858523484,snapshot_518.xyz,32,4000,16.757672110741936,4000,all,518
0.0910645,0.0967797,0.0,0.9409462934892339,0.059053706510766135,snapshot_519.xyz,32,4000,16.757672110741936,4000,all,519
0.0910645,0.0974052,0.0,0.9349038860348319,0.06509611396516812,snapshot_520.xyz,32,4000,16.757672110741936,4000,all,520
0.0907849,0.097961,0.0,0.9267453374302018,0.07325466256979818,snapshot_521.xyz,32,4000,16.757672110741936,4000,all,521
0.0912042,0.0977526,0.0,0.933010477470676,0.066989522529324,snapshot_522.xyz,32,4000,16.757672110741936,4000,all,522
0.0909247,0.0978221,0.0,0.9294903707853338,0.07050962921466619,snapshot_523.xyz,32,4000,16.757672110741936,4000,all,523
0.0909946,0.0965712,0.0,0.9422540053349239,0.05774599466507613,snapshot_524.xyz,32,4000,16.757672110741936,4000,all,524
0.0914138,0.0975442,0.0,0.9371525933884332,0.06284740661156685,snapshot_525.xyz,32,4000,16.757672110741936,4000,all,525
0.0911344,0.0974052,0.0,0.9356215068600034,0.06437849313999655,snapshot_526.xyz,32,4000,16.757672110741936,4000,all,526
0.0908548,0.0972663,0.0,0.9340830277290284,0.0659169722709716,snapshot_527.xyz,32,4000,16.757672110741936,4000,all,527
0.0919027,0.0976831,0.0,0.9408249738183986,0.05917502618160142,snapshot_528.xyz,32,4000,16.757672110741936,4000,all,528
0.091344,0.0969188,0.0,0.9424796840241522,0.057520315975847836,snapshot_529.xyz,32,4000,16.757672110741936,4000,all,529
0.0918329,0.0974052,0.0,0.9427925819155445,0.05720741808445551,snapshot_530.xyz,32,4000,16.757672110741936,4000,all,530
0.0919726,0.0974747,0.0,0.9435535580001786,0.056446441999821406,snapshot_531.xyz,32,4000,16.757672110741936,4000,all,531
0.0912741,0.0974747,0.0,0.936387595960798,0.06361240403920199,snapshot_532.xyz,32,4000,16.757672110741936,4000,all,532
0.0915535,0.0978915,0.0,0.935254848480205,0.06474515151979499,snapshot_533.xyz,32,4000,16.757672110741936,4000,all,533
0.0919027,0.0980304,0.0,0.9374918392661868,0.06250816073381316,snapshot_534.xyz,32,4000,16.757672110741936,4000,all,534
0.0923216,0.0974747,0.0,0.9471339742517803,0.05286602574821975,snapshot_535.xyz,32,4000,16.757672110741936,4000,all,535
0.0919726,0.0969883,0.0,0.9482855148507604,0.0517144851492396,snapshot_536.xyz,32,4000,16.757672110741936,4000,all,536
0.0911344,0.0975442,0.0,0.9342882508647362,0.06571174913526379,snapshot_537.xyz,32,4000,16.757672110741936,4000,all,537
0.0918329,0.0976137,0.0,0.9407788046145161,0.05922119538548387,snapshot_538.xyz,32,4000,16.757672110741936,4000,all,538
0.0916932,0.0972663,0.0,0.9427026626899553,0.057297337310044716,snapshot_539.xyz,32,4000,16.757672110741936,4000,all,539
0.0916234,0.097961,0.0,0.935304866222272,0.06469513377772795,snapshot_540.xyz,32,4000,16.757672110741936,4000,all,540
0.0912741,0.0974052,0.0,0.9370557218711116,0.06294427812888836,snapshot_541.xyz,32,4000,16.757672110741936,4000,all,541
0.0914138,0.0971968,0.0,0.9405021564495951,0.05949784355040488,snapshot_542.xyz,32,4000,16.757672110741936,4000,all,542
0.0914138,0.0978915,0.0,0.9338277582834056,0.06617224171659442,snapshot_543.xyz,32,4000,16.757672110741936,4000,all,543
0.0898758,0.0969883,0.0,0.9266664123404577,0.07333358765954234,snapshot_544.xyz,32,4000,16.757672110741936,4000,all,544
0.0914138,0.0985164,0.0,0.9279043895229627,0.07209561047703728,snapshot_545.xyz,32,4000,16.757672110741936,4000,all,545
0.0909247,0.0960843,0.0,0.9463013208193222,0.05369867918067783,snapshot_546.xyz,32,4000,16.757672110741936,4000,all,546
0.0915535,0.0976831,0.0,0.9372501486951171,0.06274985130488286,snapshot_547.xyz,32,4000,16.757672110741936,4000,all,547
0.0906451,0.0974747,0.0,0.9299346394500317,0.07006536054996826,snapshot_548.xyz,32,4000,16.757672110741936,4000,all,548
0.0916234,0.0980304,0.0,0.9346427230736587,0.0653572769263413,snapshot_549.xyz,32,4000,16.757672110741936,4000,all,549
0.0914837,0.0983082,0.0,0.9305805619470197,0.06941943805298034,snapshot_550.xyz,32,4000,16.757672110741936,4000,all,550
0.0923216,0.0977526,0.0,0.9444413754723661,0.05555862452763394,snapshot_551.xyz,32,4000,16.757672110741936,4000,all,551
0.0914837,0.0973358,0.0,0.9398772085912891,0.06012279140871091,snapshot_552.xyz,32,4000,16.757672110741936,4000,all,552
0.0912042,0.0969188,0.0,0.9410372394210411,0.058962760578958884,snapshot_553.xyz,32,4000,16.757672110741936,4000,all,553
0.0928101,0.0971968,0.0,0.954867855731876,0.04513214426812395,snapshot_554.xyz,32,4000,16.757672110741936,4000,all,554
0.0908548,0.0974052,0.0,0.9327510235593172,0.06724897644068284,snapshot_555.xyz,32,4000,16.757672110741936,4000,all,555
0.090715,0.0974052,0.0,0.9313157819089741,0.06868421809102587,snapshot_556.xyz,32,4000,16.757672110741936,4000,all,556
0.0919726,0.0976137,0.0,0.942209956184429,0.05779004381557096,snapshot_557.xyz,32,4000,16.757672110741936,4000,all,557
0.0917631,0.0977526,0.0,0.9387279724529066,0.06127202754709338,snapshot_558.xyz,32,4000,16.757672110741936,4000,all,558
0.0916234,0.097961,0.0,0.935304866222272,0.06469513377772795,snapshot_559.xyz,32,4000,16.757672110741936,4000,all,559
0.0912741,0.0974052,0.0,0.9370557218711116,0.06294427812888836,snapshot_560.xyz,32,4000,16.757672110741936,4000,all,560
0.0915535,0.0976137,0.0,0.9379165014746905,0.06208349852530948,snapshot_561.xyz,32,4000,16.757672110741936,4000,all,561
0.0912042,0.0971273,0.0,0.9390171455399254,0.060982854460074565,snapshot_562.xyz,32,4000,16.757672110741936,4000,all,562
0.0911344,0.0969883,0.0,0.9396432353180745,0.06035676468192552,snapshot_563.xyz,32,4000,16.757672110741936,4000,all,563
0.0910645,0.0976831,0.0,0.9322441650602817,0.06775583493971826,snapshot_564.xyz,32,4000,16.757672110741936,4000,all,564
0.0919027,0.0978915,0.0,0.9388220632026274,0.0611779367973726,snapshot_565.xyz,32,4000,16.757672110741936,4000,all,565
0.0916932,0.0971968,0.0,0.9433767366826892,0.056623263317310824,snapshot_566.xyz,32,4000,16.757672110741936,4000,all,566
0.0914837,0.0976831,0.0,0.9365355931578748,0.06346440684212518,snapshot_567.xyz,32,4000,16.757672110741936,4000,all,567
0.091344,0.0967797,0.0,0.9438342958285674,0.05616570417143263,snapshot_568.xyz,32,4000,16.757672110741936,4000,all,568
0.091344,0.0974747,0.0,0.9371047051183538,0.06289529488164625,snapshot_569.xyz,32,4000,16.757672110741936,4000,all,569
0.090715,0.0971968,0.0,0.9333126193454929,0.06668738065450708,snapshot_570.xyz,32,4000,16.757672110741936,4000,all,570
0.091344,0.0974052,0.0,0.9377733426962831,0.062226657303716904,snapshot_571.xyz,32,4000,16.757672110741936,4000,all,571
0.0914138,0.0969883,0.0,0.9425239951623031,0.05747600483769688,snapshot_572.xyz,32,4000,16.757672110741936,4000,all,572
0.0908548,0.0970578,0.0,0.9360896290663914,0.06391037093360863,snapshot_573.xyz,32,4000,16.757672110741936,4000,all,573
0.0917631,0.0965712,0.0,0.9502118644067797,0.04978813559322026,snapshot_574.xyz,32,4000,16.757672110741936,4000,all,574
0.0914138,0.0981693,0.0,0.9311852075954499,0.06881479240455013,snapshot_575.xyz,32,4000,16.757672110741936,4000,all,575
0.0907849,0.0971273,0.0,0.9347001306532767,0.06529986934672327,snapshot_576.xyz,32,4000,16.757672110741936,4000,all,576
0.0916932,0.0974747,0.0,0.9406871731844264,0.059312826815573594,snapshot_577.xyz,32,4000,16.757672110741936,4000,all,577
0.0918329,0.0972663,0.0,0.9441389258150047,0.05586107418499531,snapshot_578.xyz,32,4000,16.757672110741936,4000,all,578
0.0914837,0.0974052,0.0,0.9392075577073914,0.060792442292608606,snapshot_579.xyz,32,4000,16.757672110741936,4000,all,579
0.0907849,0.0967102,0.0,0.9387313851072586,0.06126861489274138,snapshot_580.xyz,32,4000,16.757672110741936,4000,all,580
0.0911344,0.0971273,0.0,0.9382985010393576,0.061701498960642365,snapshot_581.xyz,32,4000,16.757672110741936,4000,all,581
0.0923216,0.0981693,0.0,0.940432497736054,0.059567502263946026,snapshot_582.xyz,32,4000,16.757672110741936,4000,all,582
0.0909247,0.0969883,0.0,0.9374811188566043,0.06251888114339565,snapshot_583.xyz,32,4000,16.757672110741936,4000,all,583
0.0916234,0.0975442,0.0,0.9393013628693453,0.06069863713065471,snapshot_584.xyz,32,4000,16.757672110741936,4000,all,584
0.0917631,0.0974052,0.0,0.9420759877296079,0.05792401227039212,snapshot_585.xyz,32,4000,16.757672110741936,4000,all,585
0.0918329,0.0974747,0.0,0.9421203655923024,0.05787963440769761,snapshot_586.xyz,32,4000,16.757672110741936,4000,all,586
0.090715,0.0977526,0.0,0.9280060070013484,0.07199399299865161,snapshot_587.xyz,32,4000,16.757672110741936,4000,all,587
0.0914138,0.0978915,0.0,0.9338277582834056,0.06617224171659442,snapshot_588.xyz,32,4000,16.757672110741936,4000,all,588
0.0912741,0.0967102,0.0,0.9437897967329196,0.05621020326708037,snapshot_589.xyz,32,4000,16.757672110741936,4000,all,589
0.0914837,0.0965016,0.0,0.9480018984141195,0.051998101585880474,snapshot_590.xyz,32,4000,16.757672110741936,4000,all,590
0.0916234,0.0977526,0.0,0.9372988544550221,0.06270114554497785,snapshot_591.xyz,32,4000,16.757672110741936,4000,all,591
0.090715,0.0969883,0.0,0.9353190023951343,0.06468099760486568,snapshot_592.xyz,32,4000,16.757672110741936,4000,all,592
0.0914837,0.0972663,0.0,0.9405487820550386,0.05945121794496144,snapshot_593.xyz,32,4000,16.757672110741936,4000,all,593
0.0912042,0.0965016,0.0,0.9451055733790942,0.05489442662090582,snapshot_594.xyz,32,4000,16.757672110741936,4000,all,594
0.0919027,0.0975442,0.0,0.9421646802167634,0.05783531978323664,snapshot_595.xyz,32,4000,16.757672110741936,4000,all,595
0.0909247,0.0974747,0.0,0.9328030760802547,0.0671969239197453,snapshot_596.xyz,32,4000,16.757672110741936,4000,all,596
0.0914837,0.0970578,0.0,0.9425692731547594,0.05743072684524064,snapshot_597.xyz,32,4000,16.757672110741936,4000,all,597
0.0914138,0.0968493,0.0,0.9438767239412159,0.05612327605878409,snapshot_598.xyz,32,4000,16.757672110741936,4000,all,598
0.0909247,0.0975442,0.0,0.9321384562075449,0.06786154379245513,snapshot_599.xyz,32,4000,16.757672110741936,4000,all,599
0.0908548,0.0971273,0.0,0.9354198047304929,0.06458019526950709,snapshot_600.xyz,32,4000,16.757672110741936,4000,all,600
0.0919027,0.0971273,0.0,0.9462087384288455,0.05379126157115455,snapshot_601.xyz,32,4000,16.757672110741936,4000,all,601
0.092182,0.0976831,0.0,0.9436842196859028,0.05631578031409723,snapshot_602.xyz,32,4000,16.757672110741936,4000,all,602
0.0917631,0.0968493,0.0,0.9474833581657276,0.052516641834272404,snapshot_603.xyz,32,4000,16.757672110741936,4000,all,603
0.091344,0.0974052,0.0,0.9377733426962831,0.062226657303716904,snapshot_604.xyz,32,4000,16.757672110741936,4000,all,604
0.0909247,0.0976137,0.0,0.9314747827405374,0.06852521725946259,snapshot_605.xyz,32,4000,16.757672110741936,4000,all,605
0.0917631,0.097961,0.0,0.9367309439470809,0.0632690560529191,snapshot_606.xyz,32,4000,16.757672110741936,4000,all,606
0.0910645,0.0973358,0.0,0.935570468419636,0.06442953158036402,snapshot_607.xyz,32,4000,16.757672110741936,4000,all,607
0.0912741,0.0975442,0.0,0.9357204221265847,0.06427957787341532,snapshot_608.xyz,32,4000,16.757672110741936,4000,all,608
0.0912741,0.0976137,0.0,0.9350541983348649,0.06494580166513508,snapshot_609.xyz,32,4000,16.757672110741936,4000,all,609
0.0916932,0.0972663,0.0,0.9427026626899553,0.057297337310044716,snapshot_610.xyz,32,4000,16.757672110741936,4000,all,610
0.0914837,0.0976137,0.0,0.937201437912916,0.06279856208708401,snapshot_611.xyz,32,4000,16.757672110741936,4000,all,611
0.0914138,0.0971273,0.0,0.9411751381949257,0.05882486180507429,snapshot_612.xyz,32,4000,16.757672110741936,4000,all,612
0.0912741,0.0962235,0.0,0.9485635006001651,0.051436499399834856,snapshot_613.xyz,32,4000,16.757672110741936,4000,all,613
0.0916932,0.0976831,0.0,0.9386802834881367,0.0613197165118633,snapshot_614.xyz,32,4000,16.757672110741936,4000,all,614
0.0914837,0.0974052,0.0,0.9392075577073914,0.060792442292608606,snapshot_615.xyz,32,4000,16.757672110741936,4000,all,615
0.0915535,0.0974052,0.0,0.939924151893328,0.06007584810667199,snapshot_616.xyz,32,4000,16.757672110741936,4000,all,616
0.0927403,0.0969188,0.0,0.9568865895987156,0.04311341040128436,snapshot_617.xyz,32,4000,16.757672110741936,4000,all,617
0.090715,0.0973358,0.0,0.9319798059912181,0.0680201940087819,snapshot_618.xyz,32,4000,16.757672110741936,4000,all,618
0.0919027,0.0978221,0.0,0.9394881115821476,0.06051188841785238,snapshot_619.xyz,32,4000,16.757672110741936,4000,all,619
0.0914138,0.0980304,0.0,0.9325046108146045,0.06749538918539555,snapshot_620.xyz,32,4000,16.757672110741936,4000,all,620
0.0909247,0.0965712,0.0,0.9415301870536972,0.058469812946302824,snapshot_621.xyz,32,4000,16.757672110741936,4000,all,621
0.0915535,0.0974052,0.0,0.939924151893328,0.06007584810667199,snapshot_622.xyz,32,4000,16.757672110741936,4000,all,622
0.0912741,0.0965016,0.0,0.9458299137009126,0.05417008629908737,snapshot_623.xyz,32,4000,16.757672110741936,4000,all,623
0.0905053,0.0965712,0.0,0.937187277366337,0.062812722633663,snapshot_624.xyz,32,4000,16.757672110741936,4000,all,624
0.090715,0.0980999,0.0,0.9247206164328404,0.07527938356715957,snapshot_625.xyz,32,4000,16.757672110741936,4000,all,625
0.0914138,0.0976831,0.0,0.9358200139020978,0.06417998609790221,snapshot_626.xyz,32,4000,16.757672110741936,4000,all,626
0.0909946,0.0974747,0.0,0.9335201852378104,0.06647981476218956,snapshot_627.xyz,32,4000,16.757672110741936,4000,all,627
0.0918329,0.0975442,0.0,0.9414491071739786,0.05855089282602144,snapshot_628.xyz,32,4000,16.757672110741936,4000,all,628
0.0920424,0.0969188,0.0,0.9496857162903378,0.05031428370966218,snapshot_629.xyz,32,4000,16.757672110741936,4000,all,629
0.0912741,0.0974052,0.0,0.9370557218711116,0.06294427812888836,snapshot_630.xyz,32,4000,16.757672110741936,4000,all,630
0.0907849,0.0975442,0.0,0.9307052597694174,0.06929474023058257,snapshot_631.xyz,32,4000,16.757672110741936,4000,all,631
0.0916932,0.0973358,0.0,0.9420295513058916,0.05797044869410839,snapshot_632.xyz,32,4000,16.757672110741936,4000,all,632
0.0916234,0.0972663,0.0,0.941985045180088,0.058014954819912035,snapshot_633.xyz,32,4000,16.757672110741936,4000,all,633
0.0914837,0.0971273,0.0,0.9418948122721418,0.05810518772785822,snapshot_634.xyz,32,4000,16.757672110741936,4000,all,634
0.0912042,0.0976831,0.0,0.9336742998533012,0.06632570014669881,snapshot_635.xyz,32,4000,16.757672110741936,4000,all,635
0.0909946,0.0967102,0.0,0.9408997189541537,0.059100281045846303,snapshot_636.xyz,32,4000,16.757672110741936,4000,all,636
0.0909247,0.0978915,0.0,0.9288314102858777,0.07116858971412232,snapshot_637.xyz,32,4000,16.757672110741936,4000,all,637
0.0912741,0.0976137,0.0,0.9350541983348649,0.06494580166513508,snapshot_638.xyz,32,4000,16.757672110741936,4000,all,638
0.091344,0.0975442,0.0,0.9364370203456484,0.06356297965435165,snapshot_639.xyz,32,4000,16.757672110741936,4000,all,639
0.092182,0.0976137,0.0,0.944355146869753,0.05564485313024703,snapshot_640.xyz,32,4000,16.757672110741936,4000,all,640
0.0911344,0.0969883,0.0,0.9396432353180745,0.06035676468192552,snapshot_641.xyz,32,4000,16.757672110741936,4000,all,641
0.0914837,0.0967797,0.0,0.9452777803609642,0.054722219639035785,snapshot_642.xyz,32,4000,16.757672110741936,4000,all,642
0.0914837,0.0970578,0.0,0.9425692731547594,0.05743072684524064,snapshot_643.xyz,32,4000,16.757672110741936,4000,all,643
0.0914138,0.0969883,0.0,0.9425239951623031,0.05747600483769688,snapshot_644.xyz,32,4000,16.757672110741936,4000,all,644
0.0918329,0.0980304,0.0,0.9367798152409864,0.06322018475901359,snapshot_645.xyz,32,4000,16.757672110741936,4000,all,645
0.0923216,0.0970578,0.0,0.951202273284579,0.04879772671542104,snapshot_646.xyz,32,4000,16.757672110741936,4000,all,646
0.0917631,0.0965712,0.0,0.9502118644067797,0.04978813559322026,snapshot_647.xyz,32,4000,16.757672110741936,4000,all,647
0.091344,0.0976831,0.0,0.9351054583648554,0.06489454163514463,snapshot_648.xyz,32,4000,16.757672110741936,4000,all,648
0.091344,0.0980304,0.0,0.931792586789404,0.06820741321059598,snapshot_649.xyz,32,4000,16.757672110741936,4000,all,649
0.0914837,0.0976831,0.0,0.9365355931578748,0.06346440684212518,snapshot_650.xyz,32,4000,16.757672110741936,4000,all,650
0.0915535,0.0970578,0.0,0.9432884322537703,0.05671156774622965,snapshot_651.xyz,32,4000,16.757672110741936,4000,all,651
0.0914138,0.0973358,0.0,0.9391590761056056,0.06084092389439444,snapshot_652.xyz,32,4000,16.757672110741936,4000,all,652
0.0911344,0.097961,0.0,0.9303130837782383,0.06968691622176171,snapshot_653.xyz,32,4000,16.757672110741936,4000,all,653
0.0919027,0.0971273,0.0,0.9462087384288455,0.05379126157115455,snapshot_654.xyz,32,4000,16.757672110741936,4000,all,654
0.0919027,0.0981693,0.0,0.9361653796044181,0.06383462039558185,snapshot_655.xyz,32,4000,16.757672110741936,4000,all,655
0.0915535,0.0974747,0.0,0.9392539807765502,0.0607460192234498,snapshot_656.xyz,32,4000,16.757672110741936,4000,all,656
0.0921122,0.0980999,0.0,0.9389632405333747,0.061036759466625345,snapshot_657.xyz,32,4000,16.757672110741936,4000,all,657
0.0916234,0.0971968,0.0,0.9426586060446434,0.057341393955356645,snapshot_658.xyz,32,4000,16.757672110741936,4000,all,658
0.0917631,0.0974747,0.0,0.9414042823419821,0.058595717658017854,snapshot_659.xyz,32,4000,16.757672110741936,4000,all,659
0.0914138,0.0971273,0.0,0.9411751381949257,0.05882486180507429,snapshot_660.xyz,32,4000,16.757672110741936,4000,all,660
0.0912741,0.0969188,0.0,0.9417584617225966,0.058241538277403415,snapshot_661.xyz,32,4000,16.757672110741936,4000,all,661
0.0915535,0.0974747,0.0,0.9392539807765502,0.0607460192234498,snapshot_662.xyz,32,4000,16.757672110741936,4000,all,662
0.0916234,0.0976137,0.0,0.9386325894828287,0.06136741051717132,snapshot_663.xyz,32,4000,16.757672110741936,4000,all,663
0.091344,0.0969188,0.0,0.9424796840241522,0.057520315975847836,snapshot_664.xyz,32,4000,16.757672110741936,4000,all,664
0.0907849,0.0973358,0.0,0.9326979384769016,0.06730206152309837,snapshot_665.xyz,32,4000,16.757672110741936,4000,all,665
0.0918329,0.0974747,0.0,0.9421203655923024,0.05787963440769761,snapshot_666.xyz,32,4000,16.757672110741936,4000,all,666
0.0909247,0.0967797,0.0,0.939501775682297,0.06049822431770302,snapshot_667.xyz,32,4000,16.757672110741936,4000,all,667
0.092531,0.0972663,0.0,0.9513161290189922,0.04868387098100779,snapshot_668.xyz,32,4000,16.757672110741936,4000,all,668
0.0909946,0.0973358,0.0,0.9348523359339523,0.06514766406604766,snapshot_669.xyz,32,4000,16.757672110741936,4000,all,669
0.0912741,0.0972663,0.0,0.9383938733148068,0.06160612668519316,snapshot_670.xyz,32,4000,16.757672110741936,4000,all,670
0.092182,0.0978915,0.0,0.9416752220570733,0.058324777942926676,snapshot_671.xyz,32,4000,16.757672110741936,4000,all,671
0.0912042,0.0978915,0.0,0.9316866122186297,0.0683133877813703,snapshot_672.xyz,32,4000,16.757672110741936,4000,all,672
0.0916234,0.0967797,0.0,0.9467212648933608,0.05327873510663916,snapshot_673.xyz,32,4000,16.757672110741936,4000,all,673
0.0910645,0.0971968,0.0,0.9369084167379996,0.06309158326200037,snapshot_674.xyz,32,4000,16.757672110741936,4000,all,674
0.0915535,0.0971968,0.0,0.941939446566142,0.058060553433857964,snapshot_675.xyz,32,4000,16.757672110741936,4000,all,675
0.0914138,0.0976137,0.0,0.9364853499047777,0.06351465009522228,snapshot_676.xyz,32,4000,16.757672110741936,4000,all,676
0.0912042,0.0969883,0.0,0.940362909753032,0.05963709024696795,snapshot_677.xyz,32,4000,16.757672110741936,4000,all,677
0.0909247,0.0966407,0.0,0.9408530774301097,0.05914692256989029,snapshot_678.xyz,32,4000,16.757672110741936,4000,all,678
0.0914837,0.0971273,0.0,0.9418948122721418,0.05810518772785822,snapshot_679.xyz,32,4000,16.757672110741936,4000,all,679
0.0910645,0.0964321,0.0,0.9443380368155417,0.05566196318445826,snapshot_680.xyz,32,4000,16.757672110741936,4000,all,680
0.0915535,0.0977526,0.0,0.9365837839607335,0.0634162160392665,snapshot_681.xyz,32,4000,16.757672110741936,4000,all,681
0.0917631,0.0970578,0.0,0.9454479701785946,0.05455202982140539,snapshot_682.xyz,32,4000,16.757672110741936,4000,all,682
0.0909247,0.0970578,0.0,0.9368098184792979,0.0631901815207021,snapshot_683.xyz,32,4000,16.757672110741936,4000,all,683
0.0914837,0.0974052,0.0,0.9392075577073914,0.060792442292608606,snapshot_684.xyz,32,4000,16.757672110741936,4000,all,684
0.0909247,0.0976831,0.0,0.9308130065487275,0.06918699345127255,snapshot_685.xyz,32,4000,16.757672110741936,4000,all,685
0.0922518,0.0969188,0.0,0.9518462878203197,0.04815371217968034,snapshot_686.xyz,32,4000,16.757672110741936,4000,all,686
0.0918329,0.0975442,0.0,0.9414491071739786,0.05855089282602144,snapshot_687.xyz,32,4000,16.757672110741936,4000,all,687
0.0912042,0.0980999,0.0,0.9297073697322831,0.07029263026771693,snapshot_688.xyz,32,4000,16.757672110741936,4000,all,688
0.091344,0.0976831,0.0,0.9351054583648554,0.06489454163514463,snapshot_689.xyz,32,4000,16.757672110741936,4000,all,689
0.0914837,0.0978221,0.0,0.9352048259033491,0.06479517409665092,snapshot_690.xyz,32,4000,16.757672110741936,4000,all,690
0.0914837,0.0969883,0.0,0.9432447006494598,0.056755299350540245,snapshot_691.xyz,32,4000,16.757672110741936,4000,all,691
0.0909946,0.0978221,0.0,0.930204933241057,0.06979506675894298,snapshot_692.xyz,32,4000,16.757672110741936,4000,all,692
0.0912042,0.0974052,0.0,0.9363381010459401,0.06366189895405994,snapshot_693.xyz,32,4000,16.757672110741936,4000,all,693
0.0910645,0.0969188,0.0,0.9395958266094917,0.0604041733905083,snapshot_694.xyz,32,4000,16.757672110741936,4000,all,694
0.0914837,0.0969883,0.0,0.9432447006494598,0.056755299350540245,snapshot_695.xyz,32,4000,16.757672110741936,4000,all,695
0.0916932,0.0971273,0.0,0.9440517753504937,0.05594822464950633,snapshot_696.xyz,32,4000,16.757672110741936,4000,all,696
0.0920424,0.0974052,0.0,0.9449433911125895,0.055056608887410485,snapshot_697.xyz,32,4000,16.757672110741936,4000,all,697
0.0915535,0.0969883,0.0,0.9439643750844173,0.05603562491558267,snapshot_698.xyz,32,4000,16.757672110741936,4000,all,698
0.0919027,0.0976137,0.0,0.9414938681762909,0.05850613182370912,snapshot_699.xyz,32,4000,16.757672110741936,4000,all,699
0.0907849,0.0970578,0.0,0.9353694396534848,0.06463056034651515,snapshot_700.xyz,32,4000,16.757672110741936,4000,all,700
0.0916234,0.0974052,0.0,0.9406417727184996,0.05935822728150042,snapshot_701.xyz,32,4000,16.757672110741936,4000,all,701
0.0916932,0.0969188,0.0,0.946082700157245,0.05391729984275495,snapshot_702.xyz,32,4000,16.757672110741936,4000,all,702
0.0912741,0.0970578,0.0,0.9404097352299351,0.059590264770064905,snapshot_703.xyz,32,4000,16.757672110741936,4000,all,703
0.0912042,0.0969883,0.0,0.940362909753032,0.05963709024696795,snapshot_704.xyz,32,4000,16.757672110741936,4000,all,704
0.0914837,0.0972663,0.0,0.9405487820550386,0.05945121794496144,snapshot_705.xyz,32,4000,16.757672110741936,4000,all,705
0.0920424,0.0969188,0.0,0.9496857162903378,0.05031428370966218,snapshot_706.xyz,32,4000,16.757672110741936,4000,all,706
0.091344,0.0975442,0.0,0.9364370203456484,0.06356297965435165,snapshot_707.xyz,32,4000,16.757672110741936,4000,all,707
0.0916932,0.0974052,0.0,0.9413583669044364,0.05864163309556358,snapshot_708.xyz,32,4000,16.757672110741936,4000,all,708
0.0917631,0.097961,0.0,0.9367309439470809,0.0632690560529191,snapshot_709.xyz,32,4000,16.757672110741936,4000,all,709
0.0920424,0.0972663,0.0,0.9462928064499214,0.05370719355007858,snapshot_710.xyz,32,4000,16.757672110741936,4000,all,710
0.0920424,0.0974052,0.0,0.9449433911125895,0.055056608887410485,snapshot_711.xyz,32,4000,16.757672110741936,4000,all,711
0.0910645,0.0976137,0.0,0.932906958756814,0.06709304124318605,snapshot_712.xyz,32,4000,16.757672110741936,4000,all,712
0.0918329,0.0968493,0.0,0.9482040654914388,0.05179593450856124,snapshot_713.xyz,32,4000,16.757672110741936,4000,all,713
0.0916234,0.0974052,0.0,0.9406417727184996,0.05935822728150042,snapshot_714.xyz,32,4000,16.757672110741936,4000,all,714
0.0909247,0.0969188,0.0,0.9381533820063805,0.06184661799361946,snapshot_715.xyz,32,4000,16.757672110741936,4000,all,715
0.0912741,0.0971273,0.0,0.9397368196171416,0.06026318038285838,snapshot_716.xyz,32,4000,16.757672110741936,4000,all,716
0.0924612,0.0969883,0.0,0.9533232358954636,0.04667676410453636,snapshot_717.xyz,32,4000,16.757672110741936,4000,all,717
0.0909247,0.0963626,0.0,0.9435683553577839,0.05643164464221606,snapshot_718.xyz,32,4000,16.757672110741936,4000,all,718
0.0912042,0.0966407,0.0,0.9437452336334484,0.05625476636655158,snapshot_719.xyz,32,4000,16.757672110741936,4000,all,719
0.0916932,0.0981693,0.0,0.9340313112144021,0.06596868878559792,snapshot_720.xyz,32,4000,16.757672110741936,4000,all,720
0.0923216,0.0977526,0.0,0.9444413754723661,0.05555862452763394,snapshot_721.xyz,32,4000,16.757672110741936,4000,all,721
0.0916234,0.0969188,0.0,0.945362509647251,0.05463749035274901,snapshot_722.xyz,32,4000,16.757672110741936,4000,all,722
0.0928101,0.0969883,0.0,0.9569205770180528,0.043079422981947224,snapshot_723.xyz,32,4000,16.757672110741936,4000,all,723
0.0911344,0.0975442,0.0,0.9342882508647362,0.06571174913526379,snapshot_724.xyz,32,4000,16.757672110741936,4000,all,724
0.0919027,0.0970578,0.0,0.9468862883766168,0.053113711623383186,snapshot_725.xyz,32,4000,16.757672110741936,4000,all,725
0.0923216,0.0974747,0.0,0.9471339742517803,0.05286602574821975,snapshot_726.xyz,32,4000,16.757672110741936,4000,all,726
0.0912042,0.0974747,0.0,0.9356704868032423,0.06432951319675773,snapshot_727.xyz,32,4000,16.757672110741936,4000,all,727
0.0916234,0.0976137,0.0,0.9386325894828287,0.06136741051717132,snapshot_728.xyz,32,4000,16.757672110741936,4000,all,728
0.0926705,0.0976137,0.0,0.9493595673558118,0.05064043264418816,snapshot_729.xyz,32,4000,16.757672110741936,4000,all,729
0.0908548,0.0973358,0.0,0.9334160709625852,0.06658392903741484,snapshot_730.xyz,32,4000,16.757672110741936,4000,all,730
0.0916932,0.0975442,0.0,0.9400169359121301,0.05998306408786991,snapshot_731.xyz,32,4000,16.757672110741936,4000,all,731
0.0919726,0.0981693,0.0,0.9368774148333542,0.06312258516664582,snapshot_732.xyz,32,4000,16.757672110741936,4000,all,732
0.0912042,0.0965712,0.0,0.9444244246731945,0.05557557532680546,snapshot_733.xyz,32,4000,16.757672110741936,4000,all,733
0.0919027,0.0971968,0.0,0.9455321574372819,0.05446784256271808,snapshot_734.xyz,32,4000,16.757672110741936,4000,all,734
0.091344,0.0970578,0.0,0.9411299246428416,0.05887007535715838,snapshot_735.xyz,32,4000,16.757672110741936,4000,all,735
0.0924612,0.0976137,0.0,0.9472154011168514,0.05278459888314857,snapshot_736.xyz,32,4000,16.757672110741936,4000,all,736
0.0911344,0.0978915,0.0,0.9309735778898065,0.0690264221101935,snapshot_737.xyz,32,4000,16.757672110741936,4000,all,737
0.0917631,0.0975442,0.0,0.9407335341311939,0.05926646586880613,snapshot_738.xyz,32,4000,16.757672110741936,4000,all,738
0.0911344,0.0971273,0.0,0.9382985010393576,0.061701498960642365,snapshot_739.xyz,32,4000,16.757672110741936,4000,all,739
0.0914138,0.0967102,0.0,0.9452343186137554,0.0547656813862446,snapshot_740.xyz,32,4000,16.757672110741936,4000,all,740
0.0923914,0.0971968,0.0,0.9505601007440574,0.04943989925594261,snapshot_741.xyz,32,4000,16.757672110741936,4000,all,741
0.0921122,0.0971273,0.0,0.9483657015071973,0.051634298492802655,snapshot_742.xyz,32,4000,16.757672110741936,4000,all,742
0.0914837,0.097961,0.0,0.9338787884974632,0.0661212115025368,snapshot_743.xyz,32,4000,16.757672110741936,4000,all,743
0.0911344,0.0973358,0.0,0.9362886009053195,0.06371139909468049,snapshot_744.xyz,32,4000,16.757672110741936,4000,all,744
0.0916234,0.0973358,0.0,0.9413124461914321,0.05868755380856794,snapshot_745.xyz,32,4000,16.757672110741936,4000,all,745
0.092182,0.0977526,0.0,0.9430132804651744,0.05698671953482559,snapshot_746.xyz,32,4000,16.757672110741936,4000,all,746
0.0916234,0.0969883,0.0,0.9446850805715741,0.055314919428425924,snapshot_747.xyz,32,4000,16.757672110741936,4000,all,747
0.090715,0.0977526,0.0,0.9280060070013484,0.07199399299865161,snapshot_748.xyz,32,4000,16.757672110741936,4000,all,748
0.0912042,0.0973358,0.0,0.937005706019779,0.06299429398022105,snapshot_749.xyz,32,4000,16.757672110741936,4000,all,749
0.0914837,0.0969883,0.0,0.9432447006494598,0.056755299350540245,snapshot_750.xyz,32,4000,16.757672110741936,4000,all,750
0.0915535,0.0981693,0.0,0.932608259404926,0.06739174059507402,snapshot_751.xyz,32,4000,16.757672110741936,4000,all,751
0.0912042,0.0969188,0.0,0.9410372394210411,0.058962760578958884,snapshot_752.xyz,32,4000,16.757672110741936,4000,all,752
0.0911344,0.0972663,0.0,0.9369576101897574,0.06304238981024257,snapshot_753.xyz,32,4000,16.757672110741936,4000,all,753
0.0912741,0.0969883,0.0,0.9410836152401887,0.05891638475981131,snapshot_754.xyz,32,4000,16.757672110741936,4000,all,754
0.0916234,0.0977526,0.0,0.9372988544550221,0.06270114554497785,snapshot_755.xyz,32,4000,16.757672110741936,4000,all,755
0.0916932,0.0971273,0.0,0.9440517753504937,0.05594822464950633,snapshot_756.xyz,32,4000,16.757672110741936,4000,all,756
0.0916932,0.0969883,0.0,0.9454047550065318,0.05459524499346824,snapshot_757.xyz,32,4000,16.757672110741936,4000,all,757
0.0919027,0.0975442,0.0,0.9421646802167634,0.05783531978323664,snapshot_758.xyz,32,4000,16.757672110741936,4000,all,758
0.0920424,0.0976137,0.0,0.9429250197462037,0.057074980253796315,snapshot_759.xyz,32,4000,16.757672110741936,4000,all,759
0.0916234,0.0971273,0.0,0.9433331308499258,0.05666686915007424,snapshot_760.xyz,32,4000,16.757672110741936,4000,all,760
0.0914138,0.0969883,0.0,0.9425239951623031,0.05747600483769688,snapshot_761.xyz,32,4000,16.757672110741936,4000,all,761
0.0923216,0.0974052,0.0,0.9478097678563363,0.052190232143663695,snapshot_762.xyz,32,4000,16.757672110741936,4000,all,762
0.0912042,0.0974747,0.0,0.9356704868032423,0.06432951319675773,snapshot_763.xyz,32,4000,16.757672110741936,4000,all,763
0.0919726,0.0976137,0.0,0.942209956184429,0.05779004381557096,snapshot_764.xyz,32,4000,16.757672110741936,4000,all,764
0.0916932,0.0977526,0.0,0.9380129019586181,0.061987098041381916,snapshot_765.xyz,32,4000,16.757672110741936,4000,all,765
0.0918329,0.0970578,0.0,0.9461671292776057,0.05383287072239429,snapshot_766.xyz,32,4000,16.757672110741936,4000,all,766
0.0918329,0.0970578,0.0,0.9461671292776057,0.05383287072239429,snapshot_767.xyz,32,4000,16.757672110741936,4000,all,767
0.0919027,0.0971273,0.0,0.9462087384288455,0.05379126157115455,snapshot_768.xyz,32,4000,16.757672110741936,4000,all,768
0.0919726,0.0967102,0.0,0.9510124061370984,0.048987593862901635,snapshot_769.xyz,32,4000,16.757672110741936,4000,all,769
0.092531,0.0973358,0.0,0.950636867421853,0.04936313257814695,snapshot_770.xyz,32,4000,16.757672110741936,4000,all,770
0.0912042,0.0971968,0.0,0.9383457068545467,0.06165429314545334,snapshot_771.xyz,32,4000,16.757672110741936,4000,all,771
0.0909946,0.0970578,0.0,0.9375300078922044,0.06246999210779558,snapshot_772.xyz,32,4000,16.757672110741936,4000,all,772
0.0918329,0.0978221,0.0,0.9387745713903095,0.06122542860969049,snapshot_773.xyz,32,4000,16.757672110741936,4000,all,773
0.0914138,0.0972663,0.0,0.9398301364398564,0.060169863560143644,snapshot_774.xyz,32,4000,16.757672110741936,4000,all,774
0.0912042,0.0971273,0.0,0.9390171455399254,0.060982854460074565,snapshot_775.xyz,32,4000,16.757672110741936,4000,all,775
0.0920424,0.0976137,0.0,0.9429250197462037,0.057074980253796315,snapshot_776.xyz,32,4000,16.757672110741936,4000,all,776
0.0909946,0.0971968,0.0,0.9361892572594982,0.0638107427405018,snapshot_777.xyz,32,4000,16.757672110741936,4000,all,777
0.0907849,0.0967102,0.0,0.9387313851072586,0.06126861489274138,snapshot_778.xyz,32,4000,16.757672110741936,4000,all,778
0.0912042,0.0976831,0.0,0.9336742998533012,0.06632570014669881,snapshot_779.xyz,32,4000,16.757672110741936,4000,all,779
0.0920424,0.0976831,0.0,0.9422551086114179,0.057744891388582076,snapshot_780.xyz,32,4000,16.757672110741936,4000,all,780
0.090715,0.0963626,0.0,0.9413921998783761,0.05860780012162392,snapshot_781.xyz,32,4000,16.757672110741936,4000,all,781
0.091344,0.0965712,0.0,0.9458720612356479,0.05412793876435207,snapshot_782.xyz,32,4000,16.757672110741936,4000,all,782
0.0912741,0.0971968,0.0,0.939064866333048,0.060935133666952024,snapshot_783.xyz,32,4000,16.757672110741936,4000,all,783
0.0916234,0.0967102,0.0,0.9474016184435561,0.05259838155644392,snapshot_784.xyz,32,4000,16.757672110741936,4000,all,784
0.0914138,0.0971273,0.0,0.9411751381949257,0.05882486180507429,snapshot_785.xyz,32,4000,16.757672110741936,4000,all,785
0.0912042,0.0971968,0.0,0.9383457068545467,0.06165429314545334,snapshot_786.xyz,32,4000,16.757672110741936,4000,all,786
0.0912741,0.0975442,0.0,0.9357204221265847,0.06427957787341532,snapshot_787.xyz,32,4000,16.757672110741936,4000,all,787
0.0912042,0.0969883,0.0,0.940362909753032,0.05963709024696795,snapshot_788.xyz,32,4000,16.757672110741936,4000,all,788
0.0916932,0.0971273,0.0,0.9440517753504937,0.05594822464950633,snapshot_789.xyz,32,4000,16.757672110741936,4000,all,789
0.0914837,0.0974052,0.0,0.9392075577073914,0.060792442292608606,snapshot_790.xyz,32,4000,16.757672110741936,4000,all,790
0.0912042,0.0971273,0.0,0.9390171455399254,0.060982854460074565,snapshot_791.xyz,32,4000,16.757672110741936,4000,all,791
0.092182,0.0971273,0.0,0.949084346007765,0.050915653992234966,snapshot_792.xyz,32,4000,16.757672110741936,4000,all,792
0.0916932,0.0971968,0.0,0.9433767366826892,0.056623263317310824,snapshot_793.xyz,32,4000,16.757672110741936,4000,all,793
0.0917631,0.0977526,0.0,0.9387279724529066,0.06127202754709338,snapshot_794.xyz,32,4000,16.757672110741936,4000,all,794
0.092182,0.0967102,0.0,0.9531776379327104,0.046822362067289625,snapshot_795.xyz,32,4000,16.757672110741936,4000,all,795
0.0912042,0.0970578,0.0,0.9396895458170286,0.06031045418297143,snapshot_796.xyz,32,4000,16.757672110741936,4000,all,796
0.0919726,0.0968493,0.0,0.9496465126748465,0.050353487325153545,snapshot_797.xyz,32,4000,16.757672110741936,4000,all,797
0.0909247,0.0967102,0.0,0.9401769410051887,0.05982305899481133,snapshot_798.xyz,32,4000,16.757672110741936,4000,all,798
0.0922518,0.0972663,0.0,0.9484456589795232,0.051554341020476846,snapshot_799.xyz,32,4000,16.757672110741936,4000,all,799
0.0909247,0.0967102,0.0,0.9401769410051887,0.05982305899481133,snapshot_800.xyz,32,4000,16.757672110741936,4000,all,800
0.0918329,0.0966407,0.0,0.9502507742597063,0.04974922574029372,snapshot_801.xyz,32,4000,16.757672110741936,4000,all,801
0.0926705,0.0967797,0.0,0.9575406826018267,0.042459317398173324,snapshot_802.xyz,32,4000,16.757672110741936,4000,all,802
0.092182,0.0969188,0.0,0.9511260973103257,0.04887390268967429,snapshot_803.xyz,32,4000,16.757672110741936,4000,all,803
0.0912042,0.0967102,0.0,0.9430670187839546,0.0569329812160454,snapshot_804.xyz,32,4000,16.757672110741936,4000,all,804
0.0914837,0.0974747,0.0,0.93853789752623,0.06146210247377004,snapshot_805.xyz,32,4000,16.757672110741936,4000,all,805
0.091344,0.0967102,0.0,0.9445125746818847,0.055487425318115347,snapshot_806.xyz,32,4000,16.757672110741936,4000,all,806
0.0914138,0.0974747,0.0,0.9378207883686742,0.06217921163132578,snapshot_807.xyz,32,4000,16.757672110741936,4000,all,807
0.0915535,0.096293,0.0,0.9507804305608922,0.04921956943910777,snapshot_808.xyz,32,4000,16.757672110741936,4000,all,808
0.0914837,0.0974052,0.0,0.9392075577073914,0.060792442292608606,snapshot_809.xyz,32,4000,16.757672110741936,4000,all,809
0.0914837,0.0976831,0.0,0.9365355931578748,0.06346440684212518,snapshot_810.xyz,32,4000,16.757672110741936,4000,all,810
0.0917631,0.0974052,0.0,0.9420759877296079,0.05792401227039212,snapshot_811.xyz,32,4000,16.757672110741936,4000,all,811
0.0917631,0.0972663,0.0,0.9434213083051376,0.056578691694862404,snapshot_812.xyz,32,4000,16.757672110741936,4000,all,812
0.0919027,0.0967797,0.0,0.9496072006836145,0.05039279931638552,snapshot_813.xyz,32,4000,16.757672110741936,4000,all,813
0.0909946,0.0974052,0.0,0.9341862652096602,0.0658137347903398,snapshot_814.xyz,32,4000,16.757672110741936,4000,all,814
0.0923914,0.0969883,0.0,0.9526035614605061,0.047396438539493935,snapshot_815.xyz,32,4000,16.757672110741936,4000,all,815
0.0917631,0.0965016,0.0,0.9508971871968962,0.0491028128031038,snapshot_816.xyz,32,4000,16.757672110741936,4000,all,816
0.0919726,0.0971273,0.0,0.9469284125060616,0.053071587493938366,snapshot_817.xyz,32,4000,16.757672110741936,4000,all,817
0.0912042,0.0969188,0.0,0.9410372394210411,0.058962760578958884,snapshot_818.xyz,32,4000,16.757672110741936,4000,all,818
0.0924612,0.0976137,0.0,0.9472154011168514,0.05278459888314857,snapshot_819.xyz,32,4000,16.757672110741936,4000,all,819
0.0919027,0.0974747,0.0,0.9428364488426229,0.057163551157377146,snapshot_820.xyz,32,4000,16.757672110741936,4000,all,820
0.0929496,0.0976831,0.0,0.9515422831584992,0.0484577168415008,snapshot_821.xyz,32,4000,16.757672110741936,4000,all,821
0.092182,0.0973358,0.0,0.9470513418495559,0.05294865815044414,snapshot_822.xyz,32,4000,16.757672110741936,4000,all,822
0.091344,0.0963626,0.0,0.9479196285695901,0.05208037143040989,snapshot_823.xyz,32,4000,16.757672110741936,4000,all,823
0.0916932,0.0967797,0.0,0.9474424905222893,0.05255750947771065,snapshot_824.xyz,32,4000,16.757672110741936,4000,all,824
0.0916234,0.0970578,0.0,0.9440086216666769,0.05599137833332313,snapshot_825.xyz,32,4000,16.757672110741936,4000,all,825
0.0916234,0.0969883,0.0,0.9446850805715741,0.055314919428425924,snapshot_826.xyz,32,4000,16.757672110741936,4000,all,826
0.0910645,0.0976831,0.0,0.9322441650602817,0.06775583493971826,snapshot_827.xyz,32,4000,16.757672110741936,4000,all,827
0.0914837,0.0973358,0.0,0.9398772085912891,0.06012279140871091,snapshot_828.xyz,32,4000,16.757672110741936,4000,all,828
0.0912042,0.0983082,0.0,0.9277374623886919,0.07226253761130808,snapshot_829.xyz,32,4000,16.757672110741936,4000,all,829
0.0920424,0.0964321,0.0,0.9544788509220477,0.04552114907795235,snapshot_830.xyz,32,4000,16.757672110741936,4000,all,830
0.0918329,0.0965016,0.0,0.951620491266466,0.04837950873353403,snapshot_831.xyz,32,4000,16.757672110741936,4000,all,831
0.0914138,0.0971968,0.0,0.9405021564495951,0.05949784355040488,snapshot_832.xyz,32,4000,16.757672110741936,4000,all,832
0.0922518,0.0974052,0.0,0.9470931736703995,0.05290682632960053,snapshot_833.xyz,32,4000,16.757672110741936,4000,all,833
0.0911344,0.0974747,0.0,0.934954403552922,0.06504559644707797,snapshot_834.xyz,32,4000,16.757672110741936,4000,all,834
0.0906451,0.0978221,0.0,0.9266321209624411,0.07336787903755893,snapshot_835.xyz,32,4000,16.757672110741936,4000,all,835
0.0923914,0.0975442,0.0,0.9471747166925353,0.05282528330746472,snapshot_836.xyz,32,4000,16.757672110741936,4000,all,836
0.091344,0.0969883,0.0,0.9418043207273454,0.058195679272654566,snapshot_837.xyz,32,4000,16.757672110741936,4000,all,837
0.0919027,0.0973358,0.0,0.944181894020494,0.05581810597950598,snapshot_838.xyz,32,4000,16.757672110741936,4000,all,838
0.0927403,0.0976137,0.0,0.9500746309175864,0.04992536908241363,snapshot_839.xyz,32,4000,16.757672110741936,4000,all,839
0.0924612,0.0971273,0.0,0.9519589240100362,0.048041075989963766,snapshot_840.xyz,32,4000,16.757672110741936,4000,all,840
0.0916932,0.0967797,0.0,0.9474424905222893,0.05255750947771065,snapshot_841.xyz,32,4000,16.757672110741936,4000,all,841
0.0914837,0.0971273,0.0,0.9418948122721418,0.05810518772785822,snapshot_842.xyz,32,4000,16.757672110741936,4000,all,842
0.0909946,0.0969188,0.0,0.9388746043079361,0.06112539569206388,snapshot_843.xyz,32,4000,16.757672110741936,4000,all,843
0.0912741,0.096293,0.0,0.9478788696997704,0.05212113030022958,snapshot_844.xyz,32,4000,16.757672110741936,4000,all,844
0.0906451,0.0967797,0.0,0.9366127400684235,0.06338725993157646,snapshot_845.xyz,32,4000,16.757672110741936,4000,all,845
0.0916932,0.0976831,0.0,0.9386802834881367,0.0613197165118633,snapshot_846.xyz,32,4000,16.757672110741936,4000,all,846
0.0910645,0.0974747,0.0,0.9342372943953663,0.06576270560463371,snapshot_847.xyz,32,4000,16.757672110741936,4000,all,847
0.0914837,0.0973358,0.0,0.9398772085912891,0.06012279140871091,snapshot_848.xyz,32,4000,16.757672110741936,4000,all,848
0.092531,0.0971968,0.0,0.9519963620201488,0.04800363797985119,snapshot_849.xyz,32,4000,16.757672110741936,4000,all,849
0.0919027,0.0974052,0.0,0.9435091761014813,0.05649082389851867,snapshot_850.xyz,32,4000,16.757672110741936,4000,all,850
0.0918329,0.0971273,0.0,0.9454900939282775,0.05450990607172246,snapshot_851.xyz,32,4000,16.757672110741936,4000,all,851
0.0909247,0.0969188,0.0,0.9381533820063805,0.06184661799361946,snapshot_852.xyz,32,4000,16.757672110741936,4000,all,852
0.0919726,0.0970578,0.0,0.9476064777895233,0.05239352221047666,snapshot_853.xyz,32,4000,16.757672110741936,4000,all,853
0.0914837,0.0972663,0.0,0.9405487820550386,0.05945121794496144,snapshot_854.xyz,32,4000,16.757672110741936,4000,all,854
0.0920424,0.0975442,0.0,0.9435968514786117,0.05640314852138828,snapshot_855.xyz,32,4000,16.757672110741936,4000,all,855
0.091344,0.0965016,0.0,0.9465542540227311,0.05344574597726892,snapshot_856.xyz,32,4000,16.757672110741936,4000,all,856
0.0918329,0.0971273,0.0,0.9454900939282775,0.05450990607172246,snapshot_857.xyz,32,4000,16.757672110741936,4000,all,857
0.0923914,0.0967797,0.0,0.9546568133606531,0.04534318663934689,snapshot_858.xyz,32,4000,16.757672110741936,4000,all,858
0.0916932,0.0974052,0.0,0.9413583669044364,0.05864163309556358,snapshot_859.xyz,32,4000,16.757672110741936,4000,all,859
0.0914837,0.0975442,0.0,0.9378691916074969,0.06213080839250307,snapshot_860.xyz,32,4000,16.757672110741936,4000,all,860
0.0909247,0.0969188,0.0,0.9381533820063805,0.06184661799361946,snapshot_861.xyz,32,4000,16.757672110741936,4000,all,861
0.0907849,0.0976831,0.0,0.9293818480371734,0.07061815196282661,snapshot_862.xyz,32,4000,16.757672110741936,4000,all,862
0.092182,0.0975442,0.0,0.9450279975641812,0.05497200243581879,snapshot_863.xyz,32,4000,16.757672110741936,4000,all,863
0.0923216,0.0975442,0.0,0.9464591436497506,0.05354085635024941,snapshot_864.xyz,32,4000,16.757672110741936,4000,all,864
0.0907849,0.0973358,0.0,0.9326979384769016,0.06730206152309837,snapshot_865.xyz,32,4000,16.757672110741936,4000,all,865
0.091344,0.0972663,0.0,0.939112518929989,0.06088748107001096,snapshot_866.xyz,32,4000,16.757672110741936,4000,all,866
0.0920424,0.0970578,0.0,0.9483256368885344,0.05167436311146556,snapshot_867.xyz,32,4000,16.757672110741936,4000,all,867
0.0923914,0.0971968,0.0,0.9505601007440574,0.04943989925594261,snapshot_868.xyz,32,4000,16.757672110741936,4000,all,868
0.0919027,0.0974052,0.0,0.9435091761014813,0.05649082389851867,snapshot_869.xyz,32,4000,16.757672110741936,4000,all,869
0.0916234,0.0971273,0.0,0.9433331308499258,0.05666686915007424,snapshot_870.xyz,32,4000,16.757672110741936,4000,all,870
0.0922518,0.0969883,0.0,0.9511642125905908,0.04883578740940919,snapshot_871.xyz,32,4000,16.757672110741936,4000,all,871
0.0917631,0.0970578,0.0,0.9454479701785946,0.05455202982140539,snapshot_872.xyz,32,4000,16.757672110741936,4000,all,872
0.0910645,0.0965712,0.0,0.9429778236161507,0.05702217638384932,snapshot_873.xyz,32,4000,16.757672110741936,4000,all,873
0.0916234,0.0969188,0.0,0.945362509647251,0.05463749035274901,snapshot_874.xyz,32,4000,16.757672110741936,4000,all,874
0.0926008,0.0974052,0.0,0.950676144600083,0.049323855399917016,snapshot_875.xyz,32,4000,16.757672110741936,4000,all,875
0.0917631,0.0971968,0.0,0.9440958961611905,0.055904103838809505,snapshot_876.xyz,32,4000,16.757672110741936,4000,all,876
0.0924612,0.0969883,0.0,0.9533232358954636,0.04667676410453636,snapshot_877.xyz,32,4000,16.757672110741936,4000,all,877
0.091344,0.0967797,0.0,0.9438342958285674,0.05616570417143263,snapshot_878.xyz,32,4000,16.757672110741936,4000,all,878
0.0926705,0.0971968,0.0,0.9534315944557846,0.046568405544215374,snapshot_879.xyz,32,4000,16.757672110741936,4000,all,879
0.0920424,0.0975442,0.0,0.9435968514786117,0.05640314852138828,snapshot_880.xyz,32,4000,16.757672110741936,4000,all,880
0.0920424,0.0973358,0.0,0.945617131620637,0.054382868379363014,snapshot_881.xyz,32,4000,16.757672110741936,4000,all,881
0.0930891,0.0976831,0.0,0.9529703705144492,0.047029629485550783,snapshot_882.xyz,32,4000,16.757672110741936,4000,all,882
0.0912042,0.0973358,0.0,0.937005706019779,0.06299429398022105,snapshot_883.xyz,32,4000,16.757672110741936,4000,all,883
0.0920424,0.0982387,0.0,0.9369260790299546,0.06307392097004538,snapshot_884.xyz,32,4000,16.757672110741936,4000,all,884
0.0916234,0.0977526,0.0,0.9372988544550221,0.06270114554497785,snapshot_885.xyz,32,4000,16.757672110741936,4000,all,885
0.0921122,0.0970578,0.0,0.9490447959875457,0.05095520401245435,snapshot_886.xyz,32,4000,16.757672110741936,4000,all,886
0.0905752,0.0971273,0.0,0.9325411084216281,0.06745889157837193,snapshot_887.xyz,32,4000,16.757672110741936,4000,all,887
0.0916932,0.0970578,0.0,0.9447277807656881,0.055272219234311915,snapshot_888.xyz,32,4000,16.757672110741936,4000,all,888
0.0916932,0.0969883,0.0,0.9454047550065318,0.05459524499346824,snapshot_889.xyz,32,4000,16.757672110741936,4000,all,889
0.0914138,0.0971273,0.0,0.9411751381949257,0.05882486180507429,snapshot_890.xyz,32,4000,16.757672110741936,4000,all,890
0.0912042,0.0975442,0.0,0.9350038239075209,0.0649961760924791,snapshot_891.xyz,32,4000,16.757672110741936,4000,all,891
0.091344,0.0967102,0.0,0.9445125746818847,0.055487425318115347,snapshot_892.xyz,32,4000,16.757672110741936,4000,all,892
0.0926705,0.0974747,0.0,0.9507133645961465,0.049286635403853474,snapshot_893.xyz,32,4000,16.757672110741936,4000,all,893
0.0917631,0.0968493,0.0,0.9474833581657276,0.052516641834272404,snapshot_894.xyz,32,4000,16.757672110741936,4000,all,894
0.0923216,0.0969883,0.0,0.9518838870255485,0.04811611297445151,snapshot_895.xyz,32,4000,16.757672110741936,4000,all,895
0.0914837,0.0974052,0.0,0.9392075577073914,0.060792442292608606,snapshot_896.xyz,32,4000,16.757672110741936,4000,all,896
0.0916234,0.0981693,0.0,0.933320294633862,0.06667970536613799,snapshot_897.xyz,32,4000,16.757672110741936,4000,all,897
0.0918329,0.0976137,0.0,0.9407788046145161,0.05922119538548387,snapshot_898.xyz,32,4000,16.757672110741936,4000,all,898
0.0915535,0.0974052,0.0,0.939924151893328,0.06007584810667199,snapshot_899.xyz,32,4000,16.757672110741936,4000,all,899
0.0917631,0.0972663,0.0,0.9434213083051376,0.056578691694862404,snapshot_900.xyz,32,4000,16.757672110741936,4000,all,900
0.0920424,0.0972663,0.0,0.9462928064499214,0.05370719355007858,snapshot_901.xyz,32,4000,16.757672110741936,4000,all,901
0.0919726,0.0974747,0.0,0.9435535580001786,0.056446441999821406,snapshot_902.xyz,32,4000,16.757672110741936,4000,all,902
0.0917631,0.0965712,0.0,0.9502118644067797,0.04978813559322026,snapshot_903.xyz,32,4000,16.757672110741936,4000,all,903
0.0914138,0.0971968,0.0,0.9405021564495951,0.05949784355040488,snapshot_904.xyz,32,4000,16.757672110741936,4000,all,904
0.0915535,0.0971968,0.0,0.941939446566142,0.058060553433857964,snapshot_905.xyz,32,4000,16.757672110741936,4000,all,905
0.0907849,0.0968493,0.0,0.9373831302859185,0.06261686971408154,snapshot_906.xyz,32,4000,16.757672110741936,4000,all,906
0.0914138,0.0967102,0.0,0.9452343186137554,0.0547656813862446,snapshot_907.xyz,32,4000,16.757672110741936,4000,all,907
0.0909247,0.0969883,0.0,0.9374811188566043,0.06251888114339565,snapshot_908.xyz,32,4000,16.757672110741936,4000,all,908
0.0916234,0.0969883,0.0,0.9446850805715741,0.055314919428425924,snapshot_909.xyz,32,4000,16.757672110741936,4000,all,909
0.0920424,0.0976831,0.0,0.9422551086114179,0.057744891388582076,snapshot_910.xyz,32,4000,16.757672110741936,4000,all,910
0.0926705,0.0969883,0.0,0.9554812281481375,0.04451877185186248,snapshot_911.xyz,32,4000,16.757672110741936,4000,all,911
0.0926008,0.0976137,0.0,0.9486455282404007,0.051354471759599285,snapshot_912.xyz,32,4000,16.757672110741936,4000,all,912
0.0914138,0.0976831,0.0,0.9358200139020978,0.06417998609790221,snapshot_913.xyz,32,4000,16.757672110741936,4000,all,913
0.0917631,0.0971968,0.0,0.9440958961611905,0.055904103838809505,snapshot_914.xyz,32,4000,16.757672110741936,4000,all,914
0.0921122,0.0978915,0.0,0.9409621877282501,0.05903781227174987,snapshot_915.xyz,32,4000,16.757672110741936,4000,all,915
0.091344,0.0978915,0.0,0.9331147239545823,0.06688527604541772,snapshot_916.xyz,32,4000,16.757672110741936,4000,all,916
0.0921122,0.0972663,0.0,0.9470104239597888,0.05298957604021115,snapshot_917.xyz,32,4000,16.757672110741936,4000,all,917
0.0920424,0.0974747,0.0,0.9442696412504988,0.05573035874950116,snapshot_918.xyz,32,4000,16.757672110741936,4000,all,918
0.0915535,0.0976831,0.0,0.9372501486951171,0.06274985130488286,snapshot_919.xyz,32,4000,16.757672110741936,4000,all,919
0.092531,0.0974052,0.0,0.9499595504141464,0.05004044958585363,snapshot_920.xyz,32,4000,16.757672110741936,4000,all,920
0.0919027,0.0974747,0.0,0.9428364488426229,0.057163551157377146,snapshot_921.xyz,32,4000,16.757672110741936,4000,all,921
0.0905053,0.0974052,0.0,0.9291629194334594,0.07083708056654059,snapshot_922.xyz,32,4000,16.757672110741936,4000,all,922
0.092182,0.0976137,0.0,0.944355146869753,0.05564485313024703,snapshot_923.xyz,32,4000,16.757672110741936,4000,all,923
0.0924612,0.0969188,0.0,0.9540068593503014,0.045993140649698616,snapshot_924.xyz,32,4000,16.757672110741936,4000,all,924
0.091344,0.0970578,0.0,0.9411299246428416,0.05887007535715838,snapshot_925.xyz,32,4000,16.757672110741936,4000,all,925
0.0917631,0.0974052,0.0,0.9420759877296079,0.05792401227039212,snapshot_926.xyz,32,4000,16.757672110741936,4000,all,926
0.0919726,0.0978915,0.0,0.9395361190706036,0.06046388092939636,snapshot_927.xyz,32,4000,16.757672110741936,4000,all,927
0.0916932,0.0969188,0.0,0.946082700157245,0.05391729984275495,snapshot_928.xyz,32,4000,16.757672110741936,4000,all,928
0.0916932,0.0975442,0.0,0.9400169359121301,0.05998306408786991,snapshot_929.xyz,32,4000,16.757672110741936,4000,all,929
0.0918329,0.0981693,0.0,0.9354543630238781,0.06454563697612192,snapshot_930.xyz,32,4000,16.757672110741936,4000,all,930
0.0926008,0.0974052,0.0,0.950676144600083,0.049323855399917016,snapshot_931.xyz,32,4000,16.757672110741936,4000,all,931
0.0918329,0.0971273,0.0,0.9454900939282775,0.05450990607172246,snapshot_932.xyz,32,4000,16.757672110741936,4000,all,932
0.0926705,0.0976137,0.0,0.9493595673558118,0.05064043264418816,snapshot_933.xyz,32,4000,16.757672110741936,4000,all,933
0.0922518,0.0976831,0.0,0.9443987752231451,0.05560122477685492,snapshot_934.xyz,32,4000,16.757672110741936,4000,all,934
0.0914837,0.0974052,0.0,0.9392075577073914,0.060792442292608606,snapshot_935.xyz,32,4000,16.757672110741936,4000,all,935
0.0916234,0.0976137,0.0,0.9386325894828287,0.06136741051717132,snapshot_936.xyz,32,4000,16.757672110741936,4000,all,936
0.092182,0.0977526,0.0,0.9430132804651744,0.05698671953482559,snapshot_937.xyz,32,4000,16.757672110741936,4000,all,937
0.0917631,0.0968493,0.0,0.9474833581657276,0.052516641834272404,snapshot_938.xyz,32,4000,16.757672110741936,4000,all,938
0.0921122,0.0976137,0.0,0.9436400833079783,0.05635991669202167,snapshot_939.xyz,32,4000,16.757672110741936,4000,all,939
0.0908548,0.0974052,0.0,0.9327510235593172,0.06724897644068284,snapshot_940.xyz,32,4000,16.757672110741936,4000,all,940
0.0916932,0.0973358,0.0,0.9420295513058916,0.05797044869410839,snapshot_941.xyz,32,4000,16.757672110741936,4000,all,941
0.0920424,0.0974747,0.0,0.9442696412504988,0.05573035874950116,snapshot_942.xyz,32,4000,16.757672110741936,4000,all,942
0.0917631,0.0967797,0.0,0.9481647494257577,0.05183525057424232,snapshot_943.xyz,32,4000,16.757672110741936,4000,all,943
0.0917631,0.0970578,0.0,0.9454479701785946,0.05455202982140539,snapshot_944.xyz,32,4000,16.757672110741936,4000,all,944
0.0919726,0.0978221,0.0,0.9402026740378708,0.059797325962129166,snapshot_945.xyz,32,4000,16.757672110741936,4000,all,945
0.0914837,0.0974747,0.0,0.93853789752623,0.06146210247377004,snapshot_946.xyz,32,4000,16.757672110741936,4000,all,946
0.0919027,0.0972663,0.0,0.944856543324872,0.05514345667512799,snapshot_947.xyz,32,4000,16.757672110741936,4000,all,947
0.0914138,0.0975442,0.0,0.9371525933884332,0.06284740661156685,snapshot_948.xyz,32,4000,16.757672110741936,4000,all,948
0.0916932,0.0972663,0.0,0.9427026626899553,0.057297337310044716,snapshot_949.xyz,32,4000,16.757672110741936,4000,all,949
0.0914837,0.0974747,0.0,0.93853789752623,0.06146210247377004,snapshot_950.xyz,32,4000,16.757672110741936,4000,all,950
0.0921122,0.0976137,0.0,0.9436400833079783,0.05635991669202167,snapshot_951.xyz,32,4000,16.757672110741936,4000,all,951
0.0918329,0.0969188,0.0,0.9475241129687945,0.05247588703120554,snapshot_952.xyz,32,4000,16.757672110741936,4000,all,952
0.0916234,0.0966407,0.0,0.9480829505580982,0.051917049441901786,snapshot_953.xyz,32,4000,16.757672110741936,4000,all,953
0.0924612,0.097961,0.0,0.9438572493135022,0.05614275068649777,snapshot_954.xyz,32,4000,16.757672110741936,4000,all,954
0.0922518,0.0971968,0.0,0.949123839467966,0.05087616053203403,snapshot_955.xyz,32,4000,16.757672110741936,4000,all,955
0.0917631,0.0978915,0.0,0.9373959945449809,0.0626040054550191,snapshot_956.xyz,32,4000,16.757672110741936,4000,all,956
0.0914138,0.0975442,0.0,0.9371525933884332,0.06284740661156685,snapshot_957.xyz,32,4000,16.757672110741936,4000,all,957
0.0906451,0.0966407,0.0,0.9379598864660542,0.062040113533945784,snapshot_958.xyz,32,4000,16.757672110741936,4000,all,958
0.0918329,0.0974052,0.0,0.9427925819155445,0.05720741808445551,snapshot_959.xyz,32,4000,16.757672110741936,4000,all,959
0.0919726,0.0974052,0.0,0.9442267969266528,0.05577320307334721,snapshot_960.xyz,32,4000,16.757672110741936,4000,all,960
0.0919027,0.0971968,0.0,0.9455321574372819,0.05446784256271808,snapshot_961.xyz,32,4000,16.757672110741936,4000,all,961
0.0919027,0.0971968,0.0,0.9455321574372819,0.05446784256271808,snapshot_962.xyz,32,4000,16.757672110741936,4000,all,962
0.091344,0.0975442,0.0,0.9364370203456484,0.06356297965435165,snapshot_963.xyz,32,4000,16.757672110741936,4000,all,963
0.0917631,0.0972663,0.0,0.9434213083051376,0.056578691694862404,snapshot_964.xyz,32,4000,16.757672110741936,4000,all,964
0.0918329,0.0976137,0.0,0.9407788046145161,0.05922119538548387,snapshot_965.xyz,32,4000,16.757672110741936,4000,all,965
0.0923216,0.0975442,0.0,0.9464591436497506,0.05354085635024941,snapshot_966.xyz,32,4000,16.757672110741936,4000,all,966
0.091344,0.0974052,0.0,0.9377733426962831,0.062226657303716904,snapshot_967.xyz,32,4000,16.757672110741936,4000,all,967
0.091344,0.0976831,0.0,0.9351054583648554,0.06489454163514463,snapshot_968.xyz,32,4000,16.757672110741936,4000,all,968
0.0914138,0.0971273,0.0,0.9411751381949257,0.05882486180507429,snapshot_969.xyz,32,4000,16.757672110741936,4000,all,969
0.0917631,0.0977526,0.0,0.9387279724529066,0.06127202754709338,snapshot_970.xyz,32,4000,16.757672110741936,4000,all,970
0.092182,0.0971273,0.0,0.949084346007765,0.050915653992234966,snapshot_971.xyz,32,4000,16.757672110741936,4000,all,971
0.0917631,0.0974052,0.0,0.9420759877296079,0.05792401227039212,snapshot_972.xyz,32,4000,16.757672110741936,4000,all,972
0.0912741,0.0971968,0.0,0.939064866333048,0.060935133666952024,snapshot_973.xyz,32,4000,16.757672110741936,4000,all,973
0.0921122,0.0971968,0.0,0.9476875781918747,0.05231242180812534,snapshot_974.xyz,32,4000,16.757672110741936,4000,all,974
0.0923914,0.0978915,0.0,0.943814325043543,0.05618567495645699,snapshot_975.xyz,32,4000,16.757672110741936,4000,all,975
0.0920424,0.0975442,0.0,0.9435968514786117,0.05640314852138828,snapshot_976.xyz,32,4000,16.757672110741936,4000,all,976
0.0908548,0.0980304,0.0,0.9268022980626418,0.0731977019373582,snapshot_977.xyz,32,4000,16.757672110741936,4000,all,977
0.0923914,0.0970578,0.0,0.95192143238359,0.04807856761641005,snapshot_978.xyz,32,4000,16.757672110741936,4000,all,978
0.0926008,0.0974052,0.0,0.950676144600083,0.049323855399917016,snapshot_979.xyz,32,4000,16.757672110741936,4000,all,979
0.0914138,0.0976831,0.0,0.9358200139020978,0.06417998609790221,snapshot_980.xyz,32,4000,16.757672110741936,4000,all,980
0.0919726,0.0973358,0.0,0.9449000265061775,0.05509997349382245,snapshot_981.xyz,32,4000,16.757672110741936,4000,all,981
0.0910645,0.0967102,0.0,0.9416224969031189,0.058377503096881056,snapshot_982.xyz,32,4000,16.757672110741936,4000,all,982
0.0911344,0.0976831,0.0,0.9329597443160589,0.06704025568394112,snapshot_983.xyz,32,4000,16.757672110741936,4000,all,983
0.0926008,0.0975442,0.0,0.9493214358208893,0.05067856417911065,snapshot_984.xyz,32,4000,16.757672110741936,4000,all,984
0.0921122,0.0975442,0.0,0.9443124245213965,0.05568757547860348,snapshot_985.xyz,32,4000,16.757672110741936,4000,all,985
0.0918329,0.0968493,0.0,0.9482040654914388,0.05179593450856124,snapshot_986.xyz,32,4000,16.757672110741936,4000,all,986
0.0916234,0.0969883,0.0,0.9446850805715741,0.055314919428425924,snapshot_987.xyz,32,4000,16.757672110741936,4000,all,987
0.0917631,0.0971273,0.0,0.9447714494277099,0.05522855057229015,snapshot_988.xyz,32,4000,16.757672110741936,4000,all,988
0.0918329,0.0974747,0.0,0.9421203655923024,0.05787963440769761,snapshot_989.xyz,32,4000,16.757672110741936,4000,all,989
0.0915535,0.0968493,0.0,0.9453191711246235,0.05468082887537651,snapshot_990.xyz,32,4000,16.757672110741936,4000,all,990
0.0921122,0.0971968,0.0,0.9476875781918747,0.05231242180812534,snapshot_991.xyz,32,4000,16.757672110741936,4000,all,991
0.0916932,0.0969883,0.0,0.9454047550065318,0.05459524499346824,snapshot_992.xyz,32,4000,16.757672110741936,4000,all,992
0.0920424,0.0978221,0.0,0.9409162142297088,0.059083785770291164,snapshot_993.xyz,32,4000,16.757672110741936,4000,all,993
0.092182,0.0975442,0.0,0.9450279975641812,0.05497200243581879,snapshot_994.xyz,32,4000,16.757672110741936,4000,all,994
0.0912741,0.0971273,0.0,0.9397368196171416,0.06026318038285838,snapshot_995.xyz,32,4000,16.757672110741936,4000,all,995
0.092182,0.0969883,0.0,0.9504445381556332,0.049555461844366766,snapshot_996.xyz,32,4000,16.757672110741936,4000,all,996
0.0922518,0.0975442,0.0,0.9457435706069658,0.05425642939303421,snapshot_997.xyz,32,4000,16.757672110741936,4000,all,997
0.0919726,0.0971968,0.0,0.9462513169157832,0.053748683084216764,snapshot_998.xyz,32,4000,16.757672110741936,4000,all,998
0.0911344,0.0967797,0.0,0.9416685523927023,0.05833144760729769,snapshot_999.xyz,32,4000,16.757672110741936,4000,all,999
0.0919726,0.0976137,0.0,0.942209956184429,0.05779004381557096,snapshot_1000.xyz,32,4000,16.757672110741936,4000,all,1000
0.0920424,0.0971968,0.0,0.946969447553829,0.05303055244617105,snapshot_1001.xyz,32,4000,16.757672110741936,4000,all,1001
0.0915535,0.0963626,0.0,0.9500937085549787,0.049906291445021345,snapshot_1002.xyz,32,4000,16.757672110741936,4000,all,1002
0.0914837,0.0976831,0.0,0.9365355931578748,0.06346440684212518,snapshot_1003.xyz,32,4000,16.757672110741936,4000,all,1003
0.0912741,0.0966407,0.0,0.9444685313744623,0.055531468625537705,snapshot_1004.xyz,32,4000,16.757672110741936,4000,all,1004
0.0930194,0.0965712,0.0,0.9632209188660802,0.03677908113391981,snapshot_1005.xyz,32,4000,16.757672110741936,4000,all,1005
0.0921122,0.0975442,0.0,0.9443124245213965,0.05568757547860348,snapshot_1006.xyz,32,4000,16.757672110741936,4000,all,1006
0.0919726,0.0974747,0.0,0.9435535580001786,0.056446441999821406,snapshot_1007.xyz,32,4000,16.757672110741936,4000,all,1007
0.0916234,0.0976137,0.0,0.9386325894828287,0.06136741051717132,snapshot_1008.xyz,32,4000,16.757672110741936,4000,all,1008
0.0919726,0.0969883,0.0,0.9482855148507604,0.0517144851492396,snapshot_1009.xyz,32,4000,16.757672110741936,4000,all,1009
0.0921122,0.0976831,0.0,0.9429696641486605,0.05703033585133954,snapshot_1010.xyz,32,4000,16.757672110741936,4000,all,1010
0.0915535,0.0973358,0.0,0.9405943137057485,0.05940568629425147,snapshot_1011.xyz,32,4000,16.757672110741936,4000,all,1011
0.0910645,0.0974052,0.0,0.9349038860348319,0.06509611396516812,snapshot_1012.xyz,32,4000,16.757672110741936,4000,all,1012
0.0924612,0.0972663,0.0,0.9505985115091249,0.04940148849087511,snapshot_1013.xyz,32,4000,16.757672110741936,4000,all,1013
0.0916932,0.0976831,0.0,0.9386802834881367,0.0613197165118633,snapshot_1014.xyz,32,4000,16.757672110741936,4000,all,1014
0.091344,0.0974747,0.0,0.9371047051183538,0.06289529488164625,snapshot_1015.xyz,32,4000,16.757672110741936,4000,all,1015
0.0914138,0.0976137,0.0,0.9364853499047777,0.06351465009522228,snapshot_1016.xyz,32,4000,16.757672110741936,4000,all,1016
0.0912741,0.0967102,0.0,0.9437897967329196,0.05621020326708037,snapshot_1017.xyz,32,4000,16.757672110741936,4000,all,1017
0.0919726,0.0976137,0.0,0.942209956184429,0.05779004381557096,snapshot_1018.xyz,32,4000,16.757672110741936,4000,all,1018
0.0915535,0.0966407,0.0,0.9473596528170843,0.05264034718291566,snapshot_1019.xyz,32,4000,16.757672110741936,4000,all,1019
0.0920424,0.0962235,0.0,0.9565480366022853,0.04345196339771473,snapshot_1020.xyz,32,4000,16.757672110741936,4000,all,1020
0.0921122,0.0969883,0.0,0.9497248637206757,0.05027513627932434,snapshot_1021.xyz,32,4000,16.757672110741936,4000,all,1021
0.0922518,0.0973358,0.0,0.9477684469640152,0.05223155303598481,snapshot_1022.xyz,32,4000,16.757672110741936,4000,all,1022
0.0917631,0.0974052,0.0,0.9420759877296079,0.05792401227039212,snapshot_1023.xyz,32,4000,16.757672110741936,4000,all,1023
0.0921122,0.0973358,0.0,0.9463342367350965,0.053665763264903465,snapshot_1024.xyz,32,4000,16.757672110741936,4000,all,1024
0.091344,0.097961,0.0,0.9324527107726543,0.06754728922734565,snapshot_1025.xyz,32,4000,16.757672110741936,4000,all,1025
0.0919027,0.0978221,0.0,0.9394881115821476,0.06051188841785238,snapshot_1026.xyz,32,4000,16.757672110741936,4000,all,1026
0.0915535,0.0968493,0.0,0.9453191711246235,0.05468082887537651,snapshot_1027.xyz,32,4000,16.757672110741936,4000,all,1027
0.092531,0.0974747,0.0,0.9492822240027413,0.050717775997258685,snapshot_1028.xyz,32,4000,16.757672110741936,4000,all,1028
0.0926008,0.0969883,0.0,0.9547625847653789,0.0452374152346211,snapshot_1029.xyz,32,4000,16.757672110741936,4000,all,1029
0.0914138,0.0971968,0.0,0.9405021564495951,0.05949784355040488,snapshot_1030.xyz,32,4000,16.757672110741936,4000,all,1030
0.0916234,0.0976137,0.0,0.9386325894828287,0.06136741051717132,snapshot_1031.xyz,32,4000,16.757672110741936,4000,all,1031
0.0919027,0.0971968,0.0,0.9455321574372819,0.05446784256271808,snapshot_1032.xyz,32,4000,16.757672110741936,4000,all,1032
0.091344,0.0974747,0.0,0.9371047051183538,0.06289529488164625,snapshot_1033.xyz,32,4000,16.757672110741936,4000,all,1033
0.0919027,0.0971273,0.0,0.9462087384288455,0.05379126157115455,snapshot_1034.xyz,32,4000,16.757672110741936,4000,all,1034
0.0919027,0.0971273,0.0,0.9462087384288455,0.05379126157115455,snapshot_1035.xyz,32,4000,16.757672110741936,4000,all,1035
0.0923914,0.0972663,0.0,0.9498808939992577,0.05011910600074232,snapshot_1036.xyz,32,4000,16.757672110741936,4000,all,1036
0.0912741,0.0966407,0.0,0.9444685313744623,0.055531468625537705,snapshot_1037.xyz,32,4000,16.757672110741936,4000,all,1037
0.0922518,0.0974747,0.0,0.9464178910014598,0.05358210899854021,snapshot_1038.xyz,32,4000,16.757672110741936,4000,all,1038
0.0916932,0.0970578,0.0,0.9447277807656881,0.055272219234311915,snapshot_1039.xyz,32,4000,16.757672110741936,4000,all,1039
0.092182,0.0976137,0.0,0.944355146869753,0.05564485313024703,snapshot_1040.xyz,32,4000,16.757672110741936,4000,all,1040
0.0922518,0.0965712,0.0,0.9552723793429096,0.04472762065709035,snapshot_1041.xyz,32,4000,16.757672110741936,4000,all,1041
0.0924612,0.0974052,0.0,0.9492429562282095,0.05075704377179047,snapshot_1042.xyz,32,4000,16.757672110741936,4000,all,1042
0.0920424,0.0985858,0.0,0.9336273580982251,0.06637264190177494,snapshot_1043.xyz,32,4000,16.757672110741936,4000,all,1043
0.0916234,0.0975442,0.0,0.9393013628693453,0.06069863713065471,snapshot_1044.xyz,32,4000,16.757672110741936,4000,all,1044
0.0920424,0.0976137,0.0,0.9429250197462037,0.057074980253796315,snapshot_1045.xyz,32,4000,16.757672110741936,4000,all,1045
0.092182,0.0971273,0.0,0.949084346007765,0.050915653992234966,snapshot_1046.xyz,32,4000,16.757672110741936,4000,all,1046
0.0916932,0.0970578,0.0,0.9447277807656881,0.055272219234311915,snapshot_1047.xyz,32,4000,16.757672110741936,4000,all,1047
0.0914837,0.0971968,0.0,0.9412213159280964,0.058778684071903564,snapshot_1048.xyz,32,4000,16.757672110741936,4000,all,1048
0.0920424,0.0976137,0.0,0.9429250197462037,0.057074980253796315,snapshot_1049.xyz,32,4000,16.757672110741936,4000,all,1049
0.0919726,0.0973358,0.0,0.9449000265061775,0.05509997349382245,snapshot_1050.xyz,32,4000,16.757672110741936,4000,all,1050
0.0923216,0.0974052,0.0,0.9478097678563363,0.052190232143663695,snapshot_1051.xyz,32,4000,16.757672110741936,4000,all,1051
0.0927403,0.0971968,0.0,0.9541497250938302,0.045850274906169775,snapshot_1052.xyz,32,4000,16.757672110741936,4000,all,1052
0.0914138,0.0976831,0.0,0.9358200139020978,0.06417998609790221,snapshot_1053.xyz,32,4000,16.757672110741936,4000,all,1053
0.0919726,0.0976137,0.0,0.942209956184429,0.05779004381557096,snapshot_1054.xyz,32,4000,16.757672110741936,4000,all,1054
0.0916932,0.0971968,0.0,0.9433767366826892,0.056623263317310824,snapshot_1055.xyz,32,4000,16.757672110741936,4000,all,1055
0.0922518,0.0975442,0.0,0.9457435706069658,0.05425642939303421,snapshot_1056.xyz,32,4000,16.757672110741936,4000,all,1056
0.0914837,0.0968493,0.0,0.9445984637989123,0.055401536201087676,snapshot_1057.xyz,32,4000,16.757672110741936,4000,all,1057
0.0916234,0.0970578,0.0,0.9440086216666769,0.05599137833332313,snapshot_1058.xyz,32,4000,16.757672110741936,4000,all,1058
0.0917631,0.0971273,0.0,0.9447714494277099,0.05522855057229015,snapshot_1059.xyz,32,4000,16.757672110741936,4000,all,1059
0.0919726,0.0971273,0.0,0.9469284125060616,0.053071587493938366,snapshot_1060.xyz,32,4000,16.757672110741936,4000,all,1060
0.0915535,0.0975442,0.0,0.9385847646502816,0.06141523534971838,snapshot_1061.xyz,32,4000,16.757672110741936,4000,all,1061
0.0916932,0.0974052,0.0,0.9413583669044364,0.05864163309556358,snapshot_1062.xyz,32,4000,16.757672110741936,4000,all,1062
0.0928101,0.0969883,0.0,0.9569205770180528,0.043079422981947224,snapshot_1063.xyz,32,4000,16.757672110741936,4000,all,1063
0.0921122,0.0971968,0.0,0.9476875781918747,0.05231242180812534,snapshot_1064.xyz,32,4000,16.757672110741936,4000,all,1064
0.0920424,0.0978221,0.0,0.9409162142297088,0.059083785770291164,snapshot_1065.xyz,32,4000,16.757672110741936,4000,all,1065
0.0926008,0.0978221,0.0,0.9466245357644132,0.05337546423558681,snapshot_1066.xyz,32,4000,16.757672110741936,4000,all,1066
0.0922518,0.0967102,0.0,0.953899381864581,0.04610061813541899,snapshot_1067.xyz,32,4000,16.757672110741936,4000,all,1067
0.0926008,0.0974052,0.0,0.950676144600083,0.049323855399917016,snapshot_1068.xyz,32,4000,16.757672110741936,4000,all,1068
0.0918329,0.0965016,0.0,0.951620491266466,0.04837950873353403,snapshot_1069.xyz,32,4000,16.757672110741936,4000,all,1069
0.0914138,0.0969188,0.0,0.9431998745341461,0.05680012546585389,snapshot_1070.xyz,32,4000,16.757672110741936,4000,all,1070
0.0919027,0.0971968,0.0,0.9455321574372819,0.05446784256271808,snapshot_1071.xyz,32,4000,16.757672110741936,4000,all,1071
0.0923914,0.0980999,0.0,0.9418093188678072,0.058190681132192834,snapshot_1072.xyz,32,4000,16.757672110741936,4000,all,1072
0.0919027,0.0977526,0.0,0.9401560674600984,0.05984393253990161,snapshot_1073.xyz,32,4000,16.757672110741936,4000,all,1073
0.0923216,0.0971273,0.0,0.9505216350089007,0.049478364991099255,snapshot_1074.xyz,32,4000,16.757672110741936,4000,all,1074
0.0922518,0.0968493,0.0,0.952529341977691,0.04747065802230899,snapshot_1075.xyz,32,4000,16.757672110741936,4000,all,1075
0.0917631,0.0971968,0.0,0.9440958961611905,0.055904103838809505,snapshot_1076.xyz,32,4000,16.757672110741936,4000,all,1076
0.0919027,0.0973358,0.0,0.944181894020494,0.05581810597950598,snapshot_1077.xyz,32,4000,16.757672110741936,4000,all,1077
0.0914138,0.0970578,0.0,0.9418490837418528,0.05815091625814717,snapshot_1078.xyz,32,4000,16.757672110741936,4000,all,1078
0.0920424,0.0972663,0.0,0.9462928064499214,0.05370719355007858,snapshot_1079.xyz,32,4000,16.757672110741936,4000,all,1079
0.0926705,0.0980999,0.0,0.9446543778332088,0.055345622166791175,snapshot_1080.xyz,32,4000,16.757672110741936,4000,all,1080
0.0918329,0.0970578,0.0,0.9461671292776057,0.05383287072239429,snapshot_1081.xyz,32,4000,16.757672110741936,4000,all,1081
0.0916234,0.0976137,0.0,0.9386325894828287,0.06136741051717132,snapshot_1082.xyz,32,4000,16.757672110741936,4000,all,1082
0.0915535,0.0969883,0.0,0.9439643750844173,0.05603562491558267,snapshot_1083.xyz,32,4000,16.757672110741936,4000,all,1083
0.091344,0.0965712,0.0,0.9458720612356479,0.05412793876435207,snapshot_1084.xyz,32,4000,16.757672110741936,4000,all,1084
0.0919027,0.0983776,0.0,0.9341831880428065,0.06581681195719347,snapshot_1085.xyz,32,4000,16.757672110741936,4000,all,1085
0.0923914,0.0981693,0.0,0.9411435143165938,0.05885648568340618,snapshot_1086.xyz,32,4000,16.757672110741936,4000,all,1086
0.0923914,0.0969188,0.0,0.9532866688403075,0.04671333115969245,snapshot_1087.xyz,32,4000,16.757672110741936,4000,all,1087
0.0922518,0.0972663,0.0,0.9484456589795232,0.051554341020476846,snapshot_1088.xyz,32,4000,16.757672110741936,4000,all,1088
0.0916234,0.0971273,0.0,0.9433331308499258,0.05666686915007424,snapshot_1089.xyz,32,4000,16.757672110741936,4000,all,1089
0.0919726,0.0977526,0.0,0.9408711379543869,0.05912886204561307,snapshot_1090.xyz,32,4000,16.757672110741936,4000,all,1090
0.092182,0.0974052,0.0,0.9463765794844629,0.053623420515537146,snapshot_1091.xyz,32,4000,16.757672110741936,4000,all,1091
0.0924612,0.0969883,0.0,0.9533232358954636,0.04667676410453636,snapshot_1092.xyz,32,4000,16.757672110741936,4000,all,1092
0.0926705,0.0974052,0.0,0.9513917121467849,0.04860828785321514,snapshot_1093.xyz,32,4000,16.757672110741936,4000,all,1093
0.0918329,0.0974747,0.0,0.9421203655923024,0.05787963440769761,snapshot_1094.xyz,32,4000,16.757672110741936,4000,all,1094
0.091344,0.0973358,0.0,0.938441970991146,0.06155802900885399,snapshot_1095.xyz,32,4000,16.757672110741936,4000,all,1095
0.0915535,0.0972663,0.0,0.9412663995649058,0.058733600435094235,snapshot_1096.xyz,32,4000,16.757672110741936,4000,all,1096
0.0909247,0.0968493,0.0,0.9388266100013113,0.06117338999868871,snapshot_1097.xyz,32,4000,16.757672110741936,4000,all,1097
0.0920424,0.0975442,0.0,0.9435968514786117,0.05640314852138828,snapshot_1098.xyz,32,4000,16.757672110741936,4000,all,1098
0.0930194,0.0971968,0.0,0.9570212188055575,0.04297878119444254,snapshot_1099.xyz,32,4000,16.757672110741936,4000,all,1099
0.0916932,0.0970578,0.0,0.9447277807656881,0.055272219234311915,snapshot_1100.xyz,32,4000,16.757672110741936,4000,all,1100
0.0914138,0.0971968,0.0,0.9405021564495951,0.05949784355040488,snapshot_1101.xyz,32,4000,16.757672110741936,4000,all,1101
0.0922518,0.0972663,0.0,0.9484456589795232,0.051554341020476846,snapshot_1102.xyz,32,4000,16.757672110741936,4000,all,1102
0.0919027,0.0976831,0.0,0.9408249738183986,0.05917502618160142,snapshot_1103.xyz,32,4000,16.757672110741936,4000,all,1103
0.0914837,0.0969883,0.0,0.9432447006494598,0.056755299350540245,snapshot_1104.xyz,32,4000,16.757672110741936,4000,all,1104
0.0918329,0.0968493,0.0,0.9482040654914388,0.05179593450856124,snapshot_1105.xyz,32,4000,16.757672110741936,4000,all,1105
0.092182,0.0968493,0.0,0.95180863465198,0.04819136534802004,snapshot_1106.xyz,32,4000,16.757672110741936,4000,all,1106
0.0910645,0.0974747,0.0,0.9342372943953663,0.06576270560463371,snapshot_1107.xyz,32,4000,16.757672110741936,4000,all,1107
0.0917631,0.0975442,0.0,0.9407335341311939,0.05926646586880613,snapshot_1108.xyz,32,4000,16.757672110741936,4000,all,1108
0.0914837,0.0971968,0.0,0.9412213159280964,0.058778684071903564,snapshot_1109.xyz,32,4000,16.757672110741936,4000,all,1109
0.0922518,0.0982387,0.0,0.9390576218944265,0.06094237810557346,snapshot_1110.xyz,32,4000,16.757672110741936,4000,all,1110
0.0923216,0.0974747,0.0,0.9471339742517803,0.05286602574821975,snapshot_1111.xyz,32,4000,16.757672110741936,4000,all,1111
0.0916234,0.0973358,0.0,0.9413124461914321,0.05868755380856794,snapshot_1112.xyz,32,4000,16.757672110741936,4000,all,1112
0.0920424,0.0969883,0.0,0.949005189285718,0.050994810714282024,snapshot_1113.xyz,32,4000,16.757672110741936,4000,all,1113
0.0918329,0.0973358,0.0,0.9434647889060345,0.05653521109396553,snapshot_1114.xyz,32,4000,16.757672110741936,4000,all,1114
0.0920424,0.0967102,0.0,0.9517341500689689,0.04826584993103111,snapshot_1115.xyz,32,4000,16.757672110741936,4000,all,1115
0.092531,0.0977526,0.0,0.9465835179831534,0.05341648201684657,snapshot_1116.xyz,32,4000,16.757672110741936,4000,all,1116
0.0923914,0.0974747,0.0,0.9478500575021006,0.05214994249789939,snapshot_1117.xyz,32,4000,16.757672110741936,4000,all,1117
0.0914138,0.0974747,0.0,0.9378207883686742,0.06217921163132578,snapshot_1118.xyz,32,4000,16.757672110741936,4000,all,1118
0.0924612,0.0974747,0.0,0.9485661407524208,0.05143385924757915,snapshot_1119.xyz,32,4000,16.757672110741936,4000,all,1119
0.0919726,0.0975442,0.0,0.942881278435827,0.05711872156417297,snapshot_1120.xyz,32,4000,16.757672110741936,4000,all,1120
0.0914837,0.0980304,0.0,0.9332176549315314,0.06678234506846858,snapshot_1121.xyz,32,4000,16.757672110741936,4000,all,1121
0.091344,0.0976831,0.0,0.9351054583648554,0.06489454163514463,snapshot_1122.xyz,32,4000,16.757672110741936,4000,all,1122
0.0916234,0.0975442,0.0,0.9393013628693453,0.06069863713065471,snapshot_1123.xyz,32,4000,16.757672110741936,4000,all,1123
0.0912741,0.0970578,0.0,0.9404097352299351,0.059590264770064905,snapshot_1124.xyz,32,4000,16.757672110741936,4000,all,1124
0.0921122,0.0969883,0.0,0.9497248637206757,0.05027513627932434,snapshot_1125.xyz,32,4000,16.757672110741936,4000,all,1125
0.0917631,0.0969188,0.0,0.9468039224588005,0.05319607754119948,snapshot_1126.xyz,32,4000,16.757672110741936,4000,all,1126
0.0921122,0.0973358,0.0,0.9463342367350965,0.053665763264903465,snapshot_1127.xyz,32,4000,16.757672110741936,4000,all,1127
0.0920424,0.0974747,0.0,0.9442696412504988,0.05573035874950116,snapshot_1128.xyz,32,4000,16.757672110741936,4000,all,1128
0.0920424,0.0973358,0.0,0.945617131620637,0.054382868379363014,snapshot_1129.xyz,32,4000,16.757672110741936,4000,all,1129
0.0928101,0.0971968,0.0,0.954867855731876,0.04513214426812395,snapshot_1130.xyz,32,4000,16.757672110741936,4000,all,1130
0.0914138,0.0971968,0.0,0.9405021564495951,0.05949784355040488,snapshot_1131.xyz,32,4000,16.757672110741936,4000,all,1131
0.0914138,0.0962235,0.0,0.9500153288957479,0.04998467110425209,snapshot_1132.xyz,32,4000,16.757672110741936,4000,all,1132
0.0916932,0.0969188,0.0,0.946082700157245,0.05391729984275495,snapshot_1133.xyz,32,4000,16.757672110741936,4000,all,1133
0.0924612,0.0980304,0.0,0.9431890515595162,0.056810948440483844,snapshot_1134.xyz,32,4000,16.757672110741936,4000,all,1134
0.0919726,0.0974747,0.0,0.9435535580001786,0.056446441999821406,snapshot_1135.xyz,32,4000,16.757672110741936,4000,all,1135
0.0916234,0.0975442,0.0,0.9393013628693453,0.06069863713065471,snapshot_1136.xyz,32,4000,16.757672110741936,4000,all,1136
0.092182,0.0968493,0.0,0.95180863465198,0.04819136534802004,snapshot_1137.xyz,32,4000,16.757672110741936,4000,all,1137
0.0914138,0.0959452,0.0,0.9527709567544808,0.04722904324551924,snapshot_1138.xyz,32,4000,16.757672110741936,4000,all,1138
0.092182,0.0974747,0.0,0.9457018077511395,0.054298192248860455,snapshot_1139.xyz,32,4000,16.757672110741936,4000,all,1139
0.0922518,0.0976831,0.0,0.9443987752231451,0.05560122477685492,snapshot_1140.xyz,32,4000,16.757672110741936,4000,all,1140
0.0916932,0.0976137,0.0,0.9393476530446034,0.06065234695539656,snapshot_1141.xyz,32,4000,16.757672110741936,4000,all,1141
0.0918329,0.0975442,0.0,0.9414491071739786,0.05855089282602144,snapshot_1142.xyz,32,4000,16.757672110741936,4000,all,1142
0.0926008,0.0968493,0.0,0.956132878606247,0.04386712139375304,snapshot_1143.xyz,32,4000,16.757672110741936,4000,all,1143
0.0921122,0.0980304,0.0,0.9396289314335146,0.06037106856648544,snapshot_1144.xyz,32,4000,16.757672110741936,4000,all,1144
0.0917631,0.0982387,0.0,0.9340830039485457,0.06591699605145429,snapshot_1145.xyz,32,4000,16.757672110741936,4000,all,1145
0.0929496,0.0972663,0.0,0.9556197778675656,0.04438022213243442,snapshot_1146.xyz,32,4000,16.757672110741936,4000,all,1146
0.0921122,0.0978915,0.0,0.9409621877282501,0.05903781227174987,snapshot_1147.xyz,32,4000,16.757672110741936,4000,all,1147
0.0919726,0.0970578,0.0,0.9476064777895233,0.05239352221047666,snapshot_1148.xyz,32,4000,16.757672110741936,4000,all,1148
0.092531,0.0969188,0.0,0.9547270498602954,0.04527295013970456,snapshot_1149.xyz,32,4000,16.757672110741936,4000,all,1149
0.0926008,0.0974747,0.0,0.9499983072530616,0.05000169274693844,snapshot_1150.xyz,32,4000,16.757672110741936,4000,all,1150
0.092182,0.0964321,0.0,0.955926501652458,0.04407349834754204,snapshot_1151.xyz,32,4000,16.757672110741936,4000,all,1151
0.0912741,0.0972663,0.0,0.9383938733148068,0.06160612668519316,snapshot_1152.xyz,32,4000,16.757672110741936,4000,all,1152
0.0923914,0.0977526,0.0,0.9451554229759618,0.05484457702403822,snapshot_1153.xyz,32,4000,16.757672110741936,4000,all,1153
0.0923216,0.0969188,0.0,0.9525664783303137,0.047433521669686285,snapshot_1154.xyz,32,4000,16.757672110741936,4000,all,1154
0.092182,0.0974747,0.0,0.9457018077511395,0.054298192248860455,snapshot_1155.xyz,32,4000,16.757672110741936,4000,all,1155
0.0920424,0.0974052,0.0,0.9449433911125895,0.055056608887410485,snapshot_1156.xyz,32,4000,16.757672110741936,4000,all,1156
0.0919027,0.0974747,0.0,0.9428364488426229,0.057163551157377146,snapshot_1157.xyz,32,4000,16.757672110741936,4000,all,1157
0.0917631,0.0975442,0.0,0.9407335341311939,0.05926646586880613,snapshot_1158.xyz,32,4000,16.757672110741936,4000,all,1158
0.0921122,0.0972663,0.0,0.9470104239597888,0.05298957604021115,snapshot_1159.xyz,32,4000,16.757672110741936,4000,all,1159
0.0926705,0.0978915,0.0,0.946665440819683,0.05333455918031704,snapshot_1160.xyz,32,4000,16.757672110741936,4000,all,1160
0.0919726,0.0969188,0.0,0.948965525780344,0.05103447421965601,snapshot_1161.xyz,32,4000,16.757672110741936,4000,all,1161
0.0914138,0.0969188,0.0,0.9431998745341461,0.05680012546585389,snapshot_1162.xyz,32,4000,16.757672110741936,4000,all,1162
0.0919726,0.097961,0.0,0.9388695501270914,0.06113044987290861,snapshot_1163.xyz,32,4000,16.757672110741936,4000,all,1163
0.0926008,0.0976831,0.0,0.9479715529093569,0.05202844709064314,snapshot_1164.xyz,32,4000,16.757672110741936,4000,all,1164
0.092182,0.0969883,0.0,0.9504445381556332,0.049555461844366766,snapshot_1165.xyz,32,4000,16.757672110741936,4000,all,1165
0.0914138,0.0969188,0.0,0.9431998745341461,0.05680012546585389,snapshot_1166.xyz,32,4000,16.757672110741936,4000,all,1166
0.0923914,0.0969883,0.0,0.9526035614605061,0.047396438539493935,snapshot_1167.xyz,32,4000,16.757672110741936,4000,all,1167
0.0922518,0.0974052,0.0,0.9470931736703995,0.05290682632960053,snapshot_1168.xyz,32,4000,16.757672110741936,4000,all,1168
0.0921122,0.0978915,0.0,0.9409621877282501,0.05903781227174987,snapshot_1169.xyz,32,4000,16.757672110741936,4000,all,1169
0.0916234,0.0967797,0.0,0.9467212648933608,0.05327873510663916,snapshot_1170.xyz,32,4000,16.757672110741936,4000,all,1170
0.092182,0.0968493,0.0,0.95180863465198,0.04819136534802004,snapshot_1171.xyz,32,4000,16.757672110741936,4000,all,1171
0.0921122,0.0973358,0.0,0.9463342367350965,0.053665763264903465,snapshot_1172.xyz,32,4000,16.757672110741936,4000,all,1172
0.092182,0.0977526,0.0,0.9430132804651744,0.05698671953482559,snapshot_1173.xyz,32,4000,16.757672110741936,4000,all,1173
0.092182,0.0973358,0.0,0.9470513418495559,0.05294865815044414,snapshot_1174.xyz,32,4000,16.757672110741936,4000,all,1174
0.0917631,0.0969883,0.0,0.9461254604936884,0.0538745395063116,snapshot_1175.xyz,32,4000,16.757672110741936,4000,all,1175
0.0917631,0.0965712,0.0,0.9502118644067797,0.04978813559322026,snapshot_1176.xyz,32,4000,16.757672110741936,4000,all,1176
0.0915535,0.0969188,0.0,0.9446412873456955,0.055358712654304476,snapshot_1177.xyz,32,4000,16.757672110741936,4000,all,1177
0.0923216,0.0966407,0.0,0.955307649882503,0.04469235011749695,snapshot_1178.xyz,32,4000,16.757672110741936,4000,all,1178
0.0927403,0.0971968,0.0,0.9541497250938302,0.045850274906169775,snapshot_1179.xyz,32,4000,16.757672110741936,4000,all,1179
0.0919027,0.0964321,0.0,0.9530301631925469,0.04696983680745315,snapshot_1180.xyz,32,4000,16.757672110741936,4000,all,1180
0.0919027,0.0976137,0.0,0.9414938681762909,0.05850613182370912,snapshot_1181.xyz,32,4000,16.757672110741936,4000,all,1181
0.0918329,0.0972663,0.0,0.9441389258150047,0.05586107418499531,snapshot_1182.xyz,32,4000,16.757672110741936,4000,all,1182
0.0916234,0.0969883,0.0,0.9446850805715741,0.055314919428425924,snapshot_1183.xyz,32,4000,16.757672110741936,4000,all,1183
0.091344,0.0971968,0.0,0.9397840258115493,0.060215974188450705,snapshot_1184.xyz,32,4000,16.757672110741936,4000,all,1184
0.0919027,0.0974747,0.0,0.9428364488426229,0.057163551157377146,snapshot_1185.xyz,32,4000,16.757672110741936,4000,all,1185
0.0918329,0.0971273,0.0,0.9454900939282775,0.05450990607172246,snapshot_1186.xyz,32,4000,16.757672110741936,4000,all,1186
0.0921122,0.0970578,0.0,0.9490447959875457,0.05095520401245435,snapshot_1187.xyz,32,4000,16.757672110741936,4000,all,1187
0.0922518,0.0974747,0.0,0.9464178910014598,0.05358210899854021,snapshot_1188.xyz,32,4000,16.757672110741936,4000,all,1188
0.0911344,0.0971968,0.0,0.937627576216501,0.062372423783499054,snapshot_1189.xyz,32,4000,16.757672110741936,4000,all,1189
0.091344,0.0968493,0.0,0.9431560166155046,0.05684398338449537,snapshot_1190.xyz,32,4000,16.757672110741936,4000,all,1190
0.0922518,0.0971968,0.0,0.949123839467966,0.05087616053203403,snapshot_1191.xyz,32,4000,16.757672110741936,4000,all,1191
0.0923216,0.0980304,0.0,0.9417650035091155,0.05823499649088448,snapshot_1192.xyz,32,4000,16.757672110741936,4000,all,1192
0.0910645,0.0974052,0.0,0.9349038860348319,0.06509611396516812,snapshot_1193.xyz,32,4000,16.757672110741936,4000,all,1193
0.0917631,0.0972663,0.0,0.9434213083051376,0.056578691694862404,snapshot_1194.xyz,32,4000,16.757672110741936,4000,all,1194
0.0917631,0.0973358,0.0,0.9427476837915751,0.05725231620842486,snapshot_1195.xyz,32,4000,16.757672110741936,4000,all,1195
0.0922518,0.0977526,0.0,0.9437273279687701,0.056272672031229876,snapshot_1196.xyz,32,4000,16.757672110741936,4000,all,1196
0.0915535,0.0967797,0.0,0.9459990059898925,0.054000994010107495,snapshot_1197.xyz,32,4000,16.757672110741936,4000,all,1197
0.0921122,0.0976831,0.0,0.9429696641486605,0.05703033585133954,snapshot_1198.xyz,32,4000,16.757672110741936,4000,all,1198
0.0919726,0.0974747,0.0,0.9435535580001786,0.056446441999821406,snapshot_1199.xyz,32,4000,16.757672110741936,4000,all,1199
0.092182,0.0970578,0.0,0.9497639550865566,0.050236044913443356,snapshot_1200.xyz,32,4000,16.757672110741936,4000,all,1200
0.0924612,0.0971273,0.0,0.9519589240100362,0.048041075989963766,snapshot_1201.xyz,32,4000,16.757672110741936,4000,all,1201
