cid,cid_shuffled,cid_shuffled_std,cid_normalized,compression_gain,snapshot,nbins,n_particles_total,box_length,n_particles_filtered,atom_types,snapshot_num
0.0682307,0.0967797,0.0,0.7050104515719723,0.2949895484280277,snapshot_1.xyz,32,4000,16.757672110741936,4000,all,1
0.0670127,0.0941349,0.0,0.7118794410999534,0.2881205589000466,snapshot_2.xyz,32,4000,16.757672110741936,4000,all,2
0.0683739,0.0957365,0.0,0.7141884234330689,0.2858115765669311,snapshot_3.xyz,32,4000,16.757672110741936,4000,all,3
0.0680159,0.0958061,0.0,0.7099328748378235,0.2900671251621765,snapshot_4.xyz,32,4000,16.757672110741936,4000,all,4
0.0670844,0.0935076,0.0,0.7174218993964128,0.28257810060358723,snapshot_5.xyz,32,4000,16.757672110741936,4000,all,5
0.0687317,0.0946922,0.0,0.7258433112759024,0.2741566887240976,snapshot_6.xyz,32,4000,16.757672110741936,4000,all,6
0.0673711,0.0931589,0.0,0.7231847950115341,0.2768152049884659,snapshot_7.xyz,32,4000,16.757672110741936,4000,all,7
0.0672278,0.0939955,0.0,0.7152236011298414,0.2847763988701586,snapshot_8.xyz,32,4000,16.757672110741936,4000,all,8
0.0672994,0.0944136,0.0,0.7128146792411262,0.2871853207588738,snapshot_9.xyz,32,4000,16.757672110741936,4000,all,9
0.0680159,0.093647,0.0,0.7263008959176482,0.27369910408235176,snapshot_10.xyz,32,4000,16.757672110741936,4000,all,10
0.0681591,0.0941349,0.0,0.7240577086712793,0.2759422913287207,snapshot_11.xyz,32,4000,16.757672110741936,4000,all,11
0.0697328,0.0949011,0.0,0.7347944333627323,0.2652055666372677,snapshot_12.xyz,32,4000,16.757672110741936,4000,all,12
0.0672994,0.0943439,0.0,0.7133412971055892,0.28665870289441076,snapshot_13.xyz,32,4000,16.757672110741936,4000,all,13
0.0680159,0.0946922,0.0,0.7182840825326691,0.28171591746733093,snapshot_14.xyz,32,4000,16.757672110741936,4000,all,14
0.0662236,0.09511,0.0,0.69628430238671,0.30371569761329,snapshot_15.xyz,32,4000,16.757672110741936,4000,all,15
0.0659365,0.0944833,0.0,0.6978640669832658,0.30213593301673425,snapshot_16.xyz,32,4000,16.757672110741936,4000,all,16
0.0674428,0.0949011,0.0,0.7106640492049091,0.2893359507950909,snapshot_17.xyz,32,4000,16.757672110741936,4000,all,17
0.0658647,0.0943439,0.0,0.6981341665968865,0.30186583340311346,snapshot_18.xyz,32,4000,16.757672110741936,4000,all,18
0.0683023,0.0942742,0.0,0.7245068109832806,0.2754931890167194,snapshot_19.xyz,32,4000,16.757672110741936,4000,all,19
0.0672278,0.0942046,0.0,0.7136360644809278,0.28636393551907224,snapshot_20.xyz,32,4000,16.757672110741936,4000,all,20
0.0679443,0.0942742,0.0,0.7207093775391358,0.2792906224608642,snapshot_21.xyz,32,4000,16.757672110741936,4000,all,21
0.0690894,0.0938561,0.0,0.7361205078838775,0.2638794921161225,snapshot_22.xyz,32,4000,16.757672110741936,4000,all,22
0.0691609,0.0937864,0.0,0.7374299471991674,0.26257005280083257,snapshot_23.xyz,32,4000,16.757672110741936,4000,all,23
0.0671561,0.0942046,0.0,0.71287495515081,0.28712504484919,snapshot_24.xyz,32,4000,16.757672110741936,4000,all,24
0.0670127,0.0939955,0.0,0.7129351937060816,0.2870648062939184,snapshot_25.xyz,32,4000,16.757672110741936,4000,all,25
0.0675144,0.0932286,0.0,0.7241812061963818,0.2758187938036182,snapshot_26.xyz,32,4000,16.757672110741936,4000,all,26
0.06608,0.0937167,0.0,0.7051037861981909,0.2948962138018091,snapshot_27.xyz,32,4000,16.757672110741936,4000,all,27
0.0680159,0.0937864,0.0,0.7252213540555987,0.27477864594440127,snapshot_28.xyz,32,4000,16.757672110741936,4000,all,28
0.0680875,0.0937167,0.0,0.726524728250141,0.273475271749859,snapshot_29.xyz,32,4000,16.757672110741936,4000,all,29
0.0662954,0.0939258,0.0,0.7058273658568786,0.29417263414312145,snapshot_30.xyz,32,4000,16.757672110741936,4000,all,30
0.0664389,0.0940652,0.0,0.7063069020211512,0.2936930979788488,snapshot_31.xyz,32,4000,16.757672110741936,4000,all,31
0.0683739,0.0939258,0.0,0.727956535903873,0.272043464096127,snapshot_32.xyz,32,4000,16.757672110741936,4000,all,32
0.0668693,0.0944136,0.0,0.708259191472415,0.291740808527585,snapshot_33.xyz,32,4000,16.757672110741936,4000,all,33
0.0666541,0.0946226,0.0,0.7044205084197643,0.29557949158023566,snapshot_34.xyz,32,4000,16.757672110741936,4000,all,34
0.0667258,0.0934378,0.0,0.7141199814207955,0.28588001857920453,snapshot_35.xyz,32,4000,16.757672110741936,4000,all,35
0.0653619,0.0948315,0.0,0.6892424985368786,0.3107575014631214,snapshot_36.xyz,32,4000,16.757672110741936,4000,all,36
0.0667976,0.0946922,0.0,0.7054181865032177,0.29458181349678225,snapshot_37.xyz,32,4000,16.757672110741936,4000,all,37
0.0671561,0.0949011,0.0,0.7076430094066348,0.2923569905933652,snapshot_38.xyz,32,4000,16.757672110741936,4000,all,38
0.0680159,0.0943439,0.0,0.7209358527684355,0.2790641472315645,snapshot_39.xyz,32,4000,16.757672110741936,4000,all,39
0.0694469,0.0946226,0.0,0.7339356559637973,0.2660643440362027,snapshot_40.xyz,32,4000,16.757672110741936,4000,all,40
0.0686601,0.0955277,0.0,0.7187454528895808,0.2812545471104192,snapshot_41.xyz,32,4000,16.757672110741936,4000,all,41
0.0693754,0.0970578,0.0,0.7147843862111031,0.2852156137888969,snapshot_42.xyz,32,4000,16.757672110741936,4000,all,42
0.0672278,0.0932984,0.0,0.7205675552849781,0.27943244471502193,snapshot_43.xyz,32,4000,16.757672110741936,4000,all,43
0.0674428,0.0938561,0.0,0.7185766295424592,0.28142337045754084,snapshot_44.xyz,32,4000,16.757672110741936,4000,all,44
0.0694469,0.0946922,0.0,0.733396203699988,0.26660379630001196,snapshot_45.xyz,32,4000,16.757672110741936,4000,all,45
0.0676577,0.0941349,0.0,0.7187313100667234,0.2812686899332766,snapshot_46.xyz,32,4000,16.757672110741936,4000,all,46
0.0664389,0.0937864,0.0,0.7084065493504388,0.2915934506495612,snapshot_47.xyz,32,4000,16.757672110741936,4000,all,47
0.0680159,0.093647,0.0,0.7263008959176482,0.27369910408235176,snapshot_48.xyz,32,4000,16.757672110741936,4000,all,48
0.0686601,0.0949011,0.0,0.7234910870369258,0.2765089129630742,snapshot_49.xyz,32,4000,16.757672110741936,4000,all,49
0.0683023,0.0954581,0.0,0.7155212601130757,0.2844787398869243,snapshot_50.xyz,32,4000,16.757672110741936,4000,all,50
0.0664389,0.0958061,0.0,0.6934725450675896,0.3065274549324104,snapshot_51.xyz,32,4000,16.757672110741936,4000,all,51
0.0680875,0.09511,0.0,0.7158816107664808,0.2841183892335192,snapshot_52.xyz,32,4000,16.757672110741936,4000,all,52
0.0680875,0.0953189,0.0,0.7143126913969842,0.28568730860301583,snapshot_53.xyz,32,4000,16.757672110741936,4000,all,53
0.0657929,0.0955973,0.0,0.6882296884953865,0.31177031150461354,snapshot_54.xyz,32,4000,16.757672110741936,4000,all,54
0.0673711,0.0953885,0.0,0.7062811554852,0.2937188445148,snapshot_55.xyz,32,4000,16.757672110741936,4000,all,55
0.0684454,0.0935773,0.0,0.7314316613110231,0.2685683386889769,snapshot_56.xyz,32,4000,16.757672110741936,4000,all,56
0.0677294,0.0946226,0.0,0.7157846011417991,0.2842153988582009,snapshot_57.xyz,32,4000,16.757672110741936,4000,all,57
0.067801,0.0940652,0.0,0.7207872837138495,0.2792127162861505,snapshot_58.xyz,32,4000,16.757672110741936,4000,all,58
0.0686601,0.0944136,0.0,0.7272267978342103,0.2727732021657897,snapshot_59.xyz,32,4000,16.757672110741936,4000,all,59
0.0693039,0.0947619,0.0,0.7313477251933531,0.2686522748066469,snapshot_60.xyz,32,4000,16.757672110741936,4000,all,60
0.0682307,0.0947619,0.0,0.720022498493593,0.279977501506407,snapshot_61.xyz,32,4000,16.757672110741936,4000,all,61
0.0672994,0.0946226,0.0,0.7112402322489553,0.2887597677510447,snapshot_62.xyz,32,4000,16.757672110741936,4000,all,62
0.0652182,0.0939258,0.0,0.6943587384935769,0.3056412615064231,snapshot_63.xyz,32,4000,16.757672110741936,4000,all,63
0.0684454,0.0941349,0.0,0.7270990886483123,0.2729009113516877,snapshot_64.xyz,32,4000,16.757672110741936,4000,all,64
0.0683739,0.0944833,0.0,0.7236612184375439,0.27633878156245606,snapshot_65.xyz,32,4000,16.757672110741936,4000,all,65
0.0689463,0.0949011,0.0,0.7265068581923708,0.2734931418076292,snapshot_66.xyz,32,4000,16.757672110741936,4000,all,66
0.0684454,0.0940652,0.0,0.7276378511925771,0.27236214880742293,snapshot_67.xyz,32,4000,16.757672110741936,4000,all,67
0.0675144,0.0938561,0.0,0.7193394995104208,0.28066050048957925,snapshot_68.xyz,32,4000,16.757672110741936,4000,all,68
0.0674428,0.0945529,0.0,0.7132811368027845,0.2867188631972155,snapshot_69.xyz,32,4000,16.757672110741936,4000,all,69
0.0665824,0.0944136,0.0,0.7052204343442047,0.29477956565579533,snapshot_70.xyz,32,4000,16.757672110741936,4000,all,70
0.0663671,0.0942742,0.0,0.70397945567292,0.29602054432708,snapshot_71.xyz,32,4000,16.757672110741936,4000,all,71
0.0662236,0.0942046,0.0,0.7029762877821252,0.2970237122178748,snapshot_72.xyz,32,4000,16.757672110741936,4000,all,72
0.0667976,0.0949011,0.0,0.7038653924980848,0.2961346075019152,snapshot_73.xyz,32,4000,16.757672110741936,4000,all,73
0.0663671,0.0946922,0.0,0.7008718775147266,0.29912812248527343,snapshot_74.xyz,32,4000,16.757672110741936,4000,all,74
0.0673711,0.0949011,0.0,0.7099085258231991,0.2900914741768009,snapshot_75.xyz,32,4000,16.757672110741936,4000,all,75
0.0680159,0.0942742,0.0,0.7214688642279649,0.27853113577203514,snapshot_76.xyz,32,4000,16.757672110741936,4000,all,76
0.0662954,0.0946226,0.0,0.7006296592991527,0.29937034070084734,snapshot_77.xyz,32,4000,16.757672110741936,4000,all,77
0.0697328,0.0948315,0.0,0.7353337234990482,0.26466627650095176,snapshot_78.xyz,32,4000,16.757672110741936,4000,all,78
0.068517,0.0952493,0.0,0.7193438691937893,0.28065613080621066,snapshot_79.xyz,32,4000,16.757672110741936,4000,all,79
0.0688032,0.093647,0.0,0.7347079991884417,0.26529200081155835,snapshot_80.xyz,32,4000,16.757672110741936,4000,all,80
0.0670127,0.0942046,0.0,0.7113527364905747,0.28864726350942527,snapshot_81.xyz,32,4000,16.757672110741936,4000,all,81
0.0684454,0.0933681,0.0,0.7330705026663283,0.26692949733367166,snapshot_82.xyz,32,4000,16.757672110741936,4000,all,82
0.0672994,0.0934378,0.0,0.7202588245870515,0.2797411754129485,snapshot_83.xyz,32,4000,16.757672110741936,4000,all,83
0.0699471,0.0949011,0.0,0.7370525736793356,0.26294742632066437,snapshot_84.xyz,32,4000,16.757672110741936,4000,all,84
0.0690178,0.0944833,0.0,0.7304761793883152,0.2695238206116848,snapshot_85.xyz,32,4000,16.757672110741936,4000,all,85
0.066941,0.0953189,0.0,0.7022846465915994,0.2977153534084006,snapshot_86.xyz,32,4000,16.757672110741936,4000,all,86
0.0681591,0.0943439,0.0,0.7224537039490629,0.27754629605093706,snapshot_87.xyz,32,4000,16.757672110741936,4000,all,87
0.0670127,0.0944136,0.0,0.7097780404517993,0.29022195954820074,snapshot_88.xyz,32,4000,16.757672110741936,4000,all,88
0.0671561,0.0948315,0.0,0.7081623722075471,0.2918376277924529,snapshot_89.xyz,32,4000,16.757672110741936,4000,all,89
0.0683023,0.09511,0.0,0.718140048365051,0.28185995163494904,snapshot_90.xyz,32,4000,16.757672110741936,4000,all,90
0.066941,0.0951797,0.0,0.7033117355906774,0.2966882644093226,snapshot_91.xyz,32,4000,16.757672110741936,4000,all,91
0.0684454,0.0948315,0.0,0.7217580656216553,0.27824193437834466,snapshot_92.xyz,32,4000,16.757672110741936,4000,all,92
0.0672278,0.0940652,0.0,0.7146936380297921,0.28530636197020787,snapshot_93.xyz,32,4000,16.757672110741936,4000,all,93
0.0662236,0.0944833,0.0,0.7009026992071614,0.2990973007928386,snapshot_94.xyz,32,4000,16.757672110741936,4000,all,94
0.0682307,0.09511,0.0,0.7173872358321943,0.2826127641678057,snapshot_95.xyz,32,4000,16.757672110741936,4000,all,95
0.0675861,0.0953885,0.0,0.7085350959497213,0.2914649040502787,snapshot_96.xyz,32,4000,16.757672110741936,4000,all,96
0.0684454,0.0940652,0.0,0.7276378511925771,0.27236214880742293,snapshot_97.xyz,32,4000,16.757672110741936,4000,all,97
0.0678726,0.0937864,0.0,0.723693413970469,0.27630658602953095,snapshot_98.xyz,32,4000,16.757672110741936,4000,all,98
0.0664389,0.0938561,0.0,0.7078804680782602,0.2921195319217398,snapshot_99.xyz,32,4000,16.757672110741936,4000,all,99
0.0670844,0.0937864,0.0,0.715289210375918,0.28471078962408203,snapshot_100.xyz,32,4000,16.757672110741936,4000,all,100
0.0677294,0.0939955,0.0,0.720560026809794,0.27943997319020597,snapshot_101.xyz,32,4000,16.757672110741936,4000,all,101
0.0698757,0.096293,0.0,0.7256571090318091,0.27434289096819087,snapshot_102.xyz,32,4000,16.757672110741936,4000,all,102
0.0714462,0.0965712,0.0,0.739829265868085,0.26017073413191505,snapshot_103.xyz,32,4000,16.757672110741936,4000,all,103
0.071874,0.0956669,0.0,0.7512943348221798,0.24870566517782022,snapshot_104.xyz,32,4000,16.757672110741936,4000,all,104
0.0703757,0.0955973,0.0,0.736168280903331,0.263831719096669,snapshot_105.xyz,32,4000,16.757672110741936,4000,all,105
0.0712322,0.0962235,0.0,0.7402786221661029,0.25972137783389715,snapshot_106.xyz,32,4000,16.757672110741936,4000,all,106
0.067801,0.0944136,0.0,0.7181274731606464,0.2818725268393536,snapshot_107.xyz,32,4000,16.757672110741936,4000,all,107
0.0723016,0.0952493,0.0,0.7590774945327682,0.24092250546723182,snapshot_108.xyz,32,4000,16.757672110741936,4000,all,108
0.0707327,0.0953885,0.0,0.7415223009062937,0.2584776990937063,snapshot_109.xyz,32,4000,16.757672110741936,4000,all,109
0.0720878,0.0960148,0.0,0.7507988351795765,0.24920116482042354,snapshot_110.xyz,32,4000,16.757672110741936,4000,all,110
0.0728714,0.0954581,0.0,0.7633862396171723,0.23661376038282766,snapshot_111.xyz,32,4000,16.757672110741936,4000,all,111
0.0718027,0.0947619,0.0,0.7577169727495966,0.2422830272504034,snapshot_112.xyz,32,4000,16.757672110741936,4000,all,112
0.0730138,0.0940652,0.0,0.7762041647708185,0.22379583522918145,snapshot_113.xyz,32,4000,16.757672110741936,4000,all,113
0.0728002,0.0940652,0.0,0.7739333993868083,0.22606660061319173,snapshot_114.xyz,32,4000,16.757672110741936,4000,all,114
0.0719453,0.0940652,0.0,0.7648450223887261,0.2351549776112739,snapshot_115.xyz,32,4000,16.757672110741936,4000,all,115
0.0740099,0.0944136,0.0,0.7838902446257743,0.21610975537422572,snapshot_116.xyz,32,4000,16.757672110741936,4000,all,116
0.075147,0.0939258,0.0,0.8000677130245364,0.1999322869754636,snapshot_117.xyz,32,4000,16.757672110741936,4000,all,117
0.0749339,0.0945529,0.0,0.79250768617356,0.20749231382643996,snapshot_118.xyz,32,4000,16.757672110741936,4000,all,118
0.08067,0.0944136,0.0,0.8544319886118102,0.14556801138818976,snapshot_119.xyz,32,4000,16.757672110741936,4000,all,119
0.082997,0.0953189,0.0,0.8707297293611236,0.12927027063887642,snapshot_120.xyz,32,4000,16.757672110741936,4000,all,120
0.0850374,0.0948315,0.0,0.8967210262412806,0.10327897375871942,snapshot_121.xyz,32,4000,16.757672110741936,4000,all,121
0.086372,0.0957365,0.0,0.9021846422210965,0.09781535777890349,snapshot_122.xyz,32,4000,16.757672110741936,4000,all,122
0.087775,0.0953885,0.0,0.9201842989458897,0.07981570105411029,snapshot_123.xyz,32,4000,16.757672110741936,4000,all,123
0.0885458,0.0959452,0.0,0.9228788933682978,0.07712110663170224,snapshot_124.xyz,32,4000,16.757672110741936,4000,all,124
0.0874244,0.0958756,0.0,0.9118524421229176,0.0881475578770824,snapshot_125.xyz,32,4000,16.757672110741936,4000,all,125
0.0881955,0.0959452,0.0,0.9192278508982211,0.08077214910177888,snapshot_126.xyz,32,4000,16.757672110741936,4000,all,126
0.0879152,0.0960843,0.0,0.914979866637942,0.08502013336205805,snapshot_127.xyz,32,4000,16.757672110741936,4000,all,127
0.0888259,0.0967797,0.0,0.9178154096365251,0.08218459036347492,snapshot_128.xyz,32,4000,16.757672110741936,4000,all,128
0.0875647,0.0955277,0.0,0.9166419792374358,0.08335802076256416,snapshot_129.xyz,32,4000,16.757672110741936,4000,all,129
0.089246,0.0966407,0.0,0.9234825492778923,0.0765174507221077,snapshot_130.xyz,32,4000,16.757672110741936,4000,all,130
0.0880553,0.0971273,0.0,0.9065968064591521,0.09340319354084792,snapshot_131.xyz,32,4000,16.757672110741936,4000,all,131
0.088966,0.0969188,0.0,0.9179436806894019,0.08205631931059809,snapshot_132.xyz,32,4000,16.757672110741936,4000,all,132
0.0877049,0.0962235,0.0,0.9114706906317064,0.08852930936829362,snapshot_133.xyz,32,4000,16.757672110741936,4000,all,133
0.0884057,0.0968493,0.0,0.9128171292926227,0.08718287070737729,snapshot_134.xyz,32,4000,16.757672110741936,4000,all,134
0.0876348,0.0968493,0.0,0.9048573402182566,0.09514265978174341,snapshot_135.xyz,32,4000,16.757672110741936,4000,all,135
0.088896,0.0968493,0.0,0.9178796336163504,0.08212036638364961,snapshot_136.xyz,32,4000,16.757672110741936,4000,all,136
0.0879852,0.0965712,0.0,0.911091505542025,0.088908494457975,snapshot_137.xyz,32,4000,16.757672110741936,4000,all,137
0.0873543,0.0974052,0.0,0.896813517142822,0.10318648285717802,snapshot_138.xyz,32,4000,16.757672110741936,4000,all,138
0.0879152,0.0971968,0.0,0.9045071442681241,0.09549285573187594,snapshot_139.xyz,32,4000,16.757672110741936,4000,all,139
0.0875647,0.0970578,0.0,0.9021912715928034,0.09780872840719657,snapshot_140.xyz,32,4000,16.757672110741936,4000,all,140
0.0879852,0.0975442,0.0,0.9020033994845413,0.09799660051545867,snapshot_141.xyz,32,4000,16.757672110741936,4000,all,141
0.0881254,0.0969883,0.0,0.9086188746477669,0.09138112535223308,snapshot_142.xyz,32,4000,16.757672110741936,4000,all,142
0.0886158,0.0974052,0.0,0.9097645710906604,0.09023542890933955,snapshot_143.xyz,32,4000,16.757672110741936,4000,all,143
0.0881254,0.0967102,0.0,0.9112317004824725,0.08876829951752752,snapshot_144.xyz,32,4000,16.757672110741936,4000,all,144
0.087775,0.0964321,0.0,0.9102259517318403,0.08977404826815971,snapshot_145.xyz,32,4000,16.757672110741936,4000,all,145
0.0874244,0.0970578,0.0,0.9007457411975133,0.09925425880248673,snapshot_146.xyz,32,4000,16.757672110741936,4000,all,146
0.0874945,0.0969883,0.0,0.902113966323773,0.09788603367622695,snapshot_147.xyz,32,4000,16.757672110741936,4000,all,147
0.087775,0.0970578,0.0,0.9043580217148958,0.09564197828510423,snapshot_148.xyz,32,4000,16.757672110741936,4000,all,148
0.0881955,0.0974747,0.0,0.9048040158112823,0.09519598418871766,snapshot_149.xyz,32,4000,16.757672110741936,4000,all,149
0.0872842,0.0971968,0.0,0.8980151609929545,0.10198483900704547,snapshot_150.xyz,32,4000,16.757672110741936,4000,all,150
0.0874945,0.0975442,0.0,0.8969728594831882,0.10302714051681183,snapshot_151.xyz,32,4000,16.757672110741936,4000,all,151
0.0881254,0.0972663,0.0,0.9060219212615264,0.09397807873847364,snapshot_152.xyz,32,4000,16.757672110741936,4000,all,152
0.0874945,0.097961,0.0,0.8931564602239667,0.10684353977603334,snapshot_153.xyz,32,4000,16.757672110741936,4000,all,153
0.0884757,0.0967797,0.0,0.914196882197403,0.08580311780259697,snapshot_154.xyz,32,4000,16.757672110741936,4000,all,154
0.087775,0.0967102,0.0,0.9076085045837978,0.09239149541620217,snapshot_155.xyz,32,4000,16.757672110741936,4000,all,155
0.0876348,0.0973358,0.0,0.9003347175448293,0.0996652824551707,snapshot_156.xyz,32,4000,16.757672110741936,4000,all,156
0.0875647,0.0974052,0.0,0.8989735660929806,0.10102643390701938,snapshot_157.xyz,32,4000,16.757672110741936,4000,all,157
0.0872842,0.0969883,0.0,0.8999456635491085,0.10005433645089146,snapshot_158.xyz,32,4000,16.757672110741936,4000,all,158
0.0876348,0.0971968,0.0,0.9016222756304734,0.09837772436952663,snapshot_159.xyz,32,4000,16.757672110741936,4000,all,159
0.087775,0.0976137,0.0,0.8992077956270483,0.10079220437295167,snapshot_160.xyz,32,4000,16.757672110741936,4000,all,160
0.0874945,0.0974747,0.0,0.8976124060910164,0.10238759390898355,snapshot_161.xyz,32,4000,16.757672110741936,4000,all,161
0.0874945,0.0971273,0.0,0.9008229406150485,0.09917705938495147,snapshot_162.xyz,32,4000,16.757672110741936,4000,all,162
0.087214,0.0969883,0.0,0.8992218649053546,0.1007781350946454,snapshot_163.xyz,32,4000,16.757672110741936,4000,all,163
0.087775,0.0965016,0.0,0.9095704112677925,0.09042958873220752,snapshot_164.xyz,32,4000,16.757672110741936,4000,all,164
0.0881955,0.0973358,0.0,0.9060951879986603,0.09390481200133971,snapshot_165.xyz,32,4000,16.757672110741936,4000,all,165
0.0878451,0.0978915,0.0,0.8973720905287996,0.10262790947120037,snapshot_166.xyz,32,4000,16.757672110741936,4000,all,166
0.0873543,0.0974052,0.0,0.896813517142822,0.10318648285717802,snapshot_167.xyz,32,4000,16.757672110741936,4000,all,167
0.0876348,0.0971273,0.0,0.9022674366527228,0.0977325633472772,snapshot_168.xyz,32,4000,16.757672110741936,4000,all,168
0.0877049,0.0964321,0.0,0.9094990153693635,0.0905009846306365,snapshot_169.xyz,32,4000,16.757672110741936,4000,all,169
0.0879852,0.0970578,0.0,0.9065237415230925,0.09347625847690755,snapshot_170.xyz,32,4000,16.757672110741936,4000,all,170
0.0874945,0.0972663,0.0,0.8995356048292164,0.10046439517078365,snapshot_171.xyz,32,4000,16.757672110741936,4000,all,171
0.0870737,0.0967102,0.0,0.9003569427009768,0.09964305729902323,snapshot_172.xyz,32,4000,16.757672110741936,4000,all,172
0.0867931,0.0972663,0.0,0.892324474149834,0.10767552585016604,snapshot_173.xyz,32,4000,16.757672110741936,4000,all,173
0.0871439,0.0961539,0.0,0.9062960524742105,0.09370394752578948,snapshot_174.xyz,32,4000,16.757672110741936,4000,all,174
0.0872842,0.096293,0.0,0.9064438744249322,0.09355612557506776,snapshot_175.xyz,32,4000,16.757672110741936,4000,all,175
0.0873543,0.0967102,0.0,0.9032583946677807,0.09674160533221932,snapshot_176.xyz,32,4000,16.757672110741936,4000,all,176
0.0875647,0.0969188,0.0,0.9034851855367586,0.0965148144632414,snapshot_177.xyz,32,4000,16.757672110741936,4000,all,177
0.0873543,0.0976137,0.0,0.8948979497754925,0.10510205022450747,snapshot_178.xyz,32,4000,16.757672110741936,4000,all,178
0.0872842,0.0968493,0.0,0.9012372830779366,0.0987627169220634,snapshot_179.xyz,32,4000,16.757672110741936,4000,all,179
0.0884057,0.0967797,0.0,0.9134735900193947,0.08652640998060535,snapshot_180.xyz,32,4000,16.757672110741936,4000,all,180
0.0876348,0.0969188,0.0,0.9042084714214373,0.09579152857856266,snapshot_181.xyz,32,4000,16.757672110741936,4000,all,181
0.0876348,0.0977526,0.0,0.8964958476807778,0.10350415231922216,snapshot_182.xyz,32,4000,16.757672110741936,4000,all,182
0.0870036,0.0964321,0.0,0.9022265407473237,0.09777345925267633,snapshot_183.xyz,32,4000,16.757672110741936,4000,all,183
0.0880553,0.0965712,0.0,0.9118173948340706,0.08818260516592935,snapshot_184.xyz,32,4000,16.757672110741936,4000,all,184
0.087775,0.0976137,0.0,0.8992077956270483,0.10079220437295167,snapshot_185.xyz,32,4000,16.757672110741936,4000,all,185
0.0873543,0.0971273,0.0,0.8993794741540225,0.10062052584597747,snapshot_186.xyz,32,4000,16.757672110741936,4000,all,186
0.0871439,0.0960148,0.0,0.9076090352737286,0.0923909647262714,snapshot_187.xyz,32,4000,16.757672110741936,4000,all,187
0.0877049,0.0963626,0.0,0.9101549771384333,0.0898450228615667,snapshot_188.xyz,32,4000,16.757672110741936,4000,all,188
0.0877049,0.0972663,0.0,0.901698738411968,0.09830126158803199,snapshot_189.xyz,32,4000,16.757672110741936,4000,all,189
0.0876348,0.0964321,0.0,0.9087720790068866,0.09122792099311339,snapshot_190.xyz,32,4000,16.757672110741936,4000,all,190
0.0876348,0.0967797,0.0,0.9055080765904421,0.09449192340955792,snapshot_191.xyz,32,4000,16.757672110741936,4000,all,191
0.0873543,0.0969883,0.0,0.9006684311406633,0.0993315688593367,snapshot_192.xyz,32,4000,16.757672110741936,4000,all,192
0.0874945,0.0967797,0.0,0.9040583924108052,0.09594160758919479,snapshot_193.xyz,32,4000,16.757672110741936,4000,all,193
0.0869334,0.0973358,0.0,0.8931287357786137,0.10687126422138626,snapshot_194.xyz,32,4000,16.757672110741936,4000,all,194
0.0872842,0.0960148,0.0,0.909070268333632,0.09092973166636797,snapshot_195.xyz,32,4000,16.757672110741936,4000,all,195
0.0880553,0.0971968,0.0,0.9059485497464937,0.09405145025350625,snapshot_196.xyz,32,4000,16.757672110741936,4000,all,196
0.0875647,0.0970578,0.0,0.9021912715928034,0.09780872840719657,snapshot_197.xyz,32,4000,16.757672110741936,4000,all,197
0.0880553,0.0971968,0.0,0.9059485497464937,0.09405145025350625,snapshot_198.xyz,32,4000,16.757672110741936,4000,all,198
0.0876348,0.0970578,0.0,0.9029135216335008,0.0970864783664992,snapshot_199.xyz,32,4000,16.757672110741936,4000,all,199
0.0880553,0.0967797,0.0,0.9098529960311925,0.09014700396880748,snapshot_200.xyz,32,4000,16.757672110741936,4000,all,200
0.0883356,0.0969188,0.0,0.9114392666851013,0.08856073331489867,snapshot_201.xyz,32,4000,16.757672110741936,4000,all,201
0.0874244,0.0978915,0.0,0.8930744753119525,0.1069255246880475,snapshot_202.xyz,32,4000,16.757672110741936,4000,all,202
0.0875647,0.0967102,0.0,0.9054339666343364,0.0945660333656636,snapshot_203.xyz,32,4000,16.757672110741936,4000,all,203
0.0871439,0.0969883,0.0,0.8984990973137996,0.10150090268620038,snapshot_204.xyz,32,4000,16.757672110741936,4000,all,204
0.0872842,0.0970578,0.0,0.8993012411161185,0.10069875888388147,snapshot_205.xyz,32,4000,16.757672110741936,4000,all,205
0.0874945,0.0967102,0.0,0.9047080866340883,0.0952919133659117,snapshot_206.xyz,32,4000,16.757672110741936,4000,all,206
0.0886859,0.0970578,0.0,0.9137431509883801,0.0862568490116199,snapshot_207.xyz,32,4000,16.757672110741936,4000,all,207
0.0880553,0.0967797,0.0,0.9098529960311925,0.09014700396880748,snapshot_208.xyz,32,4000,16.757672110741936,4000,all,208
0.0880553,0.0968493,0.0,0.9091991372162731,0.0908008627837269,snapshot_209.xyz,32,4000,16.757672110741936,4000,all,209
0.0883356,0.0971273,0.0,0.9094827098045555,0.09051729019544452,snapshot_210.xyz,32,4000,16.757672110741936,4000,all,210
0.0879852,0.0974052,0.0,0.9032905840755935,0.09670941592440652,snapshot_211.xyz,32,4000,16.757672110741936,4000,all,211
0.0878451,0.0972663,0.0,0.9031401420635924,0.09685985793640761,snapshot_212.xyz,32,4000,16.757672110741936,4000,all,212
0.0881254,0.0971273,0.0,0.907318539689665,0.09268146031033497,snapshot_213.xyz,32,4000,16.757672110741936,4000,all,213
0.0881254,0.0969883,0.0,0.9086188746477669,0.09138112535223308,snapshot_214.xyz,32,4000,16.757672110741936,4000,all,214
0.0881254,0.0974052,0.0,0.9047299322828761,0.09527006771712387,snapshot_215.xyz,32,4000,16.757672110741936,4000,all,215
0.0884757,0.0971273,0.0,0.910925146688933,0.08907485331106701,snapshot_216.xyz,32,4000,16.757672110741936,4000,all,216
0.0884757,0.0971968,0.0,0.9102737950220584,0.08972620497794159,snapshot_217.xyz,32,4000,16.757672110741936,4000,all,217
0.0880553,0.0969188,0.0,0.9085471549379481,0.09145284506205187,snapshot_218.xyz,32,4000,16.757672110741936,4000,all,218
0.0878451,0.0970578,0.0,0.905080271755593,0.09491972824440698,snapshot_219.xyz,32,4000,16.757672110741936,4000,all,219
0.0874945,0.0968493,0.0,0.9034086978429374,0.09659130215706258,snapshot_220.xyz,32,4000,16.757672110741936,4000,all,220
0.0878451,0.0971968,0.0,0.9037859271087113,0.0962140728912887,snapshot_221.xyz,32,4000,16.757672110741936,4000,all,221
0.0882656,0.0971968,0.0,0.9081122012247317,0.09188779877526831,snapshot_222.xyz,32,4000,16.757672110741936,4000,all,222
0.0873543,0.0965016,0.0,0.9052108980576486,0.09478910194235135,snapshot_223.xyz,32,4000,16.757672110741936,4000,all,223
0.087775,0.0974052,0.0,0.9011325884039046,0.09886741159609536,snapshot_224.xyz,32,4000,16.757672110741936,4000,all,224
0.0880553,0.0970578,0.0,0.9072459915637898,0.09275400843621018,snapshot_225.xyz,32,4000,16.757672110741936,4000,all,225
0.0887559,0.0969188,0.0,0.9157758866184889,0.08422411338151115,snapshot_226.xyz,32,4000,16.757672110741936,4000,all,226
0.0874244,0.0971968,0.0,0.8994575953117798,0.10054240468822018,snapshot_227.xyz,32,4000,16.757672110741936,4000,all,227
0.0883356,0.0971273,0.0,0.9094827098045555,0.09051729019544452,snapshot_228.xyz,32,4000,16.757672110741936,4000,all,228
0.087775,0.0971273,0.0,0.9037109031137487,0.09628909688625131,snapshot_229.xyz,32,4000,16.757672110741936,4000,all,229
0.0882656,0.0972663,0.0,0.9074633249131508,0.09253667508684915,snapshot_230.xyz,32,4000,16.757672110741936,4000,all,230
0.087775,0.0967102,0.0,0.9076085045837978,0.09239149541620217,snapshot_231.xyz,32,4000,16.757672110741936,4000,all,231
0.0886859,0.0970578,0.0,0.9137431509883801,0.0862568490116199,snapshot_232.xyz,32,4000,16.757672110741936,4000,all,232
0.0887559,0.0968493,0.0,0.9164330563050017,0.08356694369499829,snapshot_233.xyz,32,4000,16.757672110741936,4000,all,233
0.0875647,0.0976831,0.0,0.8964160637817595,0.10358393621824047,snapshot_234.xyz,32,4000,16.757672110741936,4000,all,234
0.0870737,0.0971968,0.0,0.8958494518338053,0.10415054816619473,snapshot_235.xyz,32,4000,16.757672110741936,4000,all,235
0.0882656,0.0969883,0.0,0.9100644098308766,0.08993559016912345,snapshot_236.xyz,32,4000,16.757672110741936,4000,all,236
0.0886859,0.0971968,0.0,0.9124364176598406,0.08756358234015937,snapshot_237.xyz,32,4000,16.757672110741936,4000,all,237
0.0888259,0.0971968,0.0,0.9138767942977547,0.0861232057022453,snapshot_238.xyz,32,4000,16.757672110741936,4000,all,238
0.0881254,0.0966407,0.0,0.9118870206859016,0.08811297931409845,snapshot_239.xyz,32,4000,16.757672110741936,4000,all,239
0.0875647,0.0978221,0.0,0.895142304244133,0.10485769575586701,snapshot_240.xyz,32,4000,16.757672110741936,4000,all,240
0.0877049,0.0967797,0.0,0.9062324020429905,0.09376759795700951,snapshot_241.xyz,32,4000,16.757672110741936,4000,all,241
0.0883356,0.0974052,0.0,0.9068879279545651,0.09311207204543492,snapshot_242.xyz,32,4000,16.757672110741936,4000,all,242
0.0871439,0.0969188,0.0,0.899143406645563,0.10085659335443697,snapshot_243.xyz,32,4000,16.757672110741936,4000,all,243
0.0879852,0.0972663,0.0,0.9045805176099019,0.09541948239009812,snapshot_244.xyz,32,4000,16.757672110741936,4000,all,244
0.088966,0.0971273,0.0,0.9159731609959301,0.08402683900406993,snapshot_245.xyz,32,4000,16.757672110741936,4000,all,245
0.0881955,0.0969883,0.0,0.9093416422393216,0.09065835776067843,snapshot_246.xyz,32,4000,16.757672110741936,4000,all,246
0.0881955,0.0969188,0.0,0.9099937267073055,0.0900062732926945,snapshot_247.xyz,32,4000,16.757672110741936,4000,all,247
0.0873543,0.0972663,0.0,0.8980942011775918,0.10190579882240824,snapshot_248.xyz,32,4000,16.757672110741936,4000,all,248
0.0878451,0.0969883,0.0,0.9057288353337464,0.09427116466625363,snapshot_249.xyz,32,4000,16.757672110741936,4000,all,249
0.0883356,0.0974747,0.0,0.9062413118481001,0.09375868815189992,snapshot_250.xyz,32,4000,16.757672110741936,4000,all,250
0.0879152,0.0974747,0.0,0.9019283978304113,0.09807160216958866,snapshot_251.xyz,32,4000,16.757672110741936,4000,all,251
0.0883356,0.0969188,0.0,0.9114392666851013,0.08856073331489867,snapshot_252.xyz,32,4000,16.757672110741936,4000,all,252
0.087775,0.0971968,0.0,0.9030647099492988,0.09693529005070123,snapshot_253.xyz,32,4000,16.757672110741936,4000,all,253
0.0879852,0.096293,0.0,0.9137237390049121,0.0862762609950879,snapshot_254.xyz,32,4000,16.757672110741936,4000,all,254
0.0881955,0.0971273,0.0,0.9080402729201779,0.09195972707982214,snapshot_255.xyz,32,4000,16.757672110741936,4000,all,255
0.087775,0.0971273,0.0,0.9037109031137487,0.09628909688625131,snapshot_256.xyz,32,4000,16.757672110741936,4000,all,256
0.0879152,0.0975442,0.0,0.9012857760891986,0.09871422391080142,snapshot_257.xyz,32,4000,16.757672110741936,4000,all,257
0.0869334,0.0970578,0.0,0.8956868999709451,0.10431310002905492,snapshot_258.xyz,32,4000,16.757672110741936,4000,all,258
0.0871439,0.0973358,0.0,0.8952913522054577,0.10470864779454225,snapshot_259.xyz,32,4000,16.757672110741936,4000,all,259
0.0883356,0.0972663,0.0,0.908182998633648,0.09181700136635196,snapshot_260.xyz,32,4000,16.757672110741936,4000,all,260
0.0877049,0.0966407,0.0,0.907535851871934,0.09246414812806603,snapshot_261.xyz,32,4000,16.757672110741936,4000,all,261
0.0883356,0.0966407,0.0,0.914062087712527,0.08593791228747305,snapshot_262.xyz,32,4000,16.757672110741936,4000,all,262
0.0885458,0.0975442,0.0,0.9077505377049583,0.09224946229504172,snapshot_263.xyz,32,4000,16.757672110741936,4000,all,263
0.0877049,0.0971273,0.0,0.9029891698832357,0.09701083011676426,snapshot_264.xyz,32,4000,16.757672110741936,4000,all,264
0.087214,0.0974747,0.0,0.8947347362956747,0.10526526370432532,snapshot_265.xyz,32,4000,16.757672110741936,4000,all,265
0.0881254,0.0970578,0.0,0.9079682416044873,0.0920317583955127,snapshot_266.xyz,32,4000,16.757672110741936,4000,all,266
0.0880553,0.0968493,0.0,0.9091991372162731,0.0908008627837269,snapshot_267.xyz,32,4000,16.757672110741936,4000,all,267
0.0879152,0.0967102,0.0,0.9090581965501054,0.09094180344989455,snapshot_268.xyz,32,4000,16.757672110741936,4000,all,268
0.0884057,0.0975442,0.0,0.9063142657379937,0.09368573426200633,snapshot_269.xyz,32,4000,16.757672110741936,4000,all,269
0.0883356,0.0973358,0.0,0.9075345350837,0.09246546491630003,snapshot_270.xyz,32,4000,16.757672110741936,4000,all,270
0.0880553,0.0971273,0.0,0.9065968064591521,0.09340319354084792,snapshot_271.xyz,32,4000,16.757672110741936,4000,all,271
0.088966,0.0971968,0.0,0.9153181997761244,0.08468180022387561,snapshot_272.xyz,32,4000,16.757672110741936,4000,all,272
0.0886859,0.0968493,0.0,0.91571028391532,0.08428971608468006,snapshot_273.xyz,32,4000,16.757672110741936,4000,all,273
0.0879152,0.0976137,0.0,0.900644069428779,0.09935593057122105,snapshot_274.xyz,32,4000,16.757672110741936,4000,all,274
0.089246,0.0971968,0.0,0.9181989530519524,0.08180104694804757,snapshot_275.xyz,32,4000,16.757672110741936,4000,all,275
0.0885458,0.0974052,0.0,0.909045923626254,0.09095407637374597,snapshot_276.xyz,32,4000,16.757672110741936,4000,all,276
0.089036,0.0967797,0.0,0.9199863194450904,0.08001368055490965,snapshot_277.xyz,32,4000,16.757672110741936,4000,all,277
0.087775,0.0968493,0.0,0.9063049500615906,0.09369504993840938,snapshot_278.xyz,32,4000,16.757672110741936,4000,all,278
0.0883356,0.0967797,0.0,0.9127492645668461,0.08725073543315387,snapshot_279.xyz,32,4000,16.757672110741936,4000,all,279
0.0881955,0.0972663,0.0,0.9067426230873386,0.09325737691266145,snapshot_280.xyz,32,4000,16.757672110741936,4000,all,280
0.0874945,0.0967797,0.0,0.9040583924108052,0.09594160758919479,snapshot_281.xyz,32,4000,16.757672110741936,4000,all,281
0.087775,0.096293,0.0,0.9115408181280051,0.08845918187199486,snapshot_282.xyz,32,4000,16.757672110741936,4000,all,282
0.0886859,0.0973358,0.0,0.911133416481911,0.08886658351808896,snapshot_283.xyz,32,4000,16.757672110741936,4000,all,283
0.0888259,0.0967797,0.0,0.9178154096365251,0.08218459036347492,snapshot_284.xyz,32,4000,16.757672110741936,4000,all,284
0.0885458,0.0974747,0.0,0.9083977688569443,0.09160223114305566,snapshot_285.xyz,32,4000,16.757672110741936,4000,all,285
0.0886859,0.0971968,0.0,0.9124364176598406,0.08756358234015937,snapshot_286.xyz,32,4000,16.757672110741936,4000,all,286
0.0886158,0.0971968,0.0,0.911715200500428,0.08828479949957202,snapshot_287.xyz,32,4000,16.757672110741936,4000,all,287
0.0884057,0.0967797,0.0,0.9134735900193947,0.08652640998060535,snapshot_288.xyz,32,4000,16.757672110741936,4000,all,288
0.0881955,0.0973358,0.0,0.9060951879986603,0.09390481200133971,snapshot_289.xyz,32,4000,16.757672110741936,4000,all,289
0.0887559,0.0968493,0.0,0.9164330563050017,0.08356694369499829,snapshot_290.xyz,32,4000,16.757672110741936,4000,all,290
0.0884757,0.0963626,0.0,0.9181539310894475,0.08184606891055246,snapshot_291.xyz,32,4000,16.757672110741936,4000,all,291
0.0883356,0.0967797,0.0,0.9127492645668461,0.08725073543315387,snapshot_292.xyz,32,4000,16.757672110741936,4000,all,292
0.0884757,0.0970578,0.0,0.9115774311801834,0.08842256881981658,snapshot_293.xyz,32,4000,16.757672110741936,4000,all,293
0.0883356,0.0976137,0.0,0.904950841941244,0.09504915805875602,snapshot_294.xyz,32,4000,16.757672110741936,4000,all,294
0.088896,0.0976137,0.0,0.9106918393627125,0.08930816063728753,snapshot_295.xyz,32,4000,16.757672110741936,4000,all,295
0.0884057,0.0968493,0.0,0.9128171292926227,0.08718287070737729,snapshot_296.xyz,32,4000,16.757672110741936,4000,all,296
0.089106,0.0972663,0.0,0.9161035219803776,0.08389647801962241,snapshot_297.xyz,32,4000,16.757672110741936,4000,all,297
0.0879852,0.0967102,0.0,0.9097820085161649,0.09021799148383514,snapshot_298.xyz,32,4000,16.757672110741936,4000,all,298
0.0881254,0.0966407,0.0,0.9118870206859016,0.08811297931409845,snapshot_299.xyz,32,4000,16.757672110741936,4000,all,299
0.0887559,0.0971273,0.0,0.913810020457688,0.086189979542312,snapshot_300.xyz,32,4000,16.757672110741936,4000,all,300
0.0886859,0.0965712,0.0,0.9183472919462532,0.0816527080537468,snapshot_301.xyz,32,4000,16.757672110741936,4000,all,301
0.0881955,0.0965712,0.0,0.9132691734181619,0.08673082658183806,snapshot_302.xyz,32,4000,16.757672110741936,4000,all,302
0.0882656,0.0966407,0.0,0.9133377552107963,0.0866622447892037,snapshot_303.xyz,32,4000,16.757672110741936,4000,all,303
0.0888259,0.0971968,0.0,0.9138767942977547,0.0861232057022453,snapshot_304.xyz,32,4000,16.757672110741936,4000,all,304
0.0879852,0.0974747,0.0,0.9026465328952026,0.09735346710479742,snapshot_305.xyz,32,4000,16.757672110741936,4000,all,305
0.0883356,0.0971273,0.0,0.9094827098045555,0.09051729019544452,snapshot_306.xyz,32,4000,16.757672110741936,4000,all,306
0.0886158,0.0968493,0.0,0.9149864789936529,0.08501352100634707,snapshot_307.xyz,32,4000,16.757672110741936,4000,all,307
0.0884757,0.0974747,0.0,0.9076786078849179,0.09232139211508206,snapshot_308.xyz,32,4000,16.757672110741936,4000,all,308
0.089036,0.0969883,0.0,0.9180076359725864,0.08199236402741361,snapshot_309.xyz,32,4000,16.757672110741936,4000,all,309
0.089246,0.0966407,0.0,0.9234825492778923,0.0765174507221077,snapshot_310.xyz,32,4000,16.757672110741936,4000,all,310
0.0884757,0.0970578,0.0,0.9115774311801834,0.08842256881981658,snapshot_311.xyz,32,4000,16.757672110741936,4000,all,311
0.0883356,0.0967797,0.0,0.9127492645668461,0.08725073543315387,snapshot_312.xyz,32,4000,16.757672110741936,4000,all,312
0.0882656,0.0976137,0.0,0.9042337294867422,0.09576627051325781,snapshot_313.xyz,32,4000,16.757672110741936,4000,all,313
0.0886859,0.0965016,0.0,0.9190096330009035,0.08099036699909645,snapshot_314.xyz,32,4000,16.757672110741936,4000,all,314
0.087775,0.0969883,0.0,0.9050060677421916,0.09499393225780839,snapshot_315.xyz,32,4000,16.757672110741936,4000,all,315
0.0885458,0.0973358,0.0,0.9096940693968714,0.09030593060312864,snapshot_316.xyz,32,4000,16.757672110741936,4000,all,316
0.089596,0.0974052,0.0,0.91982768887082,0.08017231112918,snapshot_317.xyz,32,4000,16.757672110741936,4000,all,317
0.089176,0.0970578,0.0,0.9187927193898894,0.08120728061011062,snapshot_318.xyz,32,4000,16.757672110741936,4000,all,318
0.089176,0.0971968,0.0,0.9174787647329954,0.08252123526700461,snapshot_319.xyz,32,4000,16.757672110741936,4000,all,319
0.0897359,0.0970578,0.0,0.9245614468904095,0.07543855310959047,snapshot_320.xyz,32,4000,16.757672110741936,4000,all,320
0.0885458,0.0974747,0.0,0.9083977688569443,0.09160223114305566,snapshot_321.xyz,32,4000,16.757672110741936,4000,all,321
0.0881955,0.0973358,0.0,0.9060951879986603,0.09390481200133971,snapshot_322.xyz,32,4000,16.757672110741936,4000,all,322
0.089526,0.0971968,0.0,0.9210797063277802,0.07892029367221975,snapshot_323.xyz,32,4000,16.757672110741936,4000,all,323
0.0884757,0.0971968,0.0,0.9102737950220584,0.08972620497794159,snapshot_324.xyz,32,4000,16.757672110741936,4000,all,324
0.089246,0.0973358,0.0,0.9168877227083971,0.08311227729160287,snapshot_325.xyz,32,4000,16.757672110741936,4000,all,325
0.089316,0.097961,0.0,0.9117505946243913,0.08824940537560866,snapshot_326.xyz,32,4000,16.757672110741936,4000,all,326
0.089316,0.0974052,0.0,0.9169530990131944,0.08304690098680556,snapshot_327.xyz,32,4000,16.757672110741936,4000,all,327
0.089316,0.0969188,0.0,0.9215549511549875,0.07844504884501247,snapshot_328.xyz,32,4000,16.757672110741936,4000,all,328
0.0899458,0.0975442,0.0,0.922103005611815,0.07789699438818498,snapshot_329.xyz,32,4000,16.757672110741936,4000,all,329
0.089246,0.0975442,0.0,0.9149288220109448,0.08507117798905517,snapshot_330.xyz,32,4000,16.757672110741936,4000,all,330
0.089316,0.0980999,0.0,0.910459643689749,0.08954035631025103,snapshot_331.xyz,32,4000,16.757672110741936,4000,all,331
0.089246,0.0971968,0.0,0.9181989530519524,0.08180104694804757,snapshot_332.xyz,32,4000,16.757672110741936,4000,all,332
0.0888259,0.0970578,0.0,0.915185590441984,0.084814409558016,snapshot_333.xyz,32,4000,16.757672110741936,4000,all,333
0.089246,0.0972663,0.0,0.9175428694213721,0.08245713057862791,snapshot_334.xyz,32,4000,16.757672110741936,4000,all,334
0.0884057,0.0965712,0.0,0.9154458057888896,0.08455419421111043,snapshot_335.xyz,32,4000,16.757672110741936,4000,all,335
0.0885458,0.0971968,0.0,0.9109950121814709,0.08900498781852906,snapshot_336.xyz,32,4000,16.757672110741936,4000,all,336
0.0885458,0.0974747,0.0,0.9083977688569443,0.09160223114305566,snapshot_337.xyz,32,4000,16.757672110741936,4000,all,337
0.0887559,0.0965712,0.0,0.9190721457328893,0.08092785426711069,snapshot_338.xyz,32,4000,16.757672110741936,4000,all,338
0.089176,0.0974052,0.0,0.9155158040843816,0.0844841959156184,snapshot_339.xyz,32,4000,16.757672110741936,4000,all,339
0.0888259,0.0966407,0.0,0.9191355195067917,0.08086448049320827,snapshot_340.xyz,32,4000,16.757672110741936,4000,all,340
0.0886158,0.0973358,0.0,0.9104132292537791,0.0895867707462209,snapshot_341.xyz,32,4000,16.757672110741936,4000,all,341
0.0896659,0.0973358,0.0,0.9212016544786195,0.07879834552138054,snapshot_342.xyz,32,4000,16.757672110741936,4000,all,342
0.0882656,0.0972663,0.0,0.9074633249131508,0.09253667508684915,snapshot_343.xyz,32,4000,16.757672110741936,4000,all,343
0.0882656,0.0969188,0.0,0.9107170125919842,0.08928298740801577,snapshot_344.xyz,32,4000,16.757672110741936,4000,all,344
0.089386,0.0970578,0.0,0.9209563785702951,0.07904362142970489,snapshot_345.xyz,32,4000,16.757672110741936,4000,all,345
0.089036,0.0973358,0.0,0.9147302431376739,0.08526975686232607,snapshot_346.xyz,32,4000,16.757672110741936,4000,all,346
0.0898059,0.0969188,0.0,0.9266096980152457,0.07339030198475427,snapshot_347.xyz,32,4000,16.757672110741936,4000,all,347
0.0880553,0.0970578,0.0,0.9072459915637898,0.09275400843621018,snapshot_348.xyz,32,4000,16.757672110741936,4000,all,348
0.089596,0.0971968,0.0,0.9217998946467373,0.07820010535326272,snapshot_349.xyz,32,4000,16.757672110741936,4000,all,349
0.088896,0.0969883,0.0,0.9165641628938749,0.08343583710612512,snapshot_350.xyz,32,4000,16.757672110741936,4000,all,350
0.089036,0.0973358,0.0,0.9147302431376739,0.08526975686232607,snapshot_351.xyz,32,4000,16.757672110741936,4000,all,351
0.089456,0.0971968,0.0,0.9203595180088233,0.07964048199117668,snapshot_352.xyz,32,4000,16.757672110741936,4000,all,352
0.0888259,0.0966407,0.0,0.9191355195067917,0.08086448049320827,snapshot_353.xyz,32,4000,16.757672110741936,4000,all,353
0.089176,0.0971273,0.0,0.9181352719575239,0.08186472804247613,snapshot_354.xyz,32,4000,16.757672110741936,4000,all,354
0.089176,0.0971968,0.0,0.9174787647329954,0.08252123526700461,snapshot_355.xyz,32,4000,16.757672110741936,4000,all,355
0.089316,0.0965016,0.0,0.9255390584197568,0.07446094158024319,snapshot_356.xyz,32,4000,16.757672110741936,4000,all,356
0.088966,0.0967102,0.0,0.9199236481777517,0.08007635182224826,snapshot_357.xyz,32,4000,16.757672110741936,4000,all,357
0.089246,0.0973358,0.0,0.9168877227083971,0.08311227729160287,snapshot_358.xyz,32,4000,16.757672110741936,4000,all,358
0.089596,0.0969188,0.0,0.924443967527456,0.07555603247254405,snapshot_359.xyz,32,4000,16.757672110741936,4000,all,359
0.089526,0.0970578,0.0,0.9223988180238991,0.07760118197610089,snapshot_360.xyz,32,4000,16.757672110741936,4000,all,360
0.089316,0.0971273,0.0,0.919576679265253,0.080423320734747,snapshot_361.xyz,32,4000,16.757672110741936,4000,all,361
0.089316,0.0976137,0.0,0.9149945140897231,0.0850054859102769,snapshot_362.xyz,32,4000,16.757672110741936,4000,all,362
0.0887559,0.0974052,0.0,0.9112028926587081,0.08879710734129187,snapshot_363.xyz,32,4000,16.757672110741936,4000,all,363
0.0900157,0.0973358,0.0,0.9247953990207098,0.07520460097929016,snapshot_364.xyz,32,4000,16.757672110741936,4000,all,364
0.088966,0.096293,0.0,0.9239093184343617,0.07609068156563825,snapshot_365.xyz,32,4000,16.757672110741936,4000,all,365
0.089316,0.0971968,0.0,0.9189191413709094,0.08108085862909065,snapshot_366.xyz,32,4000,16.757672110741936,4000,all,366
0.0896659,0.0963626,0.0,0.9305051959992777,0.06949480400072228,snapshot_367.xyz,32,4000,16.757672110741936,4000,all,367
0.089036,0.0969188,0.0,0.918665934782519,0.08133406521748099,snapshot_368.xyz,32,4000,16.757672110741936,4000,all,368
0.089106,0.0971273,0.0,0.9174145683036593,0.0825854316963407,snapshot_369.xyz,32,4000,16.757672110741936,4000,all,369
0.089106,0.0966407,0.0,0.922033884274431,0.077966115725569,snapshot_370.xyz,32,4000,16.757672110741936,4000,all,370
0.089176,0.0969883,0.0,0.919451109051298,0.08054889094870199,snapshot_371.xyz,32,4000,16.757672110741936,4000,all,371
0.0897359,0.0974052,0.0,0.921263957160398,0.078736042839602,snapshot_372.xyz,32,4000,16.757672110741936,4000,all,372
0.0885458,0.0971273,0.0,0.9116468799194458,0.08835312008055418,snapshot_373.xyz,32,4000,16.757672110741936,4000,all,373
0.088896,0.0971968,0.0,0.9145980114571673,0.08540198854283265,snapshot_374.xyz,32,4000,16.757672110741936,4000,all,374
0.0898059,0.0976137,0.0,0.9200132768248719,0.07998672317512812,snapshot_375.xyz,32,4000,16.757672110741936,4000,all,375
0.089036,0.0971273,0.0,0.9166938646497947,0.08330613535020526,snapshot_376.xyz,32,4000,16.757672110741936,4000,all,376
0.0886158,0.0973358,0.0,0.9104132292537791,0.0895867707462209,snapshot_377.xyz,32,4000,16.757672110741936,4000,all,377
0.088896,0.0969883,0.0,0.9165641628938749,0.08343583710612512,snapshot_378.xyz,32,4000,16.757672110741936,4000,all,378
0.0886158,0.0974052,0.0,0.9097645710906604,0.09023542890933955,snapshot_379.xyz,32,4000,16.757672110741936,4000,all,379
0.0886859,0.0974052,0.0,0.9104842451943017,0.08951575480569829,snapshot_380.xyz,32,4000,16.757672110741936,4000,all,380
0.089036,0.0969188,0.0,0.918665934782519,0.08133406521748099,snapshot_381.xyz,32,4000,16.757672110741936,4000,all,381
0.089176,0.0965712,0.0,0.923422303958116,0.07657769604188402,snapshot_382.xyz,32,4000,16.757672110741936,4000,all,382
0.0888259,0.0971968,0.0,0.9138767942977547,0.0861232057022453,snapshot_383.xyz,32,4000,16.757672110741936,4000,all,383
0.0887559,0.0976137,0.0,0.9092565900073453,0.09074340999265473,snapshot_384.xyz,32,4000,16.757672110741936,4000,all,384
0.0886158,0.0971968,0.0,0.911715200500428,0.08828479949957202,snapshot_385.xyz,32,4000,16.757672110741936,4000,all,385
0.087775,0.0967797,0.0,0.9069567274955389,0.0930432725044611,snapshot_386.xyz,32,4000,16.757672110741936,4000,all,386
0.0887559,0.0967102,0.0,0.9177511782624791,0.0822488217375209,snapshot_387.xyz,32,4000,16.757672110741936,4000,all,387
0.089526,0.0971273,0.0,0.9217387902268466,0.07826120977315343,snapshot_388.xyz,32,4000,16.757672110741936,4000,all,388
0.089456,0.0970578,0.0,0.9216775982970972,0.07832240170290283,snapshot_389.xyz,32,4000,16.757672110741936,4000,all,389
0.089176,0.0974747,0.0,0.9148630362545359,0.08513696374546409,snapshot_390.xyz,32,4000,16.757672110741936,4000,all,390
0.0884757,0.0975442,0.0,0.9070318891333365,0.09296811086666346,snapshot_391.xyz,32,4000,16.757672110741936,4000,all,391
0.089036,0.0969188,0.0,0.918665934782519,0.08133406521748099,snapshot_392.xyz,32,4000,16.757672110741936,4000,all,392
0.089596,0.0971968,0.0,0.9217998946467373,0.07820010535326272,snapshot_393.xyz,32,4000,16.757672110741936,4000,all,393
0.0883356,0.0974747,0.0,0.9062413118481001,0.09375868815189992,snapshot_394.xyz,32,4000,16.757672110741936,4000,all,394
0.089176,0.0976831,0.0,0.9129112405318833,0.08708875946811667,snapshot_395.xyz,32,4000,16.757672110741936,4000,all,395
0.0902256,0.0975442,0.0,0.9249714488406282,0.07502855115937179,snapshot_396.xyz,32,4000,16.757672110741936,4000,all,396
0.089176,0.097961,0.0,0.9103214544563653,0.08967854554363475,snapshot_397.xyz,32,4000,16.757672110741936,4000,all,397
0.089176,0.0976831,0.0,0.9129112405318833,0.08708875946811667,snapshot_398.xyz,32,4000,16.757672110741936,4000,all,398
0.0899458,0.0971968,0.0,0.9253987785606111,0.07460122143938885,snapshot_399.xyz,32,4000,16.757672110741936,4000,all,399
0.089456,0.0973358,0.0,0.9190452022791202,0.08095479772087977,snapshot_400.xyz,32,4000,16.757672110741936,4000,all,400
0.0887559,0.0968493,0.0,0.9164330563050017,0.08356694369499829,snapshot_401.xyz,32,4000,16.757672110741936,4000,all,401
0.089246,0.0972663,0.0,0.9175428694213721,0.08245713057862791,snapshot_402.xyz,32,4000,16.757672110741936,4000,all,402
0.088966,0.0978221,0.0,0.9094672880668071,0.0905327119331929,snapshot_403.xyz,32,4000,16.757672110741936,4000,all,403
0.088896,0.0967102,0.0,0.9191998362116923,0.08080016378830768,snapshot_404.xyz,32,4000,16.757672110741936,4000,all,404
0.089316,0.0970578,0.0,0.9202351588434934,0.07976484115650662,snapshot_405.xyz,32,4000,16.757672110741936,4000,all,405
0.089386,0.0970578,0.0,0.9209563785702951,0.07904362142970489,snapshot_406.xyz,32,4000,16.757672110741936,4000,all,406
0.089526,0.0973358,0.0,0.919764362136028,0.08023563786397203,snapshot_407.xyz,32,4000,16.757672110741936,4000,all,407
0.0898059,0.0967102,0.0,0.9286083577533704,0.07139164224662964,snapshot_408.xyz,32,4000,16.757672110741936,4000,all,408
0.0886859,0.0970578,0.0,0.9137431509883801,0.0862568490116199,snapshot_409.xyz,32,4000,16.757672110741936,4000,all,409
0.0897359,0.0969883,0.0,0.925223970313945,0.07477602968605501,snapshot_410.xyz,32,4000,16.757672110741936,4000,all,410
0.089596,0.0974052,0.0,0.91982768887082,0.08017231112918,snapshot_411.xyz,32,4000,16.757672110741936,4000,all,411
0.0904354,0.0974052,0.0,0.9284452986082878,0.07155470139171216,snapshot_412.xyz,32,4000,16.757672110741936,4000,all,412
0.0897359,0.0972663,0.0,0.9225795573595376,0.07742044264046244,snapshot_413.xyz,32,4000,16.757672110741936,4000,all,413
0.089176,0.0972663,0.0,0.9168231957008749,0.0831768042991251,snapshot_414.xyz,32,4000,16.757672110741936,4000,all,414
0.089176,0.0968493,0.0,0.9207707231750772,0.07922927682492276,snapshot_415.xyz,32,4000,16.757672110741936,4000,all,415
0.089526,0.0974052,0.0,0.9191090414064136,0.08089095859358642,snapshot_416.xyz,32,4000,16.757672110741936,4000,all,416
0.089526,0.0976831,0.0,0.9164942554034423,0.08350574459655768,snapshot_417.xyz,32,4000,16.757672110741936,4000,all,417
0.0888259,0.0969883,0.0,0.91584139530232,0.08415860469768,snapshot_418.xyz,32,4000,16.757672110741936,4000,all,418
0.0888259,0.0969883,0.0,0.91584139530232,0.08415860469768,snapshot_419.xyz,32,4000,16.757672110741936,4000,all,419
0.089386,0.0976831,0.0,0.9150610494548187,0.0849389505451813,snapshot_420.xyz,32,4000,16.757672110741936,4000,all,420
0.089316,0.0973358,0.0,0.9176068825653049,0.08239311743469513,snapshot_421.xyz,32,4000,16.757672110741936,4000,all,421
0.0898758,0.0972663,0.0,0.9240178766952172,0.07598212330478282,snapshot_422.xyz,32,4000,16.757672110741936,4000,all,422
0.089456,0.0974747,0.0,0.9177355765137004,0.08226442348629959,snapshot_423.xyz,32,4000,16.757672110741936,4000,all,423
0.089036,0.0969883,0.0,0.9180076359725864,0.08199236402741361,snapshot_424.xyz,32,4000,16.757672110741936,4000,all,424
0.0896659,0.0968493,0.0,0.9258290973708638,0.07417090262913617,snapshot_425.xyz,32,4000,16.757672110741936,4000,all,425
0.089456,0.0969188,0.0,0.9229994593412216,0.07700054065877837,snapshot_426.xyz,32,4000,16.757672110741936,4000,all,426
0.0896659,0.0978221,0.0,0.9166221129990054,0.08337788700099458,snapshot_427.xyz,32,4000,16.757672110741936,4000,all,427
0.089176,0.0974052,0.0,0.9155158040843816,0.0844841959156184,snapshot_428.xyz,32,4000,16.757672110741936,4000,all,428
0.0898758,0.0970578,0.0,0.9260028560301182,0.07399714396988177,snapshot_429.xyz,32,4000,16.757672110741936,4000,all,429
0.0898758,0.0971968,0.0,0.9246785902416541,0.07532140975834589,snapshot_430.xyz,32,4000,16.757672110741936,4000,all,430
0.0888259,0.0967102,0.0,0.9184749902285385,0.08152500977146149,snapshot_431.xyz,32,4000,16.757672110741936,4000,all,431
0.089526,0.0971273,0.0,0.9217387902268466,0.07826120977315343,snapshot_432.xyz,32,4000,16.757672110741936,4000,all,432
0.089036,0.0977526,0.0,0.9108299932687214,0.08917000673127862,snapshot_433.xyz,32,4000,16.757672110741936,4000,all,433
0.089316,0.0974747,0.0,0.9162993063841183,0.08370069361588173,snapshot_434.xyz,32,4000,16.757672110741936,4000,all,434
0.089106,0.0972663,0.0,0.9161035219803776,0.08389647801962241,snapshot_435.xyz,32,4000,16.757672110741936,4000,all,435
0.0899458,0.0978915,0.0,0.9188315635167507,0.08116843648324934,snapshot_436.xyz,32,4000,16.757672110741936,4000,all,436
0.089526,0.0972663,0.0,0.920421564303361,0.07957843569663903,snapshot_437.xyz,32,4000,16.757672110741936,4000,all,437
0.089246,0.0960148,0.0,0.9295025350258502,0.07049746497414977,snapshot_438.xyz,32,4000,16.757672110741936,4000,all,438
0.089176,0.0971968,0.0,0.9174787647329954,0.08252123526700461,snapshot_439.xyz,32,4000,16.757672110741936,4000,all,439
0.089456,0.0974052,0.0,0.9183903939420072,0.08160960605799283,snapshot_440.xyz,32,4000,16.757672110741936,4000,all,440
0.0896659,0.0967102,0.0,0.9271607338212516,0.07283926617874836,snapshot_441.xyz,32,4000,16.757672110741936,4000,all,441
0.089456,0.0973358,0.0,0.9190452022791202,0.08095479772087977,snapshot_442.xyz,32,4000,16.757672110741936,4000,all,442
0.088966,0.0972663,0.0,0.9146641745393832,0.0853358254606168,snapshot_443.xyz,32,4000,16.757672110741936,4000,all,443
0.089596,0.0970578,0.0,0.9231200377507011,0.07687996224929894,snapshot_444.xyz,32,4000,16.757672110741936,4000,all,444
0.0905752,0.0970578,0.0,0.9332088714147652,0.06679112858523484,snapshot_445.xyz,32,4000,16.757672110741936,4000,all,445
0.089526,0.0976137,0.0,0.9171458514532284,0.08285414854677164,snapshot_446.xyz,32,4000,16.757672110741936,4000,all,446
0.089526,0.0970578,0.0,0.9223988180238991,0.07760118197610089,snapshot_447.xyz,32,4000,16.757672110741936,4000,all,447
0.0896659,0.0971273,0.0,0.9231791679579274,0.07682083204207257,snapshot_448.xyz,32,4000,16.757672110741936,4000,all,448
0.089036,0.0969188,0.0,0.918665934782519,0.08133406521748099,snapshot_449.xyz,32,4000,16.757672110741936,4000,all,449
0.0899458,0.0966407,0.0,0.9307238047737652,0.06927619522623485,snapshot_450.xyz,32,4000,16.757672110741936,4000,all,450
0.089176,0.0969883,0.0,0.919451109051298,0.08054889094870199,snapshot_451.xyz,32,4000,16.757672110741936,4000,all,451
0.0896659,0.0966407,0.0,0.9278275095275594,0.07217249047244056,snapshot_452.xyz,32,4000,16.757672110741936,4000,all,452
0.089456,0.0969188,0.0,0.9229994593412216,0.07700054065877837,snapshot_453.xyz,32,4000,16.757672110741936,4000,all,453
0.0898059,0.0967102,0.0,0.9286083577533704,0.07139164224662964,snapshot_454.xyz,32,4000,16.757672110741936,4000,all,454
0.0883356,0.0966407,0.0,0.914062087712527,0.08593791228747305,snapshot_455.xyz,32,4000,16.757672110741936,4000,all,455
0.089316,0.0967797,0.0,0.922879488157124,0.07712051184287605,snapshot_456.xyz,32,4000,16.757672110741936,4000,all,456
0.0898059,0.0977526,0.0,0.9187059986128246,0.08129400138717535,snapshot_457.xyz,32,4000,16.757672110741936,4000,all,457
0.0900157,0.0969883,0.0,0.9281088543669701,0.0718911456330299,snapshot_458.xyz,32,4000,16.757672110741936,4000,all,458
0.0886859,0.0968493,0.0,0.91571028391532,0.08428971608468006,snapshot_459.xyz,32,4000,16.757672110741936,4000,all,459
0.0900157,0.0967102,0.0,0.9307777256173599,0.06922227438264006,snapshot_460.xyz,32,4000,16.757672110741936,4000,all,460
0.0887559,0.0971273,0.0,0.913810020457688,0.086189979542312,snapshot_461.xyz,32,4000,16.757672110741936,4000,all,461
0.0887559,0.0969188,0.0,0.9157758866184889,0.08422411338151115,snapshot_462.xyz,32,4000,16.757672110741936,4000,all,462
0.0904354,0.0971273,0.0,0.9311017602671957,0.06889823973280429,snapshot_463.xyz,32,4000,16.757672110741936,4000,all,463
0.0900857,0.0974747,0.0,0.9241957143751148,0.07580428562488517,snapshot_464.xyz,32,4000,16.757672110741936,4000,all,464
0.089596,0.0968493,0.0,0.9251073575131673,0.0748926424868327,snapshot_465.xyz,32,4000,16.757672110741936,4000,all,465
0.089316,0.0967102,0.0,0.9235427080080489,0.07645729199195106,snapshot_466.xyz,32,4000,16.757672110741936,4000,all,466
0.089596,0.0971273,0.0,0.9224594938807111,0.07754050611928887,snapshot_467.xyz,32,4000,16.757672110741936,4000,all,467
0.089596,0.0974052,0.0,0.91982768887082,0.08017231112918,snapshot_468.xyz,32,4000,16.757672110741936,4000,all,468
0.089246,0.0970578,0.0,0.9195139391166913,0.08048606088330867,snapshot_469.xyz,32,4000,16.757672110741936,4000,all,469
0.0888259,0.0974052,0.0,0.9119215401231145,0.08807845987688545,snapshot_470.xyz,32,4000,16.757672110741936,4000,all,470
0.089316,0.0968493,0.0,0.9222162679544407,0.07778373204555933,snapshot_471.xyz,32,4000,16.757672110741936,4000,all,471
0.089596,0.0971968,0.0,0.9217998946467373,0.07820010535326272,snapshot_472.xyz,32,4000,16.757672110741936,4000,all,472
0.0886158,0.0972663,0.0,0.9110637497262669,0.08893625027373309,snapshot_473.xyz,32,4000,16.757672110741936,4000,all,473
0.0900857,0.0983082,0.0,0.9163599781096593,0.0836400218903407,snapshot_474.xyz,32,4000,16.757672110741936,4000,all,474
0.0900857,0.0969883,0.0,0.9288305909063259,0.07116940909367409,snapshot_475.xyz,32,4000,16.757672110741936,4000,all,475
0.089316,0.0971273,0.0,0.919576679265253,0.080423320734747,snapshot_476.xyz,32,4000,16.757672110741936,4000,all,476
0.089526,0.0970578,0.0,0.9223988180238991,0.07760118197610089,snapshot_477.xyz,32,4000,16.757672110741936,4000,all,477
0.0899458,0.0974052,0.0,0.9234188729143825,0.07658112708561748,snapshot_478.xyz,32,4000,16.757672110741936,4000,all,478
0.0901556,0.0971273,0.0,0.9282210048050342,0.07177899519496578,snapshot_479.xyz,32,4000,16.757672110741936,4000,all,479
0.0902955,0.0973358,0.0,0.9276699837058924,0.07233001629410762,snapshot_480.xyz,32,4000,16.757672110741936,4000,all,480
0.0904354,0.0966407,0.0,0.9357899932430126,0.0642100067569874,snapshot_481.xyz,32,4000,16.757672110741936,4000,all,481
0.0900157,0.0973358,0.0,0.9247953990207098,0.07520460097929016,snapshot_482.xyz,32,4000,16.757672110741936,4000,all,482
0.089246,0.0972663,0.0,0.9175428694213721,0.08245713057862791,snapshot_483.xyz,32,4000,16.757672110741936,4000,all,483
0.0900857,0.0975442,0.0,0.9235372272262217,0.07646277277377833,snapshot_484.xyz,32,4000,16.757672110741936,4000,all,484
0.0898059,0.0965016,0.0,0.9306156581859781,0.06938434181402187,snapshot_485.xyz,32,4000,16.757672110741936,4000,all,485
0.0900157,0.0969188,0.0,0.928774396711474,0.07122560328852601,snapshot_486.xyz,32,4000,16.757672110741936,4000,all,486
0.0902955,0.0971273,0.0,0.929661382536115,0.07033861746388503,snapshot_487.xyz,32,4000,16.757672110741936,4000,all,487
0.0905752,0.0967797,0.0,0.935890481164955,0.06410951883504501,snapshot_488.xyz,32,4000,16.757672110741936,4000,all,488
0.0904354,0.0969188,0.0,0.9331048258954919,0.06689517410450807,snapshot_489.xyz,32,4000,16.757672110741936,4000,all,489
0.0901556,0.0974052,0.0,0.925572762029132,0.07442723797086803,snapshot_490.xyz,32,4000,16.757672110741936,4000,all,490
0.0901556,0.0971273,0.0,0.9282210048050342,0.07177899519496578,snapshot_491.xyz,32,4000,16.757672110741936,4000,all,491
0.0905752,0.0976831,0.0,0.927235110269842,0.07276488973015804,snapshot_492.xyz,32,4000,16.757672110741936,4000,all,492
0.0898758,0.0971968,0.0,0.9246785902416541,0.07532140975834589,snapshot_493.xyz,32,4000,16.757672110741936,4000,all,493
0.0898758,0.0972663,0.0,0.9240178766952172,0.07598212330478282,snapshot_494.xyz,32,4000,16.757672110741936,4000,all,494
0.089316,0.0963626,0.0,0.9268741192122255,0.07312588078777449,snapshot_495.xyz,32,4000,16.757672110741936,4000,all,495
0.0900857,0.0976831,0.0,0.922224008042333,0.07777599195766705,snapshot_496.xyz,32,4000,16.757672110741936,4000,all,496
0.0900857,0.0976831,0.0,0.922224008042333,0.07777599195766705,snapshot_497.xyz,32,4000,16.757672110741936,4000,all,497
0.089386,0.0975442,0.0,0.9163640688016303,0.08363593119836965,snapshot_498.xyz,32,4000,16.757672110741936,4000,all,498
0.0904354,0.0967797,0.0,0.9344459633580183,0.06555403664198167,snapshot_499.xyz,32,4000,16.757672110741936,4000,all,499
0.0897359,0.0975442,0.0,0.9199511606020655,0.0800488393979345,snapshot_500.xyz,32,4000,16.757672110741936,4000,all,500
0.0899458,0.0973358,0.0,0.9240772665350262,0.0759227334649738,snapshot_501.xyz,32,4000,16.757672110741936,4000,all,501
0.0905752,0.0973358,0.0,0.9305435410198508,0.06945645898014918,snapshot_502.xyz,32,4000,16.757672110741936,4000,all,502
0.0906451,0.0968493,0.0,0.9359396505705256,0.06406034942947436,snapshot_503.xyz,32,4000,16.757672110741936,4000,all,503
0.0905752,0.0977526,0.0,0.926575866012771,0.07342413398722902,snapshot_504.xyz,32,4000,16.757672110741936,4000,all,504
0.0906451,0.0969883,0.0,0.9345982969079776,0.06540170309202242,snapshot_505.xyz,32,4000,16.757672110741936,4000,all,505
0.090715,0.0974747,0.0,0.9306517486075875,0.06934825139241252,snapshot_506.xyz,32,4000,16.757672110741936,4000,all,506
0.0900857,0.0971968,0.0,0.9268381263580695,0.0731618736419305,snapshot_507.xyz,32,4000,16.757672110741936,4000,all,507
0.0910645,0.0969188,0.0,0.9395958266094917,0.0604041733905083,snapshot_508.xyz,32,4000,16.757672110741936,4000,all,508
0.0910645,0.0977526,0.0,0.9315813594727916,0.06841864052720836,snapshot_509.xyz,32,4000,16.757672110741936,4000,all,509
0.0909946,0.0980304,0.0,0.9282283862964957,0.07177161370350427,snapshot_510.xyz,32,4000,16.757672110741936,4000,all,510
0.0909247,0.0977526,0.0,0.9301512184842142,0.06984878151578577,snapshot_511.xyz,32,4000,16.757672110741936,4000,all,511
0.0903654,0.0977526,0.0,0.9244296315392123,0.07557036846078768,snapshot_512.xyz,32,4000,16.757672110741936,4000,all,512
0.0902955,0.0976137,0.0,0.9250289662209301,0.07497103377906988,snapshot_513.xyz,32,4000,16.757672110741936,4000,all,513
0.0910645,0.0972663,0.0,0.9362389645745752,0.06376103542542477,snapshot_514.xyz,32,4000,16.757672110741936,4000,all,514
0.0912741,0.0977526,0.0,0.9337255479649647,0.06627445203503535,snapshot_515.xyz,32,4000,16.757672110741936,4000,all,515
0.0910645,0.0967797,0.0,0.9409462934892339,0.059053706510766135,snapshot_516.xyz,32,4000,16.757672110741936,4000,all,516
0.0912741,0.0974747,0.0,0.936387595960798,0.06361240403920199,snapshot_517.xyz,32,4000,16.757672110741936,4000,all,517
0.0918329,0.0973358,0.0,0.9434647889060345,0.05653521109396553,snapshot_518.xyz,32,4000,16.757672110741936,4000,all,518
0.0905752,0.0967797,0.0,0.935890481164955,0.06410951883504501,snapshot_519.xyz,32,4000,16.757672110741936,4000,all,519
0.0912741,0.0973358,0.0,0.9377238385054625,0.06227616149453752,snapshot_520.xyz,32,4000,16.757672110741936,4000,all,520
0.0900157,0.0968493,0.0,0.9294408942553019,0.07055910574469815,snapshot_521.xyz,32,4000,16.757672110741936,4000,all,521
0.0911344,0.0977526,0.0,0.9322964299670803,0.06770357003291971,snapshot_522.xyz,32,4000,16.757672110741936,4000,all,522
0.0914138,0.0973358,0.0,0.9391590761056056,0.06084092389439444,snapshot_523.xyz,32,4000,16.757672110741936,4000,all,523
0.0906451,0.0966407,0.0,0.9379598864660542,0.062040113533945784,snapshot_524.xyz,32,4000,16.757672110741936,4000,all,524
0.0909247,0.0973358,0.0,0.9341342034482687,0.0658657965517313,snapshot_525.xyz,32,4000,16.757672110741936,4000,all,525
0.0919027,0.0969883,0.0,0.9475648093636037,0.052435190636396345,snapshot_526.xyz,32,4000,16.757672110741936,4000,all,526
0.0912741,0.0968493,0.0,0.9424342767578082,0.05756572324219178,snapshot_527.xyz,32,4000,16.757672110741936,4000,all,527
0.0911344,0.0968493,0.0,0.9409918295744006,0.05900817042559936,snapshot_528.xyz,32,4000,16.757672110741936,4000,all,528
0.092182,0.0971273,0.0,0.949084346007765,0.050915653992234966,snapshot_529.xyz,32,4000,16.757672110741936,4000,all,529
0.0909946,0.0975442,0.0,0.9328550544266087,0.06714494557339135,snapshot_530.xyz,32,4000,16.757672110741936,4000,all,530
0.0920424,0.0970578,0.0,0.9483256368885344,0.05167436311146556,snapshot_531.xyz,32,4000,16.757672110741936,4000,all,531
0.092182,0.0973358,0.0,0.9470513418495559,0.05294865815044414,snapshot_532.xyz,32,4000,16.757672110741936,4000,all,532
0.0916234,0.0972663,0.0,0.941985045180088,0.058014954819912035,snapshot_533.xyz,32,4000,16.757672110741936,4000,all,533
0.0916234,0.0974747,0.0,0.9399710899341059,0.06002891006589406,snapshot_534.xyz,32,4000,16.757672110741936,4000,all,534
0.0919027,0.0964321,0.0,0.9530301631925469,0.04696983680745315,snapshot_535.xyz,32,4000,16.757672110741936,4000,all,535
0.0916234,0.0965712,0.0,0.9487652633497358,0.051234736650264234,snapshot_536.xyz,32,4000,16.757672110741936,4000,all,536
0.0918329,0.0971968,0.0,0.9448140267992361,0.055185973200763905,snapshot_537.xyz,32,4000,16.757672110741936,4000,all,537
0.0909946,0.0965712,0.0,0.9422540053349239,0.05774599466507613,snapshot_538.xyz,32,4000,16.757672110741936,4000,all,538
0.0911344,0.0972663,0.0,0.9369576101897574,0.06304238981024257,snapshot_539.xyz,32,4000,16.757672110741936,4000,all,539
0.0905752,0.0968493,0.0,0.935217910712829,0.064782089287171,snapshot_540.xyz,32,4000,16.757672110741936,4000,all,540
0.0912042,0.0977526,0.0,0.933010477470676,0.066989522529324,snapshot_541.xyz,32,4000,16.757672110741936,4000,all,541
0.0920424,0.0971273,0.0,0.9476470570066294,0.052352942993370566,snapshot_542.xyz,32,4000,16.757672110741936,4000,all,542
0.0916234,0.0977526,0.0,0.9372988544550221,0.06270114554497785,snapshot_543.xyz,32,4000,16.757672110741936,4000,all,543
0.0918329,0.0963626,0.0,0.9529931737001699,0.04700682629983011,snapshot_544.xyz,32,4000,16.757672110741936,4000,all,544
0.0914138,0.0968493,0.0,0.9438767239412159,0.05612327605878409,snapshot_545.xyz,32,4000,16.757672110741936,4000,all,545
0.0912042,0.0975442,0.0,0.9350038239075209,0.0649961760924791,snapshot_546.xyz,32,4000,16.757672110741936,4000,all,546
0.0916932,0.0972663,0.0,0.9427026626899553,0.057297337310044716,snapshot_547.xyz,32,4000,16.757672110741936,4000,all,547
0.0916932,0.0967797,0.0,0.9474424905222893,0.05255750947771065,snapshot_548.xyz,32,4000,16.757672110741936,4000,all,548
0.0914837,0.0972663,0.0,0.9405487820550386,0.05945121794496144,snapshot_549.xyz,32,4000,16.757672110741936,4000,all,549
0.0915535,0.097961,0.0,0.9345913169526647,0.06540868304733527,snapshot_550.xyz,32,4000,16.757672110741936,4000,all,550
0.0916234,0.0972663,0.0,0.941985045180088,0.058014954819912035,snapshot_551.xyz,32,4000,16.757672110741936,4000,all,551
0.0912741,0.0969883,0.0,0.9410836152401887,0.05891638475981131,snapshot_552.xyz,32,4000,16.757672110741936,4000,all,552
0.0905053,0.0961539,0.0,0.941254592897428,0.058745407102572034,snapshot_553.xyz,32,4000,16.757672110741936,4000,all,553
0.0919027,0.0966407,0.0,0.9509730372400035,0.04902696275999652,snapshot_554.xyz,32,4000,16.757672110741936,4000,all,554
0.0909946,0.0971273,0.0,0.9368591528849252,0.06314084711507484,snapshot_555.xyz,32,4000,16.757672110741936,4000,all,555
0.0906451,0.0975442,0.0,0.9292720633312899,0.07072793666871013,snapshot_556.xyz,32,4000,16.757672110741936,4000,all,556
0.0905752,0.0973358,0.0,0.9305435410198508,0.06945645898014918,snapshot_557.xyz,32,4000,16.757672110741936,4000,all,557
0.092182,0.0974052,0.0,0.9463765794844629,0.053623420515537146,snapshot_558.xyz,32,4000,16.757672110741936,4000,all,558
0.0906451,0.0969188,0.0,0.9352684928001586,0.06473150719984144,snapshot_559.xyz,32,4000,16.757672110741936,4000,all,559
0.0916932,0.0974747,0.0,0.9406871731844264,0.059312826815573594,snapshot_560.xyz,32,4000,16.757672110741936,4000,all,560
0.0911344,0.0969188,0.0,0.9403170489110473,0.05968295108895272,snapshot_561.xyz,32,4000,16.757672110741936,4000,all,561
0.0905053,0.0971273,0.0,0.9318214343444119,0.06817856565558811,snapshot_562.xyz,32,4000,16.757672110741936,4000,all,562
0.0912741,0.0976137,0.0,0.9350541983348649,0.06494580166513508,snapshot_563.xyz,32,4000,16.757672110741936,4000,all,563
0.0909946,0.0967102,0.0,0.9408997189541537,0.059100281045846303,snapshot_564.xyz,32,4000,16.757672110741936,4000,all,564
0.0907849,0.0972663,0.0,0.9333643821138462,0.0666356178861538,snapshot_565.xyz,32,4000,16.757672110741936,4000,all,565
0.0905053,0.0970578,0.0,0.9324886820018586,0.06751131799814136,snapshot_566.xyz,32,4000,16.757672110741936,4000,all,566
0.0918329,0.0968493,0.0,0.9482040654914388,0.05179593450856124,snapshot_567.xyz,32,4000,16.757672110741936,4000,all,567
0.091344,0.0973358,0.0,0.938441970991146,0.06155802900885399,snapshot_568.xyz,32,4000,16.757672110741936,4000,all,568
0.0906451,0.0972663,0.0,0.9319270908834818,0.0680729091165182,snapshot_569.xyz,32,4000,16.757672110741936,4000,all,569
0.0905752,0.0973358,0.0,0.9305435410198508,0.06945645898014918,snapshot_570.xyz,32,4000,16.757672110741936,4000,all,570
0.0912741,0.0974052,0.0,0.9370557218711116,0.06294427812888836,snapshot_571.xyz,32,4000,16.757672110741936,4000,all,571
0.0910645,0.0967797,0.0,0.9409462934892339,0.059053706510766135,snapshot_572.xyz,32,4000,16.757672110741936,4000,all,572
0.0910645,0.0971273,0.0,0.9375788269621415,0.062421173037858546,snapshot_573.xyz,32,4000,16.757672110741936,4000,all,573
0.092182,0.0974747,0.0,0.9457018077511395,0.054298192248860455,snapshot_574.xyz,32,4000,16.757672110741936,4000,all,574
0.0909946,0.0972663,0.0,0.9355203189593929,0.06447968104060708,snapshot_575.xyz,32,4000,16.757672110741936,4000,all,575
0.0916932,0.0977526,0.0,0.9380129019586181,0.061987098041381916,snapshot_576.xyz,32,4000,16.757672110741936,4000,all,576
0.0916932,0.0977526,0.0,0.9380129019586181,0.061987098041381916,snapshot_577.xyz,32,4000,16.757672110741936,4000,all,577
0.0911344,0.0967102,0.0,0.942345274852084,0.05765472514791603,snapshot_578.xyz,32,4000,16.757672110741936,4000,all,578
0.0909247,0.0967797,0.0,0.939501775682297,0.06049822431770302,snapshot_579.xyz,32,4000,16.757672110741936,4000,all,579
0.0918329,0.0971968,0.0,0.9448140267992361,0.055185973200763905,snapshot_580.xyz,32,4000,16.757672110741936,4000,all,580
0.0919027,0.0978221,0.0,0.9394881115821476,0.06051188841785238,snapshot_581.xyz,32,4000,16.757672110741936,4000,all,581
0.0912042,0.0977526,0.0,0.933010477470676,0.066989522529324,snapshot_582.xyz,32,4000,16.757672110741936,4000,all,582
0.0909946,0.0977526,0.0,0.9308662889785029,0.06913371102149712,snapshot_583.xyz,32,4000,16.757672110741936,4000,all,583
0.0907849,0.0965016,0.0,0.9407605677004318,0.059239432299568184,snapshot_584.xyz,32,4000,16.757672110741936,4000,all,584
0.0914138,0.0977526,0.0,0.9351546659628491,0.06484533403715087,snapshot_585.xyz,32,4000,16.757672110741936,4000,all,585
0.0907849,0.0968493,0.0,0.9373831302859185,0.06261686971408154,snapshot_586.xyz,32,4000,16.757672110741936,4000,all,586
0.0902955,0.0974747,0.0,0.9263480677550174,0.07365193224498257,snapshot_587.xyz,32,4000,16.757672110741936,4000,all,587
0.0916932,0.0972663,0.0,0.9427026626899553,0.057297337310044716,snapshot_588.xyz,32,4000,16.757672110741936,4000,all,588
0.091344,0.0975442,0.0,0.9364370203456484,0.06356297965435165,snapshot_589.xyz,32,4000,16.757672110741936,4000,all,589
0.0912741,0.0971968,0.0,0.939064866333048,0.060935133666952024,snapshot_590.xyz,32,4000,16.757672110741936,4000,all,590
0.0902256,0.0971273,0.0,0.9289417084588988,0.07105829154110122,snapshot_591.xyz,32,4000,16.757672110741936,4000,all,591
0.0919027,0.0974052,0.0,0.9435091761014813,0.05649082389851867,snapshot_592.xyz,32,4000,16.757672110741936,4000,all,592
0.0909946,0.0976137,0.0,0.9321908707486756,0.06780912925132443,snapshot_593.xyz,32,4000,16.757672110741936,4000,all,593
0.0915535,0.0981693,0.0,0.932608259404926,0.06739174059507402,snapshot_594.xyz,32,4000,16.757672110741936,4000,all,594
0.0912741,0.0976831,0.0,0.9343898791090782,0.06561012089092177,snapshot_595.xyz,32,4000,16.757672110741936,4000,all,595
0.0914837,0.0976137,0.0,0.937201437912916,0.06279856208708401,snapshot_596.xyz,32,4000,16.757672110741936,4000,all,596
0.0921122,0.0968493,0.0,0.9510879273262688,0.04891207267373121,snapshot_597.xyz,32,4000,16.757672110741936,4000,all,597
0.0914837,0.0977526,0.0,0.9358697364571378,0.06413026354286222,snapshot_598.xyz,32,4000,16.757672110741936,4000,all,598
0.0916932,0.0971273,0.0,0.9440517753504937,0.05594822464950633,snapshot_599.xyz,32,4000,16.757672110741936,4000,all,599
0.0912741,0.0978221,0.0,0.9330621608000647,0.06693783919993535,snapshot_600.xyz,32,4000,16.757672110741936,4000,all,600
0.0914837,0.0976137,0.0,0.937201437912916,0.06279856208708401,snapshot_601.xyz,32,4000,16.757672110741936,4000,all,601
0.0912042,0.0971968,0.0,0.9383457068545467,0.06165429314545334,snapshot_602.xyz,32,4000,16.757672110741936,4000,all,602
0.0914138,0.0972663,0.0,0.9398301364398564,0.060169863560143644,snapshot_603.xyz,32,4000,16.757672110741936,4000,all,603
0.091344,0.097961,0.0,0.9324527107726543,0.06754728922734565,snapshot_604.xyz,32,4000,16.757672110741936,4000,all,604
0.0912042,0.0977526,0.0,0.933010477470676,0.066989522529324,snapshot_605.xyz,32,4000,16.757672110741936,4000,all,605
0.0912042,0.0977526,0.0,0.933010477470676,0.066989522529324,snapshot_606.xyz,32,4000,16.757672110741936,4000,all,606
0.0908548,0.0972663,0.0,0.9340830277290284,0.0659169722709716,snapshot_607.xyz,32,4000,16.757672110741936,4000,all,607
0.092531,0.0982387,0.0,0.9418996790470558,0.05810032095294415,snapshot_608.xyz,32,4000,16.757672110741936,4000,all,608
0.0920424,0.0971273,0.0,0.9476470570066294,0.052352942993370566,snapshot_609.xyz,32,4000,16.757672110741936,4000,all,609
0.0917631,0.0974052,0.0,0.9420759877296079,0.05792401227039212,snapshot_610.xyz,32,4000,16.757672110741936,4000,all,610
0.090715,0.0968493,0.0,0.936661390428222,0.06333860957177795,snapshot_611.xyz,32,4000,16.757672110741936,4000,all,611
0.0911344,0.0973358,0.0,0.9362886009053195,0.06371139909468049,snapshot_612.xyz,32,4000,16.757672110741936,4000,all,612
0.0910645,0.0972663,0.0,0.9362389645745752,0.06376103542542477,snapshot_613.xyz,32,4000,16.757672110741936,4000,all,613
0.0922518,0.0972663,0.0,0.9484456589795232,0.051554341020476846,snapshot_614.xyz,32,4000,16.757672110741936,4000,all,614
0.090715,0.0974747,0.0,0.9306517486075875,0.06934825139241252,snapshot_615.xyz,32,4000,16.757672110741936,4000,all,615
0.0912042,0.0969188,0.0,0.9410372394210411,0.058962760578958884,snapshot_616.xyz,32,4000,16.757672110741936,4000,all,616
0.0916234,0.0971273,0.0,0.9433331308499258,0.05666686915007424,snapshot_617.xyz,32,4000,16.757672110741936,4000,all,617
0.0909946,0.0974747,0.0,0.9335201852378104,0.06647981476218956,snapshot_618.xyz,32,4000,16.757672110741936,4000,all,618
0.0914837,0.0973358,0.0,0.9398772085912891,0.06012279140871091,snapshot_619.xyz,32,4000,16.757672110741936,4000,all,619
0.0909946,0.0971968,0.0,0.9361892572594982,0.0638107427405018,snapshot_620.xyz,32,4000,16.757672110741936,4000,all,620
0.0919726,0.0969883,0.0,0.9482855148507604,0.0517144851492396,snapshot_621.xyz,32,4000,16.757672110741936,4000,all,621
0.0905053,0.0970578,0.0,0.9324886820018586,0.06751131799814136,snapshot_622.xyz,32,4000,16.757672110741936,4000,all,622
0.0911344,0.0970578,0.0,0.9389703867180176,0.06102961328198242,snapshot_623.xyz,32,4000,16.757672110741936,4000,all,623
0.0917631,0.0972663,0.0,0.9434213083051376,0.056578691694862404,snapshot_624.xyz,32,4000,16.757672110741936,4000,all,624
0.0919027,0.0980304,0.0,0.9374918392661868,0.06250816073381316,snapshot_625.xyz,32,4000,16.757672110741936,4000,all,625
0.092182,0.0976831,0.0,0.9436842196859028,0.05631578031409723,snapshot_626.xyz,32,4000,16.757672110741936,4000,all,626
0.0917631,0.0973358,0.0,0.9427476837915751,0.05725231620842486,snapshot_627.xyz,32,4000,16.757672110741936,4000,all,627
0.0924612,0.0980304,0.0,0.9431890515595162,0.056810948440483844,snapshot_628.xyz,32,4000,16.757672110741936,4000,all,628
0.0914138,0.0970578,0.0,0.9418490837418528,0.05815091625814717,snapshot_629.xyz,32,4000,16.757672110741936,4000,all,629
0.0914138,0.0969188,0.0,0.9431998745341461,0.05680012546585389,snapshot_630.xyz,32,4000,16.757672110741936,4000,all,630
0.0920424,0.0976831,0.0,0.9422551086114179,0.057744891388582076,snapshot_631.xyz,32,4000,16.757672110741936,4000,all,631
0.0916932,0.0973358,0.0,0.9420295513058916,0.05797044869410839,snapshot_632.xyz,32,4000,16.757672110741936,4000,all,632
0.0914138,0.0974052,0.0,0.9384899368822199,0.06151006311778007,snapshot_633.xyz,32,4000,16.757672110741936,4000,all,633
0.0919726,0.0971968,0.0,0.9462513169157832,0.053748683084216764,snapshot_634.xyz,32,4000,16.757672110741936,4000,all,634
0.0909247,0.0968493,0.0,0.9388266100013113,0.06117338999868871,snapshot_635.xyz,32,4000,16.757672110741936,4000,all,635
0.0911344,0.0970578,0.0,0.9389703867180176,0.06102961328198242,snapshot_636.xyz,32,4000,16.757672110741936,4000,all,636
0.0910645,0.0971273,0.0,0.9375788269621415,0.062421173037858546,snapshot_637.xyz,32,4000,16.757672110741936,4000,all,637
0.0916234,0.0971273,0.0,0.9433331308499258,0.05666686915007424,snapshot_638.xyz,32,4000,16.757672110741936,4000,all,638
0.0912741,0.0972663,0.0,0.9383938733148068,0.06160612668519316,snapshot_639.xyz,32,4000,16.757672110741936,4000,all,639
0.0915535,0.0974052,0.0,0.939924151893328,0.06007584810667199,snapshot_640.xyz,32,4000,16.757672110741936,4000,all,640
0.0926705,0.0980304,0.0,0.9453241035433906,0.05467589645660942,snapshot_641.xyz,32,4000,16.757672110741936,4000,all,641
0.0916932,0.0978915,0.0,0.9366819386770046,0.06331806132299544,snapshot_642.xyz,32,4000,16.757672110741936,4000,all,642
0.0911344,0.0972663,0.0,0.9369576101897574,0.06304238981024257,snapshot_643.xyz,32,4000,16.757672110741936,4000,all,643
0.0914837,0.0971968,0.0,0.9412213159280964,0.058778684071903564,snapshot_644.xyz,32,4000,16.757672110741936,4000,all,644
0.091344,0.0972663,0.0,0.939112518929989,0.06088748107001096,snapshot_645.xyz,32,4000,16.757672110741936,4000,all,645
0.0914837,0.0968493,0.0,0.9445984637989123,0.055401536201087676,snapshot_646.xyz,32,4000,16.757672110741936,4000,all,646
0.0904354,0.0975442,0.0,0.9271222686740985,0.07287773132590147,snapshot_647.xyz,32,4000,16.757672110741936,4000,all,647
0.0902256,0.0976137,0.0,0.924312878212792,0.07568712178720804,snapshot_648.xyz,32,4000,16.757672110741936,4000,all,648
0.0919027,0.0974052,0.0,0.9435091761014813,0.05649082389851867,snapshot_649.xyz,32,4000,16.757672110741936,4000,all,649
0.0920424,0.0969883,0.0,0.949005189285718,0.050994810714282024,snapshot_650.xyz,32,4000,16.757672110741936,4000,all,650
0.0912741,0.0968493,0.0,0.9424342767578082,0.05756572324219178,snapshot_651.xyz,32,4000,16.757672110741936,4000,all,651
0.0911344,0.0963626,0.0,0.945744510837192,0.05425548916280798,snapshot_652.xyz,32,4000,16.757672110741936,4000,all,652
0.0912042,0.0978221,0.0,0.9323475983443414,0.06765240165565856,snapshot_653.xyz,32,4000,16.757672110741936,4000,all,653
0.0912042,0.0972663,0.0,0.9376752276996246,0.062324772300375364,snapshot_654.xyz,32,4000,16.757672110741936,4000,all,654
0.0909946,0.0971968,0.0,0.9361892572594982,0.0638107427405018,snapshot_655.xyz,32,4000,16.757672110741936,4000,all,655
0.0905752,0.0969188,0.0,0.9345472704986029,0.06545272950139713,snapshot_656.xyz,32,4000,16.757672110741936,4000,all,656
0.0911344,0.0976137,0.0,0.9336230467649521,0.06637695323504789,snapshot_657.xyz,32,4000,16.757672110741936,4000,all,657
0.0915535,0.0970578,0.0,0.9432884322537703,0.05671156774622965,snapshot_658.xyz,32,4000,16.757672110741936,4000,all,658
0.0920424,0.0972663,0.0,0.9462928064499214,0.05370719355007858,snapshot_659.xyz,32,4000,16.757672110741936,4000,all,659
0.0909247,0.0976831,0.0,0.9308130065487275,0.06918699345127255,snapshot_660.xyz,32,4000,16.757672110741936,4000,all,660
0.0919726,0.0976137,0.0,0.942209956184429,0.05779004381557096,snapshot_661.xyz,32,4000,16.757672110741936,4000,all,661
0.0918329,0.0976831,0.0,0.9401104182811562,0.05988958171884384,snapshot_662.xyz,32,4000,16.757672110741936,4000,all,662
0.0912741,0.0971273,0.0,0.9397368196171416,0.06026318038285838,snapshot_663.xyz,32,4000,16.757672110741936,4000,all,663
0.0920424,0.0977526,0.0,0.9415851854579828,0.058414814542017246,snapshot_664.xyz,32,4000,16.757672110741936,4000,all,664
0.0918329,0.0973358,0.0,0.9434647889060345,0.05653521109396553,snapshot_665.xyz,32,4000,16.757672110741936,4000,all,665
0.091344,0.0971273,0.0,0.9404564936943578,0.0595435063056422,snapshot_666.xyz,32,4000,16.757672110741936,4000,all,666
0.0912741,0.0978221,0.0,0.9330621608000647,0.06693783919993535,snapshot_667.xyz,32,4000,16.757672110741936,4000,all,667
0.0916932,0.0968493,0.0,0.9467616183080312,0.05323838169196882,snapshot_668.xyz,32,4000,16.757672110741936,4000,all,668
0.0922518,0.0978221,0.0,0.943056834805223,0.056943165194777046,snapshot_669.xyz,32,4000,16.757672110741936,4000,all,669
0.0917631,0.0973358,0.0,0.9427476837915751,0.05725231620842486,snapshot_670.xyz,32,4000,16.757672110741936,4000,all,670
0.0912741,0.096293,0.0,0.9478788696997704,0.05212113030022958,snapshot_671.xyz,32,4000,16.757672110741936,4000,all,671
0.0910645,0.0980304,0.0,0.9289414304134228,0.07105856958657719,snapshot_672.xyz,32,4000,16.757672110741936,4000,all,672
0.0909247,0.0972663,0.0,0.9348016733442106,0.0651983266557894,snapshot_673.xyz,32,4000,16.757672110741936,4000,all,673
0.0919726,0.0972663,0.0,0.9455751889400543,0.05442481105994568,snapshot_674.xyz,32,4000,16.757672110741936,4000,all,674
0.090715,0.0969188,0.0,0.935989715101714,0.06401028489828597,snapshot_675.xyz,32,4000,16.757672110741936,4000,all,675
0.0915535,0.0969188,0.0,0.9446412873456955,0.055358712654304476,snapshot_676.xyz,32,4000,16.757672110741936,4000,all,676
0.0912741,0.0971273,0.0,0.9397368196171416,0.06026318038285838,snapshot_677.xyz,32,4000,16.757672110741936,4000,all,677
0.0919027,0.0974747,0.0,0.9428364488426229,0.057163551157377146,snapshot_678.xyz,32,4000,16.757672110741936,4000,all,678
0.0912741,0.0973358,0.0,0.9377238385054625,0.06227616149453752,snapshot_679.xyz,32,4000,16.757672110741936,4000,all,679
0.0905752,0.0975442,0.0,0.928555465112226,0.07144453488777402,snapshot_680.xyz,32,4000,16.757672110741936,4000,all,680
0.0915535,0.0965712,0.0,0.9480414450685091,0.05195855493149093,snapshot_681.xyz,32,4000,16.757672110741936,4000,all,681
0.0905053,0.096293,0.0,0.9398949040947939,0.060105095905206074,snapshot_682.xyz,32,4000,16.757672110741936,4000,all,682
0.0912042,0.0972663,0.0,0.9376752276996246,0.062324772300375364,snapshot_683.xyz,32,4000,16.757672110741936,4000,all,683
0.0914138,0.0965712,0.0,0.9465948440114652,0.05340515598853479,snapshot_684.xyz,32,4000,16.757672110741936,4000,all,684
0.0910645,0.0978221,0.0,0.9309194956967803,0.06908050430321966,snapshot_685.xyz,32,4000,16.757672110741936,4000,all,685
0.0920424,0.0980304,0.0,0.9389169074083141,0.06108309259168587,snapshot_686.xyz,32,4000,16.757672110741936,4000,all,686
0.0914837,0.0970578,0.0,0.9425692731547594,0.05743072684524064,snapshot_687.xyz,32,4000,16.757672110741936,4000,all,687
0.0917631,0.0970578,0.0,0.9454479701785946,0.05455202982140539,snapshot_688.xyz,32,4000,16.757672110741936,4000,all,688
0.0909946,0.0972663,0.0,0.9355203189593929,0.06447968104060708,snapshot_689.xyz,32,4000,16.757672110741936,4000,all,689
0.0919726,0.0974052,0.0,0.9442267969266528,0.05577320307334721,snapshot_690.xyz,32,4000,16.757672110741936,4000,all,690
0.0917631,0.0973358,0.0,0.9427476837915751,0.05725231620842486,snapshot_691.xyz,32,4000,16.757672110741936,4000,all,691
0.091344,0.0968493,0.0,0.9431560166155046,0.05684398338449537,snapshot_692.xyz,32,4000,16.757672110741936,4000,all,692
0.0900157,0.0972663,0.0,0.9254561960308967,0.07454380396910332,snapshot_693.xyz,32,4000,16.757672110741936,4000,all,693
0.0909946,0.0971273,0.0,0.9368591528849252,0.06314084711507484,snapshot_694.xyz,32,4000,16.757672110741936,4000,all,694
0.091344,0.0973358,0.0,0.938441970991146,0.06155802900885399,snapshot_695.xyz,32,4000,16.757672110741936,4000,all,695
0.091344,0.0973358,0.0,0.938441970991146,0.06155802900885399,snapshot_696.xyz,32,4000,16.757672110741936,4000,all,696
0.0919027,0.0975442,0.0,0.9421646802167634,0.05783531978323664,snapshot_697.xyz,32,4000,16.757672110741936,4000,all,697
0.0920424,0.0970578,0.0,0.9483256368885344,0.05167436311146556,snapshot_698.xyz,32,4000,16.757672110741936,4000,all,698
0.0915535,0.0978221,0.0,0.9359183660951871,0.06408163390481292,snapshot_699.xyz,32,4000,16.757672110741936,4000,all,699
0.091344,0.0974052,0.0,0.9377733426962831,0.062226657303716904,snapshot_700.xyz,32,4000,16.757672110741936,4000,all,700
0.0909946,0.0974052,0.0,0.9341862652096602,0.0658137347903398,snapshot_701.xyz,32,4000,16.757672110741936,4000,all,701
0.0909946,0.0970578,0.0,0.9375300078922044,0.06246999210779558,snapshot_702.xyz,32,4000,16.757672110741936,4000,all,702
0.0914837,0.0965016,0.0,0.9480018984141195,0.051998101585880474,snapshot_703.xyz,32,4000,16.757672110741936,4000,all,703
0.0917631,0.0972663,0.0,0.9434213083051376,0.056578691694862404,snapshot_704.xyz,32,4000,16.757672110741936,4000,all,704
0.0910645,0.0973358,0.0,0.935570468419636,0.06442953158036402,snapshot_705.xyz,32,4000,16.757672110741936,4000,all,705
0.0922518,0.0974052,0.0,0.9470931736703995,0.05290682632960053,snapshot_706.xyz,32,4000,16.757672110741936,4000,all,706
0.0909946,0.0972663,0.0,0.9355203189593929,0.06447968104060708,snapshot_707.xyz,32,4000,16.757672110741936,4000,all,707
0.091344,0.0970578,0.0,0.9411299246428416,0.05887007535715838,snapshot_708.xyz,32,4000,16.757672110741936,4000,all,708
0.0914138,0.0969188,0.0,0.9431998745341461,0.05680012546585389,snapshot_709.xyz,32,4000,16.757672110741936,4000,all,709
0.0919726,0.0974747,0.0,0.9435535580001786,0.056446441999821406,snapshot_710.xyz,32,4000,16.757672110741936,4000,all,710
0.0903654,0.0972663,0.0,0.9290514803174378,0.07094851968256222,snapshot_711.xyz,32,4000,16.757672110741936,4000,all,711
0.090715,0.0974052,0.0,0.9313157819089741,0.06868421809102587,snapshot_712.xyz,32,4000,16.757672110741936,4000,all,712
0.0917631,0.0969883,0.0,0.9461254604936884,0.0538745395063116,snapshot_713.xyz,32,4000,16.757672110741936,4000,all,713
0.0912741,0.0970578,0.0,0.9404097352299351,0.059590264770064905,snapshot_714.xyz,32,4000,16.757672110741936,4000,all,714
0.0918329,0.0980999,0.0,0.9361161428299111,0.06388385717008893,snapshot_715.xyz,32,4000,16.757672110741936,4000,all,715
0.0919027,0.0967102,0.0,0.9502896281881332,0.04971037181186677,snapshot_716.xyz,32,4000,16.757672110741936,4000,all,716
0.0916932,0.0961539,0.0,0.9536087459791023,0.04639125402089772,snapshot_717.xyz,32,4000,16.757672110741936,4000,all,717
0.0912741,0.0964321,0.0,0.9465115869093382,0.05348841309066177,snapshot_718.xyz,32,4000,16.757672110741936,4000,all,718
0.0910645,0.0968493,0.0,0.9402700897167042,0.05972991028329577,snapshot_719.xyz,32,4000,16.757672110741936,4000,all,719
0.0911344,0.0968493,0.0,0.9409918295744006,0.05900817042559936,snapshot_720.xyz,32,4000,16.757672110741936,4000,all,720
0.0923216,0.0973358,0.0,0.9484855520784747,0.051514447921525264,snapshot_721.xyz,32,4000,16.757672110741936,4000,all,721
0.0919726,0.0971273,0.0,0.9469284125060616,0.053071587493938366,snapshot_722.xyz,32,4000,16.757672110741936,4000,all,722
0.0914837,0.0974747,0.0,0.93853789752623,0.06146210247377004,snapshot_723.xyz,32,4000,16.757672110741936,4000,all,723
0.0910645,0.0976831,0.0,0.9322441650602817,0.06775583493971826,snapshot_724.xyz,32,4000,16.757672110741936,4000,all,724
0.0910645,0.0963626,0.0,0.9450191256773893,0.05498087432261067,snapshot_725.xyz,32,4000,16.757672110741936,4000,all,725
0.0916932,0.0980304,0.0,0.9353547470988591,0.06464525290114087,snapshot_726.xyz,32,4000,16.757672110741936,4000,all,726
0.0919726,0.0972663,0.0,0.9455751889400543,0.05442481105994568,snapshot_727.xyz,32,4000,16.757672110741936,4000,all,727
0.0916932,0.0973358,0.0,0.9420295513058916,0.05797044869410839,snapshot_728.xyz,32,4000,16.757672110741936,4000,all,728
0.0910645,0.0974747,0.0,0.9342372943953663,0.06576270560463371,snapshot_729.xyz,32,4000,16.757672110741936,4000,all,729
0.0916234,0.0978915,0.0,0.9359689043481813,0.06403109565181875,snapshot_730.xyz,32,4000,16.757672110741936,4000,all,730
0.0915535,0.0973358,0.0,0.9405943137057485,0.05940568629425147,snapshot_731.xyz,32,4000,16.757672110741936,4000,all,731
0.0914837,0.0976831,0.0,0.9365355931578748,0.06346440684212518,snapshot_732.xyz,32,4000,16.757672110741936,4000,all,732
0.0912741,0.0980999,0.0,0.9304199086849222,0.06958009131507781,snapshot_733.xyz,32,4000,16.757672110741936,4000,all,733
0.0918329,0.0974052,0.0,0.9427925819155445,0.05720741808445551,snapshot_734.xyz,32,4000,16.757672110741936,4000,all,734
0.0912042,0.0970578,0.0,0.9396895458170286,0.06031045418297143,snapshot_735.xyz,32,4000,16.757672110741936,4000,all,735
0.0916932,0.0974747,0.0,0.9406871731844264,0.059312826815573594,snapshot_736.xyz,32,4000,16.757672110741936,4000,all,736
0.0911344,0.0974747,0.0,0.934954403552922,0.06504559644707797,snapshot_737.xyz,32,4000,16.757672110741936,4000,all,737
0.0912741,0.0974052,0.0,0.9370557218711116,0.06294427812888836,snapshot_738.xyz,32,4000,16.757672110741936,4000,all,738
0.0914837,0.0975442,0.0,0.9378691916074969,0.06213080839250307,snapshot_739.xyz,32,4000,16.757672110741936,4000,all,739
0.0914138,0.0973358,0.0,0.9391590761056056,0.06084092389439444,snapshot_740.xyz,32,4000,16.757672110741936,4000,all,740
0.0921122,0.0976137,0.0,0.9436400833079783,0.05635991669202167,snapshot_741.xyz,32,4000,16.757672110741936,4000,all,741
0.0914138,0.0976831,0.0,0.9358200139020978,0.06417998609790221,snapshot_742.xyz,32,4000,16.757672110741936,4000,all,742
0.0916932,0.0972663,0.0,0.9427026626899553,0.057297337310044716,snapshot_743.xyz,32,4000,16.757672110741936,4000,all,743
0.0919027,0.0971968,0.0,0.9455321574372819,0.05446784256271808,snapshot_744.xyz,32,4000,16.757672110741936,4000,all,744
0.0919726,0.0973358,0.0,0.9449000265061775,0.05509997349382245,snapshot_745.xyz,32,4000,16.757672110741936,4000,all,745
0.0904354,0.0969188,0.0,0.9331048258954919,0.06689517410450807,snapshot_746.xyz,32,4000,16.757672110741936,4000,all,746
0.091344,0.0971273,0.0,0.9404564936943578,0.0595435063056422,snapshot_747.xyz,32,4000,16.757672110741936,4000,all,747
0.0914837,0.0969883,0.0,0.9432447006494598,0.056755299350540245,snapshot_748.xyz,32,4000,16.757672110741936,4000,all,748
0.0920424,0.0978915,0.0,0.9402491533994268,0.05975084660057317,snapshot_749.xyz,32,4000,16.757672110741936,4000,all,749
0.0917631,0.0974747,0.0,0.9414042823419821,0.058595717658017854,snapshot_750.xyz,32,4000,16.757672110741936,4000,all,750
0.091344,0.0974052,0.0,0.9377733426962831,0.062226657303716904,snapshot_751.xyz,32,4000,16.757672110741936,4000,all,751
0.0922518,0.0976831,0.0,0.9443987752231451,0.05560122477685492,snapshot_752.xyz,32,4000,16.757672110741936,4000,all,752
0.0915535,0.0972663,0.0,0.9412663995649058,0.058733600435094235,snapshot_753.xyz,32,4000,16.757672110741936,4000,all,753
0.0914837,0.0970578,0.0,0.9425692731547594,0.05743072684524064,snapshot_754.xyz,32,4000,16.757672110741936,4000,all,754
0.0920424,0.0974747,0.0,0.9442696412504988,0.05573035874950116,snapshot_755.xyz,32,4000,16.757672110741936,4000,all,755
0.0914138,0.0970578,0.0,0.9418490837418528,0.05815091625814717,snapshot_756.xyz,32,4000,16.757672110741936,4000,all,756
0.091344,0.0976831,0.0,0.9351054583648554,0.06489454163514463,snapshot_757.xyz,32,4000,16.757672110741936,4000,all,757
0.0922518,0.0967102,0.0,0.953899381864581,0.04610061813541899,snapshot_758.xyz,32,4000,16.757672110741936,4000,all,758
0.0916932,0.0976137,0.0,0.9393476530446034,0.06065234695539656,snapshot_759.xyz,32,4000,16.757672110741936,4000,all,759
0.0926008,0.0976831,0.0,0.9479715529093569,0.05202844709064314,snapshot_760.xyz,32,4000,16.757672110741936,4000,all,760
0.0917631,0.0969883,0.0,0.9461254604936884,0.0538745395063116,snapshot_761.xyz,32,4000,16.757672110741936,4000,all,761
0.0912741,0.0976831,0.0,0.9343898791090782,0.06561012089092177,snapshot_762.xyz,32,4000,16.757672110741936,4000,all,762
0.0918329,0.0971273,0.0,0.9454900939282775,0.05450990607172246,snapshot_763.xyz,32,4000,16.757672110741936,4000,all,763
0.0917631,0.0971968,0.0,0.9440958961611905,0.055904103838809505,snapshot_764.xyz,32,4000,16.757672110741936,4000,all,764
0.0926008,0.0971968,0.0,0.9527144926581945,0.04728550734180548,snapshot_765.xyz,32,4000,16.757672110741936,4000,all,765
0.0914837,0.0972663,0.0,0.9405487820550386,0.05945121794496144,snapshot_766.xyz,32,4000,16.757672110741936,4000,all,766
0.0912741,0.0974747,0.0,0.936387595960798,0.06361240403920199,snapshot_767.xyz,32,4000,16.757672110741936,4000,all,767
0.0912042,0.097961,0.0,0.9310256122334397,0.06897438776656029,snapshot_768.xyz,32,4000,16.757672110741936,4000,all,768
0.0917631,0.0972663,0.0,0.9434213083051376,0.056578691694862404,snapshot_769.xyz,32,4000,16.757672110741936,4000,all,769
0.0910645,0.0974747,0.0,0.9342372943953663,0.06576270560463371,snapshot_770.xyz,32,4000,16.757672110741936,4000,all,770
0.0910645,0.0977526,0.0,0.9315813594727916,0.06841864052720836,snapshot_771.xyz,32,4000,16.757672110741936,4000,all,771
0.0910645,0.0974747,0.0,0.9342372943953663,0.06576270560463371,snapshot_772.xyz,32,4000,16.757672110741936,4000,all,772
0.0909247,0.0967102,0.0,0.9401769410051887,0.05982305899481133,snapshot_773.xyz,32,4000,16.757672110741936,4000,all,773
0.0920424,0.0976831,0.0,0.9422551086114179,0.057744891388582076,snapshot_774.xyz,32,4000,16.757672110741936,4000,all,774
0.0915535,0.0969188,0.0,0.9446412873456955,0.055358712654304476,snapshot_775.xyz,32,4000,16.757672110741936,4000,all,775
0.0915535,0.0970578,0.0,0.9432884322537703,0.05671156774622965,snapshot_776.xyz,32,4000,16.757672110741936,4000,all,776
0.0917631,0.0972663,0.0,0.9434213083051376,0.056578691694862404,snapshot_777.xyz,32,4000,16.757672110741936,4000,all,777
0.0915535,0.0978221,0.0,0.9359183660951871,0.06408163390481292,snapshot_778.xyz,32,4000,16.757672110741936,4000,all,778
0.0921122,0.0972663,0.0,0.9470104239597888,0.05298957604021115,snapshot_779.xyz,32,4000,16.757672110741936,4000,all,779
0.0915535,0.0966407,0.0,0.9473596528170843,0.05264034718291566,snapshot_780.xyz,32,4000,16.757672110741936,4000,all,780
0.0909247,0.0977526,0.0,0.9301512184842142,0.06984878151578577,snapshot_781.xyz,32,4000,16.757672110741936,4000,all,781
0.0917631,0.0970578,0.0,0.9454479701785946,0.05455202982140539,snapshot_782.xyz,32,4000,16.757672110741936,4000,all,782
0.091344,0.0978221,0.0,0.9337767232557878,0.06622327674421224,snapshot_783.xyz,32,4000,16.757672110741936,4000,all,783
0.0918329,0.0977526,0.0,0.9394420199565024,0.06055798004349755,snapshot_784.xyz,32,4000,16.757672110741936,4000,all,784
0.0921122,0.0978915,0.0,0.9409621877282501,0.05903781227174987,snapshot_785.xyz,32,4000,16.757672110741936,4000,all,785
0.0918329,0.0970578,0.0,0.9461671292776057,0.05383287072239429,snapshot_786.xyz,32,4000,16.757672110741936,4000,all,786
0.0916932,0.0970578,0.0,0.9447277807656881,0.055272219234311915,snapshot_787.xyz,32,4000,16.757672110741936,4000,all,787
0.0924612,0.097961,0.0,0.9438572493135022,0.05614275068649777,snapshot_788.xyz,32,4000,16.757672110741936,4000,all,788
0.0919726,0.0980304,0.0,0.9382048833831138,0.06179511661688619,snapshot_789.xyz,32,4000,16.757672110741936,4000,all,789
0.0909946,0.0973358,0.0,0.9348523359339523,0.06514766406604766,snapshot_790.xyz,32,4000,16.757672110741936,4000,all,790
0.0909247,0.0969188,0.0,0.9381533820063805,0.06184661799361946,snapshot_791.xyz,32,4000,16.757672110741936,4000,all,791
0.0911344,0.0974747,0.0,0.934954403552922,0.06504559644707797,snapshot_792.xyz,32,4000,16.757672110741936,4000,all,792
0.0926008,0.0981693,0.0,0.9432765640582137,0.056723435941786304,snapshot_793.xyz,32,4000,16.757672110741936,4000,all,793
0.0906451,0.0964321,0.0,0.9399888626297674,0.06001113737023256,snapshot_794.xyz,32,4000,16.757672110741936,4000,all,794
0.0909946,0.0972663,0.0,0.9355203189593929,0.06447968104060708,snapshot_795.xyz,32,4000,16.757672110741936,4000,all,795
0.0916932,0.097961,0.0,0.9360173946774737,0.06398260532252631,snapshot_796.xyz,32,4000,16.757672110741936,4000,all,796
0.0923216,0.0972663,0.0,0.9491632764893905,0.05083672351060953,snapshot_797.xyz,32,4000,16.757672110741936,4000,all,797
0.090715,0.0972663,0.0,0.932645736498664,0.067354263501336,snapshot_798.xyz,32,4000,16.757672110741936,4000,all,798
0.091344,0.0983082,0.0,0.9291595207724279,0.07084047922757208,snapshot_799.xyz,32,4000,16.757672110741936,4000,all,799
0.0924612,0.097961,0.0,0.9438572493135022,0.05614275068649777,snapshot_800.xyz,32,4000,16.757672110741936,4000,all,800
0.0916234,0.0971273,0.0,0.9433331308499258,0.05666686915007424,snapshot_801.xyz,32,4000,16.757672110741936,4000,all,801
0.091344,0.0965712,0.0,0.9458720612356479,0.05412793876435207,snapshot_802.xyz,32,4000,16.757672110741936,4000,all,802
0.0915535,0.0980999,0.0,0.9332680257574166,0.06673197424258337,snapshot_803.xyz,32,4000,16.757672110741936,4000,all,803
0.0923216,0.0974052,0.0,0.9478097678563363,0.052190232143663695,snapshot_804.xyz,32,4000,16.757672110741936,4000,all,804
0.0916932,0.0967797,0.0,0.9474424905222893,0.05255750947771065,snapshot_805.xyz,32,4000,16.757672110741936,4000,all,805
0.0919027,0.0972663,0.0,0.944856543324872,0.05514345667512799,snapshot_806.xyz,32,4000,16.757672110741936,4000,all,806
0.0914138,0.0972663,0.0,0.9398301364398564,0.060169863560143644,snapshot_807.xyz,32,4000,16.757672110741936,4000,all,807
0.0914138,0.0967797,0.0,0.9445555214574958,0.05544447854250423,snapshot_808.xyz,32,4000,16.757672110741936,4000,all,808
0.0912741,0.0969883,0.0,0.9410836152401887,0.05891638475981131,snapshot_809.xyz,32,4000,16.757672110741936,4000,all,809
0.0915535,0.0976137,0.0,0.9379165014746905,0.06208349852530948,snapshot_810.xyz,32,4000,16.757672110741936,4000,all,810
0.092182,0.0970578,0.0,0.9497639550865566,0.050236044913443356,snapshot_811.xyz,32,4000,16.757672110741936,4000,all,811
0.0912042,0.0964321,0.0,0.9457867245450425,0.054213275454957466,snapshot_812.xyz,32,4000,16.757672110741936,4000,all,812
0.0916932,0.0973358,0.0,0.9420295513058916,0.05797044869410839,snapshot_813.xyz,32,4000,16.757672110741936,4000,all,813
0.0912741,0.0967102,0.0,0.9437897967329196,0.05621020326708037,snapshot_814.xyz,32,4000,16.757672110741936,4000,all,814
0.0917631,0.0974052,0.0,0.9420759877296079,0.05792401227039212,snapshot_815.xyz,32,4000,16.757672110741936,4000,all,815
0.0914837,0.0972663,0.0,0.9405487820550386,0.05945121794496144,snapshot_816.xyz,32,4000,16.757672110741936,4000,all,816
0.0912042,0.0968493,0.0,0.9417125369001118,0.05828746309988819,snapshot_817.xyz,32,4000,16.757672110741936,4000,all,817
0.0912042,0.0980304,0.0,0.9303664985555501,0.06963350144444991,snapshot_818.xyz,32,4000,16.757672110741936,4000,all,818
0.0916932,0.0977526,0.0,0.9380129019586181,0.061987098041381916,snapshot_819.xyz,32,4000,16.757672110741936,4000,all,819
0.0921122,0.0981693,0.0,0.9382994479944341,0.0617005520055659,snapshot_820.xyz,32,4000,16.757672110741936,4000,all,820
0.0928799,0.0967797,0.0,0.9597043594886118,0.04029564051138823,snapshot_821.xyz,32,4000,16.757672110741936,4000,all,821
0.0919726,0.0980304,0.0,0.9382048833831138,0.06179511661688619,snapshot_822.xyz,32,4000,16.757672110741936,4000,all,822
0.0919027,0.0978221,0.0,0.9394881115821476,0.06051188841785238,snapshot_823.xyz,32,4000,16.757672110741936,4000,all,823
0.0914138,0.0967797,0.0,0.9445555214574958,0.05544447854250423,snapshot_824.xyz,32,4000,16.757672110741936,4000,all,824
0.0912741,0.0973358,0.0,0.9377238385054625,0.06227616149453752,snapshot_825.xyz,32,4000,16.757672110741936,4000,all,825
0.0912741,0.0967102,0.0,0.9437897967329196,0.05621020326708037,snapshot_826.xyz,32,4000,16.757672110741936,4000,all,826
0.0914138,0.0975442,0.0,0.9371525933884332,0.06284740661156685,snapshot_827.xyz,32,4000,16.757672110741936,4000,all,827
0.092531,0.0980304,0.0,0.9439010755847166,0.05609892441528341,snapshot_828.xyz,32,4000,16.757672110741936,4000,all,828
0.0914138,0.0972663,0.0,0.9398301364398564,0.060169863560143644,snapshot_829.xyz,32,4000,16.757672110741936,4000,all,829
0.0919027,0.097961,0.0,0.9381560008574841,0.061843999142515926,snapshot_830.xyz,32,4000,16.757672110741936,4000,all,830
0.0924612,0.0976137,0.0,0.9472154011168514,0.05278459888314857,snapshot_831.xyz,32,4000,16.757672110741936,4000,all,831
0.0917631,0.0976831,0.0,0.9393958627439137,0.060604137256086266,snapshot_832.xyz,32,4000,16.757672110741936,4000,all,832
0.0914837,0.0969188,0.0,0.9439210968357017,0.05607890316429831,snapshot_833.xyz,32,4000,16.757672110741936,4000,all,833
0.0923914,0.0967797,0.0,0.9546568133606531,0.04534318663934689,snapshot_834.xyz,32,4000,16.757672110741936,4000,all,834
0.0923216,0.0976831,0.0,0.9451133307603875,0.054886669239612496,snapshot_835.xyz,32,4000,16.757672110741936,4000,all,835
0.0918329,0.0969883,0.0,0.946845134928646,0.05315486507135403,snapshot_836.xyz,32,4000,16.757672110741936,4000,all,836
0.0918329,0.0968493,0.0,0.9482040654914388,0.05179593450856124,snapshot_837.xyz,32,4000,16.757672110741936,4000,all,837
0.0928101,0.0977526,0.0,0.9494386850068439,0.05056131499315608,snapshot_838.xyz,32,4000,16.757672110741936,4000,all,838
0.0921122,0.0974052,0.0,0.9456599852985262,0.05434001470147376,snapshot_839.xyz,32,4000,16.757672110741936,4000,all,839
0.0919027,0.0968493,0.0,0.94892477281715,0.05107522718284996,snapshot_840.xyz,32,4000,16.757672110741936,4000,all,840
0.0919027,0.0965712,0.0,0.9516574299584142,0.04834257004158582,snapshot_841.xyz,32,4000,16.757672110741936,4000,all,841
0.0915535,0.0980304,0.0,0.9339296789567317,0.06607032104326827,snapshot_842.xyz,32,4000,16.757672110741936,4000,all,842
0.091344,0.0976137,0.0,0.9357702863430031,0.06422971365699692,snapshot_843.xyz,32,4000,16.757672110741936,4000,all,843
0.0917631,0.0974747,0.0,0.9414042823419821,0.058595717658017854,snapshot_844.xyz,32,4000,16.757672110741936,4000,all,844
0.0908548,0.0968493,0.0,0.9381048701436149,0.06189512985638512,snapshot_845.xyz,32,4000,16.757672110741936,4000,all,845
0.0919726,0.0967797,0.0,0.9503294595870829,0.049670540412917075,snapshot_846.xyz,32,4000,16.757672110741936,4000,all,846
0.0919027,0.0969883,0.0,0.9475648093636037,0.052435190636396345,snapshot_847.xyz,32,4000,16.757672110741936,4000,all,847
0.0926008,0.0974747,0.0,0.9499983072530616,0.05000169274693844,snapshot_848.xyz,32,4000,16.757672110741936,4000,all,848
0.0918329,0.0971968,0.0,0.9448140267992361,0.055185973200763905,snapshot_849.xyz,32,4000,16.757672110741936,4000,all,849
0.091344,0.0969188,0.0,0.9424796840241522,0.057520315975847836,snapshot_850.xyz,32,4000,16.757672110741936,4000,all,850
0.0922518,0.0975442,0.0,0.9457435706069658,0.05425642939303421,snapshot_851.xyz,32,4000,16.757672110741936,4000,all,851
0.0915535,0.0971968,0.0,0.941939446566142,0.058060553433857964,snapshot_852.xyz,32,4000,16.757672110741936,4000,all,852
0.0918329,0.0970578,0.0,0.9461671292776057,0.05383287072239429,snapshot_853.xyz,32,4000,16.757672110741936,4000,all,853
0.0914138,0.0969883,0.0,0.9425239951623031,0.05747600483769688,snapshot_854.xyz,32,4000,16.757672110741936,4000,all,854
0.0918329,0.0967102,0.0,0.9495678842562625,0.050432115743737516,snapshot_855.xyz,32,4000,16.757672110741936,4000,all,855
0.0915535,0.0975442,0.0,0.9385847646502816,0.06141523534971838,snapshot_856.xyz,32,4000,16.757672110741936,4000,all,856
0.0912042,0.0975442,0.0,0.9350038239075209,0.0649961760924791,snapshot_857.xyz,32,4000,16.757672110741936,4000,all,857
0.0923914,0.0978915,0.0,0.943814325043543,0.05618567495645699,snapshot_858.xyz,32,4000,16.757672110741936,4000,all,858
0.0920424,0.0968493,0.0,0.9503672200005575,0.04963277999944249,snapshot_859.xyz,32,4000,16.757672110741936,4000,all,859
0.0912741,0.0974052,0.0,0.9370557218711116,0.06294427812888836,snapshot_860.xyz,32,4000,16.757672110741936,4000,all,860
0.0919726,0.0963626,0.0,0.9544429062727655,0.04555709372723449,snapshot_861.xyz,32,4000,16.757672110741936,4000,all,861
0.0918329,0.0971968,0.0,0.9448140267992361,0.055185973200763905,snapshot_862.xyz,32,4000,16.757672110741936,4000,all,862
0.0919726,0.0975442,0.0,0.942881278435827,0.05711872156417297,snapshot_863.xyz,32,4000,16.757672110741936,4000,all,863
0.0932286,0.0971273,0.0,0.9598598952096887,0.04014010479031127,snapshot_864.xyz,32,4000,16.757672110741936,4000,all,864
0.0914837,0.0974052,0.0,0.9392075577073914,0.060792442292608606,snapshot_865.xyz,32,4000,16.757672110741936,4000,all,865
0.091344,0.0975442,0.0,0.9364370203456484,0.06356297965435165,snapshot_866.xyz,32,4000,16.757672110741936,4000,all,866
0.091344,0.0977526,0.0,0.9344406184592533,0.0655593815407467,snapshot_867.xyz,32,4000,16.757672110741936,4000,all,867
0.0921122,0.0968493,0.0,0.9510879273262688,0.04891207267373121,snapshot_868.xyz,32,4000,16.757672110741936,4000,all,868
0.0916932,0.0978915,0.0,0.9366819386770046,0.06331806132299544,snapshot_869.xyz,32,4000,16.757672110741936,4000,all,869
0.092182,0.0980304,0.0,0.9403409554587148,0.05965904454128523,snapshot_870.xyz,32,4000,16.757672110741936,4000,all,870
0.0919027,0.0969883,0.0,0.9475648093636037,0.052435190636396345,snapshot_871.xyz,32,4000,16.757672110741936,4000,all,871
0.0914138,0.0965016,0.0,0.9472775580923011,0.052722441907698925,snapshot_872.xyz,32,4000,16.757672110741936,4000,all,872
0.0916932,0.0971273,0.0,0.9440517753504937,0.05594822464950633,snapshot_873.xyz,32,4000,16.757672110741936,4000,all,873
0.0914837,0.0974052,0.0,0.9392075577073914,0.060792442292608606,snapshot_874.xyz,32,4000,16.757672110741936,4000,all,874
0.0916932,0.0971273,0.0,0.9440517753504937,0.05594822464950633,snapshot_875.xyz,32,4000,16.757672110741936,4000,all,875
0.0919027,0.0973358,0.0,0.944181894020494,0.05581810597950598,snapshot_876.xyz,32,4000,16.757672110741936,4000,all,876
0.0920424,0.0974052,0.0,0.9449433911125895,0.055056608887410485,snapshot_877.xyz,32,4000,16.757672110741936,4000,all,877
0.0919027,0.0965712,0.0,0.9516574299584142,0.04834257004158582,snapshot_878.xyz,32,4000,16.757672110741936,4000,all,878
0.0917631,0.0970578,0.0,0.9454479701785946,0.05455202982140539,snapshot_879.xyz,32,4000,16.757672110741936,4000,all,879
0.0912042,0.097961,0.0,0.9310256122334397,0.06897438776656029,snapshot_880.xyz,32,4000,16.757672110741936,4000,all,880
0.0906451,0.0972663,0.0,0.9319270908834818,0.0680729091165182,snapshot_881.xyz,32,4000,16.757672110741936,4000,all,881
0.0924612,0.0976831,0.0,0.9465424418348721,0.05345755816512787,snapshot_882.xyz,32,4000,16.757672110741936,4000,all,882
0.0907849,0.0969883,0.0,0.936039707882291,0.06396029211770904,snapshot_883.xyz,32,4000,16.757672110741936,4000,all,883
0.0914837,0.0965712,0.0,0.9473186622926919,0.052681337707308096,snapshot_884.xyz,32,4000,16.757672110741936,4000,all,884
0.0915535,0.0968493,0.0,0.9453191711246235,0.05468082887537651,snapshot_885.xyz,32,4000,16.757672110741936,4000,all,885
0.092182,0.0980999,0.0,0.9396747601169827,0.0603252398830173,snapshot_886.xyz,32,4000,16.757672110741936,4000,all,886
0.0915535,0.0974747,0.0,0.9392539807765502,0.0607460192234498,snapshot_887.xyz,32,4000,16.757672110741936,4000,all,887
0.0914138,0.0971273,0.0,0.9411751381949257,0.05882486180507429,snapshot_888.xyz,32,4000,16.757672110741936,4000,all,888
0.091344,0.0969883,0.0,0.9418043207273454,0.058195679272654566,snapshot_889.xyz,32,4000,16.757672110741936,4000,all,889
0.0921122,0.0977526,0.0,0.9422992329615786,0.05770076703842142,snapshot_890.xyz,32,4000,16.757672110741936,4000,all,890
0.0908548,0.0969883,0.0,0.9367604133694477,0.06323958663055229,snapshot_891.xyz,32,4000,16.757672110741936,4000,all,891
0.0914837,0.0978221,0.0,0.9352048259033491,0.06479517409665092,snapshot_892.xyz,32,4000,16.757672110741936,4000,all,892
0.0919027,0.0969883,0.0,0.9475648093636037,0.052435190636396345,snapshot_893.xyz,32,4000,16.757672110741936,4000,all,893
0.0916234,0.0967797,0.0,0.9467212648933608,0.05327873510663916,snapshot_894.xyz,32,4000,16.757672110741936,4000,all,894
0.0920424,0.0978221,0.0,0.9409162142297088,0.059083785770291164,snapshot_895.xyz,32,4000,16.757672110741936,4000,all,895
0.0916234,0.0976831,0.0,0.9379657279508943,0.06203427204910572,snapshot_896.xyz,32,4000,16.757672110741936,4000,all,896
0.0916932,0.096293,0.0,0.9522312109914531,0.047768789008546864,snapshot_897.xyz,32,4000,16.757672110741936,4000,all,897
0.0919726,0.0969188,0.0,0.948965525780344,0.05103447421965601,snapshot_898.xyz,32,4000,16.757672110741936,4000,all,898
0.0910645,0.0971273,0.0,0.9375788269621415,0.062421173037858546,snapshot_899.xyz,32,4000,16.757672110741936,4000,all,899
0.0910645,0.0967102,0.0,0.9416224969031189,0.058377503096881056,snapshot_900.xyz,32,4000,16.757672110741936,4000,all,900
0.0923914,0.097961,0.0,0.9431447208583007,0.0568552791416993,snapshot_901.xyz,32,4000,16.757672110741936,4000,all,901
0.0920424,0.0966407,0.0,0.9524185979613145,0.04758140203868555,snapshot_902.xyz,32,4000,16.757672110741936,4000,all,902
0.0921122,0.0969188,0.0,0.9504059068003319,0.04959409319966812,snapshot_903.xyz,32,4000,16.757672110741936,4000,all,903
0.0921122,0.097961,0.0,0.9402946070374945,0.059705392962505544,snapshot_904.xyz,32,4000,16.757672110741936,4000,all,904
0.0916234,0.0971273,0.0,0.9433331308499258,0.05666686915007424,snapshot_905.xyz,32,4000,16.757672110741936,4000,all,905
0.0915535,0.0974747,0.0,0.9392539807765502,0.0607460192234498,snapshot_906.xyz,32,4000,16.757672110741936,4000,all,906
0.0926705,0.0978915,0.0,0.946665440819683,0.05333455918031704,snapshot_907.xyz,32,4000,16.757672110741936,4000,all,907
0.0911344,0.0971273,0.0,0.9382985010393576,0.061701498960642365,snapshot_908.xyz,32,4000,16.757672110741936,4000,all,908
0.0921122,0.0966407,0.0,0.9531408609416117,0.046859139058388344,snapshot_909.xyz,32,4000,16.757672110741936,4000,all,909
0.0911344,0.0976831,0.0,0.9329597443160589,0.06704025568394112,snapshot_910.xyz,32,4000,16.757672110741936,4000,all,910
0.091344,0.0969883,0.0,0.9418043207273454,0.058195679272654566,snapshot_911.xyz,32,4000,16.757672110741936,4000,all,911
0.0921122,0.0974052,0.0,0.9456599852985262,0.05434001470147376,snapshot_912.xyz,32,4000,16.757672110741936,4000,all,912
0.0915535,0.0969188,0.0,0.9446412873456955,0.055358712654304476,snapshot_913.xyz,32,4000,16.757672110741936,4000,all,913
0.0919726,0.0980999,0.0,0.9375402013661583,0.06245979863384166,snapshot_914.xyz,32,4000,16.757672110741936,4000,all,914
0.0919027,0.0976831,0.0,0.9408249738183986,0.05917502618160142,snapshot_915.xyz,32,4000,16.757672110741936,4000,all,915
0.0910645,0.0971968,0.0,0.9369084167379996,0.06309158326200037,snapshot_916.xyz,32,4000,16.757672110741936,4000,all,916
0.0914138,0.0971273,0.0,0.9411751381949257,0.05882486180507429,snapshot_917.xyz,32,4000,16.757672110741936,4000,all,917
0.0911344,0.0960843,0.0,0.9484837793479268,0.051516220652073175,snapshot_918.xyz,32,4000,16.757672110741936,4000,all,918
0.0921122,0.0967797,0.0,0.9517719108449397,0.04822808915506027,snapshot_919.xyz,32,4000,16.757672110741936,4000,all,919
0.0914138,0.0969188,0.0,0.9431998745341461,0.05680012546585389,snapshot_920.xyz,32,4000,16.757672110741936,4000,all,920
0.092182,0.0974052,0.0,0.9463765794844629,0.053623420515537146,snapshot_921.xyz,32,4000,16.757672110741936,4000,all,921
0.0924612,0.0968493,0.0,0.9546914639548246,0.045308536045175374,snapshot_922.xyz,32,4000,16.757672110741936,4000,all,922
0.0921122,0.0971968,0.0,0.9476875781918747,0.05231242180812534,snapshot_923.xyz,32,4000,16.757672110741936,4000,all,923
0.0915535,0.0967102,0.0,0.9466788404945911,0.053321159505408944,snapshot_924.xyz,32,4000,16.757672110741936,4000,all,924
0.0919027,0.0968493,0.0,0.94892477281715,0.05107522718284996,snapshot_925.xyz,32,4000,16.757672110741936,4000,all,925
0.0916932,0.0971273,0.0,0.9440517753504937,0.05594822464950633,snapshot_926.xyz,32,4000,16.757672110741936,4000,all,926
0.0921122,0.0971968,0.0,0.9476875781918747,0.05231242180812534,snapshot_927.xyz,32,4000,16.757672110741936,4000,all,927
0.0926008,0.0970578,0.0,0.9540789096806233,0.045921090319376745,snapshot_928.xyz,32,4000,16.757672110741936,4000,all,928
0.0919726,0.0977526,0.0,0.9408711379543869,0.05912886204561307,snapshot_929.xyz,32,4000,16.757672110741936,4000,all,929
0.091344,0.0981693,0.0,0.9304741910149099,0.06952580898509009,snapshot_930.xyz,32,4000,16.757672110741936,4000,all,930
0.0918329,0.0969883,0.0,0.946845134928646,0.05315486507135403,snapshot_931.xyz,32,4000,16.757672110741936,4000,all,931
0.0918329,0.0964321,0.0,0.9523063378273416,0.04769366217265836,snapshot_932.xyz,32,4000,16.757672110741936,4000,all,932
0.0918329,0.0969188,0.0,0.9475241129687945,0.05247588703120554,snapshot_933.xyz,32,4000,16.757672110741936,4000,all,933
0.0921122,0.0974747,0.0,0.9449857245008193,0.0550142754991807,snapshot_934.xyz,32,4000,16.757672110741936,4000,all,934
0.0921122,0.0971273,0.0,0.9483657015071973,0.051634298492802655,snapshot_935.xyz,32,4000,16.757672110741936,4000,all,935
0.0922518,0.0975442,0.0,0.9457435706069658,0.05425642939303421,snapshot_936.xyz,32,4000,16.757672110741936,4000,all,936
0.0919726,0.0975442,0.0,0.942881278435827,0.05711872156417297,snapshot_937.xyz,32,4000,16.757672110741936,4000,all,937
0.0912741,0.0974747,0.0,0.936387595960798,0.06361240403920199,snapshot_938.xyz,32,4000,16.757672110741936,4000,all,938
0.0912042,0.0971273,0.0,0.9390171455399254,0.060982854460074565,snapshot_939.xyz,32,4000,16.757672110741936,4000,all,939
0.0909247,0.0976137,0.0,0.9314747827405374,0.06852521725946259,snapshot_940.xyz,32,4000,16.757672110741936,4000,all,940
0.0918329,0.0968493,0.0,0.9482040654914388,0.05179593450856124,snapshot_941.xyz,32,4000,16.757672110741936,4000,all,941
0.092531,0.0980999,0.0,0.9432323580350235,0.05676764196497652,snapshot_942.xyz,32,4000,16.757672110741936,4000,all,942
0.0916932,0.0969883,0.0,0.9454047550065318,0.05459524499346824,snapshot_943.xyz,32,4000,16.757672110741936,4000,all,943
0.0914837,0.0970578,0.0,0.9425692731547594,0.05743072684524064,snapshot_944.xyz,32,4000,16.757672110741936,4000,all,944
0.0912042,0.0970578,0.0,0.9396895458170286,0.06031045418297143,snapshot_945.xyz,32,4000,16.757672110741936,4000,all,945
0.0908548,0.0973358,0.0,0.9334160709625852,0.06658392903741484,snapshot_946.xyz,32,4000,16.757672110741936,4000,all,946
0.0919027,0.0968493,0.0,0.94892477281715,0.05107522718284996,snapshot_947.xyz,32,4000,16.757672110741936,4000,all,947
0.0916234,0.0973358,0.0,0.9413124461914321,0.05868755380856794,snapshot_948.xyz,32,4000,16.757672110741936,4000,all,948
0.0909247,0.0969883,0.0,0.9374811188566043,0.06251888114339565,snapshot_949.xyz,32,4000,16.757672110741936,4000,all,949
0.091344,0.0969188,0.0,0.9424796840241522,0.057520315975847836,snapshot_950.xyz,32,4000,16.757672110741936,4000,all,950
0.0915535,0.0975442,0.0,0.9385847646502816,0.06141523534971838,snapshot_951.xyz,32,4000,16.757672110741936,4000,all,951
0.0919027,0.0974747,0.0,0.9428364488426229,0.057163551157377146,snapshot_952.xyz,32,4000,16.757672110741936,4000,all,952
0.092182,0.0978221,0.0,0.942343294613385,0.05765670538661505,snapshot_953.xyz,32,4000,16.757672110741936,4000,all,953
0.0909247,0.0972663,0.0,0.9348016733442106,0.0651983266557894,snapshot_954.xyz,32,4000,16.757672110741936,4000,all,954
0.0921122,0.0976831,0.0,0.9429696641486605,0.05703033585133954,snapshot_955.xyz,32,4000,16.757672110741936,4000,all,955
0.0918329,0.0973358,0.0,0.9434647889060345,0.05653521109396553,snapshot_956.xyz,32,4000,16.757672110741936,4000,all,956
0.0922518,0.0972663,0.0,0.9484456589795232,0.051554341020476846,snapshot_957.xyz,32,4000,16.757672110741936,4000,all,957
0.0911344,0.0965712,0.0,0.9437016418973774,0.056298358102622625,snapshot_958.xyz,32,4000,16.757672110741936,4000,all,958
0.0926008,0.0972663,0.0,0.9520337465288594,0.047966253471140585,snapshot_959.xyz,32,4000,16.757672110741936,4000,all,959
0.0919726,0.0969188,0.0,0.948965525780344,0.05103447421965601,snapshot_960.xyz,32,4000,16.757672110741936,4000,all,960
0.092182,0.0971968,0.0,0.9484057088299204,0.05159429117007963,snapshot_961.xyz,32,4000,16.757672110741936,4000,all,961
0.0916932,0.0970578,0.0,0.9447277807656881,0.055272219234311915,snapshot_962.xyz,32,4000,16.757672110741936,4000,all,962
0.0914138,0.0969883,0.0,0.9425239951623031,0.05747600483769688,snapshot_963.xyz,32,4000,16.757672110741936,4000,all,963
0.0911344,0.0974052,0.0,0.9356215068600034,0.06437849313999655,snapshot_964.xyz,32,4000,16.757672110741936,4000,all,964
0.0915535,0.0969883,0.0,0.9439643750844173,0.05603562491558267,snapshot_965.xyz,32,4000,16.757672110741936,4000,all,965
0.0910645,0.0971968,0.0,0.9369084167379996,0.06309158326200037,snapshot_966.xyz,32,4000,16.757672110741936,4000,all,966
0.0918329,0.0974052,0.0,0.9427925819155445,0.05720741808445551,snapshot_967.xyz,32,4000,16.757672110741936,4000,all,967
0.0914138,0.0977526,0.0,0.9351546659628491,0.06484533403715087,snapshot_968.xyz,32,4000,16.757672110741936,4000,all,968
0.0921122,0.0971968,0.0,0.9476875781918747,0.05231242180812534,snapshot_969.xyz,32,4000,16.757672110741936,4000,all,969
0.0927403,0.0971273,0.0,0.9548324724356592,0.04516752756434084,snapshot_970.xyz,32,4000,16.757672110741936,4000,all,970
0.090715,0.0972663,0.0,0.932645736498664,0.067354263501336,snapshot_971.xyz,32,4000,16.757672110741936,4000,all,971
0.0919726,0.0977526,0.0,0.9408711379543869,0.05912886204561307,snapshot_972.xyz,32,4000,16.757672110741936,4000,all,972
0.0921122,0.0974747,0.0,0.9449857245008193,0.0550142754991807,snapshot_973.xyz,32,4000,16.757672110741936,4000,all,973
0.0921122,0.0965016,0.0,0.9545147437969941,0.04548525620300592,snapshot_974.xyz,32,4000,16.757672110741936,4000,all,974
0.0924612,0.0967797,0.0,0.9553780389895815,0.04462196101041849,snapshot_975.xyz,32,4000,16.757672110741936,4000,all,975
0.0921122,0.0971968,0.0,0.9476875781918747,0.05231242180812534,snapshot_976.xyz,32,4000,16.757672110741936,4000,all,976
0.0921122,0.0975442,0.0,0.9443124245213965,0.05568757547860348,snapshot_977.xyz,32,4000,16.757672110741936,4000,all,977
0.0918329,0.0977526,0.0,0.9394420199565024,0.06055798004349755,snapshot_978.xyz,32,4000,16.757672110741936,4000,all,978
0.0912741,0.0971968,0.0,0.939064866333048,0.060935133666952024,snapshot_979.xyz,32,4000,16.757672110741936,4000,all,979
0.0916932,0.0971273,0.0,0.9440517753504937,0.05594822464950633,snapshot_980.xyz,32,4000,16.757672110741936,4000,all,980
0.0922518,0.0965712,0.0,0.9552723793429096,0.04472762065709035,snapshot_981.xyz,32,4000,16.757672110741936,4000,all,981
0.0919726,0.0971968,0.0,0.9462513169157832,0.053748683084216764,snapshot_982.xyz,32,4000,16.757672110741936,4000,all,982
0.0919726,0.0978221,0.0,0.9402026740378708,0.059797325962129166,snapshot_983.xyz,32,4000,16.757672110741936,4000,all,983
0.0922518,0.0974747,0.0,0.9464178910014598,0.05358210899854021,snapshot_984.xyz,32,4000,16.757672110741936,4000,all,984
0.0914837,0.0976137,0.0,0.937201437912916,0.06279856208708401,snapshot_985.xyz,32,4000,16.757672110741936,4000,all,985
0.0919726,0.0971968,0.0,0.9462513169157832,0.053748683084216764,snapshot_986.xyz,32,4000,16.757672110741936,4000,all,986
0.0919027,0.0972663,0.0,0.944856543324872,0.05514345667512799,snapshot_987.xyz,32,4000,16.757672110741936,4000,all,987
0.091344,0.0978221,0.0,0.9337767232557878,0.06622327674421224,snapshot_988.xyz,32,4000,16.757672110741936,4000,all,988
0.0918329,0.0978915,0.0,0.9381090288738041,0.061890971126195904,snapshot_989.xyz,32,4000,16.757672110741936,4000,all,989
0.0911344,0.0969883,0.0,0.9396432353180745,0.06035676468192552,snapshot_990.xyz,32,4000,16.757672110741936,4000,all,990
0.0911344,0.0975442,0.0,0.9342882508647362,0.06571174913526379,snapshot_991.xyz,32,4000,16.757672110741936,4000,all,991
0.0914138,0.096293,0.0,0.9493296501303314,0.05067034986966856,snapshot_992.xyz,32,4000,16.757672110741936,4000,all,992
0.091344,0.0974052,0.0,0.9377733426962831,0.062226657303716904,snapshot_993.xyz,32,4000,16.757672110741936,4000,all,993
0.0918329,0.0973358,0.0,0.9434647889060345,0.05653521109396553,snapshot_994.xyz,32,4000,16.757672110741936,4000,all,994
0.0926705,0.0971968,0.0,0.9534315944557846,0.046568405544215374,snapshot_995.xyz,32,4000,16.757672110741936,4000,all,995
0.0922518,0.0972663,0.0,0.9484456589795232,0.051554341020476846,snapshot_996.xyz,32,4000,16.757672110741936,4000,all,996
0.0919027,0.0973358,0.0,0.944181894020494,0.05581810597950598,snapshot_997.xyz,32,4000,16.757672110741936,4000,all,997
0.0920424,0.0965712,0.0,0.953104031015458,0.04689596898454196,snapshot_998.xyz,32,4000,16.757672110741936,4000,all,998
0.0908548,0.0971968,0.0,0.9347509383024956,0.06524906169750444,snapshot_999.xyz,32,4000,16.757672110741936,4000,all,999
0.0915535,0.0975442,0.0,0.9385847646502816,0.06141523534971838,snapshot_1000.xyz,32,4000,16.757672110741936,4000,all,1000
0.0927403,0.0980304,0.0,0.9460361275685909,0.0539638724314091,snapshot_1001.xyz,32,4000,16.757672110741936,4000,all,1001
0.0921122,0.0976831,0.0,0.9429696641486605,0.05703033585133954,snapshot_1002.xyz,32,4000,16.757672110741936,4000,all,1002
0.092531,0.0971273,0.0,0.9526775685106041,0.047322431489395855,snapshot_1003.xyz,32,4000,16.757672110741936,4000,all,1003
0.0915535,0.0975442,0.0,0.9385847646502816,0.06141523534971838,snapshot_1004.xyz,32,4000,16.757672110741936,4000,all,1004
0.0910645,0.0972663,0.0,0.9362389645745752,0.06376103542542477,snapshot_1005.xyz,32,4000,16.757672110741936,4000,all,1005
0.0920424,0.0967102,0.0,0.9517341500689689,0.04826584993103111,snapshot_1006.xyz,32,4000,16.757672110741936,4000,all,1006
0.0916932,0.097961,0.0,0.9360173946774737,0.06398260532252631,snapshot_1007.xyz,32,4000,16.757672110741936,4000,all,1007
0.0917631,0.0972663,0.0,0.9434213083051376,0.056578691694862404,snapshot_1008.xyz,32,4000,16.757672110741936,4000,all,1008
0.0918329,0.0973358,0.0,0.9434647889060345,0.05653521109396553,snapshot_1009.xyz,32,4000,16.757672110741936,4000,all,1009
0.0920424,0.0968493,0.0,0.9503672200005575,0.04963277999944249,snapshot_1010.xyz,32,4000,16.757672110741936,4000,all,1010
0.0919726,0.0972663,0.0,0.9455751889400543,0.05442481105994568,snapshot_1011.xyz,32,4000,16.757672110741936,4000,all,1011
0.0922518,0.0974052,0.0,0.9470931736703995,0.05290682632960053,snapshot_1012.xyz,32,4000,16.757672110741936,4000,all,1012
0.0923216,0.0968493,0.0,0.9532500493034023,0.04674995069659771,snapshot_1013.xyz,32,4000,16.757672110741936,4000,all,1013
0.0923216,0.0976137,0.0,0.9457852739933023,0.054214726006697744,snapshot_1014.xyz,32,4000,16.757672110741936,4000,all,1014
0.0917631,0.0974747,0.0,0.9414042823419821,0.058595717658017854,snapshot_1015.xyz,32,4000,16.757672110741936,4000,all,1015
0.0917631,0.0970578,0.0,0.9454479701785946,0.05455202982140539,snapshot_1016.xyz,32,4000,16.757672110741936,4000,all,1016
0.0916234,0.0973358,0.0,0.9413124461914321,0.05868755380856794,snapshot_1017.xyz,32,4000,16.757672110741936,4000,all,1017
0.0919027,0.0973358,0.0,0.944181894020494,0.05581810597950598,snapshot_1018.xyz,32,4000,16.757672110741936,4000,all,1018
0.0923914,0.0977526,0.0,0.9451554229759618,0.05484457702403822,snapshot_1019.xyz,32,4000,16.757672110741936,4000,all,1019
0.0927403,0.0974747,0.0,0.9514294478464669,0.04857055215353312,snapshot_1020.xyz,32,4000,16.757672110741936,4000,all,1020
0.0928101,0.0974052,0.0,0.9528249005186582,0.0471750994813418,snapshot_1021.xyz,32,4000,16.757672110741936,4000,all,1021
0.0921122,0.0976137,0.0,0.9436400833079783,0.05635991669202167,snapshot_1022.xyz,32,4000,16.757672110741936,4000,all,1022
0.091344,0.0969883,0.0,0.9418043207273454,0.058195679272654566,snapshot_1023.xyz,32,4000,16.757672110741936,4000,all,1023
0.0918329,0.0969188,0.0,0.9475241129687945,0.05247588703120554,snapshot_1024.xyz,32,4000,16.757672110741936,4000,all,1024
0.0923914,0.0971968,0.0,0.9505601007440574,0.04943989925594261,snapshot_1025.xyz,32,4000,16.757672110741936,4000,all,1025
0.0916234,0.0976831,0.0,0.9379657279508943,0.06203427204910572,snapshot_1026.xyz,32,4000,16.757672110741936,4000,all,1026
0.092182,0.0967797,0.0,0.952493136473868,0.04750686352613198,snapshot_1027.xyz,32,4000,16.757672110741936,4000,all,1027
0.092531,0.0975442,0.0,0.9486058627781048,0.05139413722189523,snapshot_1028.xyz,32,4000,16.757672110741936,4000,all,1028
0.091344,0.0966407,0.0,0.9451918291154762,0.05480817088452383,snapshot_1029.xyz,32,4000,16.757672110741936,4000,all,1029
0.0920424,0.0974747,0.0,0.9442696412504988,0.05573035874950116,snapshot_1030.xyz,32,4000,16.757672110741936,4000,all,1030
0.091344,0.0974052,0.0,0.9377733426962831,0.062226657303716904,snapshot_1031.xyz,32,4000,16.757672110741936,4000,all,1031
0.0919027,0.0969188,0.0,0.9482443034787885,0.05175569652121148,snapshot_1032.xyz,32,4000,16.757672110741936,4000,all,1032
0.092182,0.0973358,0.0,0.9470513418495559,0.05294865815044414,snapshot_1033.xyz,32,4000,16.757672110741936,4000,all,1033
0.0920424,0.0976137,0.0,0.9429250197462037,0.057074980253796315,snapshot_1034.xyz,32,4000,16.757672110741936,4000,all,1034
0.0919027,0.0978221,0.0,0.9394881115821476,0.06051188841785238,snapshot_1035.xyz,32,4000,16.757672110741936,4000,all,1035
0.0917631,0.0967797,0.0,0.9481647494257577,0.05183525057424232,snapshot_1036.xyz,32,4000,16.757672110741936,4000,all,1036
0.0918329,0.0977526,0.0,0.9394420199565024,0.06055798004349755,snapshot_1037.xyz,32,4000,16.757672110741936,4000,all,1037
0.0919027,0.0980304,0.0,0.9374918392661868,0.06250816073381316,snapshot_1038.xyz,32,4000,16.757672110741936,4000,all,1038
0.0919726,0.0978915,0.0,0.9395361190706036,0.06046388092939636,snapshot_1039.xyz,32,4000,16.757672110741936,4000,all,1039
0.0922518,0.0969883,0.0,0.9511642125905908,0.04883578740940919,snapshot_1040.xyz,32,4000,16.757672110741936,4000,all,1040
0.0916234,0.0977526,0.0,0.9372988544550221,0.06270114554497785,snapshot_1041.xyz,32,4000,16.757672110741936,4000,all,1041
0.091344,0.0971273,0.0,0.9404564936943578,0.0595435063056422,snapshot_1042.xyz,32,4000,16.757672110741936,4000,all,1042
0.0915535,0.0973358,0.0,0.9405943137057485,0.05940568629425147,snapshot_1043.xyz,32,4000,16.757672110741936,4000,all,1043
0.0930194,0.0971273,0.0,0.9577060208612821,0.04229397913871791,snapshot_1044.xyz,32,4000,16.757672110741936,4000,all,1044
0.0914837,0.097961,0.0,0.9338787884974632,0.0661212115025368,snapshot_1045.xyz,32,4000,16.757672110741936,4000,all,1045
0.0919726,0.0969188,0.0,0.948965525780344,0.05103447421965601,snapshot_1046.xyz,32,4000,16.757672110741936,4000,all,1046
0.0915535,0.0972663,0.0,0.9412663995649058,0.058733600435094235,snapshot_1047.xyz,32,4000,16.757672110741936,4000,all,1047
0.0922518,0.0975442,0.0,0.9457435706069658,0.05425642939303421,snapshot_1048.xyz,32,4000,16.757672110741936,4000,all,1048
0.0920424,0.0971968,0.0,0.946969447553829,0.05303055244617105,snapshot_1049.xyz,32,4000,16.757672110741936,4000,all,1049
0.0923216,0.0971273,0.0,0.9505216350089007,0.049478364991099255,snapshot_1050.xyz,32,4000,16.757672110741936,4000,all,1050
0.0923216,0.0967797,0.0,0.9539355877317248,0.04606441226827518,snapshot_1051.xyz,32,4000,16.757672110741936,4000,all,1051
0.0923914,0.0975442,0.0,0.9471747166925353,0.05282528330746472,snapshot_1052.xyz,32,4000,16.757672110741936,4000,all,1052
0.092182,0.0975442,0.0,0.9450279975641812,0.05497200243581879,snapshot_1053.xyz,32,4000,16.757672110741936,4000,all,1053
0.0922518,0.0972663,0.0,0.9484456589795232,0.051554341020476846,snapshot_1054.xyz,32,4000,16.757672110741936,4000,all,1054
0.0916932,0.0969883,0.0,0.9454047550065318,0.05459524499346824,snapshot_1055.xyz,32,4000,16.757672110741936,4000,all,1055
0.0922518,0.0970578,0.0,0.9504831141855677,0.049516885814432254,snapshot_1056.xyz,32,4000,16.757672110741936,4000,all,1056
0.0918329,0.0969883,0.0,0.946845134928646,0.05315486507135403,snapshot_1057.xyz,32,4000,16.757672110741936,4000,all,1057
0.0919027,0.0975442,0.0,0.9421646802167634,0.05783531978323664,snapshot_1058.xyz,32,4000,16.757672110741936,4000,all,1058
0.0922518,0.0973358,0.0,0.9477684469640152,0.05223155303598481,snapshot_1059.xyz,32,4000,16.757672110741936,4000,all,1059
0.0919726,0.0969188,0.0,0.948965525780344,0.05103447421965601,snapshot_1060.xyz,32,4000,16.757672110741936,4000,all,1060
0.0911344,0.0978915,0.0,0.9309735778898065,0.0690264221101935,snapshot_1061.xyz,32,4000,16.757672110741936,4000,all,1061
0.0922518,0.0980304,0.0,0.9410529794839151,0.058947020516084914,snapshot_1062.xyz,32,4000,16.757672110741936,4000,all,1062
0.091344,0.0972663,0.0,0.939112518929989,0.06088748107001096,snapshot_1063.xyz,32,4000,16.757672110741936,4000,all,1063
0.0921122,0.0971273,0.0,0.9483657015071973,0.051634298492802655,snapshot_1064.xyz,32,4000,16.757672110741936,4000,all,1064
0.0926008,0.0983776,0.0,0.9412793156165631,0.058720684383436916,snapshot_1065.xyz,32,4000,16.757672110741936,4000,all,1065
0.0920424,0.0971968,0.0,0.946969447553829,0.05303055244617105,snapshot_1066.xyz,32,4000,16.757672110741936,4000,all,1066
0.092182,0.0981693,0.0,0.9390104645749741,0.06098953542502594,snapshot_1067.xyz,32,4000,16.757672110741936,4000,all,1067
0.0926705,0.0977526,0.0,0.9480105899996523,0.051989410000347736,snapshot_1068.xyz,32,4000,16.757672110741936,4000,all,1068
0.0919726,0.0974052,0.0,0.9442267969266528,0.05577320307334721,snapshot_1069.xyz,32,4000,16.757672110741936,4000,all,1069
0.0918329,0.0963626,0.0,0.9529931737001699,0.04700682629983011,snapshot_1070.xyz,32,4000,16.757672110741936,4000,all,1070
0.0923216,0.0974747,0.0,0.9471339742517803,0.05286602574821975,snapshot_1071.xyz,32,4000,16.757672110741936,4000,all,1071
0.092182,0.0974052,0.0,0.9463765794844629,0.053623420515537146,snapshot_1072.xyz,32,4000,16.757672110741936,4000,all,1072
0.0924612,0.0969188,0.0,0.9540068593503014,0.045993140649698616,snapshot_1073.xyz,32,4000,16.757672110741936,4000,all,1073
0.0930194,0.0971968,0.0,0.9570212188055575,0.04297878119444254,snapshot_1074.xyz,32,4000,16.757672110741936,4000,all,1074
0.0917631,0.0983776,0.0,0.932764165826367,0.06723583417363299,snapshot_1075.xyz,32,4000,16.757672110741936,4000,all,1075
0.0923216,0.0973358,0.0,0.9484855520784747,0.051514447921525264,snapshot_1076.xyz,32,4000,16.757672110741936,4000,all,1076
0.0916234,0.0969188,0.0,0.945362509647251,0.05463749035274901,snapshot_1077.xyz,32,4000,16.757672110741936,4000,all,1077
0.0916932,0.0970578,0.0,0.9447277807656881,0.055272219234311915,snapshot_1078.xyz,32,4000,16.757672110741936,4000,all,1078
0.0918329,0.0976137,0.0,0.9407788046145161,0.05922119538548387,snapshot_1079.xyz,32,4000,16.757672110741936,4000,all,1079
0.0916234,0.0967797,0.0,0.9467212648933608,0.05327873510663916,snapshot_1080.xyz,32,4000,16.757672110741936,4000,all,1080
0.0919027,0.0974747,0.0,0.9428364488426229,0.057163551157377146,snapshot_1081.xyz,32,4000,16.757672110741936,4000,all,1081
0.0916932,0.0974747,0.0,0.9406871731844264,0.059312826815573594,snapshot_1082.xyz,32,4000,16.757672110741936,4000,all,1082
0.0905752,0.0972663,0.0,0.9312084452682995,0.06879155473170051,snapshot_1083.xyz,32,4000,16.757672110741936,4000,all,1083
0.0917631,0.0970578,0.0,0.9454479701785946,0.05455202982140539,snapshot_1084.xyz,32,4000,16.757672110741936,4000,all,1084
0.0923914,0.0971273,0.0,0.9512402795094684,0.048759720490531566,snapshot_1085.xyz,32,4000,16.757672110741936,4000,all,1085
0.0912741,0.0967797,0.0,0.9431120369250989,0.05688796307490107,snapshot_1086.xyz,32,4000,16.757672110741936,4000,all,1086
0.0916932,0.0975442,0.0,0.9400169359121301,0.05998306408786991,snapshot_1087.xyz,32,4000,16.757672110741936,4000,all,1087
0.0915535,0.0978915,0.0,0.935254848480205,0.06474515151979499,snapshot_1088.xyz,32,4000,16.757672110741936,4000,all,1088
0.091344,0.0972663,0.0,0.939112518929989,0.06088748107001096,snapshot_1089.xyz,32,4000,16.757672110741936,4000,all,1089
0.0923216,0.0980304,0.0,0.9417650035091155,0.05823499649088448,snapshot_1090.xyz,32,4000,16.757672110741936,4000,all,1090
0.0912042,0.0968493,0.0,0.9417125369001118,0.05828746309988819,snapshot_1091.xyz,32,4000,16.757672110741936,4000,all,1091
0.0921122,0.0977526,0.0,0.9422992329615786,0.05770076703842142,snapshot_1092.xyz,32,4000,16.757672110741936,4000,all,1092
0.0920424,0.0973358,0.0,0.945617131620637,0.054382868379363014,snapshot_1093.xyz,32,4000,16.757672110741936,4000,all,1093
0.0920424,0.0971968,0.0,0.946969447553829,0.05303055244617105,snapshot_1094.xyz,32,4000,16.757672110741936,4000,all,1094
0.091344,0.0974747,0.0,0.9371047051183538,0.06289529488164625,snapshot_1095.xyz,32,4000,16.757672110741936,4000,all,1095
0.0928799,0.0974747,0.0,0.9528616143471076,0.04713838565289241,snapshot_1096.xyz,32,4000,16.757672110741936,4000,all,1096
0.0912741,0.0976137,0.0,0.9350541983348649,0.06494580166513508,snapshot_1097.xyz,32,4000,16.757672110741936,4000,all,1097
0.0919027,0.0972663,0.0,0.944856543324872,0.05514345667512799,snapshot_1098.xyz,32,4000,16.757672110741936,4000,all,1098
0.0926705,0.0968493,0.0,0.956852553399973,0.043147446600027006,snapshot_1099.xyz,32,4000,16.757672110741936,4000,all,1099
0.0923216,0.0973358,0.0,0.9484855520784747,0.051514447921525264,snapshot_1100.xyz,32,4000,16.757672110741936,4000,all,1100
0.0923216,0.0969188,0.0,0.9525664783303137,0.047433521669686285,snapshot_1101.xyz,32,4000,16.757672110741936,4000,all,1101
0.0923216,0.0976137,0.0,0.9457852739933023,0.054214726006697744,snapshot_1102.xyz,32,4000,16.757672110741936,4000,all,1102
0.0912741,0.0975442,0.0,0.9357204221265847,0.06427957787341532,snapshot_1103.xyz,32,4000,16.757672110741936,4000,all,1103
0.0923216,0.0975442,0.0,0.9464591436497506,0.05354085635024941,snapshot_1104.xyz,32,4000,16.757672110741936,4000,all,1104
0.0921122,0.0974052,0.0,0.9456599852985262,0.05434001470147376,snapshot_1105.xyz,32,4000,16.757672110741936,4000,all,1105
0.0923914,0.0971968,0.0,0.9505601007440574,0.04943989925594261,snapshot_1106.xyz,32,4000,16.757672110741936,4000,all,1106
0.0915535,0.0966407,0.0,0.9473596528170843,0.05264034718291566,snapshot_1107.xyz,32,4000,16.757672110741936,4000,all,1107
0.0924612,0.0978915,0.0,0.9445273593723662,0.055472640627633796,snapshot_1108.xyz,32,4000,16.757672110741936,4000,all,1108
0.0919726,0.0976137,0.0,0.942209956184429,0.05779004381557096,snapshot_1109.xyz,32,4000,16.757672110741936,4000,all,1109
0.091344,0.0971273,0.0,0.9404564936943578,0.0595435063056422,snapshot_1110.xyz,32,4000,16.757672110741936,4000,all,1110
0.0917631,0.0967797,0.0,0.9481647494257577,0.05183525057424232,snapshot_1111.xyz,32,4000,16.757672110741936,4000,all,1111
0.0918329,0.0978915,0.0,0.9381090288738041,0.061890971126195904,snapshot_1112.xyz,32,4000,16.757672110741936,4000,all,1112
0.0908548,0.0971968,0.0,0.9347509383024956,0.06524906169750444,snapshot_1113.xyz,32,4000,16.757672110741936,4000,all,1113
0.0906451,0.0969883,0.0,0.9345982969079776,0.06540170309202242,snapshot_1114.xyz,32,4000,16.757672110741936,4000,all,1114
0.0918329,0.0974052,0.0,0.9427925819155445,0.05720741808445551,snapshot_1115.xyz,32,4000,16.757672110741936,4000,all,1115
0.0919726,0.0970578,0.0,0.9476064777895233,0.05239352221047666,snapshot_1116.xyz,32,4000,16.757672110741936,4000,all,1116
0.0928101,0.097961,0.0,0.9474188707751043,0.05258112922489566,snapshot_1117.xyz,32,4000,16.757672110741936,4000,all,1117
0.0916234,0.0976137,0.0,0.9386325894828287,0.06136741051717132,snapshot_1118.xyz,32,4000,16.757672110741936,4000,all,1118
0.0914837,0.0977526,0.0,0.9358697364571378,0.06413026354286222,snapshot_1119.xyz,32,4000,16.757672110741936,4000,all,1119
0.0922518,0.0971968,0.0,0.949123839467966,0.05087616053203403,snapshot_1120.xyz,32,4000,16.757672110741936,4000,all,1120
0.0919726,0.0970578,0.0,0.9476064777895233,0.05239352221047666,snapshot_1121.xyz,32,4000,16.757672110741936,4000,all,1121
0.0915535,0.0970578,0.0,0.9432884322537703,0.05671156774622965,snapshot_1122.xyz,32,4000,16.757672110741936,4000,all,1122
0.091344,0.0971273,0.0,0.9404564936943578,0.0595435063056422,snapshot_1123.xyz,32,4000,16.757672110741936,4000,all,1123
0.0915535,0.0974747,0.0,0.9392539807765502,0.0607460192234498,snapshot_1124.xyz,32,4000,16.757672110741936,4000,all,1124
0.0912741,0.0965016,0.0,0.9458299137009126,0.05417008629908737,snapshot_1125.xyz,32,4000,16.757672110741936,4000,all,1125
0.092182,0.0974052,0.0,0.9463765794844629,0.053623420515537146,snapshot_1126.xyz,32,4000,16.757672110741936,4000,all,1126
0.0923216,0.0976831,0.0,0.9451133307603875,0.054886669239612496,snapshot_1127.xyz,32,4000,16.757672110741936,4000,all,1127
0.091344,0.0973358,0.0,0.938441970991146,0.06155802900885399,snapshot_1128.xyz,32,4000,16.757672110741936,4000,all,1128
0.0927403,0.0976831,0.0,0.9493996402653069,0.05060035973469312,snapshot_1129.xyz,32,4000,16.757672110741936,4000,all,1129
0.0914138,0.0977526,0.0,0.9351546659628491,0.06484533403715087,snapshot_1130.xyz,32,4000,16.757672110741936,4000,all,1130
0.0923914,0.0969883,0.0,0.9526035614605061,0.047396438539493935,snapshot_1131.xyz,32,4000,16.757672110741936,4000,all,1131
0.0923216,0.0968493,0.0,0.9532500493034023,0.04674995069659771,snapshot_1132.xyz,32,4000,16.757672110741936,4000,all,1132
0.0926008,0.0971273,0.0,0.953396213011172,0.046603786988828055,snapshot_1133.xyz,32,4000,16.757672110741936,4000,all,1133
0.091344,0.0969188,0.0,0.9424796840241522,0.057520315975847836,snapshot_1134.xyz,32,4000,16.757672110741936,4000,all,1134
0.0919726,0.0974747,0.0,0.9435535580001786,0.056446441999821406,snapshot_1135.xyz,32,4000,16.757672110741936,4000,all,1135
0.0919027,0.0969883,0.0,0.9475648093636037,0.052435190636396345,snapshot_1136.xyz,32,4000,16.757672110741936,4000,all,1136
0.0920424,0.0969883,0.0,0.949005189285718,0.050994810714282024,snapshot_1137.xyz,32,4000,16.757672110741936,4000,all,1137
0.0918329,0.0971273,0.0,0.9454900939282775,0.05450990607172246,snapshot_1138.xyz,32,4000,16.757672110741936,4000,all,1138
0.0914837,0.0972663,0.0,0.9405487820550386,0.05945121794496144,snapshot_1139.xyz,32,4000,16.757672110741936,4000,all,1139
0.092531,0.0973358,0.0,0.950636867421853,0.04936313257814695,snapshot_1140.xyz,32,4000,16.757672110741936,4000,all,1140
0.0921122,0.0978221,0.0,0.941629754421547,0.05837024557845305,snapshot_1141.xyz,32,4000,16.757672110741936,4000,all,1141
0.0923914,0.0980999,0.0,0.9418093188678072,0.058190681132192834,snapshot_1142.xyz,32,4000,16.757672110741936,4000,all,1142
0.0915535,0.0968493,0.0,0.9453191711246235,0.05468082887537651,snapshot_1143.xyz,32,4000,16.757672110741936,4000,all,1143
0.0915535,0.0978221,0.0,0.9359183660951871,0.06408163390481292,snapshot_1144.xyz,32,4000,16.757672110741936,4000,all,1144
0.0923216,0.0969883,0.0,0.9518838870255485,0.04811611297445151,snapshot_1145.xyz,32,4000,16.757672110741936,4000,all,1145
0.0915535,0.0977526,0.0,0.9365837839607335,0.0634162160392665,snapshot_1146.xyz,32,4000,16.757672110741936,4000,all,1146
0.0918329,0.0963626,0.0,0.9529931737001699,0.04700682629983011,snapshot_1147.xyz,32,4000,16.757672110741936,4000,all,1147
0.0926008,0.0976137,0.0,0.9486455282404007,0.051354471759599285,snapshot_1148.xyz,32,4000,16.757672110741936,4000,all,1148
0.0914138,0.0971273,0.0,0.9411751381949257,0.05882486180507429,snapshot_1149.xyz,32,4000,16.757672110741936,4000,all,1149
0.0919726,0.0974052,0.0,0.9442267969266528,0.05577320307334721,snapshot_1150.xyz,32,4000,16.757672110741936,4000,all,1150
0.092182,0.0976137,0.0,0.944355146869753,0.05564485313024703,snapshot_1151.xyz,32,4000,16.757672110741936,4000,all,1151
0.0921122,0.0974052,0.0,0.9456599852985262,0.05434001470147376,snapshot_1152.xyz,32,4000,16.757672110741936,4000,all,1152
0.0919027,0.0970578,0.0,0.9468862883766168,0.053113711623383186,snapshot_1153.xyz,32,4000,16.757672110741936,4000,all,1153
0.0918329,0.0978221,0.0,0.9387745713903095,0.06122542860969049,snapshot_1154.xyz,32,4000,16.757672110741936,4000,all,1154
0.0922518,0.0973358,0.0,0.9477684469640152,0.05223155303598481,snapshot_1155.xyz,32,4000,16.757672110741936,4000,all,1155
0.0920424,0.0973358,0.0,0.945617131620637,0.054382868379363014,snapshot_1156.xyz,32,4000,16.757672110741936,4000,all,1156
0.0928799,0.0974747,0.0,0.9528616143471076,0.04713838565289241,snapshot_1157.xyz,32,4000,16.757672110741936,4000,all,1157
0.091344,0.0969883,0.0,0.9418043207273454,0.058195679272654566,snapshot_1158.xyz,32,4000,16.757672110741936,4000,all,1158
0.0917631,0.0974747,0.0,0.9414042823419821,0.058595717658017854,snapshot_1159.xyz,32,4000,16.757672110741936,4000,all,1159
0.092531,0.0973358,0.0,0.950636867421853,0.04936313257814695,snapshot_1160.xyz,32,4000,16.757672110741936,4000,all,1160
0.0914138,0.0978915,0.0,0.9338277582834056,0.06617224171659442,snapshot_1161.xyz,32,4000,16.757672110741936,4000,all,1161
0.0917631,0.0971968,0.0,0.9440958961611905,0.055904103838809505,snapshot_1162.xyz,32,4000,16.757672110741936,4000,all,1162
0.0919027,0.0975442,0.0,0.9421646802167634,0.05783531978323664,snapshot_1163.xyz,32,4000,16.757672110741936,4000,all,1163
0.0922518,0.097961,0.0,0.9417196639478975,0.05828033605210248,snapshot_1164.xyz,32,4000,16.757672110741936,4000,all,1164
0.0919726,0.0971968,0.0,0.9462513169157832,0.053748683084216764,snapshot_1165.xyz,32,4000,16.757672110741936,4000,all,1165
0.092182,0.0968493,0.0,0.95180863465198,0.04819136534802004,snapshot_1166.xyz,32,4000,16.757672110741936,4000,all,1166
0.0922518,0.0971273,0.0,0.9498029905083328,0.050197009491667166,snapshot_1167.xyz,32,4000,16.757672110741936,4000,all,1167
0.0917631,0.0976137,0.0,0.9400637410527416,0.0599362589472584,snapshot_1168.xyz,32,4000,16.757672110741936,4000,all,1168
0.092182,0.0975442,0.0,0.9450279975641812,0.05497200243581879,snapshot_1169.xyz,32,4000,16.757672110741936,4000,all,1169
0.0916234,0.0974052,0.0,0.9406417727184996,0.05935822728150042,snapshot_1170.xyz,32,4000,16.757672110741936,4000,all,1170
0.0921122,0.0973358,0.0,0.9463342367350965,0.053665763264903465,snapshot_1171.xyz,32,4000,16.757672110741936,4000,all,1171
0.0923216,0.0978915,0.0,0.9431012907147198,0.05689870928528018,snapshot_1172.xyz,32,4000,16.757672110741936,4000,all,1172
0.0919726,0.0974747,0.0,0.9435535580001786,0.056446441999821406,snapshot_1173.xyz,32,4000,16.757672110741936,4000,all,1173
0.091344,0.0973358,0.0,0.938441970991146,0.06155802900885399,snapshot_1174.xyz,32,4000,16.757672110741936,4000,all,1174
0.0921122,0.0972663,0.0,0.9470104239597888,0.05298957604021115,snapshot_1175.xyz,32,4000,16.757672110741936,4000,all,1175
0.0928799,0.0974052,0.0,0.9535414947045948,0.046458505295405184,snapshot_1176.xyz,32,4000,16.757672110741936,4000,all,1176
0.0916234,0.0976137,0.0,0.9386325894828287,0.06136741051717132,snapshot_1177.xyz,32,4000,16.757672110741936,4000,all,1177
0.0921122,0.0971273,0.0,0.9483657015071973,0.051634298492802655,snapshot_1178.xyz,32,4000,16.757672110741936,4000,all,1178
0.0919726,0.0972663,0.0,0.9455751889400543,0.05442481105994568,snapshot_1179.xyz,32,4000,16.757672110741936,4000,all,1179
0.0916932,0.0977526,0.0,0.9380129019586181,0.061987098041381916,snapshot_1180.xyz,32,4000,16.757672110741936,4000,all,1180
0.0920424,0.0965712,0.0,0.953104031015458,0.04689596898454196,snapshot_1181.xyz,32,4000,16.757672110741936,4000,all,1181
0.0916932,0.0983776,0.0,0.9320536382265883,0.06794636177341173,snapshot_1182.xyz,32,4000,16.757672110741936,4000,all,1182
0.0915535,0.0971968,0.0,0.941939446566142,0.058060553433857964,snapshot_1183.xyz,32,4000,16.757672110741936,4000,all,1183
0.0919027,0.0971968,0.0,0.9455321574372819,0.05446784256271808,snapshot_1184.xyz,32,4000,16.757672110741936,4000,all,1184
0.0919726,0.0978915,0.0,0.9395361190706036,0.06046388092939636,snapshot_1185.xyz,32,4000,16.757672110741936,4000,all,1185
0.0916932,0.0972663,0.0,0.9427026626899553,0.057297337310044716,snapshot_1186.xyz,32,4000,16.757672110741936,4000,all,1186
0.0911344,0.0976831,0.0,0.9329597443160589,0.06704025568394112,snapshot_1187.xyz,32,4000,16.757672110741936,4000,all,1187
0.092182,0.0965016,0.0,0.9552380478665639,0.044761952133436145,snapshot_1188.xyz,32,4000,16.757672110741936,4000,all,1188
0.0924612,0.0972663,0.0,0.9505985115091249,0.04940148849087511,snapshot_1189.xyz,32,4000,16.757672110741936,4000,all,1189
0.0926008,0.0969188,0.0,0.9554472403702894,0.044552759629710614,snapshot_1190.xyz,32,4000,16.757672110741936,4000,all,1190
0.0919726,0.0971273,0.0,0.9469284125060616,0.053071587493938366,snapshot_1191.xyz,32,4000,16.757672110741936,4000,all,1191
0.0916234,0.0974052,0.0,0.9406417727184996,0.05935822728150042,snapshot_1192.xyz,32,4000,16.757672110741936,4000,all,1192
0.0917631,0.0973358,0.0,0.9427476837915751,0.05725231620842486,snapshot_1193.xyz,32,4000,16.757672110741936,4000,all,1193
0.0916932,0.0971273,0.0,0.9440517753504937,0.05594822464950633,snapshot_1194.xyz,32,4000,16.757672110741936,4000,all,1194
0.092182,0.0970578,0.0,0.9497639550865566,0.050236044913443356,snapshot_1195.xyz,32,4000,16.757672110741936,4000,all,1195
0.0916932,0.0971968,0.0,0.9433767366826892,0.056623263317310824,snapshot_1196.xyz,32,4000,16.757672110741936,4000,all,1196
0.0916234,0.0973358,0.0,0.9413124461914321,0.05868755380856794,snapshot_1197.xyz,32,4000,16.757672110741936,4000,all,1197
0.0916234,0.0965016,0.0,0.9494495428055078,0.05055045719449225,snapshot_1198.xyz,32,4000,16.757672110741936,4000,all,1198
0.0916932,0.0971968,0.0,0.9433767366826892,0.056623263317310824,snapshot_1199.xyz,32,4000,16.757672110741936,4000,all,1199
0.0916234,0.0974052,0.0,0.9406417727184996,0.05935822728150042,snapshot_1200.xyz,32,4000,16.757672110741936,4000,all,1200
0.0923914,0.0978221,0.0,0.9444839151888991,0.05551608481110093,snapshot_1201.xyz,32,4000,16.757672110741936,4000,all,1201
