cid,cid_shuffled,cid_shuffled_std,cid_normalized,compression_gain,snapshot,nbins,n_particles_total,box_length,n_particles_filtered,atom_types,snapshot_num
0.565943,0.606141,0.0,0.9336820970698236,0.06631790293017636,snapshot_1.xyz,8,4000,16.796962,4000,all,1
0.568072,0.580815,0.0,0.9780601396313802,0.021939860368619835,snapshot_2.xyz,8,4000,16.796962,4000,all,2
0.568072,0.578695,0.0,0.981643179913426,0.01835682008657402,snapshot_3.xyz,8,4000,16.796962,4000,all,3
0.565943,0.595614,0.0,0.9501841796868442,0.04981582031315579,snapshot_4.xyz,8,4000,16.796962,4000,all,4
0.572326,0.61244,0.0,0.9345013389066684,0.06549866109333158,snapshot_5.xyz,8,4000,16.796962,4000,all,5
0.57445,0.597722,0.0,0.9610655120607908,0.03893448793920917,snapshot_6.xyz,8,4000,16.796962,4000,all,6
0.5702,0.597722,0.0,0.9539551831788023,0.046044816821197654,snapshot_7.xyz,8,4000,16.796962,4000,all,7
0.587166,0.608242,0.0,0.9653493181990064,0.03465068180099362,snapshot_8.xyz,8,4000,16.796962,4000,all,8
0.56168,0.585051,0.0,0.9600530552037343,0.039946944796265704,snapshot_9.xyz,8,4000,16.796962,4000,all,9
0.553135,0.608242,0.0,0.9093995482061418,0.09060045179385823,snapshot_10.xyz,8,4000,16.796962,4000,all,10
0.591393,0.599829,0.0,0.9859359917576509,0.014064008242349102,snapshot_11.xyz,8,4000,16.796962,4000,all,11
0.57445,0.58928,0.0,0.9748336953570459,0.025166304642954107,snapshot_12.xyz,8,4000,16.796962,4000,all,12
0.563812,0.604038,0.0,0.9334048520126218,0.0665951479873782,snapshot_13.xyz,8,4000,16.796962,4000,all,13
0.580815,0.604038,0.0,0.9615537433075403,0.03844625669245971,snapshot_14.xyz,8,4000,16.796962,4000,all,14
0.57445,0.599829,0.0,0.9576896082050053,0.04231039179499474,snapshot_15.xyz,8,4000,16.796962,4000,all,15
0.56168,0.585051,0.0,0.9600530552037343,0.039946944796265704,snapshot_16.xyz,8,4000,16.796962,4000,all,16
0.585051,0.614537,0.0,0.9520191623938021,0.04798083760619787,snapshot_17.xyz,8,4000,16.796962,4000,all,17
0.578695,0.595614,0.0,0.9715940189451557,0.028405981054844265,snapshot_18.xyz,8,4000,16.796962,4000,all,18
0.572326,0.597722,0.0,0.957512020638357,0.04248797936164295,snapshot_19.xyz,8,4000,16.796962,4000,all,19
0.58928,0.601934,0.0,0.9789777616815134,0.021022238318486597,snapshot_20.xyz,8,4000,16.796962,4000,all,20
0.576573,0.610342,0.0,0.9446720035652142,0.05532799643478581,snapshot_21.xyz,8,4000,16.796962,4000,all,21
0.565943,0.597722,0.0,0.9468331431668903,0.05316685683310973,snapshot_22.xyz,8,4000,16.796962,4000,all,22
0.576573,0.604038,0.0,0.9545310063274165,0.0454689936725835,snapshot_23.xyz,8,4000,16.796962,4000,all,23
0.565943,0.593504,0.0,0.9535622337844394,0.046437766215560616,snapshot_24.xyz,8,4000,16.796962,4000,all,24
0.578695,0.604038,0.0,0.9580440303424619,0.04195596965753812,snapshot_25.xyz,8,4000,16.796962,4000,all,25
0.587166,0.595614,0.0,0.9858163172793117,0.014183682720688262,snapshot_26.xyz,8,4000,16.796962,4000,all,26
0.568072,0.585051,0.0,0.9709785984469731,0.029021401553026904,snapshot_27.xyz,8,4000,16.796962,4000,all,27
0.565943,0.595614,0.0,0.9501841796868442,0.04981582031315579,snapshot_28.xyz,8,4000,16.796962,4000,all,28
0.572326,0.599829,0.0,0.9541485990173867,0.04585140098261331,snapshot_29.xyz,8,4000,16.796962,4000,all,29
0.576573,0.608242,0.0,0.9479335527635383,0.0520664472364617,snapshot_30.xyz,8,4000,16.796962,4000,all,30
0.546709,0.610342,0.0,0.8957420593699925,0.10425794063000748,snapshot_31.xyz,8,4000,16.796962,4000,all,31
0.576573,0.604038,0.0,0.9545310063274165,0.0454689936725835,snapshot_32.xyz,8,4000,16.796962,4000,all,32
0.591393,0.585051,0.0,1.010840080608357,-0.010840080608357061,snapshot_33.xyz,8,4000,16.796962,4000,all,33
0.576573,0.610342,0.0,0.9446720035652142,0.05532799643478581,snapshot_34.xyz,8,4000,16.796962,4000,all,34
0.563812,0.597722,0.0,0.9432679406145332,0.05673205938546677,snapshot_35.xyz,8,4000,16.796962,4000,all,35
0.5702,0.591393,0.0,0.964164269783376,0.03583573021662401,snapshot_36.xyz,8,4000,16.796962,4000,all,36
0.580815,0.599829,0.0,0.9683009657752459,0.031699034224754064,snapshot_37.xyz,8,4000,16.796962,4000,all,37
0.57445,0.599829,0.0,0.9576896082050053,0.04231039179499474,snapshot_38.xyz,8,4000,16.796962,4000,all,38
0.565943,0.601934,0.0,0.940207730415627,0.059792269584373,snapshot_39.xyz,8,4000,16.796962,4000,all,39
0.5702,0.608242,0.0,0.9374558152840483,0.06254418471595169,snapshot_40.xyz,8,4000,16.796962,4000,all,40
0.5702,0.608242,0.0,0.9374558152840483,0.06254418471595169,snapshot_41.xyz,8,4000,16.796962,4000,all,41
0.572326,0.599829,0.0,0.9541485990173867,0.04585140098261331,snapshot_42.xyz,8,4000,16.796962,4000,all,42
0.597722,0.608242,0.0,0.9827042525836757,0.017295747416324336,snapshot_43.xyz,8,4000,16.796962,4000,all,43
0.572326,0.599829,0.0,0.9541485990173867,0.04585140098261331,snapshot_44.xyz,8,4000,16.796962,4000,all,44
0.578695,0.599829,0.0,0.9647666251548358,0.0352333748451642,snapshot_45.xyz,8,4000,16.796962,4000,all,45
0.5702,0.601934,0.0,0.9472799343449615,0.052720065655038506,snapshot_46.xyz,8,4000,16.796962,4000,all,46
0.572326,0.61244,0.0,0.9345013389066684,0.06549866109333158,snapshot_47.xyz,8,4000,16.796962,4000,all,47
0.585051,0.585051,0.0,1.0,0.0,snapshot_48.xyz,8,4000,16.796962,4000,all,48
0.58928,0.599829,0.0,0.9824133211298555,0.017586678870144534,snapshot_49.xyz,8,4000,16.796962,4000,all,49
0.580815,0.591393,0.0,0.9821134169663828,0.01788658303361723,snapshot_50.xyz,8,4000,16.796962,4000,all,50
0.580815,0.587166,0.0,0.9891836380171877,0.010816361982812328,snapshot_51.xyz,8,4000,16.796962,4000,all,51
0.585051,0.599829,0.0,0.975362978448858,0.024637021551142002,snapshot_52.xyz,8,4000,16.796962,4000,all,52
0.582934,0.591393,0.0,0.9856964827111583,0.014303517288841716,snapshot_53.xyz,8,4000,16.796962,4000,all,53
0.57445,0.601934,0.0,0.954340509092359,0.04565949090764099,snapshot_54.xyz,8,4000,16.796962,4000,all,54
0.582934,0.608242,0.0,0.9583915612535799,0.04160843874642006,snapshot_55.xyz,8,4000,16.796962,4000,all,55
0.582934,0.599829,0.0,0.971833639253854,0.02816636074614598,snapshot_56.xyz,8,4000,16.796962,4000,all,56
0.582934,0.606141,0.0,0.9617135287004177,0.03828647129958229,snapshot_57.xyz,8,4000,16.796962,4000,all,57
0.576573,0.601934,0.0,0.9578674738426473,0.042132526157352745,snapshot_58.xyz,8,4000,16.796962,4000,all,58
0.580815,0.587166,0.0,0.9891836380171877,0.010816361982812328,snapshot_59.xyz,8,4000,16.796962,4000,all,59
0.578695,0.593504,0.0,0.9750481883862618,0.024951811613738162,snapshot_60.xyz,8,4000,16.796962,4000,all,60
0.572326,0.606141,0.0,0.944212650191952,0.055787349808048003,snapshot_61.xyz,8,4000,16.796962,4000,all,61
0.580815,0.587166,0.0,0.9891836380171877,0.010816361982812328,snapshot_62.xyz,8,4000,16.796962,4000,all,62
0.580815,0.593504,0.0,0.9786201946406425,0.021379805359357462,snapshot_63.xyz,8,4000,16.796962,4000,all,63
0.559546,0.599829,0.0,0.932842526786801,0.06715747321319898,snapshot_64.xyz,8,4000,16.796962,4000,all,64
0.55741,0.610342,0.0,0.9132748524597684,0.08672514754023164,snapshot_65.xyz,8,4000,16.796962,4000,all,65
0.578695,0.601934,0.0,0.9613927772812302,0.03860722271876982,snapshot_66.xyz,8,4000,16.796962,4000,all,66
0.582934,0.601934,0.0,0.9684350775998697,0.03156492240013031,snapshot_67.xyz,8,4000,16.796962,4000,all,67
0.585051,0.610342,0.0,0.9585625763915967,0.0414374236084033,snapshot_68.xyz,8,4000,16.796962,4000,all,68
0.582934,0.599829,0.0,0.971833639253854,0.02816636074614598,snapshot_69.xyz,8,4000,16.796962,4000,all,69
0.585051,0.601934,0.0,0.9719520744799264,0.028047925520073624,snapshot_70.xyz,8,4000,16.796962,4000,all,70
0.563812,0.597722,0.0,0.9432679406145332,0.05673205938546677,snapshot_71.xyz,8,4000,16.796962,4000,all,71
0.565943,0.610342,0.0,0.9272555386979757,0.07274446130202428,snapshot_72.xyz,8,4000,16.796962,4000,all,72
0.563812,0.608242,0.0,0.9269534165677478,0.07304658343225223,snapshot_73.xyz,8,4000,16.796962,4000,all,73
0.572326,0.587166,0.0,0.9747260570264628,0.025273942973537245,snapshot_74.xyz,8,4000,16.796962,4000,all,74
0.576573,0.595614,0.0,0.9680313088678238,0.03196869113217615,snapshot_75.xyz,8,4000,16.796962,4000,all,75
0.5702,0.591393,0.0,0.964164269783376,0.03583573021662401,snapshot_76.xyz,8,4000,16.796962,4000,all,76
0.57445,0.597722,0.0,0.9610655120607908,0.03893448793920917,snapshot_77.xyz,8,4000,16.796962,4000,all,77
0.576573,0.606141,0.0,0.9512192707637331,0.04878072923626686,snapshot_78.xyz,8,4000,16.796962,4000,all,78
0.580815,0.610342,0.0,0.9516222052554141,0.04837779474458592,snapshot_79.xyz,8,4000,16.796962,4000,all,79
0.565943,0.601934,0.0,0.940207730415627,0.059792269584373,snapshot_80.xyz,8,4000,16.796962,4000,all,80
0.572326,0.578695,0.0,0.9889942024728052,0.011005797527194772,snapshot_81.xyz,8,4000,16.796962,4000,all,81
0.5702,0.599829,0.0,0.9506042555461641,0.04939574445383588,snapshot_82.xyz,8,4000,16.796962,4000,all,82
0.572326,0.585051,0.0,0.9782497594226829,0.021750240577317115,snapshot_83.xyz,8,4000,16.796962,4000,all,83
0.578695,0.610342,0.0,0.9481487428359836,0.051851257164016396,snapshot_84.xyz,8,4000,16.796962,4000,all,84
0.597722,0.614537,0.0,0.9726379371787215,0.02736206282127851,snapshot_85.xyz,8,4000,16.796962,4000,all,85
0.57445,0.608242,0.0,0.944443165713647,0.05555683428635305,snapshot_86.xyz,8,4000,16.796962,4000,all,86
0.576573,0.587166,0.0,0.9819591052615445,0.018040894738455493,snapshot_87.xyz,8,4000,16.796962,4000,all,87
0.572326,0.585051,0.0,0.9782497594226829,0.021750240577317115,snapshot_88.xyz,8,4000,16.796962,4000,all,88
0.576573,0.593504,0.0,0.97147281231466,0.028527187685340016,snapshot_89.xyz,8,4000,16.796962,4000,all,89
0.572326,0.61244,0.0,0.9345013389066684,0.06549866109333158,snapshot_90.xyz,8,4000,16.796962,4000,all,90
0.595614,0.599829,0.0,0.9929729973042317,0.007027002695768281,snapshot_91.xyz,8,4000,16.796962,4000,all,91
0.587166,0.595614,0.0,0.9858163172793117,0.014183682720688262,snapshot_92.xyz,8,4000,16.796962,4000,all,92
0.572326,0.597722,0.0,0.957512020638357,0.04248797936164295,snapshot_93.xyz,8,4000,16.796962,4000,all,93
0.580815,0.593504,0.0,0.9786201946406425,0.021379805359357462,snapshot_94.xyz,8,4000,16.796962,4000,all,94
0.582934,0.599829,0.0,0.971833639253854,0.02816636074614598,snapshot_95.xyz,8,4000,16.796962,4000,all,95
0.585051,0.604038,0.0,0.9685665471377629,0.03143345286223709,snapshot_96.xyz,8,4000,16.796962,4000,all,96
0.563812,0.601934,0.0,0.9366674751716966,0.06333252482830343,snapshot_97.xyz,8,4000,16.796962,4000,all,97
0.5702,0.601934,0.0,0.9472799343449615,0.052720065655038506,snapshot_98.xyz,8,4000,16.796962,4000,all,98
0.563812,0.601934,0.0,0.9366674751716966,0.06333252482830343,snapshot_99.xyz,8,4000,16.796962,4000,all,99
0.568072,0.595614,0.0,0.9537586423421881,0.0462413576578119,snapshot_100.xyz,8,4000,16.796962,4000,all,100
0.5702,0.597722,0.0,0.9539551831788023,0.046044816821197654,snapshot_101.xyz,8,4000,16.796962,4000,all,101
0.572326,0.601934,0.0,0.9508118830303655,0.04918811696963454,snapshot_102.xyz,8,4000,16.796962,4000,all,102
0.57445,0.585051,0.0,0.9818802121524449,0.01811978784755508,snapshot_103.xyz,8,4000,16.796962,4000,all,103
0.58928,0.593504,0.0,0.9928829460290074,0.007117053970992604,snapshot_104.xyz,8,4000,16.796962,4000,all,104
0.572326,0.580815,0.0,0.9853843306388438,0.014615669361156214,snapshot_105.xyz,8,4000,16.796962,4000,all,105
0.5702,0.580815,0.0,0.9817239568537315,0.018276043146268517,snapshot_106.xyz,8,4000,16.796962,4000,all,106
0.582934,0.582934,0.0,1.0,0.0,snapshot_107.xyz,8,4000,16.796962,4000,all,107
0.576573,0.582934,0.0,0.9890879584995901,0.01091204150040992,snapshot_108.xyz,8,4000,16.796962,4000,all,108
0.565943,0.576573,0.0,0.981563479385958,0.018436520614041996,snapshot_109.xyz,8,4000,16.796962,4000,all,109
0.565943,0.587166,0.0,0.9638551959752438,0.03614480402475617,snapshot_110.xyz,8,4000,16.796962,4000,all,110
0.568072,0.576573,0.0,0.9852559866660423,0.014744013333957695,snapshot_111.xyz,8,4000,16.796962,4000,all,111
0.568072,0.565943,0.0,1.0037618629437948,-0.0037618629437947693,snapshot_112.xyz,8,4000,16.796962,4000,all,112
0.565943,0.582934,0.0,0.9708526179636117,0.029147382036388336,snapshot_113.xyz,8,4000,16.796962,4000,all,113
0.578695,0.580815,0.0,0.9963499565266049,0.003650043473395148,snapshot_114.xyz,8,4000,16.796962,4000,all,114
0.5702,0.580815,0.0,0.9817239568537315,0.018276043146268517,snapshot_115.xyz,8,4000,16.796962,4000,all,115
0.563812,0.572326,0.0,0.9851238629732005,0.014876137026799463,snapshot_116.xyz,8,4000,16.796962,4000,all,116
0.542418,0.568072,0.0,0.954840231519948,0.04515976848005199,snapshot_117.xyz,8,4000,16.796962,4000,all,117
0.559546,0.56168,0.0,0.9962006836632958,0.0037993163367041616,snapshot_118.xyz,8,4000,16.796962,4000,all,118
0.568072,0.576573,0.0,0.9852559866660423,0.014744013333957695,snapshot_119.xyz,8,4000,16.796962,4000,all,119
0.568072,0.553135,0.0,1.027004257550146,-0.027004257550145905,snapshot_120.xyz,8,4000,16.796962,4000,all,120
0.56168,0.55741,0.0,1.0076604294863745,-0.007660429486374465,snapshot_121.xyz,8,4000,16.796962,4000,all,121
0.565943,0.5702,0.0,0.9925341985268326,0.007465801473167444,snapshot_122.xyz,8,4000,16.796962,4000,all,122
0.572326,0.568072,0.0,1.0074884873748398,-0.0074884873748397585,snapshot_123.xyz,8,4000,16.796962,4000,all,123
0.55741,0.548853,0.0,1.0155906955049894,-0.015590695504989371,snapshot_124.xyz,8,4000,16.796962,4000,all,124
0.555273,0.555273,0.0,1.0,0.0,snapshot_125.xyz,8,4000,16.796962,4000,all,125
0.56168,0.57445,0.0,0.9777700409086951,0.022229959091304874,snapshot_126.xyz,8,4000,16.796962,4000,all,126
0.568072,0.568072,0.0,1.0,0.0,snapshot_127.xyz,8,4000,16.796962,4000,all,127
0.550995,0.563812,0.0,0.9772672451100722,0.022732754889927764,snapshot_128.xyz,8,4000,16.796962,4000,all,128
0.553135,0.56168,0.0,0.9847867112946875,0.015213288705312467,snapshot_129.xyz,8,4000,16.796962,4000,all,129
0.54027,0.559546,0.0,0.9655506428425903,0.03444935715740971,snapshot_130.xyz,8,4000,16.796962,4000,all,130
0.555273,0.563812,0.0,0.9848548807049159,0.015145119295084108,snapshot_131.xyz,8,4000,16.796962,4000,all,131
0.544564,0.56168,0.0,0.9695271328870533,0.030472867112946722,snapshot_132.xyz,8,4000,16.796962,4000,all,132
0.550995,0.56168,0.0,0.980976712718986,0.01902328728101399,snapshot_133.xyz,8,4000,16.796962,4000,all,133
0.555273,0.544564,0.0,1.0196652735032061,-0.019665273503206127,snapshot_134.xyz,8,4000,16.796962,4000,all,134
0.559546,0.55741,0.0,1.0038320087547765,-0.003832008754776517,snapshot_135.xyz,8,4000,16.796962,4000,all,135
0.555273,0.542418,0.0,1.0236994347532715,-0.02369943475327152,snapshot_136.xyz,8,4000,16.796962,4000,all,136
0.563812,0.55741,0.0,1.0114852621947938,-0.011485262194793844,snapshot_137.xyz,8,4000,16.796962,4000,all,137
0.555273,0.559546,0.0,0.9923634517984223,0.007636548201577664,snapshot_138.xyz,8,4000,16.796962,4000,all,138
0.55741,0.555273,0.0,1.0038485573762814,-0.003848557376281425,snapshot_139.xyz,8,4000,16.796962,4000,all,139
0.546709,0.55741,0.0,0.9808022819827417,0.019197718017258336,snapshot_140.xyz,8,4000,16.796962,4000,all,140
0.5702,0.568072,0.0,1.0037460040276585,-0.003746004027658456,snapshot_141.xyz,8,4000,16.796962,4000,all,141
0.548853,0.548853,0.0,1.0,0.0,snapshot_142.xyz,8,4000,16.796962,4000,all,142
0.578695,0.5702,0.0,1.014898281304805,-0.014898281304805083,snapshot_143.xyz,8,4000,16.796962,4000,all,143
0.542418,0.578695,0.0,0.9373124011785137,0.06268759882148633,snapshot_144.xyz,8,4000,16.796962,4000,all,144
0.542418,0.550995,0.0,0.9844336155500503,0.015566384449949733,snapshot_145.xyz,8,4000,16.796962,4000,all,145
0.550995,0.55741,0.0,0.9884914156545452,0.011508584345454764,snapshot_146.xyz,8,4000,16.796962,4000,all,146
0.54027,0.56168,0.0,0.9618822105113233,0.03811778948867672,snapshot_147.xyz,8,4000,16.796962,4000,all,147
0.542418,0.542418,0.0,1.0,0.0,snapshot_148.xyz,8,4000,16.796962,4000,all,148
0.555273,0.559546,0.0,0.9923634517984223,0.007636548201577664,snapshot_149.xyz,8,4000,16.796962,4000,all,149
0.55741,0.56168,0.0,0.9923978065802592,0.007602193419740777,snapshot_150.xyz,8,4000,16.796962,4000,all,150
0.544564,0.548853,0.0,0.992185521441989,0.007814478558010984,snapshot_151.xyz,8,4000,16.796962,4000,all,151
0.54027,0.553135,0.0,0.9767416634275539,0.023258336572446137,snapshot_152.xyz,8,4000,16.796962,4000,all,152
0.559546,0.565943,0.0,0.9886967415446433,0.011303258455356735,snapshot_153.xyz,8,4000,16.796962,4000,all,153
0.550995,0.55741,0.0,0.9884914156545452,0.011508584345454764,snapshot_154.xyz,8,4000,16.796962,4000,all,154
0.55741,0.559546,0.0,0.9961826194807933,0.003817380519206659,snapshot_155.xyz,8,4000,16.796962,4000,all,155
0.56168,0.559546,0.0,1.0038138061928776,-0.0038138061928776334,snapshot_156.xyz,8,4000,16.796962,4000,all,156
0.546709,0.553135,0.0,0.9883825829137551,0.011617417086244863,snapshot_157.xyz,8,4000,16.796962,4000,all,157
0.559546,0.546709,0.0,1.023480498766254,-0.02348049876625402,snapshot_158.xyz,8,4000,16.796962,4000,all,158
0.553135,0.555273,0.0,0.9961496417077726,0.0038503582922273516,snapshot_159.xyz,8,4000,16.796962,4000,all,159
0.535968,0.553135,0.0,0.9689641769188353,0.031035823081164704,snapshot_160.xyz,8,4000,16.796962,4000,all,160
0.53812,0.53166,0.0,1.0121506225783397,-0.012150622578339654,snapshot_161.xyz,8,4000,16.796962,4000,all,161
0.555273,0.553135,0.0,1.0038652408544027,-0.0038652408544026517,snapshot_162.xyz,8,4000,16.796962,4000,all,162
0.553135,0.542418,0.0,1.0197578251459207,-0.019757825145920727,snapshot_163.xyz,8,4000,16.796962,4000,all,163
0.550995,0.55741,0.0,0.9884914156545452,0.011508584345454764,snapshot_164.xyz,8,4000,16.796962,4000,all,164
0.542418,0.544564,0.0,0.9960592327072666,0.003940767292733405,snapshot_165.xyz,8,4000,16.796962,4000,all,165
0.546709,0.56168,0.0,0.9733460333285857,0.026653966671414286,snapshot_166.xyz,8,4000,16.796962,4000,all,166
0.53812,0.546709,0.0,0.9842896312297768,0.01571036877022325,snapshot_167.xyz,8,4000,16.796962,4000,all,167
0.550995,0.559546,0.0,0.9847179677810225,0.015282032218977504,snapshot_168.xyz,8,4000,16.796962,4000,all,168
0.55741,0.559546,0.0,0.9961826194807933,0.003817380519206659,snapshot_169.xyz,8,4000,16.796962,4000,all,169
0.55741,0.553135,0.0,1.0077286738318854,-0.007728673831885358,snapshot_170.xyz,8,4000,16.796962,4000,all,170
0.559546,0.56168,0.0,0.9962006836632958,0.0037993163367041616,snapshot_171.xyz,8,4000,16.796962,4000,all,171
0.55741,0.56168,0.0,0.9923978065802592,0.007602193419740777,snapshot_172.xyz,8,4000,16.796962,4000,all,172
0.56168,0.553135,0.0,1.015448308279172,-0.015448308279172096,snapshot_173.xyz,8,4000,16.796962,4000,all,173
0.533815,0.53812,0.0,0.9919999256671375,0.008000074332862539,snapshot_174.xyz,8,4000,16.796962,4000,all,174
0.544564,0.553135,0.0,0.9845046869209144,0.015495313079085582,snapshot_175.xyz,8,4000,16.796962,4000,all,175
0.559546,0.553135,0.0,1.0115902989324486,-0.011590298932448562,snapshot_176.xyz,8,4000,16.796962,4000,all,176
0.555273,0.546709,0.0,1.0156646406040508,-0.015664640604050817,snapshot_177.xyz,8,4000,16.796962,4000,all,177
0.546709,0.546709,0.0,1.0,0.0,snapshot_178.xyz,8,4000,16.796962,4000,all,178
0.55741,0.559546,0.0,0.9961826194807933,0.003817380519206659,snapshot_179.xyz,8,4000,16.796962,4000,all,179
0.542418,0.546709,0.0,0.9921512175581524,0.007848782441847613,snapshot_180.xyz,8,4000,16.796962,4000,all,180
0.568072,0.553135,0.0,1.027004257550146,-0.027004257550145905,snapshot_181.xyz,8,4000,16.796962,4000,all,181
0.55741,0.56168,0.0,0.9923978065802592,0.007602193419740777,snapshot_182.xyz,8,4000,16.796962,4000,all,182
0.533815,0.550995,0.0,0.968820043739054,0.03117995626094605,snapshot_183.xyz,8,4000,16.796962,4000,all,183
0.568072,0.548853,0.0,1.0350166620206138,-0.03501666202061382,snapshot_184.xyz,8,4000,16.796962,4000,all,184
0.533815,0.544564,0.0,0.9802612732387745,0.019738726761225456,snapshot_185.xyz,8,4000,16.796962,4000,all,185
0.56168,0.565943,0.0,0.9924674393004242,0.007532560699575752,snapshot_186.xyz,8,4000,16.796962,4000,all,186
0.542418,0.546709,0.0,0.9921512175581524,0.007848782441847613,snapshot_187.xyz,8,4000,16.796962,4000,all,187
0.546709,0.572326,0.0,0.9552405447245101,0.04475945527548986,snapshot_188.xyz,8,4000,16.796962,4000,all,188
0.550995,0.555273,0.0,0.9922956815836534,0.007704318416346556,snapshot_189.xyz,8,4000,16.796962,4000,all,189
0.550995,0.542418,0.0,1.0158125283452983,-0.015812528345298338,snapshot_190.xyz,8,4000,16.796962,4000,all,190
0.544564,0.555273,0.0,0.9807139911358917,0.01928600886410825,snapshot_191.xyz,8,4000,16.796962,4000,all,191
0.553135,0.572326,0.0,0.9664684113599593,0.03353158864004069,snapshot_192.xyz,8,4000,16.796962,4000,all,192
0.53812,0.548853,0.0,0.9804446727994564,0.01955532720054365,snapshot_193.xyz,8,4000,16.796962,4000,all,193
0.559546,0.559546,0.0,1.0,0.0,snapshot_194.xyz,8,4000,16.796962,4000,all,194
0.529504,0.533815,0.0,0.9919241684853366,0.0080758315146634,snapshot_195.xyz,8,4000,16.796962,4000,all,195
0.559546,0.56168,0.0,0.9962006836632958,0.0037993163367041616,snapshot_196.xyz,8,4000,16.796962,4000,all,196
0.533815,0.54027,0.0,0.9880522701612157,0.011947729838784338,snapshot_197.xyz,8,4000,16.796962,4000,all,197
0.542418,0.544564,0.0,0.9960592327072666,0.003940767292733405,snapshot_198.xyz,8,4000,16.796962,4000,all,198
0.544564,0.533815,0.0,1.0201361895038543,-0.020136189503854318,snapshot_199.xyz,8,4000,16.796962,4000,all,199
0.550995,0.542418,0.0,1.0158125283452983,-0.015812528345298338,snapshot_200.xyz,8,4000,16.796962,4000,all,200
0.53166,0.535968,0.0,0.9919622066989074,0.008037793301092555,snapshot_201.xyz,8,4000,16.796962,4000,all,201
0.548853,0.533815,0.0,1.0281708082388092,-0.028170808238809242,snapshot_202.xyz,8,4000,16.796962,4000,all,202
0.548853,0.544564,0.0,1.007876025591115,-0.007876025591114999,snapshot_203.xyz,8,4000,16.796962,4000,all,203
0.55741,0.535968,0.0,1.0400061197683443,-0.04000611976834434,snapshot_204.xyz,8,4000,16.796962,4000,all,204
0.546709,0.542418,0.0,1.0079108731642388,-0.007910873164238774,snapshot_205.xyz,8,4000,16.796962,4000,all,205
0.529504,0.550995,0.0,0.9609960162977885,0.039003983702211475,snapshot_206.xyz,8,4000,16.796962,4000,all,206
0.53166,0.544564,0.0,0.9763039789629868,0.023696021037013182,snapshot_207.xyz,8,4000,16.796962,4000,all,207
0.559546,0.544564,0.0,1.0275119177911136,-0.027511917791113616,snapshot_208.xyz,8,4000,16.796962,4000,all,208
0.550995,0.523025,0.0,1.05347736723866,-0.05347736723865992,snapshot_209.xyz,8,4000,16.796962,4000,all,209
0.55741,0.55741,0.0,1.0,0.0,snapshot_210.xyz,8,4000,16.796962,4000,all,210
0.548853,0.555273,0.0,0.9884381196276426,0.011561880372357392,snapshot_211.xyz,8,4000,16.796962,4000,all,211
0.550995,0.555273,0.0,0.9922956815836534,0.007704318416346556,snapshot_212.xyz,8,4000,16.796962,4000,all,212
0.56168,0.56168,0.0,1.0,0.0,snapshot_213.xyz,8,4000,16.796962,4000,all,213
0.559546,0.548853,0.0,1.0194824479414342,-0.019482447941434167,snapshot_214.xyz,8,4000,16.796962,4000,all,214
0.544564,0.54027,0.0,1.0079478779128954,-0.007947877912895418,snapshot_215.xyz,8,4000,16.796962,4000,all,215
0.559546,0.55741,0.0,1.0038320087547765,-0.003832008754776517,snapshot_216.xyz,8,4000,16.796962,4000,all,216
0.546709,0.55741,0.0,0.9808022819827417,0.019197718017258336,snapshot_217.xyz,8,4000,16.796962,4000,all,217
0.553135,0.548853,0.0,1.007801724687667,-0.007801724687666933,snapshot_218.xyz,8,4000,16.796962,4000,all,218
0.53166,0.555273,0.0,0.9574749717706426,0.04252502822935744,snapshot_219.xyz,8,4000,16.796962,4000,all,219
0.55741,0.53812,0.0,1.0358470229688543,-0.035847022968854336,snapshot_220.xyz,8,4000,16.796962,4000,all,220
0.520861,0.520861,0.0,1.0,0.0,snapshot_221.xyz,8,4000,16.796962,4000,all,221
0.54027,0.53812,0.0,1.0039953913625213,-0.00399539136252125,snapshot_222.xyz,8,4000,16.796962,4000,all,222
0.520861,0.53166,0.0,0.9796881465598315,0.020311853440168504,snapshot_223.xyz,8,4000,16.796962,4000,all,223
0.542418,0.53812,0.0,1.0079870660819146,-0.007987066081914573,snapshot_224.xyz,8,4000,16.796962,4000,all,224
0.535968,0.525186,0.0,1.0205298694176919,-0.02052986941769186,snapshot_225.xyz,8,4000,16.796962,4000,all,225
0.550995,0.546709,0.0,1.007839636808613,-0.007839636808613104,snapshot_226.xyz,8,4000,16.796962,4000,all,226
0.548853,0.535968,0.0,1.0240406143650367,-0.024040614365036683,snapshot_227.xyz,8,4000,16.796962,4000,all,227
0.548853,0.542418,0.0,1.0118635443514044,-0.011863544351404354,snapshot_228.xyz,8,4000,16.796962,4000,all,228
0.54027,0.542418,0.0,0.9960399544262913,0.003960045573708659,snapshot_229.xyz,8,4000,16.796962,4000,all,229
0.546709,0.550995,0.0,0.9922213450212797,0.007778654978720323,snapshot_230.xyz,8,4000,16.796962,4000,all,230
0.525186,0.535968,0.0,0.9798831273508867,0.020116872649113327,snapshot_231.xyz,8,4000,16.796962,4000,all,231
0.533815,0.546709,0.0,0.9764152410148726,0.023584758985127352,snapshot_232.xyz,8,4000,16.796962,4000,all,232
0.542418,0.53812,0.0,1.0079870660819146,-0.007987066081914573,snapshot_233.xyz,8,4000,16.796962,4000,all,233
0.533815,0.548853,0.0,0.9726010425378016,0.027398957462198448,snapshot_234.xyz,8,4000,16.796962,4000,all,234
0.548853,0.546709,0.0,1.0039216475309534,-0.003921647530953365,snapshot_235.xyz,8,4000,16.796962,4000,all,235
0.544564,0.563812,0.0,0.9658609607457807,0.03413903925421935,snapshot_236.xyz,8,4000,16.796962,4000,all,236
0.546709,0.535968,0.0,1.0200403755448086,-0.020040375544808642,snapshot_237.xyz,8,4000,16.796962,4000,all,237
0.523025,0.54027,0.0,0.9680807744276009,0.031919225572399124,snapshot_238.xyz,8,4000,16.796962,4000,all,238
0.533815,0.54027,0.0,0.9880522701612157,0.011947729838784338,snapshot_239.xyz,8,4000,16.796962,4000,all,239
0.546709,0.542418,0.0,1.0079108731642388,-0.007910873164238774,snapshot_240.xyz,8,4000,16.796962,4000,all,240
0.550995,0.53166,0.0,1.0363672271752624,-0.03636722717526242,snapshot_241.xyz,8,4000,16.796962,4000,all,241
0.548853,0.555273,0.0,0.9884381196276426,0.011561880372357392,snapshot_242.xyz,8,4000,16.796962,4000,all,242
0.53812,0.533815,0.0,1.0080645916656519,-0.008064591665651877,snapshot_243.xyz,8,4000,16.796962,4000,all,243
0.535968,0.54027,0.0,0.9920373146759953,0.007962685324004681,snapshot_244.xyz,8,4000,16.796962,4000,all,244
0.555273,0.56168,0.0,0.9885931491240565,0.011406850875943508,snapshot_245.xyz,8,4000,16.796962,4000,all,245
0.546709,0.548853,0.0,0.9960936717117334,0.003906328288266647,snapshot_246.xyz,8,4000,16.796962,4000,all,246
0.535968,0.544564,0.0,0.984214894851661,0.015785105148338974,snapshot_247.xyz,8,4000,16.796962,4000,all,247
0.53166,0.546709,0.0,0.9724734730908033,0.027526526909196658,snapshot_248.xyz,8,4000,16.796962,4000,all,248
0.527346,0.542418,0.0,0.9722133115051492,0.027786688494850775,snapshot_249.xyz,8,4000,16.796962,4000,all,249
0.548853,0.542418,0.0,1.0118635443514044,-0.011863544351404354,snapshot_250.xyz,8,4000,16.796962,4000,all,250
0.535968,0.53812,0.0,0.9960008919943506,0.003999108005649399,snapshot_251.xyz,8,4000,16.796962,4000,all,251
0.555273,0.54027,0.0,1.0277694486090287,-0.027769448609028746,snapshot_252.xyz,8,4000,16.796962,4000,all,252
0.54027,0.529504,0.0,1.0203322354505349,-0.020332235450534863,snapshot_253.xyz,8,4000,16.796962,4000,all,253
0.533815,0.535968,0.0,0.9959829691324856,0.004017030867514371,snapshot_254.xyz,8,4000,16.796962,4000,all,254
0.535968,0.525186,0.0,1.0205298694176919,-0.02052986941769186,snapshot_255.xyz,8,4000,16.796962,4000,all,255
0.520861,0.527346,0.0,0.987702570987549,0.012297429012451011,snapshot_256.xyz,8,4000,16.796962,4000,all,256
0.542418,0.555273,0.0,0.9768492255160974,0.02315077448390257,snapshot_257.xyz,8,4000,16.796962,4000,all,257
0.53166,0.546709,0.0,0.9724734730908033,0.027526526909196658,snapshot_258.xyz,8,4000,16.796962,4000,all,258
0.53812,0.535968,0.0,1.0040151650844826,-0.00401516508448263,snapshot_259.xyz,8,4000,16.796962,4000,all,259
0.525186,0.53812,0.0,0.975964468891697,0.024035531108303032,snapshot_260.xyz,8,4000,16.796962,4000,all,260
0.53166,0.56168,0.0,0.9465531975502066,0.053446802449793385,snapshot_261.xyz,8,4000,16.796962,4000,all,261
0.529504,0.54027,0.0,0.980072926499713,0.019927073500286996,snapshot_262.xyz,8,4000,16.796962,4000,all,262
0.529504,0.53166,0.0,0.9959447767370123,0.004055223262987684,snapshot_263.xyz,8,4000,16.796962,4000,all,263
0.523025,0.525186,0.0,0.9958852673148179,0.004114732685182143,snapshot_264.xyz,8,4000,16.796962,4000,all,264
0.529504,0.529504,0.0,1.0,0.0,snapshot_265.xyz,8,4000,16.796962,4000,all,265
0.533815,0.53812,0.0,0.9919999256671375,0.008000074332862539,snapshot_266.xyz,8,4000,16.796962,4000,all,266
0.53812,0.542418,0.0,0.9920762216593109,0.007923778340689136,snapshot_267.xyz,8,4000,16.796962,4000,all,267
0.535968,0.529504,0.0,1.0122076509337041,-0.012207650933704128,snapshot_268.xyz,8,4000,16.796962,4000,all,268
0.533815,0.555273,0.0,0.9613559456339494,0.03864405436605056,snapshot_269.xyz,8,4000,16.796962,4000,all,269
0.544564,0.55741,0.0,0.9769541271236614,0.023045872876338636,snapshot_270.xyz,8,4000,16.796962,4000,all,270
0.542418,0.520861,0.0,1.041387241509731,-0.04138724150973094,snapshot_271.xyz,8,4000,16.796962,4000,all,271
0.546709,0.550995,0.0,0.9922213450212797,0.007778654978720323,snapshot_272.xyz,8,4000,16.796962,4000,all,272
0.53812,0.533815,0.0,1.0080645916656519,-0.008064591665651877,snapshot_273.xyz,8,4000,16.796962,4000,all,273
0.529504,0.53812,0.0,0.983988701404891,0.01601129859510897,snapshot_274.xyz,8,4000,16.796962,4000,all,274
0.555273,0.550995,0.0,1.007764135790706,-0.007764135790705895,snapshot_275.xyz,8,4000,16.796962,4000,all,275
0.54027,0.54027,0.0,1.0,0.0,snapshot_276.xyz,8,4000,16.796962,4000,all,276
0.550995,0.548853,0.0,1.0039026843253112,-0.0039026843253111565,snapshot_277.xyz,8,4000,16.796962,4000,all,277
0.53812,0.546709,0.0,0.9842896312297768,0.01571036877022325,snapshot_278.xyz,8,4000,16.796962,4000,all,278
0.544564,0.559546,0.0,0.9732247214706209,0.02677527852937911,snapshot_279.xyz,8,4000,16.796962,4000,all,279
0.544564,0.54027,0.0,1.0079478779128954,-0.007947877912895418,snapshot_280.xyz,8,4000,16.796962,4000,all,280
0.53166,0.550995,0.0,0.9649089374676721,0.035091062532327855,snapshot_281.xyz,8,4000,16.796962,4000,all,281
0.54027,0.53812,0.0,1.0039953913625213,-0.00399539136252125,snapshot_282.xyz,8,4000,16.796962,4000,all,282
0.533815,0.555273,0.0,0.9613559456339494,0.03864405436605056,snapshot_283.xyz,8,4000,16.796962,4000,all,283
0.529504,0.53166,0.0,0.9959447767370123,0.004055223262987684,snapshot_284.xyz,8,4000,16.796962,4000,all,284
0.533815,0.53812,0.0,0.9919999256671375,0.008000074332862539,snapshot_285.xyz,8,4000,16.796962,4000,all,285
0.535968,0.54027,0.0,0.9920373146759953,0.007962685324004681,snapshot_286.xyz,8,4000,16.796962,4000,all,286
0.529504,0.544564,0.0,0.9723448483557486,0.027655151644251363,snapshot_287.xyz,8,4000,16.796962,4000,all,287
0.555273,0.55741,0.0,0.9961661972336342,0.0038338027663658014,snapshot_288.xyz,8,4000,16.796962,4000,all,288
0.559546,0.553135,0.0,1.0115902989324486,-0.011590298932448562,snapshot_289.xyz,8,4000,16.796962,4000,all,289
0.53166,0.505671,0.0,1.0513950770362548,-0.05139507703625479,snapshot_290.xyz,8,4000,16.796962,4000,all,290
0.53812,0.525186,0.0,1.0246274653170495,-0.024627465317049513,snapshot_291.xyz,8,4000,16.796962,4000,all,291
0.544564,0.546709,0.0,0.9960765233423998,0.003923476657600178,snapshot_292.xyz,8,4000,16.796962,4000,all,292
0.53812,0.54027,0.0,0.9960205082643864,0.003979491735613627,snapshot_293.xyz,8,4000,16.796962,4000,all,293
0.54027,0.550995,0.0,0.9805352135681812,0.019464786431818815,snapshot_294.xyz,8,4000,16.796962,4000,all,294
0.54027,0.533815,0.0,1.0120922042280565,-0.012092204228056458,snapshot_295.xyz,8,4000,16.796962,4000,all,295
0.525186,0.53166,0.0,0.9878230448030697,0.012176955196930295,snapshot_296.xyz,8,4000,16.796962,4000,all,296
0.555273,0.54027,0.0,1.0277694486090287,-0.027769448609028746,snapshot_297.xyz,8,4000,16.796962,4000,all,297
0.51653,0.51653,0.0,1.0,0.0,snapshot_298.xyz,8,4000,16.796962,4000,all,298
0.542418,0.542418,0.0,1.0,0.0,snapshot_299.xyz,8,4000,16.796962,4000,all,299
0.525186,0.525186,0.0,1.0,0.0,snapshot_300.xyz,8,4000,16.796962,4000,all,300
0.535968,0.533815,0.0,1.0040332324869101,-0.004033232486910121,snapshot_301.xyz,8,4000,16.796962,4000,all,301
0.544564,0.546709,0.0,0.9960765233423998,0.003923476657600178,snapshot_302.xyz,8,4000,16.796962,4000,all,302
0.544564,0.533815,0.0,1.0201361895038543,-0.020136189503854318,snapshot_303.xyz,8,4000,16.796962,4000,all,303
0.514362,0.527346,0.0,0.9753785939402214,0.024621406059778583,snapshot_304.xyz,8,4000,16.796962,4000,all,304
0.544564,0.548853,0.0,0.992185521441989,0.007814478558010984,snapshot_305.xyz,8,4000,16.796962,4000,all,305
0.544564,0.548853,0.0,0.992185521441989,0.007814478558010984,snapshot_306.xyz,8,4000,16.796962,4000,all,306
0.53166,0.527346,0.0,1.0081805873183831,-0.008180587318383115,snapshot_307.xyz,8,4000,16.796962,4000,all,307
0.525186,0.523025,0.0,1.0041317336647388,-0.004131733664738846,snapshot_308.xyz,8,4000,16.796962,4000,all,308
0.533815,0.529504,0.0,1.0081415815555692,-0.00814158155556921,snapshot_309.xyz,8,4000,16.796962,4000,all,309
0.527346,0.542418,0.0,0.9722133115051492,0.027786688494850775,snapshot_310.xyz,8,4000,16.796962,4000,all,310
0.527346,0.535968,0.0,0.9839132186996238,0.01608678130037622,snapshot_311.xyz,8,4000,16.796962,4000,all,311
0.525186,0.542418,0.0,0.9682311427718108,0.03176885722818923,snapshot_312.xyz,8,4000,16.796962,4000,all,312
0.535968,0.527346,0.0,1.0163497969075332,-0.016349796907533243,snapshot_313.xyz,8,4000,16.796962,4000,all,313
0.568072,0.54027,0.0,1.0514594554574563,-0.05145945545745634,snapshot_314.xyz,8,4000,16.796962,4000,all,314
0.514362,0.529504,0.0,0.9714034266030096,0.0285965733969904,snapshot_315.xyz,8,4000,16.796962,4000,all,315
0.53166,0.514362,0.0,1.033630011548287,-0.03363001154828704,snapshot_316.xyz,8,4000,16.796962,4000,all,316
0.535968,0.520861,0.0,1.0290038993128685,-0.02900389931286851,snapshot_317.xyz,8,4000,16.796962,4000,all,317
0.535968,0.53166,0.0,1.0081029229206635,-0.008102922920663502,snapshot_318.xyz,8,4000,16.796962,4000,all,318
0.53166,0.53166,0.0,1.0,0.0,snapshot_319.xyz,8,4000,16.796962,4000,all,319
0.533815,0.527346,0.0,1.0122670884011638,-0.01226708840116375,snapshot_320.xyz,8,4000,16.796962,4000,all,320
0.525186,0.527346,0.0,0.9959040174761922,0.0040959825238078285,snapshot_321.xyz,8,4000,16.796962,4000,all,321
0.53166,0.542418,0.0,0.9801665873920115,0.019833412607988543,snapshot_322.xyz,8,4000,16.796962,4000,all,322
0.525186,0.53812,0.0,0.975964468891697,0.024035531108303032,snapshot_323.xyz,8,4000,16.796962,4000,all,323
0.529504,0.529504,0.0,1.0,0.0,snapshot_324.xyz,8,4000,16.796962,4000,all,324
0.529504,0.53166,0.0,0.9959447767370123,0.004055223262987684,snapshot_325.xyz,8,4000,16.796962,4000,all,325
0.535968,0.54027,0.0,0.9920373146759953,0.007962685324004681,snapshot_326.xyz,8,4000,16.796962,4000,all,326
0.533815,0.520861,0.0,1.024870358886536,-0.024870358886535993,snapshot_327.xyz,8,4000,16.796962,4000,all,327
0.520861,0.523025,0.0,0.9958625304717749,0.004137469528225135,snapshot_328.xyz,8,4000,16.796962,4000,all,328
0.529504,0.53166,0.0,0.9959447767370123,0.004055223262987684,snapshot_329.xyz,8,4000,16.796962,4000,all,329
0.525186,0.544564,0.0,0.9644155691525698,0.03558443084743024,snapshot_330.xyz,8,4000,16.796962,4000,all,330
0.535968,0.53166,0.0,1.0081029229206635,-0.008102922920663502,snapshot_331.xyz,8,4000,16.796962,4000,all,331
0.553135,0.548853,0.0,1.007801724687667,-0.007801724687666933,snapshot_332.xyz,8,4000,16.796962,4000,all,332
0.529504,0.535968,0.0,0.9879395784822974,0.01206042151770259,snapshot_333.xyz,8,4000,16.796962,4000,all,333
0.542418,0.550995,0.0,0.9844336155500503,0.015566384449949733,snapshot_334.xyz,8,4000,16.796962,4000,all,334
0.533815,0.535968,0.0,0.9959829691324856,0.004017030867514371,snapshot_335.xyz,8,4000,16.796962,4000,all,335
0.529504,0.53812,0.0,0.983988701404891,0.01601129859510897,snapshot_336.xyz,8,4000,16.796962,4000,all,336
0.533815,0.533815,0.0,1.0,0.0,snapshot_337.xyz,8,4000,16.796962,4000,all,337
0.51653,0.523025,0.0,0.987581855551838,0.012418144448162027,snapshot_338.xyz,8,4000,16.796962,4000,all,338
0.525186,0.51653,0.0,1.0167579811433993,-0.016757981143399325,snapshot_339.xyz,8,4000,16.796962,4000,all,339
0.53166,0.53166,0.0,1.0,0.0,snapshot_340.xyz,8,4000,16.796962,4000,all,340
0.525186,0.535968,0.0,0.9798831273508867,0.020116872649113327,snapshot_341.xyz,8,4000,16.796962,4000,all,341
0.533815,0.535968,0.0,0.9959829691324856,0.004017030867514371,snapshot_342.xyz,8,4000,16.796962,4000,all,342
0.54027,0.53166,0.0,1.0161945604333598,-0.01619456043335976,snapshot_343.xyz,8,4000,16.796962,4000,all,343
0.520861,0.533815,0.0,0.9757331659844702,0.02426683401552976,snapshot_344.xyz,8,4000,16.796962,4000,all,344
0.542418,0.544564,0.0,0.9960592327072666,0.003940767292733405,snapshot_345.xyz,8,4000,16.796962,4000,all,345
0.533815,0.518697,0.0,1.0291461103495876,-0.029146110349587584,snapshot_346.xyz,8,4000,16.796962,4000,all,346
0.527346,0.529504,0.0,0.995924487822566,0.00407551217743396,snapshot_347.xyz,8,4000,16.796962,4000,all,347
0.54027,0.529504,0.0,1.0203322354505349,-0.020332235450534863,snapshot_348.xyz,8,4000,16.796962,4000,all,348
0.53812,0.53812,0.0,1.0,0.0,snapshot_349.xyz,8,4000,16.796962,4000,all,349
0.529504,0.54027,0.0,0.980072926499713,0.019927073500286996,snapshot_350.xyz,8,4000,16.796962,4000,all,350
0.535968,0.550995,0.0,0.972727520213432,0.027272479786567994,snapshot_351.xyz,8,4000,16.796962,4000,all,351
0.527346,0.529504,0.0,0.995924487822566,0.00407551217743396,snapshot_352.xyz,8,4000,16.796962,4000,all,352
0.550995,0.550995,0.0,1.0,0.0,snapshot_353.xyz,8,4000,16.796962,4000,all,353
0.550995,0.546709,0.0,1.007839636808613,-0.007839636808613104,snapshot_354.xyz,8,4000,16.796962,4000,all,354
0.51653,0.523025,0.0,0.987581855551838,0.012418144448162027,snapshot_355.xyz,8,4000,16.796962,4000,all,355
0.54027,0.544564,0.0,0.9921147927516325,0.007885207248367498,snapshot_356.xyz,8,4000,16.796962,4000,all,356
0.546709,0.542418,0.0,1.0079108731642388,-0.007910873164238774,snapshot_357.xyz,8,4000,16.796962,4000,all,357
0.53166,0.525186,0.0,1.0123270612697215,-0.012327061269721495,snapshot_358.xyz,8,4000,16.796962,4000,all,358
0.520861,0.542418,0.0,0.9602575873219548,0.039742412678045236,snapshot_359.xyz,8,4000,16.796962,4000,all,359
0.548853,0.548853,0.0,1.0,0.0,snapshot_360.xyz,8,4000,16.796962,4000,all,360
0.542418,0.542418,0.0,1.0,0.0,snapshot_361.xyz,8,4000,16.796962,4000,all,361
0.54027,0.53166,0.0,1.0161945604333598,-0.01619456043335976,snapshot_362.xyz,8,4000,16.796962,4000,all,362
0.525186,0.542418,0.0,0.9682311427718108,0.03176885722818923,snapshot_363.xyz,8,4000,16.796962,4000,all,363
0.546709,0.548853,0.0,0.9960936717117334,0.003906328288266647,snapshot_364.xyz,8,4000,16.796962,4000,all,364
0.544564,0.550995,0.0,0.9883283877349159,0.011671612265084064,snapshot_365.xyz,8,4000,16.796962,4000,all,365
0.523025,0.54027,0.0,0.9680807744276009,0.031919225572399124,snapshot_366.xyz,8,4000,16.796962,4000,all,366
0.523025,0.529504,0.0,0.9877640206683991,0.012235979331600921,snapshot_367.xyz,8,4000,16.796962,4000,all,367
0.525186,0.527346,0.0,0.9959040174761922,0.0040959825238078285,snapshot_368.xyz,8,4000,16.796962,4000,all,368
0.533815,0.54027,0.0,0.9880522701612157,0.011947729838784338,snapshot_369.xyz,8,4000,16.796962,4000,all,369
0.53812,0.523025,0.0,1.0288609531093162,-0.028860953109316245,snapshot_370.xyz,8,4000,16.796962,4000,all,370
0.535968,0.523025,0.0,1.0247464270350366,-0.0247464270350366,snapshot_371.xyz,8,4000,16.796962,4000,all,371
0.520861,0.529504,0.0,0.9836771771318065,0.01632282286819353,snapshot_372.xyz,8,4000,16.796962,4000,all,372
0.544564,0.535968,0.0,1.0160382709415487,-0.01603827094154875,snapshot_373.xyz,8,4000,16.796962,4000,all,373
0.533815,0.546709,0.0,0.9764152410148726,0.023584758985127352,snapshot_374.xyz,8,4000,16.796962,4000,all,374
0.527346,0.527346,0.0,1.0,0.0,snapshot_375.xyz,8,4000,16.796962,4000,all,375
0.544564,0.525186,0.0,1.0368974039673564,-0.03689740396735641,snapshot_376.xyz,8,4000,16.796962,4000,all,376
0.548853,0.546709,0.0,1.0039216475309534,-0.003921647530953365,snapshot_377.xyz,8,4000,16.796962,4000,all,377
0.54027,0.535968,0.0,1.0080265986029018,-0.00802659860290178,snapshot_378.xyz,8,4000,16.796962,4000,all,378
0.53166,0.54027,0.0,0.9840635237936587,0.01593647620634131,snapshot_379.xyz,8,4000,16.796962,4000,all,379
0.546709,0.546709,0.0,1.0,0.0,snapshot_380.xyz,8,4000,16.796962,4000,all,380
0.523025,0.518697,0.0,1.0083439850240121,-0.008343985024012124,snapshot_381.xyz,8,4000,16.796962,4000,all,381
0.53812,0.533815,0.0,1.0080645916656519,-0.008064591665651877,snapshot_382.xyz,8,4000,16.796962,4000,all,382
0.544564,0.546709,0.0,0.9960765233423998,0.003923476657600178,snapshot_383.xyz,8,4000,16.796962,4000,all,383
0.533815,0.529504,0.0,1.0081415815555692,-0.00814158155556921,snapshot_384.xyz,8,4000,16.796962,4000,all,384
0.529504,0.535968,0.0,0.9879395784822974,0.01206042151770259,snapshot_385.xyz,8,4000,16.796962,4000,all,385
0.529504,0.555273,0.0,0.9535921969913898,0.04640780300861025,snapshot_386.xyz,8,4000,16.796962,4000,all,386
0.53812,0.54027,0.0,0.9960205082643864,0.003979491735613627,snapshot_387.xyz,8,4000,16.796962,4000,all,387
0.533815,0.54027,0.0,0.9880522701612157,0.011947729838784338,snapshot_388.xyz,8,4000,16.796962,4000,all,388
0.555273,0.529504,0.0,1.0486662990270141,-0.04866629902701414,snapshot_389.xyz,8,4000,16.796962,4000,all,389
0.553135,0.548853,0.0,1.007801724687667,-0.007801724687666933,snapshot_390.xyz,8,4000,16.796962,4000,all,390
0.535968,0.548853,0.0,0.9765237686593677,0.02347623134063226,snapshot_391.xyz,8,4000,16.796962,4000,all,391
0.527346,0.53166,0.0,0.9918857916713688,0.00811420832863119,snapshot_392.xyz,8,4000,16.796962,4000,all,392
0.529504,0.546709,0.0,0.9685298760400871,0.03147012395991289,snapshot_393.xyz,8,4000,16.796962,4000,all,393
0.535968,0.542418,0.0,0.9881088016990588,0.011891198300941208,snapshot_394.xyz,8,4000,16.796962,4000,all,394
0.548853,0.53166,0.0,1.0323383365308656,-0.0323383365308656,snapshot_395.xyz,8,4000,16.796962,4000,all,395
0.535968,0.53166,0.0,1.0081029229206635,-0.008102922920663502,snapshot_396.xyz,8,4000,16.796962,4000,all,396
0.53812,0.535968,0.0,1.0040151650844826,-0.00401516508448263,snapshot_397.xyz,8,4000,16.796962,4000,all,397
0.535968,0.523025,0.0,1.0247464270350366,-0.0247464270350366,snapshot_398.xyz,8,4000,16.796962,4000,all,398
0.520861,0.529504,0.0,0.9836771771318065,0.01632282286819353,snapshot_399.xyz,8,4000,16.796962,4000,all,399
0.553135,0.53812,0.0,1.027902698282911,-0.02790269828291092,snapshot_400.xyz,8,4000,16.796962,4000,all,400
0.533815,0.53166,0.0,1.0040533423616598,-0.004053342361659773,snapshot_401.xyz,8,4000,16.796962,4000,all,401
0.533815,0.533815,0.0,1.0,0.0,snapshot_402.xyz,8,4000,16.796962,4000,all,402
0.535968,0.533815,0.0,1.0040332324869101,-0.004033232486910121,snapshot_403.xyz,8,4000,16.796962,4000,all,403
0.54027,0.546709,0.0,0.9882222535206115,0.011777746479388451,snapshot_404.xyz,8,4000,16.796962,4000,all,404
0.535968,0.546709,0.0,0.9803533506856481,0.019646649314351894,snapshot_405.xyz,8,4000,16.796962,4000,all,405
0.54027,0.53166,0.0,1.0161945604333598,-0.01619456043335976,snapshot_406.xyz,8,4000,16.796962,4000,all,406
0.533815,0.535968,0.0,0.9959829691324856,0.004017030867514371,snapshot_407.xyz,8,4000,16.796962,4000,all,407
0.53812,0.533815,0.0,1.0080645916656519,-0.008064591665651877,snapshot_408.xyz,8,4000,16.796962,4000,all,408
0.535968,0.53812,0.0,0.9960008919943506,0.003999108005649399,snapshot_409.xyz,8,4000,16.796962,4000,all,409
0.53166,0.546709,0.0,0.9724734730908033,0.027526526909196658,snapshot_410.xyz,8,4000,16.796962,4000,all,410
0.525186,0.555273,0.0,0.9458158419372094,0.054184158062790644,snapshot_411.xyz,8,4000,16.796962,4000,all,411
0.525186,0.53166,0.0,0.9878230448030697,0.012176955196930295,snapshot_412.xyz,8,4000,16.796962,4000,all,412
0.54027,0.520861,0.0,1.0372633005734735,-0.03726330057347349,snapshot_413.xyz,8,4000,16.796962,4000,all,413
0.53812,0.525186,0.0,1.0246274653170495,-0.024627465317049513,snapshot_414.xyz,8,4000,16.796962,4000,all,414
0.527346,0.51002,0.0,1.0339712168150268,-0.033971216815026795,snapshot_415.xyz,8,4000,16.796962,4000,all,415
0.54027,0.548853,0.0,0.9843619329765894,0.01563806702341064,snapshot_416.xyz,8,4000,16.796962,4000,all,416
0.518697,0.550995,0.0,0.9413824081888219,0.058617591811178094,snapshot_417.xyz,8,4000,16.796962,4000,all,417
0.542418,0.533815,0.0,1.0161160701741239,-0.016116070174123864,snapshot_418.xyz,8,4000,16.796962,4000,all,418
0.523025,0.520861,0.0,1.0041546593044977,-0.004154659304497654,snapshot_419.xyz,8,4000,16.796962,4000,all,419
0.54027,0.542418,0.0,0.9960399544262913,0.003960045573708659,snapshot_420.xyz,8,4000,16.796962,4000,all,420
0.546709,0.555273,0.0,0.98457695583974,0.015423044160259969,snapshot_421.xyz,8,4000,16.796962,4000,all,421
0.53166,0.535968,0.0,0.9919622066989074,0.008037793301092555,snapshot_422.xyz,8,4000,16.796962,4000,all,422
0.544564,0.550995,0.0,0.9883283877349159,0.011671612265084064,snapshot_423.xyz,8,4000,16.796962,4000,all,423
0.54027,0.529504,0.0,1.0203322354505349,-0.020332235450534863,snapshot_424.xyz,8,4000,16.796962,4000,all,424
0.53166,0.535968,0.0,0.9919622066989074,0.008037793301092555,snapshot_425.xyz,8,4000,16.796962,4000,all,425
0.53166,0.525186,0.0,1.0123270612697215,-0.012327061269721495,snapshot_426.xyz,8,4000,16.796962,4000,all,426
0.533815,0.527346,0.0,1.0122670884011638,-0.01226708840116375,snapshot_427.xyz,8,4000,16.796962,4000,all,427
0.535968,0.544564,0.0,0.984214894851661,0.015785105148338974,snapshot_428.xyz,8,4000,16.796962,4000,all,428
0.529504,0.53812,0.0,0.983988701404891,0.01601129859510897,snapshot_429.xyz,8,4000,16.796962,4000,all,429
0.518697,0.527346,0.0,0.9835990033109192,0.016400996689080793,snapshot_430.xyz,8,4000,16.796962,4000,all,430
0.54027,0.544564,0.0,0.9921147927516325,0.007885207248367498,snapshot_431.xyz,8,4000,16.796962,4000,all,431
0.514362,0.533815,0.0,0.9635585361969969,0.03644146380300306,snapshot_432.xyz,8,4000,16.796962,4000,all,432
0.535968,0.535968,0.0,1.0,0.0,snapshot_433.xyz,8,4000,16.796962,4000,all,433
0.548853,0.548853,0.0,1.0,0.0,snapshot_434.xyz,8,4000,16.796962,4000,all,434
0.542418,0.555273,0.0,0.9768492255160974,0.02315077448390257,snapshot_435.xyz,8,4000,16.796962,4000,all,435
0.518697,0.53166,0.0,0.9756178760862204,0.024382123913779585,snapshot_436.xyz,8,4000,16.796962,4000,all,436
0.533815,0.53166,0.0,1.0040533423616598,-0.004053342361659773,snapshot_437.xyz,8,4000,16.796962,4000,all,437
0.533815,0.53812,0.0,0.9919999256671375,0.008000074332862539,snapshot_438.xyz,8,4000,16.796962,4000,all,438
0.533815,0.53812,0.0,0.9919999256671375,0.008000074332862539,snapshot_439.xyz,8,4000,16.796962,4000,all,439
0.542418,0.56168,0.0,0.9657064520723544,0.03429354792764561,snapshot_440.xyz,8,4000,16.796962,4000,all,440
0.527346,0.527346,0.0,1.0,0.0,snapshot_441.xyz,8,4000,16.796962,4000,all,441
0.535968,0.525186,0.0,1.0205298694176919,-0.02052986941769186,snapshot_442.xyz,8,4000,16.796962,4000,all,442
0.56168,0.54027,0.0,1.0396283339811574,-0.03962833398115739,snapshot_443.xyz,8,4000,16.796962,4000,all,443
0.54027,0.529504,0.0,1.0203322354505349,-0.020332235450534863,snapshot_444.xyz,8,4000,16.796962,4000,all,444
0.520861,0.520861,0.0,1.0,0.0,snapshot_445.xyz,8,4000,16.796962,4000,all,445
0.53166,0.529504,0.0,1.0040717350577144,-0.00407173505771441,snapshot_446.xyz,8,4000,16.796962,4000,all,446
0.525186,0.548853,0.0,0.9568791643664151,0.04312083563358493,snapshot_447.xyz,8,4000,16.796962,4000,all,447
0.54027,0.533815,0.0,1.0120922042280565,-0.012092204228056458,snapshot_448.xyz,8,4000,16.796962,4000,all,448
0.54027,0.559546,0.0,0.9655506428425903,0.03444935715740971,snapshot_449.xyz,8,4000,16.796962,4000,all,449
0.53812,0.544564,0.0,0.9881666801330973,0.011833319866902725,snapshot_450.xyz,8,4000,16.796962,4000,all,450
0.51653,0.514362,0.0,1.0042149303408885,-0.00421493034088849,snapshot_451.xyz,8,4000,16.796962,4000,all,451
0.51653,0.525186,0.0,0.983518220211506,0.016481779788493967,snapshot_452.xyz,8,4000,16.796962,4000,all,452
0.525186,0.533815,0.0,0.9838352238134934,0.01616477618650658,snapshot_453.xyz,8,4000,16.796962,4000,all,453
0.51653,0.523025,0.0,0.987581855551838,0.012418144448162027,snapshot_454.xyz,8,4000,16.796962,4000,all,454
0.546709,0.555273,0.0,0.98457695583974,0.015423044160259969,snapshot_455.xyz,8,4000,16.796962,4000,all,455
0.533815,0.548853,0.0,0.9726010425378016,0.027398957462198448,snapshot_456.xyz,8,4000,16.796962,4000,all,456
0.568072,0.555273,0.0,1.023049923190935,-0.023049923190934907,snapshot_457.xyz,8,4000,16.796962,4000,all,457
0.520861,0.525186,0.0,0.9917648223676945,0.008235177632305524,snapshot_458.xyz,8,4000,16.796962,4000,all,458
0.53166,0.518697,0.0,1.024991469007918,-0.024991469007918043,snapshot_459.xyz,8,4000,16.796962,4000,all,459
0.53166,0.527346,0.0,1.0081805873183831,-0.008180587318383115,snapshot_460.xyz,8,4000,16.796962,4000,all,460
0.542418,0.546709,0.0,0.9921512175581524,0.007848782441847613,snapshot_461.xyz,8,4000,16.796962,4000,all,461
0.527346,0.53166,0.0,0.9918857916713688,0.00811420832863119,snapshot_462.xyz,8,4000,16.796962,4000,all,462
0.544564,0.525186,0.0,1.0368974039673564,-0.03689740396735641,snapshot_463.xyz,8,4000,16.796962,4000,all,463
0.533815,0.54027,0.0,0.9880522701612157,0.011947729838784338,snapshot_464.xyz,8,4000,16.796962,4000,all,464
0.55741,0.54027,0.0,1.0317248783015898,-0.031724878301589765,snapshot_465.xyz,8,4000,16.796962,4000,all,465
0.53166,0.523025,0.0,1.016509727068496,-0.01650972706849596,snapshot_466.xyz,8,4000,16.796962,4000,all,466
0.548853,0.542418,0.0,1.0118635443514044,-0.011863544351404354,snapshot_467.xyz,8,4000,16.796962,4000,all,467
0.546709,0.53812,0.0,1.0159611239128818,-0.015961123912881847,snapshot_468.xyz,8,4000,16.796962,4000,all,468
0.535968,0.523025,0.0,1.0247464270350366,-0.0247464270350366,snapshot_469.xyz,8,4000,16.796962,4000,all,469
0.51653,0.514362,0.0,1.0042149303408885,-0.00421493034088849,snapshot_470.xyz,8,4000,16.796962,4000,all,470
0.54027,0.542418,0.0,0.9960399544262913,0.003960045573708659,snapshot_471.xyz,8,4000,16.796962,4000,all,471
0.53812,0.542418,0.0,0.9920762216593109,0.007923778340689136,snapshot_472.xyz,8,4000,16.796962,4000,all,472
0.53166,0.535968,0.0,0.9919622066989074,0.008037793301092555,snapshot_473.xyz,8,4000,16.796962,4000,all,473
0.53812,0.514362,0.0,1.046189259704255,-0.046189259704255026,snapshot_474.xyz,8,4000,16.796962,4000,all,474
0.535968,0.525186,0.0,1.0205298694176919,-0.02052986941769186,snapshot_475.xyz,8,4000,16.796962,4000,all,475
0.548853,0.550995,0.0,0.9961124874091417,0.0038875125908582886,snapshot_476.xyz,8,4000,16.796962,4000,all,476
0.529504,0.555273,0.0,0.9535921969913898,0.04640780300861025,snapshot_477.xyz,8,4000,16.796962,4000,all,477
0.518697,0.520861,0.0,0.9958453406955021,0.004154659304497876,snapshot_478.xyz,8,4000,16.796962,4000,all,478
0.514362,0.527346,0.0,0.9753785939402214,0.024621406059778583,snapshot_479.xyz,8,4000,16.796962,4000,all,479
0.520861,0.53812,0.0,0.9679272281275552,0.03207277187244484,snapshot_480.xyz,8,4000,16.796962,4000,all,480
0.544564,0.51653,0.0,1.0542737111106808,-0.0542737111106808,snapshot_481.xyz,8,4000,16.796962,4000,all,481
0.520861,0.527346,0.0,0.987702570987549,0.012297429012451011,snapshot_482.xyz,8,4000,16.796962,4000,all,482
0.527346,0.527346,0.0,1.0,0.0,snapshot_483.xyz,8,4000,16.796962,4000,all,483
0.529504,0.527346,0.0,1.004092189947397,-0.004092189947396907,snapshot_484.xyz,8,4000,16.796962,4000,all,484
0.544564,0.535968,0.0,1.0160382709415487,-0.01603827094154875,snapshot_485.xyz,8,4000,16.796962,4000,all,485
0.548853,0.546709,0.0,1.0039216475309534,-0.003921647530953365,snapshot_486.xyz,8,4000,16.796962,4000,all,486
0.54027,0.54027,0.0,1.0,0.0,snapshot_487.xyz,8,4000,16.796962,4000,all,487
0.527346,0.523025,0.0,1.008261555374982,-0.008261555374982077,snapshot_488.xyz,8,4000,16.796962,4000,all,488
0.535968,0.542418,0.0,0.9881088016990588,0.011891198300941208,snapshot_489.xyz,8,4000,16.796962,4000,all,489
0.53812,0.542418,0.0,0.9920762216593109,0.007923778340689136,snapshot_490.xyz,8,4000,16.796962,4000,all,490
0.529504,0.523025,0.0,1.0123875531762345,-0.012387553176234523,snapshot_491.xyz,8,4000,16.796962,4000,all,491
0.503494,0.520861,0.0,0.9666571311731921,0.033342868826807925,snapshot_492.xyz,8,4000,16.796962,4000,all,492
0.53166,0.529504,0.0,1.0040717350577144,-0.00407173505771441,snapshot_493.xyz,8,4000,16.796962,4000,all,493
0.533815,0.533815,0.0,1.0,0.0,snapshot_494.xyz,8,4000,16.796962,4000,all,494
0.518697,0.525186,0.0,0.9876443774205709,0.012355622579429126,snapshot_495.xyz,8,4000,16.796962,4000,all,495
0.542418,0.546709,0.0,0.9921512175581524,0.007848782441847613,snapshot_496.xyz,8,4000,16.796962,4000,all,496
0.51653,0.535968,0.0,0.9637329094274286,0.03626709057257138,snapshot_497.xyz,8,4000,16.796962,4000,all,497
0.518697,0.523025,0.0,0.9917250609435495,0.008274939056450492,snapshot_498.xyz,8,4000,16.796962,4000,all,498
0.529504,0.520861,0.0,1.0165936785437957,-0.016593678543795676,snapshot_499.xyz,8,4000,16.796962,4000,all,499
0.520861,0.51653,0.0,1.008384798559619,-0.008384798559619044,snapshot_500.xyz,8,4000,16.796962,4000,all,500
0.548853,0.54027,0.0,1.0158865011938476,-0.015886501193847602,snapshot_501.xyz,8,4000,16.796962,4000,all,501
0.550995,0.529504,0.0,1.0405870399468182,-0.040587039946818226,snapshot_502.xyz,8,4000,16.796962,4000,all,502
0.542418,0.523025,0.0,1.0370785335309018,-0.03707853353090185,snapshot_503.xyz,8,4000,16.796962,4000,all,503
0.535968,0.542418,0.0,0.9881088016990588,0.011891198300941208,snapshot_504.xyz,8,4000,16.796962,4000,all,504
0.533815,0.535968,0.0,0.9959829691324856,0.004017030867514371,snapshot_505.xyz,8,4000,16.796962,4000,all,505
0.520861,0.523025,0.0,0.9958625304717749,0.004137469528225135,snapshot_506.xyz,8,4000,16.796962,4000,all,506
0.523025,0.533815,0.0,0.9797870048612346,0.0202129951387654,snapshot_507.xyz,8,4000,16.796962,4000,all,507
0.525186,0.512192,0.0,1.0253693927277272,-0.025369392727727202,snapshot_508.xyz,8,4000,16.796962,4000,all,508
0.523025,0.529504,0.0,0.9877640206683991,0.012235979331600921,snapshot_509.xyz,8,4000,16.796962,4000,all,509
0.51002,0.514362,0.0,0.9915584743818556,0.008441525618144374,snapshot_510.xyz,8,4000,16.796962,4000,all,510
0.51653,0.525186,0.0,0.983518220211506,0.016481779788493967,snapshot_511.xyz,8,4000,16.796962,4000,all,511
0.533815,0.527346,0.0,1.0122670884011638,-0.01226708840116375,snapshot_512.xyz,8,4000,16.796962,4000,all,512
0.529504,0.53166,0.0,0.9959447767370123,0.004055223262987684,snapshot_513.xyz,8,4000,16.796962,4000,all,513
0.542418,0.542418,0.0,1.0,0.0,snapshot_514.xyz,8,4000,16.796962,4000,all,514
0.53166,0.535968,0.0,0.9919622066989074,0.008037793301092555,snapshot_515.xyz,8,4000,16.796962,4000,all,515
0.54027,0.535968,0.0,1.0080265986029018,-0.00802659860290178,snapshot_516.xyz,8,4000,16.796962,4000,all,516
0.535968,0.546709,0.0,0.9803533506856481,0.019646649314351894,snapshot_517.xyz,8,4000,16.796962,4000,all,517
0.523025,0.53812,0.0,0.9719486359919719,0.0280513640080281,snapshot_518.xyz,8,4000,16.796962,4000,all,518
0.523025,0.523025,0.0,1.0,0.0,snapshot_519.xyz,8,4000,16.796962,4000,all,519
0.535968,0.533815,0.0,1.0040332324869101,-0.004033232486910121,snapshot_520.xyz,8,4000,16.796962,4000,all,520
0.514362,0.512192,0.0,1.004236692490316,-0.004236692490316107,snapshot_521.xyz,8,4000,16.796962,4000,all,521
0.544564,0.546709,0.0,0.9960765233423998,0.003923476657600178,snapshot_522.xyz,8,4000,16.796962,4000,all,522
0.525186,0.535968,0.0,0.9798831273508867,0.020116872649113327,snapshot_523.xyz,8,4000,16.796962,4000,all,523
0.53166,0.546709,0.0,0.9724734730908033,0.027526526909196658,snapshot_524.xyz,8,4000,16.796962,4000,all,524
0.525186,0.525186,0.0,1.0,0.0,snapshot_525.xyz,8,4000,16.796962,4000,all,525
0.550995,0.533815,0.0,1.0321834343358653,-0.032183434335865346,snapshot_526.xyz,8,4000,16.796962,4000,all,526
0.520861,0.53812,0.0,0.9679272281275552,0.03207277187244484,snapshot_527.xyz,8,4000,16.796962,4000,all,527
0.550995,0.544564,0.0,1.0118094475580464,-0.01180944755804636,snapshot_528.xyz,8,4000,16.796962,4000,all,528
0.53166,0.525186,0.0,1.0123270612697215,-0.012327061269721495,snapshot_529.xyz,8,4000,16.796962,4000,all,529
0.525186,0.525186,0.0,1.0,0.0,snapshot_530.xyz,8,4000,16.796962,4000,all,530
0.535968,0.529504,0.0,1.0122076509337041,-0.012207650933704128,snapshot_531.xyz,8,4000,16.796962,4000,all,531
0.544564,0.550995,0.0,0.9883283877349159,0.011671612265084064,snapshot_532.xyz,8,4000,16.796962,4000,all,532
0.546709,0.54027,0.0,1.0119181150165657,-0.0119181150165657,snapshot_533.xyz,8,4000,16.796962,4000,all,533
0.51653,0.514362,0.0,1.0042149303408885,-0.00421493034088849,snapshot_534.xyz,8,4000,16.796962,4000,all,534
0.553135,0.54027,0.0,1.0238121679900791,-0.023812167990079125,snapshot_535.xyz,8,4000,16.796962,4000,all,535
0.529504,0.533815,0.0,0.9919241684853366,0.0080758315146634,snapshot_536.xyz,8,4000,16.796962,4000,all,536
0.54027,0.544564,0.0,0.9921147927516325,0.007885207248367498,snapshot_537.xyz,8,4000,16.796962,4000,all,537
0.527346,0.542418,0.0,0.9722133115051492,0.027786688494850775,snapshot_538.xyz,8,4000,16.796962,4000,all,538
0.520861,0.523025,0.0,0.9958625304717749,0.004137469528225135,snapshot_539.xyz,8,4000,16.796962,4000,all,539
0.529504,0.527346,0.0,1.004092189947397,-0.004092189947396907,snapshot_540.xyz,8,4000,16.796962,4000,all,540
0.546709,0.533815,0.0,1.024154435525416,-0.024154435525415963,snapshot_541.xyz,8,4000,16.796962,4000,all,541
0.544564,0.544564,0.0,1.0,0.0,snapshot_542.xyz,8,4000,16.796962,4000,all,542
0.527346,0.525186,0.0,1.004112828597868,-0.00411282859786799,snapshot_543.xyz,8,4000,16.796962,4000,all,543
0.548853,0.54027,0.0,1.0158865011938476,-0.015886501193847602,snapshot_544.xyz,8,4000,16.796962,4000,all,544
0.54027,0.53166,0.0,1.0161945604333598,-0.01619456043335976,snapshot_545.xyz,8,4000,16.796962,4000,all,545
0.53166,0.520861,0.0,1.0207329786641735,-0.02073297866417345,snapshot_546.xyz,8,4000,16.796962,4000,all,546
0.520861,0.525186,0.0,0.9917648223676945,0.008235177632305524,snapshot_547.xyz,8,4000,16.796962,4000,all,547
0.53166,0.53166,0.0,1.0,0.0,snapshot_548.xyz,8,4000,16.796962,4000,all,548
0.527346,0.53812,0.0,0.979978443469858,0.020021556530142037,snapshot_549.xyz,8,4000,16.796962,4000,all,549
0.525186,0.512192,0.0,1.0253693927277272,-0.025369392727727202,snapshot_550.xyz,8,4000,16.796962,4000,all,550
0.501315,0.51653,0.0,0.9705438212688516,0.029456178731148364,snapshot_551.xyz,8,4000,16.796962,4000,all,551
0.548853,0.535968,0.0,1.0240406143650367,-0.024040614365036683,snapshot_552.xyz,8,4000,16.796962,4000,all,552
0.507846,0.523025,0.0,0.9709784427130635,0.02902155728693645,snapshot_553.xyz,8,4000,16.796962,4000,all,553
0.51653,0.51653,0.0,1.0,0.0,snapshot_554.xyz,8,4000,16.796962,4000,all,554
0.51002,0.51653,0.0,0.9873966662149343,0.012603333785065729,snapshot_555.xyz,8,4000,16.796962,4000,all,555
0.512192,0.51653,0.0,0.991601649468569,0.00839835053143101,snapshot_556.xyz,8,4000,16.796962,4000,all,556
0.514362,0.501315,0.0,1.0260255527961462,-0.026025552796146156,snapshot_557.xyz,8,4000,16.796962,4000,all,557
0.505671,0.501315,0.0,1.0086891475419646,-0.008689147541964592,snapshot_558.xyz,8,4000,16.796962,4000,all,558
0.494768,0.505671,0.0,0.9784385499662824,0.021561450033717566,snapshot_559.xyz,8,4000,16.796962,4000,all,559
0.48382,0.494768,0.0,0.9778724573941726,0.02212754260582739,snapshot_560.xyz,8,4000,16.796962,4000,all,560
0.494768,0.501315,0.0,0.9869403468876854,0.013059653112314606,snapshot_561.xyz,8,4000,16.796962,4000,all,561
0.492582,0.505671,0.0,0.9741155810793976,0.025884418920602448,snapshot_562.xyz,8,4000,16.796962,4000,all,562
0.499135,0.492582,0.0,1.0133033687792083,-0.013303368779208347,snapshot_563.xyz,8,4000,16.796962,4000,all,563
0.477229,0.486013,0.0,0.9819264093758809,0.018073590624119062,snapshot_564.xyz,8,4000,16.796962,4000,all,564
0.501315,0.499135,0.0,1.0043675558716578,-0.0043675558716578244,snapshot_565.xyz,8,4000,16.796962,4000,all,565
0.492582,0.472826,0.0,1.0417828122818964,-0.0417828122818964,snapshot_566.xyz,8,4000,16.796962,4000,all,566
0.488205,0.481625,0.0,1.0136620814949389,-0.01366208149493886,snapshot_567.xyz,8,4000,16.796962,4000,all,567
0.488205,0.486013,0.0,1.0045101674235053,-0.004510167423505296,snapshot_568.xyz,8,4000,16.796962,4000,all,568
0.494768,0.488205,0.0,1.0134431232781311,-0.01344312327813113,snapshot_569.xyz,8,4000,16.796962,4000,all,569
0.486013,0.468415,0.0,1.0375692494903024,-0.03756924949030238,snapshot_570.xyz,8,4000,16.796962,4000,all,570
0.492582,0.479428,0.0,1.027436862260861,-0.02743686226086095,snapshot_571.xyz,8,4000,16.796962,4000,all,571
0.499135,0.48382,0.0,1.0316543342565416,-0.03165433425654163,snapshot_572.xyz,8,4000,16.796962,4000,all,572
0.490394,0.48382,0.0,1.0135876979041794,-0.013587697904179352,snapshot_573.xyz,8,4000,16.796962,4000,all,573
0.494768,0.488205,0.0,1.0134431232781311,-0.01344312327813113,snapshot_574.xyz,8,4000,16.796962,4000,all,574
0.48382,0.486013,0.0,0.9954877750183637,0.004512224981636281,snapshot_575.xyz,8,4000,16.796962,4000,all,575
0.457353,0.463996,0.0,0.9856830662333296,0.014316933766670425,snapshot_576.xyz,8,4000,16.796962,4000,all,576
0.490394,0.470621,0.0,1.0420146997265316,-0.0420146997265316,snapshot_577.xyz,8,4000,16.796962,4000,all,577
0.481625,0.472826,0.0,1.01860938273276,-0.018609382732760027,snapshot_578.xyz,8,4000,16.796962,4000,all,578
0.501315,0.488205,0.0,1.026853473438412,-0.026853473438412045,snapshot_579.xyz,8,4000,16.796962,4000,all,579
0.486013,0.48382,0.0,1.0045326774420238,-0.004532677442023791,snapshot_580.xyz,8,4000,16.796962,4000,all,580
0.479428,0.492582,0.0,0.9732958167371117,0.02670418326288826,snapshot_581.xyz,8,4000,16.796962,4000,all,581
0.461784,0.477229,0.0,0.967636082467746,0.03236391753225398,snapshot_582.xyz,8,4000,16.796962,4000,all,582
0.486013,0.481625,0.0,1.0091108227355305,-0.009110822735530544,snapshot_583.xyz,8,4000,16.796962,4000,all,583
0.496952,0.494768,0.0,1.00441419008505,-0.004414190085050063,snapshot_584.xyz,8,4000,16.796962,4000,all,584
0.466206,0.479428,0.0,0.9724213020516115,0.02757869794838852,snapshot_585.xyz,8,4000,16.796962,4000,all,585
0.481625,0.475028,0.0,1.0138876024150156,-0.013887602415015632,snapshot_586.xyz,8,4000,16.796962,4000,all,586
0.48382,0.463996,0.0,1.0427245062457433,-0.04272450624574331,snapshot_587.xyz,8,4000,16.796962,4000,all,587
0.45957,0.463996,0.0,0.9904611246648677,0.009538875335132313,snapshot_588.xyz,8,4000,16.796962,4000,all,588
0.479428,0.486013,0.0,0.9864509797063042,0.013549020293695757,snapshot_589.xyz,8,4000,16.796962,4000,all,589
0.470621,0.477229,0.0,0.9861533980541837,0.013846601945816328,snapshot_590.xyz,8,4000,16.796962,4000,all,590
0.48382,0.461784,0.0,1.0477192800097015,-0.04771928000970149,snapshot_591.xyz,8,4000,16.796962,4000,all,591
0.461784,0.486013,0.0,0.9501474240400977,0.049852575959902334,snapshot_592.xyz,8,4000,16.796962,4000,all,592
0.477229,0.488205,0.0,0.9775176411548427,0.022482358845157258,snapshot_593.xyz,8,4000,16.796962,4000,all,593
0.492582,0.486013,0.0,1.0135160993635974,-0.013516099363597434,snapshot_594.xyz,8,4000,16.796962,4000,all,594
0.472826,0.472826,0.0,1.0,0.0,snapshot_595.xyz,8,4000,16.796962,4000,all,595
0.477229,0.472826,0.0,1.009312093666592,-0.009312093666592025,snapshot_596.xyz,8,4000,16.796962,4000,all,596
0.486013,0.481625,0.0,1.0091108227355305,-0.009110822735530544,snapshot_597.xyz,8,4000,16.796962,4000,all,597
0.479428,0.48382,0.0,0.9909222438096814,0.009077756190318587,snapshot_598.xyz,8,4000,16.796962,4000,all,598
0.475028,0.466206,0.0,1.018922965384401,-0.01892296538440097,snapshot_599.xyz,8,4000,16.796962,4000,all,599
0.468415,0.468415,0.0,1.0,0.0,snapshot_600.xyz,8,4000,16.796962,4000,all,600
0.481625,0.475028,0.0,1.0138876024150156,-0.013887602415015632,snapshot_601.xyz,8,4000,16.796962,4000,all,601
0.490394,0.494768,0.0,0.991159492934062,0.008840507065937975,snapshot_602.xyz,8,4000,16.796962,4000,all,602
0.466206,0.48382,0.0,0.9635938985573148,0.03640610144268519,snapshot_603.xyz,8,4000,16.796962,4000,all,603
0.494768,0.494768,0.0,1.0,0.0,snapshot_604.xyz,8,4000,16.796962,4000,all,604
0.481625,0.48382,0.0,0.9954631887892192,0.004536811210780756,snapshot_605.xyz,8,4000,16.796962,4000,all,605
0.475028,0.475028,0.0,1.0,0.0,snapshot_606.xyz,8,4000,16.796962,4000,all,606
0.481625,0.457353,0.0,1.0530706041066749,-0.05307060410667486,snapshot_607.xyz,8,4000,16.796962,4000,all,607
0.481625,0.486013,0.0,0.9909714349204652,0.009028565079534756,snapshot_608.xyz,8,4000,16.796962,4000,all,608
0.466206,0.45957,0.0,1.014439584829297,-0.01443958482929708,snapshot_609.xyz,8,4000,16.796962,4000,all,609
0.470621,0.475028,0.0,0.9907226521384003,0.009277347861599727,snapshot_610.xyz,8,4000,16.796962,4000,all,610
0.461784,0.463996,0.0,0.9952327175234268,0.004767282476573209,snapshot_611.xyz,8,4000,16.796962,4000,all,611
0.477229,0.48382,0.0,0.9863771650613865,0.013622834938613493,snapshot_612.xyz,8,4000,16.796962,4000,all,612
0.463996,0.477229,0.0,0.972271173797066,0.027728826202934043,snapshot_613.xyz,8,4000,16.796962,4000,all,613
0.477229,0.477229,0.0,1.0,0.0,snapshot_614.xyz,8,4000,16.796962,4000,all,614
0.505671,0.48382,0.0,1.0451634905543383,-0.045163490554338326,snapshot_615.xyz,8,4000,16.796962,4000,all,615
0.477229,0.472826,0.0,1.009312093666592,-0.009312093666592025,snapshot_616.xyz,8,4000,16.796962,4000,all,616
0.450693,0.463996,0.0,0.9713294942197778,0.028670505780222233,snapshot_617.xyz,8,4000,16.796962,4000,all,617
0.455135,0.466206,0.0,0.9762529868770458,0.02374701312295424,snapshot_618.xyz,8,4000,16.796962,4000,all,618
0.499135,0.499135,0.0,1.0,0.0,snapshot_619.xyz,8,4000,16.796962,4000,all,619
0.479428,0.468415,0.0,1.0235112026728435,-0.023511202672843456,snapshot_620.xyz,8,4000,16.796962,4000,all,620
0.481625,0.490394,0.0,0.9821184598506507,0.017881540149349284,snapshot_621.xyz,8,4000,16.796962,4000,all,621
0.475028,0.481625,0.0,0.9863026213340254,0.013697378665974647,snapshot_622.xyz,8,4000,16.796962,4000,all,622
0.486013,0.492582,0.0,0.986664149319301,0.01333585068069898,snapshot_623.xyz,8,4000,16.796962,4000,all,623
0.48382,0.486013,0.0,0.9954877750183637,0.004512224981636281,snapshot_624.xyz,8,4000,16.796962,4000,all,624
0.470621,0.472826,0.0,0.9953365508664921,0.004663449133507913,snapshot_625.xyz,8,4000,16.796962,4000,all,625
0.48382,0.475028,0.0,1.0185083826637586,-0.01850838266375865,snapshot_626.xyz,8,4000,16.796962,4000,all,626
0.479428,0.472826,0.0,1.0139628531425937,-0.013962853142593712,snapshot_627.xyz,8,4000,16.796962,4000,all,627
0.463996,0.461784,0.0,1.0047901183237185,-0.004790118323718451,snapshot_628.xyz,8,4000,16.796962,4000,all,628
0.492582,0.494768,0.0,0.9955817676163374,0.004418232383662568,snapshot_629.xyz,8,4000,16.796962,4000,all,629
0.470621,0.463996,0.0,1.014278140328796,-0.01427814032879593,snapshot_630.xyz,8,4000,16.796962,4000,all,630
0.496952,0.492582,0.0,1.0088716193445963,-0.008871619344596349,snapshot_631.xyz,8,4000,16.796962,4000,all,631
0.496952,0.477229,0.0,1.041328167399718,-0.0413281673997179,snapshot_632.xyz,8,4000,16.796962,4000,all,632
0.496952,0.486013,0.0,1.0225076283967713,-0.02250762839677134,snapshot_633.xyz,8,4000,16.796962,4000,all,633
0.490394,0.490394,0.0,1.0,0.0,snapshot_634.xyz,8,4000,16.796962,4000,all,634
0.488205,0.486013,0.0,1.0045101674235053,-0.004510167423505296,snapshot_635.xyz,8,4000,16.796962,4000,all,635
0.448469,0.475028,0.0,0.9440896115597396,0.05591038844026042,snapshot_636.xyz,8,4000,16.796962,4000,all,636
0.477229,0.477229,0.0,1.0,0.0,snapshot_637.xyz,8,4000,16.796962,4000,all,637
0.463996,0.479428,0.0,0.9678116422069633,0.03218835779303675,snapshot_638.xyz,8,4000,16.796962,4000,all,638
0.475028,0.481625,0.0,0.9863026213340254,0.013697378665974647,snapshot_639.xyz,8,4000,16.796962,4000,all,639
0.477229,0.472826,0.0,1.009312093666592,-0.009312093666592025,snapshot_640.xyz,8,4000,16.796962,4000,all,640
0.492582,0.472826,0.0,1.0417828122818964,-0.0417828122818964,snapshot_641.xyz,8,4000,16.796962,4000,all,641
0.466206,0.479428,0.0,0.9724213020516115,0.02757869794838852,snapshot_642.xyz,8,4000,16.796962,4000,all,642
0.463996,0.479428,0.0,0.9678116422069633,0.03218835779303675,snapshot_643.xyz,8,4000,16.796962,4000,all,643
0.475028,0.479428,0.0,0.9908223966893882,0.009177603310611793,snapshot_644.xyz,8,4000,16.796962,4000,all,644
0.461784,0.468415,0.0,0.9858437496664282,0.014156250333571818,snapshot_645.xyz,8,4000,16.796962,4000,all,645
0.472826,0.486013,0.0,0.9728669809243786,0.02713301907562138,snapshot_646.xyz,8,4000,16.796962,4000,all,646
0.466206,0.486013,0.0,0.9592459460960922,0.04075405390390785,snapshot_647.xyz,8,4000,16.796962,4000,all,647
0.475028,0.475028,0.0,1.0,0.0,snapshot_648.xyz,8,4000,16.796962,4000,all,648
0.488205,0.501315,0.0,0.9738487777146106,0.026151222285389353,snapshot_649.xyz,8,4000,16.796962,4000,all,649
0.492582,0.48382,0.0,1.018110040924311,-0.0181100409243109,snapshot_650.xyz,8,4000,16.796962,4000,all,650
0.466206,0.477229,0.0,0.9769020742662328,0.023097925733767233,snapshot_651.xyz,8,4000,16.796962,4000,all,651
0.488205,0.481625,0.0,1.0136620814949389,-0.01366208149493886,snapshot_652.xyz,8,4000,16.796962,4000,all,652
0.481625,0.468415,0.0,1.028201487996755,-0.028201487996754926,snapshot_653.xyz,8,4000,16.796962,4000,all,653
0.479428,0.486013,0.0,0.9864509797063042,0.013549020293695757,snapshot_654.xyz,8,4000,16.796962,4000,all,654
0.466206,0.468415,0.0,0.9952840963675373,0.004715903632462659,snapshot_655.xyz,8,4000,16.796962,4000,all,655
0.499135,0.488205,0.0,1.0223881361313383,-0.022388136131338277,snapshot_656.xyz,8,4000,16.796962,4000,all,656
0.490394,0.477229,0.0,1.027586336957729,-0.02758633695772894,snapshot_657.xyz,8,4000,16.796962,4000,all,657
0.475028,0.486013,0.0,0.9773977239291953,0.022602276070804672,snapshot_658.xyz,8,4000,16.796962,4000,all,658
0.470621,0.48382,0.0,0.9727191930883388,0.027280806911661237,snapshot_659.xyz,8,4000,16.796962,4000,all,659
0.475028,0.452915,0.0,1.0488237307221002,-0.04882373072210022,snapshot_660.xyz,8,4000,16.796962,4000,all,660
0.477229,0.472826,0.0,1.009312093666592,-0.009312093666592025,snapshot_661.xyz,8,4000,16.796962,4000,all,661
0.486013,0.490394,0.0,0.9910663670436424,0.008933632956357629,snapshot_662.xyz,8,4000,16.796962,4000,all,662
0.501315,0.494768,0.0,1.0132324645086181,-0.013232464508618147,snapshot_663.xyz,8,4000,16.796962,4000,all,663
0.468415,0.466206,0.0,1.0047382487569874,-0.004738248756987362,snapshot_664.xyz,8,4000,16.796962,4000,all,664
0.472826,0.48382,0.0,0.9772766731429045,0.02272332685709555,snapshot_665.xyz,8,4000,16.796962,4000,all,665
0.48382,0.48382,0.0,1.0,0.0,snapshot_666.xyz,8,4000,16.796962,4000,all,666
0.490394,0.494768,0.0,0.991159492934062,0.008840507065937975,snapshot_667.xyz,8,4000,16.796962,4000,all,667
0.475028,0.468415,0.0,1.0141178228707448,-0.014117822870744812,snapshot_668.xyz,8,4000,16.796962,4000,all,668
0.472826,0.468415,0.0,1.0094168632516038,-0.009416863251603846,snapshot_669.xyz,8,4000,16.796962,4000,all,669
0.481625,0.479428,0.0,1.0045825441985032,-0.004582544198503236,snapshot_670.xyz,8,4000,16.796962,4000,all,670
0.470621,0.472826,0.0,0.9953365508664921,0.004663449133507913,snapshot_671.xyz,8,4000,16.796962,4000,all,671
0.481625,0.455135,0.0,1.0582025113427884,-0.05820251134278842,snapshot_672.xyz,8,4000,16.796962,4000,all,672
0.468415,0.470621,0.0,0.9953125763618709,0.004687423638129129,snapshot_673.xyz,8,4000,16.796962,4000,all,673
0.479428,0.486013,0.0,0.9864509797063042,0.013549020293695757,snapshot_674.xyz,8,4000,16.796962,4000,all,674
0.472826,0.463996,0.0,1.019030336468418,-0.019030336468417897,snapshot_675.xyz,8,4000,16.796962,4000,all,675
0.475028,0.472826,0.0,1.0046571043047547,-0.0046571043047547445,snapshot_676.xyz,8,4000,16.796962,4000,all,676
0.481625,0.477229,0.0,1.0092115106164965,-0.009211510616496499,snapshot_677.xyz,8,4000,16.796962,4000,all,677
0.48382,0.488205,0.0,0.9910181173892114,0.008981882610788583,snapshot_678.xyz,8,4000,16.796962,4000,all,678
0.501315,0.488205,0.0,1.026853473438412,-0.026853473438412045,snapshot_679.xyz,8,4000,16.796962,4000,all,679
0.496952,0.499135,0.0,0.9956264337303535,0.004373566269646467,snapshot_680.xyz,8,4000,16.796962,4000,all,680
0.468415,0.470621,0.0,0.9953125763618709,0.004687423638129129,snapshot_681.xyz,8,4000,16.796962,4000,all,681
0.477229,0.494768,0.0,0.9645510623160755,0.03544893768392454,snapshot_682.xyz,8,4000,16.796962,4000,all,682
0.475028,0.481625,0.0,0.9863026213340254,0.013697378665974647,snapshot_683.xyz,8,4000,16.796962,4000,all,683
0.479428,0.466206,0.0,1.0283608533566706,-0.0283608533566706,snapshot_684.xyz,8,4000,16.796962,4000,all,684
0.501315,0.488205,0.0,1.026853473438412,-0.026853473438412045,snapshot_685.xyz,8,4000,16.796962,4000,all,685
0.475028,0.477229,0.0,0.995387958401522,0.004612041598477945,snapshot_686.xyz,8,4000,16.796962,4000,all,686
0.470621,0.479428,0.0,0.9816301926462367,0.018369807353763257,snapshot_687.xyz,8,4000,16.796962,4000,all,687
0.477229,0.488205,0.0,0.9775176411548427,0.022482358845157258,snapshot_688.xyz,8,4000,16.796962,4000,all,688
0.503494,0.490394,0.0,1.0267132142726052,-0.0267132142726052,snapshot_689.xyz,8,4000,16.796962,4000,all,689
0.488205,0.490394,0.0,0.9955362422868143,0.004463757713185745,snapshot_690.xyz,8,4000,16.796962,4000,all,690
0.479428,0.472826,0.0,1.0139628531425937,-0.013962853142593712,snapshot_691.xyz,8,4000,16.796962,4000,all,691
0.455135,0.477229,0.0,0.9537035678887913,0.04629643211120871,snapshot_692.xyz,8,4000,16.796962,4000,all,692
0.488205,0.494768,0.0,0.9867351971024804,0.013264802897519634,snapshot_693.xyz,8,4000,16.796962,4000,all,693
0.48382,0.503494,0.0,0.9609250557106936,0.03907494428930636,snapshot_694.xyz,8,4000,16.796962,4000,all,694
0.492582,0.492582,0.0,1.0,0.0,snapshot_695.xyz,8,4000,16.796962,4000,all,695
0.466206,0.475028,0.0,0.9814284631642767,0.018571536835723323,snapshot_696.xyz,8,4000,16.796962,4000,all,696
0.492582,0.479428,0.0,1.027436862260861,-0.02743686226086095,snapshot_697.xyz,8,4000,16.796962,4000,all,697
0.486013,0.481625,0.0,1.0091108227355305,-0.009110822735530544,snapshot_698.xyz,8,4000,16.796962,4000,all,698
0.503494,0.490394,0.0,1.0267132142726052,-0.0267132142726052,snapshot_699.xyz,8,4000,16.796962,4000,all,699
0.470621,0.461784,0.0,1.0191366526341321,-0.019136652634132112,snapshot_700.xyz,8,4000,16.796962,4000,all,700
0.45957,0.475028,0.0,0.9674587603257071,0.0325412396742929,snapshot_701.xyz,8,4000,16.796962,4000,all,701
0.468415,0.461784,0.0,1.014359527398091,-0.014359527398090988,snapshot_702.xyz,8,4000,16.796962,4000,all,702
0.486013,0.486013,0.0,1.0,0.0,snapshot_703.xyz,8,4000,16.796962,4000,all,703
0.488205,0.48382,0.0,1.0090632879996693,-0.009063287999669267,snapshot_704.xyz,8,4000,16.796962,4000,all,704
0.466206,0.457353,0.0,1.0193570393109916,-0.01935703931099164,snapshot_705.xyz,8,4000,16.796962,4000,all,705
0.466206,0.468415,0.0,0.9952840963675373,0.004715903632462659,snapshot_706.xyz,8,4000,16.796962,4000,all,706
0.457353,0.468415,0.0,0.9763841892339058,0.023615810766094203,snapshot_707.xyz,8,4000,16.796962,4000,all,707
0.470621,0.48382,0.0,0.9727191930883388,0.027280806911661237,snapshot_708.xyz,8,4000,16.796962,4000,all,708
0.492582,0.492582,0.0,1.0,0.0,snapshot_709.xyz,8,4000,16.796962,4000,all,709
0.481625,0.479428,0.0,1.0045825441985032,-0.004582544198503236,snapshot_710.xyz,8,4000,16.796962,4000,all,710
0.481625,0.496952,0.0,0.9691579870892963,0.030842012910703653,snapshot_711.xyz,8,4000,16.796962,4000,all,711
0.475028,0.470621,0.0,1.0093642230159725,-0.009364223015972506,snapshot_712.xyz,8,4000,16.796962,4000,all,712
0.466206,0.479428,0.0,0.9724213020516115,0.02757869794838852,snapshot_713.xyz,8,4000,16.796962,4000,all,713
0.486013,0.477229,0.0,1.0184062577923805,-0.018406257792380476,snapshot_714.xyz,8,4000,16.796962,4000,all,714
0.490394,0.468415,0.0,1.0469220669705281,-0.04692206697052814,snapshot_715.xyz,8,4000,16.796962,4000,all,715
0.466206,0.486013,0.0,0.9592459460960922,0.04075405390390785,snapshot_716.xyz,8,4000,16.796962,4000,all,716
0.477229,0.463996,0.0,1.0285196424107104,-0.028519642410710366,snapshot_717.xyz,8,4000,16.796962,4000,all,717
0.486013,0.501315,0.0,0.9694762773904632,0.03052372260953684,snapshot_718.xyz,8,4000,16.796962,4000,all,718
0.463996,0.481625,0.0,0.9633968336361277,0.036603166363872286,snapshot_719.xyz,8,4000,16.796962,4000,all,719
0.468415,0.472826,0.0,0.9906709867900665,0.009329013209933512,snapshot_720.xyz,8,4000,16.796962,4000,all,720
0.492582,0.492582,0.0,1.0,0.0,snapshot_721.xyz,8,4000,16.796962,4000,all,721
0.452915,0.463996,0.0,0.9761183286062811,0.023881671393718884,snapshot_722.xyz,8,4000,16.796962,4000,all,722
0.48382,0.477229,0.0,1.013810979634515,-0.013810979634514942,snapshot_723.xyz,8,4000,16.796962,4000,all,723
0.477229,0.475028,0.0,1.004633411083136,-0.004633411083136085,snapshot_724.xyz,8,4000,16.796962,4000,all,724
0.48382,0.490394,0.0,0.9865944526238085,0.013405547376191485,snapshot_725.xyz,8,4000,16.796962,4000,all,725
0.496952,0.492582,0.0,1.0088716193445963,-0.008871619344596349,snapshot_726.xyz,8,4000,16.796962,4000,all,726
0.481625,0.488205,0.0,0.9865220552841533,0.013477944715846735,snapshot_727.xyz,8,4000,16.796962,4000,all,727
0.475028,0.477229,0.0,0.995387958401522,0.004612041598477945,snapshot_728.xyz,8,4000,16.796962,4000,all,728
0.486013,0.490394,0.0,0.9910663670436424,0.008933632956357629,snapshot_729.xyz,8,4000,16.796962,4000,all,729
0.479428,0.468415,0.0,1.0235112026728435,-0.023511202672843456,snapshot_730.xyz,8,4000,16.796962,4000,all,730
0.481625,0.496952,0.0,0.9691579870892963,0.030842012910703653,snapshot_731.xyz,8,4000,16.796962,4000,all,731
0.470621,0.479428,0.0,0.9816301926462367,0.018369807353763257,snapshot_732.xyz,8,4000,16.796962,4000,all,732
0.466206,0.477229,0.0,0.9769020742662328,0.023097925733767233,snapshot_733.xyz,8,4000,16.796962,4000,all,733
0.477229,0.470621,0.0,1.0140410223938159,-0.014041022393815883,snapshot_734.xyz,8,4000,16.796962,4000,all,734
0.48382,0.481625,0.0,1.0045574876719439,-0.004557487671943861,snapshot_735.xyz,8,4000,16.796962,4000,all,735
0.472826,0.463996,0.0,1.019030336468418,-0.019030336468417897,snapshot_736.xyz,8,4000,16.796962,4000,all,736
0.466206,0.470621,0.0,0.99061877816757,0.009381221832429953,snapshot_737.xyz,8,4000,16.796962,4000,all,737
0.470621,0.48382,0.0,0.9727191930883388,0.027280806911661237,snapshot_738.xyz,8,4000,16.796962,4000,all,738
0.479428,0.488205,0.0,0.9820218965393637,0.01797810346063633,snapshot_739.xyz,8,4000,16.796962,4000,all,739
0.488205,0.488205,0.0,1.0,0.0,snapshot_740.xyz,8,4000,16.796962,4000,all,740
0.457353,0.45957,0.0,0.9951759253214962,0.004824074678503765,snapshot_741.xyz,8,4000,16.796962,4000,all,741
0.479428,0.48382,0.0,0.9909222438096814,0.009077756190318587,snapshot_742.xyz,8,4000,16.796962,4000,all,742
0.477229,0.479428,0.0,0.9954132841636283,0.004586715836371713,snapshot_743.xyz,8,4000,16.796962,4000,all,743
0.486013,0.488205,0.0,0.9955100828545385,0.004489917145461542,snapshot_744.xyz,8,4000,16.796962,4000,all,744
0.45957,0.466206,0.0,0.9857659489581858,0.014234051041814189,snapshot_745.xyz,8,4000,16.796962,4000,all,745
0.475028,0.463996,0.0,1.0237760670350606,-0.023776067035060633,snapshot_746.xyz,8,4000,16.796962,4000,all,746
0.468415,0.490394,0.0,0.955180936145222,0.04481906385477796,snapshot_747.xyz,8,4000,16.796962,4000,all,747
0.477229,0.479428,0.0,0.9954132841636283,0.004586715836371713,snapshot_748.xyz,8,4000,16.796962,4000,all,748
0.494768,0.501315,0.0,0.9869403468876854,0.013059653112314606,snapshot_749.xyz,8,4000,16.796962,4000,all,749
0.48382,0.468415,0.0,1.0328875036025744,-0.03288750360257442,snapshot_750.xyz,8,4000,16.796962,4000,all,750
0.481625,0.475028,0.0,1.0138876024150156,-0.013887602415015632,snapshot_751.xyz,8,4000,16.796962,4000,all,751
0.481625,0.479428,0.0,1.0045825441985032,-0.004582544198503236,snapshot_752.xyz,8,4000,16.796962,4000,all,752
0.477229,0.477229,0.0,1.0,0.0,snapshot_753.xyz,8,4000,16.796962,4000,all,753
0.481625,0.479428,0.0,1.0045825441985032,-0.004582544198503236,snapshot_754.xyz,8,4000,16.796962,4000,all,754
0.481625,0.490394,0.0,0.9821184598506507,0.017881540149349284,snapshot_755.xyz,8,4000,16.796962,4000,all,755
0.481625,0.477229,0.0,1.0092115106164965,-0.009211510616496499,snapshot_756.xyz,8,4000,16.796962,4000,all,756
0.475028,0.486013,0.0,0.9773977239291953,0.022602276070804672,snapshot_757.xyz,8,4000,16.796962,4000,all,757
0.470621,0.477229,0.0,0.9861533980541837,0.013846601945816328,snapshot_758.xyz,8,4000,16.796962,4000,all,758
0.472826,0.470621,0.0,1.0046852987860722,-0.004685298786072156,snapshot_759.xyz,8,4000,16.796962,4000,all,759
0.492582,0.512192,0.0,0.9617135761589405,0.038286423841059514,snapshot_760.xyz,8,4000,16.796962,4000,all,760
0.48382,0.490394,0.0,0.9865944526238085,0.013405547376191485,snapshot_761.xyz,8,4000,16.796962,4000,all,761
0.468415,0.475028,0.0,0.9860787153599367,0.013921284640063258,snapshot_762.xyz,8,4000,16.796962,4000,all,762
0.488205,0.477229,0.0,1.0229994405201694,-0.022999440520169445,snapshot_763.xyz,8,4000,16.796962,4000,all,763
0.479428,0.479428,0.0,1.0,0.0,snapshot_764.xyz,8,4000,16.796962,4000,all,764
0.468415,0.481625,0.0,0.9725720218011938,0.027427978198806158,snapshot_765.xyz,8,4000,16.796962,4000,all,765
0.477229,0.486013,0.0,0.9819264093758809,0.018073590624119062,snapshot_766.xyz,8,4000,16.796962,4000,all,766
0.463996,0.463996,0.0,1.0,0.0,snapshot_767.xyz,8,4000,16.796962,4000,all,767
0.466206,0.472826,0.0,0.9859990778848878,0.014000922115112169,snapshot_768.xyz,8,4000,16.796962,4000,all,768
0.486013,0.490394,0.0,0.9910663670436424,0.008933632956357629,snapshot_769.xyz,8,4000,16.796962,4000,all,769
0.479428,0.499135,0.0,0.9605176956134113,0.03948230438658873,snapshot_770.xyz,8,4000,16.796962,4000,all,770
0.479428,0.492582,0.0,0.9732958167371117,0.02670418326288826,snapshot_771.xyz,8,4000,16.796962,4000,all,771
0.488205,0.492582,0.0,0.9911141698235014,0.008885830176498577,snapshot_772.xyz,8,4000,16.796962,4000,all,772
0.470621,0.496952,0.0,0.9470150034610989,0.0529849965389011,snapshot_773.xyz,8,4000,16.796962,4000,all,773
0.477229,0.48382,0.0,0.9863771650613865,0.013622834938613493,snapshot_774.xyz,8,4000,16.796962,4000,all,774
0.479428,0.490394,0.0,0.9776383887241687,0.02236161127583125,snapshot_775.xyz,8,4000,16.796962,4000,all,775
0.466206,0.461784,0.0,1.0095759056182112,-0.0095759056182112,snapshot_776.xyz,8,4000,16.796962,4000,all,776
0.48382,0.472826,0.0,1.023251682437091,-0.02325168243709097,snapshot_777.xyz,8,4000,16.796962,4000,all,777
0.501315,0.494768,0.0,1.0132324645086181,-0.013232464508618147,snapshot_778.xyz,8,4000,16.796962,4000,all,778
0.477229,0.477229,0.0,1.0,0.0,snapshot_779.xyz,8,4000,16.796962,4000,all,779
0.470621,0.475028,0.0,0.9907226521384003,0.009277347861599727,snapshot_780.xyz,8,4000,16.796962,4000,all,780
0.488205,0.475028,0.0,1.0277394174659178,-0.027739417465917793,snapshot_781.xyz,8,4000,16.796962,4000,all,781
0.494768,0.507846,0.0,0.9742480988331108,0.02575190116688919,snapshot_782.xyz,8,4000,16.796962,4000,all,782
0.470621,0.492582,0.0,0.9554165600854274,0.04458343991457259,snapshot_783.xyz,8,4000,16.796962,4000,all,783
0.486013,0.477229,0.0,1.0184062577923805,-0.018406257792380476,snapshot_784.xyz,8,4000,16.796962,4000,all,784
0.479428,0.463996,0.0,1.033258907404374,-0.033258907404374094,snapshot_785.xyz,8,4000,16.796962,4000,all,785
0.475028,0.486013,0.0,0.9773977239291953,0.022602276070804672,snapshot_786.xyz,8,4000,16.796962,4000,all,786
0.472826,0.475028,0.0,0.9953644837777984,0.004635516222201597,snapshot_787.xyz,8,4000,16.796962,4000,all,787
0.501315,0.494768,0.0,1.0132324645086181,-0.013232464508618147,snapshot_788.xyz,8,4000,16.796962,4000,all,788
0.503494,0.494768,0.0,1.0176365488471364,-0.01763654884713639,snapshot_789.xyz,8,4000,16.796962,4000,all,789
0.490394,0.477229,0.0,1.027586336957729,-0.02758633695772894,snapshot_790.xyz,8,4000,16.796962,4000,all,790
0.490394,0.492582,0.0,0.9955580999711723,0.004441900028827717,snapshot_791.xyz,8,4000,16.796962,4000,all,791
0.512192,0.505671,0.0,1.012895736555982,-0.012895736555982085,snapshot_792.xyz,8,4000,16.796962,4000,all,792
0.481625,0.468415,0.0,1.028201487996755,-0.028201487996754926,snapshot_793.xyz,8,4000,16.796962,4000,all,793
0.45957,0.486013,0.0,0.945591990337707,0.05440800966229298,snapshot_794.xyz,8,4000,16.796962,4000,all,794
0.481625,0.48382,0.0,0.9954631887892192,0.004536811210780756,snapshot_795.xyz,8,4000,16.796962,4000,all,795
0.494768,0.477229,0.0,1.0367517481125412,-0.03675174811254123,snapshot_796.xyz,8,4000,16.796962,4000,all,796
0.477229,0.472826,0.0,1.009312093666592,-0.009312093666592025,snapshot_797.xyz,8,4000,16.796962,4000,all,797
0.475028,0.475028,0.0,1.0,0.0,snapshot_798.xyz,8,4000,16.796962,4000,all,798
0.479428,0.479428,0.0,1.0,0.0,snapshot_799.xyz,8,4000,16.796962,4000,all,799
0.481625,0.481625,0.0,1.0,0.0,snapshot_800.xyz,8,4000,16.796962,4000,all,800
0.499135,0.48382,0.0,1.0316543342565416,-0.03165433425654163,snapshot_801.xyz,8,4000,16.796962,4000,all,801
0.481625,0.477229,0.0,1.0092115106164965,-0.009211510616496499,snapshot_802.xyz,8,4000,16.796962,4000,all,802
0.481625,0.48382,0.0,0.9954631887892192,0.004536811210780756,snapshot_803.xyz,8,4000,16.796962,4000,all,803
0.503494,0.501315,0.0,1.0043465685247799,-0.004346568524779881,snapshot_804.xyz,8,4000,16.796962,4000,all,804
0.472826,0.472826,0.0,1.0,0.0,snapshot_805.xyz,8,4000,16.796962,4000,all,805
0.477229,0.486013,0.0,0.9819264093758809,0.018073590624119062,snapshot_806.xyz,8,4000,16.796962,4000,all,806
0.479428,0.48382,0.0,0.9909222438096814,0.009077756190318587,snapshot_807.xyz,8,4000,16.796962,4000,all,807
0.494768,0.496952,0.0,0.9956052093562355,0.004394790643764468,snapshot_808.xyz,8,4000,16.796962,4000,all,808
0.488205,0.481625,0.0,1.0136620814949389,-0.01366208149493886,snapshot_809.xyz,8,4000,16.796962,4000,all,809
0.503494,0.488205,0.0,1.0313167624256203,-0.031316762425620315,snapshot_810.xyz,8,4000,16.796962,4000,all,810
0.479428,0.477229,0.0,1.0046078507383247,-0.004607850738324704,snapshot_811.xyz,8,4000,16.796962,4000,all,811
0.481625,0.48382,0.0,0.9954631887892192,0.004536811210780756,snapshot_812.xyz,8,4000,16.796962,4000,all,812
0.496952,0.503494,0.0,0.987006796506016,0.012993203493984029,snapshot_813.xyz,8,4000,16.796962,4000,all,813
0.455135,0.452915,0.0,1.0049015819745426,-0.0049015819745426015,snapshot_814.xyz,8,4000,16.796962,4000,all,814
0.470621,0.488205,0.0,0.9639823434827582,0.03601765651724176,snapshot_815.xyz,8,4000,16.796962,4000,all,815
0.477229,0.499135,0.0,0.9561120738878259,0.04388792611217407,snapshot_816.xyz,8,4000,16.796962,4000,all,816
0.457353,0.468415,0.0,0.9763841892339058,0.023615810766094203,snapshot_817.xyz,8,4000,16.796962,4000,all,817
0.492582,0.494768,0.0,0.9955817676163374,0.004418232383662568,snapshot_818.xyz,8,4000,16.796962,4000,all,818
0.477229,0.479428,0.0,0.9954132841636283,0.004586715836371713,snapshot_819.xyz,8,4000,16.796962,4000,all,819
0.490394,0.492582,0.0,0.9955580999711723,0.004441900028827717,snapshot_820.xyz,8,4000,16.796962,4000,all,820
0.492582,0.501315,0.0,0.9825798150863231,0.017420184913676917,snapshot_821.xyz,8,4000,16.796962,4000,all,821
0.492582,0.496952,0.0,0.9912063941789147,0.008793605821085348,snapshot_822.xyz,8,4000,16.796962,4000,all,822
0.481625,0.48382,0.0,0.9954631887892192,0.004536811210780756,snapshot_823.xyz,8,4000,16.796962,4000,all,823
0.490394,0.486013,0.0,1.0090141621726167,-0.009014162172616746,snapshot_824.xyz,8,4000,16.796962,4000,all,824
0.468415,0.477229,0.0,0.981530879305323,0.018469120694676988,snapshot_825.xyz,8,4000,16.796962,4000,all,825
0.477229,0.479428,0.0,0.9954132841636283,0.004586715836371713,snapshot_826.xyz,8,4000,16.796962,4000,all,826
0.472826,0.486013,0.0,0.9728669809243786,0.02713301907562138,snapshot_827.xyz,8,4000,16.796962,4000,all,827
0.499135,0.503494,0.0,0.991342498619646,0.008657501380354038,snapshot_828.xyz,8,4000,16.796962,4000,all,828
0.479428,0.488205,0.0,0.9820218965393637,0.01797810346063633,snapshot_829.xyz,8,4000,16.796962,4000,all,829
0.501315,0.505671,0.0,0.991385703352575,0.008614296647424968,snapshot_830.xyz,8,4000,16.796962,4000,all,830
0.479428,0.494768,0.0,0.9689955696407205,0.031004430359279467,snapshot_831.xyz,8,4000,16.796962,4000,all,831
0.477229,0.475028,0.0,1.004633411083136,-0.004633411083136085,snapshot_832.xyz,8,4000,16.796962,4000,all,832
0.490394,0.496952,0.0,0.9868035544680371,0.013196445531962864,snapshot_833.xyz,8,4000,16.796962,4000,all,833
0.481625,0.490394,0.0,0.9821184598506507,0.017881540149349284,snapshot_834.xyz,8,4000,16.796962,4000,all,834
0.468415,0.488205,0.0,0.959463749859178,0.04053625014082196,snapshot_835.xyz,8,4000,16.796962,4000,all,835
0.470621,0.486013,0.0,0.9683300652451684,0.0316699347548316,snapshot_836.xyz,8,4000,16.796962,4000,all,836
0.486013,0.481625,0.0,1.0091108227355305,-0.009110822735530544,snapshot_837.xyz,8,4000,16.796962,4000,all,837
0.479428,0.479428,0.0,1.0,0.0,snapshot_838.xyz,8,4000,16.796962,4000,all,838
0.48382,0.481625,0.0,1.0045574876719439,-0.004557487671943861,snapshot_839.xyz,8,4000,16.796962,4000,all,839
0.492582,0.499135,0.0,0.9868712873270759,0.013128712672924148,snapshot_840.xyz,8,4000,16.796962,4000,all,840
0.481625,0.481625,0.0,1.0,0.0,snapshot_841.xyz,8,4000,16.796962,4000,all,841
0.475028,0.48382,0.0,0.9818279525443347,0.018172047455665252,snapshot_842.xyz,8,4000,16.796962,4000,all,842
0.490394,0.472826,0.0,1.0371553171779893,-0.037155317177989255,snapshot_843.xyz,8,4000,16.796962,4000,all,843
0.48382,0.488205,0.0,0.9910181173892114,0.008981882610788583,snapshot_844.xyz,8,4000,16.796962,4000,all,844
0.488205,0.501315,0.0,0.9738487777146106,0.026151222285389353,snapshot_845.xyz,8,4000,16.796962,4000,all,845
0.501315,0.479428,0.0,1.045652319013491,-0.04565231901349098,snapshot_846.xyz,8,4000,16.796962,4000,all,846
0.501315,0.505671,0.0,0.991385703352575,0.008614296647424968,snapshot_847.xyz,8,4000,16.796962,4000,all,847
0.475028,0.466206,0.0,1.018922965384401,-0.01892296538440097,snapshot_848.xyz,8,4000,16.796962,4000,all,848
0.472826,0.472826,0.0,1.0,0.0,snapshot_849.xyz,8,4000,16.796962,4000,all,849
0.475028,0.479428,0.0,0.9908223966893882,0.009177603310611793,snapshot_850.xyz,8,4000,16.796962,4000,all,850
0.477229,0.486013,0.0,0.9819264093758809,0.018073590624119062,snapshot_851.xyz,8,4000,16.796962,4000,all,851
0.472826,0.477229,0.0,0.9907738213729678,0.009226178627032233,snapshot_852.xyz,8,4000,16.796962,4000,all,852
0.499135,0.488205,0.0,1.0223881361313383,-0.022388136131338277,snapshot_853.xyz,8,4000,16.796962,4000,all,853
0.479428,0.481625,0.0,0.995438359719699,0.004561640280301038,snapshot_854.xyz,8,4000,16.796962,4000,all,854
0.468415,0.48382,0.0,0.9681596461493945,0.03184035385060546,snapshot_855.xyz,8,4000,16.796962,4000,all,855
0.481625,0.492582,0.0,0.9777559878355279,0.022244012164472138,snapshot_856.xyz,8,4000,16.796962,4000,all,856
0.499135,0.503494,0.0,0.991342498619646,0.008657501380354038,snapshot_857.xyz,8,4000,16.796962,4000,all,857
0.499135,0.488205,0.0,1.0223881361313383,-0.022388136131338277,snapshot_858.xyz,8,4000,16.796962,4000,all,858
0.472826,0.477229,0.0,0.9907738213729678,0.009226178627032233,snapshot_859.xyz,8,4000,16.796962,4000,all,859
0.475028,0.472826,0.0,1.0046571043047547,-0.0046571043047547445,snapshot_860.xyz,8,4000,16.796962,4000,all,860
0.51653,0.499135,0.0,1.034850291003436,-0.03485029100343606,snapshot_861.xyz,8,4000,16.796962,4000,all,861
0.481625,0.494768,0.0,0.973436034666753,0.026563965333247008,snapshot_862.xyz,8,4000,16.796962,4000,all,862
0.488205,0.501315,0.0,0.9738487777146106,0.026151222285389353,snapshot_863.xyz,8,4000,16.796962,4000,all,863
0.468415,0.486013,0.0,0.9637910920078271,0.03620890799217291,snapshot_864.xyz,8,4000,16.796962,4000,all,864
0.479428,0.486013,0.0,0.9864509797063042,0.013549020293695757,snapshot_865.xyz,8,4000,16.796962,4000,all,865
0.461784,0.479428,0.0,0.9631978107244465,0.036802189275553454,snapshot_866.xyz,8,4000,16.796962,4000,all,866
0.488205,0.477229,0.0,1.0229994405201694,-0.022999440520169445,snapshot_867.xyz,8,4000,16.796962,4000,all,867
0.481625,0.481625,0.0,1.0,0.0,snapshot_868.xyz,8,4000,16.796962,4000,all,868
0.481625,0.490394,0.0,0.9821184598506507,0.017881540149349284,snapshot_869.xyz,8,4000,16.796962,4000,all,869
0.496952,0.501315,0.0,0.9912968891814529,0.008703110818547133,snapshot_870.xyz,8,4000,16.796962,4000,all,870
0.463996,0.486013,0.0,0.9546987426262261,0.045301257373773884,snapshot_871.xyz,8,4000,16.796962,4000,all,871
0.501315,0.496952,0.0,1.0087795199536373,-0.00877951995363735,snapshot_872.xyz,8,4000,16.796962,4000,all,872
0.48382,0.486013,0.0,0.9954877750183637,0.004512224981636281,snapshot_873.xyz,8,4000,16.796962,4000,all,873
0.475028,0.470621,0.0,1.0093642230159725,-0.009364223015972506,snapshot_874.xyz,8,4000,16.796962,4000,all,874
0.477229,0.492582,0.0,0.9688315854010093,0.031168414598990668,snapshot_875.xyz,8,4000,16.796962,4000,all,875
0.477229,0.488205,0.0,0.9775176411548427,0.022482358845157258,snapshot_876.xyz,8,4000,16.796962,4000,all,876
0.468415,0.477229,0.0,0.981530879305323,0.018469120694676988,snapshot_877.xyz,8,4000,16.796962,4000,all,877
0.496952,0.492582,0.0,1.0088716193445963,-0.008871619344596349,snapshot_878.xyz,8,4000,16.796962,4000,all,878
0.470621,0.48382,0.0,0.9727191930883388,0.027280806911661237,snapshot_879.xyz,8,4000,16.796962,4000,all,879
0.470621,0.466206,0.0,1.009470062590357,-0.009470062590356987,snapshot_880.xyz,8,4000,16.796962,4000,all,880
0.499135,0.496952,0.0,1.0043927783769862,-0.004392778376986151,snapshot_881.xyz,8,4000,16.796962,4000,all,881
0.486013,0.488205,0.0,0.9955100828545385,0.004489917145461542,snapshot_882.xyz,8,4000,16.796962,4000,all,882
0.490394,0.496952,0.0,0.9868035544680371,0.013196445531962864,snapshot_883.xyz,8,4000,16.796962,4000,all,883
0.448469,0.446243,0.0,1.0049883135421733,-0.004988313542173328,snapshot_884.xyz,8,4000,16.796962,4000,all,884
0.494768,0.490394,0.0,1.0089193587197234,-0.00891935871972338,snapshot_885.xyz,8,4000,16.796962,4000,all,885
0.479428,0.479428,0.0,1.0,0.0,snapshot_886.xyz,8,4000,16.796962,4000,all,886
0.486013,0.488205,0.0,0.9955100828545385,0.004489917145461542,snapshot_887.xyz,8,4000,16.796962,4000,all,887
0.486013,0.48382,0.0,1.0045326774420238,-0.004532677442023791,snapshot_888.xyz,8,4000,16.796962,4000,all,888
0.463996,0.479428,0.0,0.9678116422069633,0.03218835779303675,snapshot_889.xyz,8,4000,16.796962,4000,all,889
0.472826,0.479428,0.0,0.9862294233962138,0.013770576603786222,snapshot_890.xyz,8,4000,16.796962,4000,all,890
0.507846,0.494768,0.0,1.026432590628335,-0.026432590628334918,snapshot_891.xyz,8,4000,16.796962,4000,all,891
0.492582,0.477229,0.0,1.0321711379652116,-0.03217113796521165,snapshot_892.xyz,8,4000,16.796962,4000,all,892
0.48382,0.492582,0.0,0.9822120986962576,0.017787901303742415,snapshot_893.xyz,8,4000,16.796962,4000,all,893
0.479428,0.481625,0.0,0.995438359719699,0.004561640280301038,snapshot_894.xyz,8,4000,16.796962,4000,all,894
0.470621,0.477229,0.0,0.9861533980541837,0.013846601945816328,snapshot_895.xyz,8,4000,16.796962,4000,all,895
0.481625,0.501315,0.0,0.9607232977269782,0.039276702273021824,snapshot_896.xyz,8,4000,16.796962,4000,all,896
0.490394,0.486013,0.0,1.0090141621726167,-0.009014162172616746,snapshot_897.xyz,8,4000,16.796962,4000,all,897
0.48382,0.492582,0.0,0.9822120986962576,0.017787901303742415,snapshot_898.xyz,8,4000,16.796962,4000,all,898
0.481625,0.461784,0.0,1.0429659754344023,-0.04296597543440228,snapshot_899.xyz,8,4000,16.796962,4000,all,899
0.472826,0.481625,0.0,0.9817305995328316,0.018269400467168406,snapshot_900.xyz,8,4000,16.796962,4000,all,900
0.461784,0.475028,0.0,0.9721195382166945,0.0278804617833055,snapshot_901.xyz,8,4000,16.796962,4000,all,901
0.477229,0.466206,0.0,1.0236440543450749,-0.023644054345074883,snapshot_902.xyz,8,4000,16.796962,4000,all,902
0.472826,0.479428,0.0,0.9862294233962138,0.013770576603786222,snapshot_903.xyz,8,4000,16.796962,4000,all,903
0.479428,0.48382,0.0,0.9909222438096814,0.009077756190318587,snapshot_904.xyz,8,4000,16.796962,4000,all,904
0.48382,0.468415,0.0,1.0328875036025744,-0.03288750360257442,snapshot_905.xyz,8,4000,16.796962,4000,all,905
0.477229,0.486013,0.0,0.9819264093758809,0.018073590624119062,snapshot_906.xyz,8,4000,16.796962,4000,all,906
0.505671,0.490394,0.0,1.0311525018658465,-0.031152501865846505,snapshot_907.xyz,8,4000,16.796962,4000,all,907
0.501315,0.492582,0.0,1.0177290278572906,-0.01772902785729058,snapshot_908.xyz,8,4000,16.796962,4000,all,908
0.501315,0.488205,0.0,1.026853473438412,-0.026853473438412045,snapshot_909.xyz,8,4000,16.796962,4000,all,909
0.492582,0.486013,0.0,1.0135160993635974,-0.013516099363597434,snapshot_910.xyz,8,4000,16.796962,4000,all,910
0.501315,0.494768,0.0,1.0132324645086181,-0.013232464508618147,snapshot_911.xyz,8,4000,16.796962,4000,all,911
0.472826,0.472826,0.0,1.0,0.0,snapshot_912.xyz,8,4000,16.796962,4000,all,912
0.492582,0.488205,0.0,1.0089654960518635,-0.008965496051863475,snapshot_913.xyz,8,4000,16.796962,4000,all,913
0.45957,0.475028,0.0,0.9674587603257071,0.0325412396742929,snapshot_914.xyz,8,4000,16.796962,4000,all,914
0.470621,0.477229,0.0,0.9861533980541837,0.013846601945816328,snapshot_915.xyz,8,4000,16.796962,4000,all,915
0.490394,0.481625,0.0,1.0182071113418114,-0.01820711134181141,snapshot_916.xyz,8,4000,16.796962,4000,all,916
0.470621,0.477229,0.0,0.9861533980541837,0.013846601945816328,snapshot_917.xyz,8,4000,16.796962,4000,all,917
0.472826,0.475028,0.0,0.9953644837777984,0.004635516222201597,snapshot_918.xyz,8,4000,16.796962,4000,all,918
0.494768,0.475028,0.0,1.0415554451527067,-0.041555445152706705,snapshot_919.xyz,8,4000,16.796962,4000,all,919
0.472826,0.466206,0.0,1.0141997314491877,-0.014199731449187736,snapshot_920.xyz,8,4000,16.796962,4000,all,920
0.475028,0.477229,0.0,0.995387958401522,0.004612041598477945,snapshot_921.xyz,8,4000,16.796962,4000,all,921
0.486013,0.492582,0.0,0.986664149319301,0.01333585068069898,snapshot_922.xyz,8,4000,16.796962,4000,all,922
0.496952,0.48382,0.0,1.0271423256583028,-0.02714232565830277,snapshot_923.xyz,8,4000,16.796962,4000,all,923
0.490394,0.501315,0.0,0.9782152937773656,0.021784706222634398,snapshot_924.xyz,8,4000,16.796962,4000,all,924
0.486013,0.472826,0.0,1.0278897522555865,-0.027889752255586542,snapshot_925.xyz,8,4000,16.796962,4000,all,925
0.479428,0.477229,0.0,1.0046078507383247,-0.004607850738324704,snapshot_926.xyz,8,4000,16.796962,4000,all,926
0.479428,0.488205,0.0,0.9820218965393637,0.01797810346063633,snapshot_927.xyz,8,4000,16.796962,4000,all,927
0.475028,0.481625,0.0,0.9863026213340254,0.013697378665974647,snapshot_928.xyz,8,4000,16.796962,4000,all,928
0.490394,0.490394,0.0,1.0,0.0,snapshot_929.xyz,8,4000,16.796962,4000,all,929
0.494768,0.490394,0.0,1.0089193587197234,-0.00891935871972338,snapshot_930.xyz,8,4000,16.796962,4000,all,930
0.494768,0.492582,0.0,1.0044378397911413,-0.004437839791141318,snapshot_931.xyz,8,4000,16.796962,4000,all,931
0.470621,0.472826,0.0,0.9953365508664921,0.004663449133507913,snapshot_932.xyz,8,4000,16.796962,4000,all,932
0.477229,0.488205,0.0,0.9775176411548427,0.022482358845157258,snapshot_933.xyz,8,4000,16.796962,4000,all,933
0.494768,0.48382,0.0,1.0226282501756851,-0.02262825017568515,snapshot_934.xyz,8,4000,16.796962,4000,all,934
0.481625,0.477229,0.0,1.0092115106164965,-0.009211510616496499,snapshot_935.xyz,8,4000,16.796962,4000,all,935
0.463996,0.490394,0.0,0.9461698144757074,0.05383018552429264,snapshot_936.xyz,8,4000,16.796962,4000,all,936
0.48382,0.479428,0.0,1.0091609167591378,-0.009160916759137772,snapshot_937.xyz,8,4000,16.796962,4000,all,937
0.477229,0.48382,0.0,0.9863771650613865,0.013622834938613493,snapshot_938.xyz,8,4000,16.796962,4000,all,938
0.499135,0.490394,0.0,1.0178244432028125,-0.017824443202812512,snapshot_939.xyz,8,4000,16.796962,4000,all,939
0.501315,0.479428,0.0,1.045652319013491,-0.04565231901349098,snapshot_940.xyz,8,4000,16.796962,4000,all,940
0.475028,0.466206,0.0,1.018922965384401,-0.01892296538440097,snapshot_941.xyz,8,4000,16.796962,4000,all,941
0.486013,0.470621,0.0,1.0327057228640455,-0.032705722864045494,snapshot_942.xyz,8,4000,16.796962,4000,all,942
0.486013,0.490394,0.0,0.9910663670436424,0.008933632956357629,snapshot_943.xyz,8,4000,16.796962,4000,all,943
0.45957,0.490394,0.0,0.9371444185695583,0.06285558143044168,snapshot_944.xyz,8,4000,16.796962,4000,all,944
0.492582,0.501315,0.0,0.9825798150863231,0.017420184913676917,snapshot_945.xyz,8,4000,16.796962,4000,all,945
0.475028,0.452915,0.0,1.0488237307221002,-0.04882373072210022,snapshot_946.xyz,8,4000,16.796962,4000,all,946
0.475028,0.475028,0.0,1.0,0.0,snapshot_947.xyz,8,4000,16.796962,4000,all,947
0.477229,0.479428,0.0,0.9954132841636283,0.004586715836371713,snapshot_948.xyz,8,4000,16.796962,4000,all,948
0.490394,0.477229,0.0,1.027586336957729,-0.02758633695772894,snapshot_949.xyz,8,4000,16.796962,4000,all,949
0.475028,0.470621,0.0,1.0093642230159725,-0.009364223015972506,snapshot_950.xyz,8,4000,16.796962,4000,all,950
0.494768,0.503494,0.0,0.9826691082713994,0.017330891728600584,snapshot_951.xyz,8,4000,16.796962,4000,all,951
0.477229,0.492582,0.0,0.9688315854010093,0.031168414598990668,snapshot_952.xyz,8,4000,16.796962,4000,all,952
0.470621,0.472826,0.0,0.9953365508664921,0.004663449133507913,snapshot_953.xyz,8,4000,16.796962,4000,all,953
0.481625,0.477229,0.0,1.0092115106164965,-0.009211510616496499,snapshot_954.xyz,8,4000,16.796962,4000,all,954
0.472826,0.503494,0.0,0.9390896415846068,0.06091035841539316,snapshot_955.xyz,8,4000,16.796962,4000,all,955
0.479428,0.486013,0.0,0.9864509797063042,0.013549020293695757,snapshot_956.xyz,8,4000,16.796962,4000,all,956
0.481625,0.488205,0.0,0.9865220552841533,0.013477944715846735,snapshot_957.xyz,8,4000,16.796962,4000,all,957
0.48382,0.488205,0.0,0.9910181173892114,0.008981882610788583,snapshot_958.xyz,8,4000,16.796962,4000,all,958
0.488205,0.48382,0.0,1.0090632879996693,-0.009063287999669267,snapshot_959.xyz,8,4000,16.796962,4000,all,959
0.472826,0.48382,0.0,0.9772766731429045,0.02272332685709555,snapshot_960.xyz,8,4000,16.796962,4000,all,960
0.48382,0.479428,0.0,1.0091609167591378,-0.009160916759137772,snapshot_961.xyz,8,4000,16.796962,4000,all,961
0.457353,0.463996,0.0,0.9856830662333296,0.014316933766670425,snapshot_962.xyz,8,4000,16.796962,4000,all,962
0.481625,0.457353,0.0,1.0530706041066749,-0.05307060410667486,snapshot_963.xyz,8,4000,16.796962,4000,all,963
0.475028,0.475028,0.0,1.0,0.0,snapshot_964.xyz,8,4000,16.796962,4000,all,964
0.486013,0.479428,0.0,1.0137351176819043,-0.013735117681904274,snapshot_965.xyz,8,4000,16.796962,4000,all,965
0.477229,0.486013,0.0,0.9819264093758809,0.018073590624119062,snapshot_966.xyz,8,4000,16.796962,4000,all,966
0.494768,0.48382,0.0,1.0226282501756851,-0.02262825017568515,snapshot_967.xyz,8,4000,16.796962,4000,all,967
0.486013,0.488205,0.0,0.9955100828545385,0.004489917145461542,snapshot_968.xyz,8,4000,16.796962,4000,all,968
0.470621,0.475028,0.0,0.9907226521384003,0.009277347861599727,snapshot_969.xyz,8,4000,16.796962,4000,all,969
0.477229,0.477229,0.0,1.0,0.0,snapshot_970.xyz,8,4000,16.796962,4000,all,970
0.477229,0.463996,0.0,1.0285196424107104,-0.028519642410710366,snapshot_971.xyz,8,4000,16.796962,4000,all,971
0.490394,0.481625,0.0,1.0182071113418114,-0.01820711134181141,snapshot_972.xyz,8,4000,16.796962,4000,all,972
0.457353,0.472826,0.0,0.9672754882345725,0.032724511765427455,snapshot_973.xyz,8,4000,16.796962,4000,all,973
0.486013,0.496952,0.0,0.9779878137123906,0.02201218628760937,snapshot_974.xyz,8,4000,16.796962,4000,all,974
0.496952,0.494768,0.0,1.00441419008505,-0.004414190085050063,snapshot_975.xyz,8,4000,16.796962,4000,all,975
0.472826,0.488205,0.0,0.968498888786473,0.031501111213527055,snapshot_976.xyz,8,4000,16.796962,4000,all,976
0.479428,0.501315,0.0,0.9563408236338431,0.043659176366156904,snapshot_977.xyz,8,4000,16.796962,4000,all,977
0.45957,0.466206,0.0,0.9857659489581858,0.014234051041814189,snapshot_978.xyz,8,4000,16.796962,4000,all,978
0.492582,0.492582,0.0,1.0,0.0,snapshot_979.xyz,8,4000,16.796962,4000,all,979
0.488205,0.488205,0.0,1.0,0.0,snapshot_980.xyz,8,4000,16.796962,4000,all,980
0.477229,0.479428,0.0,0.9954132841636283,0.004586715836371713,snapshot_981.xyz,8,4000,16.796962,4000,all,981
0.479428,0.481625,0.0,0.995438359719699,0.004561640280301038,snapshot_982.xyz,8,4000,16.796962,4000,all,982
0.486013,0.501315,0.0,0.9694762773904632,0.03052372260953684,snapshot_983.xyz,8,4000,16.796962,4000,all,983
0.463996,0.477229,0.0,0.972271173797066,0.027728826202934043,snapshot_984.xyz,8,4000,16.796962,4000,all,984
0.490394,0.501315,0.0,0.9782152937773656,0.021784706222634398,snapshot_985.xyz,8,4000,16.796962,4000,all,985
0.488205,0.481625,0.0,1.0136620814949389,-0.01366208149493886,snapshot_986.xyz,8,4000,16.796962,4000,all,986
0.492582,0.501315,0.0,0.9825798150863231,0.017420184913676917,snapshot_987.xyz,8,4000,16.796962,4000,all,987
0.475028,0.479428,0.0,0.9908223966893882,0.009177603310611793,snapshot_988.xyz,8,4000,16.796962,4000,all,988
0.499135,0.499135,0.0,1.0,0.0,snapshot_989.xyz,8,4000,16.796962,4000,all,989
0.490394,0.494768,0.0,0.991159492934062,0.008840507065937975,snapshot_990.xyz,8,4000,16.796962,4000,all,990
0.492582,0.481625,0.0,1.0227500648845056,-0.022750064884505594,snapshot_991.xyz,8,4000,16.796962,4000,all,991
0.490394,0.486013,0.0,1.0090141621726167,-0.009014162172616746,snapshot_992.xyz,8,4000,16.796962,4000,all,992
0.48382,0.492582,0.0,0.9822120986962576,0.017787901303742415,snapshot_993.xyz,8,4000,16.796962,4000,all,993
0.479428,0.492582,0.0,0.9732958167371117,0.02670418326288826,snapshot_994.xyz,8,4000,16.796962,4000,all,994
0.486013,0.488205,0.0,0.9955100828545385,0.004489917145461542,snapshot_995.xyz,8,4000,16.796962,4000,all,995
0.472826,0.475028,0.0,0.9953644837777984,0.004635516222201597,snapshot_996.xyz,8,4000,16.796962,4000,all,996
0.499135,0.494768,0.0,1.0088263590207935,-0.00882635902079354,snapshot_997.xyz,8,4000,16.796962,4000,all,997
0.490394,0.490394,0.0,1.0,0.0,snapshot_998.xyz,8,4000,16.796962,4000,all,998
0.481625,0.486013,0.0,0.9909714349204652,0.009028565079534756,snapshot_999.xyz,8,4000,16.796962,4000,all,999
0.455135,0.457353,0.0,0.9951503543214978,0.004849645678502212,snapshot_1000.xyz,8,4000,16.796962,4000,all,1000
0.479428,0.488205,0.0,0.9820218965393637,0.01797810346063633,snapshot_1001.xyz,8,4000,16.796962,4000,all,1001
0.466206,0.477229,0.0,0.9769020742662328,0.023097925733767233,snapshot_1002.xyz,8,4000,16.796962,4000,all,1002
0.496952,0.488205,0.0,1.0179166538646676,-0.017916653864667564,snapshot_1003.xyz,8,4000,16.796962,4000,all,1003
0.481625,0.492582,0.0,0.9777559878355279,0.022244012164472138,snapshot_1004.xyz,8,4000,16.796962,4000,all,1004
0.499135,0.499135,0.0,1.0,0.0,snapshot_1005.xyz,8,4000,16.796962,4000,all,1005
0.466206,0.48382,0.0,0.9635938985573148,0.03640610144268519,snapshot_1006.xyz,8,4000,16.796962,4000,all,1006
0.481625,0.503494,0.0,0.9565655201452252,0.04343447985477478,snapshot_1007.xyz,8,4000,16.796962,4000,all,1007
0.479428,0.481625,0.0,0.995438359719699,0.004561640280301038,snapshot_1008.xyz,8,4000,16.796962,4000,all,1008
0.492582,0.496952,0.0,0.9912063941789147,0.008793605821085348,snapshot_1009.xyz,8,4000,16.796962,4000,all,1009
0.486013,0.475028,0.0,1.0231249526343709,-0.023124952634370866,snapshot_1010.xyz,8,4000,16.796962,4000,all,1010
0.481625,0.490394,0.0,0.9821184598506507,0.017881540149349284,snapshot_1011.xyz,8,4000,16.796962,4000,all,1011
0.48382,0.486013,0.0,0.9954877750183637,0.004512224981636281,snapshot_1012.xyz,8,4000,16.796962,4000,all,1012
0.488205,0.486013,0.0,1.0045101674235053,-0.004510167423505296,snapshot_1013.xyz,8,4000,16.796962,4000,all,1013
0.477229,0.503494,0.0,0.9478345322883689,0.05216546771163111,snapshot_1014.xyz,8,4000,16.796962,4000,all,1014
0.479428,0.486013,0.0,0.9864509797063042,0.013549020293695757,snapshot_1015.xyz,8,4000,16.796962,4000,all,1015
0.488205,0.48382,0.0,1.0090632879996693,-0.009063287999669267,snapshot_1016.xyz,8,4000,16.796962,4000,all,1016
0.492582,0.479428,0.0,1.027436862260861,-0.02743686226086095,snapshot_1017.xyz,8,4000,16.796962,4000,all,1017
0.488205,0.486013,0.0,1.0045101674235053,-0.004510167423505296,snapshot_1018.xyz,8,4000,16.796962,4000,all,1018
0.503494,0.499135,0.0,1.0087331082773197,-0.008733108277319657,snapshot_1019.xyz,8,4000,16.796962,4000,all,1019
0.486013,0.494768,0.0,0.9823048378229796,0.017695162177020385,snapshot_1020.xyz,8,4000,16.796962,4000,all,1020
0.475028,0.488205,0.0,0.9730092891305906,0.026990710869409407,snapshot_1021.xyz,8,4000,16.796962,4000,all,1021
0.494768,0.501315,0.0,0.9869403468876854,0.013059653112314606,snapshot_1022.xyz,8,4000,16.796962,4000,all,1022
0.481625,0.48382,0.0,0.9954631887892192,0.004536811210780756,snapshot_1023.xyz,8,4000,16.796962,4000,all,1023
0.490394,0.507846,0.0,0.9656352516314001,0.03436474836859993,snapshot_1024.xyz,8,4000,16.796962,4000,all,1024
0.488205,0.488205,0.0,1.0,0.0,snapshot_1025.xyz,8,4000,16.796962,4000,all,1025
0.481625,0.479428,0.0,1.0045825441985032,-0.004582544198503236,snapshot_1026.xyz,8,4000,16.796962,4000,all,1026
0.48382,0.496952,0.0,0.9735749126676218,0.02642508733237825,snapshot_1027.xyz,8,4000,16.796962,4000,all,1027
0.463996,0.468415,0.0,0.9905660578760287,0.009433942123971306,snapshot_1028.xyz,8,4000,16.796962,4000,all,1028
0.481625,0.492582,0.0,0.9777559878355279,0.022244012164472138,snapshot_1029.xyz,8,4000,16.796962,4000,all,1029
0.488205,0.481625,0.0,1.0136620814949389,-0.01366208149493886,snapshot_1030.xyz,8,4000,16.796962,4000,all,1030
0.470621,0.494768,0.0,0.9511953076997705,0.048804692300229546,snapshot_1031.xyz,8,4000,16.796962,4000,all,1031
0.48382,0.490394,0.0,0.9865944526238085,0.013405547376191485,snapshot_1032.xyz,8,4000,16.796962,4000,all,1032
0.470621,0.470621,0.0,1.0,0.0,snapshot_1033.xyz,8,4000,16.796962,4000,all,1033
0.494768,0.501315,0.0,0.9869403468876854,0.013059653112314606,snapshot_1034.xyz,8,4000,16.796962,4000,all,1034
0.486013,0.501315,0.0,0.9694762773904632,0.03052372260953684,snapshot_1035.xyz,8,4000,16.796962,4000,all,1035
0.492582,0.472826,0.0,1.0417828122818964,-0.0417828122818964,snapshot_1036.xyz,8,4000,16.796962,4000,all,1036
0.503494,0.486013,0.0,1.0359681736908273,-0.035968173690827276,snapshot_1037.xyz,8,4000,16.796962,4000,all,1037
0.48382,0.494768,0.0,0.9778724573941726,0.02212754260582739,snapshot_1038.xyz,8,4000,16.796962,4000,all,1038
0.479428,0.477229,0.0,1.0046078507383247,-0.004607850738324704,snapshot_1039.xyz,8,4000,16.796962,4000,all,1039
0.488205,0.488205,0.0,1.0,0.0,snapshot_1040.xyz,8,4000,16.796962,4000,all,1040
0.479428,0.481625,0.0,0.995438359719699,0.004561640280301038,snapshot_1041.xyz,8,4000,16.796962,4000,all,1041
0.492582,0.488205,0.0,1.0089654960518635,-0.008965496051863475,snapshot_1042.xyz,8,4000,16.796962,4000,all,1042
0.492582,0.499135,0.0,0.9868712873270759,0.013128712672924148,snapshot_1043.xyz,8,4000,16.796962,4000,all,1043
0.492582,0.492582,0.0,1.0,0.0,snapshot_1044.xyz,8,4000,16.796962,4000,all,1044
0.470621,0.466206,0.0,1.009470062590357,-0.009470062590356987,snapshot_1045.xyz,8,4000,16.796962,4000,all,1045
0.472826,0.466206,0.0,1.0141997314491877,-0.014199731449187736,snapshot_1046.xyz,8,4000,16.796962,4000,all,1046
0.48382,0.463996,0.0,1.0427245062457433,-0.04272450624574331,snapshot_1047.xyz,8,4000,16.796962,4000,all,1047
0.481625,0.48382,0.0,0.9954631887892192,0.004536811210780756,snapshot_1048.xyz,8,4000,16.796962,4000,all,1048
0.501315,0.505671,0.0,0.991385703352575,0.008614296647424968,snapshot_1049.xyz,8,4000,16.796962,4000,all,1049
0.48382,0.48382,0.0,1.0,0.0,snapshot_1050.xyz,8,4000,16.796962,4000,all,1050
0.492582,0.475028,0.0,1.036953611155553,-0.03695361115555307,snapshot_1051.xyz,8,4000,16.796962,4000,all,1051
0.486013,0.492582,0.0,0.986664149319301,0.01333585068069898,snapshot_1052.xyz,8,4000,16.796962,4000,all,1052
0.477229,0.486013,0.0,0.9819264093758809,0.018073590624119062,snapshot_1053.xyz,8,4000,16.796962,4000,all,1053
0.472826,0.472826,0.0,1.0,0.0,snapshot_1054.xyz,8,4000,16.796962,4000,all,1054
0.496952,0.481625,0.0,1.0318235141448222,-0.03182351414482221,snapshot_1055.xyz,8,4000,16.796962,4000,all,1055
0.457353,0.468415,0.0,0.9763841892339058,0.023615810766094203,snapshot_1056.xyz,8,4000,16.796962,4000,all,1056
0.470621,0.470621,0.0,1.0,0.0,snapshot_1057.xyz,8,4000,16.796962,4000,all,1057
0.477229,0.477229,0.0,1.0,0.0,snapshot_1058.xyz,8,4000,16.796962,4000,all,1058
0.475028,0.477229,0.0,0.995387958401522,0.004612041598477945,snapshot_1059.xyz,8,4000,16.796962,4000,all,1059
0.499135,0.486013,0.0,1.026999277797096,-0.02699927779709599,snapshot_1060.xyz,8,4000,16.796962,4000,all,1060
0.468415,0.481625,0.0,0.9725720218011938,0.027427978198806158,snapshot_1061.xyz,8,4000,16.796962,4000,all,1061
0.496952,0.486013,0.0,1.0225076283967713,-0.02250762839677134,snapshot_1062.xyz,8,4000,16.796962,4000,all,1062
0.48382,0.486013,0.0,0.9954877750183637,0.004512224981636281,snapshot_1063.xyz,8,4000,16.796962,4000,all,1063
0.479428,0.466206,0.0,1.0283608533566706,-0.0283608533566706,snapshot_1064.xyz,8,4000,16.796962,4000,all,1064
0.486013,0.481625,0.0,1.0091108227355305,-0.009110822735530544,snapshot_1065.xyz,8,4000,16.796962,4000,all,1065
0.48382,0.475028,0.0,1.0185083826637586,-0.01850838266375865,snapshot_1066.xyz,8,4000,16.796962,4000,all,1066
0.466206,0.507846,0.0,0.9180066398081308,0.0819933601918692,snapshot_1067.xyz,8,4000,16.796962,4000,all,1067
0.490394,0.490394,0.0,1.0,0.0,snapshot_1068.xyz,8,4000,16.796962,4000,all,1068
0.479428,0.477229,0.0,1.0046078507383247,-0.004607850738324704,snapshot_1069.xyz,8,4000,16.796962,4000,all,1069
0.496952,0.514362,0.0,0.966152242972848,0.03384775702715204,snapshot_1070.xyz,8,4000,16.796962,4000,all,1070
0.486013,0.481625,0.0,1.0091108227355305,-0.009110822735530544,snapshot_1071.xyz,8,4000,16.796962,4000,all,1071
0.496952,0.496952,0.0,1.0,0.0,snapshot_1072.xyz,8,4000,16.796962,4000,all,1072
0.481625,0.481625,0.0,1.0,0.0,snapshot_1073.xyz,8,4000,16.796962,4000,all,1073
0.501315,0.499135,0.0,1.0043675558716578,-0.0043675558716578244,snapshot_1074.xyz,8,4000,16.796962,4000,all,1074
0.503494,0.501315,0.0,1.0043465685247799,-0.004346568524779881,snapshot_1075.xyz,8,4000,16.796962,4000,all,1075
0.496952,0.507846,0.0,0.9785486151313587,0.021451384868641288,snapshot_1076.xyz,8,4000,16.796962,4000,all,1076
0.492582,0.472826,0.0,1.0417828122818964,-0.0417828122818964,snapshot_1077.xyz,8,4000,16.796962,4000,all,1077
0.475028,0.470621,0.0,1.0093642230159725,-0.009364223015972506,snapshot_1078.xyz,8,4000,16.796962,4000,all,1078
0.490394,0.475028,0.0,1.0323475668802682,-0.032347566880268186,snapshot_1079.xyz,8,4000,16.796962,4000,all,1079
0.499135,0.501315,0.0,0.9956514367214228,0.004348563278577244,snapshot_1080.xyz,8,4000,16.796962,4000,all,1080
0.463996,0.472826,0.0,0.9813250540367915,0.01867494596320851,snapshot_1081.xyz,8,4000,16.796962,4000,all,1081
0.481625,0.499135,0.0,0.9649193104070042,0.03508068959299582,snapshot_1082.xyz,8,4000,16.796962,4000,all,1082
0.496952,0.499135,0.0,0.9956264337303535,0.004373566269646467,snapshot_1083.xyz,8,4000,16.796962,4000,all,1083
0.472826,0.490394,0.0,0.9641757444014405,0.03582425559855951,snapshot_1084.xyz,8,4000,16.796962,4000,all,1084
0.496952,0.503494,0.0,0.987006796506016,0.012993203493984029,snapshot_1085.xyz,8,4000,16.796962,4000,all,1085
0.499135,0.48382,0.0,1.0316543342565416,-0.03165433425654163,snapshot_1086.xyz,8,4000,16.796962,4000,all,1086
0.481625,0.486013,0.0,0.9909714349204652,0.009028565079534756,snapshot_1087.xyz,8,4000,16.796962,4000,all,1087
0.477229,0.475028,0.0,1.004633411083136,-0.004633411083136085,snapshot_1088.xyz,8,4000,16.796962,4000,all,1088
0.475028,0.470621,0.0,1.0093642230159725,-0.009364223015972506,snapshot_1089.xyz,8,4000,16.796962,4000,all,1089
0.481625,0.470621,0.0,1.0233818720371595,-0.023381872037159468,snapshot_1090.xyz,8,4000,16.796962,4000,all,1090
0.470621,0.479428,0.0,0.9816301926462367,0.018369807353763257,snapshot_1091.xyz,8,4000,16.796962,4000,all,1091
0.48382,0.486013,0.0,0.9954877750183637,0.004512224981636281,snapshot_1092.xyz,8,4000,16.796962,4000,all,1092
0.492582,0.486013,0.0,1.0135160993635974,-0.013516099363597434,snapshot_1093.xyz,8,4000,16.796962,4000,all,1093
0.492582,0.488205,0.0,1.0089654960518635,-0.008965496051863475,snapshot_1094.xyz,8,4000,16.796962,4000,all,1094
0.486013,0.496952,0.0,0.9779878137123906,0.02201218628760937,snapshot_1095.xyz,8,4000,16.796962,4000,all,1095
0.492582,0.490394,0.0,1.0044617185365237,-0.004461718536523662,snapshot_1096.xyz,8,4000,16.796962,4000,all,1096
0.488205,0.503494,0.0,0.969634196236698,0.030365803763302,snapshot_1097.xyz,8,4000,16.796962,4000,all,1097
0.499135,0.496952,0.0,1.0043927783769862,-0.004392778376986151,snapshot_1098.xyz,8,4000,16.796962,4000,all,1098
0.479428,0.479428,0.0,1.0,0.0,snapshot_1099.xyz,8,4000,16.796962,4000,all,1099
0.486013,0.463996,0.0,1.047450840093449,-0.04745084009344902,snapshot_1100.xyz,8,4000,16.796962,4000,all,1100
0.479428,0.48382,0.0,0.9909222438096814,0.009077756190318587,snapshot_1101.xyz,8,4000,16.796962,4000,all,1101
0.477229,0.468415,0.0,1.0188166476308402,-0.018816647630840233,snapshot_1102.xyz,8,4000,16.796962,4000,all,1102
0.486013,0.479428,0.0,1.0137351176819043,-0.013735117681904274,snapshot_1103.xyz,8,4000,16.796962,4000,all,1103
0.481625,0.48382,0.0,0.9954631887892192,0.004536811210780756,snapshot_1104.xyz,8,4000,16.796962,4000,all,1104
0.486013,0.494768,0.0,0.9823048378229796,0.017695162177020385,snapshot_1105.xyz,8,4000,16.796962,4000,all,1105
0.457353,0.468415,0.0,0.9763841892339058,0.023615810766094203,snapshot_1106.xyz,8,4000,16.796962,4000,all,1106
0.494768,0.503494,0.0,0.9826691082713994,0.017330891728600584,snapshot_1107.xyz,8,4000,16.796962,4000,all,1107
0.490394,0.492582,0.0,0.9955580999711723,0.004441900028827717,snapshot_1108.xyz,8,4000,16.796962,4000,all,1108
0.477229,0.481625,0.0,0.9908725668310407,0.009127433168959254,snapshot_1109.xyz,8,4000,16.796962,4000,all,1109
0.488205,0.494768,0.0,0.9867351971024804,0.013264802897519634,snapshot_1110.xyz,8,4000,16.796962,4000,all,1110
0.486013,0.479428,0.0,1.0137351176819043,-0.013735117681904274,snapshot_1111.xyz,8,4000,16.796962,4000,all,1111
0.486013,0.481625,0.0,1.0091108227355305,-0.009110822735530544,snapshot_1112.xyz,8,4000,16.796962,4000,all,1112
0.499135,0.499135,0.0,1.0,0.0,snapshot_1113.xyz,8,4000,16.796962,4000,all,1113
0.463996,0.475028,0.0,0.9767761058295511,0.0232238941704489,snapshot_1114.xyz,8,4000,16.796962,4000,all,1114
0.481625,0.486013,0.0,0.9909714349204652,0.009028565079534756,snapshot_1115.xyz,8,4000,16.796962,4000,all,1115
0.496952,0.486013,0.0,1.0225076283967713,-0.02250762839677134,snapshot_1116.xyz,8,4000,16.796962,4000,all,1116
0.475028,0.481625,0.0,0.9863026213340254,0.013697378665974647,snapshot_1117.xyz,8,4000,16.796962,4000,all,1117
0.499135,0.496952,0.0,1.0043927783769862,-0.004392778376986151,snapshot_1118.xyz,8,4000,16.796962,4000,all,1118
0.470621,0.472826,0.0,0.9953365508664921,0.004663449133507913,snapshot_1119.xyz,8,4000,16.796962,4000,all,1119
0.468415,0.470621,0.0,0.9953125763618709,0.004687423638129129,snapshot_1120.xyz,8,4000,16.796962,4000,all,1120
0.479428,0.461784,0.0,1.0382083398298774,-0.03820833982987737,snapshot_1121.xyz,8,4000,16.796962,4000,all,1121
0.481625,0.463996,0.0,1.0379938620160518,-0.037993862016051816,snapshot_1122.xyz,8,4000,16.796962,4000,all,1122
0.499135,0.494768,0.0,1.0088263590207935,-0.00882635902079354,snapshot_1123.xyz,8,4000,16.796962,4000,all,1123
0.48382,0.494768,0.0,0.9778724573941726,0.02212754260582739,snapshot_1124.xyz,8,4000,16.796962,4000,all,1124
0.51002,0.507846,0.0,1.0042808252895563,-0.0042808252895563115,snapshot_1125.xyz,8,4000,16.796962,4000,all,1125
0.486013,0.490394,0.0,0.9910663670436424,0.008933632956357629,snapshot_1126.xyz,8,4000,16.796962,4000,all,1126
0.481625,0.477229,0.0,1.0092115106164965,-0.009211510616496499,snapshot_1127.xyz,8,4000,16.796962,4000,all,1127
0.468415,0.48382,0.0,0.9681596461493945,0.03184035385060546,snapshot_1128.xyz,8,4000,16.796962,4000,all,1128
0.48382,0.48382,0.0,1.0,0.0,snapshot_1129.xyz,8,4000,16.796962,4000,all,1129
0.475028,0.486013,0.0,0.9773977239291953,0.022602276070804672,snapshot_1130.xyz,8,4000,16.796962,4000,all,1130
0.466206,0.470621,0.0,0.99061877816757,0.009381221832429953,snapshot_1131.xyz,8,4000,16.796962,4000,all,1131
0.472826,0.477229,0.0,0.9907738213729678,0.009226178627032233,snapshot_1132.xyz,8,4000,16.796962,4000,all,1132
0.492582,0.499135,0.0,0.9868712873270759,0.013128712672924148,snapshot_1133.xyz,8,4000,16.796962,4000,all,1133
0.488205,0.481625,0.0,1.0136620814949389,-0.01366208149493886,snapshot_1134.xyz,8,4000,16.796962,4000,all,1134
0.494768,0.494768,0.0,1.0,0.0,snapshot_1135.xyz,8,4000,16.796962,4000,all,1135
0.488205,0.507846,0.0,0.9613248898288064,0.03867511017119363,snapshot_1136.xyz,8,4000,16.796962,4000,all,1136
0.48382,0.492582,0.0,0.9822120986962576,0.017787901303742415,snapshot_1137.xyz,8,4000,16.796962,4000,all,1137
0.503494,0.492582,0.0,1.02215265681653,-0.022152656816530003,snapshot_1138.xyz,8,4000,16.796962,4000,all,1138
0.499135,0.503494,0.0,0.991342498619646,0.008657501380354038,snapshot_1139.xyz,8,4000,16.796962,4000,all,1139
0.479428,0.492582,0.0,0.9732958167371117,0.02670418326288826,snapshot_1140.xyz,8,4000,16.796962,4000,all,1140
0.501315,0.496952,0.0,1.0087795199536373,-0.00877951995363735,snapshot_1141.xyz,8,4000,16.796962,4000,all,1141
0.470621,0.479428,0.0,0.9816301926462367,0.018369807353763257,snapshot_1142.xyz,8,4000,16.796962,4000,all,1142
0.468415,0.475028,0.0,0.9860787153599367,0.013921284640063258,snapshot_1143.xyz,8,4000,16.796962,4000,all,1143
0.475028,0.470621,0.0,1.0093642230159725,-0.009364223015972506,snapshot_1144.xyz,8,4000,16.796962,4000,all,1144
0.48382,0.486013,0.0,0.9954877750183637,0.004512224981636281,snapshot_1145.xyz,8,4000,16.796962,4000,all,1145
0.468415,0.475028,0.0,0.9860787153599367,0.013921284640063258,snapshot_1146.xyz,8,4000,16.796962,4000,all,1146
0.490394,0.48382,0.0,1.0135876979041794,-0.013587697904179352,snapshot_1147.xyz,8,4000,16.796962,4000,all,1147
0.468415,0.457353,0.0,1.0241870065354333,-0.024187006535433264,snapshot_1148.xyz,8,4000,16.796962,4000,all,1148
0.481625,0.490394,0.0,0.9821184598506507,0.017881540149349284,snapshot_1149.xyz,8,4000,16.796962,4000,all,1149
0.501315,0.496952,0.0,1.0087795199536373,-0.00877951995363735,snapshot_1150.xyz,8,4000,16.796962,4000,all,1150
0.490394,0.488205,0.0,1.0044837721858646,-0.0044837721858645985,snapshot_1151.xyz,8,4000,16.796962,4000,all,1151
0.492582,0.494768,0.0,0.9955817676163374,0.004418232383662568,snapshot_1152.xyz,8,4000,16.796962,4000,all,1152
0.490394,0.481625,0.0,1.0182071113418114,-0.01820711134181141,snapshot_1153.xyz,8,4000,16.796962,4000,all,1153
0.486013,0.475028,0.0,1.0231249526343709,-0.023124952634370866,snapshot_1154.xyz,8,4000,16.796962,4000,all,1154
0.461784,0.468415,0.0,0.9858437496664282,0.014156250333571818,snapshot_1155.xyz,8,4000,16.796962,4000,all,1155
0.486013,0.481625,0.0,1.0091108227355305,-0.009110822735530544,snapshot_1156.xyz,8,4000,16.796962,4000,all,1156
0.490394,0.490394,0.0,1.0,0.0,snapshot_1157.xyz,8,4000,16.796962,4000,all,1157
0.503494,0.501315,0.0,1.0043465685247799,-0.004346568524779881,snapshot_1158.xyz,8,4000,16.796962,4000,all,1158
0.494768,0.492582,0.0,1.0044378397911413,-0.004437839791141318,snapshot_1159.xyz,8,4000,16.796962,4000,all,1159
0.492582,0.466206,0.0,1.056575848444679,-0.056575848444679,snapshot_1160.xyz,8,4000,16.796962,4000,all,1160
0.490394,0.488205,0.0,1.0044837721858646,-0.0044837721858645985,snapshot_1161.xyz,8,4000,16.796962,4000,all,1161
0.466206,0.470621,0.0,0.99061877816757,0.009381221832429953,snapshot_1162.xyz,8,4000,16.796962,4000,all,1162
0.48382,0.463996,0.0,1.0427245062457433,-0.04272450624574331,snapshot_1163.xyz,8,4000,16.796962,4000,all,1163
0.475028,0.479428,0.0,0.9908223966893882,0.009177603310611793,snapshot_1164.xyz,8,4000,16.796962,4000,all,1164
0.494768,0.496952,0.0,0.9956052093562355,0.004394790643764468,snapshot_1165.xyz,8,4000,16.796962,4000,all,1165
0.496952,0.492582,0.0,1.0088716193445963,-0.008871619344596349,snapshot_1166.xyz,8,4000,16.796962,4000,all,1166
0.492582,0.486013,0.0,1.0135160993635974,-0.013516099363597434,snapshot_1167.xyz,8,4000,16.796962,4000,all,1167
0.48382,0.490394,0.0,0.9865944526238085,0.013405547376191485,snapshot_1168.xyz,8,4000,16.796962,4000,all,1168
0.481625,0.475028,0.0,1.0138876024150156,-0.013887602415015632,snapshot_1169.xyz,8,4000,16.796962,4000,all,1169
0.488205,0.48382,0.0,1.0090632879996693,-0.009063287999669267,snapshot_1170.xyz,8,4000,16.796962,4000,all,1170
0.490394,0.494768,0.0,0.991159492934062,0.008840507065937975,snapshot_1171.xyz,8,4000,16.796962,4000,all,1171
0.486013,0.499135,0.0,0.9737105191982128,0.02628948080178717,snapshot_1172.xyz,8,4000,16.796962,4000,all,1172
0.475028,0.470621,0.0,1.0093642230159725,-0.009364223015972506,snapshot_1173.xyz,8,4000,16.796962,4000,all,1173
0.468415,0.463996,0.0,1.009523788998181,-0.00952378899818096,snapshot_1174.xyz,8,4000,16.796962,4000,all,1174
0.492582,0.472826,0.0,1.0417828122818964,-0.0417828122818964,snapshot_1175.xyz,8,4000,16.796962,4000,all,1175
0.477229,0.490394,0.0,0.9731542392443627,0.02684576075563727,snapshot_1176.xyz,8,4000,16.796962,4000,all,1176
0.486013,0.481625,0.0,1.0091108227355305,-0.009110822735530544,snapshot_1177.xyz,8,4000,16.796962,4000,all,1177
0.486013,0.490394,0.0,0.9910663670436424,0.008933632956357629,snapshot_1178.xyz,8,4000,16.796962,4000,all,1178
0.479428,0.479428,0.0,1.0,0.0,snapshot_1179.xyz,8,4000,16.796962,4000,all,1179
0.486013,0.486013,0.0,1.0,0.0,snapshot_1180.xyz,8,4000,16.796962,4000,all,1180
0.461784,0.475028,0.0,0.9721195382166945,0.0278804617833055,snapshot_1181.xyz,8,4000,16.796962,4000,all,1181
0.490394,0.481625,0.0,1.0182071113418114,-0.01820711134181141,snapshot_1182.xyz,8,4000,16.796962,4000,all,1182
0.488205,0.48382,0.0,1.0090632879996693,-0.009063287999669267,snapshot_1183.xyz,8,4000,16.796962,4000,all,1183
0.470621,0.492582,0.0,0.9554165600854274,0.04458343991457259,snapshot_1184.xyz,8,4000,16.796962,4000,all,1184
0.468415,0.488205,0.0,0.959463749859178,0.04053625014082196,snapshot_1185.xyz,8,4000,16.796962,4000,all,1185
0.503494,0.51653,0.0,0.9747623564942984,0.025237643505701568,snapshot_1186.xyz,8,4000,16.796962,4000,all,1186
0.48382,0.48382,0.0,1.0,0.0,snapshot_1187.xyz,8,4000,16.796962,4000,all,1187
0.468415,0.477229,0.0,0.981530879305323,0.018469120694676988,snapshot_1188.xyz,8,4000,16.796962,4000,all,1188
0.468415,0.475028,0.0,0.9860787153599367,0.013921284640063258,snapshot_1189.xyz,8,4000,16.796962,4000,all,1189
0.475028,0.468415,0.0,1.0141178228707448,-0.014117822870744812,snapshot_1190.xyz,8,4000,16.796962,4000,all,1190
0.486013,0.479428,0.0,1.0137351176819043,-0.013735117681904274,snapshot_1191.xyz,8,4000,16.796962,4000,all,1191
0.488205,0.472826,0.0,1.0325257071311644,-0.03252570713116443,snapshot_1192.xyz,8,4000,16.796962,4000,all,1192
0.492582,0.479428,0.0,1.027436862260861,-0.02743686226086095,snapshot_1193.xyz,8,4000,16.796962,4000,all,1193
0.468415,0.477229,0.0,0.981530879305323,0.018469120694676988,snapshot_1194.xyz,8,4000,16.796962,4000,all,1194
0.505671,0.481625,0.0,1.0499268102777055,-0.04992681027770551,snapshot_1195.xyz,8,4000,16.796962,4000,all,1195
0.470621,0.488205,0.0,0.9639823434827582,0.03601765651724176,snapshot_1196.xyz,8,4000,16.796962,4000,all,1196
0.494768,0.490394,0.0,1.0089193587197234,-0.00891935871972338,snapshot_1197.xyz,8,4000,16.796962,4000,all,1197
0.48382,0.481625,0.0,1.0045574876719439,-0.004557487671943861,snapshot_1198.xyz,8,4000,16.796962,4000,all,1198
0.479428,0.51002,0.0,0.9400180385082938,0.059981961491706204,snapshot_1199.xyz,8,4000,16.796962,4000,all,1199
0.499135,0.48382,0.0,1.0316543342565416,-0.03165433425654163,snapshot_1200.xyz,8,4000,16.796962,4000,all,1200
0.492582,0.503494,0.0,0.97832744779481,0.021672552205190043,snapshot_1201.xyz,8,4000,16.796962,4000,all,1201
