snapshot,snapshot_num,nbins_sub,n_tiles,cid_mean,cid_std,cid_min,cid_max,sequence_length
snapshot_1.xyz,1,8,64,0.8973649050958481,0.04066636165523353,0.788713491820474,1.0,512
snapshot_1.xyz,1,16,8,0.8186695413855452,0.02298887968569944,0.779749706260076,0.8496565341169988,4096
snapshot_1.xyz,1,32,1,0.6762294435461608,0.0,0.6762294435461608,0.6762294435461608,32768
snapshot_2.xyz,2,8,64,0.8966488954185736,0.042466372249605894,0.7974807970341413,1.0,512
snapshot_2.xyz,2,16,8,0.7998872947127136,0.01840478570830582,0.7735466773053689,0.8291079812206572,4096
snapshot_2.xyz,2,32,1,0.6869730276233001,0.0,0.6869730276233001,0.6869730276233001,32768
snapshot_3.xyz,3,8,64,0.8971435362290356,0.04037570392462711,0.8003187332173861,1.0,512
snapshot_3.xyz,3,16,8,0.81826002512503,0.010538892465475258,0.7980597872951998,0.8323532458726138,4096
snapshot_3.xyz,3,32,1,0.7028244445548985,0.0,0.7028244445548985,0.7028244445548985,32768
snapshot_4.xyz,4,8,64,0.9049266085743173,0.04091470610202769,0.8284315785051048,1.0,512
snapshot_4.xyz,4,16,8,0.8143527848708134,0.01202292779400567,0.7914140167000485,0.8347148861776521,4096
snapshot_4.xyz,4,32,1,0.6994071094898855,0.0,0.6994071094898855,0.6994071094898855,32768
snapshot_5.xyz,5,8,64,0.9102684786695402,0.050801950039545275,0.798473313355471,1.0430824667319911,512
snapshot_5.xyz,5,16,8,0.8060195497637502,0.0143488846483332,0.7864919128908147,0.8255249325052708,4096
snapshot_5.xyz,5,32,1,0.6813050670750167,0.0,0.6813050670750167,0.6813050670750167,32768
snapshot_6.xyz,6,8,64,0.9041302094040566,0.04585337110155818,0.8163948542456927,1.0,512
snapshot_6.xyz,6,16,8,0.8128692810289301,0.014515359786746247,0.7989337863899348,0.8402778828692494,4096
snapshot_6.xyz,6,32,1,0.699221300131089,0.0,0.699221300131089,0.699221300131089,32768
snapshot_7.xyz,7,8,64,0.891949899356982,0.04733193889187806,0.7849139284592767,1.0,512
snapshot_7.xyz,7,16,8,0.8149996271646596,0.016917714804967652,0.7834206643462469,0.8482516575915843,4096
snapshot_7.xyz,7,32,1,0.6795074741659147,0.0,0.6795074741659147,0.6795074741659147,32768
snapshot_8.xyz,8,8,64,0.8947621419066866,0.04722241038408797,0.7748249983297826,1.0441728791929505,512
snapshot_8.xyz,8,16,8,0.8124953807375376,0.011305273507807254,0.7979970305886259,0.8323532458726138,4096
snapshot_8.xyz,8,32,1,0.686987573263034,0.0,0.686987573263034,0.686987573263034,32768
snapshot_9.xyz,9,8,64,0.904398664121075,0.04289828238913238,0.7941493858642233,1.0221227859040942,512
snapshot_9.xyz,9,16,8,0.8203915332222467,0.014862640911668628,0.795199834446024,0.847532507178768,4096
snapshot_9.xyz,9,32,1,0.6889824245060987,0.0,0.6889824245060987,0.6889824245060987,32768
snapshot_10.xyz,10,8,64,0.9023383863194686,0.03858206975320373,0.8047903165948215,0.9783560388153113,512
snapshot_10.xyz,10,16,8,0.8164730244404335,0.02788488351119335,0.7839613447368182,0.868213093141642,4096
snapshot_10.xyz,10,32,1,0.6854942726885651,0.0,0.6854942726885651,0.6854942726885651,32768
snapshot_11.xyz,11,8,64,0.8951266546750378,0.04520297914801945,0.7956470422305197,1.0441728791929505,512
snapshot_11.xyz,11,16,8,0.818738125172352,0.013729577701616919,0.8028424596513275,0.8497009822849663,4096
snapshot_11.xyz,11,32,1,0.6807990836159092,0.0,0.6807990836159092,0.6807990836159092,32768
snapshot_12.xyz,12,8,64,0.8953609984742414,0.04141406823471852,0.8047903165948215,0.9772265450760766,512
snapshot_12.xyz,12,16,8,0.7999638340731824,0.011178370137440571,0.7766642997445569,0.813466498870949,4096
snapshot_12.xyz,12,32,1,0.6820469581947455,0.0,0.6820469581947455,0.6820469581947455,32768
snapshot_13.xyz,13,8,64,0.8995709158629379,0.043886103364899405,0.8246024722372892,1.022690852620971,512
snapshot_13.xyz,13,16,8,0.8220613170682447,0.026018858195081932,0.7778332897538381,0.8512110759796876,4096
snapshot_13.xyz,13,32,1,0.6966903021617475,0.0,0.6966903021617475,0.6966903021617475,32768
snapshot_14.xyz,14,8,64,0.8922647147027887,0.04677281871535954,0.7694090909090908,1.0,512
snapshot_14.xyz,14,16,8,0.8064187713382156,0.011210174000899653,0.7829588169122288,0.81758330483681,4096
snapshot_14.xyz,14,32,1,0.6887250543139695,0.0,0.6887250543139695,0.6887250543139695,32768
snapshot_15.xyz,15,8,64,0.9062822999279725,0.041983071868817515,0.8163948542456927,1.0210553999907177,512
snapshot_15.xyz,15,16,8,0.8117743222751548,0.021458485695658083,0.7680136992835541,0.8445301958043315,4096
snapshot_15.xyz,15,32,1,0.6842364182887732,0.0,0.6842364182887732,0.6842364182887732,32768
snapshot_16.xyz,16,8,64,0.8986764613699592,0.033528258099989536,0.8163948542456927,0.9798608894464529,512
snapshot_16.xyz,16,16,8,0.8040203802600099,0.017406085292739532,0.7735002428000448,0.8218652358280018,4096
snapshot_16.xyz,16,32,1,0.6815420418105416,0.0,0.6815420418105416,0.6815420418105416,32768
snapshot_17.xyz,17,8,64,0.8905070242833949,0.04438279905031937,0.7798115601630626,1.0,512
snapshot_17.xyz,17,16,8,0.8042975550583875,0.010681926215125703,0.7862016714115162,0.81758330483681,4096
snapshot_17.xyz,17,32,1,0.6852489990366278,0.0,0.6852489990366278,0.6852489990366278,32768
snapshot_18.xyz,18,8,64,0.8970630186241604,0.05221196764027422,0.7896306877862276,1.022690852620971,512
snapshot_18.xyz,18,16,8,0.8190277253137042,0.019062702888305177,0.7898183489163767,0.852634028648505,4096
snapshot_18.xyz,18,32,1,0.6842619745845553,0.0,0.6842619745845553,0.6842619745845553,32768
snapshot_19.xyz,19,8,64,0.9015927041474385,0.04684779399746539,0.8205852174735662,1.0,512
snapshot_19.xyz,19,16,8,0.8151033973858149,0.007739989525022114,0.8046979616128552,0.8269585509501055,4096
snapshot_19.xyz,19,32,1,0.6857590039210916,0.0,0.6857590039210916,0.6857590039210916,32768
snapshot_20.xyz,20,8,64,0.901695745849172,0.04449837434949167,0.8026280895300733,1.0205530303030304,512
snapshot_20.xyz,20,16,8,0.8090893227623445,0.02308739808656534,0.7702281628607446,0.8570053953417683,4096
snapshot_20.xyz,20,32,1,0.6805631759552881,0.0,0.6805631759552881,0.6805631759552881,32768
snapshot_21.xyz,21,8,64,0.898675534509262,0.04120405340893469,0.8205852174735662,1.0,512
snapshot_21.xyz,21,16,8,0.8132021068762187,0.021124659789578865,0.7765597503673736,0.840487278562141,4096
snapshot_21.xyz,21,32,1,0.6775945782018337,0.0,0.6775945782018337,0.6775945782018337,32768
snapshot_22.xyz,22,8,64,0.9034765535363042,0.040152029031172175,0.8163948542456927,0.9798608894464529,512
snapshot_22.xyz,22,16,8,0.7988443194169481,0.01285528310804919,0.7692227080547827,0.8175764395179288,4096
snapshot_22.xyz,22,32,1,0.680092687038033,0.0,0.680092687038033,0.680092687038033,32768
snapshot_23.xyz,23,8,64,0.8949814865008074,0.05290932974022616,0.7505566992983489,1.022690852620971,512
snapshot_23.xyz,23,16,8,0.8204533062370036,0.011904368388966573,0.8071788283176878,0.8410318230191842,4096
snapshot_23.xyz,23,32,1,0.6874881379475904,0.0,0.6874881379475904,0.6874881379475904,32768
snapshot_24.xyz,24,8,64,0.9053818139403209,0.04734313958564189,0.8090696469336023,1.019626107015769,512
snapshot_24.xyz,24,16,8,0.8099402534283409,0.025700536237662174,0.7658406476997578,0.8490122414111113,4096
snapshot_24.xyz,24,32,1,0.6862388750999553,0.0,0.6862388750999553,0.6862388750999553,32768
snapshot_25.xyz,25,8,64,0.9007658895134081,0.03964901354861011,0.8119999999999999,1.0,512
snapshot_25.xyz,25,16,8,0.8181935168045119,0.017892124613812267,0.7908174890739981,0.8576914346246973,4096
snapshot_25.xyz,25,32,1,0.6812726099129746,0.0,0.6812726099129746,0.6812726099129746,32768
snapshot_26.xyz,26,8,64,0.9043267868462712,0.04527650737269978,0.7649661708869794,1.0215728419255936,512
snapshot_26.xyz,26,16,8,0.7993167271304134,0.018813680837789844,0.7713191427348326,0.8351276644249401,4096
snapshot_26.xyz,26,32,1,0.6785903460324443,0.0,0.6785903460324443,0.6785903460324443,32768
snapshot_27.xyz,27,8,64,0.8920300061224176,0.04310628147397636,0.7750689055529971,0.9788827178638283,512
snapshot_27.xyz,27,16,8,0.8147850931265517,0.015261753349017516,0.7979970305886259,0.839508529959345,4096
snapshot_27.xyz,27,32,1,0.6921711783472351,0.0,0.6921711783472351,0.6921711783472351,32768
snapshot_28.xyz,28,8,64,0.8982265150150618,0.0416593638261515,0.8047903165948215,0.9788827178638283,512
snapshot_28.xyz,28,16,8,0.8133971805058294,0.01989669664760567,0.775535335318924,0.8489889149515739,4096
snapshot_28.xyz,28,32,1,0.6847701374759076,0.0,0.6847701374759076,0.6847701374759076,32768
snapshot_29.xyz,29,8,64,0.902055673221654,0.04549769337722882,0.8119999999999999,1.0,512
snapshot_29.xyz,29,16,8,0.8114631527151099,0.02125382078069866,0.7878092842009685,0.8525030558950996,4096
snapshot_29.xyz,29,32,1,0.6857643461513135,0.0,0.6857643461513135,0.6857643461513135,32768
snapshot_30.xyz,30,8,64,0.898569539209269,0.042341609160888964,0.7745543538838049,0.9759736887657954,512
snapshot_30.xyz,30,16,8,0.8114512676118484,0.017166868059989557,0.7791872359671661,0.8280097192529736,4096
snapshot_30.xyz,30,32,1,0.6954222903906702,0.0,0.6954222903906702,0.6954222903906702,32768
snapshot_31.xyz,31,8,64,0.8966830955741918,0.03840844197029629,0.7956470422305197,1.0,512
snapshot_31.xyz,31,16,8,0.8235751027396643,0.024240284494296223,0.7904481586922583,0.8779265569104887,4096
snapshot_31.xyz,31,32,1,0.6892175881021662,0.0,0.6892175881021662,0.6892175881021662,32768
snapshot_32.xyz,32,8,64,0.9046703685775154,0.04617182151304575,0.824817460568322,1.0246177858181689,512
snapshot_32.xyz,32,16,8,0.8108204413689519,0.020409101959757567,0.7724175442874157,0.8339397108811774,4096
snapshot_32.xyz,32,32,1,0.6865020247580167,0.0,0.6865020247580167,0.6865020247580167,32768
snapshot_33.xyz,33,8,64,0.8928331635196817,0.03784353832279848,0.8119999999999999,0.9614390933226755,512
snapshot_33.xyz,33,16,8,0.8196345049988478,0.01828893119548452,0.7864919128908147,0.8497009822849663,4096
snapshot_33.xyz,33,32,1,0.6761372247992798,0.0,0.6761372247992798,0.6761372247992798,32768
snapshot_34.xyz,34,8,64,0.9068358985404781,0.04303171059801381,0.8047903165948215,1.0,512
snapshot_34.xyz,34,16,8,0.8017201954699759,0.01177279435850101,0.7878092842009685,0.8210274177281386,4096
snapshot_34.xyz,34,32,1,0.676366272136195,0.0,0.676366272136195,0.676366272136195,32768
snapshot_35.xyz,35,8,64,0.8953048171626614,0.046137781361055744,0.8003187332173861,1.0,512
snapshot_35.xyz,35,16,8,0.8062820974323262,0.02152251316274011,0.7819524290568463,0.8447237617462353,4096
snapshot_35.xyz,35,32,1,0.6757957483929258,0.0,0.6757957483929258,0.6757957483929258,32768
snapshot_36.xyz,36,8,64,0.9074963732258874,0.046035720869480046,0.7956470422305197,1.0221227859040942,512
snapshot_36.xyz,36,16,8,0.8095074026240612,0.010552621929584022,0.796100840648713,0.8307458490064212,4096
snapshot_36.xyz,36,32,1,0.6847258560693406,0.0,0.6847258560693406,0.6847258560693406,32768
snapshot_37.xyz,37,8,64,0.8977314786530912,0.047825832329886575,0.7750689055529971,1.0221227859040942,512
snapshot_37.xyz,37,16,8,0.8154037133070591,0.013914326299523038,0.789135719598701,0.8379572674140078,4096
snapshot_37.xyz,37,32,1,0.6902231690590045,0.0,0.6902231690590045,0.6902231690590045,32768
snapshot_38.xyz,38,8,64,0.8986207396455861,0.04948369890439338,0.7941493858642233,1.0952743638566729,512
snapshot_38.xyz,38,16,8,0.809430258370549,0.02064956430737567,0.7702490328820115,0.8351276644249401,4096
snapshot_38.xyz,38,32,1,0.6810353403466886,0.0,0.6810353403466886,0.6810353403466886,32768
snapshot_39.xyz,39,8,64,0.9020930860538385,0.04339119851003177,0.7476132385700648,1.0,512
snapshot_39.xyz,39,16,8,0.8141291502488185,0.011732650896601832,0.7985032775969915,0.8299314081833186,4096
snapshot_39.xyz,39,32,1,0.6803098328821573,0.0,0.6803098328821573,0.6803098328821573,32768
snapshot_40.xyz,40,8,64,0.8959210234349486,0.043423955528678615,0.8066100734235438,0.9793787878787878,512
snapshot_40.xyz,40,16,8,0.8149955714148571,0.0120626932659648,0.8013297773826722,0.8389943832762982,4096
snapshot_40.xyz,40,32,1,0.6855109638171335,0.0,0.6855109638171335,0.6855109638171335,32768
snapshot_41.xyz,41,8,64,0.9014633442748141,0.0408035663945966,0.7748249983297826,0.9793787878787878,512
snapshot_41.xyz,41,16,8,0.8165231103501727,0.021350777523691793,0.7787271014532517,0.8563187468399112,4096
snapshot_41.xyz,41,32,1,0.6813192931518544,0.0,0.6813192931518544,0.6813192931518544,32768
snapshot_42.xyz,42,8,64,0.90184639056225,0.0478688824032979,0.7649661708869794,1.0,512
snapshot_42.xyz,42,16,8,0.8123902257896833,0.018457527827351553,0.7735002428000448,0.8382382055208996,4096
snapshot_42.xyz,42,32,1,0.6770822231213143,0.0,0.6770822231213143,0.6770822231213143,32768
snapshot_43.xyz,43,8,64,0.9021224847605618,0.04113565230454714,0.8131542590848791,1.0,512
snapshot_43.xyz,43,16,8,0.8185407513659707,0.012015372113260484,0.7999990501158859,0.8343359758831553,4096
snapshot_43.xyz,43,32,1,0.6867345295068252,0.0,0.6867345295068252,0.6867345295068252,32768
snapshot_44.xyz,44,8,64,0.8949054564641559,0.04389600873822066,0.7896306877862276,1.0221227859040942,512
snapshot_44.xyz,44,16,8,0.8096178377828804,0.006711072082988647,0.8009600105932204,0.823825745546927,4096
snapshot_44.xyz,44,32,1,0.6844970303512136,0.0,0.6844970303512136,0.6844970303512136,32768
snapshot_45.xyz,45,8,64,0.9068340242034325,0.047959120819652375,0.80739955754266,1.0453156233995804,512
snapshot_45.xyz,45,16,8,0.8237556319330919,0.010261559830475506,0.8009600105932204,0.8347148861776521,4096
snapshot_45.xyz,45,32,1,0.6877305661253285,0.0,0.6877305661253285,0.6877305661253285,32768
snapshot_46.xyz,46,8,64,0.9016360356485151,0.03624164930163373,0.8131542590848791,0.9793787878787878,512
snapshot_46.xyz,46,16,8,0.8132333941464838,0.015306099117413095,0.7914140167000485,0.8359195293583536,4096
snapshot_46.xyz,46,32,1,0.6810193887406145,0.0,0.6810193887406145,0.6810193887406145,32768
snapshot_47.xyz,47,8,64,0.8925904370152138,0.04839154388000054,0.79075,0.9793787878787878,512
snapshot_47.xyz,47,16,8,0.8129424051815526,0.0074701569817121815,0.7998609853577341,0.8288250354017986,4096
snapshot_47.xyz,47,32,1,0.6781275707241939,0.0,0.6781275707241939,0.6781275707241939,32768
snapshot_48.xyz,48,8,64,0.9038144355828712,0.042977475663668906,0.8205852174735662,1.0215728419255936,512
snapshot_48.xyz,48,16,8,0.8032442108369517,0.016658839683393243,0.7735002428000448,0.8277639963481774,4096
snapshot_48.xyz,48,32,1,0.6771076301016115,0.0,0.6771076301016115,0.6771076301016115,32768
snapshot_49.xyz,49,8,64,0.9050727305372788,0.049299629878850434,0.8090696469336023,1.022690852620971,512
snapshot_49.xyz,49,16,8,0.8102465257506599,0.020281377593367303,0.787187788661161,0.8603881986050035,4096
snapshot_49.xyz,49,32,1,0.6939341611787145,0.0,0.6939341611787145,0.6939341611787145,32768
snapshot_50.xyz,50,8,64,0.9036001922821344,0.04454779555122986,0.8163948542456927,1.0215728419255936,512
snapshot_50.xyz,50,16,8,0.8024993009642478,0.019806950973246695,0.7785895521045149,0.8460992375718586,4096
snapshot_50.xyz,50,32,1,0.6815420418105416,0.0,0.6815420418105416,0.6815420418105416,32768
snapshot_51.xyz,51,8,64,0.903700855315461,0.03919780155190341,0.8025571324714733,1.0,512
snapshot_51.xyz,51,16,8,0.8052954916511259,0.013087718641965373,0.7904481586922583,0.8296374808561503,4096
snapshot_51.xyz,51,32,1,0.6832573499631334,0.0,0.6832573499631334,0.6832573499631334,32768
snapshot_52.xyz,52,8,64,0.9044667402629423,0.03819329779623913,0.8090696469336023,1.0,512
snapshot_52.xyz,52,16,8,0.8144756908387026,0.019403867135716124,0.7844482534540078,0.8432710906115161,4096
snapshot_52.xyz,52,32,1,0.687229008789751,0.0,0.687229008789751,0.687229008789751,32768
snapshot_53.xyz,53,8,64,0.903373408159655,0.045190310180036795,0.8131542590848791,1.0,512
snapshot_53.xyz,53,16,8,0.8179451728924405,0.011271307529892034,0.8053382263922517,0.8366930053399384,4096
snapshot_53.xyz,53,32,1,0.6803098328821573,0.0,0.6803098328821573,0.6803098328821573,32768
snapshot_54.xyz,54,8,64,0.8939790737699004,0.040175278998400794,0.80739955754266,0.9811632564458076,512
snapshot_54.xyz,54,16,8,0.808087558618835,0.015008136354876002,0.7904481586922583,0.8387367276265705,4096
snapshot_54.xyz,54,32,1,0.6874807089744188,0.0,0.6874807089744188,0.6874807089744188,32768
snapshot_55.xyz,55,8,64,0.9060670371129771,0.047505236811977325,0.8047903165948215,1.0210553999907177,512
snapshot_55.xyz,55,16,8,0.8050189754491732,0.015859782628359687,0.7844482534540078,0.8327853797410231,4096
snapshot_55.xyz,55,32,1,0.6781275707241939,0.0,0.6781275707241939,0.6781275707241939,32768
snapshot_56.xyz,56,8,64,0.9071608345463984,0.03817731316722617,0.8119999999999999,0.9788827178638283,512
snapshot_56.xyz,56,16,8,0.8151192035923479,0.017773722182022503,0.7884839056191428,0.8400462086573278,4096
snapshot_56.xyz,56,32,1,0.6922109023014166,0.0,0.6922109023014166,0.6922109023014166,32768
snapshot_57.xyz,57,8,64,0.9020018536116643,0.04137813304186863,0.8090696469336023,1.0,512
snapshot_57.xyz,57,16,8,0.8155583212132598,0.024352087808814475,0.7790292070217918,0.8518170659128106,4096
snapshot_57.xyz,57,32,1,0.6847331333519686,0.0,0.6847331333519686,0.6847331333519686,32768
snapshot_58.xyz,58,8,64,0.8994183960385889,0.05187415253185548,0.7896306877862276,1.0465238155614724,512
snapshot_58.xyz,58,16,8,0.814387691416407,0.022931257132558946,0.778101561895925,0.8540322656595812,4096
snapshot_58.xyz,58,32,1,0.6760814818496612,0.0,0.6760814818496612,0.6760814818496612,32768
snapshot_59.xyz,59,8,64,0.9089567042553122,0.041281116901639985,0.8290969847924627,1.0215728419255936,512
snapshot_59.xyz,59,16,8,0.811327963786221,0.01604660707828358,0.7874934905520012,0.8417835004173192,4096
snapshot_59.xyz,59,32,1,0.6914399928859625,0.0,0.6914399928859625,0.6914399928859625,32768
snapshot_60.xyz,60,8,64,0.9154369368108827,0.047388635370361885,0.8090696469336023,1.0477929721308639,512
snapshot_60.xyz,60,16,8,0.8105423359498942,0.014647296255015794,0.7927686409601067,0.8359195293583536,4096
snapshot_60.xyz,60,32,1,0.6701694673573073,0.0,0.6701694673573073,0.6701694673573073,32768
snapshot_61.xyz,61,8,64,0.896691595020918,0.04372764848308074,0.7799794788202504,1.0,512
snapshot_61.xyz,61,16,8,0.800175337645588,0.01829056432694805,0.7765597503673736,0.8327222687337009,4096
snapshot_61.xyz,61,32,1,0.6907242301482337,0.0,0.6907242301482337,0.6907242301482337,32768
snapshot_62.xyz,62,8,64,0.9020001015211903,0.04688351383789427,0.7896306877862276,1.0221227859040942,512
snapshot_62.xyz,62,16,8,0.8200735068977645,0.01391946544245779,0.8009600105932204,0.8459938336264996,4096
snapshot_62.xyz,62,32,1,0.6765163507461677,0.0,0.6765163507461677,0.6765163507461677,32768
snapshot_63.xyz,63,8,64,0.8993557005309769,0.05152516095974724,0.7798115601630626,1.0233041714213262,512
snapshot_63.xyz,63,16,8,0.8187199310977433,0.018334687234227532,0.788815324775619,0.8453668735461147,4096
snapshot_63.xyz,63,32,1,0.6864859355678762,0.0,0.6864859355678762,0.6864859355678762,32768
snapshot_64.xyz,64,8,64,0.8993594184010236,0.047904453016535335,0.7798115601630626,1.0430824667319911,512
snapshot_64.xyz,64,16,8,0.8037559784984987,0.021252319337635214,0.7778332897538381,0.846049250844424,4096
snapshot_64.xyz,64,32,1,0.6722878635187963,0.0,0.6722878635187963,0.6722878635187963,32768
snapshot_65.xyz,65,8,64,0.8936353517455662,0.03816603989430534,0.8090696469336023,1.0,512
snapshot_65.xyz,65,16,8,0.8181324953418678,0.01452931186717718,0.788815324775619,0.8366930053399384,4096
snapshot_65.xyz,65,32,1,0.6902117626548059,0.0,0.6902117626548059,0.6902117626548059,32768
snapshot_66.xyz,66,8,64,0.8982746414072309,0.044807570593206746,0.8163948542456927,1.0,512
snapshot_66.xyz,66,16,8,0.8089000160237633,0.019208789216898066,0.7800783567681601,0.8414214281479138,4096
snapshot_66.xyz,66,32,1,0.6808483513817221,0.0,0.6808483513817221,0.6808483513817221,32768
snapshot_67.xyz,67,8,64,0.904567768180776,0.04215819455008356,0.8170810723252613,1.0,512
snapshot_67.xyz,67,16,8,0.8169958656506263,0.01858918976327173,0.7951402637182025,0.8547222717170107,4096
snapshot_67.xyz,67,32,1,0.6911798948667701,0.0,0.6911798948667701,0.6911798948667701,32768
snapshot_68.xyz,68,8,64,0.9018136766584921,0.04355421532260742,0.8205852174735662,1.019626107015769,512
snapshot_68.xyz,68,16,8,0.8200519662846864,0.01942747170986058,0.7951402637182025,0.8587300280772995,4096
snapshot_68.xyz,68,32,1,0.6775945782018337,0.0,0.6775945782018337,0.6775945782018337,32768
snapshot_69.xyz,69,8,64,0.9013679392162048,0.034559707412865945,0.8205852174735662,0.9783560388153113,512
snapshot_69.xyz,69,16,8,0.7986442778535014,0.021288273033065585,0.7650408340259459,0.8354826462199504,4096
snapshot_69.xyz,69,32,1,0.6803442492481516,0.0,0.6803442492481516,0.6803442492481516,32768
snapshot_70.xyz,70,8,64,0.8952555138363972,0.04346685316906632,0.7849139284592767,1.0221227859040942,512
snapshot_70.xyz,70,16,8,0.8014050306205354,0.022606091626722998,0.7788759113227198,0.8540322656595812,4096
snapshot_70.xyz,70,32,1,0.6877297247683456,0.0,0.6877297247683456,0.6877297247683456,32768
snapshot_71.xyz,71,8,64,0.9085148552930099,0.03941017141423102,0.8246024722372892,1.0,512
snapshot_71.xyz,71,16,8,0.8145463613564248,0.01405145829178184,0.7941622199506719,0.8416101311623699,4096
snapshot_71.xyz,71,32,1,0.6802377247182808,0.0,0.6802377247182808,0.6802377247182808,32768
snapshot_72.xyz,72,8,64,0.9067665769765516,0.05012241732151972,0.8047903165948215,1.0,512
snapshot_72.xyz,72,16,8,0.8029748998341654,0.02082125734553724,0.7588937103804448,0.8244999202873406,4096
snapshot_72.xyz,72,32,1,0.6877297247683456,0.0,0.6877297247683456,0.6877297247683456,32768
snapshot_73.xyz,73,8,64,0.9015771964781519,0.0475368717219402,0.7849139284592767,1.0,512
snapshot_73.xyz,73,16,8,0.813550134265669,0.018484189205941293,0.7862016714115162,0.8475167233088157,4096
snapshot_73.xyz,73,32,1,0.6869832012097711,0.0,0.6869832012097711,0.6869832012097711,32768
snapshot_74.xyz,74,8,64,0.9094721913517936,0.05217537675597479,0.8047903165948215,1.0430824667319911,512
snapshot_74.xyz,74,16,8,0.7968344032747707,0.020705142806051503,0.7575337704978005,0.8226923361855021,4096
snapshot_74.xyz,74,32,1,0.6877313792576878,0.0,0.6877313792576878,0.6877313792576878,32768
snapshot_75.xyz,75,8,64,0.9032160259417006,0.04263488177890613,0.8066100734235438,1.0,512
snapshot_75.xyz,75,16,8,0.8188342450887116,0.01585566607204936,0.7998609853577341,0.8446352905569007,4096
snapshot_75.xyz,75,32,1,0.6815261723015469,0.0,0.6815261723015469,0.6815261723015469,32768
snapshot_76.xyz,76,8,64,0.8974886755220683,0.042338752628457765,0.8053185044140557,1.0205530303030304,512
snapshot_76.xyz,76,16,8,0.8211303242455154,0.0158336931929451,0.8019024119192699,0.852634028648505,4096
snapshot_76.xyz,76,32,1,0.6921711783472351,0.0,0.6921711783472351,0.6921711783472351,32768
snapshot_77.xyz,77,8,64,0.9043589170500411,0.050950972593924324,0.7748249983297826,1.0,512
snapshot_77.xyz,77,16,8,0.8072274351060317,0.02019100932230881,0.77544985303606,0.8446352905569007,4096
snapshot_77.xyz,77,32,1,0.6805631759552881,0.0,0.6805631759552881,0.6805631759552881,32768
snapshot_78.xyz,78,8,64,0.9048825922631449,0.04406964962404374,0.79075,1.0,512
snapshot_78.xyz,78,16,8,0.8086267927421248,0.012690983241478732,0.7819524290568463,0.8201738673768908,4096
snapshot_78.xyz,78,32,1,0.6862550487864895,0.0,0.6862550487864895,0.6862550487864895,32768
snapshot_79.xyz,79,8,64,0.9049633617779693,0.04681243347397361,0.8047903165948215,1.0,512
snapshot_79.xyz,79,16,8,0.8186064320371567,0.02032903708046018,0.7807541590319479,0.8410318230191842,4096
snapshot_79.xyz,79,32,1,0.6882272316351229,0.0,0.6882272316351229,0.6882272316351229,32768
snapshot_80.xyz,80,8,64,0.9018732708947071,0.046142395163871475,0.8119999999999999,1.0,512
snapshot_80.xyz,80,16,8,0.8141798594777175,0.011695590597650608,0.796100840648713,0.831221061599437,4096
snapshot_80.xyz,80,32,1,0.688980755732641,0.0,0.688980755732641,0.688980755732641,32768
snapshot_81.xyz,81,8,64,0.8976282083230043,0.044977129145085386,0.8047903165948215,1.0,512
snapshot_81.xyz,81,16,8,0.8104449488209163,0.018795403661137407,0.7788759113227198,0.8431365253808801,4096
snapshot_81.xyz,81,32,1,0.6817513371071028,0.0,0.6817513371071028,0.6817513371071028,32768
snapshot_82.xyz,82,8,64,0.9050072436259315,0.04386827426437979,0.8170810723252613,1.0,512
snapshot_82.xyz,82,16,8,0.813210710375524,0.01494756958938106,0.796100840648713,0.8359195293583536,4096
snapshot_82.xyz,82,32,1,0.6790994377672358,0.0,0.6790994377672358,0.6790994377672358,32768
snapshot_83.xyz,83,8,64,0.9032755335699874,0.04163022138688083,0.8205852174735662,1.023931106110438,512
snapshot_83.xyz,83,16,8,0.8217129895450472,0.01384328901494075,0.7994611706697546,0.8423771198620292,4096
snapshot_83.xyz,83,32,1,0.691937247971093,0.0,0.691937247971093,0.691937247971093,32768
snapshot_84.xyz,84,8,64,0.9057018277962786,0.048357141928850024,0.7750689055529971,1.022690852620971,512
snapshot_84.xyz,84,16,8,0.8129585363677593,0.012192731498598635,0.7951402637182025,0.8315573925544794,4096
snapshot_84.xyz,84,32,1,0.6929227733992898,0.0,0.6929227733992898,0.6929227733992898,32768
snapshot_85.xyz,85,8,64,0.8929411478277292,0.05594105103768206,0.7479946969696969,1.0210553999907177,512
snapshot_85.xyz,85,16,8,0.8159373592107633,0.0181524896797376,0.7817547790264879,0.8366930053399384,4096
snapshot_85.xyz,85,32,1,0.6822574527012633,0.0,0.6822574527012633,0.6822574527012633,32768
snapshot_86.xyz,86,8,64,0.9133006466560276,0.05210296909649764,0.8290969847924627,1.0678660521055328,512
snapshot_86.xyz,86,16,8,0.8076103283022488,0.012738811088257168,0.7941622199506719,0.8327222687337009,4096
snapshot_86.xyz,86,32,1,0.6909568650077934,0.0,0.6909568650077934,0.6909568650077934,32768
snapshot_87.xyz,87,8,64,0.8984438816910992,0.038529946617160374,0.8003187332173861,0.9586969696969696,512
snapshot_87.xyz,87,16,8,0.8194134610876204,0.013458776499614111,0.7998609853577341,0.8425357663142953,4096
snapshot_87.xyz,87,32,1,0.676595643479178,0.0,0.676595643479178,0.676595643479178,32768
snapshot_88.xyz,88,8,64,0.9112496696907011,0.04717666306216132,0.7798115601630626,1.0,512
snapshot_88.xyz,88,16,8,0.8045653935517637,0.01526618953728694,0.7788759113227198,0.8307458490064212,4096
snapshot_88.xyz,88,32,1,0.67998071104032,0.0,0.67998071104032,0.67998071104032,32768
snapshot_89.xyz,89,8,64,0.89887131888769,0.042611014942092615,0.8284315785051048,1.0,512
snapshot_89.xyz,89,16,8,0.8101189911725992,0.018092715488844648,0.7790292070217918,0.8374668254667879,4096
snapshot_89.xyz,89,32,1,0.6889750330157434,0.0,0.6889750330157434,0.6889750330157434,32768
snapshot_90.xyz,90,8,64,0.89420786630194,0.0414866609825326,0.80739955754266,1.022690852620971,512
snapshot_90.xyz,90,16,8,0.8000510031042714,0.015238134270077284,0.7765597503673736,0.81758330483681,4096
snapshot_90.xyz,90,32,1,0.6814959777034374,0.0,0.6814959777034374,0.6814959777034374,32768
snapshot_91.xyz,91,8,64,0.9017290984640338,0.04797217818620014,0.7849139284592767,1.023931106110438,512
snapshot_91.xyz,91,16,8,0.8197507228207903,0.015144169516102146,0.7970505982146165,0.8447237617462353,4096
snapshot_91.xyz,91,32,1,0.6879789873289544,0.0,0.6879789873289544,0.6879789873289544,32768
snapshot_92.xyz,92,8,64,0.9053929940253056,0.04710475983415986,0.7941493858642233,1.0465238155614724,512
snapshot_92.xyz,92,16,8,0.8093203150116879,0.01902290881014402,0.7735002428000448,0.8359195293583536,4096
snapshot_92.xyz,92,32,1,0.6773629058552109,0.0,0.6773629058552109,0.6773629058552109,32768
snapshot_93.xyz,93,8,64,0.8929015086264358,0.04512722305838035,0.79075,1.0,512
snapshot_93.xyz,93,16,8,0.8027000374167901,0.013829563664712595,0.77544985303606,0.8244999202873406,4096
snapshot_93.xyz,93,32,1,0.6690756337428474,0.0,0.6690756337428474,0.6690756337428474,32768
snapshot_94.xyz,94,8,64,0.892279817904174,0.045202677694043146,0.7649661708869794,0.9783560388153113,512
snapshot_94.xyz,94,16,8,0.8006097985596443,0.014365731946856522,0.7813802094726434,0.8261503124535039,4096
snapshot_94.xyz,94,32,1,0.6867464541747288,0.0,0.6867464541747288,0.6867464541747288,32768
snapshot_95.xyz,95,8,64,0.898285392798392,0.03974067474494199,0.8026280895300733,0.9793787878787878,512
snapshot_95.xyz,95,16,8,0.8131589396978198,0.018441164069859257,0.789135719598701,0.8460992375718586,4096
snapshot_95.xyz,95,32,1,0.6781275707241939,0.0,0.6781275707241939,0.6781275707241939,32768
snapshot_96.xyz,96,8,64,0.903480764324794,0.04390250951027669,0.7649661708869794,1.0430824667319911,512
snapshot_96.xyz,96,16,8,0.8102761399752699,0.018287173689709637,0.7766642997445569,0.8351276644249401,4096
snapshot_96.xyz,96,32,1,0.6808314221010573,0.0,0.6808314221010573,0.6808314221010573,32768
snapshot_97.xyz,97,8,64,0.9083563229500231,0.04588664248813097,0.8025571324714733,1.023931106110438,512
snapshot_97.xyz,97,16,8,0.8110681031683276,0.02477659876805328,0.7572896518375242,0.8347148861776521,4096
snapshot_97.xyz,97,32,1,0.6919557072856423,0.0,0.6919557072856423,0.6919557072856423,32768
snapshot_98.xyz,98,8,64,0.9052289360831968,0.04929506570314846,0.8119999999999999,1.0453156233995804,512
snapshot_98.xyz,98,16,8,0.8083434719301503,0.013470953459045998,0.7904481586922583,0.8296374808561503,4096
snapshot_98.xyz,98,32,1,0.6850197394943514,0.0,0.6850197394943514,0.6850197394943514,32768
snapshot_99.xyz,99,8,64,0.9198834028862912,0.04471299649197877,0.8246024722372892,1.022690852620971,512
snapshot_99.xyz,99,16,8,0.8097014877846223,0.020613107512971858,0.788815324775619,0.847545008183306,4096
snapshot_99.xyz,99,32,1,0.6770567062212686,0.0,0.6770567062212686,0.6770567062212686,32768
snapshot_100.xyz,100,8,64,0.8978491242735722,0.03812842366700876,0.8003187332173861,0.9788827178638283,512
snapshot_100.xyz,100,16,8,0.8145487227162816,0.01148099242340361,0.795596337246856,0.8351276644249401,4096
snapshot_100.xyz,100,32,1,0.6844882247320205,0.0,0.6844882247320205,0.6844882247320205,32768
snapshot_101.xyz,101,8,64,0.8987969869691542,0.04367015662018048,0.8003187332173861,1.0,512
snapshot_101.xyz,101,16,8,0.8128153468888014,0.015499808654579802,0.7894715001060505,0.8354826462199504,4096
snapshot_101.xyz,101,32,1,0.6884757978253871,0.0,0.6884757978253871,0.6884757978253871,32768
snapshot_102.xyz,102,8,64,0.8971064297940817,0.04293548438161108,0.79075,1.0,512
snapshot_102.xyz,102,16,8,0.8191607215543957,0.02474489473966389,0.7834206643462469,0.8607090047031662,4096
snapshot_102.xyz,102,32,1,0.6867297593785782,0.0,0.6867297593785782,0.6867297593785782,32768
snapshot_103.xyz,103,8,64,0.9116150620231733,0.040581547499983446,0.824817460568322,1.0215728419255936,512
snapshot_103.xyz,103,16,8,0.8168878164330031,0.015604251111493337,0.7831860958190745,0.8387367276265705,4096
snapshot_103.xyz,103,32,1,0.6857489603525688,0.0,0.6857489603525688,0.6857489603525688,32768
snapshot_104.xyz,104,8,64,0.896908817937198,0.047124364913961735,0.8003187332173861,1.0221227859040942,512
snapshot_104.xyz,104,16,8,0.8092057406720607,0.015259893400222815,0.7823739503780539,0.8299314081833186,4096
snapshot_104.xyz,104,32,1,0.6824985975856617,0.0,0.6824985975856617,0.6824985975856617,32768
snapshot_105.xyz,105,8,64,0.9016552137000652,0.05346176778228571,0.7595674542821589,1.0441728791929505,512
snapshot_105.xyz,105,16,8,0.8092249303859724,0.009770367273367131,0.7923773351185435,0.8296374808561503,4096
snapshot_105.xyz,105,32,1,0.7080620489692059,0.0,0.7080620489692059,0.7080620489692059,32768
snapshot_106.xyz,106,8,64,0.90591881814572,0.04064794056516743,0.8331742424242423,1.0205530303030304,512
snapshot_106.xyz,106,16,8,0.8141412661532663,0.013668468705588672,0.785471664494106,0.8323532458726138,4096
snapshot_106.xyz,106,32,1,0.6887311219677644,0.0,0.6887311219677644,0.6887311219677644,32768
snapshot_107.xyz,107,8,64,0.9097936991934623,0.041835983141393876,0.8047903165948215,1.0210553999907177,512
snapshot_107.xyz,107,16,8,0.8098108751044041,0.01955215467229237,0.773447515841675,0.8363682053661177,4096
snapshot_107.xyz,107,32,1,0.6869832012097711,0.0,0.6869832012097711,0.6869832012097711,32768
snapshot_108.xyz,108,8,64,0.900523101729399,0.044040351583052084,0.8090696469336023,1.0,512
snapshot_108.xyz,108,16,8,0.8112434898045051,0.027977491728152167,0.7788759113227198,0.8694809345277277,4096
snapshot_108.xyz,108,32,1,0.6802737478321372,0.0,0.6802737478321372,0.6802737478321372,32768
snapshot_109.xyz,109,8,64,0.9010176604325677,0.04091505045486049,0.8025571324714733,1.0505641986197365,512
snapshot_109.xyz,109,16,8,0.8148597825565531,0.01592305158346457,0.7787271014532517,0.8331463993322892,4096
snapshot_109.xyz,109,32,1,0.6919557072856423,0.0,0.6919557072856423,0.6919557072856423,32768
snapshot_110.xyz,110,8,64,0.8987331230088635,0.043721648560945,0.7849139284592767,1.0,512
snapshot_110.xyz,110,16,8,0.8161707291696414,0.020327745625000098,0.7807541590319479,0.8425357663142953,4096
snapshot_110.xyz,110,32,1,0.6991152641781401,0.0,0.6991152641781401,0.6991152641781401,32768
snapshot_111.xyz,111,8,64,0.9026542415602021,0.04336891030582205,0.8047903165948215,1.0221227859040942,512
snapshot_111.xyz,111,16,8,0.8149541594254459,0.021278582815620683,0.7862016714115162,0.8489889149515739,4096
snapshot_111.xyz,111,32,1,0.6914646825756132,0.0,0.6914646825756132,0.6914646825756132,32768
snapshot_112.xyz,112,8,64,0.9041956410232488,0.04271437132605281,0.798473313355471,1.0,512
snapshot_112.xyz,112,16,8,0.8141265498852658,0.02034120043878923,0.7894715001060505,0.8554125733069367,4096
snapshot_112.xyz,112,32,1,0.6916927614029856,0.0,0.6916927614029856,0.6916927614029856,32768
snapshot_113.xyz,113,8,64,0.9066616541754109,0.05175102853391111,0.7505566992983489,1.0,512
snapshot_113.xyz,113,16,8,0.8114514722758907,0.02113878638883602,0.7723900072852019,0.839508529959345,4096
snapshot_113.xyz,113,32,1,0.6854942726885651,0.0,0.6854942726885651,0.6854942726885651,32768
snapshot_114.xyz,114,8,64,0.896937536271974,0.041548100938410056,0.8205852174735662,1.0,512
snapshot_114.xyz,114,16,8,0.8146632308656746,0.01319097719744177,0.8043989133325735,0.847545008183306,4096
snapshot_114.xyz,114,32,1,0.675825064040389,0.0,0.675825064040389,0.675825064040389,32768
snapshot_115.xyz,115,8,64,0.9133830532149696,0.048542389849967275,0.8205852174735662,1.0,512
snapshot_115.xyz,115,16,8,0.8108514044013411,0.019571058159702354,0.7805856784569933,0.8347148861776521,4096
snapshot_115.xyz,115,32,1,0.6882153543346222,0.0,0.6882153543346222,0.6882153543346222,32768
snapshot_116.xyz,116,8,64,0.9015428728306263,0.045348584512840615,0.798473313355471,1.0,512
snapshot_116.xyz,116,16,8,0.8038455648515384,0.009265957113381768,0.787187788661161,0.8142962548114961,4096
snapshot_116.xyz,116,32,1,0.695169658993364,0.0,0.695169658993364,0.695169658993364,32768
snapshot_117.xyz,117,8,64,0.8974628140663248,0.03917496079782579,0.8119999999999999,1.0,512
snapshot_117.xyz,117,16,8,0.8112279019392555,0.023072811639778822,0.7795890386407628,0.8454412710074387,4096
snapshot_117.xyz,117,32,1,0.6793211502452162,0.0,0.6793211502452162,0.6793211502452162,32768
snapshot_118.xyz,118,8,64,0.8929392814197841,0.04470247481870658,0.7559265648949405,0.9803083998573704,512
snapshot_118.xyz,118,16,8,0.795044162269039,0.026828146916962416,0.743085466040096,0.8192281285007047,4096
snapshot_118.xyz,118,32,1,0.6853767174247308,0.0,0.6853767174247308,0.6853767174247308,32768
snapshot_119.xyz,119,8,64,0.9008850288326792,0.0464399818672234,0.8047903165948215,1.0401074877702967,512
snapshot_119.xyz,119,16,8,0.814416799817725,0.018239921018091895,0.7829588169122288,0.8366930053399384,4096
snapshot_119.xyz,119,32,1,0.6940628889529958,0.0,0.6940628889529958,0.6940628889529958,32768
snapshot_120.xyz,120,8,64,0.895322397180559,0.04644041207736988,0.8090696469336023,1.0,512
snapshot_120.xyz,120,16,8,0.8134058359853984,0.013331278634429834,0.7910501880477226,0.8290836260663847,4096
snapshot_120.xyz,120,32,1,0.691582468520755,0.0,0.691582468520755,0.691582468520755,32768
snapshot_121.xyz,121,8,64,0.9020758221691881,0.04626866435048654,0.798473313355471,1.0,512
snapshot_121.xyz,121,16,8,0.8072428769165553,0.02041103383734644,0.7807541590319479,0.8410318230191842,4096
snapshot_121.xyz,121,32,1,0.6806643653397313,0.0,0.6806643653397313,0.6806643653397313,32768
snapshot_122.xyz,122,8,64,0.897658823272487,0.040655594551733724,0.8131542590848791,0.9788827178638283,512
snapshot_122.xyz,122,16,8,0.8000075692178348,0.01552902250131312,0.7805856784569933,0.825334316984797,4096
snapshot_122.xyz,122,32,1,0.6781249150722051,0.0,0.6781249150722051,0.6781249150722051,32768
snapshot_123.xyz,123,8,64,0.9017215013097722,0.045625571321303085,0.8047903165948215,1.0221227859040942,512
snapshot_123.xyz,123,16,8,0.811596105264194,0.016712194038261196,0.785407789162372,0.8362489510231559,4096
snapshot_123.xyz,123,32,1,0.6848361236512338,0.0,0.6848361236512338,0.6848361236512338,32768
snapshot_124.xyz,124,8,64,0.8906663952976274,0.04850915489809548,0.798473313355471,1.0,512
snapshot_124.xyz,124,16,8,0.8132609000869304,0.017114048979583463,0.7874934905520012,0.8365667344478235,4096
snapshot_124.xyz,124,32,1,0.6991521197007481,0.0,0.6991521197007481,0.6991521197007481,32768
snapshot_125.xyz,125,8,64,0.901447364509646,0.036799353512571055,0.7843494749124854,0.9803083998573704,512
snapshot_125.xyz,125,16,8,0.812563089797137,0.011952725586596028,0.7910501880477226,0.8304344591578633,4096
snapshot_125.xyz,125,32,1,0.6867825654637087,0.0,0.6867825654637087,0.6867825654637087,32768
snapshot_126.xyz,126,8,64,0.9046446758308104,0.044351989504560145,0.8170810723252613,0.9793787878787878,512
snapshot_126.xyz,126,16,8,0.8044636728613505,0.006651524317540932,0.7919931536310847,0.8142259755809945,4096
snapshot_126.xyz,126,32,1,0.6860608775658616,0.0,0.6860608775658616,0.6860608775658616,32768
snapshot_127.xyz,127,8,64,0.8959029414855197,0.04669971242610163,0.8047903165948215,1.0221227859040942,512
snapshot_127.xyz,127,16,8,0.809789789121355,0.019382722853293368,0.7792913946381442,0.853053751057206,4096
snapshot_127.xyz,127,32,1,0.6834800230465101,0.0,0.6834800230465101,0.6834800230465101,32768
snapshot_128.xyz,128,8,64,0.894715718888499,0.048811996409632546,0.798473313355471,1.0,512
snapshot_128.xyz,128,16,8,0.8130534302603101,0.0123189030509872,0.795199834446024,0.8296374808561503,4096
snapshot_128.xyz,128,32,1,0.6901612034902028,0.0,0.6901612034902028,0.6901612034902028,32768
snapshot_129.xyz,129,8,64,0.9024993026324502,0.04655991346061071,0.7941493858642233,0.9783560388153113,512
snapshot_129.xyz,129,16,8,0.7906427815328543,0.013995483709674234,0.7639620108488597,0.8074102305078519,4096
snapshot_129.xyz,129,32,1,0.6899192499105489,0.0,0.6899192499105489,0.6899192499105489,32768
snapshot_130.xyz,130,8,64,0.9042855623043092,0.043997172622876966,0.8047903165948215,1.0215728419255936,512
snapshot_130.xyz,130,16,8,0.8102864492385138,0.018252743102850168,0.7744318079573879,0.8339397108811774,4096
snapshot_130.xyz,130,32,1,0.6826608903374698,0.0,0.6826608903374698,0.6826608903374698,32768
snapshot_131.xyz,131,8,64,0.8951662926875585,0.03457495015210627,0.8090696469336023,0.9798608894464529,512
snapshot_131.xyz,131,16,8,0.8208242112268184,0.01900843353839707,0.7894344938619441,0.8414079862355724,4096
snapshot_131.xyz,131,32,1,0.6908352645037558,0.0,0.6908352645037558,0.6908352645037558,32768
snapshot_132.xyz,132,8,64,0.8928394329577996,0.044322774671101385,0.8090696469336023,1.0,512
snapshot_132.xyz,132,16,8,0.8098776266770824,0.012490348398168883,0.798849831769081,0.840487278562141,4096
snapshot_132.xyz,132,32,1,0.6860889192480175,0.0,0.6860889192480175,0.6860889192480175,32768
snapshot_133.xyz,133,8,64,0.8873296885824432,0.04401836168636307,0.7799794788202504,0.9586969696969696,512
snapshot_133.xyz,133,16,8,0.8241035956169032,0.02214891209666844,0.7765597503673736,0.8482516575915843,4096
snapshot_133.xyz,133,32,1,0.6853604974995259,0.0,0.6853604974995259,0.6853604974995259,32768
snapshot_134.xyz,134,8,64,0.9028962307168509,0.04976637678634659,0.8047903165948215,1.0441728791929505,512
snapshot_134.xyz,134,16,8,0.8123275798343232,0.020122760586915887,0.7785895521045149,0.8347148861776521,4096
snapshot_134.xyz,134,32,1,0.698700503261502,0.0,0.698700503261502,0.698700503261502,32768
snapshot_135.xyz,135,8,64,0.9010973746156611,0.04618637213730688,0.8131542590848791,1.0,512
snapshot_135.xyz,135,16,8,0.8227321709914245,0.016676631378715945,0.8053382263922517,0.8531902728723062,4096
snapshot_135.xyz,135,32,1,0.6848512704830043,0.0,0.6848512704830043,0.6848512704830043,32768
snapshot_136.xyz,136,8,64,0.8988058702086832,0.04465105480041761,0.8205852174735662,1.0215728419255936,512
snapshot_136.xyz,136,16,8,0.8113828555173248,0.016543860464293098,0.773447515841675,0.8309083652328513,4096
snapshot_136.xyz,136,32,1,0.6971141101276782,0.0,0.6971141101276782,0.6971141101276782,32768
snapshot_137.xyz,137,8,64,0.8939302371289488,0.04215971400990871,0.7843494749124854,0.9798608894464529,512
snapshot_137.xyz,137,16,8,0.8113483778339261,0.015933326056695268,0.785927618978788,0.8366930053399384,4096
snapshot_137.xyz,137,32,1,0.6844108851674641,0.0,0.6844108851674641,0.6844108851674641,32768
snapshot_138.xyz,138,8,64,0.903133810850115,0.047388535428804744,0.8003187332173861,1.0,512
snapshot_138.xyz,138,16,8,0.8235402724773853,0.01169448202885358,0.8078473220506398,0.8460992375718586,4096
snapshot_138.xyz,138,32,1,0.6974321208365922,0.0,0.6974321208365922,0.6974321208365922,32768
snapshot_139.xyz,139,8,64,0.8971309042860004,0.04859299558591172,0.798473313355471,1.0,512
snapshot_139.xyz,139,16,8,0.8175991821252638,0.01293367717399845,0.801691732733441,0.8406920875996472,4096
snapshot_139.xyz,139,32,1,0.6967808267036663,0.0,0.6967808267036663,0.6967808267036663,32768
snapshot_140.xyz,140,8,64,0.9079758848721048,0.04238531696597895,0.8131542590848791,1.0210553999907177,512
snapshot_140.xyz,140,16,8,0.8052698705059014,0.018137061306880746,0.7805856784569933,0.8362489510231559,4096
snapshot_140.xyz,140,32,1,0.6944795481247905,0.0,0.6944795481247905,0.6944795481247905,32768
snapshot_141.xyz,141,8,64,0.8919483654243502,0.04058187172304054,0.7701287060767755,0.9614390933226755,512
snapshot_141.xyz,141,16,8,0.810588776361407,0.028195025307396263,0.7702713645606521,0.8639862164282246,4096
snapshot_141.xyz,141,32,1,0.6990437861227948,0.0,0.6990437861227948,0.6990437861227948,32768
snapshot_142.xyz,142,8,64,0.9059780075806498,0.03918197843827923,0.8246024722372892,1.0,512
snapshot_142.xyz,142,16,8,0.8161215010559814,0.015679369991324396,0.7849458464106238,0.8373019571295434,4096
snapshot_142.xyz,142,32,1,0.6950869409517746,0.0,0.6950869409517746,0.6950869409517746,32768
snapshot_143.xyz,143,8,64,0.9084432179547415,0.039813971389791945,0.7750689055529971,0.9798608894464529,512
snapshot_143.xyz,143,16,8,0.8106130622727667,0.02444648556787225,0.7672340350474913,0.8454412710074387,4096
snapshot_143.xyz,143,32,1,0.6972830890485756,0.0,0.6972830890485756,0.6972830890485756,32768
snapshot_144.xyz,144,8,64,0.9113947785122305,0.04264659447328196,0.8131542590848791,1.022690852620971,512
snapshot_144.xyz,144,16,8,0.8055768667888558,0.014488403645166181,0.7837264320022941,0.8257611053096635,4096
snapshot_144.xyz,144,32,1,0.6860820899231588,0.0,0.6860820899231588,0.6860820899231588,32768
snapshot_145.xyz,145,8,64,0.900331821198469,0.048045702840678654,0.7896306877862276,1.0,512
snapshot_145.xyz,145,16,8,0.8187394025442285,0.014023533791162545,0.7856637419882481,0.8335537447069261,4096
snapshot_145.xyz,145,32,1,0.6899113306476101,0.0,0.6899113306476101,0.6899113306476101,32768
snapshot_146.xyz,146,8,64,0.9040597561573886,0.04833683824764888,0.7956470422305197,1.0465238155614724,512
snapshot_146.xyz,146,16,8,0.8115546060609641,0.014723631391721228,0.789135719598701,0.8339397108811774,4096
snapshot_146.xyz,146,32,1,0.705531515720035,0.0,0.705531515720035,0.705531515720035,32768
snapshot_147.xyz,147,8,64,0.8983032951696164,0.04712271761074726,0.8090696469336023,1.0430824667319911,512
snapshot_147.xyz,147,16,8,0.8122006234600743,0.02059204448366669,0.7837264320022941,0.8593810057290671,4096
snapshot_147.xyz,147,32,1,0.7153630501252318,0.0,0.7153630501252318,0.7153630501252318,32768
snapshot_148.xyz,148,8,64,0.9031545028345149,0.04536557978421102,0.7843494749124854,1.0,512
snapshot_148.xyz,148,16,8,0.8216506939576756,0.016204716967016048,0.7881702507491507,0.8461519466622769,4096
snapshot_148.xyz,148,32,1,0.7070162777157828,0.0,0.7070162777157828,0.7070162777157828,32768
snapshot_149.xyz,149,8,64,0.907914965460915,0.04961684543501473,0.8131542590848791,1.0221227859040942,512
snapshot_149.xyz,149,16,8,0.8257026205104705,0.014382880683910028,0.7897600696944644,0.8399676580059986,4096
snapshot_149.xyz,149,32,1,0.7096312162113058,0.0,0.7096312162113058,0.7096312162113058,32768
snapshot_150.xyz,150,8,64,0.9047743477633495,0.04398405133515268,0.8131542590848791,1.0215728419255936,512
snapshot_150.xyz,150,16,8,0.822787480779408,0.016683215083607757,0.7970505982146165,0.8533415935230024,4096
snapshot_150.xyz,150,32,1,0.697579545260098,0.0,0.697579545260098,0.697579545260098,32768
snapshot_151.xyz,151,8,64,0.9029083327742611,0.04788219510713617,0.7956470422305197,1.0,512
snapshot_151.xyz,151,16,8,0.821248740143786,0.015489280461066967,0.8034910294938007,0.8525030558950996,4096
snapshot_151.xyz,151,32,1,0.7130706318197461,0.0,0.7130706318197461,0.7130706318197461,32768
snapshot_152.xyz,152,8,64,0.9062033238143458,0.044905810468198894,0.798473313355471,0.9788827178638283,512
snapshot_152.xyz,152,16,8,0.8289919792182694,0.01611305628893421,0.8004007960124981,0.8518170659128106,4096
snapshot_152.xyz,152,32,1,0.7175403750447257,0.0,0.7175403750447257,0.7175403750447257,32768
snapshot_153.xyz,153,8,64,0.8988153208271809,0.03568690022396593,0.8131542590848791,0.9793787878787878,512
snapshot_153.xyz,153,16,8,0.8091220010513474,0.016465644632781565,0.778329193358609,0.8370061529984388,4096
snapshot_153.xyz,153,32,1,0.7077875632782857,0.0,0.7077875632782857,0.7077875632782857,32768
snapshot_154.xyz,154,8,64,0.9109114445718096,0.045157694603807814,0.7929002798644866,1.0661583568238173,512
snapshot_154.xyz,154,16,8,0.8230938965135892,0.018968528006204008,0.7844621303958257,0.8538681237946552,4096
snapshot_154.xyz,154,32,1,0.7096106048053024,0.0,0.7096106048053024,0.7096106048053024,32768
snapshot_155.xyz,155,8,64,0.8970881748267783,0.0400459821684401,0.7748249983297826,0.9783560388153113,512
snapshot_155.xyz,155,16,8,0.8259181333917085,0.011205313933588864,0.8031738451648452,0.8406920875996472,4096
snapshot_155.xyz,155,32,1,0.7164248468028085,0.0,0.7164248468028085,0.7164248468028085,32768
snapshot_156.xyz,156,8,64,0.8957971515164418,0.039573608145443355,0.7896306877862276,0.960565860616072,512
snapshot_156.xyz,156,16,8,0.8248784924837176,0.01954781107713633,0.7916279356904109,0.8504121613384223,4096
snapshot_156.xyz,156,32,1,0.7172903159936699,0.0,0.7172903159936699,0.7172903159936699,32768
snapshot_157.xyz,157,8,64,0.8997472236343256,0.035662878900924365,0.8163948542456927,1.0,512
snapshot_157.xyz,157,16,8,0.8178398579683553,0.017931888125042497,0.788819271516677,0.8525030558950996,4096
snapshot_157.xyz,157,32,1,0.7181159206074623,0.0,0.7181159206074623,0.7181159206074623,32768
snapshot_158.xyz,158,8,64,0.9049084701903953,0.04629167751184729,0.7750689055529971,1.0,512
snapshot_158.xyz,158,16,8,0.8217097759304184,0.0188426475306926,0.7894715001060505,0.8525030558950996,4096
snapshot_158.xyz,158,32,1,0.7275736264766834,0.0,0.7275736264766834,0.7275736264766834,32768
snapshot_159.xyz,159,8,64,0.9089043566775539,0.03885004614982749,0.8205852174735662,1.0,512
snapshot_159.xyz,159,16,8,0.8274562579984115,0.021267642277598527,0.787187788661161,0.8610002963292217,4096
snapshot_159.xyz,159,32,1,0.7084995667830258,0.0,0.7084995667830258,0.7084995667830258,32768
snapshot_160.xyz,160,8,64,0.9109610825791825,0.04643222277062792,0.8119999999999999,1.0441728791929505,512
snapshot_160.xyz,160,16,8,0.8203531279174018,0.0110630937509765,0.7983701573190395,0.8368699379820447,4096
snapshot_160.xyz,160,32,1,0.7179919826872814,0.0,0.7179919826872814,0.7179919826872814,32768
snapshot_161.xyz,161,8,64,0.8902459883614166,0.04349089518644916,0.7849139284592767,0.9772265450760766,512
snapshot_161.xyz,161,16,8,0.8169840199087733,0.021918589190988647,0.7784567026739861,0.8576914346246973,4096
snapshot_161.xyz,161,32,1,0.718633451034494,0.0,0.718633451034494,0.718633451034494,32768
snapshot_162.xyz,162,8,64,0.9071796090106508,0.051038739369952756,0.8047903165948215,1.0715682880387745,512
snapshot_162.xyz,162,16,8,0.834245362340006,0.026267166726180402,0.8031738451648452,0.8712889035220092,4096
snapshot_162.xyz,162,32,1,0.7232098202318221,0.0,0.7232098202318221,0.7232098202318221,32768
snapshot_163.xyz,163,8,64,0.9055387691733118,0.04381758556324931,0.8246024722372892,1.0221227859040942,512
snapshot_163.xyz,163,16,8,0.8256410779165418,0.020561366568613758,0.8031738451648452,0.8580787951143355,4096
snapshot_163.xyz,163,32,1,0.7149322128122042,0.0,0.7149322128122042,0.7149322128122042,32768
snapshot_164.xyz,164,8,64,0.9017534756667525,0.04257442388894875,0.8131542590848791,1.0,512
snapshot_164.xyz,164,16,8,0.8300925253207899,0.01412447776605001,0.8052596817236547,0.8442159292347582,4096
snapshot_164.xyz,164,32,1,0.7272204936528922,0.0,0.7272204936528922,0.7272204936528922,32768
snapshot_165.xyz,165,8,64,0.8997185481078966,0.049186886197961535,0.8047903165948215,1.097947926643255,512
snapshot_165.xyz,165,16,8,0.8150568740809399,0.013911895341141336,0.796122481898344,0.8335537447069261,4096
snapshot_165.xyz,165,32,1,0.7058633346646126,0.0,0.7058633346646126,0.7058633346646126,32768
snapshot_166.xyz,166,8,64,0.9050104719096685,0.038468391609783645,0.8170810723252613,1.0,512
snapshot_166.xyz,166,16,8,0.8338028927196699,0.022596808256409764,0.7984325877208832,0.8619067675102158,4096
snapshot_166.xyz,166,32,1,0.7317581111737946,0.0,0.7317581111737946,0.7317581111737946,32768
snapshot_167.xyz,167,8,64,0.9113719359748569,0.042681947140884254,0.8443361214993291,1.0210553999907177,512
snapshot_167.xyz,167,16,8,0.8251923398280379,0.01877422450395386,0.7947751018239774,0.8512110759796876,4096
snapshot_167.xyz,167,32,1,0.7334879225117569,0.0,0.7334879225117569,0.7334879225117569,32768
snapshot_168.xyz,168,8,64,0.9091652910573338,0.04256555078429243,0.8170810723252613,0.9803083998573704,512
snapshot_168.xyz,168,16,8,0.8370989992011681,0.011449015196172923,0.8207821641279713,0.8603546719238209,4096
snapshot_168.xyz,168,32,1,0.7356382694961504,0.0,0.7356382694961504,0.7356382694961504,32768
snapshot_169.xyz,169,8,64,0.9068009347799534,0.041447454896527826,0.788713491820474,1.0215728419255936,512
snapshot_169.xyz,169,16,8,0.8343217021324848,0.016792998838487488,0.8069913228262795,0.8658729792786729,4096
snapshot_169.xyz,169,32,1,0.7489665735146124,0.0,0.7489665735146124,0.7489665735146124,32768
snapshot_170.xyz,170,8,64,0.9030759779226443,0.04659828246289464,0.7701287060767755,1.0,512
snapshot_170.xyz,170,16,8,0.8359920652825044,0.01366058461058902,0.8191880644590048,0.8593810057290671,4096
snapshot_170.xyz,170,32,1,0.7306469298245614,0.0,0.7306469298245614,0.7306469298245614,32768
snapshot_171.xyz,171,8,64,0.9110104573567139,0.04524482709698686,0.788713491820474,1.022690852620971,512
snapshot_171.xyz,171,16,8,0.8301194336429087,0.017943020694119675,0.8063720747810171,0.8560863338788871,4096
snapshot_171.xyz,171,32,1,0.7476757080351798,0.0,0.7476757080351798,0.7476757080351798,32768
snapshot_172.xyz,172,8,64,0.9070394843244871,0.04566888323301529,0.7649661708869794,1.0,512
snapshot_172.xyz,172,16,8,0.8339721269362922,0.023834680522187686,0.7942660716221588,0.876045395342059,4096
snapshot_172.xyz,172,32,1,0.7295501956966602,0.0,0.7295501956966602,0.7295501956966602,32768
snapshot_173.xyz,173,8,64,0.9145537985407006,0.050723601087890285,0.8003187332173861,1.0453156233995804,512
snapshot_173.xyz,173,16,8,0.8350231720153652,0.015275066869220647,0.8082978937452557,0.8540322656595812,4096
snapshot_173.xyz,173,32,1,0.7310343579815817,0.0,0.7310343579815817,0.7310343579815817,32768
snapshot_174.xyz,174,8,64,0.9079400918810312,0.04612475592733015,0.798473313355471,1.0,512
snapshot_174.xyz,174,16,8,0.8254757182678019,0.01344660907493543,0.7946918908990724,0.8417835004173192,4096
snapshot_174.xyz,174,32,1,0.7382533665835411,0.0,0.7382533665835411,0.7382533665835411,32768
snapshot_175.xyz,175,8,64,0.9045267264014162,0.045717977920208056,0.7856093070746762,1.0,512
snapshot_175.xyz,175,16,8,0.8243659796843049,0.01667006335300883,0.8067574892494489,0.8600179604869287,4096
snapshot_175.xyz,175,32,1,0.7370715990381392,0.0,0.7370715990381392,0.7370715990381392,32768
snapshot_176.xyz,176,8,64,0.919192047409198,0.041437219209946904,0.8131542590848791,1.0210553999907177,512
snapshot_176.xyz,176,16,8,0.824543632006732,0.01415217404460919,0.8091819912378975,0.8503461647506425,4096
snapshot_176.xyz,176,32,1,0.7457927067912262,0.0,0.7457927067912262,0.7457927067912262,32768
snapshot_177.xyz,177,8,64,0.9060156826699688,0.04872716070547142,0.788713491820474,1.0200871482336524,512
snapshot_177.xyz,177,16,8,0.8429377639995567,0.019765120072869184,0.8151239596245795,0.8838285729964057,4096
snapshot_177.xyz,177,32,1,0.7410902743142144,0.0,0.7410902743142144,0.7410902743142144,32768
snapshot_178.xyz,178,8,64,0.9087547556571494,0.04716403173617862,0.8047903165948215,1.0,512
snapshot_178.xyz,178,16,8,0.8346944581653226,0.025031619179539957,0.7937356486135063,0.8748976030856828,4096
snapshot_178.xyz,178,32,1,0.737385130374568,0.0,0.737385130374568,0.737385130374568,32768
snapshot_179.xyz,179,8,64,0.9061835621567038,0.04498833662139666,0.798473313355471,1.0221227859040942,512
snapshot_179.xyz,179,16,8,0.83976904207374,0.022813196300360182,0.8067574892494489,0.8822054302329888,4096
snapshot_179.xyz,179,32,1,0.7440362934215151,0.0,0.7440362934215151,0.7440362934215151,32768
snapshot_180.xyz,180,8,64,0.9105224638676553,0.04005204173155395,0.8163948542456927,1.0,512
snapshot_180.xyz,180,16,8,0.8394302546200185,0.014813108989267618,0.8184004281489813,0.8610002963292217,4096
snapshot_180.xyz,180,32,1,0.735530930962301,0.0,0.735530930962301,0.735530930962301,32768
snapshot_181.xyz,181,8,64,0.910526968532918,0.034873577223081674,0.8170810723252613,0.9798608894464529,512
snapshot_181.xyz,181,16,8,0.8438333437345086,0.01613689077174862,0.8233801900769704,0.8730414122068442,4096
snapshot_181.xyz,181,32,1,0.7451532052742635,0.0,0.7451532052742635,0.7451532052742635,32768
snapshot_182.xyz,182,8,64,0.905802838561542,0.0423787147215905,0.8170810723252613,1.022690852620971,512
snapshot_182.xyz,182,16,8,0.8468884793724762,0.008795292109385476,0.8313653267221534,0.8580787951143355,4096
snapshot_182.xyz,182,32,1,0.7472150736858121,0.0,0.7472150736858121,0.7472150736858121,32768
snapshot_183.xyz,183,8,64,0.9091874790147442,0.0440443042248221,0.8163948542456927,1.0215728419255936,512
snapshot_183.xyz,183,16,8,0.83512725796253,0.019532463788399207,0.8069913228262795,0.8616475622239231,4096
snapshot_183.xyz,183,32,1,0.7413685680091718,0.0,0.7413685680091718,0.7413685680091718,32768
snapshot_184.xyz,184,8,64,0.9053636254285521,0.04736679650589127,0.8090696469336023,1.0,512
snapshot_184.xyz,184,16,8,0.831214960604465,0.014960928561475469,0.8118962156822972,0.8565216998518411,4096
snapshot_184.xyz,184,32,1,0.7353283518180119,0.0,0.7353283518180119,0.7353283518180119,32768
snapshot_185.xyz,185,8,64,0.9079802316836091,0.04057986161814636,0.798473313355471,1.0,512
snapshot_185.xyz,185,16,8,0.8188443769576275,0.013601913522614695,0.796122481898344,0.8373019571295434,4096
snapshot_185.xyz,185,32,1,0.7333808519695484,0.0,0.7333808519695484,0.7333808519695484,32768
snapshot_186.xyz,186,8,64,0.9074230364819277,0.042165313762030886,0.8205852174735662,1.0,512
snapshot_186.xyz,186,16,8,0.8416772444930302,0.013037774114423547,0.8207821641279713,0.8619067675102158,4096
snapshot_186.xyz,186,32,1,0.759163852613334,0.0,0.759163852613334,0.759163852613334,32768
snapshot_187.xyz,187,8,64,0.8982718989507822,0.045179209415280336,0.7896306877862276,1.0,512
snapshot_187.xyz,187,16,8,0.845347119655163,0.025983798126484353,0.801691732733441,0.8939225281087744,4096
snapshot_187.xyz,187,32,1,0.7516254446024807,0.0,0.7516254446024807,0.7516254446024807,32768
snapshot_188.xyz,188,8,64,0.9052779782954222,0.040708661304315004,0.8208404052190517,1.0205530303030304,512
snapshot_188.xyz,188,16,8,0.8268625894489349,0.01513968857821923,0.7993458818448471,0.8461519466622769,4096
snapshot_188.xyz,188,32,1,0.7494574847199824,0.0,0.7494574847199824,0.7494574847199824,32768
snapshot_189.xyz,189,8,64,0.9101517133995645,0.04311476646250046,0.8370684343753015,1.023931106110438,512
snapshot_189.xyz,189,16,8,0.8367565292083263,0.01635195513891175,0.8151239596245795,0.8731438773991965,4096
snapshot_189.xyz,189,32,1,0.7347100993131874,0.0,0.7347100993131874,0.7347100993131874,32768
snapshot_190.xyz,190,8,64,0.9083069232773182,0.04651659912483821,0.8090696469336023,1.0,512
snapshot_190.xyz,190,16,8,0.8407434281103627,0.014584206877652751,0.8192707420761903,0.8706961153457617,4096
snapshot_190.xyz,190,32,1,0.7491874563447043,0.0,0.7491874563447043,0.7491874563447043,32768
snapshot_191.xyz,191,8,64,0.9093093000007505,0.041300813869470446,0.8284315785051048,1.0200871482336524,512
snapshot_191.xyz,191,16,8,0.8294905461774056,0.016749547035817845,0.8023715518368414,0.8560863338788871,4096
snapshot_191.xyz,191,32,1,0.7458565725211257,0.0,0.7458565725211257,0.7458565725211257,32768
snapshot_192.xyz,192,8,64,0.905325711767976,0.05465484236544072,0.7649661708869794,1.0221227859040942,512
snapshot_192.xyz,192,16,8,0.8316049174152743,0.02614698027650409,0.8025954901889929,0.8794046988498789,4096
snapshot_192.xyz,192,32,1,0.7420842262285214,0.0,0.7420842262285214,0.7420842262285214,32768
snapshot_193.xyz,193,8,64,0.9181758483164792,0.04068510837824732,0.8131542590848791,1.0205530303030304,512
snapshot_193.xyz,193,16,8,0.8456865337247923,0.019989939894940512,0.8191880644590048,0.8779688483905619,4096
snapshot_193.xyz,193,32,1,0.7484219211308487,0.0,0.7484219211308487,0.7484219211308487,32768
snapshot_194.xyz,194,8,64,0.8990290395083974,0.04511164855777315,0.7750689055529971,1.0,512
snapshot_194.xyz,194,16,8,0.8369237203399921,0.023602114487420903,0.7965881340150038,0.8700956298010863,4096
snapshot_194.xyz,194,32,1,0.7605551782004155,0.0,0.7605551782004155,0.7605551782004155,32768
snapshot_195.xyz,195,8,64,0.9057749776530941,0.043292583189900494,0.798473313355471,1.0200871482336524,512
snapshot_195.xyz,195,16,8,0.8513472930699565,0.013411354185128083,0.8241798779939177,0.8695065771715462,4096
snapshot_195.xyz,195,32,1,0.7590912560819308,0.0,0.7590912560819308,0.7590912560819308,32768
snapshot_196.xyz,196,8,64,0.9135284423786086,0.05047939495162288,0.8047903165948215,1.0645209722792932,512
snapshot_196.xyz,196,16,8,0.8402715272788158,0.011253446806788928,0.8249704279876694,0.8593810057290671,4096
snapshot_196.xyz,196,32,1,0.7576649403558959,0.0,0.7576649403558959,0.7576649403558959,32768
snapshot_197.xyz,197,8,64,0.9134665006486932,0.041811937819406356,0.8131542590848791,1.0210553999907177,512
snapshot_197.xyz,197,16,8,0.8512329483632405,0.013947831254882337,0.8343215746281571,0.87255052108625,4096
snapshot_197.xyz,197,32,1,0.7712048952762834,0.0,0.7712048952762834,0.7712048952762834,32768
snapshot_198.xyz,198,8,64,0.9039908201403757,0.04603602137825631,0.7856093070746762,1.0,512
snapshot_198.xyz,198,16,8,0.8365355113411928,0.014317738506664304,0.8151239596245795,0.8653965197675046,4096
snapshot_198.xyz,198,32,1,0.7552618453865336,0.0,0.7552618453865336,0.7552618453865336,32768
snapshot_199.xyz,199,8,64,0.9158401028055764,0.04025851044515663,0.798473313355471,1.0,512
snapshot_199.xyz,199,16,8,0.8478084281861991,0.010581495704093526,0.8265345672098212,0.8596998617907438,4096
snapshot_199.xyz,199,32,1,0.7580085778890023,0.0,0.7580085778890023,0.7580085778890023,32768
snapshot_200.xyz,200,8,64,0.9048405477762171,0.0548352058994233,0.8244545353859786,1.0629728182676095,512
snapshot_200.xyz,200,16,8,0.8523755018511263,0.01489568711234083,0.8257611053096635,0.870091045953115,4096
snapshot_200.xyz,200,32,1,0.7516714479480502,0.0,0.7516714479480502,0.7516714479480502,32768
snapshot_201.xyz,201,8,64,0.9102808028904052,0.047724601054163825,0.798473313355471,1.0430824667319911,512
snapshot_201.xyz,201,16,8,0.8500199546736169,0.014631335837641982,0.8267411694272601,0.8676404115048812,4096
snapshot_201.xyz,201,32,1,0.7653227537866533,0.0,0.7653227537866533,0.7653227537866533,32768
snapshot_202.xyz,202,8,64,0.9082819787469981,0.044920835710872194,0.7750689055529971,1.0,512
snapshot_202.xyz,202,16,8,0.8455190516892197,0.020591182913527722,0.8126209764140798,0.869489202503982,4096
snapshot_202.xyz,202,32,1,0.7654880290917955,0.0,0.7654880290917955,0.7654880290917955,32768
snapshot_203.xyz,203,8,64,0.9066822936196174,0.05221861998732598,0.7701287060767755,1.0392012749328694,512
snapshot_203.xyz,203,16,8,0.8465882000598832,0.023584375550872092,0.8110589693642642,0.8796508171683084,4096
snapshot_203.xyz,203,32,1,0.7678237648856407,0.0,0.7678237648856407,0.7678237648856407,32768
snapshot_204.xyz,204,8,64,0.922746157514136,0.04604018568347479,0.798473313355471,1.0,512
snapshot_204.xyz,204,16,8,0.8494402932218388,0.014150108045155704,0.8243355680044082,0.86313749544408,4096
snapshot_204.xyz,204,32,1,0.7712048952762834,0.0,0.7712048952762834,0.7712048952762834,32768
snapshot_205.xyz,205,8,64,0.9072008171106319,0.04059895910766432,0.8205852174735662,1.0,512
snapshot_205.xyz,205,16,8,0.8553458762646213,0.017645176902302183,0.8248071821360179,0.8869677883418328,4096
snapshot_205.xyz,205,32,1,0.7634146583752209,0.0,0.7634146583752209,0.7634146583752209,32768
snapshot_206.xyz,206,8,64,0.9194146772824889,0.05058178091442575,0.8003187332173861,1.0215728419255936,512
snapshot_206.xyz,206,16,8,0.8480926392810684,0.020667133770598787,0.801691732733441,0.8695065771715462,4096
snapshot_206.xyz,206,32,1,0.7690684350303143,0.0,0.7690684350303143,0.7690684350303143,32768
snapshot_207.xyz,207,8,64,0.9152483005418899,0.04197934745752008,0.8244545353859786,1.0453156233995804,512
snapshot_207.xyz,207,16,8,0.842636161097261,0.016362522095918618,0.8074102305078519,0.8671047457038074,4096
snapshot_207.xyz,207,32,1,0.7727856470067735,0.0,0.7727856470067735,0.7727856470067735,32768
snapshot_208.xyz,208,8,64,0.910365543996951,0.046382307014415085,0.8047903165948215,1.0430824667319911,512
snapshot_208.xyz,208,16,8,0.8479468973042275,0.013280459678259407,0.8233801900769704,0.8647851696599573,4096
snapshot_208.xyz,208,32,1,0.7607012190531636,0.0,0.7607012190531636,0.7607012190531636,32768
snapshot_209.xyz,209,8,64,0.91990736516032,0.044948824712843706,0.798473313355471,1.0215728419255936,512
snapshot_209.xyz,209,16,8,0.8614922763773953,0.025444721685184732,0.8151239596245795,0.9059823654826004,4096
snapshot_209.xyz,209,32,1,0.7771011513944264,0.0,0.7771011513944264,0.7771011513944264,32768
snapshot_210.xyz,210,8,64,0.9153384690366086,0.03845005177204499,0.8246024722372892,1.0,512
snapshot_210.xyz,210,16,8,0.8491126791060453,0.021881658322890248,0.8133781457496516,0.8832941500596933,4096
snapshot_210.xyz,210,32,1,0.7674650078384047,0.0,0.7674650078384047,0.7674650078384047,32768
snapshot_211.xyz,211,8,64,0.9077441146192623,0.05016959385016318,0.7748249983297826,1.022690852620971,512
snapshot_211.xyz,211,16,8,0.8466171179959705,0.016269695582506908,0.8175667835881508,0.866491872531913,4096
snapshot_211.xyz,211,32,1,0.7719474920759337,0.0,0.7719474920759337,0.7719474920759337,32768
snapshot_212.xyz,212,8,64,0.9110860486147494,0.040939268110019765,0.7849139284592767,1.0205530303030304,512
snapshot_212.xyz,212,16,8,0.8559046070250775,0.019543820912884202,0.8280732698939051,0.8885209170150559,4096
snapshot_212.xyz,212,32,1,0.7757929125005502,0.0,0.7757929125005502,0.7757929125005502,32768
snapshot_213.xyz,213,8,64,0.9062946202035835,0.03518124114436609,0.8090696469336023,0.9803083998573704,512
snapshot_213.xyz,213,16,8,0.8497322969113268,0.018425367751884636,0.8215667573739796,0.8724614938045391,4096
snapshot_213.xyz,213,32,1,0.7644498725658477,0.0,0.7644498725658477,0.7644498725658477,32768
snapshot_214.xyz,214,8,64,0.9120504884475927,0.04063793997511873,0.8170810723252613,1.0215728419255936,512
snapshot_214.xyz,214,16,8,0.8471061741201573,0.01642010208674398,0.8082978937452557,0.8612837631138544,4096
snapshot_214.xyz,214,32,1,0.7786616888575045,0.0,0.7786616888575045,0.7786616888575045,32768
snapshot_215.xyz,215,8,64,0.9088826709403915,0.05143237114040534,0.7941493858642233,1.0587255037513008,512
snapshot_215.xyz,215,16,8,0.8537728307522258,0.016087711355096502,0.8346836635819755,0.8853806357625789,4096
snapshot_215.xyz,215,32,1,0.7667543859649122,0.0,0.7667543859649122,0.7667543859649122,32768
snapshot_216.xyz,216,8,64,0.9108818947884767,0.0403509291155392,0.8170810723252613,1.0221227859040942,512
snapshot_216.xyz,216,16,8,0.8472161028021912,0.009126987477176563,0.8331932396587569,0.8574193786368374,4096
snapshot_216.xyz,216,32,1,0.7789992437484036,0.0,0.7789992437484036,0.7789992437484036,32768
snapshot_217.xyz,217,8,64,0.9048163237560745,0.04275260999822379,0.8163948542456927,1.0210553999907177,512
snapshot_217.xyz,217,16,8,0.8602530571620963,0.020721078115980836,0.8290836260663847,0.8843639278265067,4096
snapshot_217.xyz,217,32,1,0.7687050129434688,0.0,0.7687050129434688,0.7687050129434688,32768
snapshot_218.xyz,218,8,64,0.9100975129875497,0.04879317135685545,0.7896306877862276,1.023931106110438,512
snapshot_218.xyz,218,16,8,0.855297678203373,0.02015529500958491,0.8199887114270343,0.8895276984786615,4096
snapshot_218.xyz,218,32,1,0.7694104738154613,0.0,0.7694104738154613,0.7694104738154613,32768
snapshot_219.xyz,219,8,64,0.914354117783259,0.043628858090695714,0.8119999999999999,1.0205530303030304,512
snapshot_219.xyz,219,16,8,0.8590180724681089,0.02142966791499528,0.8175575524775346,0.8838285729964057,4096
snapshot_219.xyz,219,32,1,0.7771830423940149,0.0,0.7771830423940149,0.7771830423940149,32768
snapshot_220.xyz,220,8,64,0.9181208505980749,0.049011718013013655,0.8131542590848791,1.022690852620971,512
snapshot_220.xyz,220,16,8,0.8622279716511416,0.012926382086534493,0.8454412710074387,0.8838285729964057,4096
snapshot_220.xyz,220,32,1,0.7720625667541748,0.0,0.7720625667541748,0.7720625667541748,32768
snapshot_221.xyz,221,8,64,0.9036660703619036,0.04571555465032387,0.8163948542456927,1.0678660521055328,512
snapshot_221.xyz,221,16,8,0.8584489523380956,0.012037152598689982,0.8328510690630545,0.8743173581460545,4096
snapshot_221.xyz,221,32,1,0.7853244366309732,0.0,0.7853244366309732,0.7853244366309732,32768
snapshot_222.xyz,222,8,64,0.9155768407605178,0.04471237557398088,0.8119999999999999,1.0,512
snapshot_222.xyz,222,16,8,0.8736749415727857,0.012850490980640235,0.8523858996133415,0.894415823538164,4096
snapshot_222.xyz,222,32,1,0.778254355122263,0.0,0.778254355122263,0.778254355122263,32768
snapshot_223.xyz,223,8,64,0.9196676111935437,0.04352869772148126,0.8170810723252613,1.0410530303030303,512
snapshot_223.xyz,223,16,8,0.8622158077933311,0.015202496317278756,0.8475553781680303,0.8874892092937826,4096
snapshot_223.xyz,223,32,1,0.7837156688401501,0.0,0.7837156688401501,0.7837156688401501,32768
snapshot_224.xyz,224,8,64,0.9096486175132685,0.04477890311073338,0.7941493858642233,1.0678660521055328,512
snapshot_224.xyz,224,16,8,0.8517656155805834,0.019840140471880898,0.810369111430688,0.8779688483905619,4096
snapshot_224.xyz,224,32,1,0.787344685321134,0.0,0.787344685321134,0.787344685321134,32768
snapshot_225.xyz,225,8,64,0.9084871844235938,0.035174282184262814,0.8284315785051048,1.0,512
snapshot_225.xyz,225,16,8,0.8504378356466021,0.012967141740784349,0.8309083652328513,0.8712889035220092,4096
snapshot_225.xyz,225,32,1,0.7754245245325235,0.0,0.7754245245325235,0.7754245245325235,32768
snapshot_226.xyz,226,8,64,0.908516891535813,0.044561319997535036,0.788713491820474,1.0221227859040942,512
snapshot_226.xyz,226,16,8,0.8507637876702091,0.01761097074547209,0.8255733372999554,0.8812886206771944,4096
snapshot_226.xyz,226,32,1,0.7884768079800498,0.0,0.7884768079800498,0.7884768079800498,32768
snapshot_227.xyz,227,8,64,0.9066102199994878,0.03996153352719254,0.8170810723252613,1.0215728419255936,512
snapshot_227.xyz,227,16,8,0.861550453796783,0.020098058015772538,0.8316779893759261,0.893644527156434,4096
snapshot_227.xyz,227,32,1,0.7941968447543941,0.0,0.7941968447543941,0.7941968447543941,32768
snapshot_228.xyz,228,8,64,0.9133029124478969,0.046523000679249686,0.788713491820474,1.0,512
snapshot_228.xyz,228,16,8,0.8623293218813854,0.01707593316263169,0.8368699379820447,0.897292320531195,4096
snapshot_228.xyz,228,32,1,0.7862407618669708,0.0,0.7862407618669708,0.7862407618669708,32768
snapshot_229.xyz,229,8,64,0.91962950004792,0.041724118243553016,0.8284315785051048,1.022690852620971,512
snapshot_229.xyz,229,16,8,0.8609857689758603,0.013765655441960973,0.839236407176938,0.8788175757088923,4096
snapshot_229.xyz,229,32,1,0.7930953214232971,0.0,0.7930953214232971,0.7930953214232971,32768
snapshot_230.xyz,230,8,64,0.9218418703922093,0.042509657184946835,0.8163948542456927,1.022690852620971,512
snapshot_230.xyz,230,16,8,0.858593769927497,0.012226889773281048,0.8350728397525444,0.870677698342571,4096
snapshot_230.xyz,230,32,1,0.7927850731135123,0.0,0.7927850731135123,0.7927850731135123,32768
snapshot_231.xyz,231,8,64,0.9116117074167974,0.049603902005330276,0.7941493858642233,1.0233041714213262,512
snapshot_231.xyz,231,16,8,0.8609513095535275,0.02043664033019509,0.8249704279876694,0.8875356206542802,4096
snapshot_231.xyz,231,32,1,0.7906422906699708,0.0,0.7906422906699708,0.7906422906699708,32768
snapshot_232.xyz,232,8,64,0.9080666454273438,0.03672353128935019,0.798473313355471,0.9807516629078765,512
snapshot_232.xyz,232,16,8,0.852596166953421,0.023265838111556133,0.8167545107960436,0.8816591653027822,4096
snapshot_232.xyz,232,32,1,0.7797569885641676,0.0,0.7797569885641676,0.7797569885641676,32768
snapshot_233.xyz,233,8,64,0.913498804193271,0.049928263979691086,0.8047903165948215,1.0392012749328694,512
snapshot_233.xyz,233,16,8,0.8634355180143379,0.022331367928463432,0.8167545107960436,0.8929102193424435,4096
snapshot_233.xyz,233,32,1,0.7902031099024793,0.0,0.7902031099024793,0.7902031099024793,32768
snapshot_234.xyz,234,8,64,0.9179641434237661,0.041602211310932585,0.8205852174735662,1.0453156233995804,512
snapshot_234.xyz,234,16,8,0.8545976850657622,0.016624859522475378,0.8354196918717903,0.882353573732884,4096
snapshot_234.xyz,234,32,1,0.7880543516175981,0.0,0.7880543516175981,0.7880543516175981,32768
snapshot_235.xyz,235,8,64,0.9228242886529001,0.04130326731539223,0.8284315785051048,1.0215728419255936,512
snapshot_235.xyz,235,16,8,0.8632960701833036,0.01498100626264946,0.8365667344478235,0.882884836800814,4096
snapshot_235.xyz,235,32,1,0.8016707651162674,0.0,0.8016707651162674,0.8016707651162674,32768
snapshot_236.xyz,236,8,64,0.9251157353861366,0.04551791639584639,0.8170810723252613,1.0,512
snapshot_236.xyz,236,16,8,0.8616666805865996,0.017819760747713465,0.838754211448027,0.893644527156434,4096
snapshot_236.xyz,236,32,1,0.7920675677988025,0.0,0.7920675677988025,0.7920675677988025,32768
snapshot_237.xyz,237,8,64,0.911366473154587,0.04251418674725729,0.8131542590848791,1.0210553999907177,512
snapshot_237.xyz,237,16,8,0.8669059472874754,0.020658090754682376,0.8313653267221534,0.8953900349505253,4096
snapshot_237.xyz,237,32,1,0.7965836535842891,0.0,0.7965836535842891,0.7965836535842891,32768
snapshot_238.xyz,238,8,64,0.924666613456316,0.042263835848391475,0.8356213385167788,1.0629728182676095,512
snapshot_238.xyz,238,16,8,0.8716015895080501,0.017748757993780333,0.8503461647506425,0.8991351380298284,4096
snapshot_238.xyz,238,32,1,0.7999514523179512,0.0,0.7999514523179512,0.7999514523179512,32768
snapshot_239.xyz,239,8,64,0.9076173462015329,0.04426139001914735,0.8331742424242423,1.0420411825677995,512
snapshot_239.xyz,239,16,8,0.8626771461954109,0.01646097044882757,0.8462089770708936,0.89587289925613,4096
snapshot_239.xyz,239,32,1,0.7924744669414083,0.0,0.7924744669414083,0.7924744669414083,32768
snapshot_240.xyz,240,8,64,0.9182136366377673,0.04489316078715598,0.8290969847924627,1.0205530303030304,512
snapshot_240.xyz,240,16,8,0.8608346665914404,0.010615281818983914,0.843523995041615,0.8771654681458462,4096
snapshot_240.xyz,240,32,1,0.781925207267951,0.0,0.781925207267951,0.781925207267951,32768
snapshot_241.xyz,241,8,64,0.9137440077081316,0.03800556132479937,0.8163948542456927,1.0,512
snapshot_241.xyz,241,16,8,0.8648285838158286,0.009657991572088298,0.8525030558950996,0.8827525152389823,4096
snapshot_241.xyz,241,32,1,0.7875683526656032,0.0,0.7875683526656032,0.7875683526656032,32768
snapshot_242.xyz,242,8,64,0.9150147459674056,0.0372837202111575,0.8443361214993291,1.0,512
snapshot_242.xyz,242,16,8,0.8760760682637284,0.014383380799150141,0.8537135278514588,0.8949022113568174,4096
snapshot_242.xyz,242,32,1,0.7921678571074765,0.0,0.7921678571074765,0.7921678571074765,32768
snapshot_243.xyz,243,8,64,0.9242305852407723,0.046002463578941145,0.8356213385167788,1.0410530303030303,512
snapshot_243.xyz,243,16,8,0.8714128385563585,0.012314245488448868,0.8550186237121192,0.8968276088203951,4096
snapshot_243.xyz,243,32,1,0.813135580583914,0.0,0.813135580583914,0.813135580583914,32768
snapshot_244.xyz,244,8,64,0.91919168876008,0.04372704649820307,0.8205852174735662,1.0441728791929505,512
snapshot_244.xyz,244,16,8,0.8602936318372378,0.016119003471078974,0.8321115804884072,0.8822054302329888,4096
snapshot_244.xyz,244,32,1,0.7938019418251557,0.0,0.7938019418251557,0.7938019418251557,32768
snapshot_245.xyz,245,8,64,0.9261514705484035,0.04609876748315133,0.8170810723252613,1.0401074877702967,512
snapshot_245.xyz,245,16,8,0.8682620481955792,0.02262071004009148,0.8301372607955115,0.9038049041396546,4096
snapshot_245.xyz,245,32,1,0.8086837257323318,0.0,0.8086837257323318,0.8086837257323318,32768
snapshot_246.xyz,246,8,64,0.9209421114176128,0.043393510529818866,0.8026280895300733,1.0430824667319911,512
snapshot_246.xyz,246,16,8,0.8750466202902545,0.01257198966193967,0.8590793930181081,0.9005185611984526,4096
snapshot_246.xyz,246,32,1,0.8095960217769277,0.0,0.8095960217769277,0.8095960217769277,32768
snapshot_247.xyz,247,8,64,0.9175727453098581,0.04305112653985739,0.8131542590848791,1.0401074877702967,512
snapshot_247.xyz,247,16,8,0.8754480940347774,0.015029518022014058,0.8565216998518411,0.89587289925613,4096
snapshot_247.xyz,247,32,1,0.7966504435719756,0.0,0.7966504435719756,0.7966504435719756,32768
snapshot_248.xyz,248,8,64,0.916572244346424,0.04052609277300038,0.8321041453305748,1.0,512
snapshot_248.xyz,248,16,8,0.8639869163315588,0.015011828646295503,0.8503461647506425,0.8934157343411513,4096
snapshot_248.xyz,248,32,1,0.7960771004481887,0.0,0.7960771004481887,0.7960771004481887,32768
snapshot_249.xyz,249,8,64,0.921386528514182,0.04454661662438943,0.8443361214993291,1.0215728419255936,512
snapshot_249.xyz,249,16,8,0.8668205032972344,0.01648995207867924,0.8447237617462353,0.8991295329110642,4096
snapshot_249.xyz,249,32,1,0.800202637911382,0.0,0.800202637911382,0.800202637911382,32768
snapshot_250.xyz,250,8,64,0.9050544964018103,0.03926123402710659,0.80739955754266,1.0210553999907177,512
snapshot_250.xyz,250,16,8,0.8689176141173777,0.02056862691381939,0.8331932396587569,0.9075795458754676,4096
snapshot_250.xyz,250,32,1,0.8079906395941133,0.0,0.8079906395941133,0.8079906395941133,32768
snapshot_251.xyz,251,8,64,0.9219516358486433,0.04236502389970257,0.8284315785051048,1.0,512
snapshot_251.xyz,251,16,8,0.8705436161588256,0.017768651476435637,0.8462089770708936,0.904686256756386,4096
snapshot_251.xyz,251,32,1,0.8104471998495597,0.0,0.8104471998495597,0.8104471998495597,32768
snapshot_252.xyz,252,8,64,0.9170849475168227,0.04452956399428155,0.8090696469336023,1.0221227859040942,512
snapshot_252.xyz,252,16,8,0.8594181534612972,0.0178259332571982,0.8277639963481774,0.8926751737391954,4096
snapshot_252.xyz,252,32,1,0.7857632919340634,0.0,0.7857632919340634,0.7857632919340634,32768
snapshot_253.xyz,253,8,64,0.9169368177195734,0.04393032229716514,0.8284315785051048,1.0205530303030304,512
snapshot_253.xyz,253,16,8,0.87128537186832,0.018845070754834506,0.8461519466622769,0.9014232325248089,4096
snapshot_253.xyz,253,32,1,0.813691729036123,0.0,0.813691729036123,0.813691729036123,32768
snapshot_254.xyz,254,8,64,0.9115612516022762,0.0469396070359557,0.7505566992983489,0.9807516629078765,512
snapshot_254.xyz,254,16,8,0.8807258809929187,0.016817082306363425,0.8587300280772995,0.9038049041396546,4096
snapshot_254.xyz,254,32,1,0.8063871539710525,0.0,0.8063871539710525,0.8063871539710525,32768
snapshot_255.xyz,255,8,64,0.9168596840891284,0.03503053241148973,0.8443361214993291,0.9803083998573704,512
snapshot_255.xyz,255,16,8,0.8703857824096823,0.020864776858148838,0.8510369702434626,0.9209752961704473,4096
snapshot_255.xyz,255,32,1,0.82307885370773,0.0,0.82307885370773,0.82307885370773,32768
snapshot_256.xyz,256,8,64,0.9287353163814168,0.04055643882870946,0.8477374900214277,1.0221227859040942,512
snapshot_256.xyz,256,16,8,0.8767698431924482,0.020472600431940144,0.8531902728723062,0.9138078046479562,4096
snapshot_256.xyz,256,32,1,0.8124153752817477,0.0,0.8124153752817477,0.8124153752817477,32768
snapshot_257.xyz,257,8,64,0.9207673702810959,0.0416286019900118,0.8542727272727273,1.0215728419255936,512
snapshot_257.xyz,257,16,8,0.872674606766079,0.017447234453614527,0.8537135278514588,0.9126154835154743,4096
snapshot_257.xyz,257,32,1,0.814117545573635,0.0,0.814117545573635,0.814117545573635,32768
snapshot_258.xyz,258,8,64,0.9143274242029855,0.046818861520069206,0.7929002798644866,1.0221227859040942,512
snapshot_258.xyz,258,16,8,0.8655861991897636,0.014773618649385247,0.8328510690630545,0.8854090629855816,4096
snapshot_258.xyz,258,32,1,0.8094516424682849,0.0,0.8094516424682849,0.8094516424682849,32768
snapshot_259.xyz,259,8,64,0.904429251817297,0.03792618165603808,0.8090696469336023,1.0,512
snapshot_259.xyz,259,16,8,0.8750305077272789,0.017993122346239086,0.838296073560814,0.8991295329110642,4096
snapshot_259.xyz,259,32,1,0.7932552080733871,0.0,0.7932552080733871,0.7932552080733871,32768
snapshot_260.xyz,260,8,64,0.9209760908227358,0.041192399949180634,0.8477374900214277,1.0430824667319911,512
snapshot_260.xyz,260,16,8,0.8607505647416915,0.019890764830510336,0.8201083662411608,0.880745995174253,4096
snapshot_260.xyz,260,32,1,0.8026358448806291,0.0,0.8026358448806291,0.8026358448806291,32768
snapshot_261.xyz,261,8,64,0.9282693597582238,0.04976336356906593,0.7799794788202504,1.0210553999907177,512
snapshot_261.xyz,261,16,8,0.8718956666462407,0.015531698106527875,0.8515255292652553,0.9042483239966939,4096
snapshot_261.xyz,261,32,1,0.8228446511813617,0.0,0.8228446511813617,0.8228446511813617,32768
snapshot_262.xyz,262,8,64,0.9188389325222801,0.046413222151147265,0.8170810723252613,1.0430824667319911,512
snapshot_262.xyz,262,16,8,0.8692234527085285,0.019504033627685227,0.850879462425337,0.9160212245805089,4096
snapshot_262.xyz,262,32,1,0.8081826635396615,0.0,0.8081826635396615,0.8081826635396615,32768
snapshot_263.xyz,263,8,64,0.917258283798394,0.04144517879454957,0.8370684343753015,1.0441728791929505,512
snapshot_263.xyz,263,16,8,0.8795987966498062,0.019385694222181758,0.8502923037102489,0.9152413058907026,4096
snapshot_263.xyz,263,32,1,0.8071574275989153,0.0,0.8071574275989153,0.8071574275989153,32768
snapshot_264.xyz,264,8,64,0.9216645022922149,0.03488655553396168,0.8443361214993291,0.9803083998573704,512
snapshot_264.xyz,264,16,8,0.8740196379638225,0.008056293253464509,0.8641679214818307,0.8900262726961904,4096
snapshot_264.xyz,264,32,1,0.8108411252660352,0.0,0.8108411252660352,0.8108411252660352,32768
snapshot_265.xyz,265,8,64,0.9283294820375652,0.044208318938336065,0.840786208602886,1.0233041714213262,512
snapshot_265.xyz,265,16,8,0.8749538758084006,0.028548271327498646,0.8399676580059986,0.9276612305759004,4096
snapshot_265.xyz,265,32,1,0.8156642576997352,0.0,0.8156642576997352,0.8156642576997352,32768
snapshot_266.xyz,266,8,64,0.9206539186227968,0.04194082328331962,0.840786208602886,1.0430824667319911,512
snapshot_266.xyz,266,16,8,0.8706018417267885,0.013905691276358812,0.843523995041615,0.8859261125407136,4096
snapshot_266.xyz,266,32,1,0.811024438902743,0.0,0.811024438902743,0.811024438902743,32768
snapshot_267.xyz,267,8,64,0.9219979533669116,0.043329070655504155,0.8131542590848791,1.0420411825677995,512
snapshot_267.xyz,267,16,8,0.8738498576910914,0.015561778977093038,0.8537135278514588,0.897292320531195,4096
snapshot_267.xyz,267,32,1,0.8107329790634489,0.0,0.8107329790634489,0.8107329790634489,32768
snapshot_268.xyz,268,8,64,0.9081587378260406,0.04847998828512422,0.8163948542456927,1.0221227859040942,512
snapshot_268.xyz,268,16,8,0.8727398304367399,0.022154761715472822,0.844109782098074,0.9080091111131604,4096
snapshot_268.xyz,268,32,1,0.8096169576059851,0.0,0.8096169576059851,0.8096169576059851,32768
snapshot_269.xyz,269,8,64,0.9290103912694087,0.04001466783731882,0.8477374900214277,1.0205530303030304,512
snapshot_269.xyz,269,16,8,0.8827892509636929,0.02678160437486226,0.8255733372999554,0.9118013112568063,4096
snapshot_269.xyz,269,32,1,0.8125677830940988,0.0,0.8125677830940988,0.8125677830940988,32768
snapshot_270.xyz,270,8,64,0.9196653907399219,0.042270959348388905,0.8090696469336023,1.0205530303030304,512
snapshot_270.xyz,270,16,8,0.8683229934350967,0.018176706063505854,0.8328510690630545,0.89587289925613,4096
snapshot_270.xyz,270,32,1,0.8151070020884563,0.0,0.8151070020884563,0.8151070020884563,32768
snapshot_271.xyz,271,8,64,0.9085610965009776,0.04232173238460594,0.798473313355471,1.0,512
snapshot_271.xyz,271,16,8,0.8824768517914537,0.01883161265867646,0.8556640694173897,0.908433281293048,4096
snapshot_271.xyz,271,32,1,0.8117329542630496,0.0,0.8117329542630496,0.8117329542630496,32768
snapshot_272.xyz,272,8,64,0.9278111006335128,0.047757395033226985,0.8205852174735662,1.0430824667319911,512
snapshot_272.xyz,272,16,8,0.878348830436777,0.022439459968873893,0.8509551875261132,0.9202383598177575,4096
snapshot_272.xyz,272,32,1,0.8069417862838915,0.0,0.8069417862838915,0.8069417862838915,32768
snapshot_273.xyz,273,8,64,0.9219967176873551,0.04082808664017717,0.798473313355471,1.0,512
snapshot_273.xyz,273,16,8,0.8760527110077148,0.01607488026668991,0.8521648862853205,0.9038049041396546,4096
snapshot_273.xyz,273,32,1,0.8195805932489619,0.0,0.8195805932489619,0.8195805932489619,32768
snapshot_274.xyz,274,8,64,0.9279894330696777,0.03978022728199719,0.8477374900214277,1.0205530303030304,512
snapshot_274.xyz,274,16,8,0.8895313512206617,0.0176911770012394,0.8653965197675046,0.9152413058907026,4096
snapshot_274.xyz,274,32,1,0.8183634616503404,0.0,0.8183634616503404,0.8183634616503404,32768
snapshot_275.xyz,275,8,64,0.918055528927708,0.0524974364970643,0.7941493858642233,1.0465238155614724,512
snapshot_275.xyz,275,16,8,0.877052031742604,0.0230348878983559,0.8306104488359068,0.9138078046479562,4096
snapshot_275.xyz,275,32,1,0.8258326251527718,0.0,0.8258326251527718,0.8258326251527718,32768
snapshot_276.xyz,276,8,64,0.9255539333100394,0.045639841467964945,0.8003187332173861,1.0221227859040942,512
snapshot_276.xyz,276,16,8,0.8804485763449498,0.016377277721389482,0.8578105957416302,0.9000615299843879,4096
snapshot_276.xyz,276,32,1,0.8321191141024327,0.0,0.8321191141024327,0.8321191141024327,32768
snapshot_277.xyz,277,8,64,0.9217607502830039,0.040759577344448454,0.7941493858642233,1.0,512
snapshot_277.xyz,277,16,8,0.8732515528280321,0.014517799520788344,0.8538681237946552,0.8977586456112456,4096
snapshot_277.xyz,277,32,1,0.819246888109206,0.0,0.819246888109206,0.819246888109206,32768
snapshot_278.xyz,278,8,64,0.9228306173010705,0.04415112751163508,0.8246024722372892,1.0880711418394462,512
snapshot_278.xyz,278,16,8,0.8860554862263239,0.011642701968756733,0.8629178441755609,0.9051261032325054,4096
snapshot_278.xyz,278,32,1,0.8275886440104322,0.0,0.8275886440104322,0.8275886440104322,32768
snapshot_279.xyz,279,8,64,0.9323982651869083,0.04768818384318818,0.8477374900214277,1.0453156233995804,512
snapshot_279.xyz,279,16,8,0.8776000577278955,0.012446231286793646,0.8597060386045688,0.8931586872516826,4096
snapshot_279.xyz,279,32,1,0.809052033492823,0.0,0.809052033492823,0.809052033492823,32768
snapshot_280.xyz,280,8,64,0.9134339793724994,0.042375225809214746,0.8284315785051048,1.022690852620971,512
snapshot_280.xyz,280,16,8,0.8728007063698864,0.011891713694682792,0.8558652782061282,0.8911802949123471,4096
snapshot_280.xyz,280,32,1,0.8194419316679423,0.0,0.8194419316679423,0.8194419316679423,32768
snapshot_281.xyz,281,8,64,0.9264790792076965,0.04388603660289508,0.8170810723252613,1.0,512
snapshot_281.xyz,281,16,8,0.8899726570627418,0.01033393915263835,0.868369947702158,0.9019900030947268,4096
snapshot_281.xyz,281,32,1,0.8269308374620425,0.0,0.8269308374620425,0.8269308374620425,32768
snapshot_282.xyz,282,8,64,0.9161882678385582,0.042448107690117406,0.8244545353859786,1.0210553999907177,512
snapshot_282.xyz,282,16,8,0.8822550474172384,0.017280517973217942,0.8543729527583652,0.9038049041396546,4096
snapshot_282.xyz,282,32,1,0.8176553074452484,0.0,0.8176553074452484,0.8176553074452484,32768
snapshot_283.xyz,283,8,64,0.9275795966425164,0.04255818430170033,0.8047903165948215,1.0221227859040942,512
snapshot_283.xyz,283,16,8,0.8774167690569652,0.012818457246339949,0.8629178441755609,0.9027528855115062,4096
snapshot_283.xyz,283,32,1,0.8372720118738108,0.0,0.8372720118738108,0.8372720118738108,32768
snapshot_284.xyz,284,8,64,0.9169125307125163,0.041084725613037706,0.8047903165948215,1.0205530303030304,512
snapshot_284.xyz,284,16,8,0.8730682800822305,0.02229623836473909,0.8288295648201831,0.9088512086042747,4096
snapshot_284.xyz,284,32,1,0.8157949521184844,0.0,0.8157949521184844,0.8157949521184844,32768
snapshot_285.xyz,285,8,64,0.9194600595558027,0.04539978011946446,0.8205852174735662,1.0215728419255936,512
snapshot_285.xyz,285,16,8,0.8866013231475438,0.012552926906796137,0.8590793930181081,0.9042483239966939,4096
snapshot_285.xyz,285,32,1,0.8131284164081682,0.0,0.8131284164081682,0.8131284164081682,32768
snapshot_286.xyz,286,8,64,0.9251210550594474,0.05064289525895973,0.8047903165948215,1.0430824667319911,512
snapshot_286.xyz,286,16,8,0.8783628103795652,0.00878386841988592,0.8647851696599573,0.8941237336020585,4096
snapshot_286.xyz,286,32,1,0.8282894343904915,0.0,0.8282894343904915,0.8282894343904915,32768
snapshot_287.xyz,287,8,64,0.9259266600451641,0.04115342392370292,0.8370684343753015,1.0453156233995804,512
snapshot_287.xyz,287,16,8,0.8895710724522858,0.016824179775872868,0.8495734422987742,0.911394323761345,4096
snapshot_287.xyz,287,32,1,0.8329375996810208,0.0,0.8329375996810208,0.8329375996810208,32768
snapshot_288.xyz,288,8,64,0.927263593731239,0.04499484689891636,0.8026280895300733,1.022690852620971,512
snapshot_288.xyz,288,16,8,0.876866661375572,0.014254384397073694,0.8560863338788871,0.8977586456112456,4096
snapshot_288.xyz,288,32,1,0.8352024812675342,0.0,0.8352024812675342,0.8352024812675342,32768
snapshot_289.xyz,289,8,64,0.9254172753681793,0.03965889726847666,0.8389996817651426,1.0420411825677995,512
snapshot_289.xyz,289,16,8,0.8764293299104775,0.023094645522674994,0.844109782098074,0.9144310187321649,4096
snapshot_289.xyz,289,32,1,0.8370294264339152,0.0,0.8370294264339152,0.8370294264339152,32768
snapshot_290.xyz,290,8,64,0.9179967389783968,0.04910349840193029,0.8246024722372892,1.092751785638815,512
snapshot_290.xyz,290,16,8,0.8711977332164507,0.02042401615138669,0.8415821572007315,0.9005185611984526,4096
snapshot_290.xyz,290,32,1,0.8288387125915293,0.0,0.8288387125915293,0.8288387125915293,32768
snapshot_291.xyz,291,8,64,0.9255154046377883,0.042063751282267164,0.8321041453305748,1.0,512
snapshot_291.xyz,291,16,8,0.8732590074084126,0.011474233767874212,0.8575577274755659,0.8921776826624963,4096
snapshot_291.xyz,291,32,1,0.8206218200334385,0.0,0.8206218200334385,0.8206218200334385,32768
snapshot_292.xyz,292,8,64,0.9315146379799171,0.05320711465652046,0.80739955754266,1.1189025445733078,512
snapshot_292.xyz,292,16,8,0.8724926494155432,0.01558207756982319,0.8449015267309686,0.9009782222586551,4096
snapshot_292.xyz,292,32,1,0.822344648708582,0.0,0.822344648708582,0.822344648708582,32768
snapshot_293.xyz,293,8,64,0.9201226701889668,0.03790598147182187,0.8246024722372892,1.0,512
snapshot_293.xyz,293,16,8,0.8840878312725913,0.007128005548978991,0.872948400358404,0.8945981790809377,4096
snapshot_293.xyz,293,32,1,0.8237796276796535,0.0,0.8237796276796535,0.8237796276796535,32768
snapshot_294.xyz,294,8,64,0.9151970835548279,0.04135007721387013,0.8119999999999999,1.0205530303030304,512
snapshot_294.xyz,294,16,8,0.881310171325725,0.013149654348847881,0.8621545300039221,0.9042483239966939,4096
snapshot_294.xyz,294,32,1,0.8240066830777747,0.0,0.8240066830777747,0.8240066830777747,32768
snapshot_295.xyz,295,8,64,0.9191313612658095,0.044465697912795775,0.8370684343753015,1.0200871482336524,512
snapshot_295.xyz,295,16,8,0.8824299371543161,0.024411297116128505,0.8385447360801213,0.9072482394837604,4096
snapshot_295.xyz,295,32,1,0.8266208133971291,0.0,0.8266208133971291,0.8266208133971291,32768
snapshot_296.xyz,296,8,64,0.9270511624669993,0.04312290521489132,0.8370684343753015,1.0410530303030303,512
snapshot_296.xyz,296,16,8,0.8880117488592398,0.018287911752712147,0.8578105957416302,0.9202383598177575,4096
snapshot_296.xyz,296,32,1,0.8357021097274481,0.0,0.8357021097274481,0.8357021097274481,32768
snapshot_297.xyz,297,8,64,0.9197815491698655,0.042966026881837836,0.8047903165948215,1.0614848484848483,512
snapshot_297.xyz,297,16,8,0.883082891229485,0.019363765124266016,0.8475721622100231,0.9134173110728566,4096
snapshot_297.xyz,297,32,1,0.8224072966507177,0.0,0.8224072966507177,0.8224072966507177,32768
snapshot_298.xyz,298,8,64,0.9306893679943138,0.03774698713797754,0.840786208602886,1.0,512
snapshot_298.xyz,298,16,8,0.8717146144137852,0.012471159549593236,0.8603268394641456,0.894415823538164,4096
snapshot_298.xyz,298,32,1,0.8391698529144579,0.0,0.8391698529144579,0.8391698529144579,32768
snapshot_299.xyz,299,8,64,0.9110724315344058,0.04338263393068862,0.8026280895300733,1.0221227859040942,512
snapshot_299.xyz,299,16,8,0.8781578077544991,0.025846557783822447,0.8283106296449587,0.910898630726217,4096
snapshot_299.xyz,299,32,1,0.8241757043440331,0.0,0.8241757043440331,0.8241757043440331,32768
snapshot_300.xyz,300,8,64,0.9158585962324364,0.04114533265982638,0.8090696469336023,1.0,512
snapshot_300.xyz,300,16,8,0.8820987744647739,0.015451905613757632,0.8612837631138544,0.9088512086042747,4096
snapshot_300.xyz,300,32,1,0.8292293746149878,0.0,0.8292293746149878,0.8292293746149878,32768
snapshot_301.xyz,301,8,64,0.9253057025280286,0.037879050887744306,0.8312656649495573,1.0205530303030304,512
snapshot_301.xyz,301,16,8,0.8767790828801922,0.012149888820884079,0.8612837631138544,0.9024569496843599,4096
snapshot_301.xyz,301,32,1,0.83295432173665,0.0,0.83295432173665,0.83295432173665,32768
snapshot_302.xyz,302,8,64,0.9248185927114665,0.04741975217850502,0.8119999999999999,1.0430824667319911,512
snapshot_302.xyz,302,16,8,0.8792443027414263,0.01874389668987961,0.8448147415018624,0.9084743670020902,4096
snapshot_302.xyz,302,32,1,0.8283930669211309,0.0,0.8283930669211309,0.8283930669211309,32768
snapshot_303.xyz,303,8,64,0.9238149594246308,0.04519595531558093,0.8279249681389972,1.022690852620971,512
snapshot_303.xyz,303,16,8,0.8869472283662254,0.013193894543151334,0.87255052108625,0.9088512086042747,4096
snapshot_303.xyz,303,32,1,0.8362830484451768,0.0,0.8362830484451768,0.8362830484451768,32768
snapshot_304.xyz,304,8,64,0.9278696516550287,0.04208825382577327,0.8443361214993291,1.0645209722792932,512
snapshot_304.xyz,304,16,8,0.8906752363151722,0.013868594109154095,0.8647851696599573,0.9100928703067972,4096
snapshot_304.xyz,304,32,1,0.842877207662194,0.0,0.842877207662194,0.842877207662194,32768
snapshot_305.xyz,305,8,64,0.9339945310485515,0.03854396851415155,0.8640126752119673,1.0,512
snapshot_305.xyz,305,16,8,0.8873348462682094,0.015111712625258511,0.8641679214818307,0.9130152458821486,4096
snapshot_305.xyz,305,32,1,0.8368639565700265,0.0,0.8368639565700265,0.8368639565700265,32768
snapshot_306.xyz,306,8,64,0.9287995277628298,0.040685591920466495,0.8284315785051048,1.0215728419255936,512
snapshot_306.xyz,306,16,8,0.898879389589404,0.011400829063044828,0.880745995174253,0.9175615487608274,4096
snapshot_306.xyz,306,32,1,0.8363658037470446,0.0,0.8363658037470446,0.8363658037470446,32768
snapshot_307.xyz,307,8,64,0.9231734251886365,0.04709210980258766,0.8279249681389972,1.0645209722792932,512
snapshot_307.xyz,307,16,8,0.8886393683606123,0.014497091472210996,0.866000250914044,0.9088512086042747,4096
snapshot_307.xyz,307,32,1,0.8408555956497518,0.0,0.8408555956497518,0.8408555956497518,32768
snapshot_308.xyz,308,8,64,0.9179416486127314,0.05024712119867523,0.8321041453305748,1.0859041628472992,512
snapshot_308.xyz,308,16,8,0.8839063627391538,0.01761012083287176,0.8563017576660875,0.9220533009197946,4096
snapshot_308.xyz,308,32,1,0.8357846251588309,0.0,0.8357846251588309,0.8357846251588309,32768
snapshot_309.xyz,309,8,64,0.9332037249572404,0.04297586933436158,0.8443361214993291,1.0430824667319911,512
snapshot_309.xyz,309,16,8,0.8988398286768724,0.009871598784072955,0.8793530149078593,0.911394323761345,4096
snapshot_309.xyz,309,32,1,0.84334463840399,0.0,0.84334463840399,0.84334463840399,32768
snapshot_310.xyz,310,8,64,0.9304017576583297,0.04158203929951579,0.8205852174735662,1.0210553999907177,512
snapshot_310.xyz,310,16,8,0.8901701232389578,0.015831454674599635,0.8603268394641456,0.9075795458754676,4096
snapshot_310.xyz,310,32,1,0.8408986840271555,0.0,0.8408986840271555,0.8408986840271555,32768
snapshot_311.xyz,311,8,64,0.9133800593941319,0.043618373759235975,0.7941493858642233,1.0221227859040942,512
snapshot_311.xyz,311,16,8,0.8779089986824264,0.014554441552870306,0.8565216998518411,0.9100928703067972,4096
snapshot_311.xyz,311,32,1,0.8411175771852947,0.0,0.8411175771852947,0.8411175771852947,32768
snapshot_312.xyz,312,8,64,0.9288290127663805,0.04097621660125191,0.8047903165948215,1.0215728419255936,512
snapshot_312.xyz,312,16,8,0.8903464081789719,0.01955601211117678,0.8489142465609023,0.9190354147250699,4096
snapshot_312.xyz,312,32,1,0.8318553220393159,0.0,0.8318553220393159,0.8318553220393159,32768
snapshot_313.xyz,313,8,64,0.9290058638008638,0.04781241115888868,0.8443361214993291,1.0441728791929505,512
snapshot_313.xyz,313,16,8,0.8833477689200369,0.018407240695702033,0.8495734422987742,0.9064080185708372,4096
snapshot_313.xyz,313,32,1,0.8365717359471655,0.0,0.8365717359471655,0.8365717359471655,32768
snapshot_314.xyz,314,8,64,0.921463243523849,0.045793708745961656,0.7896306877862276,1.0420411825677995,512
snapshot_314.xyz,314,16,8,0.8925440114411589,0.014352204193502716,0.8747485295561447,0.9175615487608274,4096
snapshot_314.xyz,314,32,1,0.8477902077756839,0.0,0.8477902077756839,0.8477902077756839,32768
snapshot_315.xyz,315,8,64,0.9213694541226544,0.041318016973629704,0.8443361214993291,1.0,512
snapshot_315.xyz,315,16,8,0.8795944411971532,0.016256400162130737,0.8619067675102158,0.9092730733848858,4096
snapshot_315.xyz,315,32,1,0.8282894343904915,0.0,0.8282894343904915,0.8282894343904915,32768
snapshot_316.xyz,316,8,64,0.931846334137266,0.038258263734078195,0.8477374900214277,1.0200871482336524,512
snapshot_316.xyz,316,16,8,0.8960456910159741,0.014820052186120041,0.8747485295561447,0.9149670227256435,4096
snapshot_316.xyz,316,32,1,0.840198889087977,0.0,0.840198889087977,0.840198889087977,32768
snapshot_317.xyz,317,8,64,0.9220748409342083,0.04215616102413441,0.8389996817651426,1.0210553999907177,512
snapshot_317.xyz,317,16,8,0.8846743023080159,0.01570327040563259,0.8538681237946552,0.9068212775109328,4096
snapshot_317.xyz,317,32,1,0.8350428628389154,0.0,0.8350428628389154,0.8350428628389154,32768
snapshot_318.xyz,318,8,64,0.9213183732149551,0.05012245370911292,0.8003187332173861,1.0420411825677995,512
snapshot_318.xyz,318,16,8,0.8900454217176921,0.020299735744640186,0.8584527092760685,0.9233876942409948,4096
snapshot_318.xyz,318,32,1,0.8408350745839897,0.0,0.8408350745839897,0.8408350745839897,32768
snapshot_319.xyz,319,8,64,0.9206186359544609,0.04645204167457071,0.8321041453305748,1.0215728419255936,512
snapshot_319.xyz,319,16,8,0.8911428083059628,0.013294025391224224,0.8666041895377585,0.908433281293048,4096
snapshot_319.xyz,319,32,1,0.8384329177057356,0.0,0.8384329177057356,0.8384329177057356,32768
snapshot_320.xyz,320,8,64,0.9277791348135648,0.04139414016533581,0.8205852174735662,1.0205530303030304,512
snapshot_320.xyz,320,16,8,0.8977310901067657,0.021290088210411454,0.8653965197675046,0.9306092581216349,4096
snapshot_320.xyz,320,32,1,0.8478966334189413,0.0,0.8478966334189413,0.8478966334189413,32768
snapshot_321.xyz,321,8,64,0.9248564938975501,0.043653374702637866,0.8321041453305748,1.0215728419255936,512
snapshot_321.xyz,321,16,8,0.892110549893711,0.02025146927869612,0.8515255292652553,0.9271632375080652,4096
snapshot_321.xyz,321,32,1,0.8481368722612073,0.0,0.8481368722612073,0.8481368722612073,32768
snapshot_322.xyz,322,8,64,0.9355211227653599,0.04701624554422794,0.8246024722372892,1.0661583568238173,512
snapshot_322.xyz,322,16,8,0.8846599449348878,0.017389858857033657,0.853053751057206,0.911394323761345,4096
snapshot_322.xyz,322,32,1,0.8479014023969693,0.0,0.8479014023969693,0.8479014023969693,32768
snapshot_323.xyz,323,8,64,0.9297303103555347,0.042227462617474246,0.8609071525771544,1.0661583568238173,512
snapshot_323.xyz,323,16,8,0.8937308284114789,0.014804628018737064,0.8615468075984145,0.9092730733848858,4096
snapshot_323.xyz,323,32,1,0.8405578844893012,0.0,0.8405578844893012,0.8405578844893012,32768
snapshot_324.xyz,324,8,64,0.9152106293945435,0.04264829907395671,0.8003187332173861,1.0,512
snapshot_324.xyz,324,16,8,0.8868217306423336,0.021694242178971188,0.8422774218852137,0.9179260173073783,4096
snapshot_324.xyz,324,32,1,0.8400266379528553,0.0,0.8400266379528553,0.8400266379528553,32768
snapshot_325.xyz,325,8,64,0.9241839910093815,0.04329361056482911,0.8284315785051048,1.0215728419255936,512
snapshot_325.xyz,325,16,8,0.8972791926491069,0.02172463018706983,0.8706504375607723,0.9365077882783609,4096
snapshot_325.xyz,325,32,1,0.8379052444223019,0.0,0.8379052444223019,0.8379052444223019,32768
snapshot_326.xyz,326,8,64,0.926859498473218,0.041824275403087204,0.8026280895300733,1.0,512
snapshot_326.xyz,326,16,8,0.8856668074932061,0.024314960508581673,0.8449015267309686,0.9299760453953421,4096
snapshot_326.xyz,326,32,1,0.8418332554648746,0.0,0.8418332554648746,0.8418332554648746,32768
snapshot_327.xyz,327,8,64,0.9283271608786822,0.045620360910381,0.8026280895300733,1.0441728791929505,512
snapshot_327.xyz,327,16,8,0.8912663261660438,0.020414688387614347,0.8661236762975552,0.9227564737003112,4096
snapshot_327.xyz,327,32,1,0.8435961272475795,0.0,0.8435961272475795,0.8435961272475795,32768
snapshot_328.xyz,328,8,64,0.9323484380721556,0.04096150732695904,0.8131542590848791,1.0200871482336524,512
snapshot_328.xyz,328,16,8,0.8879903747927407,0.01823202189231528,0.8643492755029147,0.924454569026188,4096
snapshot_328.xyz,328,32,1,0.8369394713560045,0.0,0.8369394713560045,0.8369394713560045,32768
snapshot_329.xyz,329,8,64,0.9251830579602336,0.04529449564863383,0.8321041453305748,1.0205530303030304,512
snapshot_329.xyz,329,16,8,0.8905544705520353,0.012217326339997626,0.8641679214818307,0.9031872261047296,4096
snapshot_329.xyz,329,32,1,0.8508542987768792,0.0,0.8508542987768792,0.8508542987768792,32768
snapshot_330.xyz,330,8,64,0.9207685665993952,0.04202854521860818,0.8131542590848791,1.0221227859040942,512
snapshot_330.xyz,330,16,8,0.8909673322943603,0.010963438249848457,0.8802060278164876,0.9149670227256435,4096
snapshot_330.xyz,330,32,1,0.8525647926634768,0.0,0.8525647926634768,0.8525647926634768,32768
snapshot_331.xyz,331,8,64,0.9291196211528931,0.04837635350814168,0.8205852174735662,1.0678660521055328,512
snapshot_331.xyz,331,16,8,0.8930735810565376,0.012110986122842237,0.8736139353259794,0.90968052103554,4096
snapshot_331.xyz,331,32,1,0.8536349288796546,0.0,0.8536349288796546,0.8536349288796546,32768
snapshot_332.xyz,332,8,64,0.9226941731835538,0.0499779246102455,0.7896306877862276,1.0205530303030304,512
snapshot_332.xyz,332,16,8,0.8909916095899851,0.0165559170461057,0.8643492755029147,0.9198714848980806,4096
snapshot_332.xyz,332,32,1,0.8481474502131003,0.0,0.8481474502131003,0.8481474502131003,32768
snapshot_333.xyz,333,8,64,0.9310821938389249,0.04983192564055549,0.8131542590848791,1.0661583568238173,512
snapshot_333.xyz,333,16,8,0.8944733857704998,0.01757388365402155,0.8695188429130172,0.924454569026188,4096
snapshot_333.xyz,333,32,1,0.8571985981355282,0.0,0.8571985981355282,0.8571985981355282,32768
snapshot_334.xyz,334,8,64,0.9314675168477591,0.03741623332022594,0.8477374900214277,1.0200871482336524,512
snapshot_334.xyz,334,16,8,0.8912125170849747,0.013576102772968928,0.8695065771715462,0.9153524156335626,4096
snapshot_334.xyz,334,32,1,0.8653442934711594,0.0,0.8653442934711594,0.8653442934711594,32768
snapshot_335.xyz,335,8,64,0.9210693431084838,0.040030185898742854,0.8356213385167788,1.0,512
snapshot_335.xyz,335,16,8,0.8918179714544929,0.01759468045627145,0.8730414122068442,0.9227564737003112,4096
snapshot_335.xyz,335,32,1,0.8418460990169582,0.0,0.8418460990169582,0.8418460990169582,32768
snapshot_336.xyz,336,8,64,0.9274682560474944,0.04105262497979531,0.8284315785051048,1.0221227859040942,512
snapshot_336.xyz,336,16,8,0.8889319471371637,0.016680736610534767,0.8683151611908346,0.9258409159220702,4096
snapshot_336.xyz,336,32,1,0.8626247021812586,0.0,0.8626247021812586,0.8626247021812586,32768
snapshot_337.xyz,337,8,64,0.9301201320777113,0.0471654025538035,0.8356213385167788,1.0430824667319911,512
snapshot_337.xyz,337,16,8,0.884402228767765,0.010699639305350336,0.873729488461681,0.9055532374231237,4096
snapshot_337.xyz,337,32,1,0.8474427956842667,0.0,0.8474427956842667,0.8474427956842667,32768
snapshot_338.xyz,338,8,64,0.926412540357851,0.03964233260400217,0.8389996817651426,1.0,512
snapshot_338.xyz,338,16,8,0.8992846358911092,0.022102757892892445,0.8584527092760685,0.9296512744533159,4096
snapshot_338.xyz,338,32,1,0.8611085982401863,0.0,0.8611085982401863,0.8611085982401863,32768
snapshot_339.xyz,339,8,64,0.9329362441856757,0.037240300636761946,0.8609071525771544,1.0,512
snapshot_339.xyz,339,16,8,0.8964411857198842,0.017187643575118792,0.8641679214818307,0.9130152458821486,4096
snapshot_339.xyz,339,32,1,0.8489680421096916,0.0,0.8489680421096916,0.8489680421096916,32768
snapshot_340.xyz,340,8,64,0.9227135488275489,0.04545124736215824,0.840786208602886,1.0629728182676095,512
snapshot_340.xyz,340,16,8,0.885871377015532,0.024701380855260132,0.8523858996133415,0.93225878749393,4096
snapshot_340.xyz,340,32,1,0.8537477166328944,0.0,0.8537477166328944,0.8537477166328944,32768
snapshot_341.xyz,341,8,64,0.9238657033744062,0.043777137837624415,0.8170810723252613,1.0221227859040942,512
snapshot_341.xyz,341,16,8,0.8887638147117887,0.021307485989395088,0.8556640694173897,0.9141943410544575,4096
snapshot_341.xyz,341,32,1,0.8429980688446912,0.0,0.8429980688446912,0.8429980688446912,32768
snapshot_342.xyz,342,8,64,0.9276039237450706,0.03394152464122527,0.8640126752119673,1.0221227859040942,512
snapshot_342.xyz,342,16,8,0.8943056807284947,0.013315080819305653,0.8730414122068442,0.9138078046479562,4096
snapshot_342.xyz,342,32,1,0.8524258438797608,0.0,0.8524258438797608,0.8524258438797608,32768
snapshot_343.xyz,343,8,64,0.9349420241918893,0.0454767893764256,0.8066100734235438,1.0600758649870465,512
snapshot_343.xyz,343,16,8,0.8987244672632414,0.014716988945918847,0.8723888560618754,0.9202383598177575,4096
snapshot_343.xyz,343,32,1,0.8589284302214428,0.0,0.8589284302214428,0.8589284302214428,32768
snapshot_344.xyz,344,8,64,0.9176848312991992,0.03736497772698572,0.8090696469336023,1.0200871482336524,512
snapshot_344.xyz,344,16,8,0.885224731662049,0.02614690652242238,0.8462089770708936,0.920609743726888,4096
snapshot_344.xyz,344,32,1,0.837605933260798,0.0,0.837605933260798,0.837605933260798,32768
snapshot_345.xyz,345,8,64,0.9253124500102725,0.04131575882241617,0.8284315785051048,1.0221227859040942,512
snapshot_345.xyz,345,16,8,0.8929520778919267,0.018950016921311652,0.8647851696599573,0.9316101750784039,4096
snapshot_345.xyz,345,32,1,0.856552639722103,0.0,0.856552639722103,0.856552639722103,32768
snapshot_346.xyz,346,8,64,0.9256013170973008,0.04948903065705744,0.798473313355471,1.0420411825677995,512
snapshot_346.xyz,346,16,8,0.9035912983194441,0.023050842535076374,0.8735026730949277,0.9539115457273031,4096
snapshot_346.xyz,346,32,1,0.8534920066097273,0.0,0.8534920066097273,0.8534920066097273,32768
snapshot_347.xyz,347,8,64,0.9263474441708405,0.039606368977185176,0.8321041453305748,1.0,512
snapshot_347.xyz,347,16,8,0.9012072411019325,0.016431488336918453,0.8782681554233279,0.9248056511033853,4096
snapshot_347.xyz,347,32,1,0.8591385704147215,0.0,0.8591385704147215,0.8591385704147215,32768
snapshot_348.xyz,348,8,64,0.9306407566161863,0.043959868311908484,0.8205852174735662,1.0210553999907177,512
snapshot_348.xyz,348,16,8,0.8960482033058748,0.019546279204952395,0.8612096601838,0.9220533009197946,4096
snapshot_348.xyz,348,32,1,0.8530105271528973,0.0,0.8530105271528973,0.8530105271528973,32768
snapshot_349.xyz,349,8,64,0.9253939226894191,0.04269161643701196,0.8205852174735662,1.0,512
snapshot_349.xyz,349,16,8,0.8961229624869648,0.0120816276768926,0.8766051051323451,0.9152413058907026,4096
snapshot_349.xyz,349,32,1,0.8592476426402429,0.0,0.8592476426402429,0.8592476426402429,32768
snapshot_350.xyz,350,8,64,0.9330586133920034,0.04637766409678453,0.8356213385167788,1.0453156233995804,512
snapshot_350.xyz,350,16,8,0.902999368441573,0.014497736344119216,0.8774838783063691,0.928340276744532,4096
snapshot_350.xyz,350,32,1,0.8642430272890131,0.0,0.8642430272890131,0.8642430272890131,32768
snapshot_351.xyz,351,8,64,0.9191495697765364,0.04028468703711816,0.8356213385167788,1.0,512
snapshot_351.xyz,351,16,8,0.894382424527317,0.017789274654544537,0.8666041895377585,0.924454569026188,4096
snapshot_351.xyz,351,32,1,0.8517284882681342,0.0,0.8517284882681342,0.8517284882681342,32768
snapshot_352.xyz,352,8,64,0.9299066494374253,0.04055159158013716,0.840786208602886,1.0215728419255936,512
snapshot_352.xyz,352,16,8,0.8990381395912943,0.02085629080668332,0.8606547898673798,0.9368025591429846,4096
snapshot_352.xyz,352,32,1,0.8499722425996787,0.0,0.8499722425996787,0.8499722425996787,32768
snapshot_353.xyz,353,8,64,0.9302699682201184,0.042423172964372875,0.8321041453305748,1.0215728419255936,512
snapshot_353.xyz,353,16,8,0.8990295672270947,0.01795819793096697,0.8689146460448813,0.9280069851705203,4096
snapshot_353.xyz,353,32,1,0.855262842892768,0.0,0.855262842892768,0.855262842892768,32768
snapshot_354.xyz,354,8,64,0.928021066628919,0.04578125240814679,0.8443361214993291,1.0401074877702967,512
snapshot_354.xyz,354,16,8,0.8994405214077276,0.01593894165539725,0.8754703176301663,0.9220533009197946,4096
snapshot_354.xyz,354,32,1,0.8620048904596438,0.0,0.8620048904596438,0.8620048904596438,32768
snapshot_355.xyz,355,8,64,0.923725702459578,0.041922094355027625,0.8284315785051048,1.019626107015769,512
snapshot_355.xyz,355,16,8,0.8950500943451387,0.017658598661606698,0.870091045953115,0.9191122823141054,4096
snapshot_355.xyz,355,32,1,0.848917710373756,0.0,0.848917710373756,0.848917710373756,32768
snapshot_356.xyz,356,8,64,0.9261064077858493,0.04139172448889396,0.8047903165948215,1.0,512
snapshot_356.xyz,356,16,8,0.9019408424723857,0.017053014048050312,0.8653965197675046,0.9241063457818776,4096
snapshot_356.xyz,356,32,1,0.846713925148874,0.0,0.846713925148874,0.846713925148874,32768
snapshot_357.xyz,357,8,64,0.9348823547661259,0.045699359623549145,0.8356213385167788,1.0420411825677995,512
snapshot_357.xyz,357,16,8,0.8904867030994122,0.014624993864279078,0.8647851696599573,0.9126154835154743,4096
snapshot_357.xyz,357,32,1,0.8581658692185008,0.0,0.8581658692185008,0.8581658692185008,32768
snapshot_358.xyz,358,8,64,0.9325573179892496,0.04143693307163616,0.8477374900214277,1.0430824667319911,512
snapshot_358.xyz,358,16,8,0.8871332725469967,0.011337468307656941,0.863747122365858,0.9042483239966939,4096
snapshot_358.xyz,358,32,1,0.8640707066687888,0.0,0.8640707066687888,0.8640707066687888,32768
snapshot_359.xyz,359,8,64,0.9336730936646964,0.047125759257273483,0.80739955754266,1.0221227859040942,512
snapshot_359.xyz,359,16,8,0.9019286551719092,0.014731172538955334,0.8785421586331436,0.9261715135792166,4096
snapshot_359.xyz,359,32,1,0.8744103107694441,0.0,0.8744103107694441,0.8744103107694441,32768
snapshot_360.xyz,360,8,64,0.9298034945429619,0.05043771363835475,0.798473313355471,1.0903503989691232,512
snapshot_360.xyz,360,16,8,0.9014630666526315,0.010205277850535687,0.8832941500596933,0.9194987112920697,4096
snapshot_360.xyz,360,32,1,0.8557532198825893,0.0,0.8557532198825893,0.8557532198825893,32768
snapshot_361.xyz,361,8,64,0.9233203442453787,0.04097024100980274,0.840786208602886,1.0205530303030304,512
snapshot_361.xyz,361,16,8,0.9104666606557268,0.008237799540383228,0.894415823538164,0.9190354147250699,4096
snapshot_361.xyz,361,32,1,0.8474238794397446,0.0,0.8474238794397446,0.8474238794397446,32768
snapshot_362.xyz,362,8,64,0.9324040100328874,0.050891469592455114,0.8246024722372892,1.0587255037513008,512
snapshot_362.xyz,362,16,8,0.902854992042428,0.015022471437671176,0.882353573732884,0.9325714179437583,4096
snapshot_362.xyz,362,32,1,0.8632264458556728,0.0,0.8632264458556728,0.8632264458556728,32768
snapshot_363.xyz,363,8,64,0.9347629758714631,0.042230793453570496,0.8570992892754854,1.0215728419255936,512
snapshot_363.xyz,363,16,8,0.911442692903636,0.01573851484515374,0.8880035851144585,0.9404687104367315,4096
snapshot_363.xyz,363,32,1,0.8519788024584366,0.0,0.8519788024584366,0.8519788024584366,32768
snapshot_364.xyz,364,8,64,0.930039813035229,0.04369716850002006,0.8284315785051048,1.0221227859040942,512
snapshot_364.xyz,364,16,8,0.8928957685017089,0.01679731481853342,0.8712889035220092,0.9194045037084639,4096
snapshot_364.xyz,364,32,1,0.8509670706819612,0.0,0.8509670706819612,0.8509670706819612,32768
snapshot_365.xyz,365,8,64,0.9197058010172716,0.04277234956645749,0.8246024722372892,1.0215728419255936,512
snapshot_365.xyz,365,16,8,0.8970996827801396,0.010254855481636396,0.882884836800814,0.9164645600543262,4096
snapshot_365.xyz,365,32,1,0.855863556320611,0.0,0.855863556320611,0.855863556320611,32768
snapshot_366.xyz,366,8,64,0.9302494943545025,0.040464234559444937,0.8477374900214277,1.0661583568238173,512
snapshot_366.xyz,366,16,8,0.8965140395493346,0.009981702143677015,0.882353573732884,0.9160212245805089,4096
snapshot_366.xyz,366,32,1,0.859465336658354,0.0,0.859465336658354,0.859465336658354,32768
snapshot_367.xyz,367,8,64,0.9334892149537906,0.041868728073549244,0.7849139284592767,1.0678660521055328,512
snapshot_367.xyz,367,16,8,0.9018089586070013,0.01764487123413945,0.8736139353259794,0.9241190012395963,4096
snapshot_367.xyz,367,32,1,0.8546219822109276,0.0,0.8546219822109276,0.8546219822109276,32768
snapshot_368.xyz,368,8,64,0.9328713964969506,0.042404963445833874,0.8246024722372892,1.0221227859040942,512
snapshot_368.xyz,368,16,8,0.9043302587142048,0.007677296967963108,0.8945981790809377,0.9164110698180544,4096
snapshot_368.xyz,368,32,1,0.8622865708386277,0.0,0.8622865708386277,0.8622865708386277,32768
snapshot_369.xyz,369,8,64,0.9386425168314615,0.044204259086382404,0.8246024722372892,1.022690852620971,512
snapshot_369.xyz,369,16,8,0.9102327455887015,0.016038897066271485,0.8802060278164876,0.9293231701717329,4096
snapshot_369.xyz,369,32,1,0.8777078580507031,0.0,0.8777078580507031,0.8777078580507031,32768
snapshot_370.xyz,370,8,64,0.9343950549949745,0.04089275120461818,0.8477374900214277,1.0420411825677995,512
snapshot_370.xyz,370,16,8,0.9011571198555294,0.025278456964145074,0.853053751057206,0.9462507202238868,4096
snapshot_370.xyz,370,32,1,0.8574094663278272,0.0,0.8574094663278272,0.8574094663278272,32768
snapshot_371.xyz,371,8,64,0.933216346177189,0.038533334100390816,0.8541076104856781,1.0210553999907177,512
snapshot_371.xyz,371,16,8,0.9041934393280966,0.01564316509831733,0.8818241528854979,0.9261715135792166,4096
snapshot_371.xyz,371,32,1,0.8590833980369905,0.0,0.8590833980369905,0.8590833980369905,32768
snapshot_372.xyz,372,8,64,0.9349163783320574,0.04584809223295577,0.8047903165948215,1.0645209722792932,512
snapshot_372.xyz,372,16,8,0.9011580982702025,0.012230861426527124,0.8827525152389823,0.9261715135792166,4096
snapshot_372.xyz,372,32,1,0.8551501781774987,0.0,0.8551501781774987,0.8551501781774987,32768
snapshot_373.xyz,373,8,64,0.929192080979548,0.040680329356995636,0.8356213385167788,1.0221227859040942,512
snapshot_373.xyz,373,16,8,0.8880883703353684,0.012756187477430044,0.8689146460448813,0.9071529534295492,4096
snapshot_373.xyz,373,32,1,0.8599488572798466,0.0,0.8599488572798466,0.8599488572798466,32768
snapshot_374.xyz,374,8,64,0.9283265925455859,0.04405633001569228,0.8246024722372892,1.0210553999907177,512
snapshot_374.xyz,374,16,8,0.8998964184996802,0.023260869182949628,0.8736139353259794,0.9319319535228305,4096
snapshot_374.xyz,374,32,1,0.8683614351925842,0.0,0.8683614351925842,0.8683614351925842,32768
snapshot_375.xyz,375,8,64,0.9240270558736563,0.04529078233136246,0.8246024722372892,1.0200871482336524,512
snapshot_375.xyz,375,16,8,0.900881495278026,0.0168752391610982,0.8747485295561447,0.9309172050170053,4096
snapshot_375.xyz,375,32,1,0.8430061264547851,0.0,0.8430061264547851,0.8430061264547851,32768
snapshot_376.xyz,376,8,64,0.9274568198362287,0.04514282144327814,0.8246024722372892,1.0210553999907177,512
snapshot_376.xyz,376,16,8,0.8966700164087558,0.01359864902781867,0.8793530149078593,0.9209752961704473,4096
snapshot_376.xyz,376,32,1,0.8502410636747487,0.0,0.8502410636747487,0.8502410636747487,32768
snapshot_377.xyz,377,8,64,0.926147953140267,0.044169996284106075,0.8026280895300733,1.0215728419255936,512
snapshot_377.xyz,377,16,8,0.9006662102074121,0.018057774989473904,0.8671947089100462,0.9309172050170053,4096
snapshot_377.xyz,377,32,1,0.861385528395479,0.0,0.861385528395479,0.861385528395479,32768
snapshot_378.xyz,378,8,64,0.9309198440470667,0.041263407213420346,0.8321041453305748,1.022690852620971,512
snapshot_378.xyz,378,16,8,0.8976827922505569,0.015439083994254692,0.8619067675102158,0.9194987112920697,4096
snapshot_378.xyz,378,32,1,0.8497418996188055,0.0,0.8497418996188055,0.8497418996188055,32768
snapshot_379.xyz,379,8,64,0.9270119801625414,0.047988889229567296,0.8170810723252613,1.019198378486397,512
snapshot_379.xyz,379,16,8,0.8972860917489587,0.021882221490062442,0.8718222064813175,0.9293231701717329,4096
snapshot_379.xyz,379,32,1,0.8585941926697616,0.0,0.8585941926697616,0.8585941926697616,32768
snapshot_380.xyz,380,8,64,0.9175750145916173,0.04139697277489958,0.8047903165948215,1.0430824667319911,512
snapshot_380.xyz,380,16,8,0.9057890023800954,0.011526758370994247,0.8884459691857234,0.9213378330178067,4096
snapshot_380.xyz,380,32,1,0.8655585743966757,0.0,0.8655585743966757,0.8655585743966757,32768
snapshot_381.xyz,381,8,64,0.9262925398888551,0.04407577898658209,0.8246024722372892,1.0210553999907177,512
snapshot_381.xyz,381,16,8,0.9011173459279009,0.01466699420147373,0.8834013387737686,0.9251538249609698,4096
snapshot_381.xyz,381,32,1,0.8667602917581912,0.0,0.8667602917581912,0.8667602917581912,32768
snapshot_382.xyz,382,8,64,0.9270146853275835,0.04566040886070553,0.840786208602886,1.0441728791929505,512
snapshot_382.xyz,382,16,8,0.8976642215531876,0.01364342752550913,0.8777203937305429,0.9186716092926166,4096
snapshot_382.xyz,382,32,1,0.8622865708386277,0.0,0.8622865708386277,0.8622865708386277,32768
snapshot_383.xyz,383,8,64,0.9305061933846344,0.042199527076415264,0.8246024722372892,1.0420411825677995,512
snapshot_383.xyz,383,16,8,0.9059704255424513,0.013589435473516376,0.882884836800814,0.9302897262386385,4096
snapshot_383.xyz,383,32,1,0.8714359406775457,0.0,0.8714359406775457,0.8714359406775457,32768
snapshot_384.xyz,384,8,64,0.9270324822534464,0.040472789044012705,0.8321041453305748,1.0,512
snapshot_384.xyz,384,16,8,0.8975286336872441,0.01221300888824811,0.882884836800814,0.9164110698180544,4096
snapshot_384.xyz,384,32,1,0.865382443557255,0.0,0.865382443557255,0.865382443557255,32768
snapshot_385.xyz,385,8,64,0.9337866978453261,0.043670161602814034,0.8541076104856781,1.0465238155614724,512
snapshot_385.xyz,385,16,8,0.903243079443223,0.008787478852969122,0.8926751737391954,0.9187293395240204,4096
snapshot_385.xyz,385,32,1,0.8627537158382611,0.0,0.8627537158382611,0.8627537158382611,32768
snapshot_386.xyz,386,8,64,0.9352118346058963,0.04154289410061665,0.8570992892754854,1.0661583568238173,512
snapshot_386.xyz,386,16,8,0.901760768716022,0.012977237349359665,0.8818241528854979,0.9198714848980806,4096
snapshot_386.xyz,386,32,1,0.8673629580930181,0.0,0.8673629580930181,0.8673629580930181,32768
snapshot_387.xyz,387,8,64,0.9332295680565041,0.04441557204385003,0.7969318740002771,1.0200871482336524,512
snapshot_387.xyz,387,16,8,0.9019884041087025,0.01832433766318078,0.872948400358404,0.920108021958562,4096
snapshot_387.xyz,387,32,1,0.8750470669097211,0.0,0.8750470669097211,0.8750470669097211,32768
snapshot_388.xyz,388,8,64,0.9391404433044899,0.040222871144143295,0.840786208602886,1.0401074877702967,512
snapshot_388.xyz,388,16,8,0.903248697148885,0.01071814197833881,0.89131633356306,0.9209752961704473,4096
snapshot_388.xyz,388,32,1,0.8764916834252994,0.0,0.8764916834252994,0.8764916834252994,32768
snapshot_389.xyz,389,8,64,0.935076360425301,0.039220591758262584,0.8541076104856781,1.0410530303030303,512
snapshot_389.xyz,389,16,8,0.9060875337112164,0.01643757907578591,0.8740576110166905,0.9344079388980606,4096
snapshot_389.xyz,389,32,1,0.8822766210529471,0.0,0.8822766210529471,0.8822766210529471,32768
snapshot_390.xyz,390,8,64,0.9340721254633019,0.04903114785720807,0.8284315785051048,1.0696758378766746,512
snapshot_390.xyz,390,16,8,0.9030137612073112,0.02017442652373881,0.8656725315528606,0.9379555701886758,4096
snapshot_390.xyz,390,32,1,0.8761641429013486,0.0,0.8761641429013486,0.8761641429013486,32768
snapshot_391.xyz,391,8,64,0.9284460762381064,0.039779216446954556,0.8443361214993291,1.0629728182676095,512
snapshot_391.xyz,391,16,8,0.8997593673097699,0.013830686936815443,0.8809448514555772,0.9261715135792166,4096
snapshot_391.xyz,391,32,1,0.8766720310266585,0.0,0.8766720310266585,0.8766720310266585,32768
snapshot_392.xyz,392,8,64,0.9318340329998377,0.047128151732670334,0.8321041453305748,1.0420411825677995,512
snapshot_392.xyz,392,16,8,0.9196602644945915,0.018924307472273597,0.8899028195406806,0.9503937223914177,4096
snapshot_392.xyz,392,32,1,0.8737771722821716,0.0,0.8737771722821716,0.8737771722821716,32768
snapshot_393.xyz,393,8,64,0.9261595581633916,0.040407480202610854,0.8356213385167788,1.0,512
snapshot_393.xyz,393,16,8,0.9119334928963216,0.015287212694383,0.8838285729964057,0.9312226682916338,4096
snapshot_393.xyz,393,32,1,0.8709560214218878,0.0,0.8709560214218878,0.8709560214218878,32768
snapshot_394.xyz,394,8,64,0.9264362649943525,0.042201606216369494,0.8443361214993291,1.0210553999907177,512
snapshot_394.xyz,394,16,8,0.9054341338036442,0.016494086194289853,0.8832941500596933,0.9385170806044882,4096
snapshot_394.xyz,394,32,1,0.8755610972568578,0.0,0.8755610972568578,0.8755610972568578,32768
snapshot_395.xyz,395,8,64,0.9328143691732715,0.047617627792069364,0.8246024722372892,1.0441728791929505,512
snapshot_395.xyz,395,16,8,0.8969015987346065,0.015746657197368726,0.8839206658402692,0.9338034223209958,4096
snapshot_395.xyz,395,32,1,0.8618785960301817,0.0,0.8618785960301817,0.8618785960301817,32768
snapshot_396.xyz,396,8,64,0.9209981998485675,0.04950841952193379,0.8205852174735662,1.0453156233995804,512
snapshot_396.xyz,396,16,8,0.8981116305733603,0.02244965822911784,0.8597060386045688,0.9315339920207781,4096
snapshot_396.xyz,396,32,1,0.8681636678629873,0.0,0.8681636678629873,0.8681636678629873,32768
snapshot_397.xyz,397,8,64,0.9260064249786284,0.04950902856135303,0.8244545353859786,1.0614848484848483,512
snapshot_397.xyz,397,16,8,0.8985280422498199,0.013310201060374083,0.8793530149078593,0.9286680001481646,4096
snapshot_397.xyz,397,32,1,0.8842093213084075,0.0,0.8842093213084075,0.8842093213084075,32768
snapshot_398.xyz,398,8,64,0.9379447364464477,0.04327340890890358,0.8542727272727273,1.0629728182676095,512
snapshot_398.xyz,398,16,8,0.9073465032260368,0.015921624019053074,0.8869494203014967,0.9338034223209958,4096
snapshot_398.xyz,398,32,1,0.8680622378945899,0.0,0.8680622378945899,0.8680622378945899,32768
snapshot_399.xyz,399,8,64,0.9293747363244251,0.03939209303918554,0.8477374900214277,1.0420411825677995,512
snapshot_399.xyz,399,16,8,0.9053227238764422,0.018710928514235527,0.8649449217308808,0.9286680001481646,4096
snapshot_399.xyz,399,32,1,0.8770454545454545,0.0,0.8770454545454545,0.8770454545454545,32768
snapshot_400.xyz,400,8,64,0.9320484945471175,0.04020769876142119,0.8321041453305748,1.0,512
snapshot_400.xyz,400,16,8,0.900900756798173,0.014548999794382823,0.879096335751676,0.9254899808854868,4096
snapshot_400.xyz,400,32,1,0.8755610972568578,0.0,0.8755610972568578,0.8755610972568578,32768
snapshot_401.xyz,401,8,64,0.9243806121008643,0.04679003072779506,0.7798115601630626,1.0441728791929505,512
snapshot_401.xyz,401,16,8,0.8989294075037537,0.02132644325794316,0.870091045953115,0.9302897262386385,4096
snapshot_401.xyz,401,32,1,0.8768638763837453,0.0,0.8768638763837453,0.8768638763837453,32768
snapshot_402.xyz,402,8,64,0.9401715724029449,0.04102871733183785,0.840786208602886,1.0210553999907177,512
snapshot_402.xyz,402,16,8,0.9060645661247783,0.019288862618118293,0.8706961153457617,0.9344079388980606,4096
snapshot_402.xyz,402,32,1,0.8714553429027113,0.0,0.8714553429027113,0.8714553429027113,32768
snapshot_403.xyz,403,8,64,0.9275406466608649,0.03774333581788305,0.840786208602886,1.022690852620971,512
snapshot_403.xyz,403,16,8,0.9087001332421217,0.022178813396900827,0.8633423273834233,0.9503937223914177,4096
snapshot_403.xyz,403,32,1,0.8865817841401727,0.0,0.8865817841401727,0.8865817841401727,32768
snapshot_404.xyz,404,8,64,0.9385790802377629,0.04080493892147464,0.8541076104856781,1.0441728791929505,512
snapshot_404.xyz,404,16,8,0.9139493273769297,0.01930499542814196,0.8874892092937826,0.9499442082645544,4096
snapshot_404.xyz,404,32,1,0.8792960034593243,0.0,0.8792960034593243,0.8792960034593243,32768
snapshot_405.xyz,405,8,64,0.9310935128195416,0.038816220046855865,0.8246024722372892,1.022690852620971,512
snapshot_405.xyz,405,16,8,0.9037892550672864,0.018050936246725914,0.8764051186623041,0.9312916162227602,4096
snapshot_405.xyz,405,32,1,0.8695604133070536,0.0,0.8695604133070536,0.8695604133070536,32768
snapshot_406.xyz,406,8,64,0.9383799831655308,0.04925692651003822,0.8244545353859786,1.0420411825677995,512
snapshot_406.xyz,406,16,8,0.9046738373725325,0.009264572281175195,0.8919780414379316,0.9198714848980806,4096
snapshot_406.xyz,406,32,1,0.8689549180327868,0.0,0.8689549180327868,0.8689549180327868,32768
snapshot_407.xyz,407,8,64,0.9357600769597112,0.04803465072540139,0.8443361214993291,1.0453156233995804,512
snapshot_407.xyz,407,16,8,0.9138253223258503,0.016258521272962907,0.8931586872516826,0.9457575226625108,4096
snapshot_407.xyz,407,32,1,0.8758842921208161,0.0,0.8758842921208161,0.8758842921208161,32768
snapshot_408.xyz,408,8,64,0.9266974754614754,0.044479577811723923,0.8356213385167788,1.022690852620971,512
snapshot_408.xyz,408,16,8,0.8850830683487902,0.014782106807877445,0.8639300482425913,0.9064080185708372,4096
snapshot_408.xyz,408,32,1,0.8705501360936164,0.0,0.8705501360936164,0.8705501360936164,32768
snapshot_409.xyz,409,8,64,0.9261172107375906,0.03885112051285979,0.8246024722372892,1.0,512
snapshot_409.xyz,409,16,8,0.9162956959201682,0.015116643634354025,0.8929267907025774,0.9390689388350039,4096
snapshot_409.xyz,409,32,1,0.8795678839699537,0.0,0.8795678839699537,0.8795678839699537,32768
snapshot_410.xyz,410,8,64,0.9277282369523914,0.04037024238847038,0.8469829629863768,1.0661583568238173,512
snapshot_410.xyz,410,16,8,0.9067386464529839,0.017728192917686954,0.882884836800814,0.9404687104367315,4096
snapshot_410.xyz,410,32,1,0.871246498321181,0.0,0.871246498321181,0.871246498321181,32768
snapshot_411.xyz,411,8,64,0.9277279305587328,0.04050860839996718,0.8477374900214277,1.0,512
snapshot_411.xyz,411,16,8,0.9107497697560296,0.016343036007552905,0.8839206658402692,0.9376710441730186,4096
snapshot_411.xyz,411,32,1,0.8831599428208387,0.0,0.8831599428208387,0.8831599428208387,32768
snapshot_412.xyz,412,8,64,0.9281108986313145,0.04042948682982972,0.8321041453305748,1.0,512
snapshot_412.xyz,412,16,8,0.9110376768873274,0.012970455728203264,0.8864371997992688,0.9251538249609698,4096
snapshot_412.xyz,412,32,1,0.8744783602005337,0.0,0.8744783602005337,0.8744783602005337,32768
snapshot_413.xyz,413,8,64,0.9309059675959233,0.04755621981408498,0.840786208602886,1.0859041628472992,512
snapshot_413.xyz,413,16,8,0.9155045878752329,0.014367146079671062,0.8945981790809377,0.9335016989622555,4096
snapshot_413.xyz,413,32,1,0.8802680997283043,0.0,0.8802680997283043,0.8802680997283043,32768
snapshot_414.xyz,414,8,64,0.9362377257476817,0.04703961321935531,0.8321041453305748,1.0661583568238173,512
snapshot_414.xyz,414,16,8,0.9024913840624631,0.015740086673004056,0.882884836800814,0.9261715135792166,4096
snapshot_414.xyz,414,32,1,0.8877725608785612,0.0,0.8877725608785612,0.8877725608785612,32768
snapshot_415.xyz,415,8,64,0.9279761441178181,0.04853691117613243,0.8246024722372892,1.0420411825677995,512
snapshot_415.xyz,415,16,8,0.9166135206773092,0.018967431773161687,0.878023271015819,0.9499442082645544,4096
snapshot_415.xyz,415,32,1,0.891917132364202,0.0,0.891917132364202,0.891917132364202,32768
snapshot_416.xyz,416,8,64,0.9416429008257374,0.05231630501523521,0.8284315785051048,1.0715682880387745,512
snapshot_416.xyz,416,16,8,0.8964091935025778,0.014552979720884774,0.8774838783063691,0.919753580286423,4096
snapshot_416.xyz,416,32,1,0.8757023613616987,0.0,0.8757023613616987,0.8757023613616987,32768
snapshot_417.xyz,417,8,64,0.9364903022045832,0.043768665790325664,0.8356213385167788,1.0600758649870465,512
snapshot_417.xyz,417,16,8,0.907042245154958,0.01576550219169978,0.8677855498494776,0.9224063166263144,4096
snapshot_417.xyz,417,32,1,0.8819227546278663,0.0,0.8819227546278663,0.8819227546278663,32768
snapshot_418.xyz,418,8,64,0.9292804968213266,0.0386553365195568,0.8640126752119673,1.0420411825677995,512
snapshot_418.xyz,418,16,8,0.9007377038143631,0.014790046546001417,0.878023271015819,0.9171765394499777,4096
snapshot_418.xyz,418,32,1,0.8831505673691236,0.0,0.8831505673691236,0.8831505673691236,32768
snapshot_419.xyz,419,8,64,0.9335572402142958,0.03359095624664473,0.8627319128769685,1.0,512
snapshot_419.xyz,419,16,8,0.8928532769054727,0.009949597493274629,0.8788175757088923,0.910492882978532,4096
snapshot_419.xyz,419,32,1,0.8752307814738182,0.0,0.8752307814738182,0.8752307814738182,32768
snapshot_420.xyz,420,8,64,0.9362512340928135,0.03998985585742381,0.8443361214993291,1.0210553999907177,512
snapshot_420.xyz,420,16,8,0.9189535782847483,0.023360267375425774,0.8945981790809377,0.9706911879097677,4096
snapshot_420.xyz,420,32,1,0.870533163290526,0.0,0.870533163290526,0.870533163290526,32768
snapshot_421.xyz,421,8,64,0.9355145731042085,0.044067775740152575,0.8443361214993291,1.0430824667319911,512
snapshot_421.xyz,421,16,8,0.9066720261324822,0.0096573124692571,0.8919780414379316,0.9254899808854868,4096
snapshot_421.xyz,421,32,1,0.8894500953274573,0.0,0.8894500953274573,0.8894500953274573,32768
snapshot_422.xyz,422,8,64,0.931154883368357,0.0473868328085097,0.8477374900214277,1.0420411825677995,512
snapshot_422.xyz,422,16,8,0.9067224392237905,0.00925925199927165,0.8910131112717666,0.920609743726888,4096
snapshot_422.xyz,422,32,1,0.8809683154866549,0.0,0.8809683154866549,0.8809683154866549,32768
snapshot_423.xyz,423,8,64,0.9311990790101171,0.042376927025250505,0.8163948542456927,1.0210553999907177,512
snapshot_423.xyz,423,16,8,0.909102321807735,0.016909578355927192,0.8834013387737686,0.9318345467637411,4096
snapshot_423.xyz,423,32,1,0.873837139901321,0.0,0.873837139901321,0.873837139901321,32768
snapshot_424.xyz,424,8,64,0.9267895307917391,0.038444953545640356,0.8509852978575699,1.0205530303030304,512
snapshot_424.xyz,424,16,8,0.909620138555066,0.010111794694042818,0.8929267907025774,0.9231038067244964,4096
snapshot_424.xyz,424,32,1,0.8895650569030992,0.0,0.8895650569030992,0.8895650569030992,32768
snapshot_425.xyz,425,8,64,0.9332803698265553,0.048033972639958636,0.840786208602886,1.0661583568238173,512
snapshot_425.xyz,425,16,8,0.9239276240161393,0.021924038998941422,0.8895276984786615,0.9528223365617433,4096
snapshot_425.xyz,425,32,1,0.8730084169529986,0.0,0.8730084169529986,0.8730084169529986,32768
snapshot_426.xyz,426,8,64,0.9310729165927967,0.03840664612177106,0.8443361214993291,1.0430824667319911,512
snapshot_426.xyz,426,16,8,0.9237791672327035,0.014463860820598492,0.8982202947580572,0.9492454521683912,4096
snapshot_426.xyz,426,32,1,0.8823580815852595,0.0,0.8823580815852595,0.8823580815852595,32768
snapshot_427.xyz,427,8,64,0.9367043318535959,0.0447854448289778,0.8284315785051048,1.0210553999907177,512
snapshot_427.xyz,427,16,8,0.9145077584250367,0.013703657547163836,0.8964626198308477,0.9385170806044882,4096
snapshot_427.xyz,427,32,1,0.8749501594896332,0.0,0.8749501594896332,0.8749501594896332,32768
snapshot_428.xyz,428,8,64,0.9360432883001786,0.04169764966539116,0.8609071525771544,1.0629728182676095,512
snapshot_428.xyz,428,16,8,0.901596467182334,0.011281271625671666,0.8809448514555772,0.9167967673799247,4096
snapshot_428.xyz,428,32,1,0.8829763201823215,0.0,0.8829763201823215,0.8829763201823215,32768
snapshot_429.xyz,429,8,64,0.9327070512308231,0.04557371432566192,0.8090696469336023,1.0200871482336524,512
snapshot_429.xyz,429,16,8,0.9074973850311183,0.014884464289420396,0.8782681554233279,0.9302897262386385,4096
snapshot_429.xyz,429,32,1,0.8826254044496478,0.0,0.8826254044496478,0.8826254044496478,32768
snapshot_430.xyz,430,8,64,0.9288331782900325,0.047351882066021075,0.8246024722372892,1.0453156233995804,512
snapshot_430.xyz,430,16,8,0.9129037190784662,0.014525950214782424,0.8931586872516826,0.942107718056356,4096
snapshot_430.xyz,430,32,1,0.885173548472637,0.0,0.885173548472637,0.885173548472637,32768
snapshot_431.xyz,431,8,64,0.9287871062564855,0.04389796063656649,0.840786208602886,1.0215728419255936,512
snapshot_431.xyz,431,16,8,0.9104974731840176,0.010515806739374928,0.8982202947580572,0.934111174868614,4096
snapshot_431.xyz,431,32,1,0.8782623451552689,0.0,0.8782623451552689,0.8782623451552689,32768
snapshot_432.xyz,432,8,64,0.9320998902249261,0.042557858026778174,0.7896306877862276,1.0200871482336524,512
snapshot_432.xyz,432,16,8,0.9149961203462431,0.014573185394180253,0.8916815134539444,0.934111174868614,4096
snapshot_432.xyz,432,32,1,0.8842939907895316,0.0,0.8842939907895316,0.8842939907895316,32768
snapshot_433.xyz,433,8,64,0.9431471640219891,0.03433086119829041,0.8776491436091549,1.0205530303030304,512
snapshot_433.xyz,433,16,8,0.9058891718350037,0.022583808212875523,0.8667002361439089,0.9501698962255487,4096
snapshot_433.xyz,433,32,1,0.8867693487053792,0.0,0.8867693487053792,0.8867693487053792,32768
snapshot_434.xyz,434,8,64,0.9408067236179406,0.04823301091030819,0.8284315785051048,1.0465238155614724,512
snapshot_434.xyz,434,16,8,0.9104439870434662,0.014032843452064092,0.8814650835178104,0.9278075579379684,4096
snapshot_434.xyz,434,32,1,0.8813286316229866,0.0,0.8813286316229866,0.8813286316229866,32768
snapshot_435.xyz,435,8,64,0.9285465905882029,0.042539826471732586,0.8284315785051048,1.0453156233995804,512
snapshot_435.xyz,435,16,8,0.9057229604739576,0.013854852165055777,0.8758570922613778,0.9258409159220702,4096
snapshot_435.xyz,435,32,1,0.8922450364839639,0.0,0.8922450364839639,0.8922450364839639,32768
snapshot_436.xyz,436,8,64,0.940269518849973,0.045376199412522425,0.8477374900214277,1.0645209722792932,512
snapshot_436.xyz,436,16,8,0.9057113576386326,0.019319391948408128,0.8730414122068442,0.9347016947927583,4096
snapshot_436.xyz,436,32,1,0.8764426381376446,0.0,0.8764426381376446,0.8764426381376446,32768
snapshot_437.xyz,437,8,64,0.9285853429413097,0.040394003204380954,0.8047903165948215,1.0205530303030304,512
snapshot_437.xyz,437,16,8,0.9057803283746069,0.02011177465003851,0.8889298828159315,0.941299033225914,4096
snapshot_437.xyz,437,32,1,0.8796285319106896,0.0,0.8796285319106896,0.8796285319106896,32768
snapshot_438.xyz,438,8,64,0.9263859271429453,0.03602278751232133,0.840786208602886,1.0,512
snapshot_438.xyz,438,16,8,0.9205846260829893,0.020163342491597114,0.8914935417055587,0.9629933236786258,4096
snapshot_438.xyz,438,32,1,0.8908873567779375,0.0,0.8908873567779375,0.8908873567779375,32768
snapshot_439.xyz,439,8,64,0.94767063295284,0.045857316656064497,0.8570992892754854,1.0441728791929505,512
snapshot_439.xyz,439,16,8,0.9155079276480473,0.020499113439586936,0.8874892092937826,0.9617754353717891,4096
snapshot_439.xyz,439,32,1,0.8843818035980291,0.0,0.8843818035980291,0.8843818035980291,32768
snapshot_440.xyz,440,8,64,0.9341209136942626,0.03728329608876454,0.8356213385167788,1.0420411825677995,512
snapshot_440.xyz,440,16,8,0.9206767168331073,0.02003914094966807,0.8943169190165302,0.9658696000226029,4096
snapshot_440.xyz,440,32,1,0.8864677873097607,0.0,0.8864677873097607,0.8864677873097607,32768
snapshot_441.xyz,441,8,64,0.9313228265106304,0.04392628963782412,0.8443361214993291,1.0401074877702967,512
snapshot_441.xyz,441,16,8,0.909357573432072,0.013586182587766657,0.8908520132835201,0.9331882440819264,4096
snapshot_441.xyz,441,32,1,0.8942751350063533,0.0,0.8942751350063533,0.8942751350063533,32768
snapshot_442.xyz,442,8,64,0.9418029289677605,0.04372119461845802,0.8443361214993291,1.0614848484848483,512
snapshot_442.xyz,442,16,8,0.9134470288090912,0.013678561610677003,0.8879493536391004,0.9368025591429846,4096
snapshot_442.xyz,442,32,1,0.8833313397129186,0.0,0.8833313397129186,0.8833313397129186,32768
snapshot_443.xyz,443,8,64,0.9362705821557298,0.038781928876861695,0.8422403627526989,1.0210553999907177,512
snapshot_443.xyz,443,16,8,0.9098736170355751,0.014451660348243035,0.8919780414379316,0.9368025591429846,4096
snapshot_443.xyz,443,32,1,0.8805382775119617,0.0,0.8805382775119617,0.8805382775119617,32768
snapshot_444.xyz,444,8,64,0.9300158050488114,0.03989698129268985,0.8640126752119673,1.0629728182676095,512
snapshot_444.xyz,444,16,8,0.9001621397217576,0.01590627171111387,0.8818241528854979,0.9349930719260044,4096
snapshot_444.xyz,444,32,1,0.8811656167848817,0.0,0.8811656167848817,0.8811656167848817,32768
snapshot_445.xyz,445,8,64,0.9256082768647611,0.044278417802811776,0.8284315785051048,1.0401074877702967,512
snapshot_445.xyz,445,16,8,0.9022367527299446,0.01716931654251093,0.8677855498494776,0.9224063166263144,4096
snapshot_445.xyz,445,32,1,0.8888379052369078,0.0,0.8888379052369078,0.8888379052369078,32768
snapshot_446.xyz,446,8,64,0.9384501185730072,0.04441652192468738,0.8321041453305748,1.0430824667319911,512
snapshot_446.xyz,446,16,8,0.9015655600366591,0.021082685899406126,0.8643492755029147,0.9452555423300104,4096
snapshot_446.xyz,446,32,1,0.8865555401029146,0.0,0.8865555401029146,0.8865555401029146,32768
snapshot_447.xyz,447,8,64,0.9361910807526147,0.04096472761403307,0.8131542590848791,1.0210553999907177,512
snapshot_447.xyz,447,16,8,0.9196158756816284,0.016558297440071524,0.8955383097314452,0.9506243681176053,4096
snapshot_447.xyz,447,32,1,0.8982997443314807,0.0,0.8982997443314807,0.8982997443314807,32768
snapshot_448.xyz,448,8,64,0.9253488786284987,0.04569266792598346,0.8090696469336023,1.019198378486397,512
snapshot_448.xyz,448,16,8,0.9182437455901861,0.02111105778388211,0.8740576110166905,0.9503937223914177,4096
snapshot_448.xyz,448,32,1,0.8915807747631566,0.0,0.8915807747631566,0.8915807747631566,32768
snapshot_449.xyz,449,8,64,0.9300378529154525,0.04168398438783349,0.8208404052190517,1.0420411825677995,512
snapshot_449.xyz,449,16,8,0.9127706498948249,0.020860813005186222,0.893644527156434,0.9581064562729192,4096
snapshot_449.xyz,449,32,1,0.9015003641076154,0.0,0.9015003641076154,0.9015003641076154,32768
snapshot_450.xyz,450,8,64,0.9344333485023109,0.039775364246312526,0.8570992892754854,1.019626107015769,512
snapshot_450.xyz,450,16,8,0.9087466020718422,0.010727186252791628,0.8950741246507975,0.9224063166263144,4096
snapshot_450.xyz,450,32,1,0.8853330687961907,0.0,0.8853330687961907,0.8853330687961907,32768
snapshot_451.xyz,451,8,64,0.9335512278800999,0.036362678751380266,0.8443361214993291,1.0410530303030303,512
snapshot_451.xyz,451,16,8,0.9081399890938471,0.014927159638036966,0.8849417593422232,0.9309172050170053,4096
snapshot_451.xyz,451,32,1,0.894875203662425,0.0,0.894875203662425,0.894875203662425,32768
snapshot_452.xyz,452,8,64,0.935013860196354,0.04273324282083859,0.8389996817651426,1.0420411825677995,512
snapshot_452.xyz,452,16,8,0.9118123414142898,0.015520609146610973,0.8945981790809377,0.9318345467637411,4096
snapshot_452.xyz,452,32,1,0.884380249908049,0.0,0.884380249908049,0.884380249908049,32768
snapshot_453.xyz,453,8,64,0.9360245274318217,0.04177358372051198,0.8047903165948215,1.022690852620971,512
snapshot_453.xyz,453,16,8,0.9063563979214584,0.014219596483049195,0.8804204993429697,0.9261715135792166,4096
snapshot_453.xyz,453,32,1,0.8951831471335804,0.0,0.8951831471335804,0.8951831471335804,32768
snapshot_454.xyz,454,8,64,0.936637647299509,0.04318473777876906,0.8026280895300733,1.0678660521055328,512
snapshot_454.xyz,454,16,8,0.9185334155509954,0.014168283979556554,0.9018718606584035,0.9439444887723698,4096
snapshot_454.xyz,454,32,1,0.8929953375858832,0.0,0.8929953375858832,0.8929953375858832,32768
snapshot_455.xyz,455,8,64,0.9316433079524702,0.041589249145777454,0.8170810723252613,1.0430824667319911,512
snapshot_455.xyz,455,16,8,0.9180225452598498,0.013917807599776856,0.8905181375008961,0.9418403893837818,4096
snapshot_455.xyz,455,32,1,0.8904336677200767,0.0,0.8904336677200767,0.8904336677200767,32768
snapshot_456.xyz,456,8,64,0.9391163899533271,0.048775702774916246,0.8344720785455446,1.0453156233995804,512
snapshot_456.xyz,456,16,8,0.9201949075811886,0.015241596727840043,0.8941237336020585,0.946009734594545,4096
snapshot_456.xyz,456,32,1,0.89954775152878,0.0,0.89954775152878,0.89954775152878,32768
snapshot_457.xyz,457,8,64,0.9363678576280257,0.035909784007591594,0.8477374900214277,1.0210553999907177,512
snapshot_457.xyz,457,16,8,0.9214212965901711,0.019307619982149773,0.8900262726961904,0.9510714414772522,4096
snapshot_457.xyz,457,32,1,0.8982997443314807,0.0,0.8982997443314807,0.8982997443314807,32768
snapshot_458.xyz,458,8,64,0.9350220471636588,0.04556088437576182,0.840786208602886,1.0838348365537833,512
snapshot_458.xyz,458,16,8,0.9196552999242971,0.01932986439011145,0.8890232397815714,0.9457575226625108,4096
snapshot_458.xyz,458,32,1,0.8979137076982528,0.0,0.8979137076982528,0.8979137076982528,32768
snapshot_459.xyz,459,8,64,0.9331603595867644,0.0431961318313204,0.8443361214993291,1.0221227859040942,512
snapshot_459.xyz,459,16,8,0.9083742193168498,0.011092197235611539,0.892449884909471,0.9309172050170053,4096
snapshot_459.xyz,459,32,1,0.886115351825049,0.0,0.886115351825049,0.886115351825049,32768
snapshot_460.xyz,460,8,64,0.9340579988833859,0.048240589497203196,0.8321041453305748,1.0465238155614724,512
snapshot_460.xyz,460,16,8,0.9144888452610926,0.01603903044924858,0.8903753993610224,0.9431448057440032,4096
snapshot_460.xyz,460,32,1,0.8768612922347362,0.0,0.8768612922347362,0.8768612922347362,32768
snapshot_461.xyz,461,8,64,0.9260245464944196,0.043584349658485906,0.8284315785051048,1.0,512
snapshot_461.xyz,461,16,8,0.9100581398512702,0.01480831660765243,0.8848859781208613,0.926841338108006,4096
snapshot_461.xyz,461,32,1,0.891917132364202,0.0,0.891917132364202,0.891917132364202,32768
snapshot_462.xyz,462,8,64,0.9393456700072566,0.04479449497459783,0.8477374900214277,1.022690852620971,512
snapshot_462.xyz,462,16,8,0.9055000596576779,0.019008375421264004,0.8884459691857234,0.9457575226625108,4096
snapshot_462.xyz,462,32,1,0.8914615630493847,0.0,0.8914615630493847,0.8914615630493847,32768
snapshot_463.xyz,463,8,64,0.9299967782212912,0.046219986604699406,0.8284315785051048,1.0880711418394462,512
snapshot_463.xyz,463,16,8,0.9101444928998715,0.0065372203372659945,0.9014232325248089,0.9220533009197946,4096
snapshot_463.xyz,463,32,1,0.8950231625638327,0.0,0.8950231625638327,0.8950231625638327,32768
snapshot_464.xyz,464,8,64,0.9340915357848119,0.044055345965711486,0.8321041453305748,1.0880711418394462,512
snapshot_464.xyz,464,16,8,0.9054840917280511,0.01402086585349473,0.8777203937305429,0.9251538249609698,4096
snapshot_464.xyz,464,32,1,0.8841197740788332,0.0,0.8841197740788332,0.8841197740788332,32768
snapshot_465.xyz,465,8,64,0.9376830921385646,0.045743512916005355,0.8576752058079028,1.0838348365537833,512
snapshot_465.xyz,465,16,8,0.9081509941722483,0.012788427875810351,0.8859261125407136,0.926841338108006,4096
snapshot_465.xyz,465,32,1,0.9020213413721164,0.0,0.9020213413721164,0.9020213413721164,32768
snapshot_466.xyz,466,8,64,0.9317322963028267,0.04018255883298042,0.8370684343753015,1.0215728419255936,512
snapshot_466.xyz,466,16,8,0.9169142869518487,0.012416991062337793,0.8869494203014967,0.9293231701717329,4096
snapshot_466.xyz,466,32,1,0.8846386587966867,0.0,0.8846386587966867,0.8846386587966867,32768
snapshot_467.xyz,467,8,64,0.9335764095340632,0.04882423203726376,0.8246024722372892,1.0430824667319911,512
snapshot_467.xyz,467,16,8,0.9124534079680443,0.020162126100990635,0.8723888560618754,0.946009734594545,4096
snapshot_467.xyz,467,32,1,0.8903963581667312,0.0,0.8903963581667312,0.8903963581667312,32768
snapshot_468.xyz,468,8,64,0.9334862412016631,0.043069973701243616,0.8541076104856781,1.0645209722792932,512
snapshot_468.xyz,468,16,8,0.9185319515430941,0.008429904456309666,0.9048911611237022,0.9293231701717329,4096
snapshot_468.xyz,468,32,1,0.8847274818089894,0.0,0.8847274818089894,0.8847274818089894,32768
snapshot_469.xyz,469,8,64,0.9403550727318626,0.04631898182293556,0.8542727272727273,1.0629728182676095,512
snapshot_469.xyz,469,16,8,0.9220494315847038,0.01883746449021015,0.8900262726961904,0.9497073748935067,4096
snapshot_469.xyz,469,32,1,0.8998491689307975,0.0,0.8998491689307975,0.8998491689307975,32768
snapshot_470.xyz,470,8,64,0.9326774707067691,0.041264280158239776,0.8389996817651426,1.0210553999907177,512
snapshot_470.xyz,470,16,8,0.9177128370383865,0.018249479096333687,0.870677698342571,0.9335016989622555,4096
snapshot_470.xyz,470,32,1,0.8898151123229423,0.0,0.8898151123229423,0.8898151123229423,32768
snapshot_471.xyz,471,8,64,0.9452537328926063,0.04021487197223212,0.8509852978575699,1.0614848484848483,512
snapshot_471.xyz,471,16,8,0.9212780582448619,0.015686202456004827,0.8910131112717666,0.9449964513839604,4096
snapshot_471.xyz,471,32,1,0.8997700988574913,0.0,0.8997700988574913,0.8997700988574913,32768
snapshot_472.xyz,472,8,64,0.9312959787664823,0.04548211034339239,0.8131542590848791,1.0215728419255936,512
snapshot_472.xyz,472,16,8,0.9171020762912756,0.008013455524830803,0.9077238726223552,0.934111174868614,4096
snapshot_472.xyz,472,32,1,0.8913767080155534,0.0,0.8913767080155534,0.8913767080155534,32768
snapshot_473.xyz,473,8,64,0.9406600946138359,0.042582337386436846,0.8509852978575699,1.0453156233995804,512
snapshot_473.xyz,473,16,8,0.9142884570476988,0.03010720245232153,0.858529384316487,0.9482693111440404,4096
snapshot_473.xyz,473,32,1,0.9061351286559054,0.0,0.9061351286559054,0.9061351286559054,32768
snapshot_474.xyz,474,8,64,0.9250318146302445,0.0442319885723699,0.840786208602886,1.0205530303030304,512
snapshot_474.xyz,474,16,8,0.9233642300348163,0.015593763441247901,0.9036189561831613,0.9418403893837818,4096
snapshot_474.xyz,474,32,1,0.9040404746683713,0.0,0.9040404746683713,0.9040404746683713,32768
snapshot_475.xyz,475,8,64,0.9388564321856209,0.044379558569182284,0.8443361214993291,1.0645209722792932,512
snapshot_475.xyz,475,16,8,0.9151465591577652,0.005853835794978446,0.9027528855115062,0.9224063166263144,4096
snapshot_475.xyz,475,32,1,0.8947338055069235,0.0,0.8947338055069235,0.8947338055069235,32768
snapshot_476.xyz,476,8,64,0.9461963537586806,0.046193628497037856,0.8477374900214277,1.0645209722792932,512
snapshot_476.xyz,476,16,8,0.9088021676135938,0.023096078972914658,0.8615468075984145,0.9506243681176053,4096
snapshot_476.xyz,476,32,1,0.8992293947954203,0.0,0.8992293947954203,0.8992293947954203,32768
snapshot_477.xyz,477,8,64,0.9393139846223084,0.04459119835665023,0.8477374900214277,1.0859041628472992,512
snapshot_477.xyz,477,16,8,0.9055402877312997,0.015404899293550751,0.8919780414379316,0.939618716516585,4096
snapshot_477.xyz,477,32,1,0.8923291770573565,0.0,0.8923291770573565,0.8923291770573565,32768
snapshot_478.xyz,478,8,64,0.938666434956881,0.0492109275509251,0.8205852174735662,1.0614848484848483,512
snapshot_478.xyz,478,16,8,0.9025865431842293,0.016341026482415998,0.8819802152786856,0.9254899808854868,4096
snapshot_478.xyz,478,32,1,0.8901929467784335,0.0,0.8901929467784335,0.8901929467784335,32768
snapshot_479.xyz,479,8,64,0.9351479609915243,0.04598596373431953,0.8640126752119673,1.0880711418394462,512
snapshot_479.xyz,479,16,8,0.9162492534462032,0.02290712722517644,0.8814650835178104,0.9584902194875563,4096
snapshot_479.xyz,479,32,1,0.8975995566811905,0.0,0.8975995566811905,0.8975995566811905,32768
snapshot_480.xyz,480,8,64,0.9218481687327176,0.04851451579770975,0.8066100734235438,1.0210553999907177,512
snapshot_480.xyz,480,16,8,0.9062822857038808,0.01724611317969504,0.8885209170150559,0.9449964513839604,4096
snapshot_480.xyz,480,32,1,0.8856039339823608,0.0,0.8856039339823608,0.8856039339823608,32768
snapshot_481.xyz,481,8,64,0.9393698412268292,0.04000516364150081,0.8443361214993291,1.0453156233995804,512
snapshot_481.xyz,481,16,8,0.9143957792224868,0.019418965979244626,0.8854090629855816,0.9510714414772522,4096
snapshot_481.xyz,481,32,1,0.9000970953640975,0.0,0.9000970953640975,0.9000970953640975,32768
snapshot_482.xyz,482,8,64,0.9399020234556905,0.045122652991923314,0.8477374900214277,1.0600758649870465,512
snapshot_482.xyz,482,16,8,0.9140688390539995,0.013931353208981988,0.8941237336020585,0.9347016947927583,4096
snapshot_482.xyz,482,32,1,0.8934758054036763,0.0,0.8934758054036763,0.8934758054036763,32768
snapshot_483.xyz,483,8,64,0.9326276417145822,0.042488342460148903,0.8321041453305748,1.0200871482336524,512
snapshot_483.xyz,483,16,8,0.9151196461043742,0.012038515077733758,0.9027528855115062,0.9338034223209958,4096
snapshot_483.xyz,483,32,1,0.8792675074051692,0.0,0.8792675074051692,0.8792675074051692,32768
snapshot_484.xyz,484,8,64,0.9532019513279685,0.04663547280471647,0.8356213385167788,1.0818636363636362,512
snapshot_484.xyz,484,16,8,0.9147962496472721,0.01037432171470528,0.8945981790809377,0.9299760453953421,4096
snapshot_484.xyz,484,32,1,0.8979834529505581,0.0,0.8979834529505581,0.8979834529505581,32768
snapshot_485.xyz,485,8,64,0.9407811050798516,0.04144116477454626,0.8609071525771544,1.1072162341562095,512
snapshot_485.xyz,485,16,8,0.9210692068226972,0.011658941058122062,0.8977586456112456,0.9373841514584237,4096
snapshot_485.xyz,485,32,1,0.8938272094152145,0.0,0.8938272094152145,0.8938272094152145,32768
snapshot_486.xyz,486,8,64,0.9255064963671331,0.04033384889332706,0.8205852174735662,1.0420411825677995,512
snapshot_486.xyz,486,16,8,0.9112987542386477,0.013332093927695238,0.8929267907025774,0.9325714179437583,4096
snapshot_486.xyz,486,32,1,0.9029385689667194,0.0,0.9029385689667194,0.9029385689667194,32768
snapshot_487.xyz,487,8,64,0.935837169770987,0.043660004193569524,0.8356213385167788,1.0430824667319911,512
snapshot_487.xyz,487,16,8,0.916280486810879,0.010162233433425902,0.9009030376499938,0.9335016989622555,4096
snapshot_487.xyz,487,32,1,0.8895840355294723,0.0,0.8895840355294723,0.8895840355294723,32768
snapshot_488.xyz,488,8,64,0.9354966206224162,0.03910638413883557,0.850717059360448,1.0392012749328694,512
snapshot_488.xyz,488,16,8,0.9108157724278829,0.011052128439541864,0.8864371997992688,0.9237542490007845,4096
snapshot_488.xyz,488,32,1,0.8894139135959338,0.0,0.8894139135959338,0.8894139135959338,32768
snapshot_489.xyz,489,8,64,0.9339910616737238,0.04878232153162519,0.8443361214993291,1.0880711418394462,512
snapshot_489.xyz,489,16,8,0.9234974591693103,0.013493532726347124,0.8986872146118721,0.941299033225914,4096
snapshot_489.xyz,489,32,1,0.8952753787765592,0.0,0.8952753787765592,0.8952753787765592,32768
snapshot_490.xyz,490,8,64,0.9354752425750661,0.048052711059962123,0.8246024722372892,1.0661583568238173,512
snapshot_490.xyz,490,16,8,0.9152493539219115,0.011933791233952341,0.8914935417055587,0.9344079388980606,4096
snapshot_490.xyz,490,32,1,0.9010984943964984,0.0,0.9010984943964984,0.9010984943964984,32768
snapshot_491.xyz,491,8,64,0.9342496073230526,0.04516418134482024,0.8279249681389972,1.0215728419255936,512
snapshot_491.xyz,491,16,8,0.9173731031649817,0.0148031998825202,0.8914935417055587,0.9338034223209958,4096
snapshot_491.xyz,491,32,1,0.8982912015268845,0.0,0.8982912015268845,0.8982912015268845,32768
snapshot_492.xyz,492,8,64,0.9463949479220939,0.044077220989727155,0.8609071525771544,1.0696758378766746,512
snapshot_492.xyz,492,16,8,0.9182893094192408,0.009575382623231193,0.9013361099687629,0.9325714179437583,4096
snapshot_492.xyz,492,32,1,0.9022422775403679,0.0,0.9022422775403679,0.9022422775403679,32768
snapshot_493.xyz,493,8,64,0.9386436720982134,0.039924610909644685,0.8477374900214277,1.0392012749328694,512
snapshot_493.xyz,493,16,8,0.928036008266373,0.020644078921042974,0.9005185611984526,0.9661947629898024,4096
snapshot_493.xyz,493,32,1,0.8866343710292249,0.0,0.8866343710292249,0.8866343710292249,32768
snapshot_494.xyz,494,8,64,0.9357291271194346,0.04278616181951037,0.8576752058079028,1.0441728791929505,512
snapshot_494.xyz,494,16,8,0.9238367070132179,0.01739707745987766,0.8991351380298284,0.9562891538439331,4096
snapshot_494.xyz,494,32,1,0.9000747607655502,0.0,0.9000747607655502,0.9000747607655502,32768
snapshot_495.xyz,495,8,64,0.9432000987441573,0.04007904827582355,0.8131542590848791,1.0200871482336524,512
snapshot_495.xyz,495,16,8,0.924316254962289,0.01932416945774974,0.8933911993490073,0.9512875420633063,4096
snapshot_495.xyz,495,32,1,0.893289606458123,0.0,0.893289606458123,0.893289606458123,32768
snapshot_496.xyz,496,8,64,0.9311555386175592,0.04523793655993846,0.8331742424242423,1.0859041628472992,512
snapshot_496.xyz,496,16,8,0.921006959064822,0.016862315681083602,0.8991351380298284,0.9492454521683912,4096
snapshot_496.xyz,496,32,1,0.9031239020698891,0.0,0.9031239020698891,0.9031239020698891,32768
snapshot_497.xyz,497,8,64,0.9329803843067819,0.04426948271290753,0.8163948542456927,1.0210553999907177,512
snapshot_497.xyz,497,16,8,0.9318786528621161,0.02468026000155383,0.897363654658885,0.9872105178892646,4096
snapshot_497.xyz,497,32,1,0.897746585133418,0.0,0.897746585133418,0.897746585133418,32768
snapshot_498.xyz,498,8,64,0.9413510989540439,0.045241133218446083,0.8356213385167788,1.0880711418394462,512
snapshot_498.xyz,498,16,8,0.9149186632235063,0.014960378346607912,0.892449884909471,0.9434009606423399,4096
snapshot_498.xyz,498,32,1,0.8992293947954203,0.0,0.8992293947954203,0.8992293947954203,32768
snapshot_499.xyz,499,8,64,0.9305813910452511,0.03784238949457909,0.8443361214993291,1.0205530303030304,512
snapshot_499.xyz,499,16,8,0.9220173415417683,0.009420337575401729,0.907654834608991,0.9324361269611691,4096
snapshot_499.xyz,499,32,1,0.8966687456070009,0.0,0.8966687456070009,0.8966687456070009,32768
snapshot_500.xyz,500,8,64,0.9330278939053995,0.035530584516159355,0.8321041453305748,1.0420411825677995,512
snapshot_500.xyz,500,16,8,0.9108813476408637,0.019001833089528096,0.8785421586331436,0.9415708370604672,4096
snapshot_500.xyz,500,32,1,0.8974456986999542,0.0,0.8974456986999542,0.8974456986999542,32768
snapshot_501.xyz,501,8,64,0.9426665194695641,0.04113125621459491,0.8356213385167788,1.0587255037513008,512
snapshot_501.xyz,501,16,8,0.9186885483683404,0.01621818636896393,0.9014232325248089,0.946009734594545,4096
snapshot_501.xyz,501,32,1,0.8999271318912767,0.0,0.8999271318912767,0.8999271318912767,32768
snapshot_502.xyz,502,8,64,0.9433905324603458,0.040929361232588835,0.8640126752119673,1.0420411825677995,512
snapshot_502.xyz,502,16,8,0.919639139313267,0.010452448420344717,0.9044704512783426,0.9352820990752025,4096
snapshot_502.xyz,502,32,1,0.9013690346372701,0.0,0.9013690346372701,0.9013690346372701,32768
snapshot_503.xyz,503,8,64,0.9285901316108107,0.047962936079121006,0.8003187332173861,1.0441728791929505,512
snapshot_503.xyz,503,16,8,0.9233884093567818,0.011893595449521987,0.9018718606584035,0.9426262223109159,4096
snapshot_503.xyz,503,32,1,0.9134888718711536,0.0,0.9134888718711536,0.9134888718711536,32768
snapshot_504.xyz,504,8,64,0.9330572206738152,0.04742489990241656,0.7896306877862276,1.0200871482336524,512
snapshot_504.xyz,504,16,8,0.9094554327422416,0.017343920517899222,0.882884836800814,0.938246304341886,4096
snapshot_504.xyz,504,32,1,0.9014004987531171,0.0,0.9014004987531171,0.9014004987531171,32768
snapshot_505.xyz,505,8,64,0.9358785775530476,0.04311831318264328,0.8244545353859786,1.0629728182676095,512
snapshot_505.xyz,505,16,8,0.913571761816016,0.008393826222686284,0.8991295329110642,0.926841338108006,4096
snapshot_505.xyz,505,32,1,0.9012925946133624,0.0,0.9012925946133624,0.9012925946133624,32768
snapshot_506.xyz,506,8,64,0.9378189267048958,0.04862839241372817,0.840786208602886,1.0818636363636362,512
snapshot_506.xyz,506,16,8,0.9145590053023427,0.015607922017310292,0.8919780414379316,0.942372325600459,4096
snapshot_506.xyz,506,32,1,0.9005221569250318,0.0,0.9005221569250318,0.9005221569250318,32768
snapshot_507.xyz,507,8,64,0.9304066151084692,0.04074479060094982,0.8389996817651426,1.0401074877702967,512
snapshot_507.xyz,507,16,8,0.9240973605071932,0.014430565484502696,0.9031872261047296,0.9501698962255487,4096
snapshot_507.xyz,507,32,1,0.9011483519758409,0.0,0.9011483519758409,0.9011483519758409,32768
snapshot_508.xyz,508,8,64,0.9363100763166046,0.035411084104817664,0.8321041453305748,1.0,512
snapshot_508.xyz,508,16,8,0.921949055456381,0.01028250010467275,0.8991351380298284,0.9347016947927583,4096
snapshot_508.xyz,508,32,1,0.9004539765164008,0.0,0.9004539765164008,0.9004539765164008,32768
snapshot_509.xyz,509,8,64,0.9499996648797978,0.057025781529428714,0.8205852174735662,1.0696758378766746,512
snapshot_509.xyz,509,16,8,0.9110403440846728,0.015055894637064696,0.8844332342643466,0.9306092581216349,4096
snapshot_509.xyz,509,32,1,0.8959056100967873,0.0,0.8959056100967873,0.8959056100967873,32768
snapshot_510.xyz,510,8,64,0.9465383264023635,0.04470255044942822,0.8443361214993291,1.0629728182676095,512
snapshot_510.xyz,510,16,8,0.9139997838414406,0.02117553141617623,0.8835027567195037,0.9428865681350053,4096
snapshot_510.xyz,510,32,1,0.898052725886767,0.0,0.898052725886767,0.898052725886767,32768
snapshot_511.xyz,511,8,64,0.9312807098450043,0.04021323861902879,0.8356213385167788,1.0205530303030304,512
snapshot_511.xyz,511,16,8,0.9111485504864997,0.00816972685140667,0.898675532296222,0.9220533009197946,4096
snapshot_511.xyz,511,32,1,0.8986104738154613,0.0,0.8986104738154613,0.8986104738154613,32768
snapshot_512.xyz,512,8,64,0.9459390119148885,0.046512908227150096,0.8205852174735662,1.0629728182676095,512
snapshot_512.xyz,512,16,8,0.9266144929989966,0.01979371528189752,0.8977586456112456,0.9664962773641516,4096
snapshot_512.xyz,512,32,1,0.8938997950758812,0.0,0.8938997950758812,0.8938997950758812,32768
snapshot_513.xyz,513,8,64,0.9303950649696731,0.03895994413215298,0.8541076104856781,1.0420411825677995,512
snapshot_513.xyz,513,16,8,0.9139929402339098,0.018407299602616608,0.8829995157049951,0.9344079388980606,4096
snapshot_513.xyz,513,32,1,0.9044713910552283,0.0,0.9044713910552283,0.9044713910552283,32768
snapshot_514.xyz,514,8,64,0.9411493198947183,0.04091662356504969,0.8477374900214277,1.0401074877702967,512
snapshot_514.xyz,514,16,8,0.9182332741554182,0.016387736372299663,0.8977586456112456,0.942372325600459,4096
snapshot_514.xyz,514,32,1,0.8968207862486073,0.0,0.8968207862486073,0.8968207862486073,32768
snapshot_515.xyz,515,8,64,0.9403996359909708,0.04176832772055757,0.8576752058079028,1.0799922798839015,512
snapshot_515.xyz,515,16,8,0.9216000407744149,0.017324075485023804,0.8969149141762857,0.9489932760027384,4096
snapshot_515.xyz,515,32,1,0.8967481846421718,0.0,0.8967481846421718,0.8967481846421718,32768
snapshot_516.xyz,516,8,64,0.9333895821242264,0.04041262182651206,0.8370684343753015,1.0221227859040942,512
snapshot_516.xyz,516,16,8,0.9131581666916802,0.01611205379968302,0.8869257644942576,0.946009734594545,4096
snapshot_516.xyz,516,32,1,0.8967498855242987,0.0,0.8967498855242987,0.8967498855242987,32768
snapshot_517.xyz,517,8,64,0.9288420952551281,0.039990759339671035,0.8170810723252613,1.0,512
snapshot_517.xyz,517,16,8,0.9190820676926235,0.01737289783302544,0.8947696139476962,0.9467353640173436,4096
snapshot_517.xyz,517,32,1,0.9065573770491803,0.0,0.9065573770491803,0.9065573770491803,32768
snapshot_518.xyz,518,8,64,0.9341815405497362,0.04317361708275522,0.8163948542456927,1.0383467983670673,512
snapshot_518.xyz,518,16,8,0.9248886661045235,0.016181692011943038,0.9044704512783426,0.9621336110697812,4096
snapshot_518.xyz,518,32,1,0.9131153108518459,0.0,0.9131153108518459,0.9131153108518459,32768
snapshot_519.xyz,519,8,64,0.9321323261978101,0.04732009293805076,0.8246024722372892,1.0420411825677995,512
snapshot_519.xyz,519,16,8,0.9298660484183666,0.019413272825390942,0.9004665355545952,0.9559520317180931,4096
snapshot_519.xyz,519,32,1,0.9088561918375098,0.0,0.9088561918375098,0.9088561918375098,32768
snapshot_520.xyz,520,8,64,0.9321747354650853,0.043617643642685736,0.8284315785051048,1.0453156233995804,512
snapshot_520.xyz,520,16,8,0.9205851290532678,0.021636908986160136,0.8746006389776357,0.9457575226625108,4096
snapshot_520.xyz,520,32,1,0.9128113560401082,0.0,0.9128113560401082,0.9128113560401082,32768
snapshot_521.xyz,521,8,64,0.9426952686649688,0.043496530035735004,0.8284315785051048,1.0629728182676095,512
snapshot_521.xyz,521,16,8,0.9177488543273925,0.010628533496479969,0.9055532374231237,0.9379555701886758,4096
snapshot_521.xyz,521,32,1,0.9029385689667194,0.0,0.9029385689667194,0.9029385689667194,32768
snapshot_522.xyz,522,8,64,0.9400013006670583,0.042548041028083045,0.8443361214993291,1.0441728791929505,512
snapshot_522.xyz,522,16,8,0.9210451669356705,0.015527080726935538,0.893644527156434,0.9361430848238003,4096
snapshot_522.xyz,522,32,1,0.9151414891596612,0.0,0.9151414891596612,0.9151414891596612,32768
snapshot_523.xyz,523,8,64,0.9354155983721829,0.03965616939389561,0.8284315785051048,1.0420411825677995,512
snapshot_523.xyz,523,16,8,0.9246185768502936,0.011602542649033104,0.910492882978532,0.9398796348152297,4096
snapshot_523.xyz,523,32,1,0.9150279140921463,0.0,0.9150279140921463,0.9150279140921463,32768
snapshot_524.xyz,524,8,64,0.9322725216741155,0.043624917636915755,0.8541076104856781,1.0401074877702967,512
snapshot_524.xyz,524,16,8,0.929868732844235,0.01427846552781226,0.90968052103554,0.9553634089723056,4096
snapshot_524.xyz,524,32,1,0.9154658378906055,0.0,0.9154658378906055,0.9154658378906055,32768
snapshot_525.xyz,525,8,64,0.9352704154047897,0.0480150848944533,0.8370684343753015,1.0614848484848483,512
snapshot_525.xyz,525,16,8,0.9229373689457234,0.012482109009551231,0.9061154326989861,0.9393415298587713,4096
snapshot_525.xyz,525,32,1,0.9085079042524579,0.0,0.9085079042524579,0.9085079042524579,32768
snapshot_526.xyz,526,8,64,0.9265241397361996,0.04341958394897509,0.8284315785051048,1.0215728419255936,512
snapshot_526.xyz,526,16,8,0.9245477330856287,0.015785632994558613,0.9050677845768957,0.9510714414772522,4096
snapshot_526.xyz,526,32,1,0.9104415363125724,0.0,0.9104415363125724,0.9104415363125724,32768
snapshot_527.xyz,527,8,64,0.9425108778222124,0.04404594947364321,0.8284315785051048,1.0420411825677995,512
snapshot_527.xyz,527,16,8,0.920905892867693,0.008673122991238638,0.9068212775109328,0.9362017386737689,4096
snapshot_527.xyz,527,32,1,0.903965294923183,0.0,0.903965294923183,0.903965294923183,32768
snapshot_528.xyz,528,8,64,0.927677818996496,0.04035611392100352,0.8047903165948215,1.0215728419255936,512
snapshot_528.xyz,528,16,8,0.9154340439857671,0.013080522701695092,0.89587289925613,0.9426262223109159,4096
snapshot_528.xyz,528,32,1,0.9145661165337603,0.0,0.9145661165337603,0.9145661165337603,32768
snapshot_529.xyz,529,8,64,0.9414667450507888,0.04426046819783903,0.8205852174735662,1.0410530303030303,512
snapshot_529.xyz,529,16,8,0.9277626440134843,0.00492366091394918,0.9237805691121956,0.9393415298587713,4096
snapshot_529.xyz,529,32,1,0.9160954944178629,0.0,0.9160954944178629,0.9160954944178629,32768
snapshot_530.xyz,530,8,64,0.9332001247901889,0.041943980801677945,0.8331742424242423,1.0441728791929505,512
snapshot_530.xyz,530,16,8,0.9285698037137615,0.012778612948530832,0.9064080185708372,0.9428865681350053,4096
snapshot_530.xyz,530,32,1,0.9097675810473815,0.0,0.9097675810473815,0.9097675810473815,32768
snapshot_531.xyz,531,8,64,0.9412517859059789,0.038907504539853456,0.8576752058079028,1.0210553999907177,512
snapshot_531.xyz,531,16,8,0.9173940490529118,0.018273209476305095,0.8900262726961904,0.9497073748935067,4096
snapshot_531.xyz,531,32,1,0.9133114035087718,0.0,0.9133114035087718,0.9133114035087718,32768
snapshot_532.xyz,532,8,64,0.9373994795018703,0.04095588094672058,0.8640126752119673,1.0678660521055328,512
snapshot_532.xyz,532,16,8,0.918080466505695,0.01957516884504155,0.89587289925613,0.9532602477657011,4096
snapshot_532.xyz,532,32,1,0.9085797049513229,0.0,0.9085797049513229,0.9085797049513229,32768
snapshot_533.xyz,533,8,64,0.9324009462231667,0.042866180381513845,0.840786208602886,1.0430824667319911,512
snapshot_533.xyz,533,16,8,0.9282086485803602,0.01663453371357734,0.8955383097314452,0.9503937223914177,4096
snapshot_533.xyz,533,32,1,0.9045458612085846,0.0,0.9045458612085846,0.9045458612085846,32768
snapshot_534.xyz,534,8,64,0.9366247914103414,0.04304969253119829,0.8205852174735662,1.0210553999907177,512
snapshot_534.xyz,534,16,8,0.9297856949621348,0.013560289367562093,0.9164645600543262,0.9617754353717891,4096
snapshot_534.xyz,534,32,1,0.916735162094763,0.0,0.916735162094763,0.916735162094763,32768
snapshot_535.xyz,535,8,64,0.940696115013356,0.04597583149928553,0.8477374900214277,1.0661583568238173,512
snapshot_535.xyz,535,16,8,0.9284003909597965,0.009058092174510203,0.9153524156335626,0.9428865681350053,4096
snapshot_535.xyz,535,32,1,0.9195211970074813,0.0,0.9195211970074813,0.9195211970074813,32768
snapshot_536.xyz,536,8,64,0.9450115522856444,0.04313093448243421,0.840786208602886,1.022690852620971,512
snapshot_536.xyz,536,16,8,0.9389219677127378,0.009618723537896988,0.9251095925170842,0.9592472807429624,4096
snapshot_536.xyz,536,32,1,0.9308580693936017,0.0,0.9308580693936017,0.9308580693936017,32768
snapshot_537.xyz,537,8,64,0.940248393927938,0.04318327712559176,0.840786208602886,1.0629728182676095,512
snapshot_537.xyz,537,16,8,0.9420030554300631,0.018316908262042672,0.9139811084872899,0.9740514963319119,4096
snapshot_537.xyz,537,32,1,0.917604228413357,0.0,0.917604228413357,0.917604228413357,32768
snapshot_538.xyz,538,8,64,0.938768306576454,0.041564351081975724,0.8509852978575699,1.0441728791929505,512
snapshot_538.xyz,538,16,8,0.9326105067780901,0.012440393748667126,0.9179260173073783,0.954121672092144,4096
snapshot_538.xyz,538,32,1,0.9313526184538652,0.0,0.9313526184538652,0.9313526184538652,32768
snapshot_539.xyz,539,8,64,0.9407912293983223,0.040495433337256075,0.8570992892754854,1.0799922798839015,512
snapshot_539.xyz,539,16,8,0.9262148947240187,0.018394190770087013,0.9000265627766957,0.9506243681176053,4096
snapshot_539.xyz,539,32,1,0.9296924344294867,0.0,0.9296924344294867,0.9296924344294867,32768
snapshot_540.xyz,540,8,64,0.9362877417854143,0.04809378210682971,0.8477374900214277,1.0838348365537833,512
snapshot_540.xyz,540,16,8,0.9390362504024368,0.012099721398316887,0.9194045037084639,0.9581064562729192,4096
snapshot_540.xyz,540,32,1,0.9263654706728464,0.0,0.9263654706728464,0.9263654706728464,32768
snapshot_541.xyz,541,8,64,0.9315821949905351,0.047093989523986364,0.8356213385167788,1.0401074877702967,512
snapshot_541.xyz,541,16,8,0.9348093651508447,0.013978773907739895,0.9100928703067972,0.9582991359197337,4096
snapshot_541.xyz,541,32,1,0.9357624978876108,0.0,0.9357624978876108,0.9357624978876108,32768
snapshot_542.xyz,542,8,64,0.9460668763160023,0.0430137482476167,0.872533138954132,1.0430824667319911,512
snapshot_542.xyz,542,16,8,0.9382704349207998,0.019327462352234166,0.9128498392452432,0.9789837821752714,4096
snapshot_542.xyz,542,32,1,0.9224197870284592,0.0,0.9224197870284592,0.9224197870284592,32768
snapshot_543.xyz,543,8,64,0.9382490153821437,0.048713396697179674,0.8422403627526989,1.0645209722792932,512
snapshot_543.xyz,543,16,8,0.9328192502376703,0.010213444174543299,0.9096613936462282,0.9441561891269701,4096
snapshot_543.xyz,543,32,1,0.9329380869011619,0.0,0.9329380869011619,0.9329380869011619,32768
snapshot_544.xyz,544,8,64,0.9521376183797142,0.04814254023609429,0.840786208602886,1.0838348365537833,512
snapshot_544.xyz,544,16,8,0.94293298638477,0.01239096319013062,0.9209752961704473,0.9634881502942182,4096
snapshot_544.xyz,544,32,1,0.9331928941055176,0.0,0.9331928941055176,0.9331928941055176,32768
snapshot_545.xyz,545,8,64,0.9450963697266849,0.0509038409532512,0.8443361214993291,1.0420411825677995,512
snapshot_545.xyz,545,16,8,0.9312816274672264,0.012507422402724497,0.9104400166044001,0.9512875420633063,4096
snapshot_545.xyz,545,32,1,0.9375610145636398,0.0,0.9375610145636398,0.9375610145636398,32768
snapshot_546.xyz,546,8,64,0.9450218654941847,0.044569381847295135,0.8047903165948215,1.0210553999907177,512
snapshot_546.xyz,546,16,8,0.9355155665110495,0.01761510493641473,0.907654834608991,0.96265038111856,4096
snapshot_546.xyz,546,32,1,0.9357114435779086,0.0,0.9357114435779086,0.9357114435779086,32768
snapshot_547.xyz,547,8,64,0.9385240754749138,0.04946048400092029,0.8370684343753015,1.0430824667319911,512
snapshot_547.xyz,547,16,8,0.9327628313404269,0.015469562233436313,0.9104400166044001,0.9590537181836324,4096
snapshot_547.xyz,547,32,1,0.9316591500605964,0.0,0.9316591500605964,0.9316591500605964,32768
snapshot_548.xyz,548,8,64,0.9420839657767953,0.04325157348572322,0.8284315785051048,1.0661583568238173,512
snapshot_548.xyz,548,16,8,0.9396780451226999,0.014967210215833564,0.9171765394499777,0.9615938821446398,4096
snapshot_548.xyz,548,32,1,0.9302195890533514,0.0,0.9302195890533514,0.9302195890533514,32768
snapshot_549.xyz,549,8,64,0.9412424824761317,0.04160321846091694,0.8609071525771544,1.0430824667319911,512
snapshot_549.xyz,549,16,8,0.9361516814618285,0.017891300602639253,0.9130152458821486,0.9752334439963053,4096
snapshot_549.xyz,549,32,1,0.9296279383735704,0.0,0.9296279383735704,0.9296279383735704,32768
snapshot_550.xyz,550,8,64,0.9379496236294987,0.03976661065203367,0.8284315785051048,1.0420411825677995,512
snapshot_550.xyz,550,16,8,0.9404595266678107,0.014980243387450352,0.910898630726217,0.9610015279899986,4096
snapshot_550.xyz,550,32,1,0.9330439274432281,0.0,0.9330439274432281,0.9330439274432281,32768
snapshot_551.xyz,551,8,64,0.9475695259264714,0.039661409977143076,0.8609071525771544,1.0430824667319911,512
snapshot_551.xyz,551,16,8,0.9423098209514897,0.015887999098698886,0.9179260173073783,0.9644494808411954,4096
snapshot_551.xyz,551,32,1,0.9325550062906788,0.0,0.9325550062906788,0.9325550062906788,32768
snapshot_552.xyz,552,8,64,0.9427072156484317,0.0459096091466294,0.8443361214993291,1.0453156233995804,512
snapshot_552.xyz,552,16,8,0.9357830960104887,0.012613041498287013,0.914586744884922,0.9525729545494475,4096
snapshot_552.xyz,552,32,1,0.9445164252702608,0.0,0.9445164252702608,0.9445164252702608,32768
snapshot_553.xyz,553,8,64,0.9468263984131482,0.044168195068150284,0.8576752058079028,1.0696758378766746,512
snapshot_553.xyz,553,16,8,0.9423512172478645,0.013147116980844677,0.9179260173073783,0.9582991359197337,4096
snapshot_553.xyz,553,32,1,0.933332667412498,0.0,0.933332667412498,0.933332667412498,32768
snapshot_554.xyz,554,8,64,0.9427449671263843,0.04420482658067735,0.8443361214993291,1.0430824667319911,512
snapshot_554.xyz,554,16,8,0.9412397265887119,0.013322514854584454,0.9100928703067972,0.9582991359197337,4096
snapshot_554.xyz,554,32,1,0.9262822927612665,0.0,0.9262822927612665,0.9262822927612665,32768
snapshot_555.xyz,555,8,64,0.944492164445668,0.050019282240982864,0.7941493858642233,1.0420411825677995,512
snapshot_555.xyz,555,16,8,0.9441151375164591,0.01411810955137752,0.9251095925170842,0.9628227288940104,4096
snapshot_555.xyz,555,32,1,0.9232869767488096,0.0,0.9232869767488096,0.9232869767488096,32768
snapshot_556.xyz,556,8,64,0.9477536522636751,0.04186907714052232,0.8443361214993291,1.0221227859040942,512
snapshot_556.xyz,556,16,8,0.9296225966122356,0.007287100380294807,0.9194045037084639,0.9390689388350039,4096
snapshot_556.xyz,556,32,1,0.9313975279106858,0.0,0.9313975279106858,0.9313975279106858,32768
snapshot_557.xyz,557,8,64,0.9392774386812027,0.040577825559762845,0.8669733764687759,1.0645209722792932,512
snapshot_557.xyz,557,16,8,0.9280741498573732,0.0072280143421293444,0.9175578506994377,0.942372325600459,4096
snapshot_557.xyz,557,32,1,0.9346254817074982,0.0,0.9346254817074982,0.9346254817074982,32768
snapshot_558.xyz,558,8,64,0.9273109274488468,0.04739526542933736,0.8090696469336023,1.0205530303030304,512
snapshot_558.xyz,558,16,8,0.9315921868941959,0.017079626239626264,0.902182594804834,0.9521515849123429,4096
snapshot_558.xyz,558,32,1,0.9331402212191855,0.0,0.9331402212191855,0.9331402212191855,32768
snapshot_559.xyz,559,8,64,0.9485029602171651,0.04694270195740781,0.8163948542456927,1.0614848484848483,512
snapshot_559.xyz,559,16,8,0.9378154311044411,0.014265738026291287,0.9092730733848858,0.955154844071839,4096
snapshot_559.xyz,559,32,1,0.930002963841138,0.0,0.930002963841138,0.930002963841138,32768
snapshot_560.xyz,560,8,64,0.9386867181758246,0.04581720643585984,0.8026280895300733,1.0401074877702967,512
snapshot_560.xyz,560,16,8,0.9375956254532216,0.018258065983146044,0.9000265627766957,0.9559520317180931,4096
snapshot_560.xyz,560,32,1,0.9425594437637589,0.0,0.9425594437637589,0.9425594437637589,32768
snapshot_561.xyz,561,8,64,0.9390929025718686,0.04101687643894438,0.8541076104856781,1.0205530303030304,512
snapshot_561.xyz,561,16,8,0.9482178150183582,0.014753207779648196,0.9318345467637411,0.9705586966225264,4096
snapshot_561.xyz,561,32,1,0.9446403490422257,0.0,0.9446403490422257,0.9446403490422257,32768
snapshot_562.xyz,562,8,64,0.9436051485162227,0.044485849681933025,0.8443361214993291,1.0661583568238173,512
snapshot_562.xyz,562,16,8,0.935446533105645,0.012416267599957538,0.9175578506994377,0.9536992263056092,4096
snapshot_562.xyz,562,32,1,0.9396482366915881,0.0,0.9396482366915881,0.9396482366915881,32768
snapshot_563.xyz,563,8,64,0.939406521789905,0.035111155600082,0.8509852978575699,1.0401074877702967,512
snapshot_563.xyz,563,16,8,0.9481370381381404,0.014469680282054117,0.9265077873739747,0.9755718570447729,4096
snapshot_563.xyz,563,32,1,0.9371124479407682,0.0,0.9371124479407682,0.9371124479407682,32768
snapshot_564.xyz,564,8,64,0.9314131771742645,0.04343442467402524,0.8321041453305748,1.0420411825677995,512
snapshot_564.xyz,564,16,8,0.937022164297681,0.013231862436275905,0.9138078046479562,0.9621336110697812,4096
snapshot_564.xyz,564,32,1,0.9389034281604601,0.0,0.9389034281604601,0.9389034281604601,32768
snapshot_565.xyz,565,8,64,0.9394465335817105,0.03984228373847152,0.8509852978575699,1.0430824667319911,512
snapshot_565.xyz,565,16,8,0.9279119074964193,0.008401632526400481,0.9124694635282081,0.9390689388350039,4096
snapshot_565.xyz,565,32,1,0.9330439274432281,0.0,0.9330439274432281,0.9330439274432281,32768
snapshot_566.xyz,566,8,64,0.9485697206646605,0.04622642642797025,0.8284315785051048,1.0645209722792932,512
snapshot_566.xyz,566,16,8,0.9357229801898714,0.013299337576532077,0.9072482394837604,0.9515108609936196,4096
snapshot_566.xyz,566,32,1,0.9304908889177652,0.0,0.9304908889177652,0.9304908889177652,32768
snapshot_567.xyz,567,8,64,0.9377588967069208,0.043598700090588104,0.798473313355471,1.0420411825677995,512
snapshot_567.xyz,567,16,8,0.9425367560634108,0.011626204296645497,0.9244547531065623,0.9669565853613924,4096
snapshot_567.xyz,567,32,1,0.9329380869011619,0.0,0.9329380869011619,0.9329380869011619,32768
snapshot_568.xyz,568,8,64,0.9524100581343931,0.04461276558911892,0.8640126752119673,1.0629728182676095,512
snapshot_568.xyz,568,16,8,0.9347476509654946,0.014959156322990906,0.9190354147250699,0.9675550197045222,4096
snapshot_568.xyz,568,32,1,0.9454122234601304,0.0,0.9454122234601304,0.9454122234601304,32768
snapshot_569.xyz,569,8,64,0.9390794568955775,0.04713452477324721,0.8509852978575699,1.0430824667319911,512
snapshot_569.xyz,569,16,8,0.9365558179634421,0.015029660210014338,0.9190354147250699,0.9596028389131838,4096
snapshot_569.xyz,569,32,1,0.9298387336283449,0.0,0.9298387336283449,0.9298387336283449,32768
snapshot_570.xyz,570,8,64,0.9371448642240762,0.04005601494638589,0.8321041453305748,1.0210553999907177,512
snapshot_570.xyz,570,16,8,0.9409370582467285,0.014219009843214217,0.9234476664792353,0.9621336110697812,4096
snapshot_570.xyz,570,32,1,0.927283865762185,0.0,0.927283865762185,0.927283865762185,32768
snapshot_571.xyz,571,8,64,0.956825209763263,0.052626619532189924,0.8669733764687759,1.1021893939393939,512
snapshot_571.xyz,571,16,8,0.9387915057342489,0.017942237326979277,0.9124694635282081,0.9714884544501862,4096
snapshot_571.xyz,571,32,1,0.9303198459339262,0.0,0.9303198459339262,0.9303198459339262,32768
snapshot_572.xyz,572,8,64,0.9410590640453392,0.04593001201785486,0.8321041453305748,1.0903503989691232,512
snapshot_572.xyz,572,16,8,0.9358622313578355,0.007799789252149057,0.9208085173667844,0.9431448057440032,4096
snapshot_572.xyz,572,32,1,0.9398704838452968,0.0,0.9398704838452968,0.9398704838452968,32768
snapshot_573.xyz,573,8,64,0.9471283564303294,0.04605200659734347,0.8131542590848791,1.0392012749328694,512
snapshot_573.xyz,573,16,8,0.9400531597164468,0.016561557611982573,0.9100928703067972,0.9592472807429624,4096
snapshot_573.xyz,573,32,1,0.9429521770421374,0.0,0.9429521770421374,0.9429521770421374,32768
snapshot_574.xyz,574,8,64,0.9341632289276867,0.042880245874166056,0.8284315785051048,1.0410530303030303,512
snapshot_574.xyz,574,16,8,0.9421984597161073,0.013708903838684602,0.9237805691121956,0.96265038111856,4096
snapshot_574.xyz,574,32,1,0.9305830909558576,0.0,0.9305830909558576,0.9305830909558576,32768
snapshot_575.xyz,575,8,64,0.9406564689135005,0.04860701871824023,0.8321041453305748,1.0629728182676095,512
snapshot_575.xyz,575,16,8,0.9432840865568792,0.01763779329296036,0.9164645600543262,0.9669565853613924,4096
snapshot_575.xyz,575,32,1,0.9409041623155006,0.0,0.9409041623155006,0.9409041623155006,32768
snapshot_576.xyz,576,8,64,0.9397725620994809,0.045891431687216114,0.8477374900214277,1.0661583568238173,512
snapshot_576.xyz,576,16,8,0.9350129084707379,0.011950924367319581,0.9134173110728566,0.9543300578565524,4096
snapshot_576.xyz,576,32,1,0.9433930592494758,0.0,0.9433930592494758,0.9433930592494758,32768
snapshot_577.xyz,577,8,64,0.9390698344051116,0.03975424241346708,0.840786208602886,1.0210553999907177,512
snapshot_577.xyz,577,16,8,0.9339517321470444,0.010245555940378374,0.914586744884922,0.947697717799734,4096
snapshot_577.xyz,577,32,1,0.9357114435779086,0.0,0.9357114435779086,0.9357114435779086,32768
snapshot_578.xyz,578,8,64,0.9464323371456796,0.04357674465590376,0.8477374900214277,1.0629728182676095,512
snapshot_578.xyz,578,16,8,0.9361262733920923,0.01388437731390081,0.9120860633964938,0.9553634089723056,4096
snapshot_578.xyz,578,32,1,0.9331928941055176,0.0,0.9331928941055176,0.9331928941055176,32768
snapshot_579.xyz,579,8,64,0.9410761634895211,0.03953605195753574,0.8356213385167788,1.0645209722792932,512
snapshot_579.xyz,579,16,8,0.942542080997937,0.01913959338282513,0.9088705001844727,0.9710995875289233,4096
snapshot_579.xyz,579,32,1,0.9342819884927034,0.0,0.9342819884927034,0.9342819884927034,32768
snapshot_580.xyz,580,8,64,0.9415302517889297,0.03701994510358158,0.8669733764687759,1.0818636363636362,512
snapshot_580.xyz,580,16,8,0.9348848326676884,0.013284181270816101,0.9088705001844727,0.9515108609936196,4096
snapshot_580.xyz,580,32,1,0.9335903300863667,0.0,0.9335903300863667,0.9335903300863667,32768
snapshot_581.xyz,581,8,64,0.9543302845498572,0.03856561498544689,0.8698114634096048,1.0221227859040942,512
snapshot_581.xyz,581,16,8,0.9428348834340369,0.018964962773669096,0.9068212775109328,0.9669565853613924,4096
snapshot_581.xyz,581,32,1,0.9345738247714971,0.0,0.9345738247714971,0.9345738247714971,32768
snapshot_582.xyz,582,8,64,0.9435530366687843,0.04127736435427751,0.8443361214993291,1.0441728791929505,512
snapshot_582.xyz,582,16,8,0.9233017421396625,0.019903555810402093,0.8884459691857234,0.9629933236786258,4096
snapshot_582.xyz,582,32,1,0.9388542926541587,0.0,0.9388542926541587,0.9388542926541587,32768
snapshot_583.xyz,583,8,64,0.9433350449294566,0.04897668154300531,0.8284315785051048,1.0818636363636362,512
snapshot_583.xyz,583,16,8,0.928449593878974,0.01901317781313169,0.8982202947580572,0.954121672092144,4096
snapshot_583.xyz,583,32,1,0.9399658275882621,0.0,0.9399658275882621,0.9399658275882621,32768
snapshot_584.xyz,584,8,64,0.9387375622210425,0.04287335990516801,0.8477374900214277,1.0392012749328694,512
snapshot_584.xyz,584,16,8,0.9299717704323869,0.020299864524120286,0.8977586456112456,0.9584902194875563,4096
snapshot_584.xyz,584,32,1,0.9349758107865974,0.0,0.9349758107865974,0.9349758107865974,32768
snapshot_585.xyz,585,8,64,0.9460724054873845,0.04513754686071011,0.8321041453305748,1.0420411825677995,512
snapshot_585.xyz,585,16,8,0.9282285185581727,0.010131851435510163,0.9120860633964938,0.9441561891269701,4096
snapshot_585.xyz,585,32,1,0.9243176620830981,0.0,0.9243176620830981,0.9243176620830981,32768
snapshot_586.xyz,586,8,64,0.9439906365093812,0.039679060722467456,0.8541076104856781,1.0629728182676095,512
snapshot_586.xyz,586,16,8,0.935614595993065,0.013093447304008311,0.9179260173073783,0.9553634089723056,4096
snapshot_586.xyz,586,32,1,0.9364047827470953,0.0,0.9364047827470953,0.9364047827470953,32768
snapshot_587.xyz,587,8,64,0.9463007675648824,0.04139836827462273,0.8541076104856781,1.0430824667319911,512
snapshot_587.xyz,587,16,8,0.9315883522112616,0.013058991473131403,0.9116907130348205,0.954953647430199,4096
snapshot_587.xyz,587,32,1,0.931864517599041,0.0,0.931864517599041,0.931864517599041,32768
snapshot_588.xyz,588,8,64,0.9419639466075573,0.038995324398006084,0.8356213385167788,1.0210553999907177,512
snapshot_588.xyz,588,16,8,0.9383612573166884,0.016370763841563517,0.9153524156335626,0.9668105427495637,4096
snapshot_588.xyz,588,32,1,0.9280355969658961,0.0,0.9280355969658961,0.9280355969658961,32768
snapshot_589.xyz,589,8,64,0.9375017065395433,0.04446654237810685,0.8477374900214277,1.0401074877702967,512
snapshot_589.xyz,589,16,8,0.9471347069321248,0.013662272871362542,0.9244547531065623,0.9672629306434934,4096
snapshot_589.xyz,589,32,1,0.9331928941055176,0.0,0.9331928941055176,0.9331928941055176,32768
snapshot_590.xyz,590,8,64,0.94501218110873,0.04204252342902306,0.8477374900214277,1.0210553999907177,512
snapshot_590.xyz,590,16,8,0.9417961797099579,0.009398173008335382,0.9248056511033853,0.9588764106347515,4096
snapshot_590.xyz,590,32,1,0.9391377491090803,0.0,0.9391377491090803,0.9391377491090803,32768
snapshot_591.xyz,591,8,64,0.9420416800258578,0.04749363624811778,0.8090696469336023,1.0574381226983356,512
snapshot_591.xyz,591,16,8,0.9385791061850244,0.01564420125465453,0.9120860633964938,0.96316285989006,4096
snapshot_591.xyz,591,32,1,0.9300483759502418,0.0,0.9300483759502418,0.9300483759502418,32768
snapshot_592.xyz,592,8,64,0.9471305317991044,0.04112944465291007,0.8640126752119673,1.0645209722792932,512
snapshot_592.xyz,592,16,8,0.9372275898366862,0.013469111401626228,0.9153524156335626,0.954953647430199,4096
snapshot_592.xyz,592,32,1,0.9235174574221305,0.0,0.9235174574221305,0.9235174574221305,32768
snapshot_593.xyz,593,8,64,0.947037186599818,0.043810870766255575,0.8669733764687759,1.0600758649870465,512
snapshot_593.xyz,593,16,8,0.9481003242758995,0.0069851756169279945,0.9367083047839914,0.9553634089723056,4096
snapshot_593.xyz,593,32,1,0.9402476934917985,0.0,0.9402476934917985,0.9402476934917985,32768
snapshot_594.xyz,594,8,64,0.9455341591729889,0.04948981505143388,0.8284315785051048,1.0600758649870465,512
snapshot_594.xyz,594,16,8,0.9388244247465064,0.011907890825959274,0.9234476664792353,0.9668105427495637,4096
snapshot_594.xyz,594,32,1,0.9419485118573929,0.0,0.9419485118573929,0.9419485118573929,32768
snapshot_595.xyz,595,8,64,0.940333479651238,0.04755657850370723,0.8477374900214277,1.0859041628472992,512
snapshot_595.xyz,595,16,8,0.9382928790929016,0.013515925867482079,0.9214973634897808,0.9586797267264796,4096
snapshot_595.xyz,595,32,1,0.9391771446761101,0.0,0.9391771446761101,0.9391771446761101,32768
snapshot_596.xyz,596,8,64,0.9441316190884391,0.04501268573166897,0.8570992892754854,1.0420411825677995,512
snapshot_596.xyz,596,16,8,0.9335005686915335,0.009065102903321118,0.9220533009197946,0.9515108609936196,4096
snapshot_596.xyz,596,32,1,0.9322447477319751,0.0,0.9322447477319751,0.9322447477319751,32768
snapshot_597.xyz,597,8,64,0.9415332877617633,0.046640477308383214,0.8443361214993291,1.0838348365537833,512
snapshot_597.xyz,597,16,8,0.9408155516393254,0.009149534449913885,0.9309172050170053,0.9581064562729192,4096
snapshot_597.xyz,597,32,1,0.9364553614918933,0.0,0.9364553614918933,0.9364553614918933,32768
snapshot_598.xyz,598,8,64,0.9376958353281809,0.04505724206933319,0.8246024722372892,1.0430824667319911,512
snapshot_598.xyz,598,16,8,0.9416464689231261,0.015293881145354973,0.914586744884922,0.963825742362171,4096
snapshot_598.xyz,598,32,1,0.9338838551063703,0.0,0.9338838551063703,0.9338838551063703,32768
snapshot_599.xyz,599,8,64,0.9414791066047905,0.048623535279678685,0.8246024722372892,1.0799922798839015,512
snapshot_599.xyz,599,16,8,0.944287665456095,0.01966715493921205,0.9120860633964938,0.9671193449371989,4096
snapshot_599.xyz,599,32,1,0.9395509930729785,0.0,0.9395509930729785,0.9395509930729785,32768
snapshot_600.xyz,600,8,64,0.9521631024925008,0.048728775715694415,0.8509852978575699,1.1021893939393939,512
snapshot_600.xyz,600,16,8,0.9411301645629917,0.019143672587499043,0.9064080185708372,0.9748860984553839,4096
snapshot_600.xyz,600,32,1,0.9413863961245235,0.0,0.9413863961245235,0.9413863961245235,32768
snapshot_601.xyz,601,8,64,0.9504811482630954,0.04599586029568082,0.8509852978575699,1.0614848484848483,512
snapshot_601.xyz,601,16,8,0.9392702761502099,0.011945611163387737,0.9237805691121956,0.9590537181836324,4096
snapshot_601.xyz,601,32,1,0.9336839070747637,0.0,0.9336839070747637,0.9336839070747637,32768
snapshot_602.xyz,602,8,64,0.9463574078332622,0.03984602552509741,0.8477374900214277,1.0210553999907177,512
snapshot_602.xyz,602,16,8,0.9342906818052334,0.013475988264755536,0.910492882978532,0.9515108609936196,4096
snapshot_602.xyz,602,32,1,0.9458192977019881,0.0,0.9458192977019881,0.9458192977019881,32768
snapshot_603.xyz,603,8,64,0.9423803796006531,0.04261438239512831,0.8609071525771544,1.0629728182676095,512
snapshot_603.xyz,603,16,8,0.9347745105042711,0.013994640313022139,0.9116907130348205,0.9517319552663758,4096
snapshot_603.xyz,603,32,1,0.9298935517698501,0.0,0.9298935517698501,0.9298935517698501,32768
snapshot_604.xyz,604,8,64,0.9441412975487595,0.042096028476760305,0.8321041453305748,1.0210553999907177,512
snapshot_604.xyz,604,16,8,0.9359487394755173,0.018802542878209937,0.9072482394837604,0.9594302783826096,4096
snapshot_604.xyz,604,32,1,0.9381154149312017,0.0,0.9381154149312017,0.9381154149312017,32768
snapshot_605.xyz,605,8,64,0.9440616518779066,0.04832743464533023,0.8443361214993291,1.0600758649870465,512
snapshot_605.xyz,605,16,8,0.942752633074979,0.015636295979600548,0.919753580286423,0.9712362579810732,4096
snapshot_605.xyz,605,32,1,0.9399176913824467,0.0,0.9399176913824467,0.9399176913824467,32768
snapshot_606.xyz,606,8,64,0.9415273085020219,0.04740904924596121,0.8321041453305748,1.0629728182676095,512
snapshot_606.xyz,606,16,8,0.9283276882747155,0.018442890115495866,0.9080662298565609,0.9581064562729192,4096
snapshot_606.xyz,606,32,1,0.9294242369945648,0.0,0.9294242369945648,0.9294242369945648,32768
snapshot_607.xyz,607,8,64,0.9479539266008981,0.04670746445773648,0.8570992892754854,1.0838348365537833,512
snapshot_607.xyz,607,16,8,0.9369878816243202,0.009396972312764915,0.9237805691121956,0.9586797267264796,4096
snapshot_607.xyz,607,32,1,0.9315514085627884,0.0,0.9315514085627884,0.9315514085627884,32768
snapshot_608.xyz,608,8,64,0.9483885768624796,0.03863263041365103,0.8443361214993291,1.0205530303030304,512
snapshot_608.xyz,608,16,8,0.9353368331170067,0.011273667623202624,0.9186716092926166,0.9557572674288876,4096
snapshot_608.xyz,608,32,1,0.9329910434704811,0.0,0.9329910434704811,0.9329910434704811,32768
snapshot_609.xyz,609,8,64,0.9485197234259857,0.044301689593759706,0.8509852978575699,1.0629728182676095,512
snapshot_609.xyz,609,16,8,0.9331162776478494,0.01958363108357294,0.905299815377077,0.9708315274025028,4096
snapshot_609.xyz,609,32,1,0.94325274681489,0.0,0.94325274681489,0.94325274681489,32768
snapshot_610.xyz,610,8,64,0.9327003288993528,0.04447913595834609,0.8170810723252613,1.0420411825677995,512
snapshot_610.xyz,610,16,8,0.9420301291177046,0.010033108000304,0.920108021958562,0.9499442082645544,4096
snapshot_610.xyz,610,32,1,0.9323955686149936,0.0,0.9323955686149936,0.9323955686149936,32768
snapshot_611.xyz,611,8,64,0.9501815034367489,0.04602536160557303,0.8640126752119673,1.0838348365537833,512
snapshot_611.xyz,611,16,8,0.9356462543496122,0.010679518142575678,0.9175578506994377,0.9532602477657011,4096
snapshot_611.xyz,611,32,1,0.9351210935171755,0.0,0.9351210935171755,0.9351210935171755,32768
snapshot_612.xyz,612,8,64,0.9344166700608758,0.044807170057763746,0.8090696469336023,1.0205530303030304,512
snapshot_612.xyz,612,16,8,0.9387081602944782,0.003495466283300544,0.9324361269611691,0.9441561891269701,4096
snapshot_612.xyz,612,32,1,0.9304835402157653,0.0,0.9304835402157653,0.9304835402157653,32768
snapshot_613.xyz,613,8,64,0.9441889046596925,0.04473659916381252,0.8131542590848791,1.0614848484848483,512
snapshot_613.xyz,613,16,8,0.9329793070193102,0.015603563328163091,0.9120860633964938,0.9590537181836324,4096
snapshot_613.xyz,613,32,1,0.9400515847428202,0.0,0.9400515847428202,0.9400515847428202,32768
snapshot_614.xyz,614,8,64,0.9459509480712058,0.045766572686191054,0.8170810723252613,1.0430824667319911,512
snapshot_614.xyz,614,16,8,0.9263623255862572,0.017668376532302944,0.8905181375008961,0.9486111843145523,4096
snapshot_614.xyz,614,32,1,0.9402476934917985,0.0,0.9402476934917985,0.9402476934917985,32768
snapshot_615.xyz,615,8,64,0.930255763962416,0.048166468516613624,0.8205852174735662,1.0629728182676095,512
snapshot_615.xyz,615,16,8,0.9391834411773095,0.018691143339180462,0.914586744884922,0.9596028389131838,4096
snapshot_615.xyz,615,32,1,0.9310659193492385,0.0,0.9310659193492385,0.9310659193492385,32768
snapshot_616.xyz,616,8,64,0.928076549527469,0.03913690608549397,0.8170810723252613,1.0,512
snapshot_616.xyz,616,16,8,0.9381589366516212,0.016474528953343816,0.9116907130348205,0.9628227288940104,4096
snapshot_616.xyz,616,32,1,0.9372767257520658,0.0,0.9372767257520658,0.9372767257520658,32768
snapshot_617.xyz,617,8,64,0.9327698312138297,0.043910009542353384,0.8321041453305748,1.0205530303030304,512
snapshot_617.xyz,617,16,8,0.9344027052606071,0.012662803197584182,0.9072482394837604,0.954953647430199,4096
snapshot_617.xyz,617,32,1,0.9424302013355825,0.0,0.9424302013355825,0.9424302013355825,32768
snapshot_618.xyz,618,8,64,0.9441027897682128,0.04377718423297648,0.7941493858642233,1.0410530303030303,512
snapshot_618.xyz,618,16,8,0.9408624293477291,0.011072006488418946,0.9183048458786544,0.9592472807429624,4096
snapshot_618.xyz,618,32,1,0.9432986919906826,0.0,0.9432986919906826,0.9432986919906826,32768
snapshot_619.xyz,619,8,64,0.9465275809830547,0.0430192745551743,0.8570992892754854,1.0441728791929505,512
snapshot_619.xyz,619,16,8,0.9443610368965032,0.020047049776055183,0.9153524156335626,0.9795540719507991,4096
snapshot_619.xyz,619,32,1,0.9358134822084914,0.0,0.9358134822084914,0.9358134822084914,32768
snapshot_620.xyz,620,8,64,0.9451999809878293,0.04506192018340073,0.8356213385167788,1.0661583568238173,512
snapshot_620.xyz,620,16,8,0.9323548859711934,0.013741243816161635,0.9080662298565609,0.9586797267264796,4096
snapshot_620.xyz,620,32,1,0.9370572776682792,0.0,0.9370572776682792,0.9370572776682792,32768
snapshot_621.xyz,621,8,64,0.9431472167691275,0.04512756553988118,0.8640126752119673,1.0859041628472992,512
snapshot_621.xyz,621,16,8,0.9468342366530436,0.02229748162941029,0.9234476664792353,0.9916727376681822,4096
snapshot_621.xyz,621,32,1,0.9400985387711401,0.0,0.9400985387711401,0.9400985387711401,32768
snapshot_622.xyz,622,8,64,0.9381929784822824,0.04127438606942199,0.8141239593435521,1.0210553999907177,512
snapshot_622.xyz,622,16,8,0.9359525418041398,0.0153215511365911,0.9124694635282081,0.955154844071839,4096
snapshot_622.xyz,622,32,1,0.9309667613692806,0.0,0.9309667613692806,0.9309667613692806,32768
snapshot_623.xyz,623,8,64,0.9367238025829966,0.04469734017399215,0.8370684343753015,1.0614848484848483,512
snapshot_623.xyz,623,16,8,0.9410194762899364,0.014224948529339868,0.9244547531065623,0.9636533084808948,4096
snapshot_623.xyz,623,32,1,0.9363127434280647,0.0,0.9363127434280647,0.9363127434280647,32768
snapshot_624.xyz,624,8,64,0.9428156347225942,0.042562330429606623,0.8443361214993291,1.0401074877702967,512
snapshot_624.xyz,624,16,8,0.942392376035208,0.010073715908056178,0.9274908292500066,0.9588764106347515,4096
snapshot_624.xyz,624,32,1,0.9365460212833544,0.0,0.9365460212833544,0.9365460212833544,32768
snapshot_625.xyz,625,8,64,0.9415816839417452,0.04085694531871292,0.8284315785051048,1.0410530303030303,512
snapshot_625.xyz,625,16,8,0.9259225307958743,0.014982962476417843,0.9036189561831613,0.9506243681176053,4096
snapshot_625.xyz,625,32,1,0.9430797506792392,0.0,0.9430797506792392,0.9430797506792392,32768
snapshot_626.xyz,626,8,64,0.9398630772521211,0.04185281161125685,0.8640126752119673,1.0430824667319911,512
snapshot_626.xyz,626,16,8,0.9329117411052119,0.017378808264792378,0.910898630726217,0.9629933236786258,4096
snapshot_626.xyz,626,32,1,0.9410387199169503,0.0,0.9410387199169503,0.9410387199169503,32768
snapshot_627.xyz,627,8,64,0.943924660240758,0.041237867096840145,0.8356213385167788,1.0430824667319911,512
snapshot_627.xyz,627,16,8,0.9355584175499232,0.014005303804149357,0.9055532374231237,0.9510714414772522,4096
snapshot_627.xyz,627,32,1,0.9339778048370011,0.0,0.9339778048370011,0.9339778048370011,32768
snapshot_628.xyz,628,8,64,0.9348352184344291,0.044667315203648736,0.8477374900214277,1.0210553999907177,512
snapshot_628.xyz,628,16,8,0.9363223360626309,0.013948510815649321,0.9179260173073783,0.96316285989006,4096
snapshot_628.xyz,628,32,1,0.9325987744151742,0.0,0.9325987744151742,0.9325987744151742,32768
snapshot_629.xyz,629,8,64,0.9379368990829922,0.04283710641861981,0.8370684343753015,1.0645209722792932,512
snapshot_629.xyz,629,16,8,0.9291514270593544,0.011117842365772,0.9120860633964938,0.9426262223109159,4096
snapshot_629.xyz,629,32,1,0.9299058703746219,0.0,0.9299058703746219,0.9299058703746219,32768
snapshot_630.xyz,630,8,64,0.9389640225449959,0.04598979519148659,0.8477374900214277,1.0903503989691232,512
snapshot_630.xyz,630,16,8,0.9275364660813687,0.011499643680952892,0.910898630726217,0.9467353640173436,4096
snapshot_630.xyz,630,32,1,0.9363127434280647,0.0,0.9363127434280647,0.9363127434280647,32768
snapshot_631.xyz,631,8,64,0.9440443112124238,0.04507448888057491,0.8443361214993291,1.0420411825677995,512
snapshot_631.xyz,631,16,8,0.9347637600891636,0.015142257847165129,0.910492882978532,0.9588764106347515,4096
snapshot_631.xyz,631,32,1,0.9356696330804912,0.0,0.9356696330804912,0.9356696330804912,32768
snapshot_632.xyz,632,8,64,0.9379793950856802,0.04159289784922748,0.8640126752119673,1.019626107015769,512
snapshot_632.xyz,632,16,8,0.93809027648986,0.016298657275854646,0.9065224159402242,0.9553634089723056,4096
snapshot_632.xyz,632,32,1,0.9361185472271056,0.0,0.9361185472271056,0.9361185472271056,32768
snapshot_633.xyz,633,8,64,0.9296327068057024,0.04650629615486043,0.8244545353859786,1.0818636363636362,512
snapshot_633.xyz,633,16,8,0.9436903020251248,0.013075288450966683,0.9124694635282081,0.9590537181836324,4096
snapshot_633.xyz,633,32,1,0.9360064590907741,0.0,0.9360064590907741,0.9360064590907741,32768
snapshot_634.xyz,634,8,64,0.9567822722010512,0.04097196876209557,0.8698114634096048,1.0614848484848483,512
snapshot_634.xyz,634,16,8,0.9408208707217585,0.015287561884948864,0.9044704512783426,0.954953647430199,4096
snapshot_634.xyz,634,32,1,0.934872408293461,0.0,0.934872408293461,0.934872408293461,32768
snapshot_635.xyz,635,8,64,0.9402783894044837,0.040431392166758826,0.8321041453305748,1.0210553999907177,512
snapshot_635.xyz,635,16,8,0.9440677323586699,0.018794335957564044,0.90968052103554,0.9678510545246829,4096
snapshot_635.xyz,635,32,1,0.9426048696967887,0.0,0.9426048696967887,0.9426048696967887,32768
snapshot_636.xyz,636,8,64,0.9368532082803688,0.05308251552424516,0.8066100734235438,1.1253964324943146,512
snapshot_636.xyz,636,16,8,0.933248228133792,0.014333427180004188,0.9141943410544575,0.9557572674288876,4096
snapshot_636.xyz,636,32,1,0.9339763901522344,0.0,0.9339763901522344,0.9339763901522344,32768
snapshot_637.xyz,637,8,64,0.9525948990337273,0.04409820519078283,0.8609071525771544,1.0410530303030303,512
snapshot_637.xyz,637,16,8,0.9498059639334617,0.01349271725542682,0.9299760453953421,0.9713539304439324,4096
snapshot_637.xyz,637,32,1,0.9383462918660286,0.0,0.9383462918660286,0.9383462918660286,32768
snapshot_638.xyz,638,8,64,0.9415821740674224,0.038739072490906974,0.8131542590848791,1.0200871482336524,512
snapshot_638.xyz,638,16,8,0.9348205926506129,0.014344873058218023,0.9157265914606503,0.9547503893761784,4096
snapshot_638.xyz,638,32,1,0.9293143647500494,0.0,0.9293143647500494,0.9293143647500494,32768
snapshot_639.xyz,639,8,64,0.9327145335317135,0.036457252933103215,0.8477374900214277,1.0,512
snapshot_639.xyz,639,16,8,0.9350419494569802,0.016951976348898605,0.9116907130348205,0.9669565853613924,4096
snapshot_639.xyz,639,32,1,0.9334828548644337,0.0,0.9334828548644337,0.9334828548644337,32768
snapshot_640.xyz,640,8,64,0.9482409970119605,0.04109257461194722,0.8321041453305748,1.0210553999907177,512
snapshot_640.xyz,640,16,8,0.9330744024149363,0.016502059060255564,0.9113003275586615,0.96265038111856,4096
snapshot_640.xyz,640,32,1,0.9364553614918933,0.0,0.9364553614918933,0.9364553614918933,32768
snapshot_641.xyz,641,8,64,0.9526137376057338,0.05017172893073714,0.8576752058079028,1.0661583568238173,512
snapshot_641.xyz,641,16,8,0.9394829839465344,0.012934475837661573,0.919753580286423,0.9624765997473235,4096
snapshot_641.xyz,641,32,1,0.9277599089020296,0.0,0.9277599089020296,0.9277599089020296,32768
snapshot_642.xyz,642,8,64,0.9422375257148696,0.04098313008791,0.8443361214993291,1.0205530303030304,512
snapshot_642.xyz,642,16,8,0.939909937520651,0.007523113528327413,0.9302897262386385,0.954953647430199,4096
snapshot_642.xyz,642,32,1,0.9376515151515151,0.0,0.9376515151515151,0.9376515151515151,32768
snapshot_643.xyz,643,8,64,0.9488485220588447,0.04394374282528343,0.8443361214993291,1.0392012749328694,512
snapshot_643.xyz,643,16,8,0.9392381128916041,0.01777687952068903,0.9128498392452432,0.96316285989006,4096
snapshot_643.xyz,643,32,1,0.9285144733978353,0.0,0.9285144733978353,0.9285144733978353,32768
snapshot_644.xyz,644,8,64,0.9397613551178312,0.04379185132047072,0.8356213385167788,1.0210553999907177,512
snapshot_644.xyz,644,16,8,0.9385661632782849,0.011378594736779555,0.9227564737003112,0.9515108609936196,4096
snapshot_644.xyz,644,32,1,0.9371972662070609,0.0,0.9371972662070609,0.9371972662070609,32768
snapshot_645.xyz,645,8,64,0.9521646413638276,0.03851738353068679,0.8640126752119673,1.0600758649870465,512
snapshot_645.xyz,645,16,8,0.9366888269584421,0.009509934672299242,0.9194045037084639,0.9510714414772522,4096
snapshot_645.xyz,645,32,1,0.9376109725685785,0.0,0.9376109725685785,0.9376109725685785,32768
snapshot_646.xyz,646,8,64,0.9400419238913048,0.034995631532100856,0.8477374900214277,1.0430824667319911,512
snapshot_646.xyz,646,16,8,0.9380095486959541,0.019478346809022357,0.9064080185708372,0.9668105427495637,4096
snapshot_646.xyz,646,32,1,0.9406804414488112,0.0,0.9406804414488112,0.9406804414488112,32768
snapshot_647.xyz,647,8,64,0.9389749555001383,0.042316998398600494,0.8389996817651426,1.0600758649870465,512
snapshot_647.xyz,647,16,8,0.9337945819197798,0.012229030312116964,0.9157265914606503,0.9510714414772522,4096
snapshot_647.xyz,647,32,1,0.9486868767530768,0.0,0.9486868767530768,0.9486868767530768,32768
snapshot_648.xyz,648,8,64,0.9340284533108412,0.04324112078165556,0.8509852978575699,1.0401074877702967,512
snapshot_648.xyz,648,16,8,0.9419677559216039,0.021518612420642402,0.9036189561831613,0.9674050518555993,4096
snapshot_648.xyz,648,32,1,0.9305287438250521,0.0,0.9305287438250521,0.9305287438250521,32768
snapshot_649.xyz,649,8,64,0.9458593102902642,0.05114997389789048,0.8509852978575699,1.0903503989691232,512
snapshot_649.xyz,649,16,8,0.9337563060930094,0.01678658563500549,0.9113003275586615,0.9624765997473235,4096
snapshot_649.xyz,649,32,1,0.9429521770421374,0.0,0.9429521770421374,0.9429521770421374,32768
snapshot_650.xyz,650,8,64,0.9455615331988405,0.04756542834756422,0.8246024722372892,1.0661583568238173,512
snapshot_650.xyz,650,16,8,0.9414676713630524,0.015743688106894235,0.907654834608991,0.9633306833375493,4096
snapshot_650.xyz,650,32,1,0.9294242369945648,0.0,0.9294242369945648,0.9294242369945648,32768
snapshot_651.xyz,651,8,64,0.939430878655334,0.036596918325788125,0.840786208602886,1.0210553999907177,512
snapshot_651.xyz,651,16,8,0.9388694669837807,0.00935309415737687,0.9227564737003112,0.9494773843178098,4096
snapshot_651.xyz,651,32,1,0.9246016633944691,0.0,0.9246016633944691,0.9246016633944691,32768
snapshot_652.xyz,652,8,64,0.9421869855066187,0.03977944025960869,0.8131542590848791,1.0430824667319911,512
snapshot_652.xyz,652,16,8,0.9332882408313761,0.01778724311201435,0.9009030376499938,0.9597915048955293,4096
snapshot_652.xyz,652,32,1,0.9329910434704811,0.0,0.9329910434704811,0.9329910434704811,32768
snapshot_653.xyz,653,8,64,0.940158328755076,0.04512942793039524,0.8477374900214277,1.0629728182676095,512
snapshot_653.xyz,653,16,8,0.9388154993832061,0.006397166138768403,0.926841338108006,0.947697717799734,4096
snapshot_653.xyz,653,32,1,0.937098121916282,0.0,0.937098121916282,0.937098121916282,32768
snapshot_654.xyz,654,8,64,0.9362782080029564,0.03860182921840613,0.8541076104856781,1.019626107015769,512
snapshot_654.xyz,654,16,8,0.9355267536478529,0.014259833409597675,0.9149670227256435,0.9628227288940104,4096
snapshot_654.xyz,654,32,1,0.9356184442518602,0.0,0.9356184442518602,0.9356184442518602,32768
snapshot_655.xyz,655,8,64,0.9525175096322009,0.04774450835168831,0.8477374900214277,1.1099273881543346,512
snapshot_655.xyz,655,16,8,0.9375173525596074,0.01631666913779286,0.914586744884922,0.9624765997473235,4096
snapshot_655.xyz,655,32,1,0.9352647857723495,0.0,0.9352647857723495,0.9352647857723495,32768
snapshot_656.xyz,656,8,64,0.9411983011867797,0.04804782142024955,0.8609071525771544,1.0614848484848483,512
snapshot_656.xyz,656,16,8,0.9383733763476461,0.013051504459923804,0.9194045037084639,0.9669565853613924,4096
snapshot_656.xyz,656,32,1,0.9279216507177033,0.0,0.9279216507177033,0.9279216507177033,32768
snapshot_657.xyz,657,8,64,0.9491850546707509,0.0498487428938023,0.8669733764687759,1.0859041628472992,512
snapshot_657.xyz,657,16,8,0.9326931388593704,0.01474810366078636,0.9084743670020902,0.9597915048955293,4096
snapshot_657.xyz,657,32,1,0.9399176913824467,0.0,0.9399176913824467,0.9399176913824467,32768
snapshot_658.xyz,658,8,64,0.944199509450899,0.038611015817190994,0.8698114634096048,1.0410530303030303,512
snapshot_658.xyz,658,16,8,0.9403455421647942,0.012041520920792071,0.9211546370103336,0.9596028389131838,4096
snapshot_658.xyz,658,32,1,0.9329380869011619,0.0,0.9329380869011619,0.9329380869011619,32768
snapshot_659.xyz,659,8,64,0.9373946397965127,0.04478041975965236,0.8356213385167788,1.104642707962685,512
snapshot_659.xyz,659,16,8,0.9436443646845954,0.018232541955055633,0.9186716092926166,0.9714884544501862,4096
snapshot_659.xyz,659,32,1,0.9464796565479549,0.0,0.9464796565479549,0.9464796565479549,32768
snapshot_660.xyz,660,8,64,0.9416696261306585,0.04145748210154975,0.8246024722372892,1.0210553999907177,512
snapshot_660.xyz,660,16,8,0.9382139604429536,0.01562212667663325,0.9116907130348205,0.9628227288940104,4096
snapshot_660.xyz,660,32,1,0.9396967581047381,0.0,0.9396967581047381,0.9396967581047381,32768
snapshot_661.xyz,661,8,64,0.9420538421809784,0.04125710513780284,0.8477374900214277,1.0205530303030304,512
snapshot_661.xyz,661,16,8,0.9429647111634909,0.016193905901765365,0.9068212775109328,0.9594302783826096,4096
snapshot_661.xyz,661,32,1,0.9358541137229986,0.0,0.9358541137229986,0.9358541137229986,32768
snapshot_662.xyz,662,8,64,0.9416982065469668,0.045011006802175776,0.8541076104856781,1.0401074877702967,512
snapshot_662.xyz,662,16,8,0.9339783645821438,0.0203937845036826,0.9013361099687629,0.9596028389131838,4096
snapshot_662.xyz,662,32,1,0.9392734388969463,0.0,0.9392734388969463,0.9392734388969463,32768
snapshot_663.xyz,663,8,64,0.9433176310544407,0.04380446611051366,0.8356213385167788,1.0401074877702967,512
snapshot_663.xyz,663,16,8,0.9397589793384764,0.01714519858258499,0.9040463963166283,0.96316285989006,4096
snapshot_663.xyz,663,32,1,0.938952495982272,0.0,0.938952495982272,0.938952495982272,32768
snapshot_664.xyz,664,8,64,0.9431958474191493,0.03991526996917151,0.8284315785051048,1.0205530303030304,512
snapshot_664.xyz,664,16,8,0.9405679501447174,0.012034824890584588,0.919753580286423,0.9633306833375493,4096
snapshot_664.xyz,664,32,1,0.9448075815071623,0.0,0.9448075815071623,0.9448075815071623,32768
snapshot_665.xyz,665,8,64,0.9372872860521613,0.04998196292126281,0.8208404052190517,1.0629728182676095,512
snapshot_665.xyz,665,16,8,0.9444410151603314,0.016458718242969298,0.9190354147250699,0.9717452864004588,4096
snapshot_665.xyz,665,32,1,0.9467979070507719,0.0,0.9467979070507719,0.9467979070507719,32768
snapshot_666.xyz,666,8,64,0.9428467063642998,0.042051582385390904,0.8541076104856781,1.0420411825677995,512
snapshot_666.xyz,666,16,8,0.9396939094090159,0.010085492630131004,0.9231038067244964,0.9547503893761784,4096
snapshot_666.xyz,666,32,1,0.9376109725685785,0.0,0.9376109725685785,0.9376109725685785,32768
snapshot_667.xyz,667,8,64,0.9442660430849286,0.046344592425161785,0.8389996817651426,1.0401074877702967,512
snapshot_667.xyz,667,16,8,0.942079261967575,0.014267762434752494,0.9149670227256435,0.9592472807429624,4096
snapshot_667.xyz,667,32,1,0.9443890962778024,0.0,0.9443890962778024,0.9443890962778024,32768
snapshot_668.xyz,668,8,64,0.9440768773833297,0.038653715214120324,0.8776491436091549,1.0210553999907177,512
snapshot_668.xyz,668,16,8,0.9394757449951447,0.010843271431790745,0.9237805691121956,0.9547503893761784,4096
snapshot_668.xyz,668,32,1,0.9277687030382228,0.0,0.9277687030382228,0.9277687030382228,32768
snapshot_669.xyz,669,8,64,0.9308812784354247,0.0395679895861535,0.8321041453305748,1.0410530303030303,512
snapshot_669.xyz,669,16,8,0.9330226166330244,0.008759265793924909,0.9227564737003112,0.9508445057237713,4096
snapshot_669.xyz,669,32,1,0.9310659193492385,0.0,0.9310659193492385,0.9310659193492385,32768
snapshot_670.xyz,670,8,64,0.9531555530266627,0.04707725420911166,0.8047903165948215,1.0838348365537833,512
snapshot_670.xyz,670,16,8,0.9323415014214695,0.005551626612077097,0.9254455920163855,0.9439066236410024,4096
snapshot_670.xyz,670,32,1,0.9306373639410386,0.0,0.9306373639410386,0.9306373639410386,32768
snapshot_671.xyz,671,8,64,0.9411150743951305,0.041267912186692055,0.8599740704787842,1.0998493092723047,512
snapshot_671.xyz,671,16,8,0.9341608288364068,0.011093971929389502,0.9153524156335626,0.9555613305613306,4096
snapshot_671.xyz,671,32,1,0.9296830514359407,0.0,0.9296830514359407,0.9296830514359407,32768
snapshot_672.xyz,672,8,64,0.9465376776793678,0.03850102611205141,0.8809698804386583,1.0410530303030303,512
snapshot_672.xyz,672,16,8,0.9416595560235297,0.01260119977011859,0.9149670227256435,0.9555613305613306,4096
snapshot_672.xyz,672,32,1,0.936067490978879,0.0,0.936067490978879,0.936067490978879,32768
snapshot_673.xyz,673,8,64,0.9430551316248085,0.04166711712340086,0.8541076104856781,1.0410530303030303,512
snapshot_673.xyz,673,16,8,0.9433831176929066,0.01044374635265402,0.9302897262386385,0.9586797267264796,4096
snapshot_673.xyz,673,32,1,0.9363127434280647,0.0,0.9363127434280647,0.9363127434280647,32768
snapshot_674.xyz,674,8,64,0.9395703583375703,0.040050570531591285,0.8541076104856781,1.0600758649870465,512
snapshot_674.xyz,674,16,8,0.9331663793559792,0.014574294703869587,0.9194045037084639,0.9669565853613924,4096
snapshot_674.xyz,674,32,1,0.9396967581047381,0.0,0.9396967581047381,0.9396967581047381,32768
snapshot_675.xyz,675,8,64,0.934976409589283,0.03600052195314124,0.8640126752119673,1.0430824667319911,512
snapshot_675.xyz,675,16,8,0.9397391474901311,0.015690048911047298,0.9190354147250699,0.96316285989006,4096
snapshot_675.xyz,675,32,1,0.9345230891324835,0.0,0.9345230891324835,0.9345230891324835,32768
snapshot_676.xyz,676,8,64,0.9546014133304439,0.0505961190783345,0.8669733764687759,1.1317109418539846,512
snapshot_676.xyz,676,16,8,0.9306059263132296,0.0045137092059232735,0.920108021958562,0.9355771547915495,4096
snapshot_676.xyz,676,32,1,0.9252315134761575,0.0,0.9252315134761575,0.9252315134761575,32768
snapshot_677.xyz,677,8,64,0.9415353718988622,0.04580724236989485,0.8389996817651426,1.0629728182676095,512
snapshot_677.xyz,677,16,8,0.9338406901040055,0.012672746252927115,0.9134173110728566,0.954121672092144,4096
snapshot_677.xyz,677,32,1,0.934872408293461,0.0,0.934872408293461,0.934872408293461,32768
snapshot_678.xyz,678,8,64,0.9478296780519742,0.04220469493286357,0.8640126752119673,1.0430824667319911,512
snapshot_678.xyz,678,16,8,0.9404302708909043,0.014351053064426335,0.9186716092926166,0.9592472807429624,4096
snapshot_678.xyz,678,32,1,0.9460279512695613,0.0,0.9460279512695613,0.9460279512695613,32768
snapshot_679.xyz,679,8,64,0.9389492072633046,0.04117889719692681,0.8246024722372892,1.019198378486397,512
snapshot_679.xyz,679,16,8,0.9450164188477089,0.018255333237681484,0.9157265914606503,0.9834920112309199,4096
snapshot_679.xyz,679,32,1,0.9466122975044999,0.0,0.9466122975044999,0.9466122975044999,32768
snapshot_680.xyz,680,8,64,0.9323607901060724,0.042064463120061214,0.840786208602886,1.0210553999907177,512
snapshot_680.xyz,680,16,8,0.9400342262497869,0.01981411294873622,0.9157265914606503,0.9792726604830564,4096
snapshot_680.xyz,680,32,1,0.9426048696967887,0.0,0.9426048696967887,0.9426048696967887,32768
snapshot_681.xyz,681,8,64,0.9473685922075066,0.04156287138455068,0.840786208602886,1.0614848484848483,512
snapshot_681.xyz,681,16,8,0.9469095688664873,0.012624085819146872,0.9284498496326803,0.971621889114826,4096
snapshot_681.xyz,681,32,1,0.9317573533058876,0.0,0.9317573533058876,0.9317573533058876,32768
snapshot_682.xyz,682,8,64,0.9477469253007742,0.04344640976450174,0.8321041453305748,1.0420411825677995,512
snapshot_682.xyz,682,16,8,0.938765343661115,0.011452925332842711,0.9160970426775279,0.954953647430199,4096
snapshot_682.xyz,682,32,1,0.9371972662070609,0.0,0.9371972662070609,0.9371972662070609,32768
snapshot_683.xyz,683,8,64,0.937737373563022,0.043240624794114314,0.8443361214993291,1.0420411825677995,512
snapshot_683.xyz,683,16,8,0.9406449975718402,0.00893220640675409,0.9306092581216349,0.9515108609936196,4096
snapshot_683.xyz,683,32,1,0.9401454286082244,0.0,0.9401454286082244,0.9401454286082244,32768
snapshot_684.xyz,684,8,64,0.9417504371149832,0.037712007249757214,0.8669733764687759,1.0401074877702967,512
snapshot_684.xyz,684,16,8,0.9341509314267649,0.015130954695589373,0.9149670227256435,0.9557572674288876,4096
snapshot_684.xyz,684,32,1,0.9364047827470953,0.0,0.9364047827470953,0.9364047827470953,32768
snapshot_685.xyz,685,8,64,0.9488634873922328,0.04867441758310314,0.8509852978575699,1.0430824667319911,512
snapshot_685.xyz,685,16,8,0.9521888547629439,0.01851757190876876,0.9227564737003112,0.9789837821752714,4096
snapshot_685.xyz,685,32,1,0.9252315134761575,0.0,0.9252315134761575,0.9252315134761575,32768
snapshot_686.xyz,686,8,64,0.9414845188562017,0.046958351163380645,0.8208404052190517,1.0401074877702967,512
snapshot_686.xyz,686,16,8,0.940411402243481,0.0118925279886048,0.9237805691121956,0.9634881502942182,4096
snapshot_686.xyz,686,32,1,0.9375610145636398,0.0,0.9375610145636398,0.9375610145636398,32768
snapshot_687.xyz,687,8,64,0.9493723921965078,0.047783797621977556,0.8389996817651426,1.0645209722792932,512
snapshot_687.xyz,687,16,8,0.9365255546595525,0.014617798071275796,0.920108021958562,0.9671193449371989,4096
snapshot_687.xyz,687,32,1,0.9354737924356913,0.0,0.9354737924356913,0.9354737924356913,32768
snapshot_688.xyz,688,8,64,0.9388421605219233,0.03616551218740089,0.8669733764687759,1.0215728419255936,512
snapshot_688.xyz,688,16,8,0.9346698623779985,0.01773743156186889,0.9088705001844727,0.96316285989006,4096
snapshot_688.xyz,688,32,1,0.9336314260703484,0.0,0.9336314260703484,0.9336314260703484,32768
snapshot_689.xyz,689,8,64,0.9362073034161351,0.042841241670299506,0.840786208602886,1.0420411825677995,512
snapshot_689.xyz,689,16,8,0.935540687023805,0.013696727117496227,0.9116907130348205,0.9512875420633063,4096
snapshot_689.xyz,689,32,1,0.9344712912960609,0.0,0.9344712912960609,0.9344712912960609,32768
snapshot_690.xyz,690,8,64,0.9505606528879349,0.04966313675616978,0.8669733764687759,1.0661583568238173,512
snapshot_690.xyz,690,16,8,0.9450665103431737,0.013295927262490473,0.9315339920207781,0.9754540011973658,4096
snapshot_690.xyz,690,32,1,0.931864517599041,0.0,0.931864517599041,0.931864517599041,32768
snapshot_691.xyz,691,8,64,0.9516866871284959,0.04381733534234196,0.8284315785051048,1.0645209722792932,512
snapshot_691.xyz,691,16,8,0.938823119274513,0.01261743454799439,0.914586744884922,0.9597915048955293,4096
snapshot_691.xyz,691,32,1,0.9424768079800498,0.0,0.9424768079800498,0.9424768079800498,32768
snapshot_692.xyz,692,8,64,0.9424968216099452,0.04791260368288832,0.8246024722372892,1.0420411825677995,512
snapshot_692.xyz,692,16,8,0.9456665830506978,0.013427857358136001,0.9306092581216349,0.9629933236786258,4096
snapshot_692.xyz,692,32,1,0.9443890962778024,0.0,0.9443890962778024,0.9443890962778024,32768
snapshot_693.xyz,693,8,64,0.9373788552468554,0.041195843963144255,0.8640126752119673,1.0210553999907177,512
snapshot_693.xyz,693,16,8,0.9383904388750082,0.012158908335295739,0.9227564737003112,0.9594302783826096,4096
snapshot_693.xyz,693,32,1,0.9236204391029418,0.0,0.9236204391029418,0.9236204391029418,32768
snapshot_694.xyz,694,8,64,0.9442074880508774,0.04403791126208898,0.8443361214993291,1.0614848484848483,512
snapshot_694.xyz,694,16,8,0.9437799498984187,0.02284490627394665,0.9138078046479562,0.9834144549545413,4096
snapshot_694.xyz,694,32,1,0.9413024245255822,0.0,0.9413024245255822,0.9413024245255822,32768
snapshot_695.xyz,695,8,64,0.9419837384736506,0.04181907896270145,0.8170810723252613,1.019626107015769,512
snapshot_695.xyz,695,16,8,0.9393979911880995,0.02491622926729229,0.8943169190165302,0.9918602970404365,4096
snapshot_695.xyz,695,32,1,0.9252315134761575,0.0,0.9252315134761575,0.9252315134761575,32768
snapshot_696.xyz,696,8,64,0.9377460254902413,0.04233886997513525,0.8284315785051048,1.0629728182676095,512
snapshot_696.xyz,696,16,8,0.9432659495011959,0.008948777460249373,0.9281299805206304,0.9586797267264796,4096
snapshot_696.xyz,696,32,1,0.9392258218435937,0.0,0.9392258218435937,0.9392258218435937,32768
snapshot_697.xyz,697,8,64,0.9502521990798198,0.04516797265611723,0.8669733764687759,1.0629728182676095,512
snapshot_697.xyz,697,16,8,0.9388594367558152,0.013270505641101988,0.910492882978532,0.9553634089723056,4096
snapshot_697.xyz,697,32,1,0.9349241450756556,0.0,0.9349241450756556,0.9349241450756556,32768
snapshot_698.xyz,698,8,64,0.9483441282289988,0.04158654448107754,0.8509852978575699,1.0629728182676095,512
snapshot_698.xyz,698,16,8,0.9393730268689553,0.018702941934050643,0.9160970426775279,0.975786794752312,4096
snapshot_698.xyz,698,32,1,0.9405253936968684,0.0,0.9405253936968684,0.9405253936968684,32768
snapshot_699.xyz,699,8,64,0.9466390667466502,0.039431280090118925,0.8047903165948215,1.0200871482336524,512
snapshot_699.xyz,699,16,8,0.9500759039849618,0.00975690897448012,0.9385170806044882,0.9674050518555993,4096
snapshot_699.xyz,699,32,1,0.9437759709125779,0.0,0.9437759709125779,0.9437759709125779,32768
snapshot_700.xyz,700,8,64,0.9415468082440336,0.04441892094072253,0.8570992892754854,1.0410530303030303,512
snapshot_700.xyz,700,16,8,0.9356876728489802,0.010709665542566499,0.9157265914606503,0.955154844071839,4096
snapshot_700.xyz,700,32,1,0.9426418510265796,0.0,0.9426418510265796,0.9426418510265796,32768
snapshot_701.xyz,701,8,64,0.9424097565693155,0.043906586645480805,0.8509852978575699,1.0430824667319911,512
snapshot_701.xyz,701,16,8,0.9316042950470292,0.011145216751557586,0.9157265914606503,0.9503937223914177,4096
snapshot_701.xyz,701,32,1,0.9390014962593515,0.0,0.9390014962593515,0.9390014962593515,32768
snapshot_702.xyz,702,8,64,0.9427729879484179,0.04088464412407239,0.8751458576429406,1.0661583568238173,512
snapshot_702.xyz,702,16,8,0.9353520163785003,0.011746492133972313,0.910898630726217,0.9521515849123429,4096
snapshot_702.xyz,702,32,1,0.9443890962778024,0.0,0.9443890962778024,0.9443890962778024,32768
snapshot_703.xyz,703,8,64,0.9454482159354598,0.04419691220609246,0.8609071525771544,1.0420411825677995,512
snapshot_703.xyz,703,16,8,0.9420187684127421,0.007059908893567082,0.934111174868614,0.955154844071839,4096
snapshot_703.xyz,703,32,1,0.9223066421321302,0.0,0.9223066421321302,0.9223066421321302,32768
snapshot_704.xyz,704,8,64,0.9406254948371269,0.03954747825434424,0.8477374900214277,1.0420411825677995,512
snapshot_704.xyz,704,16,8,0.939372241458571,0.011677551651055272,0.9179260173073783,0.9543300578565524,4096
snapshot_704.xyz,704,32,1,0.9383462918660286,0.0,0.9383462918660286,0.9383462918660286,32768
snapshot_705.xyz,705,8,64,0.9386167068498575,0.0398427900135639,0.8443361214993291,1.0215728419255936,512
snapshot_705.xyz,705,16,8,0.9382798956717602,0.007265723093194318,0.9281299805206304,0.9483812362751237,4096
snapshot_705.xyz,705,32,1,0.9360064590907741,0.0,0.9360064590907741,0.9360064590907741,32768
snapshot_706.xyz,706,8,64,0.9485696951232585,0.04445511352328427,0.8443361214993291,1.0629728182676095,512
snapshot_706.xyz,706,16,8,0.9485822122046313,0.01727849093331519,0.926841338108006,0.9714884544501862,4096
snapshot_706.xyz,706,32,1,0.9445164252702608,0.0,0.9445164252702608,0.9445164252702608,32768
snapshot_707.xyz,707,8,64,0.9393610387190274,0.03773820154476555,0.8640126752119673,1.0210553999907177,512
snapshot_707.xyz,707,16,8,0.9321018198933213,0.012370946081071161,0.9186716092926166,0.9590537181836324,4096
snapshot_707.xyz,707,32,1,0.9345230891324835,0.0,0.9345230891324835,0.9345230891324835,32768
snapshot_708.xyz,708,8,64,0.9577303506058467,0.041441110201364824,0.8885757686148094,1.0661583568238173,512
snapshot_708.xyz,708,16,8,0.943579088352605,0.011326181237302807,0.9271632375080652,0.96316285989006,4096
snapshot_708.xyz,708,32,1,0.9455338707115628,0.0,0.9455338707115628,0.9455338707115628,32768
snapshot_709.xyz,709,8,64,0.9406420390010002,0.04645070981381441,0.8321041453305748,1.0838348365537833,512
snapshot_709.xyz,709,16,8,0.945798847442584,0.015938573517950912,0.9237805691121956,0.9834144549545413,4096
snapshot_709.xyz,709,32,1,0.9319621693278723,0.0,0.9319621693278723,0.9319621693278723,32768
snapshot_710.xyz,710,8,64,0.9448037679072845,0.04741043677897493,0.8356213385167788,1.0420411825677995,512
snapshot_710.xyz,710,16,8,0.9377313114817556,0.0145177883844657,0.9149670227256435,0.955154844071839,4096
snapshot_710.xyz,710,32,1,0.9339349930158604,0.0,0.9339349930158604,0.9339349930158604,32768
snapshot_711.xyz,711,8,64,0.9450491217738121,0.044394154417213665,0.8477374900214277,1.0645209722792932,512
snapshot_711.xyz,711,16,8,0.9481511749064453,0.013869540994613334,0.9281299805206304,0.9752334439963053,4096
snapshot_711.xyz,711,32,1,0.9409920888604763,0.0,0.9409920888604763,0.9409920888604763,32768
snapshot_712.xyz,712,8,64,0.944473686227971,0.033258767147341925,0.8477374900214277,1.0,512
snapshot_712.xyz,712,16,8,0.9414848021796409,0.01647533799277668,0.9171909316020195,0.9712362579810732,4096
snapshot_712.xyz,712,32,1,0.9352647857723495,0.0,0.9352647857723495,0.9352647857723495,32768
snapshot_713.xyz,713,8,64,0.9395318432760363,0.04029545613554043,0.8389996817651426,1.022690852620971,512
snapshot_713.xyz,713,16,8,0.9377167470413346,0.016730603931770872,0.9120860633964938,0.9588764106347515,4096
snapshot_713.xyz,713,32,1,0.9308580693936017,0.0,0.9308580693936017,0.9308580693936017,32768
snapshot_714.xyz,714,8,64,0.9474083165919845,0.042927605223970544,0.8509852978575699,1.0420411825677995,512
snapshot_714.xyz,714,16,8,0.9465698701508511,0.014075248735774886,0.9120860633964938,0.9629933236786258,4096
snapshot_714.xyz,714,32,1,0.9390889440078096,0.0,0.9390889440078096,0.9390889440078096,32768
snapshot_715.xyz,715,8,64,0.9453047166823649,0.041255424807973354,0.840786208602886,1.0392012749328694,512
snapshot_715.xyz,715,16,8,0.9388804923869312,0.011385752785137402,0.9164645600543262,0.9510714414772522,4096
snapshot_715.xyz,715,32,1,0.9306373639410386,0.0,0.9306373639410386,0.9306373639410386,32768
snapshot_716.xyz,716,8,64,0.939580858203763,0.03812646690440632,0.8576752058079028,1.0200871482336524,512
snapshot_716.xyz,716,16,8,0.9354856110398044,0.013408378064893813,0.919753580286423,0.96316285989006,4096
snapshot_716.xyz,716,32,1,0.9311740289074031,0.0,0.9311740289074031,0.9311740289074031,32768
snapshot_717.xyz,717,8,64,0.9411742062806597,0.044924032706374815,0.8477374900214277,1.0441728791929505,512
snapshot_717.xyz,717,16,8,0.9398227751515024,0.011436494787366941,0.9194045037084639,0.954953647430199,4096
snapshot_717.xyz,717,32,1,0.9251999721084979,0.0,0.9251999721084979,0.9251999721084979,32768
snapshot_718.xyz,718,8,64,0.9465067834351722,0.0469870825272471,0.8570992892754854,1.0645209722792932,512
snapshot_718.xyz,718,16,8,0.9291906292572454,0.01423116170855383,0.9088512086042747,0.9469790048061287,4096
snapshot_718.xyz,718,32,1,0.9380759438494992,0.0,0.9380759438494992,0.9380759438494992,32768
snapshot_719.xyz,719,8,64,0.9391997649189716,0.04474020941194947,0.8284315785051048,1.0420411825677995,512
snapshot_719.xyz,719,16,8,0.9355822460524281,0.01413946966680131,0.9113003275586615,0.9582991359197337,4096
snapshot_719.xyz,719,32,1,0.9331402212191855,0.0,0.9331402212191855,0.9331402212191855,32768
snapshot_720.xyz,720,8,64,0.9495378326498994,0.041621807134660495,0.8640126752119673,1.0420411825677995,512
snapshot_720.xyz,720,16,8,0.9414103672028635,0.011211227113141996,0.914586744884922,0.9510714414772522,4096
snapshot_720.xyz,720,32,1,0.9332877946402938,0.0,0.9332877946402938,0.9332877946402938,32768
snapshot_721.xyz,721,8,64,0.9426325458886408,0.03440387259010448,0.8640126752119673,1.0215728419255936,512
snapshot_721.xyz,721,16,8,0.9481476876320347,0.01367024292070142,0.9312226682916338,0.9755718570447729,4096
snapshot_721.xyz,721,32,1,0.9345230891324835,0.0,0.9345230891324835,0.9345230891324835,32768
snapshot_722.xyz,722,8,64,0.9352004903016004,0.04468898026328813,0.8321041453305748,1.0410530303030303,512
snapshot_722.xyz,722,16,8,0.934392177130811,0.019693376590769085,0.8969149141762857,0.96316285989006,4096
snapshot_722.xyz,722,32,1,0.9298935517698501,0.0,0.9298935517698501,0.9298935517698501,32768
snapshot_723.xyz,723,8,64,0.9491341346946454,0.04946227487832964,0.7849139284592767,1.0392012749328694,512
snapshot_723.xyz,723,16,8,0.9357557104264015,0.020956793622378903,0.9068212775109328,0.979460975854123,4096
snapshot_723.xyz,723,32,1,0.9320933014354066,0.0,0.9320933014354066,0.9320933014354066,32768
snapshot_724.xyz,724,8,64,0.9460682288176898,0.03919017394221806,0.8640126752119673,1.0210553999907177,512
snapshot_724.xyz,724,16,8,0.931383426813146,0.024160655670628455,0.8884459691857234,0.9677037780486056,4096
snapshot_724.xyz,724,32,1,0.9365048775157451,0.0,0.9365048775157451,0.9365048775157451,32768
snapshot_725.xyz,725,8,64,0.9544703216929309,0.04262317639862044,0.840786208602886,1.0430824667319911,512
snapshot_725.xyz,725,16,8,0.9409424535724937,0.014007065479415506,0.9186716092926166,0.9586797267264796,4096
snapshot_725.xyz,725,32,1,0.9354737924356913,0.0,0.9354737924356913,0.9354737924356913,32768
snapshot_726.xyz,726,8,64,0.9542522374630843,0.03781961855701441,0.8669733764687759,1.0420411825677995,512
snapshot_726.xyz,726,16,8,0.9404379415915084,0.014817896504379976,0.9224063166263144,0.9747712393988989,4096
snapshot_726.xyz,726,32,1,0.9418191786283892,0.0,0.9418191786283892,0.9418191786283892,32768
snapshot_727.xyz,727,8,64,0.9440218418463192,0.04001459856240487,0.8477374900214277,1.0401074877702967,512
snapshot_727.xyz,727,16,8,0.9370127372470475,0.013334479419647962,0.9160970426775279,0.9545367245589487,4096
snapshot_727.xyz,727,32,1,0.9316053162619163,0.0,0.9316053162619163,0.9316053162619163,32768
snapshot_728.xyz,728,8,64,0.9377976574413682,0.04710813124094866,0.7896306877862276,1.0410530303030303,512
snapshot_728.xyz,728,16,8,0.9387882259170083,0.01834595947227151,0.9000265627766957,0.9582991359197337,4096
snapshot_728.xyz,728,32,1,0.9331928941055176,0.0,0.9331928941055176,0.9331928941055176,32768
snapshot_729.xyz,729,8,64,0.9519991075839401,0.04226190960980378,0.8669733764687759,1.0629728182676095,512
snapshot_729.xyz,729,16,8,0.9485789975845079,0.02387694675232318,0.9234476664792353,1.0042032435649457,4096
snapshot_729.xyz,729,32,1,0.9405253936968684,0.0,0.9405253936968684,0.9405253936968684,32768
snapshot_730.xyz,730,8,64,0.9532005225148799,0.038581849292003,0.840786208602886,1.0401074877702967,512
snapshot_730.xyz,730,16,8,0.94444480496207,0.015216606873523577,0.9164645600543262,0.9713539304439324,4096
snapshot_730.xyz,730,32,1,0.9370572776682792,0.0,0.9370572776682792,0.9370572776682792,32768
snapshot_731.xyz,731,8,64,0.945378794344224,0.04732196170936427,0.8170810723252613,1.0645209722792932,512
snapshot_731.xyz,731,16,8,0.9418756944098026,0.01608385291682441,0.9231038067244964,0.9709615208008082,4096
snapshot_731.xyz,731,32,1,0.9229971706139569,0.0,0.9229971706139569,0.9229971706139569,32768
snapshot_732.xyz,732,8,64,0.9390166243156242,0.040195702944087246,0.8170810723252613,1.0410530303030303,512
snapshot_732.xyz,732,16,8,0.9326531413681738,0.010907110161626593,0.9113003275586615,0.9464983468590321,4096
snapshot_732.xyz,732,32,1,0.9401614951968842,0.0,0.9401614951968842,0.9401614951968842,32768
snapshot_733.xyz,733,8,64,0.949781968944486,0.05028154551291505,0.8669733764687759,1.0818636363636362,512
snapshot_733.xyz,733,16,8,0.9325460866748222,0.017555294484171414,0.905299815377077,0.96316285989006,4096
snapshot_733.xyz,733,32,1,0.9397348484848485,0.0,0.9397348484848485,0.9397348484848485,32768
snapshot_734.xyz,734,8,64,0.935158058517145,0.04950923548474969,0.8205852174735662,1.0645209722792932,512
snapshot_734.xyz,734,16,8,0.9403445480985294,0.011194649267104156,0.9204596565804444,0.9596028389131838,4096
snapshot_734.xyz,734,32,1,0.9266077598973245,0.0,0.9266077598973245,0.9266077598973245,32768
snapshot_735.xyz,735,8,64,0.9519763072366125,0.04411709281041474,0.840786208602886,1.0587255037513008,512
snapshot_735.xyz,735,16,8,0.9271339258603304,0.007583061166764802,0.9160970426775279,0.9387941314638817,4096
snapshot_735.xyz,735,32,1,0.9364553614918933,0.0,0.9364553614918933,0.9364553614918933,32768
snapshot_736.xyz,736,8,64,0.9508136438993924,0.042676015427063896,0.8321041453305748,1.0441728791929505,512
snapshot_736.xyz,736,16,8,0.9385956733064936,0.012729621670854367,0.9186716092926166,0.9555613305613306,4096
snapshot_736.xyz,736,32,1,0.9449607678829893,0.0,0.9449607678829893,0.9449607678829893,32768
snapshot_737.xyz,737,8,64,0.9504312107705666,0.04570152047722252,0.8541076104856781,1.0614848484848483,512
snapshot_737.xyz,737,16,8,0.9358434059237933,0.013164478874618302,0.9128498392452432,0.9508445057237713,4096
snapshot_737.xyz,737,32,1,0.9317036610546378,0.0,0.9317036610546378,0.9317036610546378,32768
snapshot_738.xyz,738,8,64,0.947632638204052,0.04243477057699928,0.8669733764687759,1.1072162341562095,512
snapshot_738.xyz,738,16,8,0.9419944331109393,0.01774233346084876,0.9128498392452432,0.9664962773641516,4096
snapshot_738.xyz,738,32,1,0.9328412475470419,0.0,0.9328412475470419,0.9328412475470419,32768
snapshot_739.xyz,739,8,64,0.9436423624938417,0.041738738047093396,0.8321041453305748,1.0210553999907177,512
snapshot_739.xyz,739,16,8,0.9279331776357167,0.010356609653785924,0.9153524156335626,0.9428865681350053,4096
snapshot_739.xyz,739,32,1,0.9305830909558576,0.0,0.9305830909558576,0.9305830909558576,32768
snapshot_740.xyz,740,8,64,0.9445712708846083,0.044359713291010364,0.8131542590848791,1.0645209722792932,512
snapshot_740.xyz,740,16,8,0.9467915348026537,0.01485964017714211,0.9186716092926166,0.9636533084808948,4096
snapshot_740.xyz,740,32,1,0.9398704838452968,0.0,0.9398704838452968,0.9398704838452968,32768
snapshot_741.xyz,741,8,64,0.949243770205868,0.04819413837930134,0.8509852978575699,1.0441728791929505,512
snapshot_741.xyz,741,16,8,0.9373139493483675,0.01854075449280094,0.9164645600543262,0.9672629306434934,4096
snapshot_741.xyz,741,32,1,0.9370572776682792,0.0,0.9370572776682792,0.9370572776682792,32768
snapshot_742.xyz,742,8,64,0.9459365383438147,0.05125944288214484,0.7798115601630626,1.0430824667319911,512
snapshot_742.xyz,742,16,8,0.9447400114307241,0.019888228618295072,0.9027528855115062,0.9671193449371989,4096
snapshot_742.xyz,742,32,1,0.9380276384400341,0.0,0.9380276384400341,0.9380276384400341,32768
snapshot_743.xyz,743,8,64,0.943163566998468,0.03783742229167044,0.8698114634096048,1.0215728419255936,512
snapshot_743.xyz,743,16,8,0.9472776804041505,0.00994809783036099,0.9312226682916338,0.9629933236786258,4096
snapshot_743.xyz,743,32,1,0.9357114435779086,0.0,0.9357114435779086,0.9357114435779086,32768
snapshot_744.xyz,744,8,64,0.9479239578033263,0.04549907101062061,0.8640126752119673,1.0430824667319911,512
snapshot_744.xyz,744,16,8,0.9356537070886555,0.012385066577583955,0.9084743670020902,0.947697717799734,4096
snapshot_744.xyz,744,32,1,0.9281400041750747,0.0,0.9281400041750747,0.9281400041750747,32768
snapshot_745.xyz,745,8,64,0.9402052042332604,0.0414590254254154,0.8640126752119673,1.0420411825677995,512
snapshot_745.xyz,745,16,8,0.9449945017177042,0.015447373936509076,0.9265077873739747,0.9752334439963053,4096
snapshot_745.xyz,745,32,1,0.9368360174392739,0.0,0.9368360174392739,0.9368360174392739,32768
snapshot_746.xyz,746,8,64,0.9407518923760967,0.04065322270173461,0.8541076104856781,1.0645209722792932,512
snapshot_746.xyz,746,16,8,0.9427005033280599,0.021907092982540285,0.8955383097314452,0.9709615208008082,4096
snapshot_746.xyz,746,32,1,0.9457011353790523,0.0,0.9457011353790523,0.9457011353790523,32768
snapshot_747.xyz,747,8,64,0.9398149936961011,0.04017623930592872,0.8321041453305748,1.022690852620971,512
snapshot_747.xyz,747,16,8,0.9341799211504854,0.005474162643600005,0.9265077873739747,0.9396203175623209,4096
snapshot_747.xyz,747,32,1,0.9344712912960609,0.0,0.9344712912960609,0.9344712912960609,32768
snapshot_748.xyz,748,8,64,0.9448190946857715,0.0492020023987799,0.8208404052190517,1.0401074877702967,512
snapshot_748.xyz,748,16,8,0.9355012346475939,0.010040682277256062,0.9204596565804444,0.9545367245589487,4096
snapshot_748.xyz,748,32,1,0.9421239025841971,0.0,0.9421239025841971,0.9421239025841971,32768
snapshot_749.xyz,749,8,64,0.9486575486321398,0.044000517781868316,0.8541076104856781,1.0420411825677995,512
snapshot_749.xyz,749,16,8,0.950501507411617,0.012853384794215592,0.9338034223209958,0.9752334439963053,4096
snapshot_749.xyz,749,32,1,0.9354588684244347,0.0,0.9354588684244347,0.9354588684244347,32768
snapshot_750.xyz,750,8,64,0.9467063906245585,0.04579665719401901,0.8570992892754854,1.0614848484848483,512
snapshot_750.xyz,750,16,8,0.9309227166334259,0.01124765934068757,0.9164645600543262,0.9467353640173436,4096
snapshot_750.xyz,750,32,1,0.9376515151515151,0.0,0.9376515151515151,0.9376515151515151,32768
snapshot_751.xyz,751,8,64,0.9452046602134146,0.03884759165015561,0.8698114634096048,1.0420411825677995,512
snapshot_751.xyz,751,16,8,0.9333619565366424,0.01499526291453739,0.9113003275586615,0.9515108609936196,4096
snapshot_751.xyz,751,32,1,0.9391771446761101,0.0,0.9391771446761101,0.9391771446761101,32768
snapshot_752.xyz,752,8,64,0.9443487588104034,0.03986437355030065,0.8698114634096048,1.0410530303030303,512
snapshot_752.xyz,752,16,8,0.9430046842051483,0.016559292421286106,0.9044704512783426,0.9588764106347515,4096
snapshot_752.xyz,752,32,1,0.9310117534942821,0.0,0.9310117534942821,0.9310117534942821,32768
snapshot_753.xyz,753,8,64,0.9526008865415225,0.04263078132261619,0.8698114634096048,1.0420411825677995,512
snapshot_753.xyz,753,16,8,0.9335782863293984,0.015908835620748633,0.910898630726217,0.9675550197045222,4096
snapshot_753.xyz,753,32,1,0.9401614951968842,0.0,0.9401614951968842,0.9401614951968842,32768
snapshot_754.xyz,754,8,64,0.9440684058731494,0.04053590427971763,0.8284315785051048,1.0420411825677995,512
snapshot_754.xyz,754,16,8,0.9438917044368145,0.01088962583265647,0.9299760453953421,0.9671193449371989,4096
snapshot_754.xyz,754,32,1,0.9439015151515151,0.0,0.9439015151515151,0.9439015151515151,32768
snapshot_755.xyz,755,8,64,0.9416748051785202,0.04597998308932332,0.8066100734235438,1.0410530303030303,512
snapshot_755.xyz,755,16,8,0.9492206333869923,0.01388682121438291,0.9241190012395963,0.9710995875289233,4096
snapshot_755.xyz,755,32,1,0.9325550062906788,0.0,0.9325550062906788,0.9325550062906788,32768
snapshot_756.xyz,756,8,64,0.9401931383203763,0.04411175410830907,0.8170810723252613,1.0205530303030304,512
snapshot_756.xyz,756,16,8,0.9382332922675185,0.01954812044772168,0.9017649365930187,0.9668105427495637,4096
snapshot_756.xyz,756,32,1,0.9339778048370011,0.0,0.9339778048370011,0.9339778048370011,32768
snapshot_757.xyz,757,8,64,0.9477789788790201,0.04271020874624405,0.8477374900214277,1.0614848484848483,512
snapshot_757.xyz,757,16,8,0.9405615861911168,0.014136414039174896,0.9183048458786544,0.9671193449371989,4096
snapshot_757.xyz,757,32,1,0.9373366774391815,0.0,0.9373366774391815,0.9373366774391815,32768
snapshot_758.xyz,758,8,64,0.9395858013058775,0.04285852639597016,0.8640126752119673,1.0215728419255936,512
snapshot_758.xyz,758,16,8,0.9386552566599174,0.015292748830586542,0.9138078046479562,0.9677037780486056,4096
snapshot_758.xyz,758,32,1,0.9459501246882792,0.0,0.9459501246882792,0.9459501246882792,32768
snapshot_759.xyz,759,8,64,0.9406003103008131,0.045704006411181955,0.8321041453305748,1.0200871482336524,512
snapshot_759.xyz,759,16,8,0.939667813924193,0.012130499577101255,0.9153524156335626,0.955154844071839,4096
snapshot_759.xyz,759,32,1,0.9424302013355825,0.0,0.9424302013355825,0.9424302013355825,32768
snapshot_760.xyz,760,8,64,0.9476747060062229,0.04047659937348336,0.8509852978575699,1.0383467983670673,512
snapshot_760.xyz,760,16,8,0.9334164647832712,0.016370016216299098,0.9065224159402242,0.9559520317180931,4096
snapshot_760.xyz,760,32,1,0.9439470459910946,0.0,0.9439470459910946,0.9439470459910946,32768
snapshot_761.xyz,761,8,64,0.9482805079015375,0.040549709389307124,0.8509852978575699,1.0401074877702967,512
snapshot_761.xyz,761,16,8,0.9346713014233453,0.013965862524728713,0.9157265914606503,0.955154844071839,4096
snapshot_761.xyz,761,32,1,0.9406105549867292,0.0,0.9406105549867292,0.9406105549867292,32768
snapshot_762.xyz,762,8,64,0.9431673023968941,0.0443320607991884,0.8170810723252613,1.0430824667319911,512
snapshot_762.xyz,762,16,8,0.9235075666513339,0.010864814010466878,0.9113003275586615,0.9431448057440032,4096
snapshot_762.xyz,762,32,1,0.9331402212191855,0.0,0.9331402212191855,0.9331402212191855,32768
snapshot_763.xyz,763,8,64,0.9427869663345676,0.04832121792813096,0.8609071525771544,1.0838348365537833,512
snapshot_763.xyz,763,16,8,0.9348663494727446,0.010448459949909537,0.9113003275586615,0.9462507202238868,4096
snapshot_763.xyz,763,32,1,0.9263886826448081,0.0,0.9263886826448081,0.9263886826448081,32768
snapshot_764.xyz,764,8,64,0.9426775389783273,0.046422200546956914,0.8609071525771544,1.0441728791929505,512
snapshot_764.xyz,764,16,8,0.9329945783679963,0.01735595739444972,0.9014232325248089,0.963825742362171,4096
snapshot_764.xyz,764,32,1,0.9382121778331405,0.0,0.9382121778331405,0.9382121778331405,32768
snapshot_765.xyz,765,8,64,0.9456409198542237,0.039598590229706375,0.8576752058079028,1.0210553999907177,512
snapshot_765.xyz,765,16,8,0.9252005260695677,0.013918366393322699,0.8959978749778644,0.9396203175623209,4096
snapshot_765.xyz,765,32,1,0.9453781679906029,0.0,0.9453781679906029,0.9453781679906029,32768
snapshot_766.xyz,766,8,64,0.949290878716138,0.04053337672080312,0.8443361214993291,1.0614848484848483,512
snapshot_766.xyz,766,16,8,0.9309575436754778,0.008522392708966684,0.919753580286423,0.9434009606423399,4096
snapshot_766.xyz,766,32,1,0.9368652738543236,0.0,0.9368652738543236,0.9368652738543236,32768
snapshot_767.xyz,767,8,64,0.9428019603169215,0.04329217387670206,0.8477374900214277,1.0401074877702967,512
snapshot_767.xyz,767,16,8,0.9405278809852858,0.007618201104969147,0.9261715135792166,0.9553634089723056,4096
snapshot_767.xyz,767,32,1,0.9329380869011619,0.0,0.9329380869011619,0.9329380869011619,32768
snapshot_768.xyz,768,8,64,0.9381913443405702,0.04393448133938578,0.8570992892754854,1.0661583568238173,512
snapshot_768.xyz,768,16,8,0.9324758498516651,0.017856664063742075,0.9018718606584035,0.954953647430199,4096
snapshot_768.xyz,768,32,1,0.9425594437637589,0.0,0.9425594437637589,0.9425594437637589,32768
snapshot_769.xyz,769,8,64,0.9382718923742199,0.03851264104259726,0.8576752058079028,1.0221227859040942,512
snapshot_769.xyz,769,16,8,0.9451639231944634,0.019940753697857493,0.9149670227256435,0.9791772332832284,4096
snapshot_769.xyz,769,32,1,0.9402069754694258,0.0,0.9402069754694258,0.9402069754694258,32768
snapshot_770.xyz,770,8,64,0.9446256818594538,0.046099713410866015,0.8443361214993291,1.0629728182676095,512
snapshot_770.xyz,770,16,8,0.9519311159274568,0.008637643244477631,0.9355771547915495,0.963825742362171,4096
snapshot_770.xyz,770,32,1,0.9334828548644337,0.0,0.9334828548644337,0.9334828548644337,32768
snapshot_771.xyz,771,8,64,0.9413043013220803,0.03855155140725093,0.8321041453305748,1.0205530303030304,512
snapshot_771.xyz,771,16,8,0.9364832848003468,0.012631315528698317,0.9237805691121956,0.9596028389131838,4096
snapshot_771.xyz,771,32,1,0.9342819884927034,0.0,0.9342819884927034,0.9342819884927034,32768
snapshot_772.xyz,772,8,64,0.9408677322453203,0.0418342887286648,0.8570992892754854,1.0410530303030303,512
snapshot_772.xyz,772,16,8,0.927128849170915,0.013829326972423065,0.910048270593138,0.9499442082645544,4096
snapshot_772.xyz,772,32,1,0.9405628282667514,0.0,0.9405628282667514,0.9405628282667514,32768
snapshot_773.xyz,773,8,64,0.9478224715681026,0.04254189691959524,0.8698114634096048,1.0880711418394462,512
snapshot_773.xyz,773,16,8,0.9389805370002087,0.011295607549272023,0.9231038067244964,0.9629933236786258,4096
snapshot_773.xyz,773,32,1,0.9383462918660286,0.0,0.9383462918660286,0.9383462918660286,32768
snapshot_774.xyz,774,8,64,0.9473893723071187,0.042269795697665445,0.8640126752119673,1.0661583568238173,512
snapshot_774.xyz,774,16,8,0.9423157127658874,0.014295883767890824,0.9231038067244964,0.9636533084808948,4096
snapshot_774.xyz,774,32,1,0.9379782748871582,0.0,0.9379782748871582,0.9379782748871582,32768
snapshot_775.xyz,775,8,64,0.9392669371858695,0.04770998034062822,0.8170810723252613,1.0600758649870465,512
snapshot_775.xyz,775,16,8,0.9532428814366567,0.0163185583527509,0.9281299805206304,0.9792726604830564,4096
snapshot_775.xyz,775,32,1,0.9300483759502418,0.0,0.9300483759502418,0.9300483759502418,32768
snapshot_776.xyz,776,8,64,0.9436195392735667,0.048858382894235275,0.8331742424242423,1.0645209722792932,512
snapshot_776.xyz,776,16,8,0.9505786798576269,0.015595450487970312,0.9190354147250699,0.9751216824318119,4096
snapshot_776.xyz,776,32,1,0.9394085691060133,0.0,0.9394085691060133,0.9394085691060133,32768
snapshot_777.xyz,777,8,64,0.9496861761373893,0.04207031593672171,0.8356213385167788,1.0430824667319911,512
snapshot_777.xyz,777,16,8,0.9396386027879857,0.012717670780982763,0.9194045037084639,0.9628227288940104,4096
snapshot_777.xyz,777,32,1,0.9467979070507719,0.0,0.9467979070507719,0.9467979070507719,32768
snapshot_778.xyz,778,8,64,0.9483487686481683,0.03884397201908423,0.8477374900214277,1.0205530303030304,512
snapshot_778.xyz,778,16,8,0.9389883301690289,0.007045707776794462,0.9281299805206304,0.947451430210051,4096
snapshot_778.xyz,778,32,1,0.94325274681489,0.0,0.94325274681489,0.94325274681489,32768
snapshot_779.xyz,779,8,64,0.9430883724315999,0.03810829153380356,0.8599740704787842,1.019626107015769,512
snapshot_779.xyz,779,16,8,0.942635812461845,0.012594863660984694,0.9190354147250699,0.954121672092144,4096
snapshot_779.xyz,779,32,1,0.9331928941055176,0.0,0.9331928941055176,0.9331928941055176,32768
snapshot_780.xyz,780,8,64,0.9456926799676647,0.04256132635232556,0.8541076104856781,1.0420411825677995,512
snapshot_780.xyz,780,16,8,0.9498511109979466,0.023563401749084015,0.9088705001844727,0.9876856937271725,4096
snapshot_780.xyz,780,32,1,0.9284120741408517,0.0,0.9284120741408517,0.9284120741408517,32768
snapshot_781.xyz,781,8,64,0.9479783934835253,0.038935451597345794,0.8640126752119673,1.0420411825677995,512
snapshot_781.xyz,781,16,8,0.9487007139203985,0.013039883530396291,0.926841338108006,0.9713539304439324,4096
snapshot_781.xyz,781,32,1,0.9364047827470953,0.0,0.9364047827470953,0.9364047827470953,32768
snapshot_782.xyz,782,8,64,0.9438367693120617,0.042810223610483845,0.8509852978575699,1.1072162341562095,512
snapshot_782.xyz,782,16,8,0.9354424332109281,0.015043377784255178,0.914586744884922,0.9636533084808948,4096
snapshot_782.xyz,782,32,1,0.9466016510116688,0.0,0.9466016510116688,0.9466016510116688,32768
snapshot_783.xyz,783,8,64,0.9477486090125739,0.04754265800467119,0.8509852978575699,1.104642707962685,512
snapshot_783.xyz,783,16,8,0.9488875166079218,0.014075465965672865,0.9164645600543262,0.9596028389131838,4096
snapshot_783.xyz,783,32,1,0.9481088565480281,0.0,0.9481088565480281,0.9481088565480281,32768
snapshot_784.xyz,784,8,64,0.9438736739515092,0.047870691500060396,0.8509852978575699,1.0587255037513008,512
snapshot_784.xyz,784,16,8,0.9475652448488412,0.01594280723227592,0.9241190012395963,0.9751216824318119,4096
snapshot_784.xyz,784,32,1,0.9323955686149936,0.0,0.9323955686149936,0.9323955686149936,32768
snapshot_785.xyz,785,8,64,0.9529104305507061,0.03986377466311542,0.8753030303030302,1.0629728182676095,512
snapshot_785.xyz,785,16,8,0.9429175476107625,0.011054564219617289,0.9271632375080652,0.9597915048955293,4096
snapshot_785.xyz,785,32,1,0.9319087642184668,0.0,0.9319087642184668,0.9319087642184668,32768
snapshot_786.xyz,786,8,64,0.9434823404105414,0.043837113723450075,0.8509852978575699,1.0629728182676095,512
snapshot_786.xyz,786,16,8,0.9407655734436272,0.01598528087096823,0.9160970426775279,0.9706911879097677,4096
snapshot_786.xyz,786,32,1,0.9471758431259578,0.0,0.9471758431259578,0.9471758431259578,32768
snapshot_787.xyz,787,8,64,0.948220972607708,0.042193146248241296,0.8669733764687759,1.0838348365537833,512
snapshot_787.xyz,787,16,8,0.9346386363414103,0.007852075461378486,0.9241190012395963,0.9508445057237713,4096
snapshot_787.xyz,787,32,1,0.9332454949823167,0.0,0.9332454949823167,0.9332454949823167,32768
snapshot_788.xyz,788,8,64,0.9413374188379999,0.0362125623561511,0.872533138954132,1.0210553999907177,512
snapshot_788.xyz,788,16,8,0.9449385661947558,0.01625749435010727,0.9153524156335626,0.9629933236786258,4096
snapshot_788.xyz,788,32,1,0.9399658275882621,0.0,0.9399658275882621,0.9399658275882621,32768
snapshot_789.xyz,789,8,64,0.9400016848562798,0.046085161998431816,0.8246024722372892,1.0410530303030303,512
snapshot_789.xyz,789,16,8,0.946867322768477,0.01418472497109018,0.9251095925170842,0.9749997694556387,4096
snapshot_789.xyz,789,32,1,0.9419120428437755,0.0,0.9419120428437755,0.9419120428437755,32768
snapshot_790.xyz,790,8,64,0.9358676372346362,0.04408064432589467,0.840786208602886,1.0410530303030303,512
snapshot_790.xyz,790,16,8,0.9345820992045567,0.014186079187803768,0.9088705001844727,0.9523675136036123,4096
snapshot_790.xyz,790,32,1,0.9336314260703484,0.0,0.9336314260703484,0.9336314260703484,32768
snapshot_791.xyz,791,8,64,0.9422522864615095,0.04378333895735365,0.8170810723252613,1.0392012749328694,512
snapshot_791.xyz,791,16,8,0.9329964390309269,0.016109075658487786,0.9120860633964938,0.9672629306434934,4096
snapshot_791.xyz,791,32,1,0.9445962918660286,0.0,0.9445962918660286,0.9445962918660286,32768
snapshot_792.xyz,792,8,64,0.9355261284014733,0.04642974280073557,0.8246024722372892,1.0600758649870465,512
snapshot_792.xyz,792,16,8,0.9422285325583772,0.012693972126649779,0.9227564737003112,0.9629933236786258,4096
snapshot_792.xyz,792,32,1,0.9315066993171275,0.0,0.9315066993171275,0.9315066993171275,32768
snapshot_793.xyz,793,8,64,0.9493685437340521,0.044360421073679435,0.8669733764687759,1.0410530303030303,512
snapshot_793.xyz,793,16,8,0.9332300324289688,0.013343188501686623,0.9157265914606503,0.9582991359197337,4096
snapshot_793.xyz,793,32,1,0.9374258758773623,0.0,0.9374258758773623,0.9374258758773623,32768
snapshot_794.xyz,794,8,64,0.9473553014424128,0.04005758294823953,0.8026280895300733,1.0215728419255936,512
snapshot_794.xyz,794,16,8,0.9370638031356637,0.013473582182837084,0.9190354147250699,0.9547503893761784,4096
snapshot_794.xyz,794,32,1,0.9360468454555353,0.0,0.9360468454555353,0.9360468454555353,32768
snapshot_795.xyz,795,8,64,0.9506440670426775,0.04644856093555619,0.8443361214993291,1.0614848484848483,512
snapshot_795.xyz,795,16,8,0.9466188980992416,0.013224224889498617,0.9241190012395963,0.9623013668185354,4096
snapshot_795.xyz,795,32,1,0.9425129585326952,0.0,0.9425129585326952,0.9425129585326952,32768
snapshot_796.xyz,796,8,64,0.94998995145984,0.04048440968893824,0.8669733764687759,1.0600758649870465,512
snapshot_796.xyz,796,16,8,0.9330447377173415,0.0058989623129414755,0.9227564737003112,0.9455032040597103,4096
snapshot_796.xyz,796,32,1,0.9371472310307464,0.0,0.9371472310307464,0.9371472310307464,32768
snapshot_797.xyz,797,8,64,0.9491251179358587,0.03713683298300897,0.8609071525771544,1.0430824667319911,512
snapshot_797.xyz,797,16,8,0.934314184466819,0.014354130770427293,0.9069262577532735,0.9596028389131838,4096
snapshot_797.xyz,797,32,1,0.9299482951231327,0.0,0.9299482951231327,0.9299482951231327,32768
snapshot_798.xyz,798,8,64,0.9471472975225363,0.04816112675339375,0.8477374900214277,1.0614848484848483,512
snapshot_798.xyz,798,16,8,0.945923403039077,0.013659617032708299,0.9271632375080652,0.971621889114826,4096
snapshot_798.xyz,798,32,1,0.945002979931787,0.0,0.945002979931787,0.945002979931787,32768
snapshot_799.xyz,799,8,64,0.9534000959979181,0.04666197252582432,0.8443361214993291,1.0645209722792932,512
snapshot_799.xyz,799,16,8,0.9393105504854555,0.01858018539104336,0.9080662298565609,0.9756797610264345,4096
snapshot_799.xyz,799,32,1,0.9365048775157451,0.0,0.9365048775157451,0.9365048775157451,32768
snapshot_800.xyz,800,8,64,0.9355094284993029,0.04907814895400103,0.8208404052190517,1.0401074877702967,512
snapshot_800.xyz,800,16,8,0.9388144157347103,0.010576681321640587,0.9164645600543262,0.9519339324923772,4096
snapshot_800.xyz,800,32,1,0.9331402212191855,0.0,0.9331402212191855,0.9331402212191855,32768
snapshot_801.xyz,801,8,64,0.9489270167881648,0.03580529380142308,0.8698114634096048,1.0645209722792932,512
snapshot_801.xyz,801,16,8,0.9450225289281694,0.014583349841199961,0.9194045037084639,0.971621889114826,4096
snapshot_801.xyz,801,32,1,0.9406105549867292,0.0,0.9406105549867292,0.9406105549867292,32768
snapshot_802.xyz,802,8,64,0.9514554367039458,0.04670851268197202,0.8640126752119673,1.0859041628472992,512
snapshot_802.xyz,802,16,8,0.9352781536788592,0.01588194598351883,0.9092635207853911,0.9666540635749131,4096
snapshot_802.xyz,802,32,1,0.9486455170209365,0.0,0.9486455170209365,0.9486455170209365,32768
snapshot_803.xyz,803,8,64,0.9536420557552762,0.04276514826235393,0.8356213385167788,1.0645209722792932,512
snapshot_803.xyz,803,16,8,0.9415840377658858,0.0146218525499174,0.9241190012395963,0.9747712393988989,4096
snapshot_803.xyz,803,32,1,0.9349241450756556,0.0,0.9349241450756556,0.9349241450756556,32768
snapshot_804.xyz,804,8,64,0.9462049846840235,0.046875977898982686,0.8284315785051048,1.0600758649870465,512
snapshot_804.xyz,804,16,8,0.9452637631477157,0.017043194051075204,0.9194045037084639,0.9674050518555993,4096
snapshot_804.xyz,804,32,1,0.934872408293461,0.0,0.934872408293461,0.934872408293461,32768
snapshot_805.xyz,805,8,64,0.9460782581889429,0.046176940810245336,0.8170810723252613,1.0629728182676095,512
snapshot_805.xyz,805,16,8,0.9425419743418315,0.014006288800698674,0.9124694635282081,0.9545367245589487,4096
snapshot_805.xyz,805,32,1,0.9400515847428202,0.0,0.9400515847428202,0.9400515847428202,32768
snapshot_806.xyz,806,8,64,0.9503679513872969,0.048033289234996564,0.8356213385167788,1.0859041628472992,512
snapshot_806.xyz,806,16,8,0.9295466345770178,0.016130517084398208,0.9068212775109328,0.9515108609936196,4096
snapshot_806.xyz,806,32,1,0.9423835304459005,0.0,0.9423835304459005,0.9423835304459005,32768
snapshot_807.xyz,807,8,64,0.9364108308398973,0.03988603959550387,0.8208404052190517,1.0200871482336524,512
snapshot_807.xyz,807,16,8,0.9373379495904774,0.01448794660470813,0.9113003275586615,0.9592472807429624,4096
snapshot_807.xyz,807,32,1,0.9443465170028397,0.0,0.9443465170028397,0.9443465170028397,32768
snapshot_808.xyz,808,8,64,0.954322138821045,0.041531210524647456,0.8753030303030302,1.0629728182676095,512
snapshot_808.xyz,808,16,8,0.9342286145839179,0.012716321594815611,0.9153524156335626,0.9594302783826096,4096
snapshot_808.xyz,808,32,1,0.9392734388969463,0.0,0.9392734388969463,0.9392734388969463,32768
snapshot_809.xyz,809,8,64,0.9544410159893677,0.050689918735353896,0.8026280895300733,1.0696758378766746,512
snapshot_809.xyz,809,16,8,0.9344066660284154,0.015281343327699141,0.9040463963166283,0.9594302783826096,4096
snapshot_809.xyz,809,32,1,0.9371972662070609,0.0,0.9371972662070609,0.9371972662070609,32768
snapshot_810.xyz,810,8,64,0.9548088864856581,0.04434856565669211,0.8609071525771544,1.0420411825677995,512
snapshot_810.xyz,810,16,8,0.9347125533838616,0.020313222745397607,0.9080662298565609,0.9793581547635379,4096
snapshot_810.xyz,810,32,1,0.9335881661988095,0.0,0.9335881661988095,0.9335881661988095,32768
snapshot_811.xyz,811,8,64,0.9513181998863269,0.03573199437360797,0.8909046731999677,1.0375194319566405,512
snapshot_811.xyz,811,16,8,0.9351625396480445,0.010626853529713364,0.9220533009197946,0.9592472807429624,4096
snapshot_811.xyz,811,32,1,0.9359557467732021,0.0,0.9359557467732021,0.9359557467732021,32768
snapshot_812.xyz,812,8,64,0.9381336395332732,0.04399870843059665,0.8321041453305748,1.0392012749328694,512
snapshot_812.xyz,812,16,8,0.9377367325580482,0.010542465655862188,0.914586744884922,0.9506243681176053,4096
snapshot_812.xyz,812,32,1,0.9371472310307464,0.0,0.9371472310307464,0.9371472310307464,32768
snapshot_813.xyz,813,8,64,0.9493344216130131,0.04010149008950931,0.8609071525771544,1.0215728419255936,512
snapshot_813.xyz,813,16,8,0.9424271876487735,0.015813098566830615,0.9157265914606503,0.9668105427495637,4096
snapshot_813.xyz,813,32,1,0.947211698969443,0.0,0.947211698969443,0.947211698969443,32768
snapshot_814.xyz,814,8,64,0.9579395681243812,0.04771744277406606,0.8609071525771544,1.0614848484848483,512
snapshot_814.xyz,814,16,8,0.9331363980833522,0.01516217353993288,0.9057131651196234,0.954953647430199,4096
snapshot_814.xyz,814,32,1,0.9399658275882621,0.0,0.9399658275882621,0.9399658275882621,32768
snapshot_815.xyz,815,8,64,0.9406730950686752,0.04206151757864409,0.7941493858642233,1.0430824667319911,512
snapshot_815.xyz,815,16,8,0.941250528534394,0.01202396653431215,0.9244547531065623,0.9624765997473235,4096
snapshot_815.xyz,815,32,1,0.9228268030087016,0.0,0.9228268030087016,0.9228268030087016,32768
snapshot_816.xyz,816,8,64,0.9521072694039437,0.0495413052885155,0.8640126752119673,1.078191516456967,512
snapshot_816.xyz,816,16,8,0.9453942933522388,0.013337210412877547,0.9265077873739747,0.96316285989006,4096
snapshot_816.xyz,816,32,1,0.9406954812579414,0.0,0.9406954812579414,0.9406954812579414,32768
snapshot_817.xyz,817,8,64,0.9367696758472455,0.037230131536865836,0.8443361214993291,1.0187877260059102,512
snapshot_817.xyz,817,16,8,0.9374736288431762,0.01420945206394908,0.9164645600543262,0.96316285989006,4096
snapshot_817.xyz,817,32,1,0.935315970399136,0.0,0.935315970399136,0.935315970399136,32768
snapshot_818.xyz,818,8,64,0.9476057959551206,0.038515534164185065,0.8809698804386583,1.0629728182676095,512
snapshot_818.xyz,818,16,8,0.9482174947887303,0.02037710998408992,0.9186716092926166,0.9752334439963053,4096
snapshot_818.xyz,818,32,1,0.9373366774391815,0.0,0.9373366774391815,0.9373366774391815,32768
snapshot_819.xyz,819,8,64,0.9434526093506586,0.04676702201625573,0.8443361214993291,1.0661583568238173,512
snapshot_819.xyz,819,16,8,0.9492618314691557,0.013604663207787296,0.9315339920207781,0.9706911879097677,4096
snapshot_819.xyz,819,32,1,0.9311200111029602,0.0,0.9311200111029602,0.9311200111029602,32768
snapshot_820.xyz,820,8,64,0.945198382463305,0.04204990537246079,0.8509852978575699,1.0453156233995804,512
snapshot_820.xyz,820,16,8,0.9444168466381366,0.014307843275747332,0.920609743726888,0.9590537181836324,4096
snapshot_820.xyz,820,32,1,0.9391771446761101,0.0,0.9391771446761101,0.9391771446761101,32768
snapshot_821.xyz,821,8,64,0.9467919404423295,0.04540685030461818,0.8570992892754854,1.0859041628472992,512
snapshot_821.xyz,821,16,8,0.9370760997359739,0.011263590779474725,0.9220533009197946,0.9545367245589487,4096
snapshot_821.xyz,821,32,1,0.9304290501021075,0.0,0.9304290501021075,0.9304290501021075,32768
snapshot_822.xyz,822,8,64,0.9471219808526194,0.04575942310168124,0.8246024722372892,1.0210553999907177,512
snapshot_822.xyz,822,16,8,0.9401863711653203,0.019769303811975787,0.920108021958562,0.9875044956150463,4096
snapshot_822.xyz,822,32,1,0.9400035736975858,0.0,0.9400035736975858,0.9400035736975858,32768
snapshot_823.xyz,823,8,64,0.9418930728823496,0.04489409652212847,0.8356213385167788,1.0838348365537833,512
snapshot_823.xyz,823,16,8,0.935638782007587,0.012827427676246242,0.9168291783060138,0.954953647430199,4096
snapshot_823.xyz,823,32,1,0.9394559305746807,0.0,0.9394559305746807,0.9394559305746807,32768
snapshot_824.xyz,824,8,64,0.9619223504674168,0.04238850421719712,0.8698114634096048,1.0441728791929505,512
snapshot_824.xyz,824,16,8,0.9488280513355892,0.01820272020764499,0.9247878564275549,0.9796462255628229,4096
snapshot_824.xyz,824,32,1,0.9441161861999086,0.0,0.9441161861999086,0.9441161861999086,32768
snapshot_825.xyz,825,8,64,0.947896837245616,0.04575530969095745,0.8443361214993291,1.0859041628472992,512
snapshot_825.xyz,825,16,8,0.9448182280599129,0.014396202368912307,0.9157265914606503,0.9623013668185354,4096
snapshot_825.xyz,825,32,1,0.945044187464153,0.0,0.945044187464153,0.945044187464153,32768
snapshot_826.xyz,826,8,64,0.9467629292681199,0.035861376111067766,0.872533138954132,1.0205530303030304,512
snapshot_826.xyz,826,16,8,0.9350243817145031,0.018979037621380247,0.8894187440391296,0.9588764106347515,4096
snapshot_826.xyz,826,32,1,0.9437759709125779,0.0,0.9437759709125779,0.9437759709125779,32768
snapshot_827.xyz,827,8,64,0.9408700612868635,0.042663481446365156,0.8477374900214277,1.0614848484848483,512
snapshot_827.xyz,827,16,8,0.9374883718034543,0.015731738996196128,0.9194045037084639,0.9636533084808948,4096
snapshot_827.xyz,827,32,1,0.9380276384400341,0.0,0.9380276384400341,0.9380276384400341,32768
snapshot_828.xyz,828,8,64,0.9479622423057825,0.043678887614374086,0.8609071525771544,1.0645209722792932,512
snapshot_828.xyz,828,16,8,0.9505536999543328,0.012892562391138432,0.9349930719260044,0.9791772332832284,4096
snapshot_828.xyz,828,32,1,0.9488021595991591,0.0,0.9488021595991591,0.9488021595991591,32768
snapshot_829.xyz,829,8,64,0.9465178748254003,0.044717931564411166,0.8477374900214277,1.0215728419255936,512
snapshot_829.xyz,829,16,8,0.9443284731914907,0.01655746295912951,0.9153524156335626,0.9714884544501862,4096
snapshot_829.xyz,829,32,1,0.9312726301418649,0.0,0.9312726301418649,0.9312726301418649,32768
snapshot_830.xyz,830,8,64,0.9565358636558576,0.0500956928525251,0.8509852978575699,1.1424614851999308,512
snapshot_830.xyz,830,16,8,0.9397200905753693,0.020932108820300666,0.9116907130348205,0.9710995875289233,4096
snapshot_830.xyz,830,32,1,0.9373366774391815,0.0,0.9373366774391815,0.9373366774391815,32768
snapshot_831.xyz,831,8,64,0.9442095823600674,0.04421962452690835,0.8246024722372892,1.0420411825677995,512
snapshot_831.xyz,831,16,8,0.9383333814026442,0.015925921026425625,0.9040463963166283,0.9617754353717891,4096
snapshot_831.xyz,831,32,1,0.9410862842892767,0.0,0.9410862842892767,0.9410862842892767,32768
snapshot_832.xyz,832,8,64,0.947199620538987,0.03486731268557305,0.8782003221663833,1.0420411825677995,512
snapshot_832.xyz,832,16,8,0.9427403190291533,0.011313742304386759,0.9278075579379684,0.9634881502942182,4096
snapshot_832.xyz,832,32,1,0.9467212543206924,0.0,0.9467212543206924,0.9467212543206924,32768
snapshot_833.xyz,833,8,64,0.9397628815703638,0.046441699207086885,0.8570992892754854,1.0587255037513008,512
snapshot_833.xyz,833,16,8,0.9380381188564799,0.01829860307939496,0.9084743670020902,0.9634881502942182,4096
snapshot_833.xyz,833,32,1,0.9438206845609446,0.0,0.9438206845609446,0.9438206845609446,32768
snapshot_834.xyz,834,8,64,0.9474358283634525,0.040654688263027955,0.8809698804386583,1.0614848484848483,512
snapshot_834.xyz,834,16,8,0.9392552137111845,0.018843939476288693,0.9124694635282081,0.9791772332832284,4096
snapshot_834.xyz,834,32,1,0.9351210935171755,0.0,0.9351210935171755,0.9351210935171755,32768
snapshot_835.xyz,835,8,64,0.9495649148449735,0.036706248618893385,0.8809698804386583,1.0215728419255936,512
snapshot_835.xyz,835,16,8,0.9431548377926419,0.014801661971002158,0.9278075579379684,0.9709615208008082,4096
snapshot_835.xyz,835,32,1,0.9475322325715478,0.0,0.9475322325715478,0.9475322325715478,32768
snapshot_836.xyz,836,8,64,0.9523841537247062,0.04046992479219397,0.8321041453305748,1.0410530303030303,512
snapshot_836.xyz,836,16,8,0.9340453515872287,0.01136050753519081,0.9164645600543262,0.9517319552663758,4096
snapshot_836.xyz,836,32,1,0.9454122234601304,0.0,0.9454122234601304,0.9454122234601304,32768
snapshot_837.xyz,837,8,64,0.9526897066616313,0.044581965093911095,0.8389996817651426,1.078191516456967,512
snapshot_837.xyz,837,16,8,0.9466728782154209,0.02722077812732269,0.9061154326989861,0.9793581547635379,4096
snapshot_837.xyz,837,32,1,0.935315970399136,0.0,0.935315970399136,0.935315970399136,32768
snapshot_838.xyz,838,8,64,0.9461091972561173,0.043741660686574244,0.8356213385167788,1.0441728791929505,512
snapshot_838.xyz,838,16,8,0.9372573451597159,0.01366724015790941,0.9183048458786544,0.9596028389131838,4096
snapshot_838.xyz,838,32,1,0.9460709948436161,0.0,0.9460709948436161,0.9460709948436161,32768
snapshot_839.xyz,839,8,64,0.9430715741050617,0.04326350444798894,0.8541076104856781,1.0430824667319911,512
snapshot_839.xyz,839,16,8,0.9446346656595992,0.01607951330323772,0.9237805691121956,0.9752334439963053,4096
snapshot_839.xyz,839,32,1,0.9475322325715478,0.0,0.9475322325715478,0.9475322325715478,32768
snapshot_840.xyz,840,8,64,0.9493880043600549,0.043109436894001166,0.8609071525771544,1.0420411825677995,512
snapshot_840.xyz,840,16,8,0.9479118599338263,0.013350631928657741,0.9321409598016646,0.9753440628102485,4096
snapshot_840.xyz,840,32,1,0.9415568361195108,0.0,0.9415568361195108,0.9415568361195108,32768
snapshot_841.xyz,841,8,64,0.934297175646793,0.03993370669830444,0.8477374900214277,1.0420411825677995,512
snapshot_841.xyz,841,16,8,0.9418136340628966,0.012834687537612802,0.9190354147250699,0.9590537181836324,4096
snapshot_841.xyz,841,32,1,0.9463992908263176,0.0,0.9463992908263176,0.9463992908263176,32768
snapshot_842.xyz,842,8,64,0.9491324707806224,0.03900735457509665,0.8698114634096048,1.0465238155614724,512
snapshot_842.xyz,842,16,8,0.9471843661605066,0.015125794283747914,0.9186716092926166,0.9713539304439324,4096
snapshot_842.xyz,842,32,1,0.9432986919906826,0.0,0.9432986919906826,0.9432986919906826,32768
snapshot_843.xyz,843,8,64,0.9397557719759183,0.04121129558988449,0.8698114634096048,1.0645209722792932,512
snapshot_843.xyz,843,16,8,0.9354954961964904,0.017860501362682447,0.9004665355545952,0.9629933236786258,4096
snapshot_843.xyz,843,32,1,0.9445164252702608,0.0,0.9445164252702608,0.9445164252702608,32768
snapshot_844.xyz,844,8,64,0.9337437069063245,0.04451426734348595,0.8477374900214277,1.0401074877702967,512
snapshot_844.xyz,844,16,8,0.930102962255437,0.019774775098099693,0.8955383097314452,0.9636533084808948,4096
snapshot_844.xyz,844,32,1,0.9370233071735615,0.0,0.9370233071735615,0.9370233071735615,32768
snapshot_845.xyz,845,8,64,0.9443535727600247,0.03922782658294992,0.8640126752119673,1.0441728791929505,512
snapshot_845.xyz,845,16,8,0.9416314502084957,0.009188722416601434,0.9274908292500066,0.955154844071839,4096
snapshot_845.xyz,845,32,1,0.9352647857723495,0.0,0.9352647857723495,0.9352647857723495,32768
snapshot_846.xyz,846,8,64,0.9493034954475013,0.045529130154792694,0.8170810723252613,1.0838348365537833,512
snapshot_846.xyz,846,16,8,0.9424196515129637,0.011933864203745323,0.9220533009197946,0.9596028389131838,4096
snapshot_846.xyz,846,32,1,0.9451225972831682,0.0,0.9451225972831682,0.9451225972831682,32768
snapshot_847.xyz,847,8,64,0.9526248362322598,0.043475735872988974,0.8208404052190517,1.0430824667319911,512
snapshot_847.xyz,847,16,8,0.9299711228828718,0.019611144553611265,0.9113003275586615,0.9709615208008082,4096
snapshot_847.xyz,847,32,1,0.9329380869011619,0.0,0.9329380869011619,0.9329380869011619,32768
snapshot_848.xyz,848,8,64,0.9544995269092548,0.042223743163381365,0.8669733764687759,1.0410530303030303,512
snapshot_848.xyz,848,16,8,0.9386864471534786,0.02038988046893514,0.9179260173073783,0.9747712393988989,4096
snapshot_848.xyz,848,32,1,0.9355671850079744,0.0,0.9355671850079744,0.9355671850079744,32768
snapshot_849.xyz,849,8,64,0.9452417637835993,0.04221886023772236,0.8509852978575699,1.0205530303030304,512
snapshot_849.xyz,849,16,8,0.9450082360172224,0.010693150417109635,0.926841338108006,0.9561537099344785,4096
snapshot_849.xyz,849,32,1,0.9507721024944848,0.0,0.9507721024944848,0.9507721024944848,32768
snapshot_850.xyz,850,8,64,0.9439313842384436,0.03428798616868213,0.8609071525771544,1.0205530303030304,512
snapshot_850.xyz,850,16,8,0.943268422272851,0.02286757450774813,0.9113003275586615,0.9791772332832284,4096
snapshot_850.xyz,850,32,1,0.9311740289074031,0.0,0.9311740289074031,0.9311740289074031,32768
snapshot_851.xyz,851,8,64,0.9373055528437376,0.053989457528115264,0.8090696469336023,1.0629728182676095,512
snapshot_851.xyz,851,16,8,0.950860715324465,0.012931251043397412,0.9321409598016646,0.9675550197045222,4096
snapshot_851.xyz,851,32,1,0.9343281082199474,0.0,0.9343281082199474,0.9343281082199474,32768
snapshot_852.xyz,852,8,64,0.9448120811913645,0.04427387557060491,0.8509852978575699,1.0838348365537833,512
snapshot_852.xyz,852,16,8,0.9415877074488436,0.01629629062143302,0.907654834608991,0.9592472807429624,4096
snapshot_852.xyz,852,32,1,0.9494547448165868,0.0,0.9494547448165868,0.9494547448165868,32768
snapshot_853.xyz,853,8,64,0.9509744831723081,0.050434359829986945,0.8321041453305748,1.0880711418394462,512
snapshot_853.xyz,853,16,8,0.927967567095569,0.012362047716464649,0.9096613936462282,0.9436545550289627,4096
snapshot_853.xyz,853,32,1,0.9356001933720735,0.0,0.9356001933720735,0.9356001933720735,32768
snapshot_854.xyz,854,8,64,0.950647022279353,0.04744377143058115,0.8477374900214277,1.0880711418394462,512
snapshot_854.xyz,854,16,8,0.9373676894845695,0.017333834670307587,0.9120860633964938,0.9672629306434934,4096
snapshot_854.xyz,854,32,1,0.9343247652395352,0.0,0.9343247652395352,0.9343247652395352,32768
snapshot_855.xyz,855,8,64,0.9331796041188418,0.03805821176936197,0.872533138954132,1.0,512
snapshot_855.xyz,855,16,8,0.9347903008466117,0.01587287359947807,0.9157265914606503,0.9547503893761784,4096
snapshot_855.xyz,855,32,1,0.9359049650314963,0.0,0.9359049650314963,0.9359049650314963,32768
snapshot_856.xyz,856,8,64,0.9515529408572223,0.036219423830896255,0.883617859487853,1.0420411825677995,512
snapshot_856.xyz,856,16,8,0.9432219437045049,0.012081572917670749,0.9274908292500066,0.9674050518555993,4096
snapshot_856.xyz,856,32,1,0.9388526147088502,0.0,0.9388526147088502,0.9388526147088502,32768
snapshot_857.xyz,857,8,64,0.94689982426619,0.04245897092472403,0.872533138954132,1.0859041628472992,512
snapshot_857.xyz,857,16,8,0.9404833091599291,0.018526022094217297,0.919753580286423,0.9792726604830564,4096
snapshot_857.xyz,857,32,1,0.9400985387711401,0.0,0.9400985387711401,0.9400985387711401,32768
snapshot_858.xyz,858,8,64,0.9528801441349899,0.04976698935643463,0.8170810723252613,1.0614848484848483,512
snapshot_858.xyz,858,16,8,0.9432192894930238,0.024994899206866362,0.910898630726217,0.983645071751238,4096
snapshot_858.xyz,858,32,1,0.9331928941055176,0.0,0.9331928941055176,0.9331928941055176,32768
snapshot_859.xyz,859,8,64,0.9465453179594379,0.04483962736096167,0.8576752058079028,1.0614848484848483,512
snapshot_859.xyz,859,16,8,0.9395215238118191,0.015445139776918313,0.9160970426775279,0.9629933236786258,4096
snapshot_859.xyz,859,32,1,0.9303198459339262,0.0,0.9303198459339262,0.9303198459339262,32768
snapshot_860.xyz,860,8,64,0.9485773009412622,0.04527445453531569,0.8321041453305748,1.0614848484848483,512
snapshot_860.xyz,860,16,8,0.9432519908931706,0.012858424577827775,0.9157265914606503,0.9597915048955293,4096
snapshot_860.xyz,860,32,1,0.9392734388969463,0.0,0.9392734388969463,0.9392734388969463,32768
snapshot_861.xyz,861,8,64,0.9506529414713177,0.043558361753364805,0.8443361214993291,1.0614848484848483,512
snapshot_861.xyz,861,16,8,0.9394897897354246,0.017901987801111786,0.9157265914606503,0.9671193449371989,4096
snapshot_861.xyz,861,32,1,0.9472540754355122,0.0,0.9472540754355122,0.9472540754355122,32768
snapshot_862.xyz,862,8,64,0.9470569042070047,0.038697807068065214,0.8669733764687759,1.0420411825677995,512
snapshot_862.xyz,862,16,8,0.9458132533979411,0.01374592529675427,0.9274908292500066,0.9669565853613924,4096
snapshot_862.xyz,862,32,1,0.9374258758773623,0.0,0.9374258758773623,0.9374258758773623,32768
snapshot_863.xyz,863,8,64,0.947147331730068,0.04324831143215421,0.8477374900214277,1.0420411825677995,512
snapshot_863.xyz,863,16,8,0.9424188606058232,0.009389629013669059,0.9234476664792353,0.9519339324923772,4096
snapshot_863.xyz,863,32,1,0.9340297975900753,0.0,0.9340297975900753,0.9340297975900753,32768
snapshot_864.xyz,864,8,64,0.9475278290489063,0.035650200101804606,0.8776491436091549,1.0645209722792932,512
snapshot_864.xyz,864,16,8,0.9572752834823332,0.017271402014698952,0.9361430848238003,0.979460975854123,4096
snapshot_864.xyz,864,32,1,0.9412561674359382,0.0,0.9412561674359382,0.9412561674359382,32768
snapshot_865.xyz,865,8,64,0.9430291674974431,0.040440656463189846,0.840786208602886,1.0221227859040942,512
snapshot_865.xyz,865,16,8,0.9277893615115813,0.016892441171205187,0.9036189561831613,0.9512875420633063,4096
snapshot_865.xyz,865,32,1,0.9465149985506232,0.0,0.9465149985506232,0.9465149985506232,32768
snapshot_866.xyz,866,8,64,0.948660041724182,0.04901929190758263,0.8370684343753015,1.0215728419255936,512
snapshot_866.xyz,866,16,8,0.9486828849675348,0.012674158125323234,0.9247878564275549,0.9672629306434934,4096
snapshot_866.xyz,866,32,1,0.9439470459910946,0.0,0.9439470459910946,0.9439470459910946,32768
snapshot_867.xyz,867,8,64,0.9503168390747394,0.03717794060485593,0.8570992892754854,1.0430824667319911,512
snapshot_867.xyz,867,16,8,0.9392786303812318,0.011210269713892477,0.9204596565804444,0.955154844071839,4096
snapshot_867.xyz,867,32,1,0.9416873102125619,0.0,0.9416873102125619,0.9416873102125619,32768
snapshot_868.xyz,868,8,64,0.9371397182546931,0.038610913155133056,0.8321041453305748,1.0205530303030304,512
snapshot_868.xyz,868,16,8,0.9492364284028918,0.022155583816675158,0.9194045037084639,0.9873370438160697,4096
snapshot_868.xyz,868,32,1,0.9337793837357051,0.0,0.9337793837357051,0.9337793837357051,32768
snapshot_869.xyz,869,8,64,0.949060536528564,0.036305530561691564,0.8885757686148094,1.0880711418394462,512
snapshot_869.xyz,869,16,8,0.9475578705896802,0.012098654840486075,0.9309172050170053,0.9668105427495637,4096
snapshot_869.xyz,869,32,1,0.9384838055069233,0.0,0.9384838055069233,0.9384838055069233,32768
snapshot_870.xyz,870,8,64,0.949731912689352,0.04408552252799005,0.8443361214993291,1.0629728182676095,512
snapshot_870.xyz,870,16,8,0.9410057100899105,0.01799368407149095,0.913609622172833,0.9634881502942182,4096
snapshot_870.xyz,870,32,1,0.9387176081051609,0.0,0.9387176081051609,0.9387176081051609,32768
snapshot_871.xyz,871,8,64,0.9416552379718002,0.04161495471942789,0.840786208602886,1.0205530303030304,512
snapshot_871.xyz,871,16,8,0.9443274930467136,0.015895992146284996,0.9278075579379684,0.9714884544501862,4096
snapshot_871.xyz,871,32,1,0.9485305378468708,0.0,0.9485305378468708,0.9485305378468708,32768
snapshot_872.xyz,872,8,64,0.944598368206683,0.0483072574060001,0.8509852978575699,1.0645209722792932,512
snapshot_872.xyz,872,16,8,0.9470170556715992,0.014695034221612875,0.920108021958562,0.9713539304439324,4096
snapshot_872.xyz,872,32,1,0.9391771446761101,0.0,0.9391771446761101,0.9391771446761101,32768
snapshot_873.xyz,873,8,64,0.9473169401111325,0.05278684729829979,0.8356213385167788,1.1072162341562095,512
snapshot_873.xyz,873,16,8,0.9421014971403195,0.014311625022084542,0.9186716092926166,0.9633306833375493,4096
snapshot_873.xyz,873,32,1,0.9403910224438903,0.0,0.9403910224438903,0.9403910224438903,32768
snapshot_874.xyz,874,8,64,0.9430787372349292,0.0485085289706322,0.8284315785051048,1.0838348365537833,512
snapshot_874.xyz,874,16,8,0.9387662726479452,0.0085417703209099,0.9261715135792166,0.954953647430199,4096
snapshot_874.xyz,874,32,1,0.9455338707115628,0.0,0.9455338707115628,0.9455338707115628,32768
snapshot_875.xyz,875,8,64,0.947706367026866,0.04207661524602282,0.8477374900214277,1.0600758649870465,512
snapshot_875.xyz,875,16,8,0.9403157621641582,0.005151334701026287,0.9299760453953421,0.9479247228667184,4096
snapshot_875.xyz,875,32,1,0.9437301960157132,0.0,0.9437301960157132,0.9437301960157132,32768
snapshot_876.xyz,876,8,64,0.9450899401268733,0.05296984511225541,0.8284315785051048,1.0998493092723047,512
snapshot_876.xyz,876,16,8,0.9439024312142281,0.016916746834463866,0.9044704512783426,0.9594302783826096,4096
snapshot_876.xyz,876,32,1,0.9391377491090803,0.0,0.9391377491090803,0.9391377491090803,32768
snapshot_877.xyz,877,8,64,0.9485695770589976,0.04288469933289787,0.8422403627526989,1.0410530303030303,512
snapshot_877.xyz,877,16,8,0.9457093247873427,0.01581021310157087,0.9281299805206304,0.9751216824318119,4096
snapshot_877.xyz,877,32,1,0.9384838055069233,0.0,0.9384838055069233,0.9384838055069233,32768
snapshot_878.xyz,878,8,64,0.9492449345222088,0.04324256181200114,0.8640126752119673,1.0645209722792932,512
snapshot_878.xyz,878,16,8,0.9417783612288682,0.014450997053158481,0.9194045037084639,0.9664962773641516,4096
snapshot_878.xyz,878,32,1,0.9333865703077429,0.0,0.9333865703077429,0.9333865703077429,32768
snapshot_879.xyz,879,8,64,0.9440162417419404,0.04524649411431028,0.8321041453305748,1.0859041628472992,512
snapshot_879.xyz,879,16,8,0.946120571134704,0.014165051986484866,0.9234476664792353,0.9634881502942182,4096
snapshot_879.xyz,879,32,1,0.9438663341645885,0.0,0.9438663341645885,0.9438663341645885,32768
snapshot_880.xyz,880,8,64,0.9469810916662014,0.04807799692391131,0.840786208602886,1.0629728182676095,512
snapshot_880.xyz,880,16,8,0.9462213850921699,0.012084316377090275,0.9284498496326803,0.9629933236786258,4096
snapshot_880.xyz,880,32,1,0.9439015151515151,0.0,0.9439015151515151,0.9439015151515151,32768
snapshot_881.xyz,881,8,64,0.9501367479583189,0.03989766246609304,0.8443361214993291,1.0221227859040942,512
snapshot_881.xyz,881,16,8,0.9433802887134839,0.02313562849777322,0.910492882978532,0.9791772332832284,4096
snapshot_881.xyz,881,32,1,0.9365963989881454,0.0,0.9365963989881454,0.9365963989881454,32768
snapshot_882.xyz,882,8,64,0.9468243456197647,0.03966780980466569,0.8698114634096048,1.0420411825677995,512
snapshot_882.xyz,882,16,8,0.9371045978841777,0.02197210378200908,0.8914935417055587,0.9751216824318119,4096
snapshot_882.xyz,882,32,1,0.9409443939106183,0.0,0.9409443939106183,0.9409443939106183,32768
snapshot_883.xyz,883,8,64,0.9437057759364387,0.039969990563907716,0.8443361214993291,1.0661583568238173,512
snapshot_883.xyz,883,16,8,0.9396795655343595,0.02031115909552266,0.9040463963166283,0.9792726604830564,4096
snapshot_883.xyz,883,32,1,0.9311740289074031,0.0,0.9311740289074031,0.9311740289074031,32768
snapshot_884.xyz,884,8,64,0.9400244863990289,0.046848212481164324,0.8205852174735662,1.0392012749328694,512
snapshot_884.xyz,884,16,8,0.937075053297733,0.010757209979676793,0.9274908292500066,0.96316285989006,4096
snapshot_884.xyz,884,32,1,0.9395509930729785,0.0,0.9395509930729785,0.9395509930729785,32768
snapshot_885.xyz,885,8,64,0.9452308770254643,0.03655050821908441,0.8669733764687759,1.0215728419255936,512
snapshot_885.xyz,885,16,8,0.9335071838675787,0.0170335314723826,0.910898630726217,0.9636533084808948,4096
snapshot_885.xyz,885,32,1,0.9363634553743853,0.0,0.9363634553743853,0.9363634553743853,32768
snapshot_886.xyz,886,8,64,0.9493237418609526,0.04639777597943307,0.8170810723252613,1.0818636363636362,512
snapshot_886.xyz,886,16,8,0.9380641531521396,0.011121972356851093,0.9224063166263144,0.955154844071839,4096
snapshot_886.xyz,886,32,1,0.940277407044913,0.0,0.940277407044913,0.940277407044913,32768
snapshot_887.xyz,887,8,64,0.9430807829980566,0.041413622877947885,0.8389996817651426,1.0205530303030304,512
snapshot_887.xyz,887,16,8,0.9495387667485782,0.01362232688405407,0.9302897262386385,0.9754540011973658,4096
snapshot_887.xyz,887,32,1,0.9504101979068499,0.0,0.9504101979068499,0.9504101979068499,32768
snapshot_888.xyz,888,8,64,0.9369452624327219,0.03688193029535955,0.8284315785051048,1.0645209722792932,512
snapshot_888.xyz,888,16,8,0.9487188711250205,0.020433407709492025,0.9281299805206304,0.995814349742564,4096
snapshot_888.xyz,888,32,1,0.9374258758773623,0.0,0.9374258758773623,0.9374258758773623,32768
snapshot_889.xyz,889,8,64,0.9456853267394998,0.04663641565626254,0.810441442999225,1.0430824667319911,512
snapshot_889.xyz,889,16,8,0.9472930213454123,0.01957563705493773,0.9261715135792166,0.9914768178864392,4096
snapshot_889.xyz,889,32,1,0.9476066153113087,0.0,0.9476066153113087,0.9476066153113087,32768
snapshot_890.xyz,890,8,64,0.9536229191045311,0.045159877638228284,0.8356213385167788,1.0420411825677995,512
snapshot_890.xyz,890,16,8,0.9438116234652503,0.02547780603026071,0.9031872261047296,0.9791772332832284,4096
snapshot_890.xyz,890,32,1,0.9355251870324189,0.0,0.9355251870324189,0.9355251870324189,32768
snapshot_891.xyz,891,8,64,0.9434317372334525,0.03903130900002169,0.872533138954132,1.0629728182676095,512
snapshot_891.xyz,891,16,8,0.9513056185488902,0.016903227878280566,0.9315339920207781,0.9831870257402172,4096
snapshot_891.xyz,891,32,1,0.9453781679906029,0.0,0.9453781679906029,0.9453781679906029,32768
snapshot_892.xyz,892,8,64,0.9473135998824141,0.04732512821032599,0.8443361214993291,1.1072162341562095,512
snapshot_892.xyz,892,16,8,0.9326921920908835,0.014047648766623917,0.9157265914606503,0.9553634089723056,4096
snapshot_892.xyz,892,32,1,0.9433790272075707,0.0,0.9433790272075707,0.9433790272075707,32768
snapshot_893.xyz,893,8,64,0.9445517156193912,0.045946589341632024,0.8477374900214277,1.0629728182676095,512
snapshot_893.xyz,893,16,8,0.9281487470582669,0.013141169166496944,0.9084743670020902,0.9472206726530024,4096
snapshot_893.xyz,893,32,1,0.9392734388969463,0.0,0.9392734388969463,0.9392734388969463,32768
snapshot_894.xyz,894,8,64,0.9537738689858345,0.040630380692998916,0.8090696469336023,1.0799922798839015,512
snapshot_894.xyz,894,16,8,0.941039465211424,0.02209887924909741,0.910898630726217,0.979460975854123,4096
snapshot_894.xyz,894,32,1,0.9346254817074982,0.0,0.9346254817074982,0.9346254817074982,32768
snapshot_895.xyz,895,8,64,0.9464687004666315,0.05187351017189235,0.8131542590848791,1.0661583568238173,512
snapshot_895.xyz,895,16,8,0.938790105546616,0.012437775827114061,0.9153524156335626,0.955154844071839,4096
snapshot_895.xyz,895,32,1,0.9351210935171755,0.0,0.9351210935171755,0.9351210935171755,32768
snapshot_896.xyz,896,8,64,0.9506653788712077,0.039933482627435804,0.8669733764687759,1.0600758649870465,512
snapshot_896.xyz,896,16,8,0.9425395660332523,0.016755820887172104,0.9157265914606503,0.9754540011973658,4096
snapshot_896.xyz,896,32,1,0.9462247855781448,0.0,0.9462247855781448,0.9462247855781448,32768
snapshot_897.xyz,897,8,64,0.945018057702735,0.04293824684888727,0.8669733764687759,1.0430824667319911,512
snapshot_897.xyz,897,16,8,0.9452149056607801,0.017032524815737502,0.9153524156335626,0.97907174871282,4096
snapshot_897.xyz,897,32,1,0.9352647857723495,0.0,0.9352647857723495,0.9352647857723495,32768
snapshot_898.xyz,898,8,64,0.9414867753178019,0.03776805920950795,0.8205852174735662,1.019626107015769,512
snapshot_898.xyz,898,16,8,0.935685801620306,0.010604242692551216,0.9244547531065623,0.9590537181836324,4096
snapshot_898.xyz,898,32,1,0.936721041239052,0.0,0.936721041239052,0.936721041239052,32768
snapshot_899.xyz,899,8,64,0.9431932796247744,0.041236493124922405,0.8541076104856781,1.0200871482336524,512
snapshot_899.xyz,899,16,8,0.9428202149776008,0.016329383445455876,0.907654834608991,0.9597915048955293,4096
snapshot_899.xyz,899,32,1,0.9451674124980022,0.0,0.9451674124980022,0.9451674124980022,32768
snapshot_900.xyz,900,8,64,0.9394770839780435,0.0495667551066972,0.8321041453305748,1.0587255037513008,512
snapshot_900.xyz,900,16,8,0.9403097647127264,0.018810680638830093,0.9013361099687629,0.9666540635749131,4096
snapshot_900.xyz,900,32,1,0.9448075815071623,0.0,0.9448075815071623,0.9448075815071623,32768
snapshot_901.xyz,901,8,64,0.9472933568494937,0.04318553597978582,0.8669733764687759,1.0645209722792932,512
snapshot_901.xyz,901,16,8,0.9373251902447937,0.0109149038531186,0.9157265914606503,0.9506243681176053,4096
snapshot_901.xyz,901,32,1,0.9318109721038126,0.0,0.9318109721038126,0.9318109721038126,32768
snapshot_902.xyz,902,8,64,0.9420342491822082,0.04198237408253789,0.8477374900214277,1.0205530303030304,512
snapshot_902.xyz,902,16,8,0.9440267561331722,0.01380718420962241,0.9234476664792353,0.9633306833375493,4096
snapshot_902.xyz,902,32,1,0.9369567384370014,0.0,0.9369567384370014,0.9369567384370014,32768
snapshot_903.xyz,903,8,64,0.9459886758790316,0.04464336661807457,0.8509852978575699,1.0453156233995804,512
snapshot_903.xyz,903,16,8,0.9398249164511434,0.017319112556511276,0.9149670227256435,0.971621889114826,4096
snapshot_903.xyz,903,32,1,0.9499238768456486,0.0,0.9499238768456486,0.9499238768456486,32768
snapshot_904.xyz,904,8,64,0.9505988499889733,0.04285657325731332,0.8640126752119673,1.0420411825677995,512
snapshot_904.xyz,904,16,8,0.9366097182055225,0.014916449821559399,0.9153524156335626,0.9590537181836324,4096
snapshot_904.xyz,904,32,1,0.9413024245255822,0.0,0.9413024245255822,0.9413024245255822,32768
snapshot_905.xyz,905,8,64,0.9407324198470428,0.04162027188097025,0.8246024722372892,1.0401074877702967,512
snapshot_905.xyz,905,16,8,0.9449534769922064,0.013121820444065752,0.9284498496326803,0.9663461538461537,4096
snapshot_905.xyz,905,32,1,0.9372878329447945,0.0,0.9372878329447945,0.9372878329447945,32768
snapshot_906.xyz,906,8,64,0.9432943881400159,0.03944616340109883,0.8356213385167788,1.0200871482336524,512
snapshot_906.xyz,906,16,8,0.9428430562368436,0.01692527400954595,0.9234476664792353,0.9795540719507991,4096
snapshot_906.xyz,906,32,1,0.9413024245255822,0.0,0.9413024245255822,0.9413024245255822,32768
snapshot_907.xyz,907,8,64,0.9392436285127647,0.049556012379004116,0.8284315785051048,1.0645209722792932,512
snapshot_907.xyz,907,16,8,0.9343630135533733,0.014862446953618947,0.9190354147250699,0.9712362579810732,4096
snapshot_907.xyz,907,32,1,0.94325274681489,0.0,0.94325274681489,0.94325274681489,32768
snapshot_908.xyz,908,8,64,0.9419455659955024,0.05229585042572481,0.8170810723252613,1.0420411825677995,512
snapshot_908.xyz,908,16,8,0.9283770624794682,0.008784227672304069,0.9183048458786544,0.9472206726530024,4096
snapshot_908.xyz,908,32,1,0.9418651445875543,0.0,0.9418651445875543,0.9418651445875543,32768
snapshot_909.xyz,909,8,64,0.9490950950861095,0.04263511767252411,0.8669733764687759,1.0859041628472992,512
snapshot_909.xyz,909,16,8,0.9490385927496329,0.01942786554700007,0.9080662298565609,0.9713539304439324,4096
snapshot_909.xyz,909,32,1,0.9494954626502903,0.0,0.9494954626502903,0.9494954626502903,32768
snapshot_910.xyz,910,8,64,0.9327270717580376,0.05061170597049851,0.8131542590848791,1.0210553999907177,512
snapshot_910.xyz,910,16,8,0.9429958800350529,0.012628359103615481,0.9258409159220702,0.9710995875289233,4096
snapshot_910.xyz,910,32,1,0.9318387327803852,0.0,0.9318387327803852,0.9318387327803852,32768
snapshot_911.xyz,911,8,64,0.9425258780034208,0.045392944475930945,0.8170810723252613,1.0401074877702967,512
snapshot_911.xyz,911,16,8,0.9440709640071564,0.015043834388448817,0.9208085173667844,0.96265038111856,4096
snapshot_911.xyz,911,32,1,0.9425129585326952,0.0,0.9425129585326952,0.9425129585326952,32768
snapshot_912.xyz,912,8,64,0.9518237407616614,0.046486111829757926,0.8609071525771544,1.0645209722792932,512
snapshot_912.xyz,912,16,8,0.9379297450659662,0.014693308419641175,0.907654834608991,0.9628227288940104,4096
snapshot_912.xyz,912,32,1,0.9407420266851843,0.0,0.9407420266851843,0.9407420266851843,32768
snapshot_913.xyz,913,8,64,0.9486781077391662,0.04996318047087833,0.8509852978575699,1.0645209722792932,512
snapshot_913.xyz,913,16,8,0.9483873719856928,0.01386639712614183,0.9168291783060138,0.9671193449371989,4096
snapshot_913.xyz,913,32,1,0.9354588684244347,0.0,0.9354588684244347,0.9354588684244347,32768
snapshot_914.xyz,914,8,64,0.9466867578072592,0.04484830015404841,0.8321041453305748,1.0661583568238173,512
snapshot_914.xyz,914,16,8,0.9351971480130479,0.01139659832849701,0.920108021958562,0.9510714414772522,4096
snapshot_914.xyz,914,32,1,0.9344287048258597,0.0,0.9344287048258597,0.9344287048258597,32768
snapshot_915.xyz,915,8,64,0.9437006976868838,0.04259052171914443,0.8284315785051048,1.0401074877702967,512
snapshot_915.xyz,915,16,8,0.9398217931138327,0.017693672589137444,0.9194045037084639,0.9704250868477083,4096
snapshot_915.xyz,915,32,1,0.9356001933720735,0.0,0.9356001933720735,0.9356001933720735,32768
snapshot_916.xyz,916,8,64,0.9457594152290678,0.04184365456890068,0.8669733764687759,1.0859041628472992,512
snapshot_916.xyz,916,16,8,0.9461587889622274,0.017011924779725247,0.9237805691121956,0.9672629306434934,4096
snapshot_916.xyz,916,32,1,0.9493816192691228,0.0,0.9493816192691228,0.9493816192691228,32768
snapshot_917.xyz,917,8,64,0.9454290067788796,0.040780209562840446,0.8477374900214277,1.0645209722792932,512
snapshot_917.xyz,917,16,8,0.9394416098021227,0.012926860008571418,0.9153524156335626,0.9557572674288876,4096
snapshot_917.xyz,917,32,1,0.9486868767530768,0.0,0.9486868767530768,0.9486868767530768,32768
snapshot_918.xyz,918,8,64,0.9511677011133642,0.03801207763229481,0.8509852978575699,1.0210553999907177,512
snapshot_918.xyz,918,16,8,0.9468669001253885,0.013770981855199916,0.9284498496326803,0.9709615208008082,4096
snapshot_918.xyz,918,32,1,0.937098121916282,0.0,0.937098121916282,0.937098121916282,32768
snapshot_919.xyz,919,8,64,0.9336980682394729,0.03888200491233004,0.8321041453305748,1.0205530303030304,512
snapshot_919.xyz,919,16,8,0.9403817096257762,0.016609793718738927,0.9194045037084639,0.9709615208008082,4096
snapshot_919.xyz,919,32,1,0.9354737924356913,0.0,0.9354737924356913,0.9354737924356913,32768
snapshot_920.xyz,920,8,64,0.9412639723917906,0.04675391053425454,0.8205852174735662,1.0420411825677995,512
snapshot_920.xyz,920,16,8,0.9363666395165162,0.0149210026419486,0.9113003275586615,0.9545367245589487,4096
snapshot_920.xyz,920,32,1,0.9412182205498815,0.0,0.9412182205498815,0.9412182205498815,32768
snapshot_921.xyz,921,8,64,0.9507513270836676,0.04590563705398979,0.8640126752119673,1.0661583568238173,512
snapshot_921.xyz,921,16,8,0.9422611767406189,0.009237164118196996,0.9306092581216349,0.9581064562729192,4096
snapshot_921.xyz,921,32,1,0.9438206845609446,0.0,0.9438206845609446,0.9438206845609446,32768
snapshot_922.xyz,922,8,64,0.9495697002050264,0.04205495500804598,0.8640126752119673,1.0880711418394462,512
snapshot_922.xyz,922,16,8,0.943984845038189,0.014096689032281551,0.9284498496326803,0.9751216824318119,4096
snapshot_922.xyz,922,32,1,0.9460279512695613,0.0,0.9460279512695613,0.9460279512695613,32768
snapshot_923.xyz,923,8,64,0.9355401273545145,0.04482070182057184,0.840786208602886,1.0574381226983356,512
snapshot_923.xyz,923,16,8,0.943561196587279,0.015797411873856717,0.9224063166263144,0.9668105427495637,4096
snapshot_923.xyz,923,32,1,0.9357624978876108,0.0,0.9357624978876108,0.9357624978876108,32768
snapshot_924.xyz,924,8,64,0.9560900976711222,0.04676475940927884,0.8477374900214277,1.0859041628472992,512
snapshot_924.xyz,924,16,8,0.9480529158520437,0.014045901591602508,0.9234476664792353,0.9717452864004588,4096
snapshot_924.xyz,924,32,1,0.9295696436834798,0.0,0.9295696436834798,0.9295696436834798,32768
snapshot_925.xyz,925,8,64,0.955315312699673,0.03362864321708502,0.8669733764687759,1.0215728419255936,512
snapshot_925.xyz,925,16,8,0.9409655388460516,0.014119808754049707,0.9234476664792353,0.9669565853613924,4096
snapshot_925.xyz,925,32,1,0.9452111677863068,0.0,0.9452111677863068,0.9452111677863068,32768
snapshot_926.xyz,926,8,64,0.9481129849285936,0.04540671815041915,0.8509852978575699,1.0678660521055328,512
snapshot_926.xyz,926,16,8,0.9280447169598804,0.01785718320629639,0.9031872261047296,0.9543300578565524,4096
snapshot_926.xyz,926,32,1,0.940788508436267,0.0,0.940788508436267,0.940788508436267,32768
snapshot_927.xyz,927,8,64,0.953652892081321,0.04855728235776122,0.8321041453305748,1.104642707962685,512
snapshot_927.xyz,927,16,8,0.9350401773474506,0.01645909407509228,0.9013361099687629,0.9588764106347515,4096
snapshot_927.xyz,927,32,1,0.9350181044087218,0.0,0.9350181044087218,0.9350181044087218,32768
snapshot_928.xyz,928,8,64,0.9399254146059218,0.04506545096189164,0.8477374900214277,1.0420411825677995,512
snapshot_928.xyz,928,16,8,0.9311664963119858,0.012723364572291585,0.9153524156335626,0.9472206726530024,4096
snapshot_928.xyz,928,32,1,0.9509217782555893,0.0,0.9509217782555893,0.9509217782555893,32768
snapshot_929.xyz,929,8,64,0.9420216832158045,0.04295052609401982,0.8284315785051048,1.0210553999907177,512
snapshot_929.xyz,929,16,8,0.9393373638553542,0.010729147333534559,0.9241190012395963,0.9553634089723056,4096
snapshot_929.xyz,929,32,1,0.9414324686275483,0.0,0.9414324686275483,0.9414324686275483,32768
snapshot_930.xyz,930,8,64,0.9486633320791217,0.04429774792400034,0.8509852978575699,1.0420411825677995,512
snapshot_930.xyz,930,16,8,0.9333882960319977,0.008950694011416661,0.9160970426775279,0.9464983468590321,4096
snapshot_930.xyz,930,32,1,0.9407420266851843,0.0,0.9407420266851843,0.9407420266851843,32768
snapshot_931.xyz,931,8,64,0.9556857813215571,0.0477592648299458,0.8509852978575699,1.0645209722792932,512
snapshot_931.xyz,931,16,8,0.9384153990118348,0.014728204072254687,0.919753580286423,0.9668105427495637,4096
snapshot_931.xyz,931,32,1,0.9465588540834264,0.0,0.9465588540834264,0.9465588540834264,32768
snapshot_932.xyz,932,8,64,0.939355058704736,0.04038220515308323,0.8640126752119673,1.0392012749328694,512
snapshot_932.xyz,932,16,8,0.9399782328944775,0.011273962582988798,0.9157265914606503,0.955154844071839,4096
snapshot_932.xyz,932,32,1,0.947211698969443,0.0,0.947211698969443,0.947211698969443,32768
snapshot_933.xyz,933,8,64,0.9459666670976269,0.03840164937009133,0.8809698804386583,1.0430824667319911,512
snapshot_933.xyz,933,16,8,0.9361611912405474,0.017019098684379376,0.8945981790809377,0.9553634089723056,4096
snapshot_933.xyz,933,32,1,0.9486868767530768,0.0,0.9486868767530768,0.9486868767530768,32768
snapshot_934.xyz,934,8,64,0.9500184164170264,0.046189116017272186,0.8356213385167788,1.0430824667319911,512
snapshot_934.xyz,934,16,8,0.9454698830440094,0.01244209456601735,0.9164645600543262,0.9582991359197337,4096
snapshot_934.xyz,934,32,1,0.944026539869489,0.0,0.944026539869489,0.944026539869489,32768
snapshot_935.xyz,935,8,64,0.9497768261557246,0.04311380582036574,0.8422403627526989,1.0441728791929505,512
snapshot_935.xyz,935,16,8,0.9412157584282351,0.01784017298433751,0.9160970426775279,0.96316285989006,4096
snapshot_935.xyz,935,32,1,0.936261961722488,0.0,0.936261961722488,0.936261961722488,32768
snapshot_936.xyz,936,8,64,0.9462991066329849,0.044365135903813295,0.8389996817651426,1.0420411825677995,512
snapshot_936.xyz,936,16,8,0.9391222957424195,0.009171743132338626,0.926841338108006,0.9508445057237713,4096
snapshot_936.xyz,936,32,1,0.9417815461346632,0.0,0.9417815461346632,0.9417815461346632,32768
snapshot_937.xyz,937,8,64,0.9537048117152697,0.04806036292634505,0.8509852978575699,1.0645209722792932,512
snapshot_937.xyz,937,16,8,0.941478280772555,0.009578905007056032,0.9234476664792353,0.9586797267264796,4096
snapshot_937.xyz,937,32,1,0.9472540754355122,0.0,0.9472540754355122,0.9472540754355122,32768
snapshot_938.xyz,938,8,64,0.9447009132893978,0.04647474432250007,0.8356213385167788,1.0430824667319911,512
snapshot_938.xyz,938,16,8,0.950581672783399,0.018090282570797436,0.9237805691121956,0.983645071751238,4096
snapshot_938.xyz,938,32,1,0.9355087927287098,0.0,0.9355087927287098,0.9355087927287098,32768
snapshot_939.xyz,939,8,64,0.943041606519617,0.03796866570185289,0.8669733764687759,1.0614848484848483,512
snapshot_939.xyz,939,16,8,0.9435846252708624,0.013608943844191033,0.9241190012395963,0.9751216824318119,4096
snapshot_939.xyz,939,32,1,0.9379782748871582,0.0,0.9379782748871582,0.9379782748871582,32768
snapshot_940.xyz,940,8,64,0.9455650028011212,0.038294913232690964,0.8576752058079028,1.0600758649870465,512
snapshot_940.xyz,940,16,8,0.9621846449423708,0.014746752424698086,0.9274908292500066,0.9795540719507991,4096
snapshot_940.xyz,940,32,1,0.9453781679906029,0.0,0.9453781679906029,0.9453781679906029,32768
snapshot_941.xyz,941,8,64,0.9438750455390953,0.04217926707496791,0.8477374900214277,1.0645209722792932,512
snapshot_941.xyz,941,16,8,0.9281429585887397,0.013332404690557107,0.9072482394837604,0.9584902194875563,4096
snapshot_941.xyz,941,32,1,0.9363634553743853,0.0,0.9363634553743853,0.9363634553743853,32768
snapshot_942.xyz,942,8,64,0.9487586448976761,0.052911069235571824,0.7941493858642233,1.1317109418539846,512
snapshot_942.xyz,942,16,8,0.9477994393884948,0.012165456161232137,0.9278075579379684,0.9671193449371989,4096
snapshot_942.xyz,942,32,1,0.9423367951780733,0.0,0.9423367951780733,0.9423367951780733,32768
snapshot_943.xyz,943,8,64,0.9506560576956009,0.04538014111419715,0.8541076104856781,1.0880711418394462,512
snapshot_943.xyz,943,16,8,0.936828554574423,0.01321932770468522,0.9130152458821486,0.9555613305613306,4096
snapshot_943.xyz,943,32,1,0.9507321799584465,0.0,0.9507321799584465,0.9507321799584465,32768
snapshot_944.xyz,944,8,64,0.943120920774856,0.040608096042093624,0.8541076104856781,1.0200871482336524,512
snapshot_944.xyz,944,16,8,0.9451789044843635,0.01060585699250885,0.9344079388980606,0.96265038111856,4096
snapshot_944.xyz,944,32,1,0.9404775423602187,0.0,0.9404775423602187,0.9404775423602187,32768
snapshot_945.xyz,945,8,64,0.9432179088752595,0.051504324335352514,0.8163948542456927,1.0629728182676095,512
snapshot_945.xyz,945,16,8,0.9452295694732229,0.01425778541924608,0.9164645600543262,0.9629933236786258,4096
snapshot_945.xyz,945,32,1,0.9448429558449809,0.0,0.9448429558449809,0.9448429558449809,32768
snapshot_946.xyz,946,8,64,0.943796489714085,0.04408003727957989,0.8609071525771544,1.0629728182676095,512
snapshot_946.xyz,946,16,8,0.9365258591590768,0.016001140663142777,0.9149670227256435,0.9664962773641516,4096
snapshot_946.xyz,946,32,1,0.9428230677721628,0.0,0.9428230677721628,0.9428230677721628,32768
snapshot_947.xyz,947,8,64,0.9530386972106919,0.04114054276220889,0.8782003221663833,1.0629728182676095,512
snapshot_947.xyz,947,16,8,0.9477106518863467,0.01950137345609851,0.9208085173667844,0.9755718570447729,4096
snapshot_947.xyz,947,32,1,0.9419120428437755,0.0,0.9419120428437755,0.9419120428437755,32768
snapshot_948.xyz,948,8,64,0.9489963371382539,0.04567592645240273,0.8576752058079028,1.1021893939393939,512
snapshot_948.xyz,948,16,8,0.9451224954508126,0.025024601210851774,0.8914935417055587,0.9679885501951268,4096
snapshot_948.xyz,948,32,1,0.9434247908926549,0.0,0.9434247908926549,0.9434247908926549,32768
snapshot_949.xyz,949,8,64,0.9380902541855853,0.04526436285978594,0.8356213385167788,1.0614848484848483,512
snapshot_949.xyz,949,16,8,0.9391378975703403,0.013202184004508748,0.9171909316020195,0.9596028389131838,4096
snapshot_949.xyz,949,32,1,0.9437759709125779,0.0,0.9437759709125779,0.9437759709125779,32768
snapshot_950.xyz,950,8,64,0.9398725560172704,0.04131240095934865,0.8570992892754854,1.0859041628472992,512
snapshot_950.xyz,950,16,8,0.9439096690349529,0.017600109641359038,0.9183048458786544,0.9663461538461537,4096
snapshot_950.xyz,950,32,1,0.9331928941055176,0.0,0.9331928941055176,0.9331928941055176,32768
snapshot_951.xyz,951,8,64,0.9386547704764499,0.041126034632730596,0.8443361214993291,1.0600758649870465,512
snapshot_951.xyz,951,16,8,0.9434286243066045,0.011497501954210041,0.9237805691121956,0.9555613305613306,4096
snapshot_951.xyz,951,32,1,0.9383462918660286,0.0,0.9383462918660286,0.9383462918660286,32768
snapshot_952.xyz,952,8,64,0.9476444978636577,0.04258439341859281,0.8509852978575699,1.0410530303030303,512
snapshot_952.xyz,952,16,8,0.9379848341903186,0.0058199103882607735,0.9318345467637411,0.9499442082645544,4096
snapshot_952.xyz,952,32,1,0.9442843981256748,0.0,0.9442843981256748,0.9442843981256748,32768
snapshot_953.xyz,953,8,64,0.9546957809197312,0.04678011019732072,0.8570992892754854,1.0410530303030303,512
snapshot_953.xyz,953,16,8,0.937230534864473,0.01582799187646864,0.9116907130348205,0.96316285989006,4096
snapshot_953.xyz,953,32,1,0.9472963935277148,0.0,0.9472963935277148,0.9472963935277148,32768
snapshot_954.xyz,954,8,64,0.9573898990408707,0.04257829951871401,0.8753030303030302,1.0614848484848483,512
snapshot_954.xyz,954,16,8,0.9438856493055774,0.018954475359266896,0.907654834608991,0.9594302783826096,4096
snapshot_954.xyz,954,32,1,0.9369745163231681,0.0,0.9369745163231681,0.9369745163231681,32768
snapshot_955.xyz,955,8,64,0.941391585169878,0.04882068367565565,0.7941493858642233,1.0420411825677995,512
snapshot_955.xyz,955,16,8,0.9370926654614626,0.011410912786978014,0.9157265914606503,0.9547503893761784,4096
snapshot_955.xyz,955,32,1,0.94803391521197,0.0,0.94803391521197,0.94803391521197,32768
snapshot_956.xyz,956,8,64,0.9460996821039096,0.041827955847538636,0.8477374900214277,1.0410530303030303,512
snapshot_956.xyz,956,16,8,0.9453431036528044,0.008765291648656812,0.9318345467637411,0.9636533084808948,4096
snapshot_956.xyz,956,32,1,0.9283001835226427,0.0,0.9283001835226427,0.9283001835226427,32768
snapshot_957.xyz,957,8,64,0.9476378812119501,0.04305668717208891,0.8284315785051048,1.0661583568238173,512
snapshot_957.xyz,957,16,8,0.9400881749437162,0.013793482970433247,0.9157265914606503,0.9668105427495637,4096
snapshot_957.xyz,957,32,1,0.9379782748871582,0.0,0.9379782748871582,0.9379782748871582,32768
snapshot_958.xyz,958,8,64,0.949177039500027,0.04190075744688053,0.8477374900214277,1.0600758649870465,512
snapshot_958.xyz,958,16,8,0.934391899526136,0.015569331596893126,0.9000265627766957,0.9555613305613306,4096
snapshot_958.xyz,958,32,1,0.9444268964345331,0.0,0.9444268964345331,0.9444268964345331,32768
snapshot_959.xyz,959,8,64,0.9491377934378722,0.04319140552644349,0.8477374900214277,1.0629728182676095,512
snapshot_959.xyz,959,16,8,0.9461600983213122,0.007088949860081092,0.9361430848238003,0.9586797267264796,4096
snapshot_959.xyz,959,32,1,0.9368360174392739,0.0,0.9368360174392739,0.9368360174392739,32768
snapshot_960.xyz,960,8,64,0.9488672569669804,0.046641172863039385,0.8541076104856781,1.0629728182676095,512
snapshot_960.xyz,960,16,8,0.9425116626566541,0.01565471685146074,0.920108021958562,0.9590537181836324,4096
snapshot_960.xyz,960,32,1,0.9390889440078096,0.0,0.9390889440078096,0.9390889440078096,32768
snapshot_961.xyz,961,8,64,0.9466341656948,0.03735146763988434,0.8640126752119673,1.0215728419255936,512
snapshot_961.xyz,961,16,8,0.9414045718567281,0.008715444594430417,0.926841338108006,0.954953647430199,4096
snapshot_961.xyz,961,32,1,0.939599648393799,0.0,0.939599648393799,0.939599648393799,32768
snapshot_962.xyz,962,8,64,0.9580107759668269,0.04586062019518377,0.8477374900214277,1.0645209722792932,512
snapshot_962.xyz,962,16,8,0.9400094629011593,0.016569294404681648,0.919753580286423,0.9710995875289233,4096
snapshot_962.xyz,962,32,1,0.9410387199169503,0.0,0.9410387199169503,0.9410387199169503,32768
snapshot_963.xyz,963,8,64,0.9492286028452631,0.044570410254033896,0.8576752058079028,1.0629728182676095,512
snapshot_963.xyz,963,16,8,0.9409692909256335,0.012289733079611002,0.9211546370103336,0.9633306833375493,4096
snapshot_963.xyz,963,32,1,0.9410387199169503,0.0,0.9410387199169503,0.9410387199169503,32768
snapshot_964.xyz,964,8,64,0.932219855461603,0.04135872179822586,0.8477374900214277,1.0410530303030303,512
snapshot_964.xyz,964,16,8,0.9460168286186192,0.01575990276035093,0.9306092581216349,0.9756797610264345,4096
snapshot_964.xyz,964,32,1,0.9459069084956229,0.0,0.9459069084956229,0.9459069084956229,32768
snapshot_965.xyz,965,8,64,0.9598353584327276,0.0425081171535809,0.8477374900214277,1.0629728182676095,512
snapshot_965.xyz,965,16,8,0.9330323490821003,0.012760464331579692,0.9120860633964938,0.9512875420633063,4096
snapshot_965.xyz,965,32,1,0.9453336520933568,0.0,0.9453336520933568,0.9453336520933568,32768
snapshot_966.xyz,966,8,64,0.9450110710203989,0.043757724987958435,0.8477374900214277,1.0645209722792932,512
snapshot_966.xyz,966,16,8,0.941408163539256,0.02048438796028475,0.9120860633964938,0.9755718570447729,4096
snapshot_966.xyz,966,32,1,0.9427692185514611,0.0,0.9427692185514611,0.9427692185514611,32768
snapshot_967.xyz,967,8,64,0.9453885996408471,0.0404850530599788,0.8509852978575699,1.0221227859040942,512
snapshot_967.xyz,967,16,8,0.9420888474159149,0.014546678947146034,0.9251095925170842,0.9677037780486056,4096
snapshot_967.xyz,967,32,1,0.9394085691060133,0.0,0.9394085691060133,0.9394085691060133,32768
snapshot_968.xyz,968,8,64,0.9479866323620011,0.04568256266609153,0.8389996817651426,1.0645209722792932,512
snapshot_968.xyz,968,16,8,0.9424379843027986,0.016365974130419774,0.9247878564275549,0.9749997694556387,4096
snapshot_968.xyz,968,32,1,0.9386207512706479,0.0,0.9386207512706479,0.9386207512706479,32768
snapshot_969.xyz,969,8,64,0.9457048983567653,0.04561831357261841,0.8541076104856781,1.0430824667319911,512
snapshot_969.xyz,969,16,8,0.9441991929236505,0.012432597931630544,0.9216966782340994,0.9596028389131838,4096
snapshot_969.xyz,969,32,1,0.9372878329447945,0.0,0.9372878329447945,0.9372878329447945,32768
snapshot_970.xyz,970,8,64,0.9457124416965419,0.05013399504744224,0.8356213385167788,1.0818636363636362,512
snapshot_970.xyz,970,16,8,0.9422072605870284,0.017861820788406643,0.919753580286423,0.9754540011973658,4096
snapshot_970.xyz,970,32,1,0.9320677731673581,0.0,0.9320677731673581,0.9320677731673581,32768
snapshot_971.xyz,971,8,64,0.9346560275058572,0.04482760986193254,0.8131542590848791,1.0441728791929505,512
snapshot_971.xyz,971,16,8,0.949663649124905,0.0045039756817807745,0.9434009606423399,0.9581064562729192,4096
snapshot_971.xyz,971,32,1,0.9432986919906826,0.0,0.9432986919906826,0.9432986919906826,32768
snapshot_972.xyz,972,8,64,0.938340124915485,0.0404095914255893,0.8640126752119673,1.0614848484848483,512
snapshot_972.xyz,972,16,8,0.942757996012066,0.02071415531354763,0.9059823654826004,0.9710995875289233,4096
snapshot_972.xyz,972,32,1,0.9346254817074982,0.0,0.9346254817074982,0.9346254817074982,32768
snapshot_973.xyz,973,8,64,0.9464895510708007,0.05136624510749815,0.8356213385167788,1.0629728182676095,512
snapshot_973.xyz,973,16,8,0.9387891272587292,0.021469813168191403,0.9141943410544575,0.9709615208008082,4096
snapshot_973.xyz,973,32,1,0.9403439774009043,0.0,0.9403439774009043,0.9403439774009043,32768
snapshot_974.xyz,974,8,64,0.9364174858419918,0.048031544648744894,0.8284315785051048,1.078191516456967,512
snapshot_974.xyz,974,16,8,0.9567525614359387,0.016634492744310527,0.9318345467637411,0.979460975854123,4096
snapshot_974.xyz,974,32,1,0.9435047864689251,0.0,0.9435047864689251,0.9435047864689251,32768
snapshot_975.xyz,975,8,64,0.943774803936118,0.047085862797378274,0.8284315785051048,1.1072162341562095,512
snapshot_975.xyz,975,16,8,0.945738921029989,0.021031019057921777,0.9124694635282081,0.9755718570447729,4096
snapshot_975.xyz,975,32,1,0.9325550062906788,0.0,0.9325550062906788,0.9325550062906788,32768
snapshot_976.xyz,976,8,64,0.9623211089365056,0.04586137134195971,0.8861532428609442,1.0818636363636362,512
snapshot_976.xyz,976,16,8,0.9329913407419407,0.012600111239732066,0.9160970426775279,0.9515108609936196,4096
snapshot_976.xyz,976,32,1,0.9481825958936813,0.0,0.9481825958936813,0.9481825958936813,32768
snapshot_977.xyz,977,8,64,0.945764724942853,0.05318592336092275,0.8321041453305748,1.0799922798839015,512
snapshot_977.xyz,977,16,8,0.9401278471031318,0.011237606193587522,0.9227564737003112,0.9594302783826096,4096
snapshot_977.xyz,977,32,1,0.9533039506177793,0.0,0.9533039506177793,0.9533039506177793,32768
snapshot_978.xyz,978,8,64,0.9430297576847253,0.04220993033865186,0.8477374900214277,1.0401074877702967,512
snapshot_978.xyz,978,16,8,0.9495192999337871,0.006463340717896789,0.9393415298587713,0.9582991359197337,4096
snapshot_978.xyz,978,32,1,0.9361973918197983,0.0,0.9361973918197983,0.9361973918197983,32768
snapshot_979.xyz,979,8,64,0.9400528371113729,0.04387665394049883,0.8509852978575699,1.0420411825677995,512
snapshot_979.xyz,979,16,8,0.9370653372358585,0.015707069859273823,0.9175578506994377,0.9634881502942182,4096
snapshot_979.xyz,979,32,1,0.9403910224438903,0.0,0.9403910224438903,0.9403910224438903,32768
snapshot_980.xyz,980,8,64,0.9484932931242254,0.04148093274168144,0.8809698804386583,1.0420411825677995,512
snapshot_980.xyz,980,16,8,0.9426657619786099,0.009362382720674092,0.9237805691121956,0.9515108609936196,4096
snapshot_980.xyz,980,32,1,0.9374258758773623,0.0,0.9374258758773623,0.9374258758773623,32768
snapshot_981.xyz,981,8,64,0.9520439631760966,0.04448840640986312,0.8698114634096048,1.0838348365537833,512
snapshot_981.xyz,981,16,8,0.9526459289203577,0.011779625583652595,0.9338034223209958,0.971621889114826,4096
snapshot_981.xyz,981,32,1,0.9389488243430152,0.0,0.9389488243430152,0.9389488243430152,32768
snapshot_982.xyz,982,8,64,0.9502019878273371,0.04836078034107982,0.8443361214993291,1.0838348365537833,512
snapshot_982.xyz,982,16,8,0.938274188874803,0.007395819146084199,0.9265077873739747,0.9469790048061287,4096
snapshot_982.xyz,982,32,1,0.9430797506792392,0.0,0.9430797506792392,0.9430797506792392,32768
snapshot_983.xyz,983,8,64,0.95080273438483,0.054381332253762064,0.840786208602886,1.1021893939393939,512
snapshot_983.xyz,983,16,8,0.941969853282502,0.013766103140737356,0.9190354147250699,0.9592472807429624,4096
snapshot_983.xyz,983,32,1,0.9400985387711401,0.0,0.9400985387711401,0.9400985387711401,32768
snapshot_984.xyz,984,8,64,0.950882877270532,0.04250966589456813,0.8809698804386583,1.0430824667319911,512
snapshot_984.xyz,984,16,8,0.9440228357998577,0.01892499092143629,0.910898630726217,0.9831870257402172,4096
snapshot_984.xyz,984,32,1,0.9412182205498815,0.0,0.9412182205498815,0.9412182205498815,32768
snapshot_985.xyz,985,8,64,0.9487502568217177,0.03652754422621731,0.8443361214993291,1.0200871482336524,512
snapshot_985.xyz,985,16,8,0.9456177864552556,0.01580148677186143,0.9274908292500066,0.9714884544501862,4096
snapshot_985.xyz,985,32,1,0.9386697088438073,0.0,0.9386697088438073,0.9386697088438073,32768
snapshot_986.xyz,986,8,64,0.9474297124526877,0.04641256335187475,0.8609071525771544,1.0600758649870465,512
snapshot_986.xyz,986,16,8,0.9433659298138868,0.015456274433611718,0.9190354147250699,0.9755718570447729,4096
snapshot_986.xyz,986,32,1,0.9294152467960417,0.0,0.9294152467960417,0.9294152467960417,32768
snapshot_987.xyz,987,8,64,0.9392634863407132,0.04875714306717231,0.8321041453305748,1.0678660521055328,512
snapshot_987.xyz,987,16,8,0.9451276003496798,0.00994992163615339,0.9324361269611691,0.9594302783826096,4096
snapshot_987.xyz,987,32,1,0.9523074319616157,0.0,0.9523074319616157,0.9523074319616157,32768
snapshot_988.xyz,988,8,64,0.9497457539475818,0.04391860085296142,0.8477374900214277,1.0614848484848483,512
snapshot_988.xyz,988,16,8,0.9418093718746331,0.014870013085000317,0.926841338108006,0.9712362579810732,4096
snapshot_988.xyz,988,32,1,0.9349241450756556,0.0,0.9349241450756556,0.9349241450756556,32768
snapshot_989.xyz,989,8,64,0.953436644410527,0.046480245964604455,0.8477374900214277,1.0645209722792932,512
snapshot_989.xyz,989,16,8,0.9501985027609655,0.015864341156807536,0.9231038067244964,0.97907174871282,4096
snapshot_989.xyz,989,32,1,0.9431259420448987,0.0,0.9431259420448987,0.9431259420448987,32768
snapshot_990.xyz,990,8,64,0.9446527976262151,0.04621122347374924,0.8541076104856781,1.0420411825677995,512
snapshot_990.xyz,990,16,8,0.9497350772621425,0.009815185127558152,0.9330282534321489,0.9633306833375493,4096
snapshot_990.xyz,990,32,1,0.9432986919906826,0.0,0.9432986919906826,0.9432986919906826,32768
snapshot_991.xyz,991,8,64,0.9544139065198401,0.04577818642792749,0.8356213385167788,1.0453156233995804,512
snapshot_991.xyz,991,16,8,0.9494454050255232,0.013716727928462685,0.9190354147250699,0.9633306833375493,4096
snapshot_991.xyz,991,32,1,0.9414794694371195,0.0,0.9414794694371195,0.9414794694371195,32768
snapshot_992.xyz,992,8,64,0.949715215815371,0.04555099242855949,0.8370684343753015,1.0859041628472992,512
snapshot_992.xyz,992,16,8,0.9452921387408812,0.018836953773145575,0.920108021958562,0.9792726604830564,4096
snapshot_992.xyz,992,32,1,0.9474902514722265,0.0,0.9474902514722265,0.9474902514722265,32768
snapshot_993.xyz,993,8,64,0.9529423970584272,0.04665362949921164,0.8609071525771544,1.0818636363636362,512
snapshot_993.xyz,993,16,8,0.9465806047231065,0.012788830124336462,0.9309172050170053,0.9621336110697812,4096
snapshot_993.xyz,993,32,1,0.9464796565479549,0.0,0.9464796565479549,0.9464796565479549,32768
snapshot_994.xyz,994,8,64,0.938870702827297,0.03803959663063798,0.8669733764687759,1.0410530303030303,512
snapshot_994.xyz,994,16,8,0.9432088561620648,0.01914800913546977,0.9113003275586615,0.9793581547635379,4096
snapshot_994.xyz,994,32,1,0.9382072079271216,0.0,0.9382072079271216,0.9382072079271216,32768
snapshot_995.xyz,995,8,64,0.945402225482721,0.04810284789264332,0.8443361214993291,1.0614848484848483,512
snapshot_995.xyz,995,16,8,0.9439669397456352,0.012399509215371958,0.9306092581216349,0.9668105427495637,4096
snapshot_995.xyz,995,32,1,0.95029971072696,0.0,0.95029971072696,0.95029971072696,32768
snapshot_996.xyz,996,8,64,0.9470203091458592,0.04447017884827834,0.8477374900214277,1.0838348365537833,512
snapshot_996.xyz,996,16,8,0.9469695481218603,0.01869184903334636,0.9194045037084639,0.9754540011973658,4096
snapshot_996.xyz,996,32,1,0.9426418510265796,0.0,0.9426418510265796,0.9426418510265796,32768
snapshot_997.xyz,997,8,64,0.9463773185475307,0.04410075026597946,0.8321041453305748,1.0441728791929505,512
snapshot_997.xyz,997,16,8,0.9402632952563031,0.01643890730155649,0.9116907130348205,0.9628227288940104,4096
snapshot_997.xyz,997,32,1,0.9426871576687177,0.0,0.9426871576687177,0.9426871576687177,32768
snapshot_998.xyz,998,8,64,0.9512297442113098,0.04138845174570631,0.8477374900214277,1.0838348365537833,512
snapshot_998.xyz,998,16,8,0.9437605372761096,0.008274801732982364,0.9355771547915495,0.9586797267264796,4096
snapshot_998.xyz,998,32,1,0.9461484934938418,0.0,0.9461484934938418,0.9461484934938418,32768
snapshot_999.xyz,999,8,64,0.9392389138084172,0.045500598719892496,0.8356213385167788,1.0645209722792932,512
snapshot_999.xyz,999,16,8,0.9401089430522291,0.012687923958564088,0.9157265914606503,0.9592472807429624,4096
snapshot_999.xyz,999,32,1,0.9277687030382228,0.0,0.9277687030382228,0.9277687030382228,32768
snapshot_1000.xyz,1000,8,64,0.942508970257087,0.04977884270859073,0.8284315785051048,1.0859041628472992,512
snapshot_1000.xyz,1000,16,8,0.9444004856680398,0.014661337044013567,0.9216966782340994,0.9709615208008082,4096
snapshot_1000.xyz,1000,32,1,0.9332454949823167,0.0,0.9332454949823167,0.9332454949823167,32768
snapshot_1001.xyz,1001,8,64,0.9460662583212451,0.04143228430498201,0.8698114634096048,1.0441728791929505,512
snapshot_1001.xyz,1001,16,8,0.9389312783057963,0.010046516651052124,0.9278075579379684,0.9553634089723056,4096
snapshot_1001.xyz,1001,32,1,0.9474145573718236,0.0,0.9474145573718236,0.9474145573718236,32768
snapshot_1002.xyz,1002,8,64,0.952963016221545,0.05127484412714577,0.8389996817651426,1.0645209722792932,512
snapshot_1002.xyz,1002,16,8,0.9468703378268877,0.015272233884439521,0.9284498496326803,0.9754540011973658,4096
snapshot_1002.xyz,1002,32,1,0.9474902514722265,0.0,0.9474902514722265,0.9474902514722265,32768
snapshot_1003.xyz,1003,8,64,0.9536372100202808,0.039380951936475006,0.8669733764687759,1.0614848484848483,512
snapshot_1003.xyz,1003,16,8,0.9515234994738394,0.01524979436880033,0.9258409159220702,0.9798283031041651,4096
snapshot_1003.xyz,1003,32,1,0.9424302013355825,0.0,0.9424302013355825,0.9424302013355825,32768
snapshot_1004.xyz,1004,8,64,0.9469929798793226,0.050391354721943615,0.8284315785051048,1.0645209722792932,512
snapshot_1004.xyz,1004,16,8,0.9416558715753334,0.01819194648420443,0.9113003275586615,0.9706911879097677,4096
snapshot_1004.xyz,1004,32,1,0.9454556298895592,0.0,0.9454556298895592,0.9454556298895592,32768
snapshot_1005.xyz,1005,8,64,0.9505223130208283,0.037855505228066424,0.8640126752119673,1.0205530303030304,512
snapshot_1005.xyz,1005,16,8,0.9450869689250638,0.01433671356555045,0.9247878564275549,0.9672629306434934,4096
snapshot_1005.xyz,1005,32,1,0.9513182168063509,0.0,0.9513182168063509,0.9513182168063509,32768
snapshot_1006.xyz,1006,8,64,0.9576985633434265,0.04402219442208078,0.8640126752119673,1.0441728791929505,512
snapshot_1006.xyz,1006,16,8,0.9390812744713275,0.012222902912587695,0.920108021958562,0.9623013668185354,4096
snapshot_1006.xyz,1006,32,1,0.9398315714029744,0.0,0.9398315714029744,0.9398315714029744,32768
snapshot_1007.xyz,1007,8,64,0.9494433003856695,0.04275265576369978,0.8698114634096048,1.0420411825677995,512
snapshot_1007.xyz,1007,16,8,0.9389489304045107,0.018350644075870337,0.9128498392452432,0.9714884544501862,4096
snapshot_1007.xyz,1007,32,1,0.9432077352472089,0.0,0.9432077352472089,0.9432077352472089,32768
snapshot_1008.xyz,1008,8,64,0.9477364354352427,0.04090635219097686,0.8284315785051048,1.0838348365537833,512
snapshot_1008.xyz,1008,16,8,0.9309859719737035,0.010107703031909313,0.9153524156335626,0.9497073748935067,4096
snapshot_1008.xyz,1008,32,1,0.9443465170028397,0.0,0.9443465170028397,0.9443465170028397,32768
snapshot_1009.xyz,1009,8,64,0.9507924698856568,0.044850303929446,0.840786208602886,1.0410530303030303,512
snapshot_1009.xyz,1009,16,8,0.934727152543706,0.007697755267104119,0.9237805691121956,0.9467353640173436,4096
snapshot_1009.xyz,1009,32,1,0.9332877946402938,0.0,0.9332877946402938,0.9332877946402938,32768
snapshot_1010.xyz,1010,8,64,0.9465131575142269,0.04303017682396347,0.8284315785051048,1.0420411825677995,512
snapshot_1010.xyz,1010,16,8,0.951104559546388,0.01891888895026794,0.9194045037084639,0.9796462255628229,4096
snapshot_1010.xyz,1010,32,1,0.9372878329447945,0.0,0.9372878329447945,0.9372878329447945,32768
snapshot_1011.xyz,1011,8,64,0.9370867515595449,0.041560627987524995,0.8321041453305748,1.0420411825677995,512
snapshot_1011.xyz,1011,16,8,0.9516300219458955,0.014908887962122754,0.9241190012395963,0.9751216824318119,4096
snapshot_1011.xyz,1011,32,1,0.9520148863057398,0.0,0.9520148863057398,0.9520148863057398,32768
snapshot_1012.xyz,1012,8,64,0.954805168197429,0.04660020413341971,0.8090696469336023,1.0375194319566405,512
snapshot_1012.xyz,1012,16,8,0.9403468619891336,0.024874176219989483,0.8878972255357127,0.9831160584214261,4096
snapshot_1012.xyz,1012,32,1,0.9362868615515149,0.0,0.9362868615515149,0.9362868615515149,32768
snapshot_1013.xyz,1013,8,64,0.953250546479734,0.048931249536549724,0.8640126752119673,1.0859041628472992,512
snapshot_1013.xyz,1013,16,8,0.9365230800092442,0.014017997893364553,0.9171909316020195,0.9628227288940104,4096
snapshot_1013.xyz,1013,32,1,0.937098121916282,0.0,0.937098121916282,0.937098121916282,32768
snapshot_1014.xyz,1014,8,64,0.9502043427245268,0.04367704239390718,0.8389996817651426,1.0587255037513008,512
snapshot_1014.xyz,1014,16,8,0.9425560304463073,0.014203598943474451,0.910898630726217,0.9588764106347515,4096
snapshot_1014.xyz,1014,32,1,0.9406572228955159,0.0,0.9406572228955159,0.9406572228955159,32768
snapshot_1015.xyz,1015,8,64,0.946011228716956,0.04248173055772766,0.8356213385167788,1.0401074877702967,512
snapshot_1015.xyz,1015,16,8,0.945086883861998,0.00963902493407687,0.9265077873739747,0.9629933236786258,4096
snapshot_1015.xyz,1015,32,1,0.9342819884927034,0.0,0.9342819884927034,0.9342819884927034,32768
snapshot_1016.xyz,1016,8,64,0.9521786466574755,0.045907967267451506,0.840786208602886,1.0859041628472992,512
snapshot_1016.xyz,1016,16,8,0.9387915775574052,0.013941738077231978,0.9204596565804444,0.9623013668185354,4096
snapshot_1016.xyz,1016,32,1,0.9372878329447945,0.0,0.9372878329447945,0.9372878329447945,32768
snapshot_1017.xyz,1017,8,64,0.9505948353491176,0.04745445051941892,0.8443361214993291,1.0645209722792932,512
snapshot_1017.xyz,1017,16,8,0.9334492176289981,0.007718587692179293,0.920108021958562,0.9439066236410024,4096
snapshot_1017.xyz,1017,32,1,0.9248410297108277,0.0,0.9248410297108277,0.9248410297108277,32768
snapshot_1018.xyz,1018,8,64,0.9470293100015357,0.04678877101933427,0.8477374900214277,1.0410530303030303,512
snapshot_1018.xyz,1018,16,8,0.9403703751288751,0.018567493120525316,0.905299815377077,0.963825742362171,4096
snapshot_1018.xyz,1018,32,1,0.9335903300863667,0.0,0.9335903300863667,0.9335903300863667,32768
snapshot_1019.xyz,1019,8,64,0.9511859172270947,0.04469217978019505,0.8509852978575699,1.0859041628472992,512
snapshot_1019.xyz,1019,16,8,0.9390582147580153,0.014585612826420085,0.9194045037084639,0.96265038111856,4096
snapshot_1019.xyz,1019,32,1,0.940788508436267,0.0,0.940788508436267,0.940788508436267,32768
snapshot_1020.xyz,1020,8,64,0.946392351815136,0.047269212439891996,0.8477374900214277,1.0645209722792932,512
snapshot_1020.xyz,1020,16,8,0.9459649364831113,0.014530823956033197,0.9258409159220702,0.9754540011973658,4096
snapshot_1020.xyz,1020,32,1,0.9501177057356608,0.0,0.9501177057356608,0.9501177057356608,32768
snapshot_1021.xyz,1021,8,64,0.9466305497041421,0.04378024087063888,0.8509852978575699,1.0645209722792932,512
snapshot_1021.xyz,1021,16,8,0.9430355760748348,0.011907939397614364,0.9231038067244964,0.9553634089723056,4096
snapshot_1021.xyz,1021,32,1,0.9393126588310038,0.0,0.9393126588310038,0.9393126588310038,32768
snapshot_1022.xyz,1022,8,64,0.9497300261958304,0.047957171370934526,0.8541076104856781,1.0859041628472992,512
snapshot_1022.xyz,1022,16,8,0.9486044981490289,0.0231301770049973,0.9124694635282081,0.991793498556348,4096
snapshot_1022.xyz,1022,32,1,0.9464385274248552,0.0,0.9464385274248552,0.9464385274248552,32768
snapshot_1023.xyz,1023,8,64,0.9459643132909422,0.04532853210434873,0.8356213385167788,1.0420411825677995,512
snapshot_1023.xyz,1023,16,8,0.9430073416755385,0.015311307802400633,0.9128498392452432,0.9629933236786258,4096
snapshot_1023.xyz,1023,32,1,0.9366467077740548,0.0,0.9366467077740548,0.9366467077740548,32768
snapshot_1024.xyz,1024,8,64,0.9438266600555013,0.04486070148306904,0.8599740704787842,1.0614848484848483,512
snapshot_1024.xyz,1024,16,8,0.9417963308423293,0.02786642507202827,0.8978167080664139,0.9755718570447729,4096
snapshot_1024.xyz,1024,32,1,0.935315970399136,0.0,0.935315970399136,0.935315970399136,32768
snapshot_1025.xyz,1025,8,64,0.9547877514974928,0.05242569014272419,0.8640126752119673,1.0661583568238173,512
snapshot_1025.xyz,1025,16,8,0.9522252766340029,0.016803170420289115,0.9315339920207781,0.9833454753363643,4096
snapshot_1025.xyz,1025,32,1,0.9417344606262663,0.0,0.9417344606262663,0.9417344606262663,32768
snapshot_1026.xyz,1026,8,64,0.9377450728783581,0.04669697123245232,0.840786208602886,1.0430824667319911,512
snapshot_1026.xyz,1026,16,8,0.9312089885992154,0.012044915300185395,0.9080662298565609,0.9462507202238868,4096
snapshot_1026.xyz,1026,32,1,0.9271780548628428,0.0,0.9271780548628428,0.9271780548628428,32768
snapshot_1027.xyz,1027,8,64,0.9455350431519184,0.04171526307444553,0.8640126752119673,1.0614848484848483,512
snapshot_1027.xyz,1027,16,8,0.9398132554352693,0.012412520510042149,0.9183048458786544,0.9636533084808948,4096
snapshot_1027.xyz,1027,32,1,0.9437301960157132,0.0,0.9437301960157132,0.9437301960157132,32768
snapshot_1028.xyz,1028,8,64,0.9514199275304284,0.04380434859593535,0.8477374900214277,1.0661583568238173,512
snapshot_1028.xyz,1028,16,8,0.9363054172538317,0.018718586824137056,0.9194045037084639,0.9753440628102485,4096
snapshot_1028.xyz,1028,32,1,0.9489159716492539,0.0,0.9489159716492539,0.9489159716492539,32768
snapshot_1029.xyz,1029,8,64,0.9393795803185696,0.04636933472419055,0.8627319128769685,1.0859041628472992,512
snapshot_1029.xyz,1029,16,8,0.9313346495125547,0.007198993089689806,0.919753580286423,0.9401540641048344,4096
snapshot_1029.xyz,1029,32,1,0.9399658275882621,0.0,0.9399658275882621,0.9399658275882621,32768
snapshot_1030.xyz,1030,8,64,0.9511215998841331,0.04017025731396761,0.8669733764687759,1.0587255037513008,512
snapshot_1030.xyz,1030,16,8,0.9431135272672011,0.015462186410128352,0.9247878564275549,0.9752334439963053,4096
snapshot_1030.xyz,1030,32,1,0.9374258758773623,0.0,0.9374258758773623,0.9374258758773623,32768
snapshot_1031.xyz,1031,8,64,0.943058159430683,0.04344276993410471,0.8356213385167788,1.0859041628472992,512
snapshot_1031.xyz,1031,16,8,0.9355236652263289,0.019785940369402604,0.902182594804834,0.96316285989006,4096
snapshot_1031.xyz,1031,32,1,0.9441510482846251,0.0,0.9441510482846251,0.9441510482846251,32768
snapshot_1032.xyz,1032,8,64,0.953858809911633,0.03790878557393331,0.8669733764687759,1.0645209722792932,512
snapshot_1032.xyz,1032,16,8,0.9317469823525902,0.008494875945381408,0.9208085173667844,0.9467353640173436,4096
snapshot_1032.xyz,1032,32,1,0.9360064590907741,0.0,0.9360064590907741,0.9360064590907741,32768
snapshot_1033.xyz,1033,8,64,0.9550718003020995,0.045663889608771505,0.8751458576429406,1.0661583568238173,512
snapshot_1033.xyz,1033,16,8,0.9435654704918699,0.018595593169544157,0.9113003275586615,0.9712362579810732,4096
snapshot_1033.xyz,1033,32,1,0.9325550062906788,0.0,0.9325550062906788,0.9325550062906788,32768
snapshot_1034.xyz,1034,8,64,0.9477037370778596,0.04250684611664158,0.8669733764687759,1.0614848484848483,512
snapshot_1034.xyz,1034,16,8,0.9374422323796047,0.022836090079112702,0.9013361099687629,0.9629933236786258,4096
snapshot_1034.xyz,1034,32,1,0.9377013417804738,0.0,0.9377013417804738,0.9377013417804738,32768
snapshot_1035.xyz,1035,8,64,0.9458847393475655,0.041730538101910665,0.8356213385167788,1.0441728791929505,512
snapshot_1035.xyz,1035,16,8,0.9475374939791259,0.01931291168478943,0.9208085173667844,0.9832666592584361,4096
snapshot_1035.xyz,1035,32,1,0.9425594437637589,0.0,0.9425594437637589,0.9425594437637589,32768
snapshot_1036.xyz,1036,8,64,0.9436121604101406,0.05037937902767858,0.8443361214993291,1.0600758649870465,512
snapshot_1036.xyz,1036,16,8,0.935181659822797,0.02041819663657236,0.907654834608991,0.9623013668185354,4096
snapshot_1036.xyz,1036,32,1,0.9466786283891546,0.0,0.9466786283891546,0.9466786283891546,32768
snapshot_1037.xyz,1037,8,64,0.9396684788140193,0.03871969100362294,0.8809698804386583,1.0410530303030303,512
snapshot_1037.xyz,1037,16,8,0.9329641437884041,0.01392260723933414,0.9116907130348205,0.9510714414772522,4096
snapshot_1037.xyz,1037,32,1,0.9380276384400341,0.0,0.9380276384400341,0.9380276384400341,32768
snapshot_1038.xyz,1038,8,64,0.9384483295080155,0.0487177092707677,0.8509852978575699,1.0430824667319911,512
snapshot_1038.xyz,1038,16,8,0.9462688557690258,0.017618828162882898,0.920108021958562,0.9668105427495637,4096
snapshot_1038.xyz,1038,32,1,0.9459069084956229,0.0,0.9459069084956229,0.9459069084956229,32768
snapshot_1039.xyz,1039,8,64,0.9485612766852194,0.04896743134756967,0.8477374900214277,1.0838348365537833,512
snapshot_1039.xyz,1039,16,8,0.9396640806628964,0.012096835340084273,0.920108021958562,0.9634881502942182,4096
snapshot_1039.xyz,1039,32,1,0.9439470459910946,0.0,0.9439470459910946,0.9439470459910946,32768
snapshot_1040.xyz,1040,8,64,0.9448904507381404,0.04766913474590871,0.8509852978575699,1.0614848484848483,512
snapshot_1040.xyz,1040,16,8,0.9335686152325086,0.020082811363510776,0.9009030376499938,0.9588764106347515,4096
snapshot_1040.xyz,1040,32,1,0.9517511118170267,0.0,0.9517511118170267,0.9517511118170267,32768
snapshot_1041.xyz,1041,8,64,0.9522803300497231,0.045405038785232124,0.8509852978575699,1.0420411825677995,512
snapshot_1041.xyz,1041,16,8,0.9475577035151321,0.011034096955757694,0.9315339920207781,0.9596028389131838,4096
snapshot_1041.xyz,1041,32,1,0.9378400946350288,0.0,0.9378400946350288,0.9378400946350288,32768
snapshot_1042.xyz,1042,8,64,0.9481030057644728,0.04902347385535216,0.8284315785051048,1.104642707962685,512
snapshot_1042.xyz,1042,16,8,0.9495528850421376,0.012817031867776224,0.9312226682916338,0.9629933236786258,4096
snapshot_1042.xyz,1042,32,1,0.9473396508728178,0.0,0.9473396508728178,0.9473396508728178,32768
snapshot_1043.xyz,1043,8,64,0.9440920122373881,0.04888182225506641,0.810441442999225,1.0420411825677995,512
snapshot_1043.xyz,1043,16,8,0.9351816481485429,0.020205409756941774,0.910492882978532,0.975786794752312,4096
snapshot_1043.xyz,1043,32,1,0.9476066153113087,0.0,0.9476066153113087,0.9476066153113087,32768
snapshot_1044.xyz,1044,8,64,0.9481487400236841,0.039775039076987984,0.8389996817651426,1.0661583568238173,512
snapshot_1044.xyz,1044,16,8,0.9372061629717182,0.010493376046647776,0.9237805691121956,0.9596028389131838,4096
snapshot_1044.xyz,1044,32,1,0.947754327160172,0.0,0.947754327160172,0.947754327160172,32768
snapshot_1045.xyz,1045,8,64,0.9387275788971393,0.04673742890058307,0.8477374900214277,1.0420411825677995,512
snapshot_1045.xyz,1045,16,8,0.9438100710902438,0.01913273109816461,0.9141943410544575,0.9744116178977407,4096
snapshot_1045.xyz,1045,32,1,0.9300483759502418,0.0,0.9300483759502418,0.9300483759502418,32768
snapshot_1046.xyz,1046,8,64,0.9456174521845084,0.041860485088951224,0.8370684343753015,1.0600758649870465,512
snapshot_1046.xyz,1046,16,8,0.9374244325169463,0.011799450724261286,0.9160970426775279,0.954953647430199,4096
snapshot_1046.xyz,1046,32,1,0.9342298458994511,0.0,0.9342298458994511,0.9342298458994511,32768
snapshot_1047.xyz,1047,8,64,0.9413008423810839,0.042894732258653,0.8370684343753015,1.0401074877702967,512
snapshot_1047.xyz,1047,16,8,0.9409664911611547,0.0179331532994991,0.9183048458786544,0.9749997694556387,4096
snapshot_1047.xyz,1047,32,1,0.934376770679046,0.0,0.934376770679046,0.934376770679046,32768
snapshot_1048.xyz,1048,8,64,0.9415160750017102,0.04504574273176011,0.8163948542456927,1.0430824667319911,512
snapshot_1048.xyz,1048,16,8,0.9530274653709628,0.012499652026806264,0.9271632375080652,0.9718763666871949,4096
snapshot_1048.xyz,1048,32,1,0.9537580643557958,0.0,0.9537580643557958,0.9537580643557958,32768
snapshot_1049.xyz,1049,8,64,0.9422417900310301,0.04144239153818134,0.8356213385167788,1.0205530303030304,512
snapshot_1049.xyz,1049,16,8,0.9476769047111002,0.010999218847298986,0.9349930719260044,0.9633306833375493,4096
snapshot_1049.xyz,1049,32,1,0.9467638216966294,0.0,0.9467638216966294,0.9467638216966294,32768
snapshot_1050.xyz,1050,8,64,0.9530782784262182,0.043738022704232514,0.8509852978575699,1.0600758649870465,512
snapshot_1050.xyz,1050,16,8,0.9411131260503046,0.013462387355014654,0.919753580286423,0.9633306833375493,4096
snapshot_1050.xyz,1050,32,1,0.9437187966505521,0.0,0.9437187966505521,0.9437187966505521,32768
snapshot_1051.xyz,1051,8,64,0.9401411916759606,0.0379712049994983,0.8599740704787842,1.0392012749328694,512
snapshot_1051.xyz,1051,16,8,0.9474346596502814,0.0167167775226697,0.926841338108006,0.9717452864004588,4096
snapshot_1051.xyz,1051,32,1,0.9387176081051609,0.0,0.9387176081051609,0.9387176081051609,32768
snapshot_1052.xyz,1052,8,64,0.9518829353948862,0.04499147489081923,0.8477374900214277,1.0661583568238173,512
snapshot_1052.xyz,1052,16,8,0.9445552783741167,0.01844914838308561,0.9031872261047296,0.9596028389131838,4096
snapshot_1052.xyz,1052,32,1,0.9409192536752339,0.0,0.9409192536752339,0.9409192536752339,32768
snapshot_1053.xyz,1053,8,64,0.9519265894209752,0.041542752653898285,0.8640126752119673,1.0430824667319911,512
snapshot_1053.xyz,1053,16,8,0.9393075239668747,0.015030371201906284,0.919753580286423,0.9666540635749131,4096
snapshot_1053.xyz,1053,32,1,0.9403439774009043,0.0,0.9403439774009043,0.9403439774009043,32768
snapshot_1054.xyz,1054,8,64,0.9421642211097079,0.04232444193835517,0.8477374900214277,1.0678660521055328,512
snapshot_1054.xyz,1054,16,8,0.9425192294232958,0.014745943653617038,0.9186716092926166,0.9672629306434934,4096
snapshot_1054.xyz,1054,32,1,0.9527483365541964,0.0,0.9527483365541964,0.9527483365541964,32768
snapshot_1055.xyz,1055,8,64,0.9565844788873064,0.04575764342022284,0.8389996817651426,1.0838348365537833,512
snapshot_1055.xyz,1055,16,8,0.9483645931808201,0.011625276349627291,0.9287584110753879,0.9623013668185354,4096
snapshot_1055.xyz,1055,32,1,0.9420773109911055,0.0,0.9420773109911055,0.9420773109911055,32768
snapshot_1056.xyz,1056,8,64,0.9445178172073703,0.045834843712245915,0.8443361214993291,1.0410530303030303,512
snapshot_1056.xyz,1056,16,8,0.9422464304419467,0.01714406445418306,0.9084743670020902,0.963825742362171,4096
snapshot_1056.xyz,1056,32,1,0.945620278763606,0.0,0.945620278763606,0.945620278763606,32768
snapshot_1057.xyz,1057,8,64,0.9466243310029552,0.03776157265109069,0.8443361214993291,1.0215728419255936,512
snapshot_1057.xyz,1057,16,8,0.9482181478221873,0.018484510536475405,0.9141943410544575,0.9712362579810732,4096
snapshot_1057.xyz,1057,32,1,0.9374258758773623,0.0,0.9374258758773623,0.9374258758773623,32768
snapshot_1058.xyz,1058,8,64,0.9545579632681387,0.04155485671381365,0.8609071525771544,1.0838348365537833,512
snapshot_1058.xyz,1058,16,8,0.9407278461630746,0.008850402424220203,0.9281299805206304,0.955154844071839,4096
snapshot_1058.xyz,1058,32,1,0.9465149985506232,0.0,0.9465149985506232,0.9465149985506232,32768
snapshot_1059.xyz,1059,8,64,0.9482829705086301,0.03892208036283937,0.8542727272727273,1.0453156233995804,512
snapshot_1059.xyz,1059,16,8,0.9501391409185982,0.014659714003406106,0.9271632375080652,0.9713539304439324,4096
snapshot_1059.xyz,1059,32,1,0.9453781679906029,0.0,0.9453781679906029,0.9453781679906029,32768
snapshot_1060.xyz,1060,8,64,0.9439992987589999,0.04185849074148511,0.840786208602886,1.0392012749328694,512
snapshot_1060.xyz,1060,16,8,0.9405701497825891,0.012424628939303014,0.9231038067244964,0.9515108609936196,4096
snapshot_1060.xyz,1060,32,1,0.9431710723192019,0.0,0.9431710723192019,0.9431710723192019,32768
snapshot_1061.xyz,1061,8,64,0.9473456383738301,0.04070367786384378,0.8541076104856781,1.0614848484848483,512
snapshot_1061.xyz,1061,16,8,0.936736822321284,0.01402598784160536,0.9160970426775279,0.9557572674288876,4096
snapshot_1061.xyz,1061,32,1,0.9374258758773623,0.0,0.9374258758773623,0.9374258758773623,32768
snapshot_1062.xyz,1062,8,64,0.9570542916384741,0.04232855049007808,0.8640126752119673,1.104642707962685,512
snapshot_1062.xyz,1062,16,8,0.9446370229810543,0.016266999358287727,0.9153524156335626,0.9709615208008082,4096
snapshot_1062.xyz,1062,32,1,0.9441161861999086,0.0,0.9441161861999086,0.9441161861999086,32768
snapshot_1063.xyz,1063,8,64,0.9475384095947292,0.04727140882025066,0.8321041453305748,1.0614848484848483,512
snapshot_1063.xyz,1063,16,8,0.9446917843217396,0.013367017773876215,0.9153524156335626,0.9633306833375493,4096
snapshot_1063.xyz,1063,32,1,0.9378896548983767,0.0,0.9378896548983767,0.9378896548983767,32768
snapshot_1064.xyz,1064,8,64,0.9580915068072922,0.052997399679375896,0.8609071525771544,1.0818636363636362,512
snapshot_1064.xyz,1064,16,8,0.9379476188583002,0.010108851242145948,0.9149670227256435,0.9547503893761784,4096
snapshot_1064.xyz,1064,32,1,0.9435047864689251,0.0,0.9435047864689251,0.9435047864689251,32768
snapshot_1065.xyz,1065,8,64,0.9411312709599626,0.049715700759447125,0.8321041453305748,1.0818636363636362,512
snapshot_1065.xyz,1065,16,8,0.9414949254227374,0.017271702481653464,0.9124694635282081,0.9709615208008082,4096
snapshot_1065.xyz,1065,32,1,0.9462247855781448,0.0,0.9462247855781448,0.9462247855781448,32768
snapshot_1066.xyz,1066,8,64,0.9516396556518656,0.03921570251644488,0.8809698804386583,1.0629728182676095,512
snapshot_1066.xyz,1066,16,8,0.9418033507421588,0.019266202209533675,0.9072482394837604,0.9666540635749131,4096
snapshot_1066.xyz,1066,32,1,0.9385329582393113,0.0,0.9385329582393113,0.9385329582393113,32768
snapshot_1067.xyz,1067,8,64,0.9282735158986719,0.04086089001517583,0.8131542590848791,1.0205530303030304,512
snapshot_1067.xyz,1067,16,8,0.935862417209559,0.018531782782773832,0.8959978749778644,0.9636533084808948,4096
snapshot_1067.xyz,1067,32,1,0.9336314260703484,0.0,0.9336314260703484,0.9336314260703484,32768
snapshot_1068.xyz,1068,8,64,0.9447320934354274,0.04389125714790669,0.8509852978575699,1.0614848484848483,512
snapshot_1068.xyz,1068,16,8,0.9411382941273359,0.007817655894453336,0.9309172050170053,0.9561537099344785,4096
snapshot_1068.xyz,1068,32,1,0.9435503697682257,0.0,0.9435503697682257,0.9435503697682257,32768
snapshot_1069.xyz,1069,8,64,0.9523983721849261,0.04388302828233402,0.8640126752119673,1.0799922798839015,512
snapshot_1069.xyz,1069,16,8,0.9453177179598686,0.009625626489255289,0.934111174868614,0.9634881502942182,4096
snapshot_1069.xyz,1069,32,1,0.9406954812579414,0.0,0.9406954812579414,0.9406954812579414,32768
snapshot_1070.xyz,1070,8,64,0.9585586372993447,0.04065841492273756,0.8640126752119673,1.0614848484848483,512
snapshot_1070.xyz,1070,16,8,0.9403355959994825,0.013378634745301354,0.919753580286423,0.9594302783826096,4096
snapshot_1070.xyz,1070,32,1,0.9487609649122807,0.0,0.9487609649122807,0.9487609649122807,32768
snapshot_1071.xyz,1071,8,64,0.9462300871995459,0.044495220993126826,0.8284315785051048,1.0645209722792932,512
snapshot_1071.xyz,1071,16,8,0.954566969590994,0.008394776167684671,0.9439066236410024,0.971621889114826,4096
snapshot_1071.xyz,1071,32,1,0.9437759709125779,0.0,0.9437759709125779,0.9437759709125779,32768
snapshot_1072.xyz,1072,8,64,0.9473243405306433,0.045668970378757924,0.8047903165948215,1.0859041628472992,512
snapshot_1072.xyz,1072,16,8,0.9432123673273622,0.01358135111176655,0.9175578506994377,0.96265038111856,4096
snapshot_1072.xyz,1072,32,1,0.9422519873679626,0.0,0.9422519873679626,0.9422519873679626,32768
snapshot_1073.xyz,1073,8,64,0.9553621707403588,0.04628477452412042,0.8477374900214277,1.0600758649870465,512
snapshot_1073.xyz,1073,16,8,0.9402003093928619,0.012415996585993454,0.9186716092926166,0.9597915048955293,4096
snapshot_1073.xyz,1073,32,1,0.946267546252666,0.0,0.946267546252666,0.946267546252666,32768
snapshot_1074.xyz,1074,8,64,0.9485140322289312,0.03898448209790534,0.8669733764687759,1.0441728791929505,512
snapshot_1074.xyz,1074,16,8,0.9338665453558862,0.016878325525862728,0.905299815377077,0.954121672092144,4096
snapshot_1074.xyz,1074,32,1,0.9452558603491271,0.0,0.9452558603491271,0.9452558603491271,32768
snapshot_1075.xyz,1075,8,64,0.9465510738167738,0.04413572585435542,0.8609071525771544,1.0838348365537833,512
snapshot_1075.xyz,1075,16,8,0.9468125077367309,0.015170834292124506,0.9227564737003112,0.975786794752312,4096
snapshot_1075.xyz,1075,32,1,0.9292040125838428,0.0,0.9292040125838428,0.9292040125838428,32768
snapshot_1076.xyz,1076,8,64,0.9419017011724912,0.039365480584487265,0.8609071525771544,1.0401074877702967,512
snapshot_1076.xyz,1076,16,8,0.9452742887716211,0.01190791665043499,0.9312226682916338,0.9713539304439324,4096
snapshot_1076.xyz,1076,32,1,0.950658776552116,0.0,0.950658776552116,0.950658776552116,32768
snapshot_1077.xyz,1077,8,64,0.9390830821893195,0.04525825640109635,0.8477374900214277,1.0600758649870465,512
snapshot_1077.xyz,1077,16,8,0.9491302635107601,0.010383358853786807,0.9393415298587713,0.9712362579810732,4096
snapshot_1077.xyz,1077,32,1,0.9379298364040661,0.0,0.9379298364040661,0.9379298364040661,32768
snapshot_1078.xyz,1078,8,64,0.9460316551554899,0.04306251559886915,0.8443361214993291,1.0614848484848483,512
snapshot_1078.xyz,1078,16,8,0.9525067526869779,0.019498772830244242,0.9274908292500066,0.9833454753363643,4096
snapshot_1078.xyz,1078,32,1,0.9461045678815851,0.0,0.9461045678815851,0.9461045678815851,32768
snapshot_1079.xyz,1079,8,64,0.951066870894401,0.04032240327405424,0.8698114634096048,1.0430824667319911,512
snapshot_1079.xyz,1079,16,8,0.934185887610721,0.011249821703174134,0.9141943410544575,0.955154844071839,4096
snapshot_1079.xyz,1079,32,1,0.9354078866662708,0.0,0.9354078866662708,0.9354078866662708,32768
snapshot_1080.xyz,1080,8,64,0.9492226584977171,0.038259890396860986,0.872533138954132,1.0629728182676095,512
snapshot_1080.xyz,1080,16,8,0.945102860484048,0.014346912059551792,0.9244547531065623,0.9629933236786258,4096
snapshot_1080.xyz,1080,32,1,0.9384838055069233,0.0,0.9384838055069233,0.9384838055069233,32768
snapshot_1081.xyz,1081,8,64,0.957907596376786,0.045677379871860706,0.8698114634096048,1.0645209722792932,512
snapshot_1081.xyz,1081,16,8,0.9534278340547054,0.008950268969183687,0.942372325600459,0.9668105427495637,4096
snapshot_1081.xyz,1081,32,1,0.9408359172998622,0.0,0.9408359172998622,0.9408359172998622,32768
snapshot_1082.xyz,1082,8,64,0.9345902749954238,0.0428000103102765,0.8246024722372892,1.0420411825677995,512
snapshot_1082.xyz,1082,16,8,0.9470007550213969,0.015233687885753258,0.9244547531065623,0.9749997694556387,4096
snapshot_1082.xyz,1082,32,1,0.9398704838452968,0.0,0.9398704838452968,0.9398704838452968,32768
snapshot_1083.xyz,1083,8,64,0.9601866470700353,0.03472740448517302,0.8909046731999677,1.0401074877702967,512
snapshot_1083.xyz,1083,16,8,0.9553179817874187,0.019953439758198747,0.9244547531065623,1.0,4096
snapshot_1083.xyz,1083,32,1,0.9380759438494992,0.0,0.9380759438494992,0.9380759438494992,32768
snapshot_1084.xyz,1084,8,64,0.9406630901541466,0.04556527742770369,0.8443361214993291,1.0210553999907177,512
snapshot_1084.xyz,1084,16,8,0.944795982384731,0.014283880256522776,0.9271632375080652,0.9674050518555993,4096
snapshot_1084.xyz,1084,32,1,0.9262822927612665,0.0,0.9262822927612665,0.9262822927612665,32768
snapshot_1085.xyz,1085,8,64,0.9440783828329075,0.045789999042478526,0.8509852978575699,1.0420411825677995,512
snapshot_1085.xyz,1085,16,8,0.938005238894247,0.013312419339179099,0.9190354147250699,0.9634881502942182,4096
snapshot_1085.xyz,1085,32,1,0.9402958686271374,0.0,0.9402958686271374,0.9402958686271374,32768
snapshot_1086.xyz,1086,8,64,0.9535793221826973,0.03644526108583576,0.8809698804386583,1.0392012749328694,512
snapshot_1086.xyz,1086,16,8,0.9391611699209734,0.009111813232247083,0.9244547531065623,0.9506243681176053,4096
snapshot_1086.xyz,1086,32,1,0.9365460212833544,0.0,0.9365460212833544,0.9365460212833544,32768
snapshot_1087.xyz,1087,8,64,0.9449086212616026,0.039741585818441956,0.8640126752119673,1.0430824667319911,512
snapshot_1087.xyz,1087,16,8,0.945649435467643,0.012599077745545835,0.926841338108006,0.9710995875289233,4096
snapshot_1087.xyz,1087,32,1,0.9445164252702608,0.0,0.9445164252702608,0.9445164252702608,32768
snapshot_1088.xyz,1088,8,64,0.9489589519603747,0.04768640510800421,0.8509852978575699,1.0903503989691232,512
snapshot_1088.xyz,1088,16,8,0.949208446730081,0.02240505627933714,0.9164645600543262,0.9837955048496517,4096
snapshot_1088.xyz,1088,32,1,0.9460279512695613,0.0,0.9460279512695613,0.9460279512695613,32768
snapshot_1089.xyz,1089,8,64,0.943551739214952,0.04576169062791803,0.8389996817651426,1.0880711418394462,512
snapshot_1089.xyz,1089,16,8,0.9447272218150874,0.015286976544535136,0.9194045037084639,0.9706911879097677,4096
snapshot_1089.xyz,1089,32,1,0.9425594437637589,0.0,0.9425594437637589,0.9425594437637589,32768
snapshot_1090.xyz,1090,8,64,0.9554017468409176,0.04291813896485934,0.8640126752119673,1.0600758649870465,512
snapshot_1090.xyz,1090,16,8,0.9552803279054395,0.01110724226500656,0.9352820990752025,0.9717452864004588,4096
snapshot_1090.xyz,1090,32,1,0.9420773109911055,0.0,0.9420773109911055,0.9420773109911055,32768
snapshot_1091.xyz,1091,8,64,0.9516839089784351,0.03869147900128198,0.8609071525771544,1.0410530303030303,512
snapshot_1091.xyz,1091,16,8,0.9375788453398886,0.019143027933621937,0.9104400166044001,0.9713539304439324,4096
snapshot_1091.xyz,1091,32,1,0.9479073998180781,0.0,0.9479073998180781,0.9479073998180781,32768
snapshot_1092.xyz,1092,8,64,0.9519367870723854,0.04523155117057092,0.8541076104856781,1.0818636363636362,512
snapshot_1092.xyz,1092,16,8,0.9447143931934061,0.013901212071267887,0.9315339920207781,0.9714884544501862,4096
snapshot_1092.xyz,1092,32,1,0.9332877946402938,0.0,0.9332877946402938,0.9332877946402938,32768
snapshot_1093.xyz,1093,8,64,0.9506979569879379,0.03929322546880472,0.8809698804386583,1.0600758649870465,512
snapshot_1093.xyz,1093,16,8,0.9496581696166746,0.013847725773445941,0.9247878564275549,0.9668105427495637,4096
snapshot_1093.xyz,1093,32,1,0.9394187380114088,0.0,0.9394187380114088,0.9394187380114088,32768
snapshot_1094.xyz,1094,8,64,0.9634785320917032,0.04972729246357246,0.883617859487853,1.1253964324943146,512
snapshot_1094.xyz,1094,16,8,0.947784227460718,0.013025750389047137,0.9274908292500066,0.971621889114826,4096
snapshot_1094.xyz,1094,32,1,0.9411244019138756,0.0,0.9411244019138756,0.9411244019138756,32768
snapshot_1095.xyz,1095,8,64,0.9527223076875623,0.03640811782061161,0.8640126752119673,1.0629728182676095,512
snapshot_1095.xyz,1095,16,8,0.9447220429466276,0.007059312874656053,0.9355771547915495,0.9596028389131838,4096
snapshot_1095.xyz,1095,32,1,0.9406954812579414,0.0,0.9406954812579414,0.9406954812579414,32768
snapshot_1096.xyz,1096,8,64,0.9452554935017505,0.04160651001216725,0.840786208602886,1.0221227859040942,512
snapshot_1096.xyz,1096,16,8,0.944464428567013,0.01841705364716631,0.9149670227256435,0.9710995875289233,4096
snapshot_1096.xyz,1096,32,1,0.9376515151515151,0.0,0.9376515151515151,0.9376515151515151,32768
snapshot_1097.xyz,1097,8,64,0.9462766255074553,0.03919657818714111,0.8669733764687759,1.0410530303030303,512
snapshot_1097.xyz,1097,16,8,0.9425543561456853,0.009558936398412113,0.9312226682916338,0.9624765997473235,4096
snapshot_1097.xyz,1097,32,1,0.9439915188436958,0.0,0.9439915188436958,0.9439915188436958,32768
snapshot_1098.xyz,1098,8,64,0.9412769401535377,0.04767278978212652,0.798473313355471,1.0221227859040942,512
snapshot_1098.xyz,1098,16,8,0.9492938625695863,0.015048541643765281,0.9247878564275549,0.9708315274025028,4096
snapshot_1098.xyz,1098,32,1,0.9448429558449809,0.0,0.9448429558449809,0.9448429558449809,32768
snapshot_1099.xyz,1099,8,64,0.9505439060719068,0.04283016826336791,0.8443361214993291,1.0420411825677995,512
snapshot_1099.xyz,1099,16,8,0.9428774531340799,0.010617105006720386,0.926841338108006,0.9559520317180931,4096
snapshot_1099.xyz,1099,32,1,0.928083717969123,0.0,0.928083717969123,0.928083717969123,32768
snapshot_1100.xyz,1100,8,64,0.9486615329401822,0.036692380418372736,0.8576752058079028,1.019626107015769,512
snapshot_1100.xyz,1100,16,8,0.9375900887391774,0.009203092983548492,0.9237805691121956,0.947451430210051,4096
snapshot_1100.xyz,1100,32,1,0.9515753718036836,0.0,0.9515753718036836,0.9515753718036836,32768
snapshot_1101.xyz,1101,8,64,0.9523427250052591,0.04617735996424006,0.8477374900214277,1.0600758649870465,512
snapshot_1101.xyz,1101,16,8,0.9468953116513183,0.023876734865581197,0.905299815377077,0.9752334439963053,4096
snapshot_1101.xyz,1101,32,1,0.9502596291580454,0.0,0.9502596291580454,0.9502596291580454,32768
snapshot_1102.xyz,1102,8,64,0.9465513597848547,0.043143736614228725,0.8541076104856781,1.0645209722792932,512
snapshot_1102.xyz,1102,16,8,0.9361681292043275,0.012847885535408178,0.914586744884922,0.9547503893761784,4096
snapshot_1102.xyz,1102,32,1,0.9377013417804738,0.0,0.9377013417804738,0.9377013417804738,32768
snapshot_1103.xyz,1103,8,64,0.9397702677088013,0.04571401694195278,0.8284315785051048,1.0221227859040942,512
snapshot_1103.xyz,1103,16,8,0.9342105085488697,0.016147051157069263,0.897363654658885,0.954121672092144,4096
snapshot_1103.xyz,1103,32,1,0.9438206845609446,0.0,0.9438206845609446,0.9438206845609446,32768
snapshot_1104.xyz,1104,8,64,0.9447165827178108,0.044193611153323126,0.8321041453305748,1.0629728182676095,512
snapshot_1104.xyz,1104,16,8,0.9438988615264144,0.01376636346451765,0.9211546370103336,0.971621889114826,4096
snapshot_1104.xyz,1104,32,1,0.9434247908926549,0.0,0.9434247908926549,0.9434247908926549,32768
snapshot_1105.xyz,1105,8,64,0.9529237176938783,0.04263706186618475,0.8576752058079028,1.0645209722792932,512
snapshot_1105.xyz,1105,16,8,0.9384001218763629,0.010122225963179082,0.9204596565804444,0.9519339324923772,4096
snapshot_1105.xyz,1105,32,1,0.9372878329447945,0.0,0.9372878329447945,0.9372878329447945,32768
snapshot_1106.xyz,1106,8,64,0.9478040067969247,0.03805789978264243,0.8640126752119673,1.0600758649870465,512
snapshot_1106.xyz,1106,16,8,0.9532601902281426,0.020895222212194777,0.9271632375080652,1.0,4096
snapshot_1106.xyz,1106,32,1,0.9385820435896927,0.0,0.9385820435896927,0.9385820435896927,32768
snapshot_1107.xyz,1107,8,64,0.9497103305074337,0.04889430212121807,0.8477374900214277,1.0614848484848483,512
snapshot_1107.xyz,1107,16,8,0.9511376330272256,0.017876309477646284,0.9168291783060138,0.9754540011973658,4096
snapshot_1107.xyz,1107,32,1,0.9433341954480343,0.0,0.9433341954480343,0.9433341954480343,32768
snapshot_1108.xyz,1108,8,64,0.9507730694339958,0.04646894550392367,0.8509852978575699,1.0629728182676095,512
snapshot_1108.xyz,1108,16,8,0.941830057941961,0.010134779533967617,0.9306092581216349,0.9628227288940104,4096
snapshot_1108.xyz,1108,32,1,0.9399658275882621,0.0,0.9399658275882621,0.9399658275882621,32768
snapshot_1109.xyz,1109,8,64,0.9484786058510969,0.04339124840212772,0.8541076104856781,1.0799922798839015,512
snapshot_1109.xyz,1109,16,8,0.9358333214251593,0.010045373922650102,0.9160970426775279,0.9479247228667184,4096
snapshot_1109.xyz,1109,32,1,0.9319621693278723,0.0,0.9319621693278723,0.9319621693278723,32768
snapshot_1110.xyz,1110,8,64,0.9416216312078041,0.046213563231756266,0.8244545353859786,1.0392012749328694,512
snapshot_1110.xyz,1110,16,8,0.9524717844220776,0.01897543009004766,0.9224063166263144,0.9797376329380432,4096
snapshot_1110.xyz,1110,32,1,0.9373366774391815,0.0,0.9373366774391815,0.9373366774391815,32768
snapshot_1111.xyz,1111,8,64,0.9506473664362821,0.04426194455607857,0.8321041453305748,1.0410530303030303,512
snapshot_1111.xyz,1111,16,8,0.9436190214095923,0.013996255607718373,0.9265077873739747,0.971621889114826,4096
snapshot_1111.xyz,1111,32,1,0.9300483759502418,0.0,0.9300483759502418,0.9300483759502418,32768
snapshot_1112.xyz,1112,8,64,0.948633261890935,0.04756604174958515,0.7896306877862276,1.0430824667319911,512
snapshot_1112.xyz,1112,16,8,0.9406977306371443,0.007586057957115304,0.9312226682916338,0.9501698962255487,4096
snapshot_1112.xyz,1112,32,1,0.9491132023615839,0.0,0.9491132023615839,0.9491132023615839,32768
snapshot_1113.xyz,1113,8,64,0.939543446587775,0.03927825284638051,0.8609071525771544,1.0215728419255936,512
snapshot_1113.xyz,1113,16,8,0.9439755211001357,0.017123011995185157,0.9153524156335626,0.9675550197045222,4096
snapshot_1113.xyz,1113,32,1,0.9379298364040661,0.0,0.9379298364040661,0.9379298364040661,32768
snapshot_1114.xyz,1114,8,64,0.9441923444500468,0.042837437059224596,0.8477374900214277,1.0420411825677995,512
snapshot_1114.xyz,1114,16,8,0.9448612242538342,0.01849544095138535,0.9080662298565609,0.9714884544501862,4096
snapshot_1114.xyz,1114,32,1,0.9397832431840141,0.0,0.9397832431840141,0.9397832431840141,32768
snapshot_1115.xyz,1115,8,64,0.9517164908913708,0.04012196752562951,0.8609071525771544,1.0453156233995804,512
snapshot_1115.xyz,1115,16,8,0.9465064529544933,0.015575395139475057,0.9153524156335626,0.9672629306434934,4096
snapshot_1115.xyz,1115,32,1,0.9473396508728178,0.0,0.9473396508728178,0.9473396508728178,32768
snapshot_1116.xyz,1116,8,64,0.9413324075379645,0.03962252294483837,0.8509852978575699,1.0430824667319911,512
snapshot_1116.xyz,1116,16,8,0.9429365907770277,0.014463699449198883,0.9116907130348205,0.96316285989006,4096
snapshot_1116.xyz,1116,32,1,0.9472963935277148,0.0,0.9472963935277148,0.9472963935277148,32768
snapshot_1117.xyz,1117,8,64,0.9415901114684082,0.044734761836012125,0.8356213385167788,1.0661583568238173,512
snapshot_1117.xyz,1117,16,8,0.9441058707086243,0.007278168542756774,0.9352820990752025,0.954121672092144,4096
snapshot_1117.xyz,1117,32,1,0.9461484934938418,0.0,0.9461484934938418,0.9461484934938418,32768
snapshot_1118.xyz,1118,8,64,0.9445693962512485,0.04314319384470273,0.8477374900214277,1.0420411825677995,512
snapshot_1118.xyz,1118,16,8,0.9461385498546697,0.014868698024838018,0.9224063166263144,0.9663461538461537,4096
snapshot_1118.xyz,1118,32,1,0.9496078411881069,0.0,0.9496078411881069,0.9496078411881069,32768
snapshot_1119.xyz,1119,8,64,0.9433564392448005,0.041650803032598986,0.8356213385167788,1.0401074877702967,512
snapshot_1119.xyz,1119,16,8,0.9540842916035805,0.01571452911507481,0.9393415298587713,0.9874523095158722,4096
snapshot_1119.xyz,1119,32,1,0.9394559305746807,0.0,0.9394559305746807,0.9394559305746807,32768
snapshot_1120.xyz,1120,8,64,0.9467019006926962,0.03745759402159852,0.8640126752119673,1.0215728419255936,512
snapshot_1120.xyz,1120,16,8,0.9444110361367368,0.017475697008378446,0.9157265914606503,0.9752334439963053,4096
snapshot_1120.xyz,1120,32,1,0.9445962918660286,0.0,0.9445962918660286,0.9445962918660286,32768
snapshot_1121.xyz,1121,8,64,0.945229332547068,0.04210313391058951,0.8509852978575699,1.0645209722792932,512
snapshot_1121.xyz,1121,16,8,0.941783229870852,0.015219191053368247,0.9164645600543262,0.9628227288940104,4096
snapshot_1121.xyz,1121,32,1,0.9420773109911055,0.0,0.9420773109911055,0.9420773109911055,32768
snapshot_1122.xyz,1122,8,64,0.9521926027423218,0.044294315780459476,0.8284315785051048,1.0614848484848483,512
snapshot_1122.xyz,1122,16,8,0.9465748392494258,0.01742329008641064,0.910492882978532,0.9671193449371989,4096
snapshot_1122.xyz,1122,32,1,0.9421694391022463,0.0,0.9421694391022463,0.9421694391022463,32768
snapshot_1123.xyz,1123,8,64,0.9563808978989603,0.04889111007350183,0.8477374900214277,1.1072162341562095,512
snapshot_1123.xyz,1123,16,8,0.9438317319605202,0.01296768400738703,0.9149670227256435,0.9590537181836324,4096
snapshot_1123.xyz,1123,32,1,0.9441161861999086,0.0,0.9441161861999086,0.9441161861999086,32768
snapshot_1124.xyz,1124,8,64,0.9536691089335623,0.04803963430267058,0.8669733764687759,1.0859041628472992,512
snapshot_1124.xyz,1124,16,8,0.9448346254239466,0.017099050991759634,0.9234476664792353,0.9832666592584361,4096
snapshot_1124.xyz,1124,32,1,0.9465149985506232,0.0,0.9465149985506232,0.9465149985506232,32768
snapshot_1125.xyz,1125,8,64,0.9478747410567132,0.04481264914585825,0.840786208602886,1.0401074877702967,512
snapshot_1125.xyz,1125,16,8,0.9478990239782823,0.011550946409022529,0.9318345467637411,0.9666540635749131,4096
snapshot_1125.xyz,1125,32,1,0.9391377491090803,0.0,0.9391377491090803,0.9391377491090803,32768
snapshot_1126.xyz,1126,8,64,0.9487253371517064,0.038214276905360625,0.8422403627526989,1.0210553999907177,512
snapshot_1126.xyz,1126,16,8,0.9422370469541358,0.012806684877639855,0.9234476664792353,0.9668105427495637,4096
snapshot_1126.xyz,1126,32,1,0.9393601507861713,0.0,0.9393601507861713,0.9393601507861713,32768
snapshot_1127.xyz,1127,8,64,0.9512696331969046,0.0423783429162949,0.8576752058079028,1.0587255037513008,512
snapshot_1127.xyz,1127,16,8,0.945554290303785,0.017875076781116633,0.9190354147250699,0.9704250868477083,4096
snapshot_1127.xyz,1127,32,1,0.9413024245255822,0.0,0.9413024245255822,0.9413024245255822,32768
snapshot_1128.xyz,1128,8,64,0.9509600173262722,0.042986389185083525,0.8443361214993291,1.0420411825677995,512
snapshot_1128.xyz,1128,16,8,0.9438171097673773,0.014878733771425413,0.9157265914606503,0.9586797267264796,4096
snapshot_1128.xyz,1128,32,1,0.9453781679906029,0.0,0.9453781679906029,0.9453781679906029,32768
snapshot_1129.xyz,1129,8,64,0.9520364265160228,0.05003452815089018,0.8356213385167788,1.0678660521055328,512
snapshot_1129.xyz,1129,16,8,0.9401398623485173,0.014005339820221807,0.9128498392452432,0.9628227288940104,4096
snapshot_1129.xyz,1129,32,1,0.9349637181054541,0.0,0.9349637181054541,0.9349637181054541,32768
snapshot_1130.xyz,1130,8,64,0.9408727590591894,0.04842829726849874,0.8443361214993291,1.0210553999907177,512
snapshot_1130.xyz,1130,16,8,0.9417659637995673,0.019764423252897838,0.9113003275586615,0.9709615208008082,4096
snapshot_1130.xyz,1130,32,1,0.9428143445265611,0.0,0.9428143445265611,0.9428143445265611,32768
snapshot_1131.xyz,1131,8,64,0.9313106799099995,0.04368601435588354,0.8541076104856781,1.0410530303030303,512
snapshot_1131.xyz,1131,16,8,0.937988062534054,0.014514518814204128,0.9234476664792353,0.9669565853613924,4096
snapshot_1131.xyz,1131,32,1,0.9412561674359382,0.0,0.9412561674359382,0.9412561674359382,32768
snapshot_1132.xyz,1132,8,64,0.9415091738136354,0.04475025461654951,0.8131542590848791,1.0645209722792932,512
snapshot_1132.xyz,1132,16,8,0.9476576140086725,0.018265534561442368,0.926841338108006,0.9747712393988989,4096
snapshot_1132.xyz,1132,32,1,0.9406105549867292,0.0,0.9406105549867292,0.9406105549867292,32768
snapshot_1133.xyz,1133,8,64,0.947142971304217,0.0389550112801163,0.8443361214993291,1.0401074877702967,512
snapshot_1133.xyz,1133,16,8,0.9375689440311663,0.018446128689360547,0.9190354147250699,0.9669565853613924,4096
snapshot_1133.xyz,1133,32,1,0.945620278763606,0.0,0.945620278763606,0.945620278763606,32768
snapshot_1134.xyz,1134,8,64,0.9425091541749291,0.03357955189737446,0.8541076104856781,1.0205530303030304,512
snapshot_1134.xyz,1134,16,8,0.9391686917684254,0.016493915093980266,0.9092730733848858,0.9628227288940104,4096
snapshot_1134.xyz,1134,32,1,0.9398315714029744,0.0,0.9398315714029744,0.9398315714029744,32768
snapshot_1135.xyz,1135,8,64,0.9298714309753098,0.03934329920069193,0.8443361214993291,1.0600758649870465,512
snapshot_1135.xyz,1135,16,8,0.9351655104092144,0.01442348676810968,0.9194045037084639,0.9590537181836324,4096
snapshot_1135.xyz,1135,32,1,0.9334449713495356,0.0,0.9334449713495356,0.9334449713495356,32768
snapshot_1136.xyz,1136,8,64,0.9488391007224459,0.048558042869246955,0.8205852174735662,1.0859041628472992,512
snapshot_1136.xyz,1136,16,8,0.9420849557306785,0.02342017338385615,0.9088512086042747,0.9795540719507991,4096
snapshot_1136.xyz,1136,32,1,0.9386207512706479,0.0,0.9386207512706479,0.9386207512706479,32768
snapshot_1137.xyz,1137,8,64,0.9511634824130378,0.04714515429951925,0.8609071525771544,1.0838348365537833,512
snapshot_1137.xyz,1137,16,8,0.9487511250424538,0.02123555352991932,0.9157265914606503,0.975786794752312,4096
snapshot_1137.xyz,1137,32,1,0.9380759438494992,0.0,0.9380759438494992,0.9380759438494992,32768
snapshot_1138.xyz,1138,8,64,0.9491639693028028,0.044974218311062034,0.8669733764687759,1.0645209722792932,512
snapshot_1138.xyz,1138,16,8,0.9462641529447686,0.017705218426673597,0.9124694635282081,0.9713539304439324,4096
snapshot_1138.xyz,1138,32,1,0.938766432541137,0.0,0.938766432541137,0.938766432541137,32768
snapshot_1139.xyz,1139,8,64,0.9479152131439335,0.03864924756249855,0.872533138954132,1.0410530303030303,512
snapshot_1139.xyz,1139,16,8,0.9516847913578916,0.011507165929837495,0.9281299805206304,0.9666540635749131,4096
snapshot_1139.xyz,1139,32,1,0.9433341954480343,0.0,0.9433341954480343,0.9433341954480343,32768
snapshot_1140.xyz,1140,8,64,0.9527727808253276,0.04279669299815714,0.8599740704787842,1.0818636363636362,512
snapshot_1140.xyz,1140,16,8,0.9383963031524694,0.012479728573278778,0.9171909316020195,0.9547503893761784,4096
snapshot_1140.xyz,1140,32,1,0.9425594437637589,0.0,0.9425594437637589,0.9425594437637589,32768
snapshot_1141.xyz,1141,8,64,0.9493589966414664,0.04095656994870162,0.8669733764687759,1.0600758649870465,512
snapshot_1141.xyz,1141,16,8,0.9396543110306472,0.00888753851539545,0.9231038067244964,0.9553634089723056,4096
snapshot_1141.xyz,1141,32,1,0.9494234413965087,0.0,0.9494234413965087,0.9494234413965087,32768
snapshot_1142.xyz,1142,8,64,0.9496006724879383,0.052836160869260365,0.8047903165948215,1.0645209722792932,512
snapshot_1142.xyz,1142,16,8,0.9487638095937863,0.011397617548559232,0.9281299805206304,0.9634881502942182,4096
snapshot_1142.xyz,1142,32,1,0.9442843981256748,0.0,0.9442843981256748,0.9442843981256748,32768
snapshot_1143.xyz,1143,8,64,0.9479957281843228,0.04378356200042427,0.8284315785051048,1.0838348365537833,512
snapshot_1143.xyz,1143,16,8,0.9414980805558018,0.016823075438661798,0.9153524156335626,0.9712362579810732,4096
snapshot_1143.xyz,1143,32,1,0.9400515847428202,0.0,0.9400515847428202,0.9400515847428202,32768
snapshot_1144.xyz,1144,8,64,0.9472503412701904,0.04876726887791436,0.840786208602886,1.0818636363636362,512
snapshot_1144.xyz,1144,16,8,0.9453803544132453,0.014624332374982793,0.920108021958562,0.9710995875289233,4096
snapshot_1144.xyz,1144,32,1,0.9472963935277148,0.0,0.9472963935277148,0.9472963935277148,32768
snapshot_1145.xyz,1145,8,64,0.9613793727863879,0.03957313162486851,0.8640126752119673,1.0600758649870465,512
snapshot_1145.xyz,1145,16,8,0.9439692916245128,0.00918186907387417,0.9327377501361584,0.9633306833375493,4096
snapshot_1145.xyz,1145,32,1,0.9399176913824467,0.0,0.9399176913824467,0.9399176913824467,32768
snapshot_1146.xyz,1146,8,64,0.9448563299610515,0.04519451861812466,0.840786208602886,1.0420411825677995,512
snapshot_1146.xyz,1146,16,8,0.9457568382925425,0.02019075714349782,0.9072482394837604,0.9714884544501862,4096
snapshot_1146.xyz,1146,32,1,0.9452558603491271,0.0,0.9452558603491271,0.9452558603491271,32768
snapshot_1147.xyz,1147,8,64,0.94402305019864,0.0524780292506166,0.8321041453305748,1.0818636363636362,512
snapshot_1147.xyz,1147,16,8,0.9427470472016204,0.018794158252640795,0.9092635207853911,0.9672629306434934,4096
snapshot_1147.xyz,1147,32,1,0.9400035736975858,0.0,0.9400035736975858,0.9400035736975858,32768
snapshot_1148.xyz,1148,8,64,0.9455012954254228,0.04075106042241743,0.8640126752119673,1.0838348365537833,512
snapshot_1148.xyz,1148,16,8,0.9454734984180826,0.009045052747709621,0.9309172050170053,0.9594302783826096,4096
snapshot_1148.xyz,1148,32,1,0.9432986919906826,0.0,0.9432986919906826,0.9432986919906826,32768
snapshot_1149.xyz,1149,8,64,0.9440432998913897,0.04141902985856556,0.8389996817651426,1.0410530303030303,512
snapshot_1149.xyz,1149,16,8,0.9501020287444317,0.010234916553482113,0.9321409598016646,0.96265038111856,4096
snapshot_1149.xyz,1149,32,1,0.9421694391022463,0.0,0.9421694391022463,0.9421694391022463,32768
snapshot_1150.xyz,1150,8,64,0.9499277946127678,0.043729677695479224,0.8640126752119673,1.0600758649870465,512
snapshot_1150.xyz,1150,16,8,0.9437771591429228,0.012773143248764914,0.9186716092926166,0.9634881502942182,4096
snapshot_1150.xyz,1150,32,1,0.9483388720797579,0.0,0.9483388720797579,0.9483388720797579,32768
snapshot_1151.xyz,1151,8,64,0.955808437332213,0.04445678585981439,0.8477374900214277,1.0430824667319911,512
snapshot_1151.xyz,1151,16,8,0.9428987168044435,0.01359933930826281,0.919753580286423,0.9674050518555993,4096
snapshot_1151.xyz,1151,32,1,0.9327563722584469,0.0,0.9327563722584469,0.9327563722584469,32768
snapshot_1152.xyz,1152,8,64,0.9443591254927164,0.03834947523530726,0.872533138954132,1.0574381226983356,512
snapshot_1152.xyz,1152,16,8,0.9518400417111603,0.0144329673136829,0.9315339920207781,0.9797376329380432,4096
snapshot_1152.xyz,1152,32,1,0.9395421538948575,0.0,0.9395421538948575,0.9395421538948575,32768
snapshot_1153.xyz,1153,8,64,0.951945297439605,0.0491675619112617,0.8541076104856781,1.0629728182676095,512
snapshot_1153.xyz,1153,16,8,0.9463180506892555,0.015955375713924067,0.9302897262386385,0.9748860984553839,4096
snapshot_1153.xyz,1153,32,1,0.9453781679906029,0.0,0.9453781679906029,0.9453781679906029,32768
snapshot_1154.xyz,1154,8,64,0.9421731789594909,0.04345588018085695,0.8509852978575699,1.0430824667319911,512
snapshot_1154.xyz,1154,16,8,0.9321743168783128,0.015967345369277738,0.9057131651196234,0.9588764106347515,4096
snapshot_1154.xyz,1154,32,1,0.9385329582393113,0.0,0.9385329582393113,0.9385329582393113,32768
snapshot_1155.xyz,1155,8,64,0.9455047673349244,0.044071886079573554,0.8205852174735662,1.0645209722792932,512
snapshot_1155.xyz,1155,16,8,0.935134935828461,0.011566551274084682,0.9157265914606503,0.9515108609936196,4096
snapshot_1155.xyz,1155,32,1,0.9336839070747637,0.0,0.9336839070747637,0.9336839070747637,32768
snapshot_1156.xyz,1156,8,64,0.9438798646076225,0.04816238473337817,0.840786208602886,1.0205530303030304,512
snapshot_1156.xyz,1156,16,8,0.9495401065085185,0.00799074322413928,0.9349930719260044,0.9594302783826096,4096
snapshot_1156.xyz,1156,32,1,0.9346678150337084,0.0,0.9346678150337084,0.9346678150337084,32768
snapshot_1157.xyz,1157,8,64,0.9485121270410647,0.041174262677730084,0.8782003221663833,1.0420411825677995,512
snapshot_1157.xyz,1157,16,8,0.951699385498334,0.016142797639163278,0.9299760453953421,0.9756797610264345,4096
snapshot_1157.xyz,1157,32,1,0.9438663341645885,0.0,0.9438663341645885,0.9438663341645885,32768
snapshot_1158.xyz,1158,8,64,0.96022840807881,0.04505448931352288,0.8640126752119673,1.0645209722792932,512
snapshot_1158.xyz,1158,16,8,0.950176205096209,0.014760456656422968,0.9237805691121956,0.9674050518555993,4096
snapshot_1158.xyz,1158,32,1,0.9536174242424241,0.0,0.9536174242424241,0.9536174242424241,32768
snapshot_1159.xyz,1159,8,64,0.9424909376266882,0.038767103225389545,0.8443361214993291,1.0799922798839015,512
snapshot_1159.xyz,1159,16,8,0.9414047222191393,0.015128479853736769,0.9164645600543262,0.963825742362171,4096
snapshot_1159.xyz,1159,32,1,0.9452900717703349,0.0,0.9452900717703349,0.9452900717703349,32768
snapshot_1160.xyz,1160,8,64,0.947239332795644,0.042649203136635915,0.8284315785051048,1.0210553999907177,512
snapshot_1160.xyz,1160,16,8,0.9416005308528258,0.010746419779374669,0.934111174868614,0.9674050518555993,4096
snapshot_1160.xyz,1160,32,1,0.9464796565479549,0.0,0.9464796565479549,0.9464796565479549,32768
snapshot_1161.xyz,1161,8,64,0.9475022755440388,0.04416957035027324,0.8477374900214277,1.0629728182676095,512
snapshot_1161.xyz,1161,16,8,0.9515956108840242,0.009672371577087396,0.9338034223209958,0.9634881502942182,4096
snapshot_1161.xyz,1161,32,1,0.9450862831238773,0.0,0.9450862831238773,0.9450862831238773,32768
snapshot_1162.xyz,1162,8,64,0.9542494488114044,0.047220679470509924,0.8640126752119673,1.0859041628472992,512
snapshot_1162.xyz,1162,16,8,0.9432960975020912,0.0170673868734119,0.9204596565804444,0.9714884544501862,4096
snapshot_1162.xyz,1162,32,1,0.9515360845295056,0.0,0.9515360845295056,0.9515360845295056,32768
snapshot_1163.xyz,1163,8,64,0.9417276426637609,0.039164445876487396,0.8443361214993291,1.0215728419255936,512
snapshot_1163.xyz,1163,16,8,0.9433729301449599,0.018614935615027948,0.9194045037084639,0.9791772332832284,4096
snapshot_1163.xyz,1163,32,1,0.9360974258522783,0.0,0.9360974258522783,0.9360974258522783,32768
snapshot_1164.xyz,1164,8,64,0.9396429581285541,0.041261718390046644,0.845357259505466,1.0205530303030304,512
snapshot_1164.xyz,1164,16,8,0.9409181658946169,0.01233885256022817,0.9220533009197946,0.955154844071839,4096
snapshot_1164.xyz,1164,32,1,0.9505842168789346,0.0,0.9505842168789346,0.9505842168789346,32768
snapshot_1165.xyz,1165,8,64,0.9402112137454999,0.038998639112757284,0.8477374900214277,1.0210553999907177,512
snapshot_1165.xyz,1165,16,8,0.9342049266167548,0.012265907415131495,0.9168291783060138,0.9519339324923772,4096
snapshot_1165.xyz,1165,32,1,0.9371472310307464,0.0,0.9371472310307464,0.9371472310307464,32768
snapshot_1166.xyz,1166,8,64,0.9506733949598104,0.04126345344720772,0.8609071525771544,1.0410530303030303,512
snapshot_1166.xyz,1166,16,8,0.9447966643421613,0.014474621880598424,0.9186716092926166,0.9633306833375493,4096
snapshot_1166.xyz,1166,32,1,0.9343247652395352,0.0,0.9343247652395352,0.9343247652395352,32768
snapshot_1167.xyz,1167,8,64,0.9441757677585165,0.04919518957998406,0.8509852978575699,1.0600758649870465,512
snapshot_1167.xyz,1167,16,8,0.9369709920245497,0.016035935630543806,0.9112137101272666,0.9586797267264796,4096
snapshot_1167.xyz,1167,32,1,0.9474145573718236,0.0,0.9474145573718236,0.9474145573718236,32768
snapshot_1168.xyz,1168,8,64,0.9449452939544929,0.047177174032630824,0.8443361214993291,1.1127604037600567,512
snapshot_1168.xyz,1168,16,8,0.9500068385159113,0.010801210553467337,0.9355771547915495,0.9677037780486056,4096
snapshot_1168.xyz,1168,32,1,0.9542082867188747,0.0,0.9542082867188747,0.9542082867188747,32768
snapshot_1169.xyz,1169,8,64,0.9417385029064249,0.045614007628719054,0.8321041453305748,1.0200871482336524,512
snapshot_1169.xyz,1169,16,8,0.9454873898820035,0.013041254096511674,0.9261715135792166,0.9674050518555993,4096
snapshot_1169.xyz,1169,32,1,0.9428143445265611,0.0,0.9428143445265611,0.9428143445265611,32768
snapshot_1170.xyz,1170,8,64,0.9485134795136427,0.04183390072695249,0.8246024722372892,1.0410530303030303,512
snapshot_1170.xyz,1170,16,8,0.9444144863994905,0.017844512431283797,0.910492882978532,0.9668105427495637,4096
snapshot_1170.xyz,1170,32,1,0.9398704838452968,0.0,0.9398704838452968,0.9398704838452968,32768
snapshot_1171.xyz,1171,8,64,0.9505519321364383,0.03971408187936562,0.8509852978575699,1.0410530303030303,512
snapshot_1171.xyz,1171,16,8,0.9419192322360805,0.015062535807623244,0.9204596565804444,0.9709615208008082,4096
snapshot_1171.xyz,1171,32,1,0.9473396508728178,0.0,0.9473396508728178,0.9473396508728178,32768
snapshot_1172.xyz,1172,8,64,0.9506477866668742,0.047682240742127624,0.8509852978575699,1.0587255037513008,512
snapshot_1172.xyz,1172,16,8,0.9544230580037443,0.017503640602654254,0.9349930719260044,0.9916028120815354,4096
snapshot_1172.xyz,1172,32,1,0.9472540754355122,0.0,0.9472540754355122,0.9472540754355122,32768
snapshot_1173.xyz,1173,8,64,0.950430097118818,0.04415414191139939,0.8640126752119673,1.0600758649870465,512
snapshot_1173.xyz,1173,16,8,0.9425699940647715,0.014344743141342904,0.9190354147250699,0.9679885501951268,4096
snapshot_1173.xyz,1173,32,1,0.9482961729980962,0.0,0.9482961729980962,0.9482961729980962,32768
snapshot_1174.xyz,1174,8,64,0.9426427199473406,0.04192984080344114,0.8477374900214277,1.0401074877702967,512
snapshot_1174.xyz,1174,16,8,0.9448626527991961,0.01461166933357573,0.9227564737003112,0.96316285989006,4096
snapshot_1174.xyz,1174,32,1,0.9485692165500355,0.0,0.9485692165500355,0.9485692165500355,32768
snapshot_1175.xyz,1175,8,64,0.945058726933891,0.0446858118514533,0.8541076104856781,1.0430824667319911,512
snapshot_1175.xyz,1175,16,8,0.9506768265339911,0.014272668293932304,0.9306092581216349,0.9752334439963053,4096
snapshot_1175.xyz,1175,32,1,0.9474902514722265,0.0,0.9474902514722265,0.9474902514722265,32768
snapshot_1176.xyz,1176,8,64,0.9534128578576218,0.04418079973255923,0.8205852174735662,1.0420411825677995,512
snapshot_1176.xyz,1176,16,8,0.9388144153084315,0.015406679269270808,0.9182665698076656,0.9664962773641516,4096
snapshot_1176.xyz,1176,32,1,0.9493816192691228,0.0,0.9493816192691228,0.9493816192691228,32768
snapshot_1177.xyz,1177,8,64,0.9503356462124558,0.04612708489857735,0.8321041453305748,1.0880711418394462,512
snapshot_1177.xyz,1177,16,8,0.9592261122652399,0.0191370619772224,0.9265077873739747,0.9957967564350543,4096
snapshot_1177.xyz,1177,32,1,0.9363127434280647,0.0,0.9363127434280647,0.9363127434280647,32768
snapshot_1178.xyz,1178,8,64,0.9422979677630247,0.03989100343448875,0.8541076104856781,1.0410530303030303,512
snapshot_1178.xyz,1178,16,8,0.9357599307351887,0.019092226397883612,0.9080662298565609,0.9755718570447729,4096
snapshot_1178.xyz,1178,32,1,0.9505842168789346,0.0,0.9505842168789346,0.9505842168789346,32768
snapshot_1179.xyz,1179,8,64,0.9500305333607502,0.043363892880342564,0.8509852978575699,1.0410530303030303,512
snapshot_1179.xyz,1179,16,8,0.9507810042473119,0.008984533761797019,0.9396203175623209,0.9668105427495637,4096
snapshot_1179.xyz,1179,32,1,0.9462247855781448,0.0,0.9462247855781448,0.9462247855781448,32768
snapshot_1180.xyz,1180,8,64,0.9439705402973357,0.04011393503984096,0.8570992892754854,1.0210553999907177,512
snapshot_1180.xyz,1180,16,8,0.9505229743115494,0.016421044698483538,0.9153524156335626,0.9713539304439324,4096
snapshot_1180.xyz,1180,32,1,0.9431710723192019,0.0,0.9431710723192019,0.9431710723192019,32768
snapshot_1181.xyz,1181,8,64,0.9486646468607218,0.049269629541793335,0.8321041453305748,1.0661583568238173,512
snapshot_1181.xyz,1181,16,8,0.9430620446776966,0.015364101976097208,0.9208085173667844,0.9629933236786258,4096
snapshot_1181.xyz,1181,32,1,0.9413863961245235,0.0,0.9413863961245235,0.9413863961245235,32768
snapshot_1182.xyz,1182,8,64,0.9384320618325467,0.045073468766956455,0.8205852174735662,1.0420411825677995,512
snapshot_1182.xyz,1182,16,8,0.9336604838490141,0.009978692265843338,0.9160970426775279,0.9510714414772522,4096
snapshot_1182.xyz,1182,32,1,0.9360468454555353,0.0,0.9360468454555353,0.9360468454555353,32768
snapshot_1183.xyz,1183,8,64,0.940849965234903,0.04354196661381808,0.8047903165948215,1.0410530303030303,512
snapshot_1183.xyz,1183,16,8,0.9393230992432802,0.010802606135484932,0.9251538249609698,0.9592472807429624,4096
snapshot_1183.xyz,1183,32,1,0.9374755149284738,0.0,0.9374755149284738,0.9374755149284738,32768
snapshot_1184.xyz,1184,8,64,0.9412162603058507,0.044913862047217645,0.8284315785051048,1.0629728182676095,512
snapshot_1184.xyz,1184,16,8,0.9307544992413916,0.018760862535635994,0.905299815377077,0.9674050518555993,4096
snapshot_1184.xyz,1184,32,1,0.9393126588310038,0.0,0.9393126588310038,0.9393126588310038,32768
snapshot_1185.xyz,1185,8,64,0.9504712776612054,0.045506349595817,0.8356213385167788,1.0629728182676095,512
snapshot_1185.xyz,1185,16,8,0.9435802074340696,0.02196178174810578,0.9116907130348205,0.9833454753363643,4096
snapshot_1185.xyz,1185,32,1,0.9366467077740548,0.0,0.9366467077740548,0.9366467077740548,32768
snapshot_1186.xyz,1186,8,64,0.9497169279817846,0.038909325939377085,0.8640126752119673,1.0383467983670673,512
snapshot_1186.xyz,1186,16,8,0.9373508073198398,0.020797756018238703,0.898675532296222,0.9674050518555993,4096
snapshot_1186.xyz,1186,32,1,0.9420773109911055,0.0,0.9420773109911055,0.9420773109911055,32768
snapshot_1187.xyz,1187,8,64,0.9452483906842166,0.04499034892099081,0.8509852978575699,1.0401074877702967,512
snapshot_1187.xyz,1187,16,8,0.9382377534568991,0.013484324559031816,0.9157265914606503,0.954953647430199,4096
snapshot_1187.xyz,1187,32,1,0.9363127434280647,0.0,0.9363127434280647,0.9363127434280647,32768
snapshot_1188.xyz,1188,8,64,0.9484563069025098,0.04597872338649068,0.8570992892754854,1.0629728182676095,512
snapshot_1188.xyz,1188,16,8,0.9494768052610407,0.012798339399568417,0.9352820990752025,0.9752334439963053,4096
snapshot_1188.xyz,1188,32,1,0.9440718908118532,0.0,0.9440718908118532,0.9440718908118532,32768
snapshot_1189.xyz,1189,8,64,0.9474368624437363,0.04506417760023107,0.8509852978575699,1.0629728182676095,512
snapshot_1189.xyz,1189,16,8,0.9443800539992862,0.01577097007402059,0.9241190012395963,0.979460975854123,4096
snapshot_1189.xyz,1189,32,1,0.9418651445875543,0.0,0.9418651445875543,0.9418651445875543,32768
snapshot_1190.xyz,1190,8,64,0.9468669026118982,0.043028414849099396,0.8698114634096048,1.0430824667319911,512
snapshot_1190.xyz,1190,16,8,0.9436394829350978,0.017940799091874075,0.9265077873739747,0.9751216824318119,4096
snapshot_1190.xyz,1190,32,1,0.9491132023615839,0.0,0.9491132023615839,0.9491132023615839,32768
snapshot_1191.xyz,1191,8,64,0.9433916005615275,0.045171930312140694,0.8609071525771544,1.0600758649870465,512
snapshot_1191.xyz,1191,16,8,0.9412461697185446,0.012840169916615421,0.9234476664792353,0.96316285989006,4096
snapshot_1191.xyz,1191,32,1,0.9340817194095956,0.0,0.9340817194095956,0.9340817194095956,32768
snapshot_1192.xyz,1192,8,64,0.9528352533108695,0.04459885653268668,0.8640126752119673,1.0645209722792932,512
snapshot_1192.xyz,1192,16,8,0.9393275205521969,0.009932891069071007,0.9241190012395963,0.9555613305613306,4096
snapshot_1192.xyz,1192,32,1,0.9451674124980022,0.0,0.9451674124980022,0.9451674124980022,32768
snapshot_1193.xyz,1193,8,64,0.948735248505072,0.04698308225719827,0.8541076104856781,1.0600758649870465,512
snapshot_1193.xyz,1193,16,8,0.9434002553670235,0.012898025612338578,0.9271632375080652,0.9674050518555993,4096
snapshot_1193.xyz,1193,32,1,0.9411718415364233,0.0,0.9411718415364233,0.9411718415364233,32768
snapshot_1194.xyz,1194,8,64,0.9526132977570911,0.04307203062684099,0.8599740704787842,1.0998493092723047,512
snapshot_1194.xyz,1194,16,8,0.9485193500505806,0.02487226445310702,0.9141943410544575,0.9838608502401606,4096
snapshot_1194.xyz,1194,32,1,0.9304164128362843,0.0,0.9304164128362843,0.9304164128362843,32768
snapshot_1195.xyz,1195,8,64,0.9519651346021508,0.04508896347161919,0.8609071525771544,1.0430824667319911,512
snapshot_1195.xyz,1195,16,8,0.9478405079529175,0.018044175180282764,0.9120860633964938,0.9668105427495637,4096
snapshot_1195.xyz,1195,32,1,0.9398315714029744,0.0,0.9398315714029744,0.9398315714029744,32768
snapshot_1196.xyz,1196,8,64,0.9439125484248909,0.04431629669571529,0.8356213385167788,1.0383467983670673,512
snapshot_1196.xyz,1196,16,8,0.9427437683957243,0.021321441582883637,0.9153524156335626,0.9792726604830564,4096
snapshot_1196.xyz,1196,32,1,0.9444268964345331,0.0,0.9444268964345331,0.9444268964345331,32768
snapshot_1197.xyz,1197,8,64,0.9504506739405922,0.04016378003619526,0.8477374900214277,1.0410530303030303,512
snapshot_1197.xyz,1197,16,8,0.9435622971944047,0.011836211600230146,0.9244547531065623,0.9592472807429624,4096
snapshot_1197.xyz,1197,32,1,0.9399658275882621,0.0,0.9399658275882621,0.9399658275882621,32768
snapshot_1198.xyz,1198,8,64,0.9489296079950642,0.038030694446650436,0.8640126752119673,1.0401074877702967,512
snapshot_1198.xyz,1198,16,8,0.9439475554146881,0.00569580386734167,0.9355771547915495,0.9523675136036123,4096
snapshot_1198.xyz,1198,32,1,0.9461484934938418,0.0,0.9461484934938418,0.9461484934938418,32768
snapshot_1199.xyz,1199,8,64,0.9557487211635883,0.04275197493535906,0.8541076104856781,1.0410530303030303,512
snapshot_1199.xyz,1199,16,8,0.9539197488962918,0.013564749786644587,0.9324361269611691,0.9749997694556387,4096
snapshot_1199.xyz,1199,32,1,0.9387176081051609,0.0,0.9387176081051609,0.9387176081051609,32768
snapshot_1200.xyz,1200,8,64,0.9450711782047064,0.0413577697877225,0.8609071525771544,1.092751785638815,512
snapshot_1200.xyz,1200,16,8,0.9416845907712417,0.011244398359389628,0.9237805691121956,0.9555613305613306,4096
snapshot_1200.xyz,1200,32,1,0.9501485247208931,0.0,0.9501485247208931,0.9501485247208931,32768
snapshot_1201.xyz,1201,8,64,0.9480158534296933,0.04765753432881862,0.8356213385167788,1.0661583568238173,512
snapshot_1201.xyz,1201,16,8,0.9410257737120287,0.021557519600761337,0.907654834608991,0.9837955048496517,4096
snapshot_1201.xyz,1201,32,1,0.9385820435896927,0.0,0.9385820435896927,0.9385820435896927,32768
