cid,cid_shuffled,cid_shuffled_std,cid_normalized,compression_gain,snapshot,nbins,n_particles_total,box_length,n_particles_filtered,atom_types,snapshot_num,shannon_entropy
0.0118622,0.0241556,0.0,0.4910745334415208,0.5089254665584793,snapshot_1.xyz,64,4000,16.796962,4000,all,1,7.628202008393906
0.0110608,0.0235256,0.0,0.4701601659468834,0.5298398340531165,snapshot_2.xyz,64,4000,16.796962,4000,all,2,7.616296516859283
0.0118151,0.0237395,0.0,0.4976979296109859,0.5023020703890141,snapshot_3.xyz,64,4000,16.796962,4000,all,3,7.625400994430534
0.0110608,0.0234355,0.0,0.4719677412472531,0.5280322587527468,snapshot_4.xyz,64,4000,16.796962,4000,all,4,7.619980662158193
0.0112851,0.0236044,0.0,0.4780930673942146,0.5219069326057855,snapshot_5.xyz,64,4000,16.796962,4000,all,5,7.624500210628039
0.0112497,0.0235931,0.0,0.476821613098745,0.523178386901255,snapshot_6.xyz,64,4000,16.796962,4000,all,6,7.621282237886989
0.0113323,0.0235143,0.0,0.4819322710010504,0.5180677289989495,snapshot_7.xyz,64,4000,16.796962,4000,all,7,7.622948287122579
0.0108363,0.0236607,0.0,0.4579872953885557,0.5420127046114442,snapshot_8.xyz,64,4000,16.796962,4000,all,8,7.622228701488375
0.0116975,0.0235031,0.0,0.497700303364237,0.5022996966357629,snapshot_9.xyz,64,4000,16.796962,4000,all,9,7.625105369976225
0.0110136,0.0235481,0.0,0.467706524093239,0.532293475906761,snapshot_10.xyz,64,4000,16.796962,4000,all,10,7.6212655619853225
0.0113676,0.0236832,0.0,0.4799858127280097,0.5200141872719903,snapshot_11.xyz,64,4000,16.796962,4000,all,11,7.618881580663356
0.0118269,0.0236945,0.0,0.4991411508999979,0.5008588491000021,snapshot_12.xyz,64,4000,16.796962,4000,all,12,7.619580347729695
0.0112143,0.0235481,0.0,0.4762295047158794,0.5237704952841206,snapshot_13.xyz,64,4000,16.796962,4000,all,13,7.622399238733043
0.0108245,0.0235031,0.0,0.4605562670456238,0.5394437329543762,snapshot_14.xyz,64,4000,16.796962,4000,all,14,7.622399238733044
0.0110845,0.0235031,0.0,0.4716186375414307,0.5283813624585693,snapshot_15.xyz,64,4000,16.796962,4000,all,15,7.621233079696067
0.0110963,0.0235706,0.0,0.470768669444138,0.529231330555862,snapshot_16.xyz,64,4000,16.796962,4000,all,16,7.620939073842564
0.0113676,0.0235481,0.0,0.4827395840853402,0.5172604159146598,snapshot_17.xyz,64,4000,16.796962,4000,all,17,7.619265878265202
0.011403,0.023762,0.0,0.4798838481609292,0.5201161518390707,snapshot_18.xyz,64,4000,16.796962,4000,all,18,7.625241362325669
0.0114737,0.0236157,0.0,0.4858505146999665,0.5141494853000335,snapshot_19.xyz,64,4000,16.796962,4000,all,19,7.620812714629929
0.0116975,0.0237507,0.0,0.4925117996522207,0.5074882003477792,snapshot_20.xyz,64,4000,16.796962,4000,all,20,7.622789679001094
0.011568,0.0237282,0.0,0.4875211773332996,0.5124788226667004,snapshot_21.xyz,64,4000,16.796962,4000,all,21,7.623647324686958
0.0111199,0.0237395,0.0,0.4684134038206365,0.5315865961793635,snapshot_22.xyz,64,4000,16.796962,4000,all,22,7.622581891863922
0.0113087,0.0235594,0.0,0.480007979829707,0.519992020170293,snapshot_23.xyz,64,4000,16.796962,4000,all,23,7.619054231670274
0.0111199,0.0234918,0.0,0.4733524038175022,0.5266475961824977,snapshot_24.xyz,64,4000,16.796962,4000,all,24,7.6221058968629105
0.011568,0.0235819,0.0,0.4905457151459382,0.5094542848540617,snapshot_25.xyz,64,4000,16.796962,4000,all,25,7.624138729674903
0.011049,0.0235143,0.0,0.4698842831808729,0.5301157168191271,snapshot_26.xyz,64,4000,16.796962,4000,all,26,7.6208588045252625
0.0111671,0.0236044,0.0,0.4730939994238362,0.5269060005761639,snapshot_27.xyz,64,4000,16.796962,4000,all,27,7.621379432006217
0.0112733,0.0235481,0.0,0.478735014714563,0.521264985285437,snapshot_28.xyz,64,4000,16.796962,4000,all,28,7.622371830958708
0.0113205,0.0237395,0.0,0.4768634554223973,0.5231365445776027,snapshot_29.xyz,64,4000,16.796962,4000,all,29,7.620309645933631
0.0115091,0.0236269,0.0,0.4871184962902454,0.5128815037097545,snapshot_30.xyz,64,4000,16.796962,4000,all,30,7.622565064604697
0.0111671,0.0237282,0.0,0.4706256690351564,0.5293743309648435,snapshot_31.xyz,64,4000,16.796962,4000,all,31,7.621516455720313
0.0108245,0.0236719,0.0,0.4572721243330701,0.5427278756669299,snapshot_32.xyz,64,4000,16.796962,4000,all,32,7.625104048478711
0.0112261,0.0236719,0.0,0.4742373869440138,0.5257626130559863,snapshot_33.xyz,64,4000,16.796962,4000,all,33,7.621582448986503
0.0112143,0.0236832,0.0,0.4735128698824483,0.5264871301175518,snapshot_34.xyz,64,4000,16.796962,4000,all,34,7.6230110179808435
0.0108127,0.0234017,0.0,0.4620476290184046,0.5379523709815954,snapshot_35.xyz,64,4000,16.796962,4000,all,35,7.621266962089075
0.0112261,0.0235819,0.0,0.4760473074688638,0.5239526925311362,snapshot_36.xyz,64,4000,16.796962,4000,all,36,7.62306076348006
0.0111671,0.0234918,0.0,0.4753616155424445,0.5246383844575555,snapshot_37.xyz,64,4000,16.796962,4000,all,37,7.622193225174367
0.0115444,0.0236269,0.0,0.4886125560272401,0.5113874439727599,snapshot_38.xyz,64,4000,16.796962,4000,all,38,7.623655923915596
0.0116739,0.0236607,0.0,0.4933877695926156,0.5066122304073843,snapshot_39.xyz,64,4000,16.796962,4000,all,39,7.620806439558843
0.0113794,0.0236832,0.0,0.4804840562086204,0.5195159437913797,snapshot_40.xyz,64,4000,16.796962,4000,all,40,7.621521208499869
0.0112615,0.0236607,0.0,0.4759580232199386,0.5240419767800615,snapshot_41.xyz,64,4000,16.796962,4000,all,41,7.620368191340815
0.0110963,0.0234242,0.0,0.4737109485062457,0.5262890514937544,snapshot_42.xyz,64,4000,16.796962,4000,all,42,7.619322192526519
0.0112497,0.0236832,0.0,0.4750076003242804,0.5249923996757195,snapshot_43.xyz,64,4000,16.796962,4000,all,43,7.621340590228959
0.01086,0.0235256,0.0,0.4616247832148808,0.5383752167851192,snapshot_44.xyz,64,4000,16.796962,4000,all,44,7.620205671175009
0.0114855,0.0235819,0.0,0.487047269304,0.512952730696,snapshot_45.xyz,64,4000,16.796962,4000,all,45,7.624117514103786
0.0110845,0.0236607,0.0,0.4684772639862726,0.5315227360137273,snapshot_46.xyz,64,4000,16.796962,4000,all,46,7.622545983161366
0.0112851,0.0236269,0.0,0.4776377772792876,0.5223622227207124,snapshot_47.xyz,64,4000,16.796962,4000,all,47,7.6201808530060315
0.0114737,0.0236719,0.0,0.484697045864506,0.515302954135494,snapshot_48.xyz,64,4000,16.796962,4000,all,48,7.621426366896161
0.0113205,0.023717,0.0,0.4773158493907324,0.5226841506092675,snapshot_49.xyz,64,4000,16.796962,4000,all,49,7.6209091532674575
0.0109191,0.0235256,0.0,0.4641369401843098,0.5358630598156902,snapshot_50.xyz,64,4000,16.796962,4000,all,50,7.619928239450321
0.0112733,0.0235031,0.0,0.4796516204245397,0.5203483795754602,snapshot_51.xyz,64,4000,16.796962,4000,all,51,7.6219128137085015
0.0113912,0.0236382,0.0,0.4818979448519769,0.5181020551480231,snapshot_52.xyz,64,4000,16.796962,4000,all,52,7.6218713968641225
0.0110018,0.023762,0.0,0.4629997474960021,0.5370002525039979,snapshot_53.xyz,64,4000,16.796962,4000,all,53,7.621701064728141
0.0113676,0.0235931,0.0,0.4818188368633202,0.5181811631366797,snapshot_54.xyz,64,4000,16.796962,4000,all,54,7.623829261888754
0.0108836,0.023458,0.0,0.463961122005286,0.536038877994714,snapshot_55.xyz,64,4000,16.796962,4000,all,55,7.619165271672058
0.0113794,0.0236269,0.0,0.481628990684347,0.5183710093156529,snapshot_56.xyz,64,4000,16.796962,4000,all,56,7.622397949057776
0.01099,0.0235931,0.0,0.4658141575291081,0.5341858424708918,snapshot_57.xyz,64,4000,16.796962,4000,all,57,7.6213039241711
0.011403,0.0236269,0.0,0.482627852151573,0.517372147848427,snapshot_58.xyz,64,4000,16.796962,4000,all,58,7.6213105957187715
0.011403,0.0236382,0.0,0.4823971368378302,0.5176028631621697,snapshot_59.xyz,64,4000,16.796962,4000,all,59,7.6209699375804085
0.0111789,0.0236832,0.0,0.4720181394406161,0.5279818605593839,snapshot_60.xyz,64,4000,16.796962,4000,all,60,7.617431456428323
0.0113794,0.0234468,0.0,0.4853284883225002,0.5146715116774998,snapshot_61.xyz,64,4000,16.796962,4000,all,61,7.6213369551782915
0.0110254,0.0234918,0.0,0.4693297235631156,0.5306702764368845,snapshot_62.xyz,64,4000,16.796962,4000,all,62,7.621199448174687
0.0113559,0.0235706,0.0,0.4817823899264338,0.5182176100735663,snapshot_63.xyz,64,4000,16.796962,4000,all,63,7.6218630277929
0.0107653,0.023413,0.0,0.459800111049417,0.540199888950583,snapshot_64.xyz,64,4000,16.796962,4000,all,64,7.625043673661664
0.0113441,0.0236044,0.0,0.4805926013794038,0.5194073986205963,snapshot_65.xyz,64,4000,16.796962,4000,all,65,7.621859782036868
0.0115091,0.0236945,0.0,0.4857287556183924,0.5142712443816075,snapshot_66.xyz,64,4000,16.796962,4000,all,66,7.621937172621044
0.0110608,0.0236719,0.0,0.4672544240217304,0.5327455759782695,snapshot_67.xyz,64,4000,16.796962,4000,all,67,7.622437059940867
0.0112143,0.0236945,0.0,0.4732870497372808,0.5267129502627192,snapshot_68.xyz,64,4000,16.796962,4000,all,68,7.6218568721678555
0.0112851,0.023762,0.0,0.4749221446006228,0.5250778553993771,snapshot_69.xyz,64,4000,16.796962,4000,all,69,7.622426205342424
0.01099,0.0235931,0.0,0.4658141575291081,0.5341858424708918,snapshot_70.xyz,64,4000,16.796962,4000,all,70,7.618793251450144
0.0113323,0.0235481,0.0,0.4812405247132465,0.5187594752867535,snapshot_71.xyz,64,4000,16.796962,4000,all,71,7.621574154952846
0.0116504,0.0234693,0.0,0.4964102039685887,0.5035897960314113,snapshot_72.xyz,64,4000,16.796962,4000,all,72,7.619286529512156
0.0110963,0.0234918,0.0,0.4723477979550311,0.5276522020449689,snapshot_73.xyz,64,4000,16.796962,4000,all,73,7.621766678317437
0.011403,0.0236945,0.0,0.4812509232100276,0.5187490767899723,snapshot_74.xyz,64,4000,16.796962,4000,all,74,7.624539617655627
0.0111671,0.0235143,0.0,0.4749067588658816,0.5250932411341184,snapshot_75.xyz,64,4000,16.796962,4000,all,75,7.61966574986725
0.0111907,0.0236494,0.0,0.4731917088805635,0.5268082911194365,snapshot_76.xyz,64,4000,16.796962,4000,all,76,7.619032170046479
0.0111671,0.0236945,0.0,0.4712950262719196,0.5287049737280805,snapshot_77.xyz,64,4000,16.796962,4000,all,77,7.622643490050076
0.0113323,0.0238407,0.0,0.4753341974019219,0.524665802598078,snapshot_78.xyz,64,4000,16.796962,4000,all,78,7.622845860608049
0.0111435,0.0236607,0.0,0.4709708503974946,0.5290291496025055,snapshot_79.xyz,64,4000,16.796962,4000,all,79,7.6214144928946475
0.0109663,0.0235706,0.0,0.4652533240562395,0.5347466759437605,snapshot_80.xyz,64,4000,16.796962,4000,all,80,7.6175219966698045
0.0112143,0.0234918,0.0,0.4773708272673869,0.5226291727326131,snapshot_81.xyz,64,4000,16.796962,4000,all,81,7.621937949949711
0.0115915,0.023762,0.0,0.4878166820974665,0.5121833179025335,snapshot_82.xyz,64,4000,16.796962,4000,all,82,7.620835050013675
0.0111081,0.0236607,0.0,0.4694746985507613,0.5305253014492386,snapshot_83.xyz,64,4000,16.796962,4000,all,83,7.6224029450598305
0.0117798,0.0235594,0.0,0.5000042445902697,0.4999957554097303,snapshot_84.xyz,64,4000,16.796962,4000,all,84,7.6197177461190995
0.0113559,0.0235481,0.0,0.4822427287127199,0.51775727128728,snapshot_85.xyz,64,4000,16.796962,4000,all,85,7.620396943052907
0.0112379,0.0237845,0.0,0.4724883852929429,0.5275116147070571,snapshot_86.xyz,64,4000,16.796962,4000,all,86,7.623290041323034
0.0111317,0.0236832,0.0,0.4700251655181732,0.5299748344818268,snapshot_87.xyz,64,4000,16.796962,4000,all,87,7.621331682988975
0.0114502,0.0234918,0.0,0.4874126290875965,0.5125873709124035,snapshot_88.xyz,64,4000,16.796962,4000,all,88,7.619548047183374
0.0113087,0.0236832,0.0,0.4774988177273341,0.522501182272666,snapshot_89.xyz,64,4000,16.796962,4000,all,89,7.622483745061597
0.01086,0.0235706,0.0,0.4607434685582887,0.5392565314417113,snapshot_90.xyz,64,4000,16.796962,4000,all,90,7.622017545829735
0.011049,0.0235143,0.0,0.4698842831808729,0.5301157168191271,snapshot_91.xyz,64,4000,16.796962,4000,all,91,7.619029180361512
0.0111789,0.0237282,0.0,0.4711229676081624,0.5288770323918376,snapshot_92.xyz,64,4000,16.796962,4000,all,92,7.622253732585082
0.0116151,0.0236157,0.0,0.4918380568858852,0.5081619431141148,snapshot_93.xyz,64,4000,16.796962,4000,all,93,7.623187207896137
0.0116268,0.0237732,0.0,0.4890717278279743,0.5109282721720256,snapshot_94.xyz,64,4000,16.796962,4000,all,94,7.6180696377466735
0.0113676,0.0236607,0.0,0.480442252342492,0.519557747657508,snapshot_95.xyz,64,4000,16.796962,4000,all,95,7.621518171815631
0.0113087,0.0236945,0.0,0.4772710966680031,0.5227289033319968,snapshot_96.xyz,64,4000,16.796962,4000,all,96,7.623651541583965
0.011403,0.0237395,0.0,0.480338676046252,0.519661323953748,snapshot_97.xyz,64,4000,16.796962,4000,all,97,7.6219616440345686
0.0111671,0.0237282,0.0,0.4706256690351564,0.5293743309648435,snapshot_98.xyz,64,4000,16.796962,4000,all,98,7.621569350312094
0.0112969,0.0235256,0.0,0.4801960417587649,0.519803958241235,snapshot_99.xyz,64,4000,16.796962,4000,all,99,7.623422715182734
0.0110372,0.0235481,0.0,0.4687087280927124,0.5312912719072875,snapshot_100.xyz,64,4000,16.796962,4000,all,100,7.619732708428629
0.0113087,0.0234918,0.0,0.4813892507172715,0.5186107492827284,snapshot_101.xyz,64,4000,16.796962,4000,all,101,7.621612784057546
0.0116975,0.0235819,0.0,0.4960372149826774,0.5039627850173226,snapshot_102.xyz,64,4000,16.796962,4000,all,102,7.618868212593483
0.0120972,0.0235931,0.0,0.5127431325260352,0.4872568674739648,snapshot_103.xyz,64,4000,16.796962,4000,all,103,7.61950814306055
0.0121794,0.0235256,0.0,0.5177083687557384,0.4822916312442615,snapshot_104.xyz,64,4000,16.796962,4000,all,104,7.620167859243534
0.0123085,0.0235931,0.0,0.521699140850503,0.478300859149497,snapshot_105.xyz,64,4000,16.796962,4000,all,105,7.620626036577713
0.012625,0.0235143,0.0,0.5369073287318781,0.4630926712681219,snapshot_106.xyz,64,4000,16.796962,4000,all,106,7.62140677943536
0.0130229,0.0236832,0.0,0.5498792392919876,0.4501207607080124,snapshot_107.xyz,64,4000,16.796962,4000,all,107,7.625128337906093
0.0126016,0.0235256,0.0,0.5356547760737239,0.4643452239262761,snapshot_108.xyz,64,4000,16.796962,4000,all,108,7.621244269565882
0.0128475,0.0236269,0.0,0.5437657923807185,0.4562342076192814,snapshot_109.xyz,64,4000,16.796962,4000,all,109,7.625448292458041
0.0128943,0.023717,0.0,0.5436733145001476,0.4563266854998524,snapshot_110.xyz,64,4000,16.796962,4000,all,110,7.6209044442663
0.0136067,0.0235594,0.0,0.5775486642274421,0.4224513357725579,snapshot_111.xyz,64,4000,16.796962,4000,all,111,7.619572087489507
0.0135717,0.0237395,0.0,0.5716927483729649,0.4283072516270351,snapshot_112.xyz,64,4000,16.796962,4000,all,112,7.625676548730814
0.01335,0.0234806,0.0,0.5685544662402153,0.4314455337597846,snapshot_113.xyz,64,4000,16.796962,4000,all,113,7.621383366150647
0.0134084,0.0233904,0.0,0.5732437239209248,0.4267562760790752,snapshot_114.xyz,64,4000,16.796962,4000,all,114,7.627753474964416
0.0139678,0.0243467,0.0,0.5737040338115639,0.4262959661884361,snapshot_115.xyz,64,4000,16.796962,4000,all,115,7.619892707308836
0.0140027,0.0241219,0.0,0.5804973903382403,0.4195026096617597,snapshot_116.xyz,64,4000,16.796962,4000,all,116,7.625571205847711
0.0142703,0.0238632,0.0,0.5980044587481981,0.4019955412518019,snapshot_117.xyz,64,4000,16.796962,4000,all,117,7.626915294877226
0.0143632,0.0243691,0.0,0.5894021527261983,0.4105978472738016,snapshot_118.xyz,64,4000,16.796962,4000,all,118,7.640486955970175
0.0145607,0.023942,0.0,0.6081655667864004,0.3918344332135995,snapshot_119.xyz,64,4000,16.796962,4000,all,119,7.631933087815437
0.0143981,0.0241781,0.0,0.5955017143613435,0.4044982856386565,snapshot_120.xyz,64,4000,16.796962,4000,all,120,7.636641182130537
0.0144097,0.0237845,0.0,0.6058441421934453,0.3941558578065547,snapshot_121.xyz,64,4000,16.796962,4000,all,121,7.636812728945156
0.0145259,0.0239982,0.0,0.6052912301755965,0.3947087698244035,snapshot_122.xyz,64,4000,16.796962,4000,all,122,7.624115214110317
0.014642,0.0240207,0.0,0.6095575899120342,0.3904424100879657,snapshot_123.xyz,64,4000,16.796962,4000,all,123,7.631774736101054
0.0145955,0.0242006,0.0,0.603104881697148,0.3968951183028519,snapshot_124.xyz,64,4000,16.796962,4000,all,124,7.62694091120255
0.0150246,0.0241556,0.0,0.6219924158373215,0.3780075841626785,snapshot_125.xyz,64,4000,16.796962,4000,all,125,7.635987370840993
0.0150942,0.0240319,0.0,0.6280901634910265,0.3719098365089734,snapshot_126.xyz,64,4000,16.796962,4000,all,126,7.63060788954515
0.0151752,0.0242905,0.0,0.6247380663222247,0.3752619336777753,snapshot_127.xyz,64,4000,16.796962,4000,all,127,7.632025692642865
0.0150015,0.023807,0.0,0.6301297937581384,0.3698702062418616,snapshot_128.xyz,64,4000,16.796962,4000,all,128,7.6328050437469885
0.0151289,0.0238182,0.0,0.635182339555466,0.364817660444534,snapshot_129.xyz,64,4000,16.796962,4000,all,129,7.63581892861291
0.0149319,0.0236719,0.0,0.6307858684769706,0.3692141315230294,snapshot_130.xyz,64,4000,16.796962,4000,all,130,7.630417038341802
0.0155339,0.0241669,0.0,0.6427758628537379,0.3572241371462621,snapshot_131.xyz,64,4000,16.796962,4000,all,131,7.643845639539945
0.0155571,0.0241669,0.0,0.643735853584862,0.356264146415138,snapshot_132.xyz,64,4000,16.796962,4000,all,132,7.638280628965289
0.015291,0.0239645,0.0,0.6380688101149617,0.3619311898850382,snapshot_133.xyz,64,4000,16.796962,4000,all,133,7.6402267816189156
0.0153141,0.0236269,0.0,0.6481637455612036,0.3518362544387964,snapshot_134.xyz,64,4000,16.796962,4000,all,134,7.621734654798748
0.0155224,0.0241781,0.0,0.6420024733126258,0.3579975266873741,snapshot_135.xyz,64,4000,16.796962,4000,all,135,7.6369585908456
0.0156842,0.0240769,0.0,0.6514210716495894,0.3485789283504106,snapshot_136.xyz,64,4000,16.796962,4000,all,136,7.634819706431562
0.0159152,0.0242118,0.0,0.657332375122874,0.342667624877126,snapshot_137.xyz,64,4000,16.796962,4000,all,137,7.636817654897191
0.0159152,0.0238632,0.0,0.6669348620470013,0.3330651379529987,snapshot_138.xyz,64,4000,16.796962,4000,all,138,7.637560104847075
0.015869,0.0240657,0.0,0.6594032170267228,0.3405967829732772,snapshot_139.xyz,64,4000,16.796962,4000,all,139,7.639739833360647
0.0161575,0.0239307,0.0,0.6751787452937024,0.3248212547062976,snapshot_140.xyz,64,4000,16.796962,4000,all,140,7.637507495214506
0.015869,0.0241331,0.0,0.657561606258624,0.3424383937413759,snapshot_141.xyz,64,4000,16.796962,4000,all,141,7.640214356022331
0.0162498,0.0241444,0.0,0.6730256291313927,0.3269743708686072,snapshot_142.xyz,64,4000,16.796962,4000,all,142,7.643850765313181
0.0158459,0.0242343,0.0,0.6538625006705372,0.3461374993294628,snapshot_143.xyz,64,4000,16.796962,4000,all,143,7.639532804456609
0.0162383,0.0241106,0.0,0.6734921569765996,0.3265078430234004,snapshot_144.xyz,64,4000,16.796962,4000,all,144,7.629346774274463
0.0161229,0.0238745,0.0,0.6753188548451277,0.3246811451548723,snapshot_145.xyz,64,4000,16.796962,4000,all,145,7.623688669926866
0.0163651,0.0239307,0.0,0.6838537944982805,0.3161462055017194,snapshot_146.xyz,64,4000,16.796962,4000,all,146,7.633406470778926
0.0164918,0.0239307,0.0,0.6891482489020381,0.3108517510979619,snapshot_147.xyz,64,4000,16.796962,4000,all,147,7.633464876972696
0.0167566,0.0239307,0.0,0.7002135332439084,0.2997864667560915,snapshot_148.xyz,64,4000,16.796962,4000,all,148,7.630818723806804
0.0165379,0.0241219,0.0,0.6855969057163822,0.3144030942836178,snapshot_149.xyz,64,4000,16.796962,4000,all,149,7.6424307066763095
0.0163766,0.0242006,0.0,0.6767022305232102,0.3232977694767898,snapshot_150.xyz,64,4000,16.796962,4000,all,150,7.640407625094067
0.0163881,0.0237507,0.0,0.690004926170597,0.3099950738294029,snapshot_151.xyz,64,4000,16.796962,4000,all,151,7.639786170630951
0.016653,0.0238632,0.0,0.6978527607361963,0.3021472392638037,snapshot_152.xyz,64,4000,16.796962,4000,all,152,7.636999029780387
0.0170786,0.0242568,0.0,0.7040747336829261,0.2959252663170739,snapshot_153.xyz,64,4000,16.796962,4000,all,153,7.647055692884256
0.0169407,0.024268,0.0,0.6980674138783582,0.3019325861216417,snapshot_154.xyz,64,4000,16.796962,4000,all,154,7.639943655657477
0.0169637,0.0240769,0.0,0.7045632951085897,0.2954367048914103,snapshot_155.xyz,64,4000,16.796962,4000,all,155,7.632182810293288
0.0167911,0.0240319,0.0,0.698700477282279,0.301299522717721,snapshot_156.xyz,64,4000,16.796962,4000,all,156,7.63876491598262
0.0169062,0.023897,0.0,0.7074611875967695,0.2925388124032305,snapshot_157.xyz,64,4000,16.796962,4000,all,157,7.635412237019022
0.0167451,0.0239532,0.0,0.69907569761034,0.3009243023896599,snapshot_158.xyz,64,4000,16.796962,4000,all,158,7.643016851944941
0.0171706,0.0243017,0.0,0.7065596234008321,0.2934403765991679,snapshot_159.xyz,64,4000,16.796962,4000,all,159,7.646551143797646
0.0170327,0.0241106,0.0,0.7064403208547279,0.2935596791452721,snapshot_160.xyz,64,4000,16.796962,4000,all,160,7.63726135810624
0.0170212,0.0239195,0.0,0.7116035034177136,0.2883964965822864,snapshot_161.xyz,64,4000,16.796962,4000,all,161,7.638743523667298
0.0173544,0.0240769,0.0,0.7207904672113105,0.2792095327886895,snapshot_162.xyz,64,4000,16.796962,4000,all,162,7.637095021507514
0.017228,0.0239195,0.0,0.7202491690879826,0.2797508309120173,snapshot_163.xyz,64,4000,16.796962,4000,all,163,7.634165940910566
0.0176527,0.0242343,0.0,0.7284179860775842,0.2715820139224157,snapshot_164.xyz,64,4000,16.796962,4000,all,164,7.637361651940239
0.0173658,0.0240882,0.0,0.7209255984257853,0.2790744015742147,snapshot_165.xyz,64,4000,16.796962,4000,all,165,7.634519958560849
0.017538,0.0240994,0.0,0.7277359602313751,0.2722640397686249,snapshot_166.xyz,64,4000,16.796962,4000,all,166,7.644908205219902
0.0176183,0.0241669,0.0,0.7290260645759282,0.2709739354240718,snapshot_167.xyz,64,4000,16.796962,4000,all,167,7.6421017333958146
0.0178018,0.0240095,0.0,0.7414481767633645,0.2585518232366355,snapshot_168.xyz,64,4000,16.796962,4000,all,168,7.6420906103050505
0.0177101,0.0240769,0.0,0.7355639637993263,0.2644360362006737,snapshot_169.xyz,64,4000,16.796962,4000,all,169,7.645121711652387
0.0175495,0.0241669,0.0,0.7261791955112157,0.2738208044887843,snapshot_170.xyz,64,4000,16.796962,4000,all,170,7.645557023962468
0.0175724,0.0240882,0.0,0.729502411969346,0.270497588030654,snapshot_171.xyz,64,4000,16.796962,4000,all,171,7.64056085164666
0.0177559,0.0242905,0.0,0.7309812478129311,0.2690187521870689,snapshot_172.xyz,64,4000,16.796962,4000,all,172,7.634175504023128
0.0176068,0.0240432,0.0,0.7322985293139016,0.2677014706860984,snapshot_173.xyz,64,4000,16.796962,4000,all,173,7.632921710553019
0.0176871,0.0239982,0.0,0.737017776333225,0.262982223666775,snapshot_174.xyz,64,4000,16.796962,4000,all,174,7.629460456155902
0.0180081,0.0241556,0.0,0.7455041481064432,0.2544958518935568,snapshot_175.xyz,64,4000,16.796962,4000,all,175,7.648739190894614
0.0179393,0.0241669,0.0,0.7423086949505314,0.2576913050494686,snapshot_176.xyz,64,4000,16.796962,4000,all,176,7.641229121572357
0.0180882,0.0240095,0.0,0.7533767883546096,0.2466232116453903,snapshot_177.xyz,64,4000,16.796962,4000,all,177,7.653058201666771
0.0180997,0.0240319,0.0,0.753153100670359,0.246846899329641,snapshot_178.xyz,64,4000,16.796962,4000,all,178,7.657233969109294
0.0179049,0.0240769,0.0,0.7436547063783129,0.2563452936216871,snapshot_179.xyz,64,4000,16.796962,4000,all,179,7.656826066185024
0.0178018,0.0241669,0.0,0.7366190947121889,0.2633809052878111,snapshot_180.xyz,64,4000,16.796962,4000,all,180,7.643109095386662
0.0179164,0.0243354,0.0,0.7362278820155,0.2637721179844999,snapshot_181.xyz,64,4000,16.796962,4000,all,181,7.6368269510618845
0.0181798,0.0241444,0.0,0.752961349215553,0.2470386507844469,snapshot_182.xyz,64,4000,16.796962,4000,all,182,7.638510812267146
0.0180539,0.0241444,0.0,0.7477468895478869,0.252253110452113,snapshot_183.xyz,64,4000,16.796962,4000,all,183,7.636089742767124
0.0179737,0.0239757,0.0,0.7496632006573322,0.2503367993426678,snapshot_184.xyz,64,4000,16.796962,4000,all,184,7.649468363495405
0.0181913,0.0242568,0.0,0.7499464067807791,0.2500535932192209,snapshot_185.xyz,64,4000,16.796962,4000,all,185,7.6418411264157395
0.0182027,0.0241781,0.0,0.7528589922285043,0.2471410077714957,snapshot_186.xyz,64,4000,16.796962,4000,all,186,7.637950091275275
0.0183629,0.0241556,0.0,0.7601922535561113,0.2398077464438887,snapshot_187.xyz,64,4000,16.796962,4000,all,187,7.631173824330096
0.0182828,0.0241556,0.0,0.7568762522976038,0.2431237477023962,snapshot_188.xyz,64,4000,16.796962,4000,all,188,7.637041169671985
0.0182371,0.0240207,0.0,0.7592243356771451,0.2407756643228549,snapshot_189.xyz,64,4000,16.796962,4000,all,189,7.632748949451841
0.0180768,0.0239532,0.0,0.7546716096387956,0.2453283903612043,snapshot_190.xyz,64,4000,16.796962,4000,all,190,7.621772733433167
0.018706,0.0242118,0.0,0.7725984850362221,0.2274015149637779,snapshot_191.xyz,64,4000,16.796962,4000,all,191,7.6269228384300645
0.0184087,0.0237732,0.0,0.7743467433917184,0.2256532566082816,snapshot_192.xyz,64,4000,16.796962,4000,all,192,7.63360531264769
0.0185688,0.0240657,0.0,0.7715877784564754,0.2284122215435245,snapshot_193.xyz,64,4000,16.796962,4000,all,193,7.647030192244227
0.0184087,0.0243691,0.0,0.755411566286814,0.2445884337131859,snapshot_194.xyz,64,4000,16.796962,4000,all,194,7.654782261986463
0.0187517,0.0241556,0.0,0.7762879001142592,0.2237120998857408,snapshot_195.xyz,64,4000,16.796962,4000,all,195,7.641815392029496
0.0185917,0.0241444,0.0,0.7700212057454316,0.2299787942545683,snapshot_196.xyz,64,4000,16.796962,4000,all,196,7.637121972278344
0.0187402,0.0240544,0.0,0.779075761607024,0.220924238392976,snapshot_197.xyz,64,4000,16.796962,4000,all,197,7.639624909403774
0.0185917,0.0241556,0.0,0.7696641772508238,0.2303358227491762,snapshot_198.xyz,64,4000,16.796962,4000,all,198,7.640484754849482
0.0184545,0.0240882,0.0,0.7661220016439584,0.2338779983560416,snapshot_199.xyz,64,4000,16.796962,4000,all,199,7.644548511051368
0.018626,0.0241781,0.0,0.7703665714013922,0.2296334285986078,snapshot_200.xyz,64,4000,16.796962,4000,all,200,7.64344140976249
0.0185116,0.0242006,0.0,0.7649231837227176,0.2350768162772823,snapshot_201.xyz,64,4000,16.796962,4000,all,201,7.653814910565406
0.0190714,0.0241331,0.0,0.7902590218413713,0.2097409781586287,snapshot_202.xyz,64,4000,16.796962,4000,all,202,7.653496878347708
0.0189573,0.0240207,0.0,0.7892068091271279,0.210793190872872,snapshot_203.xyz,64,4000,16.796962,4000,all,203,7.64831941283513
0.0190486,0.0241106,0.0,0.7900508490041724,0.2099491509958275,snapshot_204.xyz,64,4000,16.796962,4000,all,204,7.636200188453928
0.0190486,0.0243467,0.0,0.7823893997954549,0.2176106002045451,snapshot_205.xyz,64,4000,16.796962,4000,all,205,7.634101345866805
0.0186831,0.0240657,0.0,0.7763372767050201,0.2236627232949799,snapshot_206.xyz,64,4000,16.796962,4000,all,206,7.6378369441100915
0.0188659,0.0241331,0.0,0.781743746141192,0.2182562538588079,snapshot_207.xyz,64,4000,16.796962,4000,all,207,7.645501925195271
0.0189801,0.0240882,0.0,0.7879418138341594,0.2120581861658406,snapshot_208.xyz,64,4000,16.796962,4000,all,208,7.6427342513268455
0.0189687,0.0240207,0.0,0.7896813997926789,0.210318600207321,snapshot_209.xyz,64,4000,16.796962,4000,all,209,7.645422901690891
0.0191171,0.0241669,0.0,0.791044776119403,0.2089552238805969,snapshot_210.xyz,64,4000,16.796962,4000,all,210,7.651571760560428
0.0189344,0.0241444,0.0,0.7842149732443134,0.2157850267556865,snapshot_211.xyz,64,4000,16.796962,4000,all,211,7.64519706814869
0.0189573,0.0242118,0.0,0.7829777216068199,0.2170222783931801,snapshot_212.xyz,64,4000,16.796962,4000,all,212,7.6391440197383895
0.0191969,0.0240544,0.0,0.7980618930424371,0.2019381069575628,snapshot_213.xyz,64,4000,16.796962,4000,all,213,7.647210751676904
0.0191399,0.0242006,0.0,0.7908853499500014,0.2091146500499986,snapshot_214.xyz,64,4000,16.796962,4000,all,214,7.6474112685071844
0.0190942,0.0240095,0.0,0.7952768695724609,0.2047231304275391,snapshot_215.xyz,64,4000,16.796962,4000,all,215,7.63874886430083
0.019254,0.0240769,0.0,0.7996876674322692,0.2003123325677308,snapshot_216.xyz,64,4000,16.796962,4000,all,216,7.639814215496868
0.0190258,0.0240994,0.0,0.7894719370606736,0.2105280629393263,snapshot_217.xyz,64,4000,16.796962,4000,all,217,7.646230146008159
0.0191969,0.0240769,0.0,0.7973160996639933,0.2026839003360067,snapshot_218.xyz,64,4000,16.796962,4000,all,218,7.652677131680651
0.0197668,0.0242792,0.0,0.8141454413654486,0.1858545586345513,snapshot_219.xyz,64,4000,16.796962,4000,all,219,7.631354832732235
0.0193794,0.0240095,0.0,0.8071555009475416,0.1928444990524583,snapshot_220.xyz,64,4000,16.796962,4000,all,220,7.640578419403858
0.0191969,0.0240882,0.0,0.7969420712215939,0.2030579287784061,snapshot_221.xyz,64,4000,16.796962,4000,all,221,7.6514243469371355
0.019254,0.0239532,0.0,0.8038174440158309,0.1961825559841691,snapshot_222.xyz,64,4000,16.796962,4000,all,222,7.6547259109058
0.0195618,0.0242231,0.0,0.8075679826281524,0.1924320173718475,snapshot_223.xyz,64,4000,16.796962,4000,all,223,7.651908585899598
0.0194706,0.0240882,0.0,0.8083044810322066,0.1916955189677933,snapshot_224.xyz,64,4000,16.796962,4000,all,224,7.650419580069277
0.0195504,0.0241444,0.0,0.8097281357167707,0.1902718642832293,snapshot_225.xyz,64,4000,16.796962,4000,all,225,7.6554036547312805
0.0196757,0.0242568,0.0,0.8111416180205139,0.1888583819794861,snapshot_226.xyz,64,4000,16.796962,4000,all,226,7.648782684934311
0.0196187,0.0242455,0.0,0.8091687117197005,0.1908312882802995,snapshot_227.xyz,64,4000,16.796962,4000,all,227,7.647887271437521
0.0196415,0.024268,0.0,0.8093580023075655,0.1906419976924345,snapshot_228.xyz,64,4000,16.796962,4000,all,228,7.641155396010731
0.0194934,0.023987,0.0,0.8126651936465585,0.1873348063534414,snapshot_229.xyz,64,4000,16.796962,4000,all,229,7.64887990707099
0.019801,0.0242343,0.0,0.8170650689312255,0.1829349310687744,snapshot_230.xyz,64,4000,16.796962,4000,all,230,7.644822047573278
0.0196529,0.0241106,0.0,0.815114513948222,0.184885486051778,snapshot_231.xyz,64,4000,16.796962,4000,all,231,7.65499955693725
0.0194022,0.0241331,0.0,0.8039663366911006,0.1960336633088993,snapshot_232.xyz,64,4000,16.796962,4000,all,232,7.655988137239978
0.0195504,0.0242006,0.0,0.8078477393122484,0.1921522606877516,snapshot_233.xyz,64,4000,16.796962,4000,all,233,7.657069713195706
0.0195618,0.0243579,0.0,0.8030987893044967,0.1969012106955032,snapshot_234.xyz,64,4000,16.796962,4000,all,234,7.653193839365434
0.0197327,0.0241781,0.0,0.8161393988774965,0.1838606011225034,snapshot_235.xyz,64,4000,16.796962,4000,all,235,7.653948321081445
0.0197554,0.0239757,0.0,0.8239759423082538,0.1760240576917462,snapshot_236.xyz,64,4000,16.796962,4000,all,236,7.649726549540409
0.0198237,0.0239195,0.0,0.8287673237316834,0.1712326762683166,snapshot_237.xyz,64,4000,16.796962,4000,all,237,7.642539554571714
0.0199034,0.0240994,0.0,0.8258877814385421,0.1741122185614578,snapshot_238.xyz,64,4000,16.796962,4000,all,238,7.653676178473013
0.0198124,0.0241781,0.0,0.8194357703872512,0.1805642296127487,snapshot_239.xyz,64,4000,16.796962,4000,all,239,7.651635566986668
0.0195276,0.0240657,0.0,0.8114287138957105,0.1885712861042895,snapshot_240.xyz,64,4000,16.796962,4000,all,240,7.649732123083304
0.0196643,0.0240769,0.0,0.8167288978232248,0.1832711021767752,snapshot_241.xyz,64,4000,16.796962,4000,all,241,7.657665206740122
0.0197327,0.0240994,0.0,0.8188046175423455,0.1811953824576545,snapshot_242.xyz,64,4000,16.796962,4000,all,242,7.647063948597618
0.0200741,0.0242118,0.0,0.8291039906161459,0.170896009383854,snapshot_243.xyz,64,4000,16.796962,4000,all,243,7.647250068543121
0.0198351,0.0239757,0.0,0.8273001413931607,0.1726998586068393,snapshot_244.xyz,64,4000,16.796962,4000,all,244,7.653097431792126
0.0196529,0.0240432,0.0,0.8173995142077594,0.1826004857922406,snapshot_245.xyz,64,4000,16.796962,4000,all,245,7.64375461585181
0.0201082,0.0241219,0.0,0.8336076345561502,0.1663923654438498,snapshot_246.xyz,64,4000,16.796962,4000,all,246,7.643288069830483
0.0199148,0.0239307,0.0,0.8321862711913985,0.1678137288086014,snapshot_247.xyz,64,4000,16.796962,4000,all,247,7.654111996084409
0.0199945,0.0241444,0.0,0.8281216348304368,0.1718783651695632,snapshot_248.xyz,64,4000,16.796962,4000,all,248,7.646566501127888
0.0197327,0.0240544,0.0,0.820336404150592,0.179663595849408,snapshot_249.xyz,64,4000,16.796962,4000,all,249,7.650150865439099
0.0199148,0.0240994,0.0,0.8263608222611352,0.1736391777388648,snapshot_250.xyz,64,4000,16.796962,4000,all,250,7.644735129604383
0.0200172,0.0241106,0.0,0.8302240508324139,0.1697759491675861,snapshot_251.xyz,64,4000,16.796962,4000,all,251,7.660717927343411
0.0196301,0.0241669,0.0,0.8122721573722737,0.1877278426277263,snapshot_252.xyz,64,4000,16.796962,4000,all,252,7.649706361703757
0.0198351,0.0241444,0.0,0.8215196898659731,0.1784803101340268,snapshot_253.xyz,64,4000,16.796962,4000,all,253,7.639168651911958
0.0199034,0.0239757,0.0,0.8301488590531247,0.1698511409468752,snapshot_254.xyz,64,4000,16.796962,4000,all,254,7.64852156280565
0.0204947,0.0241219,0.0,0.8496304188310208,0.1503695811689792,snapshot_255.xyz,64,4000,16.796962,4000,all,255,7.652172200222864
0.0202788,0.0242231,0.0,0.8371678274044198,0.1628321725955802,snapshot_256.xyz,64,4000,16.796962,4000,all,256,7.655919251664125
0.020222,0.0241106,0.0,0.838718240110159,0.1612817598898409,snapshot_257.xyz,64,4000,16.796962,4000,all,257,7.654767467966103
0.0202106,0.0242792,0.0,0.8324244620910078,0.1675755379089921,snapshot_258.xyz,64,4000,16.796962,4000,all,258,7.659812036610864
0.0199262,0.0239757,0.0,0.8310998219030102,0.1689001780969897,snapshot_259.xyz,64,4000,16.796962,4000,all,259,7.6580659667143856
0.0204266,0.0240657,0.0,0.8487847849844384,0.1512152150155615,snapshot_260.xyz,64,4000,16.796962,4000,all,260,7.650179455071202
0.0203243,0.0241219,0.0,0.8425662986746483,0.1574337013253517,snapshot_261.xyz,64,4000,16.796962,4000,all,261,7.6501413817328885
0.0201424,0.0241331,0.0,0.8346379039576349,0.165362096042365,snapshot_262.xyz,64,4000,16.796962,4000,all,262,7.651743872016261
0.0203697,0.0240657,0.0,0.8464204240890563,0.1535795759109437,snapshot_263.xyz,64,4000,16.796962,4000,all,263,7.654798995559564
0.0200059,0.0239757,0.0,0.834424020987917,0.1655759790120829,snapshot_264.xyz,64,4000,16.796962,4000,all,264,7.659378025733545
0.0202902,0.0242343,0.0,0.8372513338532576,0.1627486661467424,snapshot_265.xyz,64,4000,16.796962,4000,all,265,7.653546563071746
0.020131,0.0240994,0.0,0.8353319999668042,0.1646680000331958,snapshot_266.xyz,64,4000,16.796962,4000,all,266,7.65601890015223
0.0203697,0.0241893,0.0,0.8420954719648771,0.1579045280351229,snapshot_267.xyz,64,4000,16.796962,4000,all,267,7.660827623121475
0.0203584,0.0239195,0.0,0.8511214699303915,0.1488785300696085,snapshot_268.xyz,64,4000,16.796962,4000,all,268,7.647857730525562
0.0203925,0.0240769,0.0,0.8469736552463151,0.1530263447536849,snapshot_269.xyz,64,4000,16.796962,4000,all,269,7.650025766498617
0.0203015,0.0241669,0.0,0.8400539580997148,0.1599460419002851,snapshot_270.xyz,64,4000,16.796962,4000,all,270,7.649489041434877
0.020597,0.0241781,0.0,0.851886624672741,0.148113375327259,snapshot_271.xyz,64,4000,16.796962,4000,all,271,7.654049862139744
0.0205856,0.0240657,0.0,0.8553916985585294,0.1446083014414706,snapshot_272.xyz,64,4000,16.796962,4000,all,272,7.663166914694514
0.0207673,0.0242568,0.0,0.8561434319448568,0.1438565680551432,snapshot_273.xyz,64,4000,16.796962,4000,all,273,7.6570532016903545
0.0203811,0.0240544,0.0,0.847291971531196,0.152708028468804,snapshot_274.xyz,64,4000,16.796962,4000,all,274,7.666155779844196
0.0207219,0.0240994,0.0,0.8598512826045462,0.1401487173954537,snapshot_275.xyz,64,4000,16.796962,4000,all,275,7.653553397208521
0.0204152,0.0241893,0.0,0.8439764689346116,0.1560235310653883,snapshot_276.xyz,64,4000,16.796962,4000,all,276,7.657537219411907
0.0203129,0.0240657,0.0,0.8440602184852299,0.15593978151477,snapshot_277.xyz,64,4000,16.796962,4000,all,277,7.648237409999452
0.0206992,0.0241106,0.0,0.8585103647358424,0.1414896352641576,snapshot_278.xyz,64,4000,16.796962,4000,all,278,7.649300228358216
0.0205061,0.0240882,0.0,0.8512923340058618,0.1487076659941382,snapshot_279.xyz,64,4000,16.796962,4000,all,279,7.650185966339289
0.0204607,0.0242568,0.0,0.8435036773193496,0.1564963226806504,snapshot_280.xyz,64,4000,16.796962,4000,all,280,7.650210732934585
0.0207332,0.024313,0.0,0.8527618969275695,0.1472381030724304,snapshot_281.xyz,64,4000,16.796962,4000,all,281,7.652773870054405
0.0206424,0.0240207,0.0,0.8593588030323847,0.1406411969676153,snapshot_282.xyz,64,4000,16.796962,4000,all,282,7.647121473581384
0.0210963,0.0240882,0.0,0.8757939572072633,0.1242060427927367,snapshot_283.xyz,64,4000,16.796962,4000,all,283,7.660259982337658
0.02079,0.0242343,0.0,0.8578749953578193,0.1421250046421807,snapshot_284.xyz,64,4000,16.796962,4000,all,284,7.659737420651209
0.0204607,0.0241781,0.0,0.8462492917144026,0.1537507082855974,snapshot_285.xyz,64,4000,16.796962,4000,all,285,7.651404724046575
0.0209942,0.0242568,0.0,0.865497509976584,0.1345024900234159,snapshot_286.xyz,64,4000,16.796962,4000,all,286,7.641143765519696
0.0210282,0.0243354,0.0,0.8640992134914569,0.1359007865085431,snapshot_287.xyz,64,4000,16.796962,4000,all,287,7.64710863715244
0.0206424,0.0243242,0.0,0.8486363374746138,0.1513636625253862,snapshot_288.xyz,64,4000,16.796962,4000,all,288,7.634919812844469
0.0207786,0.0240432,0.0,0.8642194050708725,0.1357805949291275,snapshot_289.xyz,64,4000,16.796962,4000,all,289,7.640090422502556
0.0206537,0.0240994,0.0,0.8570213366307875,0.1429786633692125,snapshot_290.xyz,64,4000,16.796962,4000,all,290,7.653862351330024
0.0207446,0.0242343,0.0,0.8560016175420787,0.1439983824579213,snapshot_291.xyz,64,4000,16.796962,4000,all,291,7.664816239978554
0.0207673,0.0243017,0.0,0.8545616150310472,0.1454383849689527,snapshot_292.xyz,64,4000,16.796962,4000,all,292,7.669881510323541
0.02079,0.0241669,0.0,0.8602675560373899,0.1397324439626101,snapshot_293.xyz,64,4000,16.796962,4000,all,293,7.662688864165743
0.0209035,0.0240769,0.0,0.8681973177610074,0.1318026822389926,snapshot_294.xyz,64,4000,16.796962,4000,all,294,7.6472462391394895
0.0206537,0.024313,0.0,0.8494920412947805,0.1505079587052195,snapshot_295.xyz,64,4000,16.796962,4000,all,295,7.643645928199472
0.0208921,0.0240994,0.0,0.866913699096243,0.1330863009037569,snapshot_296.xyz,64,4000,16.796962,4000,all,296,7.651650126173758
0.02079,0.0241893,0.0,0.8594709230940953,0.1405290769059046,snapshot_297.xyz,64,4000,16.796962,4000,all,297,7.64008671761073
0.02079,0.0240319,0.0,0.8651001377335958,0.1348998622664041,snapshot_298.xyz,64,4000,16.796962,4000,all,298,7.652523299994211
0.0208467,0.0241893,0.0,0.8618149347025337,0.1381850652974663,snapshot_299.xyz,64,4000,16.796962,4000,all,299,7.659714675103643
0.0209942,0.0242118,0.0,0.8671061218083745,0.1328938781916254,snapshot_300.xyz,64,4000,16.796962,4000,all,300,7.663625942899148
0.0208127,0.0242343,0.0,0.8588116842656895,0.1411883157343104,snapshot_301.xyz,64,4000,16.796962,4000,all,301,7.658633798610389
0.02079,0.0243467,0.0,0.8539144935453264,0.1460855064546735,snapshot_302.xyz,64,4000,16.796962,4000,all,302,7.651481607232133
0.0209262,0.023987,0.0,0.8723975486721973,0.1276024513278026,snapshot_303.xyz,64,4000,16.796962,4000,all,303,7.639326147766187
0.0207786,0.0242455,0.0,0.8570085170444001,0.1429914829555999,snapshot_304.xyz,64,4000,16.796962,4000,all,304,7.651901568363931
0.0208581,0.0240544,0.0,0.8671220234135959,0.1328779765864041,snapshot_305.xyz,64,4000,16.796962,4000,all,305,7.656302248996533
0.0208467,0.0243017,0.0,0.8578288761691569,0.142171123830843,snapshot_306.xyz,64,4000,16.796962,4000,all,306,7.652790711863403
0.0209488,0.0242006,0.0,0.865631430625687,0.1343685693743129,snapshot_307.xyz,64,4000,16.796962,4000,all,307,7.653084301950919
0.0207446,0.0242118,0.0,0.8567970989352299,0.14320290106477,snapshot_308.xyz,64,4000,16.796962,4000,all,308,7.657380028955402
0.0211416,0.0243017,0.0,0.869963829690927,0.130036170309073,snapshot_309.xyz,64,4000,16.796962,4000,all,309,7.654542707104841
0.0208694,0.0240544,0.0,0.8675917919382732,0.1324082080617268,snapshot_310.xyz,64,4000,16.796962,4000,all,310,7.656808319185476
0.0209035,0.0240994,0.0,0.8673867399188361,0.1326132600811639,snapshot_311.xyz,64,4000,16.796962,4000,all,311,7.651289021817279
0.0209148,0.0241893,0.0,0.8646302290682244,0.1353697709317756,snapshot_312.xyz,64,4000,16.796962,4000,all,312,7.6553448293167
0.0210056,0.0241781,0.0,0.8687862156248836,0.1312137843751164,snapshot_313.xyz,64,4000,16.796962,4000,all,313,7.656981113099195
0.0209942,0.0240769,0.0,0.8719644140234001,0.1280355859765999,snapshot_314.xyz,64,4000,16.796962,4000,all,314,7.643271765188346
0.0209829,0.0242568,0.0,0.8650316612248936,0.1349683387751064,snapshot_315.xyz,64,4000,16.796962,4000,all,315,7.661932691739489
0.0209715,0.0241669,0.0,0.8677778283520021,0.1322221716479978,snapshot_316.xyz,64,4000,16.796962,4000,all,316,7.6577891523818895
0.021221,0.0242343,0.0,0.8756597054587919,0.1243402945412081,snapshot_317.xyz,64,4000,16.796962,4000,all,317,7.651343120602306
0.0212323,0.0240994,0.0,0.8810302331178369,0.1189697668821631,snapshot_318.xyz,64,4000,16.796962,4000,all,318,7.654515313129139
0.0209942,0.0241219,0.0,0.8703377428809504,0.1296622571190495,snapshot_319.xyz,64,4000,16.796962,4000,all,319,7.6543453005542705
0.0212777,0.024268,0.0,0.8767801219713202,0.1232198780286798,snapshot_320.xyz,64,4000,16.796962,4000,all,320,7.649830327530665
0.0209942,0.0243242,0.0,0.8630993002853126,0.1369006997146874,snapshot_321.xyz,64,4000,16.796962,4000,all,321,7.650610844810819
0.0212437,0.0240207,0.0,0.8843913791021911,0.1156086208978088,snapshot_322.xyz,64,4000,16.796962,4000,all,322,7.651314651522141
0.0213117,0.0243017,0.0,0.8769633400132502,0.1230366599867498,snapshot_323.xyz,64,4000,16.796962,4000,all,323,7.655237196261096
0.0210963,0.0241219,0.0,0.8745704111201853,0.1254295888798147,snapshot_324.xyz,64,4000,16.796962,4000,all,324,7.6621233522655725
0.0211303,0.024268,0.0,0.8707062798747321,0.1292937201252678,snapshot_325.xyz,64,4000,16.796962,4000,all,325,7.6530760914299565
0.0213683,0.0243467,0.0,0.8776671992508225,0.1223328007491775,snapshot_326.xyz,64,4000,16.796962,4000,all,326,7.650346256787914
0.0211643,0.0242231,0.0,0.873723842117648,0.126276157882352,snapshot_327.xyz,64,4000,16.796962,4000,all,327,7.654969862895497
0.021187,0.0242118,0.0,0.8750691811430791,0.1249308188569209,snapshot_328.xyz,64,4000,16.796962,4000,all,328,7.650899709227575
0.021323,0.0243017,0.0,0.877428328059354,0.122571671940646,snapshot_329.xyz,64,4000,16.796962,4000,all,329,7.654828659771612
0.021255,0.0241893,0.0,0.878694298718855,0.121305701281145,snapshot_330.xyz,64,4000,16.796962,4000,all,330,7.6548844513661045
0.0214476,0.0242343,0.0,0.8850100890060781,0.1149899109939218,snapshot_331.xyz,64,4000,16.796962,4000,all,331,7.6576311524438125
0.021221,0.0243242,0.0,0.8724233479415562,0.1275766520584438,snapshot_332.xyz,64,4000,16.796962,4000,all,332,7.65262184652205
0.0213117,0.0242006,0.0,0.8806269266051255,0.1193730733948744,snapshot_333.xyz,64,4000,16.796962,4000,all,333,7.641962324800147
0.0214023,0.0241781,0.0,0.885193625636423,0.1148063743635769,snapshot_334.xyz,64,4000,16.796962,4000,all,334,7.660594239876969
0.0215835,0.0241669,0.0,0.8931017217764793,0.1068982782235207,snapshot_335.xyz,64,4000,16.796962,4000,all,335,7.66662156556957
0.021289,0.0239982,0.0,0.8871081997816502,0.1128918002183497,snapshot_336.xyz,64,4000,16.796962,4000,all,336,7.651588976996173
0.0210963,0.0242343,0.0,0.8705141060397865,0.1294858939602134,snapshot_337.xyz,64,4000,16.796962,4000,all,337,7.665998791391619
0.0214137,0.0241669,0.0,0.8860755827185116,0.1139244172814883,snapshot_338.xyz,64,4000,16.796962,4000,all,338,7.67105612383898
0.0213683,0.0241106,0.0,0.8862616442560534,0.1137383557439466,snapshot_339.xyz,64,4000,16.796962,4000,all,339,7.65980910737157
0.0215269,0.0241669,0.0,0.8907596754238235,0.1092403245761765,snapshot_340.xyz,64,4000,16.796962,4000,all,340,7.6599484189567
0.021459,0.0241556,0.0,0.8883654307903757,0.1116345692096243,snapshot_341.xyz,64,4000,16.796962,4000,all,341,7.656778675898922
0.0215496,0.0242231,0.0,0.8896301464304733,0.1103698535695266,snapshot_342.xyz,64,4000,16.796962,4000,all,342,7.658624176450385
0.021357,0.0239982,0.0,0.8899417456309223,0.1100582543690776,snapshot_343.xyz,64,4000,16.796962,4000,all,343,7.6654835706525875
0.0214023,0.0239757,0.0,0.8926663246537119,0.1073336753462881,snapshot_344.xyz,64,4000,16.796962,4000,all,344,7.66412633123978
0.021391,0.0241781,0.0,0.8847262605415644,0.1152737394584355,snapshot_345.xyz,64,4000,16.796962,4000,all,345,7.657636698682784
0.0216062,0.0242118,0.0,0.8923830528915653,0.1076169471084347,snapshot_346.xyz,64,4000,16.796962,4000,all,346,7.684415646443462
0.0215043,0.0242343,0.0,0.8873497480843268,0.1126502519156732,snapshot_347.xyz,64,4000,16.796962,4000,all,347,7.663878793327651
0.0215156,0.0241669,0.0,0.8902920937315087,0.1097079062684912,snapshot_348.xyz,64,4000,16.796962,4000,all,348,7.666191429924895
0.0215382,0.0241556,0.0,0.8916441736077763,0.1083558263922237,snapshot_349.xyz,64,4000,16.796962,4000,all,349,7.666865727881889
0.0214816,0.0243242,0.0,0.8831369582555644,0.1168630417444356,snapshot_350.xyz,64,4000,16.796962,4000,all,350,7.6720916863738315
0.0215722,0.0241219,0.0,0.8942993711108992,0.1057006288891008,snapshot_351.xyz,64,4000,16.796962,4000,all,351,7.654506685211432
0.0214363,0.0242343,0.0,0.88454380774357,0.11545619225643,snapshot_352.xyz,64,4000,16.796962,4000,all,352,7.664067633071064
0.0216741,0.0241444,0.0,0.8976864200394296,0.1023135799605704,snapshot_353.xyz,64,4000,16.796962,4000,all,353,7.6581710131235265
0.0219344,0.0243017,0.0,0.9025870618104906,0.0974129381895093,snapshot_354.xyz,64,4000,16.796962,4000,all,354,7.66668782546128
0.021776,0.0241781,0.0,0.9006497615610821,0.0993502384389178,snapshot_355.xyz,64,4000,16.796962,4000,all,355,7.657737682093629
0.0216854,0.0242343,0.0,0.8948226274330185,0.1051773725669814,snapshot_356.xyz,64,4000,16.796962,4000,all,356,7.656944351192042
0.0216967,0.0241331,0.0,0.8990432227935905,0.1009567772064095,snapshot_357.xyz,64,4000,16.796962,4000,all,357,7.668732669447285
0.0217081,0.0242118,0.0,0.8965917445212666,0.1034082554787334,snapshot_358.xyz,64,4000,16.796962,4000,all,358,7.6577041178289385
0.0217986,0.0243242,0.0,0.8961692470872629,0.1038307529127371,snapshot_359.xyz,64,4000,16.796962,4000,all,359,7.663405478586161
0.0215835,0.0241781,0.0,0.8926880110513232,0.1073119889486767,snapshot_360.xyz,64,4000,16.796962,4000,all,360,7.665130853577423
0.0216967,0.0240769,0.0,0.9011417582828356,0.0988582417171645,snapshot_361.xyz,64,4000,16.796962,4000,all,361,7.655793891492993
0.021459,0.0241219,0.0,0.8896065401149992,0.1103934598850008,snapshot_362.xyz,64,4000,16.796962,4000,all,362,7.653043444563849
0.0216175,0.0240882,0.0,0.8974311073471659,0.102568892652834,snapshot_363.xyz,64,4000,16.796962,4000,all,363,7.651378199348519
0.021323,0.0240319,0.0,0.8872789916735674,0.1127210083264326,snapshot_364.xyz,64,4000,16.796962,4000,all,364,7.655377594432622
0.0215609,0.0243017,0.0,0.8872177666582997,0.1127822333417003,snapshot_365.xyz,64,4000,16.796962,4000,all,365,7.6621429051009216
0.0216401,0.0241331,0.0,0.896697896250378,0.103302103749622,snapshot_366.xyz,64,4000,16.796962,4000,all,366,7.665765430067015
0.0215949,0.0242343,0.0,0.8910882509500997,0.1089117490499003,snapshot_367.xyz,64,4000,16.796962,4000,all,367,7.654801209816689
0.0216062,0.0241106,0.0,0.8961286736953871,0.1038713263046129,snapshot_368.xyz,64,4000,16.796962,4000,all,368,7.652916204467612
0.0216288,0.0240994,0.0,0.8974829248860967,0.1025170751139032,snapshot_369.xyz,64,4000,16.796962,4000,all,369,7.661820115672996
0.0217533,0.024268,0.0,0.8963779462666885,0.1036220537333114,snapshot_370.xyz,64,4000,16.796962,4000,all,370,7.651933927039343
0.0218212,0.0240994,0.0,0.9054665261375802,0.0945334738624198,snapshot_371.xyz,64,4000,16.796962,4000,all,371,7.66122498079695
0.0215609,0.0240319,0.0,0.8971783337979936,0.1028216662020063,snapshot_372.xyz,64,4000,16.796962,4000,all,372,7.665557523422439
0.021742,0.0242006,0.0,0.8984074775005579,0.101592522499442,snapshot_373.xyz,64,4000,16.796962,4000,all,373,7.6606026853266425
0.0216854,0.0242231,0.0,0.8952363652876799,0.10476363471232,snapshot_374.xyz,64,4000,16.796962,4000,all,374,7.656262474698187
0.0217307,0.0240544,0.0,0.9033981309032858,0.0966018690967142,snapshot_375.xyz,64,4000,16.796962,4000,all,375,7.662095093763096
0.021425,0.023942,0.0,0.8948709381004093,0.1051290618995907,snapshot_376.xyz,64,4000,16.796962,4000,all,376,7.658472945032357
0.0215156,0.0242118,0.0,0.8886410758390537,0.1113589241609462,snapshot_377.xyz,64,4000,16.796962,4000,all,377,7.65447728270831
0.0218212,0.0241781,0.0,0.9025192219405164,0.0974807780594836,snapshot_378.xyz,64,4000,16.796962,4000,all,378,7.661190958619249
0.0217647,0.0240994,0.0,0.9031220694291144,0.0968779305708855,snapshot_379.xyz,64,4000,16.796962,4000,all,379,7.670989004647506
0.0218099,0.0242343,0.0,0.8999599740863157,0.1000400259136843,snapshot_380.xyz,64,4000,16.796962,4000,all,380,7.657687564004555
0.0217081,0.0240432,0.0,0.9028789844945764,0.0971210155054235,snapshot_381.xyz,64,4000,16.796962,4000,all,381,7.651830505791411
0.0218552,0.0243017,0.0,0.8993280305493032,0.1006719694506967,snapshot_382.xyz,64,4000,16.796962,4000,all,382,7.652358426477526
0.0219683,0.0241444,0.0,0.9098714401683206,0.0901285598316794,snapshot_383.xyz,64,4000,16.796962,4000,all,383,7.6587005386022895
0.0217307,0.0242455,0.0,0.8962776597719164,0.1037223402280835,snapshot_384.xyz,64,4000,16.796962,4000,all,384,7.674283825235099
0.0217986,0.0240657,0.0,0.905795385133198,0.0942046148668019,snapshot_385.xyz,64,4000,16.796962,4000,all,385,7.67159800144484
0.0219004,0.024313,0.0,0.9007691358532472,0.0992308641467527,snapshot_386.xyz,64,4000,16.796962,4000,all,386,7.645782667923986
0.0216967,0.0241893,0.0,0.8969544385327396,0.1030455614672604,snapshot_387.xyz,64,4000,16.796962,4000,all,387,7.652956720569798
0.0220814,0.0243017,0.0,0.9086360213483008,0.0913639786516992,snapshot_388.xyz,64,4000,16.796962,4000,all,388,7.655705798041362
0.0220248,0.0242231,0.0,0.9092477841399326,0.0907522158600674,snapshot_389.xyz,64,4000,16.796962,4000,all,389,7.664573155642262
0.0220362,0.0241219,0.0,0.9135350034615846,0.0864649965384154,snapshot_390.xyz,64,4000,16.796962,4000,all,390,7.670596761836452
0.0220588,0.0240207,0.0,0.9183246116890847,0.0816753883109151,snapshot_391.xyz,64,4000,16.796962,4000,all,391,7.675117125621292
0.0220814,0.0242343,0.0,0.9111631035350722,0.0888368964649277,snapshot_392.xyz,64,4000,16.796962,4000,all,392,7.669706625554747
0.0221605,0.0241219,0.0,0.9186879972141496,0.0813120027858502,snapshot_393.xyz,64,4000,16.796962,4000,all,393,7.655764503490666
0.0221718,0.0241669,0.0,0.9174449350144204,0.0825550649855795,snapshot_394.xyz,64,4000,16.796962,4000,all,394,7.646964086204701
0.0220022,0.0240095,0.0,0.9163955934109416,0.0836044065890585,snapshot_395.xyz,64,4000,16.796962,4000,all,395,7.6426729844307495
0.021957,0.0241444,0.0,0.9094034227398486,0.0905965772601513,snapshot_396.xyz,64,4000,16.796962,4000,all,396,7.660871511983681
0.0221605,0.0241669,0.0,0.9169773533221056,0.0830226466778942,snapshot_397.xyz,64,4000,16.796962,4000,all,397,7.667201914599209
0.0219683,0.0242343,0.0,0.9064961645271372,0.0935038354728629,snapshot_398.xyz,64,4000,16.796962,4000,all,398,7.6731208285268915
0.0219117,0.0242231,0.0,0.9045786872861028,0.095421312713897,snapshot_399.xyz,64,4000,16.796962,4000,all,399,7.66169236383281
0.0218552,0.0241106,0.0,0.9064560815574894,0.0935439184425106,snapshot_400.xyz,64,4000,16.796962,4000,all,400,7.669662632729946
0.0221605,0.0242792,0.0,0.912736004481202,0.087263995518798,snapshot_401.xyz,64,4000,16.796962,4000,all,401,7.64868341455448
0.0219796,0.0244028,0.0,0.900699919681348,0.099300080318652,snapshot_402.xyz,64,4000,16.796962,4000,all,402,7.6491760322173095
0.0221153,0.0241893,0.0,0.9142596106542976,0.0857403893457023,snapshot_403.xyz,64,4000,16.796962,4000,all,403,7.669452873568927
0.0220362,0.0241444,0.0,0.9126836864863074,0.0873163135136926,snapshot_404.xyz,64,4000,16.796962,4000,all,404,7.661731440223768
0.021957,0.0242455,0.0,0.9056113505598976,0.0943886494401022,snapshot_405.xyz,64,4000,16.796962,4000,all,405,7.663303607354068
0.0221605,0.0240994,0.0,0.9195457148310746,0.0804542851689253,snapshot_406.xyz,64,4000,16.796962,4000,all,406,7.654559674261783
0.0218891,0.0242231,0.0,0.9036456935734898,0.0963543064265102,snapshot_407.xyz,64,4000,16.796962,4000,all,407,7.665550695152861
0.0221266,0.0241219,0.0,0.917282635281632,0.0827173647183679,snapshot_408.xyz,64,4000,16.796962,4000,all,408,7.653110823610421
0.0220362,0.0242118,0.0,0.9101429881297548,0.089857011870245,snapshot_409.xyz,64,4000,16.796962,4000,all,409,7.66522888880276
0.0220248,0.0242231,0.0,0.9092477841399326,0.0907522158600674,snapshot_410.xyz,64,4000,16.796962,4000,all,410,7.653200314974106
0.0220248,0.0241669,0.0,0.9113622351232472,0.0886377648767529,snapshot_411.xyz,64,4000,16.796962,4000,all,411,7.663535656501291
0.0220927,0.0241781,0.0,0.9137483921399944,0.0862516078600056,snapshot_412.xyz,64,4000,16.796962,4000,all,412,7.656414307029028
0.0222283,0.0241893,0.0,0.918931097634078,0.0810689023659221,snapshot_413.xyz,64,4000,16.796962,4000,all,413,7.645335360594386
0.0222961,0.0242118,0.0,0.9208774234051166,0.0791225765948834,snapshot_414.xyz,64,4000,16.796962,4000,all,414,7.660159715744776
0.0222622,0.0241556,0.0,0.9216165195648214,0.0783834804351786,snapshot_415.xyz,64,4000,16.796962,4000,all,415,7.664359899184002
0.022104,0.0241219,0.0,0.91634572732662,0.0836542726733798,snapshot_416.xyz,64,4000,16.796962,4000,all,416,7.657986350683743
0.0222509,0.0241669,0.0,0.9207180068606232,0.0792819931393766,snapshot_417.xyz,64,4000,16.796962,4000,all,417,7.656815910054294
0.0221605,0.0241444,0.0,0.9178318781994996,0.0821681218005003,snapshot_418.xyz,64,4000,16.796962,4000,all,418,7.668516777093471
0.0220927,0.0241556,0.0,0.9145995131563696,0.0854004868436304,snapshot_419.xyz,64,4000,16.796962,4000,all,419,7.657335535512148
0.0220022,0.0241444,0.0,0.9112754924537366,0.0887245075462633,snapshot_420.xyz,64,4000,16.796962,4000,all,420,7.666744398006463
0.02233,0.0241219,0.0,0.9257148068767383,0.0742851931232615,snapshot_421.xyz,64,4000,16.796962,4000,all,421,7.6640303087367885
0.0221605,0.0240769,0.0,0.9204050355319828,0.079594964468017,snapshot_422.xyz,64,4000,16.796962,4000,all,422,7.668037049803262
0.0220022,0.0241669,0.0,0.9104270717386176,0.0895729282613824,snapshot_423.xyz,64,4000,16.796962,4000,all,423,7.661145152967386
0.0221944,0.0241219,0.0,0.9200933591466676,0.0799066408533325,snapshot_424.xyz,64,4000,16.796962,4000,all,424,7.658402926770384
0.0219344,0.0241331,0.0,0.9088927655377884,0.0911072344622117,snapshot_425.xyz,64,4000,16.796962,4000,all,425,7.657524163348718
0.0222057,0.0241219,0.0,0.9205618131241732,0.0794381868758267,snapshot_426.xyz,64,4000,16.796962,4000,all,426,7.6532055918603135
0.0222622,0.0241444,0.0,0.922044035055748,0.077955964944252,snapshot_427.xyz,64,4000,16.796962,4000,all,427,7.664122922416718
0.0223526,0.0242231,0.0,0.9227803212635872,0.0772196787364127,snapshot_428.xyz,64,4000,16.796962,4000,all,428,7.652990721771474
0.0220927,0.0239982,0.0,0.9205982115325316,0.0794017884674684,snapshot_429.xyz,64,4000,16.796962,4000,all,429,7.661391892668211
0.0220701,0.0240994,0.0,0.9157945840975292,0.0842054159024706,snapshot_430.xyz,64,4000,16.796962,4000,all,430,7.657427713091609
0.0221492,0.0240769,0.0,0.919935706008664,0.0800642939913359,snapshot_431.xyz,64,4000,16.796962,4000,all,431,7.656283401485129
0.0221492,0.0242905,0.0,0.911846195014512,0.088153804985488,snapshot_432.xyz,64,4000,16.796962,4000,all,432,7.662585635694915
0.02233,0.0240544,0.0,0.9283124916855128,0.0716875083144872,snapshot_433.xyz,64,4000,16.796962,4000,all,433,7.659044758244638
0.0221718,0.0243467,0.0,0.9106696184698542,0.0893303815301458,snapshot_434.xyz,64,4000,16.796962,4000,all,434,7.662338388976162
0.0220588,0.0241781,0.0,0.9123462968554188,0.0876537031445813,snapshot_435.xyz,64,4000,16.796962,4000,all,435,7.659739304466429
0.0222622,0.0241444,0.0,0.922044035055748,0.077955964944252,snapshot_436.xyz,64,4000,16.796962,4000,all,436,7.662820944493484
0.0220927,0.0242006,0.0,0.9128988537474276,0.0871011462525722,snapshot_437.xyz,64,4000,16.796962,4000,all,437,7.661683951265008
0.0222848,0.0243017,0.0,0.9170058061781686,0.0829941938218313,snapshot_438.xyz,64,4000,16.796962,4000,all,438,7.66119467230697
0.0223526,0.0241331,0.0,0.9262216623641388,0.0737783376358611,snapshot_439.xyz,64,4000,16.796962,4000,all,439,7.645775870315068
0.0221831,0.0241444,0.0,0.9187679130564438,0.0812320869435562,snapshot_440.xyz,64,4000,16.796962,4000,all,440,7.647381489369549
0.0222735,0.0242006,0.0,0.9203697428989364,0.0796302571010635,snapshot_441.xyz,64,4000,16.796962,4000,all,441,7.644397469953833
0.0221266,0.0241669,0.0,0.9155746082451616,0.0844253917548383,snapshot_442.xyz,64,4000,16.796962,4000,all,442,7.65188395342428
0.0222961,0.0240882,0.0,0.9256025771954732,0.0743974228045267,snapshot_443.xyz,64,4000,16.796962,4000,all,443,7.653339889186748
0.0221718,0.0243916,0.0,0.9089932599747452,0.0910067400252546,snapshot_444.xyz,64,4000,16.796962,4000,all,444,7.662726277852316
0.0222396,0.0240544,0.0,0.9245543434880936,0.0754456565119062,snapshot_445.xyz,64,4000,16.796962,4000,all,445,7.658769141687893
0.0222396,0.0242343,0.0,0.9176910412101856,0.0823089587898143,snapshot_446.xyz,64,4000,16.796962,4000,all,446,7.6626708807323975
0.0222961,0.0240769,0.0,0.9260369898118114,0.0739630101881886,snapshot_447.xyz,64,4000,16.796962,4000,all,447,7.654836264987254
0.0224656,0.0241106,0.0,0.9317727472563936,0.0682272527436065,snapshot_448.xyz,64,4000,16.796962,4000,all,448,7.6639280902093025
0.0224091,0.0241669,0.0,0.9272641505530292,0.0727358494469708,snapshot_449.xyz,64,4000,16.796962,4000,all,449,7.656569868537529
0.022443,0.024313,0.0,0.9230864146752766,0.0769135853247233,snapshot_450.xyz,64,4000,16.796962,4000,all,450,7.65743406069522
0.0222961,0.0241893,0.0,0.921733989821946,0.078266010178054,snapshot_451.xyz,64,4000,16.796962,4000,all,451,7.657744532221757
0.0224204,0.0242006,0.0,0.9264398403345372,0.0735601596654628,snapshot_452.xyz,64,4000,16.796962,4000,all,452,7.656415034936702
0.0222961,0.0242231,0.0,0.9204478369820542,0.0795521630179457,snapshot_453.xyz,64,4000,16.796962,4000,all,453,7.648301819817998
0.0224656,0.0241444,0.0,0.9304683487682444,0.0695316512317556,snapshot_454.xyz,64,4000,16.796962,4000,all,454,7.656542845290071
0.0223526,0.0239757,0.0,0.9323022894013524,0.0676977105986477,snapshot_455.xyz,64,4000,16.796962,4000,all,455,7.655216357670647
0.022522,0.0240207,0.0,0.9376079797841028,0.062392020215897,snapshot_456.xyz,64,4000,16.796962,4000,all,456,7.646619257594194
0.0221266,0.0241219,0.0,0.917282635281632,0.0827173647183679,snapshot_457.xyz,64,4000,16.796962,4000,all,457,7.655035487134771
0.0221153,0.0242455,0.0,0.9121403971871068,0.087859602812893,snapshot_458.xyz,64,4000,16.796962,4000,all,458,7.656836239466567
0.0223752,0.0241669,0.0,0.9258614054760852,0.0741385945239149,snapshot_459.xyz,64,4000,16.796962,4000,all,459,7.655308472191498
0.0223865,0.0241331,0.0,0.927626372078183,0.072373627921817,snapshot_460.xyz,64,4000,16.796962,4000,all,460,7.655255573980085
0.0222622,0.0241556,0.0,0.9216165195648214,0.0783834804351786,snapshot_461.xyz,64,4000,16.796962,4000,all,461,7.658186575538631
0.0224882,0.0243354,0.0,0.9240941180338108,0.0759058819661891,snapshot_462.xyz,64,4000,16.796962,4000,all,462,7.660129623065371
0.0224543,0.0241669,0.0,0.9291344773222878,0.0708655226777121,snapshot_463.xyz,64,4000,16.796962,4000,all,463,7.656060349508278
0.0222396,0.0240544,0.0,0.9245543434880936,0.0754456565119062,snapshot_464.xyz,64,4000,16.796962,4000,all,464,7.661749772227736
0.0226462,0.0240994,0.0,0.9396997435620804,0.0603002564379197,snapshot_465.xyz,64,4000,16.796962,4000,all,465,7.670141519476244
0.0223752,0.0242455,0.0,0.9228599121486462,0.0771400878513538,snapshot_466.xyz,64,4000,16.796962,4000,all,466,7.667840703955263
0.0225672,0.0240544,0.0,0.9381734734601568,0.0618265265398431,snapshot_467.xyz,64,4000,16.796962,4000,all,467,7.660978764685068
0.0225785,0.0242905,0.0,0.9295197711039296,0.0704802288960704,snapshot_468.xyz,64,4000,16.796962,4000,all,468,7.6553683032878475
0.0223978,0.0241893,0.0,0.9259383281037484,0.0740616718962516,snapshot_469.xyz,64,4000,16.796962,4000,all,469,7.651834523454983
0.0223865,0.0243354,0.0,0.9199150209160318,0.0800849790839681,snapshot_470.xyz,64,4000,16.796962,4000,all,470,7.657752552831155
0.0224769,0.0240432,0.0,0.934854761429427,0.0651452385705729,snapshot_471.xyz,64,4000,16.796962,4000,all,471,7.657573361195004
0.0223639,0.0242118,0.0,0.9236777108682545,0.0763222891317456,snapshot_472.xyz,64,4000,16.796962,4000,all,472,7.64927342360681
0.0224091,0.0240882,0.0,0.9302936707599572,0.0697063292400428,snapshot_473.xyz,64,4000,16.796962,4000,all,473,7.659167359272611
0.0225559,0.0241331,0.0,0.934645776961932,0.065354223038068,snapshot_474.xyz,64,4000,16.796962,4000,all,474,7.659537873300168
0.022522,0.0242118,0.0,0.930207584731412,0.0697924152685879,snapshot_475.xyz,64,4000,16.796962,4000,all,475,7.660861530178276
0.0226124,0.024313,0.0,0.9300538806399868,0.0699461193600131,snapshot_476.xyz,64,4000,16.796962,4000,all,476,7.65657441423498
0.0223413,0.024268,0.0,0.9206073842096588,0.0793926157903411,snapshot_477.xyz,64,4000,16.796962,4000,all,477,7.650731930187367
0.0224769,0.0244141,0.0,0.9206524098778984,0.0793475901221015,snapshot_478.xyz,64,4000,16.796962,4000,all,478,7.6607494868685535
0.0222848,0.0240432,0.0,0.9268649763758569,0.0731350236241432,snapshot_479.xyz,64,4000,16.796962,4000,all,479,7.6661091657596385
0.0225333,0.0241331,0.0,0.9337093038192358,0.0662906961807642,snapshot_480.xyz,64,4000,16.796962,4000,all,480,7.678140755571748
0.022522,0.0241444,0.0,0.93280429416345,0.0671957058365501,snapshot_481.xyz,64,4000,16.796962,4000,all,481,7.673602754294438
0.0224543,0.0240882,0.0,0.9321701081857506,0.0678298918142493,snapshot_482.xyz,64,4000,16.796962,4000,all,482,7.665654964668851
0.0222396,0.0242792,0.0,0.9159939371972716,0.0840060628027282,snapshot_483.xyz,64,4000,16.796962,4000,all,483,7.659428973241474
0.0226011,0.0244028,0.0,0.926168308554756,0.0738316914452439,snapshot_484.xyz,64,4000,16.796962,4000,all,484,7.653692361575334
0.0225898,0.0242343,0.0,0.9321416339650824,0.0678583660349174,snapshot_485.xyz,64,4000,16.796962,4000,all,485,7.666323159798023
0.0226011,0.0243354,0.0,0.9287334500357504,0.0712665499642496,snapshot_486.xyz,64,4000,16.796962,4000,all,486,7.666804476939495
0.0226575,0.0243467,0.0,0.9306189339828396,0.0693810660171603,snapshot_487.xyz,64,4000,16.796962,4000,all,487,7.67571002542523
0.0224769,0.0241219,0.0,0.9318047085843156,0.0681952914156844,snapshot_488.xyz,64,4000,16.796962,4000,all,488,7.669466412846139
0.0224091,0.0242568,0.0,0.9238275452656576,0.0761724547343424,snapshot_489.xyz,64,4000,16.796962,4000,all,489,7.67574235307322
0.0227365,0.0242343,0.0,0.9381950376119796,0.0618049623880203,snapshot_490.xyz,64,4000,16.796962,4000,all,490,7.653410123497199
0.0225559,0.0241219,0.0,0.9350797408164364,0.0649202591835635,snapshot_491.xyz,64,4000,16.796962,4000,all,491,7.66501244467908
0.0224543,0.024268,0.0,0.9252637217735288,0.0747362782264711,snapshot_492.xyz,64,4000,16.796962,4000,all,492,7.671572330705985
0.022443,0.0242455,0.0,0.9256563073560042,0.0743436926439957,snapshot_493.xyz,64,4000,16.796962,4000,all,493,7.678287653729221
0.0226349,0.0240319,0.0,0.9418689325438272,0.0581310674561728,snapshot_494.xyz,64,4000,16.796962,4000,all,494,7.6695124595505
0.0225898,0.0242118,0.0,0.9330078721945498,0.0669921278054501,snapshot_495.xyz,64,4000,16.796962,4000,all,495,7.665772212570593
0.0224656,0.0241781,0.0,0.9291714402703272,0.0708285597296728,snapshot_496.xyz,64,4000,16.796962,4000,all,496,7.649794732671253
0.0224995,0.0241556,0.0,0.931440328536654,0.0685596714633459,snapshot_497.xyz,64,4000,16.796962,4000,all,497,7.657291939337439
0.0226124,0.0242905,0.0,0.930915378440131,0.069084621559869,snapshot_498.xyz,64,4000,16.796962,4000,all,498,7.665090533680904
0.0226688,0.0242343,0.0,0.9354014764197852,0.0645985235802149,snapshot_499.xyz,64,4000,16.796962,4000,all,499,7.6718443227368205
0.0226237,0.0240994,0.0,0.938766110359594,0.0612338896404059,snapshot_500.xyz,64,4000,16.796962,4000,all,500,7.665369315374603
0.0227027,0.0241893,0.0,0.9385430748306068,0.0614569251693931,snapshot_501.xyz,64,4000,16.796962,4000,all,501,7.661746442628881
0.0227252,0.0241331,0.0,0.9416610381592088,0.0583389618407912,snapshot_502.xyz,64,4000,16.796962,4000,all,502,7.670285192374365
0.0227704,0.0241893,0.0,0.9413418329592008,0.058658167040799,snapshot_503.xyz,64,4000,16.796962,4000,all,503,7.670555814827321
0.022522,0.0241781,0.0,0.9315041297703294,0.0684958702296706,snapshot_504.xyz,64,4000,16.796962,4000,all,504,7.6674107648309064
0.0227252,0.0242231,0.0,0.9381623326494132,0.0618376673505868,snapshot_505.xyz,64,4000,16.796962,4000,all,505,7.666992223065942
0.0226124,0.0243467,0.0,0.9287665268804396,0.0712334731195603,snapshot_506.xyz,64,4000,16.796962,4000,all,506,7.666068608779807
0.0224882,0.0241893,0.0,0.9296755176875726,0.0703244823124273,snapshot_507.xyz,64,4000,16.796962,4000,all,507,7.674047650745965
0.0225898,0.0241893,0.0,0.9338757219101008,0.0661242780898992,snapshot_508.xyz,64,4000,16.796962,4000,all,508,7.6650492696044505
0.0226801,0.024268,0.0,0.9345681555958464,0.0654318444041536,snapshot_509.xyz,64,4000,16.796962,4000,all,509,7.674458020743714
0.0227027,0.0241219,0.0,0.941165496913593,0.058834503086407,snapshot_510.xyz,64,4000,16.796962,4000,all,510,7.68000443002768
0.0225672,0.0240432,0.0,0.9386105010980236,0.0613894989019765,snapshot_511.xyz,64,4000,16.796962,4000,all,511,7.666031469852015
0.0225559,0.0241556,0.0,0.933775190846015,0.0662248091539849,snapshot_512.xyz,64,4000,16.796962,4000,all,512,7.672968480707593
0.0226349,0.0242792,0.0,0.9322753632739136,0.0677246367260865,snapshot_513.xyz,64,4000,16.796962,4000,all,513,7.670508839893619
0.0226349,0.0240994,0.0,0.9392308522203872,0.0607691477796128,snapshot_514.xyz,64,4000,16.796962,4000,all,514,7.665583711934122
0.0227929,0.024313,0.0,0.9374778924855016,0.0625221075144983,snapshot_515.xyz,64,4000,16.796962,4000,all,515,7.658159700769963
0.0227027,0.0241781,0.0,0.9389778353137757,0.0610221646862243,snapshot_516.xyz,64,4000,16.796962,4000,all,516,7.66773326706682
0.0228719,0.0241556,0.0,0.9468570435013,0.0531429564987,snapshot_517.xyz,64,4000,16.796962,4000,all,517,7.664824516022801
0.0225785,0.0241781,0.0,0.9338409552446222,0.0661590447553778,snapshot_518.xyz,64,4000,16.796962,4000,all,518,7.675623558284282
0.0229396,0.0241444,0.0,0.950100230281142,0.0498997697188581,snapshot_519.xyz,64,4000,16.796962,4000,all,519,7.6509200356940905
0.0226575,0.0243804,0.0,0.9293325786287344,0.0706674213712654,snapshot_520.xyz,64,4000,16.796962,4000,all,520,7.652585344720028
0.0226801,0.0241219,0.0,0.9402285889585812,0.0597714110414188,snapshot_521.xyz,64,4000,16.796962,4000,all,521,7.665227862108189
0.0225898,0.0241106,0.0,0.9369240085273698,0.0630759914726302,snapshot_522.xyz,64,4000,16.796962,4000,all,522,7.661292719215766
0.0231313,0.0242231,0.0,0.9549273214411036,0.0450726785588962,snapshot_523.xyz,64,4000,16.796962,4000,all,523,7.676089100036982
0.0227478,0.0242118,0.0,0.93953361584021,0.0604663841597898,snapshot_524.xyz,64,4000,16.796962,4000,all,524,7.667504404424552
0.022996,0.0241444,0.0,0.9524361756763472,0.0475638243236526,snapshot_525.xyz,64,4000,16.796962,4000,all,525,7.666405710366348
0.0228268,0.0242568,0.0,0.941047458856898,0.058952541143102,snapshot_526.xyz,64,4000,16.796962,4000,all,526,7.662025614775778
0.0228606,0.024268,0.0,0.9420059337399044,0.0579940662600957,snapshot_527.xyz,64,4000,16.796962,4000,all,527,7.664005838260615
0.0229058,0.0242568,0.0,0.944304277563405,0.055695722436595,snapshot_528.xyz,64,4000,16.796962,4000,all,528,7.671860847067457
0.0228832,0.0242792,0.0,0.9425022241260008,0.0574977758739991,snapshot_529.xyz,64,4000,16.796962,4000,all,529,7.677032429066278
0.0226801,0.0242006,0.0,0.93717097923192,0.06282902076808,snapshot_530.xyz,64,4000,16.796962,4000,all,530,7.66985903161249
0.0227365,0.0241781,0.0,0.9403757946240606,0.0596242053759393,snapshot_531.xyz,64,4000,16.796962,4000,all,531,7.65990225345737
0.0229509,0.0242231,0.0,0.9474798849032534,0.0525201150967465,snapshot_532.xyz,64,4000,16.796962,4000,all,532,7.661166062359455
0.0228719,0.0241444,0.0,0.9472962674574644,0.0527037325425356,snapshot_533.xyz,64,4000,16.796962,4000,all,533,7.665748505138773
0.0228381,0.0242231,0.0,0.9428231729217152,0.0571768270782848,snapshot_534.xyz,64,4000,16.796962,4000,all,534,7.664758675151548
0.0229283,0.0243017,0.0,0.9434854351753168,0.056514564824683,snapshot_535.xyz,64,4000,16.796962,4000,all,535,7.6666750359372475
0.0228945,0.024313,0.0,0.9416567268539464,0.0583432731460535,snapshot_536.xyz,64,4000,16.796962,4000,all,536,7.671538250158614
0.0231764,0.0243354,0.0,0.95237390796946,0.0476260920305399,snapshot_537.xyz,64,4000,16.796962,4000,all,537,7.673447602953491
0.0232665,0.0241219,0.0,0.964538448463844,0.035461551536156,snapshot_538.xyz,64,4000,16.796962,4000,all,538,7.6817331154905855
0.0230975,0.024268,0.0,0.951767760013186,0.0482322399868139,snapshot_539.xyz,64,4000,16.796962,4000,all,539,7.67919989397021
0.0231538,0.0242455,0.0,0.9549730877894866,0.0450269122105133,snapshot_540.xyz,64,4000,16.796962,4000,all,540,7.689793126161856
0.0232778,0.0240882,0.0,0.966356971463206,0.0336430285367939,snapshot_541.xyz,64,4000,16.796962,4000,all,541,7.682357705710869
0.0230749,0.0241219,0.0,0.9565954588983454,0.0434045411016545,snapshot_542.xyz,64,4000,16.796962,4000,all,542,7.680670937319313
0.0231425,0.0242231,0.0,0.9553896900066464,0.0446103099933534,snapshot_543.xyz,64,4000,16.796962,4000,all,543,7.686796587382061
0.0233904,0.0243242,0.0,0.9616102482301576,0.0383897517698424,snapshot_544.xyz,64,4000,16.796962,4000,all,544,7.692352822877103
0.0232553,0.0244028,0.0,0.9529767075909322,0.0470232924090677,snapshot_545.xyz,64,4000,16.796962,4000,all,545,7.689606552299113
0.0232553,0.0242231,0.0,0.9600464019881848,0.0399535980118151,snapshot_546.xyz,64,4000,16.796962,4000,all,546,7.687570533035703
0.0233341,0.0242118,0.0,0.963749081026607,0.036250918973393,snapshot_547.xyz,64,4000,16.796962,4000,all,547,7.683566500940534
0.0231989,0.0242118,0.0,0.9581650269703204,0.0418349730296796,snapshot_548.xyz,64,4000,16.796962,4000,all,548,7.689365177737865
0.0233116,0.0242568,0.0,0.9610336070710068,0.038966392928993,snapshot_549.xyz,64,4000,16.796962,4000,all,549,7.680316285780824
0.023244,0.0241781,0.0,0.9613658641497884,0.0386341358502115,snapshot_550.xyz,64,4000,16.796962,4000,all,550,7.680196723017389
0.0233116,0.0240207,0.0,0.9704796279875274,0.0295203720124725,snapshot_551.xyz,64,4000,16.796962,4000,all,551,7.684077491618384
0.0233679,0.0241556,0.0,0.9673905843779496,0.0326094156220503,snapshot_552.xyz,64,4000,16.796962,4000,all,552,7.679356753077813
0.023244,0.0241219,0.0,0.9636056861192526,0.0363943138807474,snapshot_553.xyz,64,4000,16.796962,4000,all,553,7.691586463878531
0.0231989,0.0241781,0.0,0.959500539744645,0.040499460255355,snapshot_554.xyz,64,4000,16.796962,4000,all,554,7.694392478216589
0.0234693,0.0242568,0.0,0.9675348768180468,0.0324651231819531,snapshot_555.xyz,64,4000,16.796962,4000,all,555,7.693366271434682
0.0234355,0.0243017,0.0,0.9643564030499924,0.0356435969500075,snapshot_556.xyz,64,4000,16.796962,4000,all,556,7.691860400061306
0.0235481,0.0241669,0.0,0.9743947299819172,0.0256052700180826,snapshot_557.xyz,64,4000,16.796962,4000,all,557,7.689690692016445
0.0233904,0.0240882,0.0,0.9710314593867536,0.0289685406132463,snapshot_558.xyz,64,4000,16.796962,4000,all,558,7.697576037347517
0.0233454,0.0242118,0.0,0.9642157956037966,0.0357842043962034,snapshot_559.xyz,64,4000,16.796962,4000,all,559,7.705679264596034
0.0232778,0.0242343,0.0,0.9605311480009738,0.0394688519990261,snapshot_560.xyz,64,4000,16.796962,4000,all,560,7.700853023784855
0.0235706,0.0242455,0.0,0.9721639067043368,0.027836093295663,snapshot_561.xyz,64,4000,16.796962,4000,all,561,7.703531995391005
0.0233567,0.0241444,0.0,0.9673754576630608,0.0326245423369393,snapshot_562.xyz,64,4000,16.796962,4000,all,562,7.7075205951087336
0.0234468,0.0242231,0.0,0.967952078800814,0.0320479211991858,snapshot_563.xyz,64,4000,16.796962,4000,all,563,7.704121563986875
0.023413,0.0240994,0.0,0.9715179631028158,0.0284820368971842,snapshot_564.xyz,64,4000,16.796962,4000,all,564,7.71277182460467
0.0232665,0.0242905,0.0,0.9578436014079578,0.0421563985920422,snapshot_565.xyz,64,4000,16.796962,4000,all,565,7.70048601414183
0.0232327,0.0241556,0.0,0.9617935385583468,0.0382064614416532,snapshot_566.xyz,64,4000,16.796962,4000,all,566,7.698072691909855
0.0234693,0.0241331,0.0,0.9724942091981552,0.0275057908018448,snapshot_567.xyz,64,4000,16.796962,4000,all,567,7.7134416126288325
0.0233792,0.0241556,0.0,0.9678583848051796,0.0321416151948202,snapshot_568.xyz,64,4000,16.796962,4000,all,568,7.712124432216745
0.0233904,0.0244028,0.0,0.958512957529464,0.0414870424705361,snapshot_569.xyz,64,4000,16.796962,4000,all,569,7.712097818670062
0.0233229,0.0242231,0.0,0.9628371265444968,0.0371628734555031,snapshot_570.xyz,64,4000,16.796962,4000,all,570,7.707106301000284
0.023458,0.0242455,0.0,0.9675197459322348,0.0324802540677651,snapshot_571.xyz,64,4000,16.796962,4000,all,571,7.70443360283906
0.0235819,0.0242792,0.0,0.9712799433259744,0.0287200566740255,snapshot_572.xyz,64,4000,16.796962,4000,all,572,7.708877541503532
0.0234468,0.0242343,0.0,0.967504735024325,0.032495264975675,snapshot_573.xyz,64,4000,16.796962,4000,all,573,7.7128983905396105
0.0233229,0.0242118,0.0,0.9632864966669146,0.0367135033330854,snapshot_574.xyz,64,4000,16.796962,4000,all,574,7.709842054117707
0.0232778,0.0241781,0.0,0.9627638234600734,0.0372361765399266,snapshot_575.xyz,64,4000,16.796962,4000,all,575,7.714734873580566
0.0232553,0.0242568,0.0,0.958712608423205,0.0412873915767949,snapshot_576.xyz,64,4000,16.796962,4000,all,576,7.709018418886929
0.0233116,0.0242006,0.0,0.9632653735857788,0.0367346264142212,snapshot_577.xyz,64,4000,16.796962,4000,all,577,7.709312153262141
0.0232778,0.0241444,0.0,0.9641076191580656,0.0358923808419343,snapshot_578.xyz,64,4000,16.796962,4000,all,578,7.711779244725662
0.0235143,0.0243916,0.0,0.964032699781892,0.0359673002181079,snapshot_579.xyz,64,4000,16.796962,4000,all,579,7.7068657163305545
0.0231876,0.0242792,0.0,0.955039704767867,0.0449602952321329,snapshot_580.xyz,64,4000,16.796962,4000,all,580,7.71655959919711
0.0234806,0.0242905,0.0,0.9666577468557668,0.0333422531442333,snapshot_581.xyz,64,4000,16.796962,4000,all,581,7.7119741160897695
0.0233003,0.0241106,0.0,0.966392375137906,0.0336076248620939,snapshot_582.xyz,64,4000,16.796962,4000,all,582,7.710842365821723
0.0233567,0.0240095,0.0,0.9728107624065476,0.0271892375934524,snapshot_583.xyz,64,4000,16.796962,4000,all,583,7.713309911704616
0.0233567,0.0241669,0.0,0.9664748064501446,0.0335251935498553,snapshot_584.xyz,64,4000,16.796962,4000,all,584,7.713921829382032
0.0233792,0.0243017,0.0,0.9620396926963958,0.0379603073036042,snapshot_585.xyz,64,4000,16.796962,4000,all,585,7.711825285179246
0.0232553,0.0242006,0.0,0.9609389849838432,0.0390610150161566,snapshot_586.xyz,64,4000,16.796962,4000,all,586,7.706071798837417
0.0233003,0.024268,0.0,0.960124443711884,0.0398755562881161,snapshot_587.xyz,64,4000,16.796962,4000,all,587,7.706990201465206
0.0233003,0.0240994,0.0,0.966841498128584,0.0331585018714158,snapshot_588.xyz,64,4000,16.796962,4000,all,588,7.716511269522675
0.0233003,0.0241781,0.0,0.9636944176754996,0.0363055823245003,snapshot_589.xyz,64,4000,16.796962,4000,all,589,7.714103191719245
0.0233679,0.0242792,0.0,0.9624658143596164,0.0375341856403835,snapshot_590.xyz,64,4000,16.796962,4000,all,590,7.7102684832567245
0.0233116,0.0244478,0.0,0.9535254705944912,0.0464745294055088,snapshot_591.xyz,64,4000,16.796962,4000,all,591,7.714867572255807
0.0235594,0.0242455,0.0,0.971701965313151,0.0282980346868489,snapshot_592.xyz,64,4000,16.796962,4000,all,592,7.714509601506581
0.0233679,0.0242568,0.0,0.9633546057188088,0.0366453942811911,snapshot_593.xyz,64,4000,16.796962,4000,all,593,7.709795428136097
0.0233792,0.0243242,0.0,0.9611498014323184,0.0388501985676815,snapshot_594.xyz,64,4000,16.796962,4000,all,594,7.719036831510582
0.0232102,0.0241556,0.0,0.9608620775306762,0.0391379224693237,snapshot_595.xyz,64,4000,16.796962,4000,all,595,7.715650967768299
0.0231876,0.0242231,0.0,0.957251549141109,0.042748450858891,snapshot_596.xyz,64,4000,16.796962,4000,all,596,7.717725809683114
0.0233116,0.024313,0.0,0.9588121581047176,0.0411878418952824,snapshot_597.xyz,64,4000,16.796962,4000,all,597,7.7117148924672545
0.0234918,0.0243579,0.0,0.9644427475274964,0.0355572524725037,snapshot_598.xyz,64,4000,16.796962,4000,all,598,7.707582507394928
0.0234017,0.0240319,0.0,0.973776522039456,0.026223477960544,snapshot_599.xyz,64,4000,16.796962,4000,all,599,7.716012333685198
0.0233567,0.024313,0.0,0.960667132809608,0.0393328671903919,snapshot_600.xyz,64,4000,16.796962,4000,all,600,7.715809133134826
0.0234242,0.024268,0.0,0.9652299324212954,0.0347700675787046,snapshot_601.xyz,64,4000,16.796962,4000,all,601,7.710930487763836
0.0233792,0.0243691,0.0,0.9593788855558883,0.0406211144441116,snapshot_602.xyz,64,4000,16.796962,4000,all,602,7.717370210032943
0.0235256,0.024268,0.0,0.9694082742706444,0.0305917257293555,snapshot_603.xyz,64,4000,16.796962,4000,all,603,7.712426097029856
0.0234468,0.0243242,0.0,0.9639289267478478,0.0360710732521522,snapshot_604.xyz,64,4000,16.796962,4000,all,604,7.7069705616291575
0.0233904,0.0242905,0.0,0.9629443609641628,0.037055639035837,snapshot_605.xyz,64,4000,16.796962,4000,all,605,7.723044577557909
0.0233567,0.0242343,0.0,0.9637868640728224,0.0362131359271775,snapshot_606.xyz,64,4000,16.796962,4000,all,606,7.7100560514149326
0.0233567,0.0241444,0.0,0.9673754576630608,0.0326245423369393,snapshot_607.xyz,64,4000,16.796962,4000,all,607,7.710687279043357
0.0234017,0.0242231,0.0,0.9660902196663516,0.0339097803336484,snapshot_608.xyz,64,4000,16.796962,4000,all,608,7.711343663954912
0.023458,0.0242905,0.0,0.9657273419649656,0.0342726580350343,snapshot_609.xyz,64,4000,16.796962,4000,all,609,7.717373965305642
0.0233341,0.0242006,0.0,0.964195102600762,0.0358048973992379,snapshot_610.xyz,64,4000,16.796962,4000,all,610,7.7109140757570405
0.0233454,0.0242343,0.0,0.9633205828103144,0.0366794171896857,snapshot_611.xyz,64,4000,16.796962,4000,all,611,7.716137615862522
0.0233679,0.0242231,0.0,0.9646948573881956,0.0353051426118043,snapshot_612.xyz,64,4000,16.796962,4000,all,612,7.717366990186404
0.0234355,0.0241556,0.0,0.9701891072877512,0.0298108927122487,snapshot_613.xyz,64,4000,16.796962,4000,all,613,7.711791548035242
0.0233679,0.0241669,0.0,0.9669382502513768,0.0330617497486231,snapshot_614.xyz,64,4000,16.796962,4000,all,614,7.707634890656275
0.0234468,0.0242343,0.0,0.967504735024325,0.032495264975675,snapshot_615.xyz,64,4000,16.796962,4000,all,615,7.713051915459204
0.023244,0.024313,0.0,0.9560317525603588,0.0439682474396413,snapshot_616.xyz,64,4000,16.796962,4000,all,616,7.7151020528828775
0.0233229,0.024268,0.0,0.961055711224658,0.038944288775342,snapshot_617.xyz,64,4000,16.796962,4000,all,617,7.716775327242036
0.023458,0.0242006,0.0,0.9693148103766024,0.0306851896233977,snapshot_618.xyz,64,4000,16.796962,4000,all,618,7.71488371916103
0.0233116,0.0243467,0.0,0.9574849979668704,0.0425150020331297,snapshot_619.xyz,64,4000,16.796962,4000,all,619,7.712208964974472
0.0234806,0.0241331,0.0,0.9729624457695032,0.0270375542304966,snapshot_620.xyz,64,4000,16.796962,4000,all,620,7.707848674274864
0.0233341,0.0242792,0.0,0.9610736762331544,0.0389263237668456,snapshot_621.xyz,64,4000,16.796962,4000,all,621,7.704143276453703
0.0234355,0.024313,0.0,0.9639081972607249,0.0360918027392752,snapshot_622.xyz,64,4000,16.796962,4000,all,622,7.714177144698409
0.0234242,0.0242118,0.0,0.9674704069916322,0.0325295930083677,snapshot_623.xyz,64,4000,16.796962,4000,all,623,7.7150198840760815
0.0233341,0.0242118,0.0,0.963749081026607,0.036250918973393,snapshot_624.xyz,64,4000,16.796962,4000,all,624,7.706948715713317
0.0234242,0.0241556,0.0,0.9697213068605208,0.030278693139479,snapshot_625.xyz,64,4000,16.796962,4000,all,625,7.7173286407286845
0.0234355,0.0242568,0.0,0.966141453118301,0.0338585468816989,snapshot_626.xyz,64,4000,16.796962,4000,all,626,7.715651396953894
0.0233116,0.0242568,0.0,0.9610336070710068,0.038966392928993,snapshot_627.xyz,64,4000,16.796962,4000,all,627,7.709781079230447
0.0233679,0.0242343,0.0,0.9642490189524764,0.0357509810475235,snapshot_628.xyz,64,4000,16.796962,4000,all,628,7.720843589797372
0.0235706,0.0242006,0.0,0.9739675875804732,0.0260324124195266,snapshot_629.xyz,64,4000,16.796962,4000,all,629,7.704382071721426
0.0233567,0.0244028,0.0,0.9571319684626356,0.0428680315373645,snapshot_630.xyz,64,4000,16.796962,4000,all,630,7.7093393307992395
0.0232778,0.024313,0.0,0.9574219553325382,0.0425780446674618,snapshot_631.xyz,64,4000,16.796962,4000,all,631,7.710833470658098
0.0233454,0.0242231,0.0,0.963765991966346,0.0362340080336539,snapshot_632.xyz,64,4000,16.796962,4000,all,632,7.704828298883616
0.0234017,0.0242231,0.0,0.9660902196663516,0.0339097803336484,snapshot_633.xyz,64,4000,16.796962,4000,all,633,7.703565389354499
0.0234693,0.0242006,0.0,0.9697817409485716,0.0302182590514284,snapshot_634.xyz,64,4000,16.796962,4000,all,634,7.704741183573018
0.0233792,0.0241444,0.0,0.96830735077285,0.0316926492271499,snapshot_635.xyz,64,4000,16.796962,4000,all,635,7.708571455102597
0.0233679,0.0242455,0.0,0.963803592419212,0.0361964075807881,snapshot_636.xyz,64,4000,16.796962,4000,all,636,7.717397816788928
0.0234242,0.024268,0.0,0.9652299324212954,0.0347700675787046,snapshot_637.xyz,64,4000,16.796962,4000,all,637,7.712080482965318
0.0234242,0.0242006,0.0,0.9679181507896498,0.0320818492103501,snapshot_638.xyz,64,4000,16.796962,4000,all,638,7.709284709588616
0.0233341,0.0242118,0.0,0.963749081026607,0.036250918973393,snapshot_639.xyz,64,4000,16.796962,4000,all,639,7.713812689840143
0.0234017,0.0242792,0.0,0.9638579524860786,0.0361420475139213,snapshot_640.xyz,64,4000,16.796962,4000,all,640,7.720245772531465
0.0232214,0.0244478,0.0,0.9498359770613308,0.0501640229386692,snapshot_641.xyz,64,4000,16.796962,4000,all,641,7.718693325241646
0.0234693,0.0241331,0.0,0.9724942091981552,0.0275057908018448,snapshot_642.xyz,64,4000,16.796962,4000,all,642,7.717199161947008
0.0235031,0.0241893,0.0,0.9716320852608384,0.0283679147391615,snapshot_643.xyz,64,4000,16.796962,4000,all,643,7.7134715714358295
0.0233454,0.0242343,0.0,0.9633205828103144,0.0366794171896857,snapshot_644.xyz,64,4000,16.796962,4000,all,644,7.7120574932633215
0.0234468,0.0241781,0.0,0.969753620011498,0.0302463799885019,snapshot_645.xyz,64,4000,16.796962,4000,all,645,7.719174694789771
0.0235256,0.0242118,0.0,0.9716584475338472,0.0283415524661527,snapshot_646.xyz,64,4000,16.796962,4000,all,646,7.715057193555367
0.0233454,0.0242118,0.0,0.9642157956037966,0.0357842043962034,snapshot_647.xyz,64,4000,16.796962,4000,all,647,7.698268978717559
0.0234242,0.024313,0.0,0.9634434253280136,0.0365565746719862,snapshot_648.xyz,64,4000,16.796962,4000,all,648,7.7142387061441635
0.023413,0.0242792,0.0,0.9643233714455172,0.0356766285544828,snapshot_649.xyz,64,4000,16.796962,4000,all,649,7.70966694631267
0.0233003,0.0241781,0.0,0.9636944176754996,0.0363055823245003,snapshot_650.xyz,64,4000,16.796962,4000,all,650,7.712518316396999
0.0234355,0.0241106,0.0,0.9719998672782926,0.0280001327217074,snapshot_651.xyz,64,4000,16.796962,4000,all,651,7.713181755739857
0.0234242,0.0242343,0.0,0.9665721724993088,0.0334278275006911,snapshot_652.xyz,64,4000,16.796962,4000,all,652,7.7058318964235255
0.0234355,0.0242568,0.0,0.966141453118301,0.0338585468816989,snapshot_653.xyz,64,4000,16.796962,4000,all,653,7.714804486807086
0.0234918,0.0240544,0.0,0.9766113476120792,0.0233886523879207,snapshot_654.xyz,64,4000,16.796962,4000,all,654,7.712266862204723
0.0233567,0.0242455,0.0,0.9633416510280258,0.0366583489719741,snapshot_655.xyz,64,4000,16.796962,4000,all,655,7.712766600250912
0.0234017,0.0241219,0.0,0.9701433137522334,0.0298566862477666,snapshot_656.xyz,64,4000,16.796962,4000,all,656,7.710877028008783
0.0234468,0.0242231,0.0,0.967952078800814,0.0320479211991858,snapshot_657.xyz,64,4000,16.796962,4000,all,657,7.7147206388856535
0.0233341,0.0242231,0.0,0.9632994951100396,0.0367005048899604,snapshot_658.xyz,64,4000,16.796962,4000,all,658,7.717767980561259
0.0233229,0.0242905,0.0,0.9601654967991602,0.0398345032008398,snapshot_659.xyz,64,4000,16.796962,4000,all,659,7.712104165290107
0.0233904,0.0242231,0.0,0.9656237228100448,0.0343762771899551,snapshot_660.xyz,64,4000,16.796962,4000,all,660,7.706559444011053
0.0235369,0.0241444,0.0,0.9748388860356852,0.0251611139643147,snapshot_661.xyz,64,4000,16.796962,4000,all,661,7.703357963819788
0.0233904,0.0242905,0.0,0.9629443609641628,0.037055639035837,snapshot_662.xyz,64,4000,16.796962,4000,all,662,7.704026410591338
0.0233229,0.0241331,0.0,0.9664278522029908,0.0335721477970091,snapshot_663.xyz,64,4000,16.796962,4000,all,663,7.704405021360229
0.023458,0.0241444,0.0,0.9715710475306903,0.0284289524693096,snapshot_664.xyz,64,4000,16.796962,4000,all,664,7.70333560893657
0.0234242,0.0242343,0.0,0.9665721724993088,0.0334278275006911,snapshot_665.xyz,64,4000,16.796962,4000,all,665,7.706499793291513
0.0234242,0.0241781,0.0,0.9688188898217808,0.0311811101782192,snapshot_666.xyz,64,4000,16.796962,4000,all,666,7.718053106232955
0.0233679,0.0241893,0.0,0.9660428371221986,0.0339571628778013,snapshot_667.xyz,64,4000,16.796962,4000,all,667,7.7051434351623485
0.0233116,0.024313,0.0,0.9588121581047176,0.0411878418952824,snapshot_668.xyz,64,4000,16.796962,4000,all,668,7.718538401551709
0.0234242,0.0241106,0.0,0.9715311937488076,0.0284688062511924,snapshot_669.xyz,64,4000,16.796962,4000,all,669,7.717900091040908
0.0233567,0.024268,0.0,0.9624484918411076,0.0375515081588924,snapshot_670.xyz,64,4000,16.796962,4000,all,670,7.710306186258607
0.023413,0.0242343,0.0,0.9661100176196548,0.0338899823803452,snapshot_671.xyz,64,4000,16.796962,4000,all,671,7.705279953143657
0.0232778,0.0241781,0.0,0.9627638234600734,0.0372361765399266,snapshot_672.xyz,64,4000,16.796962,4000,all,672,7.709677593984209
0.0233679,0.0241781,0.0,0.9664903362960696,0.0335096637039303,snapshot_673.xyz,64,4000,16.796962,4000,all,673,7.706598059779431
0.0233341,0.0241556,0.0,0.9659913229230488,0.0340086770769511,snapshot_674.xyz,64,4000,16.796962,4000,all,674,7.711290711063989
0.0232891,0.0242343,0.0,0.960997429263482,0.0390025707365181,snapshot_675.xyz,64,4000,16.796962,4000,all,675,7.709676023348974
0.0232327,0.0242905,0.0,0.9564521109075564,0.0435478890924435,snapshot_676.xyz,64,4000,16.796962,4000,all,676,7.710678805233344
0.0232102,0.0241331,0.0,0.9617579175489266,0.0382420824510734,snapshot_677.xyz,64,4000,16.796962,4000,all,677,7.713655115337271
0.023413,0.0242231,0.0,0.966556716522658,0.0334432834773419,snapshot_678.xyz,64,4000,16.796962,4000,all,678,7.710872147840153
0.0233792,0.0242231,0.0,0.965161354244502,0.0348386457554978,snapshot_679.xyz,64,4000,16.796962,4000,all,679,7.69730881177019
0.0235369,0.0243242,0.0,0.9676330567911792,0.0323669432088209,snapshot_680.xyz,64,4000,16.796962,4000,all,680,7.703666964130374
0.0233679,0.024268,0.0,0.9629100049447832,0.0370899950552168,snapshot_681.xyz,64,4000,16.796962,4000,all,681,7.709611610430512
0.0234355,0.0241781,0.0,0.9692862549166394,0.0307137450833605,snapshot_682.xyz,64,4000,16.796962,4000,all,682,7.719564890105419
0.0232327,0.0243242,0.0,0.9551269928712968,0.0448730071287032,snapshot_683.xyz,64,4000,16.796962,4000,all,683,7.71244447433701
0.0234468,0.0242006,0.0,0.9688520119335884,0.0311479880664115,snapshot_684.xyz,64,4000,16.796962,4000,all,684,7.708339801280999
0.0232778,0.0242568,0.0,0.959640183371261,0.040359816628739,snapshot_685.xyz,64,4000,16.796962,4000,all,685,7.710472736509975
0.0234468,0.0241669,0.0,0.9702030463154148,0.0297969536845851,snapshot_686.xyz,64,4000,16.796962,4000,all,686,7.707259892044329
0.0233904,0.024313,0.0,0.9620532225558344,0.0379467774441657,snapshot_687.xyz,64,4000,16.796962,4000,all,687,7.702499325964599
0.0234918,0.0241556,0.0,0.9725198297703224,0.0274801702296775,snapshot_688.xyz,64,4000,16.796962,4000,all,688,7.712290979264262
0.0232665,0.0242231,0.0,0.9605087705537276,0.0394912294462724,snapshot_689.xyz,64,4000,16.796962,4000,all,689,7.711546026247591
0.0234355,0.024268,0.0,0.9656955661776826,0.0343044338223174,snapshot_690.xyz,64,4000,16.796962,4000,all,690,7.711845236508071
0.0234017,0.0241331,0.0,0.969693077143011,0.0303069228569889,snapshot_691.xyz,64,4000,16.796962,4000,all,691,7.712441238911882
0.0235369,0.024268,0.0,0.9698739080270314,0.0301260919729685,snapshot_692.xyz,64,4000,16.796962,4000,all,692,7.716327994378165
0.023458,0.0242905,0.0,0.9657273419649656,0.0342726580350343,snapshot_693.xyz,64,4000,16.796962,4000,all,693,7.715300780984572
0.0233341,0.0242118,0.0,0.963749081026607,0.036250918973393,snapshot_694.xyz,64,4000,16.796962,4000,all,694,7.7125741946365105
0.023413,0.0243916,0.0,0.9598796306925336,0.0401203693074665,snapshot_695.xyz,64,4000,16.796962,4000,all,695,7.700660176865564
0.0234242,0.0242118,0.0,0.9674704069916322,0.0325295930083677,snapshot_696.xyz,64,4000,16.796962,4000,all,696,7.701251561987316
0.023458,0.0242006,0.0,0.9693148103766024,0.0306851896233977,snapshot_697.xyz,64,4000,16.796962,4000,all,697,7.707446261517886
0.023458,0.0242568,0.0,0.9670690280663568,0.0329309719336432,snapshot_698.xyz,64,4000,16.796962,4000,all,698,7.711314596999299
0.0232778,0.0241556,0.0,0.9636606004404776,0.0363393995595223,snapshot_699.xyz,64,4000,16.796962,4000,all,699,7.705017029059981
0.0235369,0.0243467,0.0,0.9667388188132272,0.0332611811867726,snapshot_700.xyz,64,4000,16.796962,4000,all,700,7.715254794854713
0.0233904,0.0242343,0.0,0.9651774550946384,0.0348225449053615,snapshot_701.xyz,64,4000,16.796962,4000,all,701,7.707825544930099
0.0234918,0.0241106,0.0,0.9743349398190008,0.0256650601809992,snapshot_702.xyz,64,4000,16.796962,4000,all,702,7.712333592591475
0.0233792,0.0240994,0.0,0.9701154385586362,0.0298845614413637,snapshot_703.xyz,64,4000,16.796962,4000,all,703,7.717941366953961
0.0233792,0.0242343,0.0,0.9647153002149844,0.0352846997850154,snapshot_704.xyz,64,4000,16.796962,4000,all,704,7.716935713461777
0.0233003,0.0241106,0.0,0.966392375137906,0.0336076248620939,snapshot_705.xyz,64,4000,16.796962,4000,all,705,7.707797542886843
0.0234017,0.0242905,0.0,0.9634095634095636,0.0365904365904364,snapshot_706.xyz,64,4000,16.796962,4000,all,706,7.710056011155524
0.0233567,0.0243467,0.0,0.9593374050692702,0.0406625949307297,snapshot_707.xyz,64,4000,16.796962,4000,all,707,7.70365369565239
0.0235481,0.0243354,0.0,0.9676479531875376,0.0323520468124625,snapshot_708.xyz,64,4000,16.796962,4000,all,708,7.710119758231391
0.0233341,0.0242343,0.0,0.9628543015478062,0.0371456984521938,snapshot_709.xyz,64,4000,16.796962,4000,all,709,7.70933384047931
0.023458,0.0241556,0.0,0.9711205683154216,0.0288794316845782,snapshot_710.xyz,64,4000,16.796962,4000,all,710,7.703076017888055
0.0233003,0.0242792,0.0,0.959681538106692,0.0403184618933079,snapshot_711.xyz,64,4000,16.796962,4000,all,711,7.714531406141683
0.0233229,0.0242006,0.0,0.9637323041577482,0.0362676958422517,snapshot_712.xyz,64,4000,16.796962,4000,all,712,7.710640585240224
0.0234468,0.0243017,0.0,0.9648213910960962,0.0351786089039037,snapshot_713.xyz,64,4000,16.796962,4000,all,713,7.7100286412325065
0.0233567,0.0241893,0.0,0.9655798224834948,0.0344201775165051,snapshot_714.xyz,64,4000,16.796962,4000,all,714,7.705198358424639
0.0233904,0.0242455,0.0,0.9647315996782908,0.0352684003217091,snapshot_715.xyz,64,4000,16.796962,4000,all,715,7.713293756029707
0.0234355,0.0243017,0.0,0.9643564030499924,0.0356435969500075,snapshot_716.xyz,64,4000,16.796962,4000,all,716,7.716695654664328
0.0232102,0.0241669,0.0,0.9604127960143832,0.0395872039856167,snapshot_717.xyz,64,4000,16.796962,4000,all,717,7.715360361230713
0.023458,0.0244141,0.0,0.9608382041525184,0.0391617958474815,snapshot_718.xyz,64,4000,16.796962,4000,all,718,7.718924351605384
0.0234017,0.0242006,0.0,0.9669884217746668,0.0330115782253331,snapshot_719.xyz,64,4000,16.796962,4000,all,719,7.715857388329814
0.0232665,0.024313,0.0,0.9569571833998272,0.0430428166001728,snapshot_720.xyz,64,4000,16.796962,4000,all,720,7.714943510263749
0.0234693,0.0242006,0.0,0.9697817409485716,0.0302182590514284,snapshot_721.xyz,64,4000,16.796962,4000,all,721,7.710289869907782
0.0233454,0.0242006,0.0,0.9646620331727312,0.0353379668272687,snapshot_722.xyz,64,4000,16.796962,4000,all,722,7.707361611547274
0.0234468,0.0242455,0.0,0.9670578045410488,0.0329421954589511,snapshot_723.xyz,64,4000,16.796962,4000,all,723,7.703679066538956
0.0234468,0.0243804,0.0,0.9617069449229708,0.038293055077029,snapshot_724.xyz,64,4000,16.796962,4000,all,724,7.712507332832272
0.0233904,0.0242568,0.0,0.9642821806668646,0.0357178193331354,snapshot_725.xyz,64,4000,16.796962,4000,all,725,7.713821020517708
0.0233003,0.0241219,0.0,0.9659396647859412,0.0340603352140587,snapshot_726.xyz,64,4000,16.796962,4000,all,726,7.707083893385544
0.0235594,0.0241669,0.0,0.974862311674232,0.0251376883257679,snapshot_727.xyz,64,4000,16.796962,4000,all,727,7.714974361071593
0.0233904,0.0242455,0.0,0.9647315996782908,0.0352684003217091,snapshot_728.xyz,64,4000,16.796962,4000,all,728,7.710820556927009
0.0233229,0.0242118,0.0,0.9632864966669146,0.0367135033330854,snapshot_729.xyz,64,4000,16.796962,4000,all,729,7.7081733653151465
0.0234806,0.0241781,0.0,0.971151579321783,0.028848420678217,snapshot_730.xyz,64,4000,16.796962,4000,all,730,7.709553346111635
0.0235819,0.0242231,0.0,0.9735293996226742,0.0264706003773258,snapshot_731.xyz,64,4000,16.796962,4000,all,731,7.709213528215875
0.0233454,0.0242343,0.0,0.9633205828103144,0.0366794171896857,snapshot_732.xyz,64,4000,16.796962,4000,all,732,7.709733624993543
0.0235143,0.0242118,0.0,0.9711917329566576,0.0288082670433424,snapshot_733.xyz,64,4000,16.796962,4000,all,733,7.707195220572394
0.0234242,0.0241556,0.0,0.9697213068605208,0.030278693139479,snapshot_734.xyz,64,4000,16.796962,4000,all,734,7.707653190399624
0.0234468,0.0241331,0.0,0.9715618797419312,0.0284381202580688,snapshot_735.xyz,64,4000,16.796962,4000,all,735,7.711106169979194
0.0234918,0.0242792,0.0,0.9675689479060264,0.0324310520939734,snapshot_736.xyz,64,4000,16.796962,4000,all,736,7.7142863662384515
0.0232553,0.0242905,0.0,0.9573825157983574,0.0426174842016425,snapshot_737.xyz,64,4000,16.796962,4000,all,737,7.713051915459204
0.0234017,0.0242006,0.0,0.9669884217746668,0.0330115782253331,snapshot_738.xyz,64,4000,16.796962,4000,all,738,7.707457234350448
0.0234017,0.0242231,0.0,0.9660902196663516,0.0339097803336484,snapshot_739.xyz,64,4000,16.796962,4000,all,739,7.705749156491988
0.023458,0.0241556,0.0,0.9711205683154216,0.0288794316845782,snapshot_740.xyz,64,4000,16.796962,4000,all,740,7.704770953122552
0.0234693,0.0241106,0.0,0.9734017403133892,0.0265982596866108,snapshot_741.xyz,64,4000,16.796962,4000,all,741,7.702607918488148
0.0233567,0.024268,0.0,0.9624484918411076,0.0375515081588924,snapshot_742.xyz,64,4000,16.796962,4000,all,742,7.710988948205934
0.0234242,0.0243242,0.0,0.9629998108879224,0.0370001891120777,snapshot_743.xyz,64,4000,16.796962,4000,all,743,7.7186466391863835
0.0232778,0.0242231,0.0,0.9609752674100344,0.0390247325899657,snapshot_744.xyz,64,4000,16.796962,4000,all,744,7.719491710922428
0.0234242,0.0242792,0.0,0.9647846716531022,0.0352153283468977,snapshot_745.xyz,64,4000,16.796962,4000,all,745,7.718728286762962
0.023413,0.0240994,0.0,0.9715179631028158,0.0284820368971842,snapshot_746.xyz,64,4000,16.796962,4000,all,746,7.7052130141902335
0.0234468,0.0241556,0.0,0.9706569077149813,0.0293430922850187,snapshot_747.xyz,64,4000,16.796962,4000,all,747,7.715139442319295
0.0233341,0.0242792,0.0,0.9610736762331544,0.0389263237668456,snapshot_748.xyz,64,4000,16.796962,4000,all,748,7.7108946738878466
0.0234355,0.0243467,0.0,0.9625739833324436,0.0374260166675565,snapshot_749.xyz,64,4000,16.796962,4000,all,749,7.716849135690084
0.0235031,0.0240882,0.0,0.9757100987205352,0.0242899012794647,snapshot_750.xyz,64,4000,16.796962,4000,all,750,7.712005077218847
0.0233341,0.0243916,0.0,0.9566449105429738,0.0433550894570261,snapshot_751.xyz,64,4000,16.796962,4000,all,751,7.716696509576586
0.0233454,0.0241781,0.0,0.9655597420806432,0.0344402579193569,snapshot_752.xyz,64,4000,16.796962,4000,all,752,7.707011716984217
0.0235256,0.0242343,0.0,0.9707563247133196,0.0292436752866804,snapshot_753.xyz,64,4000,16.796962,4000,all,753,7.7127595774014
0.0233679,0.0241219,0.0,0.968742097430136,0.0312579025698639,snapshot_754.xyz,64,4000,16.796962,4000,all,754,7.716665410031422
0.0235256,0.0243354,0.0,0.9667233741791792,0.0332766258208206,snapshot_755.xyz,64,4000,16.796962,4000,all,755,7.714175490847888
0.0234017,0.0241893,0.0,0.9674401491568586,0.0325598508431413,snapshot_756.xyz,64,4000,16.796962,4000,all,756,7.716519303404585
0.0234355,0.0243242,0.0,0.9634643688178852,0.0365356311821148,snapshot_757.xyz,64,4000,16.796962,4000,all,757,7.7089916484856165
0.0234918,0.0242792,0.0,0.9675689479060264,0.0324310520939734,snapshot_758.xyz,64,4000,16.796962,4000,all,758,7.702995430700051
0.0233679,0.0242455,0.0,0.963803592419212,0.0361964075807881,snapshot_759.xyz,64,4000,16.796962,4000,all,759,7.716893618615556
0.0235031,0.0242006,0.0,0.971178400535524,0.028821599464476,snapshot_760.xyz,64,4000,16.796962,4000,all,760,7.707755181378284
0.0234468,0.0241781,0.0,0.969753620011498,0.0302463799885019,snapshot_761.xyz,64,4000,16.796962,4000,all,761,7.714016963444424
0.023413,0.0242343,0.0,0.9661100176196548,0.0338899823803452,snapshot_762.xyz,64,4000,16.796962,4000,all,762,7.710774637009569
0.0233904,0.0242118,0.0,0.9660743934775604,0.0339256065224394,snapshot_763.xyz,64,4000,16.796962,4000,all,763,7.714360696280538
0.0234355,0.0242343,0.0,0.967038453761817,0.032961546238183,snapshot_764.xyz,64,4000,16.796962,4000,all,764,7.714809844498454
0.0234693,0.0241781,0.0,0.9706842142269244,0.0293157857730756,snapshot_765.xyz,64,4000,16.796962,4000,all,765,7.704326818294797
0.0235143,0.0244141,0.0,0.963144248610434,0.0368557513895659,snapshot_766.xyz,64,4000,16.796962,4000,all,766,7.7068875031949355
0.0233003,0.0243017,0.0,0.9587930062505916,0.0412069937494085,snapshot_767.xyz,64,4000,16.796962,4000,all,767,7.701454223914375
0.0234806,0.0242792,0.0,0.9671076476984416,0.0328923523015585,snapshot_768.xyz,64,4000,16.796962,4000,all,768,7.704055320405983
0.0233679,0.0242905,0.0,0.962018072909162,0.0379819270908379,snapshot_769.xyz,64,4000,16.796962,4000,all,769,7.702769054374544
0.0233567,0.0242905,0.0,0.9615569872995616,0.0384430127004383,snapshot_770.xyz,64,4000,16.796962,4000,all,770,7.711623677621555
0.0233229,0.024313,0.0,0.9592769300374284,0.0407230699625714,snapshot_771.xyz,64,4000,16.796962,4000,all,771,7.7141882475574395
0.0233567,0.0242006,0.0,0.9651289637447006,0.0348710362552994,snapshot_772.xyz,64,4000,16.796962,4000,all,772,7.707517731472859
0.0233792,0.0241556,0.0,0.9678583848051796,0.0321416151948202,snapshot_773.xyz,64,4000,16.796962,4000,all,773,7.7104478606597215
0.023458,0.0242118,0.0,0.9688664205057038,0.0311335794942961,snapshot_774.xyz,64,4000,16.796962,4000,all,774,7.714982685020583
0.0234017,0.0241781,0.0,0.9678882956063544,0.0321117043936455,snapshot_775.xyz,64,4000,16.796962,4000,all,775,7.707621604169976
0.0232891,0.0241444,0.0,0.9645756365865376,0.0354243634134623,snapshot_776.xyz,64,4000,16.796962,4000,all,776,7.710648143122603
0.0233454,0.0241444,0.0,0.9669074402345884,0.0330925597654114,snapshot_777.xyz,64,4000,16.796962,4000,all,777,7.706170137319358
0.0234918,0.0242792,0.0,0.9675689479060264,0.0324310520939734,snapshot_778.xyz,64,4000,16.796962,4000,all,778,7.719226699020927
0.0234693,0.0242455,0.0,0.9679858118001278,0.0320141881998722,snapshot_779.xyz,64,4000,16.796962,4000,all,779,7.711607830439226
0.0234242,0.0242118,0.0,0.9674704069916322,0.0325295930083677,snapshot_780.xyz,64,4000,16.796962,4000,all,780,7.720228891283369
0.0234017,0.0242792,0.0,0.9638579524860786,0.0361420475139213,snapshot_781.xyz,64,4000,16.796962,4000,all,781,7.70862600709701
0.0233341,0.0241219,0.0,0.9673408811080388,0.0326591188919612,snapshot_782.xyz,64,4000,16.796962,4000,all,782,7.706723900167759
0.0234806,0.0244028,0.0,0.9622092546756932,0.0377907453243069,snapshot_783.xyz,64,4000,16.796962,4000,all,783,7.708963028603842
0.0233567,0.0241444,0.0,0.9673754576630608,0.0326245423369393,snapshot_784.xyz,64,4000,16.796962,4000,all,784,7.714688593968421
0.0235481,0.0243242,0.0,0.9680935035890182,0.0319064964109817,snapshot_785.xyz,64,4000,16.796962,4000,all,785,7.714049030900462
0.0233679,0.0242568,0.0,0.9633546057188088,0.0366453942811911,snapshot_786.xyz,64,4000,16.796962,4000,all,786,7.710389384712904
0.0233229,0.0242455,0.0,0.9619475779010538,0.0380524220989462,snapshot_787.xyz,64,4000,16.796962,4000,all,787,7.69998421202867
0.0233904,0.0241331,0.0,0.9692248405716628,0.030775159428337,snapshot_788.xyz,64,4000,16.796962,4000,all,788,7.704436664884287
0.0233679,0.0242455,0.0,0.963803592419212,0.0361964075807881,snapshot_789.xyz,64,4000,16.796962,4000,all,789,7.701613300490429
0.0233003,0.0243579,0.0,0.956580821827826,0.0434191781721741,snapshot_790.xyz,64,4000,16.796962,4000,all,790,7.689227501924466
0.0233229,0.024268,0.0,0.961055711224658,0.038944288775342,snapshot_791.xyz,64,4000,16.796962,4000,all,791,7.6975443245371435
0.0235143,0.0242905,0.0,0.968045120520368,0.031954879479632,snapshot_792.xyz,64,4000,16.796962,4000,all,792,7.708487971376255
0.0234017,0.024268,0.0,0.9643027855612328,0.0356972144387671,snapshot_793.xyz,64,4000,16.796962,4000,all,793,7.708997712707658
0.0234693,0.0243242,0.0,0.9648539314756496,0.0351460685243503,snapshot_794.xyz,64,4000,16.796962,4000,all,794,7.708692592912769
0.0234693,0.0241331,0.0,0.9724942091981552,0.0275057908018448,snapshot_795.xyz,64,4000,16.796962,4000,all,795,7.714480153296854
0.0232891,0.0241556,0.0,0.9641284008677076,0.0358715991322923,snapshot_796.xyz,64,4000,16.796962,4000,all,796,7.712327533258308
0.0232665,0.0241106,0.0,0.9649905021028096,0.0350094978971904,snapshot_797.xyz,64,4000,16.796962,4000,all,797,7.703931035316552
0.0233904,0.024313,0.0,0.9620532225558344,0.0379467774441657,snapshot_798.xyz,64,4000,16.796962,4000,all,798,7.712085178874253
0.0233229,0.0241893,0.0,0.9641825104488349,0.0358174895511651,snapshot_799.xyz,64,4000,16.796962,4000,all,799,7.713074075381
0.023458,0.024268,0.0,0.9666227130377452,0.0333772869622548,snapshot_800.xyz,64,4000,16.796962,4000,all,800,7.711832668117277
0.0233792,0.0242343,0.0,0.9647153002149844,0.0352846997850154,snapshot_801.xyz,64,4000,16.796962,4000,all,801,7.706901372818645
0.023458,0.0241893,0.0,0.9697676245282004,0.0302323754717995,snapshot_802.xyz,64,4000,16.796962,4000,all,802,7.713475994989169
0.023413,0.0241893,0.0,0.9679072978548366,0.0320927021451633,snapshot_803.xyz,64,4000,16.796962,4000,all,803,7.703315559216389
0.023413,0.0241556,0.0,0.9692576462600804,0.0307423537399195,snapshot_804.xyz,64,4000,16.796962,4000,all,804,7.697426012032547
0.0233904,0.0243017,0.0,0.9625005658040384,0.0374994341959615,snapshot_805.xyz,64,4000,16.796962,4000,all,805,7.702252554500262
0.0235031,0.0241781,0.0,0.9720821735372092,0.0279178264627908,snapshot_806.xyz,64,4000,16.796962,4000,all,806,7.706333900242855
0.0234242,0.0243579,0.0,0.9616674672282914,0.0383325327717085,snapshot_807.xyz,64,4000,16.796962,4000,all,807,7.714143509893397
0.0233229,0.0242455,0.0,0.9619475779010538,0.0380524220989462,snapshot_808.xyz,64,4000,16.796962,4000,all,808,7.70821440759943
0.0233341,0.0242231,0.0,0.9632994951100396,0.0367005048899604,snapshot_809.xyz,64,4000,16.796962,4000,all,809,7.715358444058179
0.0233341,0.0242006,0.0,0.964195102600762,0.0358048973992379,snapshot_810.xyz,64,4000,16.796962,4000,all,810,7.699710022821073
0.0234693,0.0242231,0.0,0.9688809442226634,0.0311190557773366,snapshot_811.xyz,64,4000,16.796962,4000,all,811,7.702301639725963
0.0233341,0.0242231,0.0,0.9632994951100396,0.0367005048899604,snapshot_812.xyz,64,4000,16.796962,4000,all,812,7.705543822121035
0.0233229,0.0241331,0.0,0.9664278522029908,0.0335721477970091,snapshot_813.xyz,64,4000,16.796962,4000,all,813,7.704333443931638
0.023458,0.0241781,0.0,0.9702168491320656,0.0297831508679342,snapshot_814.xyz,64,4000,16.796962,4000,all,814,7.7143433736897595
0.0233003,0.0241444,0.0,0.965039512267855,0.0349604877321449,snapshot_815.xyz,64,4000,16.796962,4000,all,815,7.705500246037553
0.0236157,0.0242343,0.0,0.9744741956648222,0.0255258043351778,snapshot_816.xyz,64,4000,16.796962,4000,all,816,7.709531624179863
0.0232891,0.0243804,0.0,0.9552386343128086,0.0447613656871913,snapshot_817.xyz,64,4000,16.796962,4000,all,817,7.698741757355847
0.0233229,0.024268,0.0,0.961055711224658,0.038944288775342,snapshot_818.xyz,64,4000,16.796962,4000,all,818,7.706505849904058
0.0233003,0.0243354,0.0,0.957465256375486,0.0425347436245141,snapshot_819.xyz,64,4000,16.796962,4000,all,819,7.706202242039778
0.0234017,0.024268,0.0,0.9643027855612328,0.0356972144387671,snapshot_820.xyz,64,4000,16.796962,4000,all,820,7.707975357457542
0.023413,0.0242006,0.0,0.967455352346636,0.0325446476533639,snapshot_821.xyz,64,4000,16.796962,4000,all,821,7.702949658882896
0.023413,0.0242006,0.0,0.967455352346636,0.0325446476533639,snapshot_822.xyz,64,4000,16.796962,4000,all,822,7.706138337999017
0.0232891,0.0242006,0.0,0.9623356445707958,0.0376643554292042,snapshot_823.xyz,64,4000,16.796962,4000,all,823,7.706819067051413
0.0233792,0.0242455,0.0,0.9642696582871048,0.0357303417128952,snapshot_824.xyz,64,4000,16.796962,4000,all,824,7.7034211214305595
0.023413,0.0242231,0.0,0.966556716522658,0.0334432834773419,snapshot_825.xyz,64,4000,16.796962,4000,all,825,7.700400577580627
0.0234693,0.0241669,0.0,0.9711340718089616,0.0288659281910382,snapshot_826.xyz,64,4000,16.796962,4000,all,826,7.707207578549156
0.0236269,0.0242792,0.0,0.9731333816600216,0.0268666183399782,snapshot_827.xyz,64,4000,16.796962,4000,all,827,7.707596188006008
0.0233904,0.0242343,0.0,0.9651774550946384,0.0348225449053615,snapshot_828.xyz,64,4000,16.796962,4000,all,828,7.708448825656822
0.023458,0.0242231,0.0,0.9684144473663568,0.0315855526336431,snapshot_829.xyz,64,4000,16.796962,4000,all,829,7.712883707017864
0.023413,0.0241669,0.0,0.9688044391295532,0.0311955608704468,snapshot_830.xyz,64,4000,16.796962,4000,all,830,7.696756321606614
0.0232891,0.0242455,0.0,0.960553504774082,0.0394464952259181,snapshot_831.xyz,64,4000,16.796962,4000,all,831,7.703100645996618
0.023458,0.0242231,0.0,0.9684144473663568,0.0315855526336431,snapshot_832.xyz,64,4000,16.796962,4000,all,832,7.7150218017026155
0.0234017,0.024313,0.0,0.9625179944885452,0.0374820055114547,snapshot_833.xyz,64,4000,16.796962,4000,all,833,7.713623271389245
0.0233679,0.0242343,0.0,0.9642490189524764,0.0357509810475235,snapshot_834.xyz,64,4000,16.796962,4000,all,834,7.701632319919046
0.0233904,0.0240544,0.0,0.9723959026207264,0.0276040973792737,snapshot_835.xyz,64,4000,16.796962,4000,all,835,7.705233350650311
0.0235143,0.0241331,0.0,0.9743588681106032,0.0256411318893968,snapshot_836.xyz,64,4000,16.796962,4000,all,836,7.702602896458668
0.023458,0.0242006,0.0,0.9693148103766024,0.0306851896233977,snapshot_837.xyz,64,4000,16.796962,4000,all,837,7.705796554921177
0.0233116,0.0242118,0.0,0.9628197820897249,0.0371802179102751,snapshot_838.xyz,64,4000,16.796962,4000,all,838,7.702821011792194
0.0235143,0.0241669,0.0,0.9729961227960556,0.0270038772039443,snapshot_839.xyz,64,4000,16.796962,4000,all,839,7.7038468934558
0.023413,0.0242231,0.0,0.966556716522658,0.0334432834773419,snapshot_840.xyz,64,4000,16.796962,4000,all,840,7.705910939818818
0.0234017,0.0242343,0.0,0.9656437363571468,0.0343562636428532,snapshot_841.xyz,64,4000,16.796962,4000,all,841,7.702720412067653
0.0235031,0.0242118,0.0,0.9707291485969652,0.0292708514030348,snapshot_842.xyz,64,4000,16.796962,4000,all,842,7.711395689760596
0.0233792,0.0242905,0.0,0.9624832753545624,0.0375167246454375,snapshot_843.xyz,64,4000,16.796962,4000,all,843,7.71214980210037
0.0232553,0.0242006,0.0,0.9609389849838432,0.0390610150161566,snapshot_844.xyz,64,4000,16.796962,4000,all,844,7.701624443520252
0.023413,0.0242006,0.0,0.967455352346636,0.0325446476533639,snapshot_845.xyz,64,4000,16.796962,4000,all,845,7.697254116073719
0.0233567,0.0241331,0.0,0.967828418230563,0.032171581769437,snapshot_846.xyz,64,4000,16.796962,4000,all,846,7.708874888969238
0.023458,0.0241106,0.0,0.9729330667839042,0.0270669332160957,snapshot_847.xyz,64,4000,16.796962,4000,all,847,7.711105037616818
0.023244,0.0241669,0.0,0.9618114032002448,0.038188596799755,snapshot_848.xyz,64,4000,16.796962,4000,all,848,7.7109379646892755
0.0232665,0.0241893,0.0,0.9618509010182188,0.0381490989817812,snapshot_849.xyz,64,4000,16.796962,4000,all,849,7.716232738754805
0.0233229,0.0240769,0.0,0.9686836760546416,0.0313163239453583,snapshot_850.xyz,64,4000,16.796962,4000,all,850,7.70416177882753
0.0234918,0.0242231,0.0,0.9698098096445128,0.0301901903554872,snapshot_851.xyz,64,4000,16.796962,4000,all,851,7.704058762515407
0.0234468,0.024268,0.0,0.9661611999340696,0.0338388000659305,snapshot_852.xyz,64,4000,16.796962,4000,all,852,7.709464553466711
0.0234468,0.0241893,0.0,0.9693046098894966,0.0306953901105033,snapshot_853.xyz,64,4000,16.796962,4000,all,853,7.714524910288487
0.0232665,0.0241669,0.0,0.9627424286937918,0.0372575713062082,snapshot_854.xyz,64,4000,16.796962,4000,all,854,7.7087995781828935
0.0233229,0.0243467,0.0,0.9579491265756755,0.0420508734243243,snapshot_855.xyz,64,4000,16.796962,4000,all,855,7.710529419988021
0.0234918,0.0241893,0.0,0.9711649365628604,0.0288350634371395,snapshot_856.xyz,64,4000,16.796962,4000,all,856,7.714522345865652
0.0234355,0.0242905,0.0,0.9648010539099648,0.0351989460900351,snapshot_857.xyz,64,4000,16.796962,4000,all,857,7.713903607479504
0.0235031,0.0243467,0.0,0.9653505403196326,0.0346494596803673,snapshot_858.xyz,64,4000,16.796962,4000,all,858,7.711767953444475
0.0234693,0.023987,0.0,0.9784174761329052,0.0215825238670948,snapshot_859.xyz,64,4000,16.796962,4000,all,859,7.70933842831441
0.0233341,0.024268,0.0,0.9615172243283336,0.0384827756716664,snapshot_860.xyz,64,4000,16.796962,4000,all,860,7.706331270278653
0.0233454,0.0242006,0.0,0.9646620331727312,0.0353379668272687,snapshot_861.xyz,64,4000,16.796962,4000,all,861,7.70868656742515
0.0233792,0.0241669,0.0,0.9674058319436916,0.0325941680563085,snapshot_862.xyz,64,4000,16.796962,4000,all,862,7.712249379190098
0.0235481,0.0243017,0.0,0.9689898237571856,0.0310101762428143,snapshot_863.xyz,64,4000,16.796962,4000,all,863,7.706012340217679
0.0234242,0.024268,0.0,0.9652299324212954,0.0347700675787046,snapshot_864.xyz,64,4000,16.796962,4000,all,864,7.712426206488237
0.0235143,0.024268,0.0,0.9689426405142574,0.0310573594857426,snapshot_865.xyz,64,4000,16.796962,4000,all,865,7.708019922171915
0.0235706,0.024268,0.0,0.9712625679907696,0.0287374320092302,snapshot_866.xyz,64,4000,16.796962,4000,all,866,7.70656364379389
0.0235031,0.0241331,0.0,0.9738947752257272,0.0261052247742727,snapshot_867.xyz,64,4000,16.796962,4000,all,867,7.711507787629259
0.0235031,0.0240769,0.0,0.9761680282760654,0.0238319717239345,snapshot_868.xyz,64,4000,16.796962,4000,all,868,7.708073957648879
0.0235256,0.0242792,0.0,0.9689610860324888,0.0310389139675112,snapshot_869.xyz,64,4000,16.796962,4000,all,869,7.709668009295195
0.023458,0.0243579,0.0,0.963055107377894,0.036944892622106,snapshot_870.xyz,64,4000,16.796962,4000,all,870,7.7189105274912215
0.0235369,0.0243467,0.0,0.9667388188132272,0.0332611811867726,snapshot_871.xyz,64,4000,16.796962,4000,all,871,7.715305401472782
0.0234806,0.024313,0.0,0.9657631719656152,0.0342368280343848,snapshot_872.xyz,64,4000,16.796962,4000,all,872,7.7052085368045535
0.023458,0.024313,0.0,0.9648336281001932,0.0351663718998067,snapshot_873.xyz,64,4000,16.796962,4000,all,873,7.6983611671022665
0.0235031,0.0242792,0.0,0.9680343668654652,0.0319656331345349,snapshot_874.xyz,64,4000,16.796962,4000,all,874,7.719865776368102
0.0234242,0.0241893,0.0,0.9683703124935404,0.0316296875064595,snapshot_875.xyz,64,4000,16.796962,4000,all,875,7.71148855479612
0.0235931,0.0241893,0.0,0.975352738607566,0.0246472613924338,snapshot_876.xyz,64,4000,16.796962,4000,all,876,7.703790811908103
0.0234355,0.0242905,0.0,0.9648010539099648,0.0351989460900351,snapshot_877.xyz,64,4000,16.796962,4000,all,877,7.704903540865671
0.023458,0.0240994,0.0,0.9733852295077886,0.0266147704922113,snapshot_878.xyz,64,4000,16.796962,4000,all,878,7.706225827363523
0.0234355,0.0242343,0.0,0.967038453761817,0.032961546238183,snapshot_879.xyz,64,4000,16.796962,4000,all,879,7.708041503388539
0.0235143,0.0241669,0.0,0.9729961227960556,0.0270038772039443,snapshot_880.xyz,64,4000,16.796962,4000,all,880,7.706507907239528
0.0233567,0.0241669,0.0,0.9664748064501446,0.0335251935498553,snapshot_881.xyz,64,4000,16.796962,4000,all,881,7.706602741939587
0.0234242,0.0242118,0.0,0.9674704069916322,0.0325295930083677,snapshot_882.xyz,64,4000,16.796962,4000,all,882,7.703960973188686
0.0235481,0.0242231,0.0,0.9721340373445182,0.0278659626554818,snapshot_883.xyz,64,4000,16.796962,4000,all,883,7.700219558803384
0.0234017,0.0242455,0.0,0.965197665546184,0.034802334453816,snapshot_884.xyz,64,4000,16.796962,4000,all,884,7.7177080000022205
0.0234017,0.0240882,0.0,0.971500568743202,0.0284994312567978,snapshot_885.xyz,64,4000,16.796962,4000,all,885,7.708111831024707
0.0235819,0.0242455,0.0,0.97262997257223,0.02737002742777,snapshot_886.xyz,64,4000,16.796962,4000,all,886,7.6964706818180595
0.0234017,0.0241219,0.0,0.9701433137522334,0.0298566862477666,snapshot_887.xyz,64,4000,16.796962,4000,all,887,7.714666888881908
0.0234017,0.0242455,0.0,0.965197665546184,0.034802334453816,snapshot_888.xyz,64,4000,16.796962,4000,all,888,7.715818376253367
0.0234242,0.0242231,0.0,0.9670190850882008,0.0329809149117991,snapshot_889.xyz,64,4000,16.796962,4000,all,889,7.711037122017286
0.0233229,0.0240207,0.0,0.9709500555770648,0.0290499444229351,snapshot_890.xyz,64,4000,16.796962,4000,all,890,7.70641130460832
0.023458,0.0243017,0.0,0.9652822642037387,0.0347177357962611,snapshot_891.xyz,64,4000,16.796962,4000,all,891,7.711422731791063
0.0233679,0.0242006,0.0,0.9655917621877144,0.0344082378122856,snapshot_892.xyz,64,4000,16.796962,4000,all,892,7.702788703202022
0.0233904,0.0243017,0.0,0.9625005658040384,0.0374994341959615,snapshot_893.xyz,64,4000,16.796962,4000,all,893,7.7021494783618705
0.0234017,0.0242343,0.0,0.9656437363571468,0.0343562636428532,snapshot_894.xyz,64,4000,16.796962,4000,all,894,7.707021142668801
0.0235143,0.0243017,0.0,0.9675989745573356,0.0324010254426645,snapshot_895.xyz,64,4000,16.796962,4000,all,895,7.704104169899571
0.0232665,0.0241669,0.0,0.9627424286937918,0.0372575713062082,snapshot_896.xyz,64,4000,16.796962,4000,all,896,7.708289948688726
0.0232778,0.0242118,0.0,0.9614237685756531,0.0385762314243467,snapshot_897.xyz,64,4000,16.796962,4000,all,897,7.707804328582075
0.0234468,0.0242118,0.0,0.9684038361460116,0.0315961638539884,snapshot_898.xyz,64,4000,16.796962,4000,all,898,7.708265133464714
0.0233003,0.0242343,0.0,0.961459584143136,0.038540415856864,snapshot_899.xyz,64,4000,16.796962,4000,all,899,7.718200797352399
0.0233567,0.0241781,0.0,0.9660271071755018,0.0339728928244982,snapshot_900.xyz,64,4000,16.796962,4000,all,900,7.705556610996073
0.0232665,0.0244365,0.0,0.9521208028973052,0.0478791971026947,snapshot_901.xyz,64,4000,16.796962,4000,all,901,7.709530752774407
0.0233792,0.0242118,0.0,0.965611809117868,0.0343881908821318,snapshot_902.xyz,64,4000,16.796962,4000,all,902,7.708217318067257
0.0233341,0.0240882,0.0,0.9686942154249798,0.0313057845750202,snapshot_903.xyz,64,4000,16.796962,4000,all,903,7.7016017696237675
0.0234242,0.0244028,0.0,0.9598980444866982,0.0401019555133017,snapshot_904.xyz,64,4000,16.796962,4000,all,904,7.70669832583879
0.0233229,0.0241556,0.0,0.9655276623226084,0.0344723376773915,snapshot_905.xyz,64,4000,16.796962,4000,all,905,7.706708332412601
0.0234017,0.0244365,0.0,0.9576535101180612,0.0423464898819389,snapshot_906.xyz,64,4000,16.796962,4000,all,906,7.699335084550518
0.0234693,0.0242455,0.0,0.9679858118001278,0.0320141881998722,snapshot_907.xyz,64,4000,16.796962,4000,all,907,7.71120028632847
0.0233003,0.0242343,0.0,0.961459584143136,0.038540415856864,snapshot_908.xyz,64,4000,16.796962,4000,all,908,7.706883313915853
0.0233792,0.024313,0.0,0.9615925636490764,0.0384074363509234,snapshot_909.xyz,64,4000,16.796962,4000,all,909,7.703189695072513
0.0234017,0.0241444,0.0,0.9692392438826396,0.0307607561173605,snapshot_910.xyz,64,4000,16.796962,4000,all,910,7.712225867014007
0.023413,0.0242455,0.0,0.9656637314140768,0.0343362685859232,snapshot_911.xyz,64,4000,16.796962,4000,all,911,7.708713961835828
0.0236044,0.024313,0.0,0.970855098095669,0.029144901904331,snapshot_912.xyz,64,4000,16.796962,4000,all,912,7.709358038722415
0.0233792,0.0241556,0.0,0.9678583848051796,0.0321416151948202,snapshot_913.xyz,64,4000,16.796962,4000,all,913,7.713651849973466
0.0234017,0.0241331,0.0,0.969693077143011,0.0303069228569889,snapshot_914.xyz,64,4000,16.796962,4000,all,914,7.704124827399947
0.023413,0.0243579,0.0,0.9612076574745771,0.0387923425254228,snapshot_915.xyz,64,4000,16.796962,4000,all,915,7.702057386310829
0.0235031,0.0241893,0.0,0.9716320852608384,0.0283679147391615,snapshot_916.xyz,64,4000,16.796962,4000,all,916,7.702425924815394
0.0235931,0.0243017,0.0,0.9708415460646784,0.0291584539353214,snapshot_917.xyz,64,4000,16.796962,4000,all,917,7.704730446875285
0.0234806,0.0243242,0.0,0.9653184894056124,0.0346815105943875,snapshot_918.xyz,64,4000,16.796962,4000,all,918,7.702706591718076
0.0236269,0.0241331,0.0,0.9790246590781956,0.0209753409218045,snapshot_919.xyz,64,4000,16.796962,4000,all,919,7.702991369722654
0.0233904,0.0241669,0.0,0.9678692757449238,0.0321307242550762,snapshot_920.xyz,64,4000,16.796962,4000,all,920,7.711136104235151
0.0233904,0.0242455,0.0,0.9647315996782908,0.0352684003217091,snapshot_921.xyz,64,4000,16.796962,4000,all,921,7.716070392774224
0.0234918,0.0242006,0.0,0.9707114699635546,0.0292885300364453,snapshot_922.xyz,64,4000,16.796962,4000,all,922,7.707258869722034
0.0233003,0.0241893,0.0,0.9632482130528788,0.0367517869471213,snapshot_923.xyz,64,4000,16.796962,4000,all,923,7.704027820192046
0.0234468,0.0243467,0.0,0.9630381119412488,0.0369618880587512,snapshot_924.xyz,64,4000,16.796962,4000,all,924,7.7038845441985
0.0232665,0.0241781,0.0,0.9622964583652148,0.0377035416347852,snapshot_925.xyz,64,4000,16.796962,4000,all,925,7.6952159036464565
0.0235256,0.0243017,0.0,0.9680639626034392,0.0319360373965607,snapshot_926.xyz,64,4000,16.796962,4000,all,926,7.7000494896974825
0.0235143,0.0243242,0.0,0.9667039409312536,0.0332960590687464,snapshot_927.xyz,64,4000,16.796962,4000,all,927,7.701966203241426
0.0234806,0.0243579,0.0,0.963982937773782,0.0360170622262181,snapshot_928.xyz,64,4000,16.796962,4000,all,928,7.705626513734884
0.023413,0.024268,0.0,0.9647684193176198,0.0352315806823801,snapshot_929.xyz,64,4000,16.796962,4000,all,929,7.698920552411203
0.0235143,0.0242006,0.0,0.9716411989785376,0.0283588010214622,snapshot_930.xyz,64,4000,16.796962,4000,all,930,7.711494295386782
0.0234017,0.0242118,0.0,0.9665411080547502,0.0334588919452497,snapshot_931.xyz,64,4000,16.796962,4000,all,931,7.708660240988699
0.0235143,0.0242118,0.0,0.9711917329566576,0.0288082670433424,snapshot_932.xyz,64,4000,16.796962,4000,all,932,7.712711436427551
0.023413,0.0241444,0.0,0.9697072613111116,0.0302927386888884,snapshot_933.xyz,64,4000,16.796962,4000,all,933,7.711258580960129
0.0235031,0.0242231,0.0,0.9702763065008194,0.0297236934991805,snapshot_934.xyz,64,4000,16.796962,4000,all,934,7.7051107029753405
0.0233792,0.0241669,0.0,0.9674058319436916,0.0325941680563085,snapshot_935.xyz,64,4000,16.796962,4000,all,935,7.7093045633068105
0.0235369,0.0242455,0.0,0.970773958054072,0.0292260419459281,snapshot_936.xyz,64,4000,16.796962,4000,all,936,7.709832199476181
0.0233792,0.0241893,0.0,0.9665099858201768,0.0334900141798233,snapshot_937.xyz,64,4000,16.796962,4000,all,937,7.695546162646476
0.023458,0.0241556,0.0,0.9711205683154216,0.0288794316845782,snapshot_938.xyz,64,4000,16.796962,4000,all,938,7.709481994921123
0.0233454,0.0241781,0.0,0.9655597420806432,0.0344402579193569,snapshot_939.xyz,64,4000,16.796962,4000,all,939,7.703573216237543
0.0235031,0.0242792,0.0,0.9680343668654652,0.0319656331345349,snapshot_940.xyz,64,4000,16.796962,4000,all,940,7.713227487061792
0.0234355,0.0243691,0.0,0.961689188357387,0.0383108116426129,snapshot_941.xyz,64,4000,16.796962,4000,all,941,7.701347656440614
0.0234693,0.0241893,0.0,0.9702347732261783,0.0297652267738215,snapshot_942.xyz,64,4000,16.796962,4000,all,942,7.699983736858235
0.0235143,0.0241669,0.0,0.9729961227960556,0.0270038772039443,snapshot_943.xyz,64,4000,16.796962,4000,all,943,7.70969818026551
0.0234355,0.0242568,0.0,0.966141453118301,0.0338585468816989,snapshot_944.xyz,64,4000,16.796962,4000,all,944,7.707711423481893
0.0234468,0.0241444,0.0,0.971107171849373,0.0288928281506269,snapshot_945.xyz,64,4000,16.796962,4000,all,945,7.711594946638236
0.0234806,0.0242568,0.0,0.9680007255697372,0.0319992744302627,snapshot_946.xyz,64,4000,16.796962,4000,all,946,7.722902962838987
0.0234918,0.0241556,0.0,0.9725198297703224,0.0274801702296775,snapshot_947.xyz,64,4000,16.796962,4000,all,947,7.712198669732957
0.0234468,0.0241106,0.0,0.9724685408077776,0.0275314591922224,snapshot_948.xyz,64,4000,16.796962,4000,all,948,7.697463760657477
0.0234017,0.0242006,0.0,0.9669884217746668,0.0330115782253331,snapshot_949.xyz,64,4000,16.796962,4000,all,949,7.712242745145184
0.0234355,0.0241556,0.0,0.9701891072877512,0.0298108927122487,snapshot_950.xyz,64,4000,16.796962,4000,all,950,7.711826727620933
0.023413,0.0240994,0.0,0.9715179631028158,0.0284820368971842,snapshot_951.xyz,64,4000,16.796962,4000,all,951,7.709900123768515
0.0233567,0.0242118,0.0,0.9646825101809864,0.0353174898190137,snapshot_952.xyz,64,4000,16.796962,4000,all,952,7.705107437676853
0.0235931,0.0241669,0.0,0.9762567809690113,0.0237432190309887,snapshot_953.xyz,64,4000,16.796962,4000,all,953,7.715514933142901
0.0236157,0.0242455,0.0,0.974024045699202,0.0259759543007981,snapshot_954.xyz,64,4000,16.796962,4000,all,954,7.713480209121453
0.0234242,0.0242118,0.0,0.9674704069916322,0.0325295930083677,snapshot_955.xyz,64,4000,16.796962,4000,all,955,7.716693462371924
0.0232891,0.0242006,0.0,0.9623356445707958,0.0376643554292042,snapshot_956.xyz,64,4000,16.796962,4000,all,956,7.6957344635589475
0.0234468,0.0240095,0.0,0.9765634436368936,0.0234365563631062,snapshot_957.xyz,64,4000,16.796962,4000,all,957,7.707992843397227
0.0234806,0.0241893,0.0,0.9707019219241566,0.0292980780758433,snapshot_958.xyz,64,4000,16.796962,4000,all,958,7.710348339252377
0.0234355,0.0242231,0.0,0.9674855819445076,0.0325144180554924,snapshot_959.xyz,64,4000,16.796962,4000,all,959,7.71138278029302
0.0234468,0.024268,0.0,0.9661611999340696,0.0338388000659305,snapshot_960.xyz,64,4000,16.796962,4000,all,960,7.7162791700803615
0.0233904,0.0242343,0.0,0.9651774550946384,0.0348225449053615,snapshot_961.xyz,64,4000,16.796962,4000,all,961,7.705724604707299
0.0233679,0.0242343,0.0,0.9642490189524764,0.0357509810475235,snapshot_962.xyz,64,4000,16.796962,4000,all,962,7.711453814298699
0.0234355,0.0240432,0.0,0.9747246622745724,0.0252753377254275,snapshot_963.xyz,64,4000,16.796962,4000,all,963,7.7067188860087645
0.0233567,0.0241781,0.0,0.9660271071755018,0.0339728928244982,snapshot_964.xyz,64,4000,16.796962,4000,all,964,7.7055890452861835
0.0234693,0.0244927,0.0,0.9582161215382542,0.0417838784617458,snapshot_965.xyz,64,4000,16.796962,4000,all,965,7.707910685985608
0.0233679,0.0242568,0.0,0.9633546057188088,0.0366453942811911,snapshot_966.xyz,64,4000,16.796962,4000,all,966,7.703854937460213
0.0233341,0.0242231,0.0,0.9632994951100396,0.0367005048899604,snapshot_967.xyz,64,4000,16.796962,4000,all,967,7.701994893488859
0.0235031,0.0243017,0.0,0.9671381014496928,0.0328618985503071,snapshot_968.xyz,64,4000,16.796962,4000,all,968,7.707025062984721
0.023413,0.0241669,0.0,0.9688044391295532,0.0311955608704468,snapshot_969.xyz,64,4000,16.796962,4000,all,969,7.71352432817272
0.0233792,0.0243242,0.0,0.9611498014323184,0.0388501985676815,snapshot_970.xyz,64,4000,16.796962,4000,all,970,7.704241442712918
0.0234918,0.0243467,0.0,0.9648864117108272,0.0351135882891726,snapshot_971.xyz,64,4000,16.796962,4000,all,971,7.713562357069058
0.0234468,0.0243691,0.0,0.9621528903406362,0.0378471096593637,snapshot_972.xyz,64,4000,16.796962,4000,all,972,7.710175717178243
0.0235706,0.024268,0.0,0.9712625679907696,0.0287374320092302,snapshot_973.xyz,64,4000,16.796962,4000,all,973,7.699786040255189
0.0235143,0.024313,0.0,0.9671492617118412,0.0328507382881587,snapshot_974.xyz,64,4000,16.796962,4000,all,974,7.702328081170854
0.0233792,0.0242231,0.0,0.965161354244502,0.0348386457554978,snapshot_975.xyz,64,4000,16.796962,4000,all,975,7.710705333125356
0.0234693,0.0243804,0.0,0.9626298173943004,0.0373701826056996,snapshot_976.xyz,64,4000,16.796962,4000,all,976,7.707735867167301
0.0234806,0.0242006,0.0,0.9702486715205408,0.0297513284794591,snapshot_977.xyz,64,4000,16.796962,4000,all,977,7.708458836694818
0.0233454,0.0242455,0.0,0.9628755851601328,0.0371244148398672,snapshot_978.xyz,64,4000,16.796962,4000,all,978,7.711035555526383
0.023458,0.0242792,0.0,0.9661768097795644,0.0338231902204356,snapshot_979.xyz,64,4000,16.796962,4000,all,979,7.714374280666281
0.0233003,0.0242905,0.0,0.9592350919083592,0.0407649080916407,snapshot_980.xyz,64,4000,16.796962,4000,all,980,7.7052834707472915
0.0234693,0.0242006,0.0,0.9697817409485716,0.0302182590514284,snapshot_981.xyz,64,4000,16.796962,4000,all,981,7.712661002918762
0.023413,0.0241781,0.0,0.968355660701213,0.0316443392987869,snapshot_982.xyz,64,4000,16.796962,4000,all,982,7.70680172265927
0.0235256,0.0243242,0.0,0.9671684988612164,0.0328315011387836,snapshot_983.xyz,64,4000,16.796962,4000,all,983,7.7086578296633075
0.0232102,0.0241556,0.0,0.9608620775306762,0.0391379224693237,snapshot_984.xyz,64,4000,16.796962,4000,all,984,7.715377657143186
0.023413,0.0241781,0.0,0.968355660701213,0.0316443392987869,snapshot_985.xyz,64,4000,16.796962,4000,all,985,7.69937846214164
0.023413,0.0243579,0.0,0.9612076574745771,0.0387923425254228,snapshot_986.xyz,64,4000,16.796962,4000,all,986,7.712856849502481
0.0235481,0.0241781,0.0,0.973943361968062,0.026056638031938,snapshot_987.xyz,64,4000,16.796962,4000,all,987,7.710823046530886
0.0235256,0.0242343,0.0,0.9707563247133196,0.0292436752866804,snapshot_988.xyz,64,4000,16.796962,4000,all,988,7.709907251057535
0.0233229,0.0241106,0.0,0.967329722196876,0.0326702778031239,snapshot_989.xyz,64,4000,16.796962,4000,all,989,7.709221415114865
0.0234693,0.0242343,0.0,0.9684331711664872,0.0315668288335129,snapshot_990.xyz,64,4000,16.796962,4000,all,990,7.715015016007384
0.0235369,0.0242343,0.0,0.9712226059758275,0.0287773940241723,snapshot_991.xyz,64,4000,16.796962,4000,all,991,7.703826233128126
0.0233679,0.0240657,0.0,0.9710043755220086,0.0289956244779914,snapshot_992.xyz,64,4000,16.796962,4000,all,992,7.704675973008333
0.0235031,0.0242455,0.0,0.9693798849270998,0.0306201150729001,snapshot_993.xyz,64,4000,16.796962,4000,all,993,7.706355381301382
0.023413,0.0243467,0.0,0.961649833447654,0.0383501665523459,snapshot_994.xyz,64,4000,16.796962,4000,all,994,7.704191832047961
0.0233679,0.024268,0.0,0.9629100049447832,0.0370899950552168,snapshot_995.xyz,64,4000,16.796962,4000,all,995,7.710833041286021
0.0234468,0.0241106,0.0,0.9724685408077776,0.0275314591922224,snapshot_996.xyz,64,4000,16.796962,4000,all,996,7.713076728191259
0.023458,0.0241219,0.0,0.972477292418922,0.0275227075810778,snapshot_997.xyz,64,4000,16.796962,4000,all,997,7.714486942391732
0.023413,0.0242792,0.0,0.9643233714455172,0.0356766285544828,snapshot_998.xyz,64,4000,16.796962,4000,all,998,7.71468149316622
0.0234355,0.0242455,0.0,0.966591738673156,0.033408261326844,snapshot_999.xyz,64,4000,16.796962,4000,all,999,7.707470979934737
0.0233904,0.0242792,0.0,0.96339253352664,0.0366074664733599,snapshot_1000.xyz,64,4000,16.796962,4000,all,1000,7.706347042753657
0.0233904,0.024268,0.0,0.9638371518048456,0.0361628481951542,snapshot_1001.xyz,64,4000,16.796962,4000,all,1001,7.699040621823965
0.0233229,0.0241556,0.0,0.9655276623226084,0.0344723376773915,snapshot_1002.xyz,64,4000,16.796962,4000,all,1002,7.708339509529136
0.023413,0.0242006,0.0,0.967455352346636,0.0325446476533639,snapshot_1003.xyz,64,4000,16.796962,4000,all,1003,7.703851689134141
0.023458,0.0242792,0.0,0.9661768097795644,0.0338231902204356,snapshot_1004.xyz,64,4000,16.796962,4000,all,1004,7.707598755161759
0.0234693,0.0242343,0.0,0.9684331711664872,0.0315668288335129,snapshot_1005.xyz,64,4000,16.796962,4000,all,1005,7.712473103059098
0.0236719,0.0242905,0.0,0.9745332537411744,0.0254667462588255,snapshot_1006.xyz,64,4000,16.796962,4000,all,1006,7.7038669157691855
0.0233567,0.0242455,0.0,0.9633416510280258,0.0366583489719741,snapshot_1007.xyz,64,4000,16.796962,4000,all,1007,7.695943711147452
0.023413,0.0242118,0.0,0.96700782263194,0.0329921773680601,snapshot_1008.xyz,64,4000,16.796962,4000,all,1008,7.698633407661045
0.0234806,0.0243242,0.0,0.9653184894056124,0.0346815105943875,snapshot_1009.xyz,64,4000,16.796962,4000,all,1009,7.706868868892167
0.0234355,0.0243017,0.0,0.9643564030499924,0.0356435969500075,snapshot_1010.xyz,64,4000,16.796962,4000,all,1010,7.700883149603932
0.0234918,0.0242905,0.0,0.9671188324653672,0.0328811675346328,snapshot_1011.xyz,64,4000,16.796962,4000,all,1011,7.697001191267973
0.0234468,0.0242231,0.0,0.967952078800814,0.0320479211991858,snapshot_1012.xyz,64,4000,16.796962,4000,all,1012,7.695702966218016
0.0233792,0.0241444,0.0,0.96830735077285,0.0316926492271499,snapshot_1013.xyz,64,4000,16.796962,4000,all,1013,7.713067330958687
0.023458,0.0240994,0.0,0.9733852295077886,0.0266147704922113,snapshot_1014.xyz,64,4000,16.796962,4000,all,1014,7.706624257678362
0.0234242,0.0242118,0.0,0.9674704069916322,0.0325295930083677,snapshot_1015.xyz,64,4000,16.796962,4000,all,1015,7.707962209327307
0.0234355,0.0241556,0.0,0.9701891072877512,0.0298108927122487,snapshot_1016.xyz,64,4000,16.796962,4000,all,1016,7.706976695436356
0.0232102,0.0242118,0.0,0.95863174154751,0.04136825845249,snapshot_1017.xyz,64,4000,16.796962,4000,all,1017,7.695871543860511
0.0234242,0.0243354,0.0,0.9625566047815116,0.0374433952184883,snapshot_1018.xyz,64,4000,16.796962,4000,all,1018,7.711130325436754
0.023458,0.0244028,0.0,0.9612831314439328,0.0387168685560672,snapshot_1019.xyz,64,4000,16.796962,4000,all,1019,7.70851635329594
0.0235369,0.0243467,0.0,0.9667388188132272,0.0332611811867726,snapshot_1020.xyz,64,4000,16.796962,4000,all,1020,7.716447187327317
0.0234242,0.0242568,0.0,0.9656756043666106,0.0343243956333894,snapshot_1021.xyz,64,4000,16.796962,4000,all,1021,7.7124481028721945
0.0233679,0.024313,0.0,0.9611277917163658,0.0388722082836342,snapshot_1022.xyz,64,4000,16.796962,4000,all,1022,7.714880404564811
0.0234693,0.0242231,0.0,0.9688809442226634,0.0311190557773366,snapshot_1023.xyz,64,4000,16.796962,4000,all,1023,7.709199446365236
0.0233116,0.0242455,0.0,0.9614815120331608,0.0385184879668392,snapshot_1024.xyz,64,4000,16.796962,4000,all,1024,7.713608254009307
0.0235706,0.0241331,0.0,0.9766917635943994,0.0233082364056006,snapshot_1025.xyz,64,4000,16.796962,4000,all,1025,7.709170740669332
0.0233341,0.0242905,0.0,0.9606265824087606,0.0393734175912393,snapshot_1026.xyz,64,4000,16.796962,4000,all,1026,7.705851193654802
0.0235143,0.024268,0.0,0.9689426405142574,0.0310573594857426,snapshot_1027.xyz,64,4000,16.796962,4000,all,1027,7.713847201009772
0.0236382,0.0242905,0.0,0.9731458800765732,0.0268541199234267,snapshot_1028.xyz,64,4000,16.796962,4000,all,1028,7.706540669479368
0.0233116,0.0242455,0.0,0.9614815120331608,0.0385184879668392,snapshot_1029.xyz,64,4000,16.796962,4000,all,1029,7.714376235492059
0.0234918,0.0242455,0.0,0.9689138190592068,0.031086180940793,snapshot_1030.xyz,64,4000,16.796962,4000,all,1030,7.7131853361897456
0.0234355,0.0242568,0.0,0.966141453118301,0.0338585468816989,snapshot_1031.xyz,64,4000,16.796962,4000,all,1031,7.706200892799169
0.0234806,0.0243467,0.0,0.9644263904348434,0.0355736095651566,snapshot_1032.xyz,64,4000,16.796962,4000,all,1032,7.702417215170391
0.0235143,0.0241556,0.0,0.973451290797993,0.026548709202007,snapshot_1033.xyz,64,4000,16.796962,4000,all,1033,7.700253221834577
0.0233792,0.0241106,0.0,0.9696647947375844,0.0303352052624157,snapshot_1034.xyz,64,4000,16.796962,4000,all,1034,7.7100663177364614
0.0233679,0.0242792,0.0,0.9624658143596164,0.0375341856403835,snapshot_1035.xyz,64,4000,16.796962,4000,all,1035,7.7082344313052555
0.0235143,0.0242006,0.0,0.9716411989785376,0.0283588010214622,snapshot_1036.xyz,64,4000,16.796962,4000,all,1036,7.708552180164503
0.0234693,0.0242905,0.0,0.9661925444103662,0.0338074555896338,snapshot_1037.xyz,64,4000,16.796962,4000,all,1037,7.70722113636144
0.0234242,0.0241331,0.0,0.970625406599235,0.0293745934007649,snapshot_1038.xyz,64,4000,16.796962,4000,all,1038,7.7046437824039495
0.0234017,0.0242343,0.0,0.9656437363571468,0.0343562636428532,snapshot_1039.xyz,64,4000,16.796962,4000,all,1039,7.70861937079668
0.0232891,0.0240882,0.0,0.9668260808196544,0.0331739191803456,snapshot_1040.xyz,64,4000,16.796962,4000,all,1040,7.705551608924113
0.0235143,0.0242006,0.0,0.9716411989785376,0.0283588010214622,snapshot_1041.xyz,64,4000,16.796962,4000,all,1041,7.70132469515497
0.0235706,0.0241331,0.0,0.9766917635943994,0.0233082364056006,snapshot_1042.xyz,64,4000,16.796962,4000,all,1042,7.706119720553492
0.0235706,0.0243017,0.0,0.9699156849109324,0.0300843150890677,snapshot_1043.xyz,64,4000,16.796962,4000,all,1043,7.711219051470543
0.0235143,0.0244028,0.0,0.9635902437425212,0.0364097562574786,snapshot_1044.xyz,64,4000,16.796962,4000,all,1044,7.707006274350984
0.0234468,0.0242905,0.0,0.9652662563553652,0.0347337436446346,snapshot_1045.xyz,64,4000,16.796962,4000,all,1045,7.708671697034917
0.023458,0.0241893,0.0,0.9697676245282004,0.0302323754717995,snapshot_1046.xyz,64,4000,16.796962,4000,all,1046,7.708719387266337
0.0232665,0.024313,0.0,0.9569571833998272,0.0430428166001728,snapshot_1047.xyz,64,4000,16.796962,4000,all,1047,7.7081227699727854
0.0236382,0.0243017,0.0,0.9726973833106328,0.0273026166893672,snapshot_1048.xyz,64,4000,16.796962,4000,all,1048,7.709270665578487
0.0235143,0.0242792,0.0,0.96849566707305,0.0315043329269498,snapshot_1049.xyz,64,4000,16.796962,4000,all,1049,7.7007965313910605
0.0235031,0.0241781,0.0,0.9720821735372092,0.0279178264627908,snapshot_1050.xyz,64,4000,16.796962,4000,all,1050,7.711264582733845
0.023413,0.0242792,0.0,0.9643233714455172,0.0356766285544828,snapshot_1051.xyz,64,4000,16.796962,4000,all,1051,7.715959788846176
0.0235594,0.0243017,0.0,0.9694548118032896,0.0305451881967104,snapshot_1052.xyz,64,4000,16.796962,4000,all,1052,7.701952427995727
0.0233792,0.024268,0.0,0.9633756387011702,0.0366243612988298,snapshot_1053.xyz,64,4000,16.796962,4000,all,1053,7.702975144236679
0.0235031,0.0245039,0.0,0.9591575218638666,0.0408424781361334,snapshot_1054.xyz,64,4000,16.796962,4000,all,1054,7.705352935973665
0.0235369,0.0241781,0.0,0.973480132847494,0.0265198671525058,snapshot_1055.xyz,64,4000,16.796962,4000,all,1055,7.706130084702236
0.0235931,0.0242905,0.0,0.9712891871307712,0.0287108128692287,snapshot_1056.xyz,64,4000,16.796962,4000,all,1056,7.707543790394787
0.0233567,0.0241781,0.0,0.9660271071755018,0.0339728928244982,snapshot_1057.xyz,64,4000,16.796962,4000,all,1057,7.702681090008762
0.0234242,0.0242905,0.0,0.9643358514645644,0.0356641485354356,snapshot_1058.xyz,64,4000,16.796962,4000,all,1058,7.708782238135539
0.0234806,0.0242455,0.0,0.9684518776680208,0.0315481223319791,snapshot_1059.xyz,64,4000,16.796962,4000,all,1059,7.707656945672324
0.0235819,0.0243354,0.0,0.9690368763200934,0.0309631236799066,snapshot_1060.xyz,64,4000,16.796962,4000,all,1060,7.71176723947771
0.023413,0.0242118,0.0,0.96700782263194,0.0329921773680601,snapshot_1061.xyz,64,4000,16.796962,4000,all,1061,7.709677593984208
0.0233567,0.0243579,0.0,0.9588962923733164,0.0411037076266835,snapshot_1062.xyz,64,4000,16.796962,4000,all,1062,7.706305406823411
0.0233679,0.0241556,0.0,0.9673905843779496,0.0326094156220503,snapshot_1063.xyz,64,4000,16.796962,4000,all,1063,7.693478774252799
0.0233341,0.0240994,0.0,0.9682440226727635,0.0317559773272363,snapshot_1064.xyz,64,4000,16.796962,4000,all,1064,7.7077980932269154
0.0233454,0.0242231,0.0,0.963765991966346,0.0362340080336539,snapshot_1065.xyz,64,4000,16.796962,4000,all,1065,7.709086745667992
0.0233454,0.024313,0.0,0.960202360876897,0.0397976391231029,snapshot_1066.xyz,64,4000,16.796962,4000,all,1066,7.707605650946928
0.023458,0.0241331,0.0,0.9720259726268072,0.0279740273731928,snapshot_1067.xyz,64,4000,16.796962,4000,all,1067,7.702560811732769
0.0232327,0.0242231,0.0,0.9591134082755716,0.0408865917244284,snapshot_1068.xyz,64,4000,16.796962,4000,all,1068,7.7055371748434975
0.023458,0.0241781,0.0,0.9702168491320656,0.0297831508679342,snapshot_1069.xyz,64,4000,16.796962,4000,all,1069,7.716607397313425
0.0233904,0.0242343,0.0,0.9651774550946384,0.0348225449053615,snapshot_1070.xyz,64,4000,16.796962,4000,all,1070,7.709662172919469
0.0233567,0.0242455,0.0,0.9633416510280258,0.0366583489719741,snapshot_1071.xyz,64,4000,16.796962,4000,all,1071,7.707491126028371
0.0235594,0.024268,0.0,0.970801054887094,0.0291989451129058,snapshot_1072.xyz,64,4000,16.796962,4000,all,1072,7.709586023288752
0.0233792,0.0243354,0.0,0.9607074467647952,0.0392925532352047,snapshot_1073.xyz,64,4000,16.796962,4000,all,1073,7.7173650537365495
0.0236269,0.024268,0.0,0.973582495467282,0.026417504532718,snapshot_1074.xyz,64,4000,16.796962,4000,all,1074,7.710385353837927
0.0235031,0.0241781,0.0,0.9720821735372092,0.0279178264627908,snapshot_1075.xyz,64,4000,16.796962,4000,all,1075,7.7072345325747325
0.0235031,0.0243804,0.0,0.9640161769290084,0.0359838230709914,snapshot_1076.xyz,64,4000,16.796962,4000,all,1076,7.708485481459383
0.0232778,0.0241556,0.0,0.9636606004404776,0.0363393995595223,snapshot_1077.xyz,64,4000,16.796962,4000,all,1077,7.704105982147927
0.023413,0.0242118,0.0,0.96700782263194,0.0329921773680601,snapshot_1078.xyz,64,4000,16.796962,4000,all,1078,7.702104923919418
0.0233567,0.0241444,0.0,0.9673754576630608,0.0326245423369393,snapshot_1079.xyz,64,4000,16.796962,4000,all,1079,7.705192450955209
0.0235256,0.0242006,0.0,0.9721081295505072,0.0278918704494929,snapshot_1080.xyz,64,4000,16.796962,4000,all,1080,7.697945009593095
0.0235256,0.0241893,0.0,0.9725622485975204,0.0274377514024796,snapshot_1081.xyz,64,4000,16.796962,4000,all,1081,7.706740716761552
0.0234806,0.0241106,0.0,0.973870413842874,0.0261295861571259,snapshot_1082.xyz,64,4000,16.796962,4000,all,1082,7.712373476175958
0.0235369,0.0243691,0.0,0.9658501955345088,0.0341498044654912,snapshot_1083.xyz,64,4000,16.796962,4000,all,1083,7.710047025552241
0.0233454,0.0242792,0.0,0.9615390951925928,0.0384609048074072,snapshot_1084.xyz,64,4000,16.796962,4000,all,1084,7.703726315371716
0.0233904,0.0242343,0.0,0.9651774550946384,0.0348225449053615,snapshot_1085.xyz,64,4000,16.796962,4000,all,1085,7.710013886911395
0.023458,0.0241219,0.0,0.972477292418922,0.0275227075810778,snapshot_1086.xyz,64,4000,16.796962,4000,all,1086,7.708685677892179
0.0233341,0.0242231,0.0,0.9632994951100396,0.0367005048899604,snapshot_1087.xyz,64,4000,16.796962,4000,all,1087,7.716411810439235
0.0235256,0.0242118,0.0,0.9716584475338472,0.0283415524661527,snapshot_1088.xyz,64,4000,16.796962,4000,all,1088,7.706841013072888
0.0233341,0.0241556,0.0,0.9659913229230488,0.0340086770769511,snapshot_1089.xyz,64,4000,16.796962,4000,all,1089,7.7081048681428825
0.0233567,0.0242455,0.0,0.9633416510280258,0.0366583489719741,snapshot_1090.xyz,64,4000,16.796962,4000,all,1090,7.711045248518074
0.0233679,0.0243354,0.0,0.9602431026405976,0.0397568973594023,snapshot_1091.xyz,64,4000,16.796962,4000,all,1091,7.703426137841072
0.0235143,0.0242792,0.0,0.96849566707305,0.0315043329269498,snapshot_1092.xyz,64,4000,16.796962,4000,all,1092,7.712419419093607
0.023458,0.0242118,0.0,0.9688664205057038,0.0311335794942961,snapshot_1093.xyz,64,4000,16.796962,4000,all,1093,7.691296142918983
0.023458,0.0242118,0.0,0.9688664205057038,0.0311335794942961,snapshot_1094.xyz,64,4000,16.796962,4000,all,1094,7.7037587773261995
0.0235031,0.0242343,0.0,0.9698278885711572,0.0301721114288426,snapshot_1095.xyz,64,4000,16.796962,4000,all,1095,7.714201648079673
0.023458,0.0242231,0.0,0.9684144473663568,0.0315855526336431,snapshot_1096.xyz,64,4000,16.796962,4000,all,1096,7.69873069635102
0.0235481,0.0241106,0.0,0.976670012359709,0.023329987640291,snapshot_1097.xyz,64,4000,16.796962,4000,all,1097,7.707956468835589
0.0234355,0.0241669,0.0,0.9697354646231002,0.0302645353768997,snapshot_1098.xyz,64,4000,16.796962,4000,all,1098,7.705787555229545
0.0233679,0.0242343,0.0,0.9642490189524764,0.0357509810475235,snapshot_1099.xyz,64,4000,16.796962,4000,all,1099,7.698742982840141
0.023413,0.0243691,0.0,0.9607658879482625,0.0392341120517376,snapshot_1100.xyz,64,4000,16.796962,4000,all,1100,7.707226687971177
0.0233904,0.0242905,0.0,0.9629443609641628,0.037055639035837,snapshot_1101.xyz,64,4000,16.796962,4000,all,1101,7.71524437451484
0.023458,0.0240657,0.0,0.9747482932139934,0.0252517067860066,snapshot_1102.xyz,64,4000,16.796962,4000,all,1102,7.702892108397151
0.0234017,0.0242792,0.0,0.9638579524860786,0.0361420475139213,snapshot_1103.xyz,64,4000,16.796962,4000,all,1103,7.7042094986324035
0.0233679,0.024268,0.0,0.9629100049447832,0.0370899950552168,snapshot_1104.xyz,64,4000,16.796962,4000,all,1104,7.710058356427821
0.0235031,0.0242231,0.0,0.9702763065008194,0.0297236934991805,snapshot_1105.xyz,64,4000,16.796962,4000,all,1105,7.701735114263183
0.0233792,0.0243242,0.0,0.9611498014323184,0.0388501985676815,snapshot_1106.xyz,64,4000,16.796962,4000,all,1106,7.7053624775119225
0.0234017,0.0242792,0.0,0.9638579524860786,0.0361420475139213,snapshot_1107.xyz,64,4000,16.796962,4000,all,1107,7.708345585563302
0.0235594,0.0241893,0.0,0.9739595606321804,0.0260404393678196,snapshot_1108.xyz,64,4000,16.796962,4000,all,1108,7.714926178899442
0.0232778,0.0243354,0.0,0.9565406773671278,0.0434593226328722,snapshot_1109.xyz,64,4000,16.796962,4000,all,1109,7.70098943988334
0.0234806,0.0242118,0.0,0.9697998496600831,0.0302001503399168,snapshot_1110.xyz,64,4000,16.796962,4000,all,1110,7.701541830535454
0.0234806,0.0240882,0.0,0.9747760314178726,0.0252239685821273,snapshot_1111.xyz,64,4000,16.796962,4000,all,1111,7.701297542678356
0.0234806,0.0241444,0.0,0.9725070823876344,0.0274929176123656,snapshot_1112.xyz,64,4000,16.796962,4000,all,1112,7.71544718737311
0.0235931,0.0241781,0.0,0.9758045503989148,0.0241954496010853,snapshot_1113.xyz,64,4000,16.796962,4000,all,1113,7.718702892719712
0.0233454,0.0242568,0.0,0.962427030770753,0.037572969229247,snapshot_1114.xyz,64,4000,16.796962,4000,all,1114,7.7103164633772225
0.0234806,0.0244028,0.0,0.9622092546756932,0.0377907453243069,snapshot_1115.xyz,64,4000,16.796962,4000,all,1115,7.71041291802039
0.0233792,0.0242905,0.0,0.9624832753545624,0.0375167246454375,snapshot_1116.xyz,64,4000,16.796962,4000,all,1116,7.7042482233150595
0.0235031,0.024313,0.0,0.9666886028050836,0.0333113971949163,snapshot_1117.xyz,64,4000,16.796962,4000,all,1117,7.706412601992907
0.0234468,0.0241781,0.0,0.969753620011498,0.0302463799885019,snapshot_1118.xyz,64,4000,16.796962,4000,all,1118,7.702392176064961
0.0233454,0.0243017,0.0,0.9606488434965454,0.0393511565034545,snapshot_1119.xyz,64,4000,16.796962,4000,all,1119,7.71226977744228
0.0234017,0.0242568,0.0,0.9647480294185548,0.0352519705814451,snapshot_1120.xyz,64,4000,16.796962,4000,all,1120,7.704708341136723
0.0234806,0.0241556,0.0,0.972056169169882,0.0279438308301179,snapshot_1121.xyz,64,4000,16.796962,4000,all,1121,7.709735805988892
0.0233792,0.0241669,0.0,0.9674058319436916,0.0325941680563085,snapshot_1122.xyz,64,4000,16.796962,4000,all,1122,7.7124977301396465
0.0235369,0.0241893,0.0,0.9730293972954984,0.0269706027045015,snapshot_1123.xyz,64,4000,16.796962,4000,all,1123,7.703228556123507
0.0232665,0.0240994,0.0,0.9654389735844046,0.0345610264155954,snapshot_1124.xyz,64,4000,16.796962,4000,all,1124,7.696035474926788
0.0233116,0.0242343,0.0,0.961925865405644,0.038074134594356,snapshot_1125.xyz,64,4000,16.796962,4000,all,1125,7.712642726145496
0.0233341,0.0242905,0.0,0.9606265824087606,0.0393734175912393,snapshot_1126.xyz,64,4000,16.796962,4000,all,1126,7.7036077297114804
0.023458,0.024268,0.0,0.9666227130377452,0.0333772869622548,snapshot_1127.xyz,64,4000,16.796962,4000,all,1127,7.703637456015563
0.0235143,0.0242006,0.0,0.9716411989785376,0.0283588010214622,snapshot_1128.xyz,64,4000,16.796962,4000,all,1128,7.71009921968086
0.0235706,0.0243017,0.0,0.9699156849109324,0.0300843150890677,snapshot_1129.xyz,64,4000,16.796962,4000,all,1129,7.712771878741393
0.0235481,0.0241893,0.0,0.9734924119342022,0.0265075880657977,snapshot_1130.xyz,64,4000,16.796962,4000,all,1130,7.704981572665519
0.0234468,0.0241781,0.0,0.969753620011498,0.0302463799885019,snapshot_1131.xyz,64,4000,16.796962,4000,all,1131,7.700097881706585
0.0233904,0.0242905,0.0,0.9629443609641628,0.037055639035837,snapshot_1132.xyz,64,4000,16.796962,4000,all,1132,7.702587072814907
0.0235481,0.0242006,0.0,0.97303785856549,0.0269621414345099,snapshot_1133.xyz,64,4000,16.796962,4000,all,1133,7.709706092527586
0.0234806,0.0242343,0.0,0.9688994524289952,0.0311005475710046,snapshot_1134.xyz,64,4000,16.796962,4000,all,1134,7.704569322938285
0.0233904,0.0243354,0.0,0.9611676816489558,0.0388323183510441,snapshot_1135.xyz,64,4000,16.796962,4000,all,1135,7.7063373216866795
0.0234355,0.0243467,0.0,0.9625739833324436,0.0374260166675565,snapshot_1136.xyz,64,4000,16.796962,4000,all,1136,7.708863665658241
0.0235706,0.0241781,0.0,0.9748739561834884,0.0251260438165116,snapshot_1137.xyz,64,4000,16.796962,4000,all,1137,7.699828155442796
0.0235594,0.0240882,0.0,0.9780473426823092,0.0219526573176908,snapshot_1138.xyz,64,4000,16.796962,4000,all,1138,7.701948950781072
0.0234918,0.0242006,0.0,0.9707114699635546,0.0292885300364453,snapshot_1139.xyz,64,4000,16.796962,4000,all,1139,7.704809389275204
0.0234242,0.0241893,0.0,0.9683703124935404,0.0316296875064595,snapshot_1140.xyz,64,4000,16.796962,4000,all,1140,7.705240856368609
0.0234918,0.0241893,0.0,0.9711649365628604,0.0288350634371395,snapshot_1141.xyz,64,4000,16.796962,4000,all,1141,7.7044057536966575
0.0235481,0.024313,0.0,0.9685394644840208,0.0314605355159791,snapshot_1142.xyz,64,4000,16.796962,4000,all,1142,7.708473458452282
0.0234355,0.0242568,0.0,0.966141453118301,0.0338585468816989,snapshot_1143.xyz,64,4000,16.796962,4000,all,1143,7.713693267287663
0.0232778,0.0241669,0.0,0.9632100103861068,0.0367899896138933,snapshot_1144.xyz,64,4000,16.796962,4000,all,1144,7.704603171011897
0.0234355,0.0242343,0.0,0.967038453761817,0.032961546238183,snapshot_1145.xyz,64,4000,16.796962,4000,all,1145,7.702394250627092
0.0233904,0.0242905,0.0,0.9629443609641628,0.037055639035837,snapshot_1146.xyz,64,4000,16.796962,4000,all,1146,7.70787265081999
0.023413,0.0240994,0.0,0.9715179631028158,0.0284820368971842,snapshot_1147.xyz,64,4000,16.796962,4000,all,1147,7.705693311110965
0.0235369,0.0242006,0.0,0.9725750601224764,0.0274249398775237,snapshot_1148.xyz,64,4000,16.796962,4000,all,1148,7.70451796168981
0.0235143,0.0242343,0.0,0.9702900434508114,0.0297099565491886,snapshot_1149.xyz,64,4000,16.796962,4000,all,1149,7.7036836883331326
0.0234355,0.0242006,0.0,0.9683850813616192,0.0316149186383807,snapshot_1150.xyz,64,4000,16.796962,4000,all,1150,7.709487325341081
0.0234806,0.0242118,0.0,0.9697998496600831,0.0302001503399168,snapshot_1151.xyz,64,4000,16.796962,4000,all,1151,7.703772436559526
0.0234806,0.0242792,0.0,0.9671076476984416,0.0328923523015585,snapshot_1152.xyz,64,4000,16.796962,4000,all,1152,7.705046827940757
0.0234017,0.0241556,0.0,0.9687898458328504,0.0312101541671495,snapshot_1153.xyz,64,4000,16.796962,4000,all,1153,7.710263219494463
0.0234468,0.0243242,0.0,0.9639289267478478,0.0360710732521522,snapshot_1154.xyz,64,4000,16.796962,4000,all,1154,7.704776826317579
0.0232553,0.0242905,0.0,0.9573825157983574,0.0426174842016425,snapshot_1155.xyz,64,4000,16.796962,4000,all,1155,7.698642851975825
0.0235031,0.0240095,0.0,0.9789083487786084,0.0210916512213915,snapshot_1156.xyz,64,4000,16.796962,4000,all,1156,7.714192809203915
0.0234468,0.0242118,0.0,0.9684038361460116,0.0315961638539884,snapshot_1157.xyz,64,4000,16.796962,4000,all,1157,7.702820786485759
0.0234806,0.0243354,0.0,0.9648742161624628,0.035125783837537,snapshot_1158.xyz,64,4000,16.796962,4000,all,1158,7.7029669772389235
0.0232891,0.0241893,0.0,0.9627851984141748,0.0372148015858251,snapshot_1159.xyz,64,4000,16.796962,4000,all,1159,7.712312713027538
0.0232665,0.0242006,0.0,0.9614017834268572,0.0385982165731427,snapshot_1160.xyz,64,4000,16.796962,4000,all,1160,7.707999407518324
0.0234355,0.0242343,0.0,0.967038453761817,0.032961546238183,snapshot_1161.xyz,64,4000,16.796962,4000,all,1161,7.7140634390448355
0.0234918,0.0242792,0.0,0.9675689479060264,0.0324310520939734,snapshot_1162.xyz,64,4000,16.796962,4000,all,1162,7.706414273312239
0.023458,0.0242455,0.0,0.9675197459322348,0.0324802540677651,snapshot_1163.xyz,64,4000,16.796962,4000,all,1163,7.707105002392456
0.0234017,0.0243467,0.0,0.9611857048388488,0.038814295161151,snapshot_1164.xyz,64,4000,16.796962,4000,all,1164,7.713214954321192
0.0235143,0.0241219,0.0,0.9748112710856108,0.0251887289143891,snapshot_1165.xyz,64,4000,16.796962,4000,all,1165,7.706748965922379
0.0234355,0.0241106,0.0,0.9719998672782926,0.0280001327217074,snapshot_1166.xyz,64,4000,16.796962,4000,all,1166,7.704469016808357
0.0234017,0.024268,0.0,0.9643027855612328,0.0356972144387671,snapshot_1167.xyz,64,4000,16.796962,4000,all,1167,7.715276414734873
0.0234468,0.0243579,0.0,0.9625952976241796,0.0374047023758205,snapshot_1168.xyz,64,4000,16.796962,4000,all,1168,7.703746089291771
0.023458,0.0240994,0.0,0.9733852295077886,0.0266147704922113,snapshot_1169.xyz,64,4000,16.796962,4000,all,1169,7.710442309804616
0.0233904,0.0242568,0.0,0.9642821806668646,0.0357178193331354,snapshot_1170.xyz,64,4000,16.796962,4000,all,1170,7.708494836850411
0.0235031,0.0242343,0.0,0.9698278885711572,0.0301721114288426,snapshot_1171.xyz,64,4000,16.796962,4000,all,1171,7.70132789378892
0.0234918,0.0241219,0.0,0.9738785087410196,0.0261214912589804,snapshot_1172.xyz,64,4000,16.796962,4000,all,1172,7.708770632495875
0.0234693,0.024313,0.0,0.965298400032904,0.0347015999670958,snapshot_1173.xyz,64,4000,16.796962,4000,all,1173,7.7068824470819255
0.0235031,0.0243467,0.0,0.9653505403196326,0.0346494596803673,snapshot_1174.xyz,64,4000,16.796962,4000,all,1174,7.706270304650948
0.0235369,0.024313,0.0,0.9680788055772632,0.0319211944227368,snapshot_1175.xyz,64,4000,16.796962,4000,all,1175,7.701873501111223
0.0233003,0.0241444,0.0,0.965039512267855,0.0349604877321449,snapshot_1176.xyz,64,4000,16.796962,4000,all,1176,7.711178434926559
0.0233567,0.0241219,0.0,0.9682777890630506,0.0317222109369493,snapshot_1177.xyz,64,4000,16.796962,4000,all,1177,7.703088084831822
0.023458,0.0241893,0.0,0.9697676245282004,0.0302323754717995,snapshot_1178.xyz,64,4000,16.796962,4000,all,1178,7.695684053764943
0.0235031,0.0242905,0.0,0.9675840349107676,0.0324159650892323,snapshot_1179.xyz,64,4000,16.796962,4000,all,1179,7.703322341515378
0.0232327,0.0242455,0.0,0.9582272999113236,0.0417727000886762,snapshot_1180.xyz,64,4000,16.796962,4000,all,1180,7.695911462570267
0.023458,0.024268,0.0,0.9666227130377452,0.0333772869622548,snapshot_1181.xyz,64,4000,16.796962,4000,all,1181,7.71295235274726
0.0233454,0.0241893,0.0,0.9651126737855168,0.0348873262144833,snapshot_1182.xyz,64,4000,16.796962,4000,all,1182,7.702981139789745
0.0235143,0.0242455,0.0,0.969841826318286,0.0301581736817141,snapshot_1183.xyz,64,4000,16.796962,4000,all,1183,7.708740500599084
0.0234355,0.0242343,0.0,0.967038453761817,0.032961546238183,snapshot_1184.xyz,64,4000,16.796962,4000,all,1184,7.707474602185169
0.0233003,0.0242568,0.0,0.9605677583193168,0.0394322416806832,snapshot_1185.xyz,64,4000,16.796962,4000,all,1185,7.711415874750297
0.023413,0.0241331,0.0,0.9701613137143592,0.0298386862856409,snapshot_1186.xyz,64,4000,16.796962,4000,all,1186,7.701617781237509
0.0232327,0.0242118,0.0,0.959561040484392,0.040438959515608,snapshot_1187.xyz,64,4000,16.796962,4000,all,1187,7.704223416528332
0.0234242,0.0241893,0.0,0.9683703124935404,0.0316296875064595,snapshot_1188.xyz,64,4000,16.796962,4000,all,1188,7.701836060321288
0.023458,0.0241893,0.0,0.9697676245282004,0.0302323754717995,snapshot_1189.xyz,64,4000,16.796962,4000,all,1189,7.71350549872386
0.0235031,0.0242455,0.0,0.9693798849270998,0.0306201150729001,snapshot_1190.xyz,64,4000,16.796962,4000,all,1190,7.708657092156159
0.0234918,0.0242231,0.0,0.9698098096445128,0.0301901903554872,snapshot_1191.xyz,64,4000,16.796962,4000,all,1191,7.7014151862038815
0.0233229,0.0240769,0.0,0.9686836760546416,0.0313163239453583,snapshot_1192.xyz,64,4000,16.796962,4000,all,1192,7.703111694984591
0.0233341,0.024313,0.0,0.959737588944186,0.0402624110558138,snapshot_1193.xyz,64,4000,16.796962,4000,all,1193,7.708742800424395
0.0234355,0.0242455,0.0,0.966591738673156,0.033408261326844,snapshot_1194.xyz,64,4000,16.796962,4000,all,1194,7.7077092959180105
0.0233341,0.0241669,0.0,0.9655396430655152,0.0344603569344847,snapshot_1195.xyz,64,4000,16.796962,4000,all,1195,7.705805239228406
0.0233792,0.0240994,0.0,0.9701154385586362,0.0298845614413637,snapshot_1196.xyz,64,4000,16.796962,4000,all,1196,7.699075123465967
0.0234468,0.0242905,0.0,0.9652662563553652,0.0347337436446346,snapshot_1197.xyz,64,4000,16.796962,4000,all,1197,7.708045353355959
0.0234355,0.024268,0.0,0.9656955661776826,0.0343044338223174,snapshot_1198.xyz,64,4000,16.796962,4000,all,1198,7.70811411904182
0.0234017,0.0242343,0.0,0.9656437363571468,0.0343562636428532,snapshot_1199.xyz,64,4000,16.796962,4000,all,1199,7.6940846509069205
0.0234355,0.0241669,0.0,0.9697354646231002,0.0302645353768997,snapshot_1200.xyz,64,4000,16.796962,4000,all,1200,7.705575926811816
0.0235256,0.0242231,0.0,0.9712051719226688,0.0287948280773311,snapshot_1201.xyz,64,4000,16.796962,4000,all,1201,7.708190857144528
