cid,cid_shuffled,cid_shuffled_std,cid_normalized,compression_gain,snapshot,nbins,n_particles_total,box_length,n_particles_filtered,atom_types,snapshot_num
0.0118622,0.0241556,0.0,0.4910745334415208,0.5089254665584793,snapshot_1.xyz,64,4000,16.796962,4000,all,1
0.0110608,0.0235256,0.0,0.4701601659468834,0.5298398340531165,snapshot_2.xyz,64,4000,16.796962,4000,all,2
0.0118151,0.0237395,0.0,0.4976979296109859,0.5023020703890141,snapshot_3.xyz,64,4000,16.796962,4000,all,3
0.0110608,0.0234355,0.0,0.4719677412472531,0.5280322587527468,snapshot_4.xyz,64,4000,16.796962,4000,all,4
0.0112851,0.0236044,0.0,0.4780930673942146,0.5219069326057855,snapshot_5.xyz,64,4000,16.796962,4000,all,5
0.0112497,0.0235931,0.0,0.476821613098745,0.523178386901255,snapshot_6.xyz,64,4000,16.796962,4000,all,6
0.0113323,0.0235143,0.0,0.48193227100105046,0.5180677289989495,snapshot_7.xyz,64,4000,16.796962,4000,all,7
0.0108363,0.0236607,0.0,0.4579872953885557,0.5420127046114442,snapshot_8.xyz,64,4000,16.796962,4000,all,8
0.0116975,0.0235031,0.0,0.49770030336423704,0.5022996966357629,snapshot_9.xyz,64,4000,16.796962,4000,all,9
0.0110136,0.0235481,0.0,0.467706524093239,0.532293475906761,snapshot_10.xyz,64,4000,16.796962,4000,all,10
0.0113676,0.0236832,0.0,0.4799858127280097,0.5200141872719903,snapshot_11.xyz,64,4000,16.796962,4000,all,11
0.0118269,0.0236945,0.0,0.4991411508999979,0.5008588491000021,snapshot_12.xyz,64,4000,16.796962,4000,all,12
0.0112143,0.0235481,0.0,0.47622950471587944,0.5237704952841206,snapshot_13.xyz,64,4000,16.796962,4000,all,13
0.0108245,0.0235031,0.0,0.4605562670456238,0.5394437329543762,snapshot_14.xyz,64,4000,16.796962,4000,all,14
0.0110845,0.0235031,0.0,0.47161863754143074,0.5283813624585693,snapshot_15.xyz,64,4000,16.796962,4000,all,15
0.0110963,0.0235706,0.0,0.47076866944413803,0.529231330555862,snapshot_16.xyz,64,4000,16.796962,4000,all,16
0.0113676,0.0235481,0.0,0.48273958408534023,0.5172604159146598,snapshot_17.xyz,64,4000,16.796962,4000,all,17
0.011403,0.023762,0.0,0.47988384816092927,0.5201161518390707,snapshot_18.xyz,64,4000,16.796962,4000,all,18
0.0114737,0.0236157,0.0,0.48585051469996654,0.5141494853000335,snapshot_19.xyz,64,4000,16.796962,4000,all,19
0.0116975,0.0237507,0.0,0.49251179965222075,0.5074882003477792,snapshot_20.xyz,64,4000,16.796962,4000,all,20
0.011568,0.0237282,0.0,0.4875211773332996,0.5124788226667004,snapshot_21.xyz,64,4000,16.796962,4000,all,21
0.0111199,0.0237395,0.0,0.4684134038206365,0.5315865961793635,snapshot_22.xyz,64,4000,16.796962,4000,all,22
0.0113087,0.0235594,0.0,0.480007979829707,0.519992020170293,snapshot_23.xyz,64,4000,16.796962,4000,all,23
0.0111199,0.0234918,0.0,0.47335240381750227,0.5266475961824977,snapshot_24.xyz,64,4000,16.796962,4000,all,24
0.011568,0.0235819,0.0,0.4905457151459382,0.5094542848540617,snapshot_25.xyz,64,4000,16.796962,4000,all,25
0.011049,0.0235143,0.0,0.46988428318087294,0.5301157168191271,snapshot_26.xyz,64,4000,16.796962,4000,all,26
0.0111671,0.0236044,0.0,0.4730939994238362,0.5269060005761639,snapshot_27.xyz,64,4000,16.796962,4000,all,27
0.0112733,0.0235481,0.0,0.478735014714563,0.521264985285437,snapshot_28.xyz,64,4000,16.796962,4000,all,28
0.0113205,0.0237395,0.0,0.4768634554223973,0.5231365445776027,snapshot_29.xyz,64,4000,16.796962,4000,all,29
0.0115091,0.0236269,0.0,0.48711849629024545,0.5128815037097545,snapshot_30.xyz,64,4000,16.796962,4000,all,30
0.0111671,0.0237282,0.0,0.4706256690351564,0.5293743309648435,snapshot_31.xyz,64,4000,16.796962,4000,all,31
0.0108245,0.0236719,0.0,0.4572721243330701,0.5427278756669299,snapshot_32.xyz,64,4000,16.796962,4000,all,32
0.0112261,0.0236719,0.0,0.4742373869440138,0.5257626130559863,snapshot_33.xyz,64,4000,16.796962,4000,all,33
0.0112143,0.0236832,0.0,0.4735128698824483,0.5264871301175518,snapshot_34.xyz,64,4000,16.796962,4000,all,34
0.0108127,0.0234017,0.0,0.4620476290184046,0.5379523709815954,snapshot_35.xyz,64,4000,16.796962,4000,all,35
0.0112261,0.0235819,0.0,0.4760473074688638,0.5239526925311362,snapshot_36.xyz,64,4000,16.796962,4000,all,36
0.0111671,0.0234918,0.0,0.47536161554244455,0.5246383844575555,snapshot_37.xyz,64,4000,16.796962,4000,all,37
0.0115444,0.0236269,0.0,0.48861255602724013,0.5113874439727599,snapshot_38.xyz,64,4000,16.796962,4000,all,38
0.0116739,0.0236607,0.0,0.4933877695926156,0.5066122304073843,snapshot_39.xyz,64,4000,16.796962,4000,all,39
0.0113794,0.0236832,0.0,0.4804840562086204,0.5195159437913797,snapshot_40.xyz,64,4000,16.796962,4000,all,40
0.0112615,0.0236607,0.0,0.4759580232199386,0.5240419767800615,snapshot_41.xyz,64,4000,16.796962,4000,all,41
0.0110963,0.0234242,0.0,0.4737109485062457,0.5262890514937544,snapshot_42.xyz,64,4000,16.796962,4000,all,42
0.0112497,0.0236832,0.0,0.47500760032428047,0.5249923996757195,snapshot_43.xyz,64,4000,16.796962,4000,all,43
0.01086,0.0235256,0.0,0.4616247832148808,0.5383752167851192,snapshot_44.xyz,64,4000,16.796962,4000,all,44
0.0114855,0.0235819,0.0,0.48704726930400005,0.512952730696,snapshot_45.xyz,64,4000,16.796962,4000,all,45
0.0110845,0.0236607,0.0,0.46847726398627265,0.5315227360137273,snapshot_46.xyz,64,4000,16.796962,4000,all,46
0.0112851,0.0236269,0.0,0.4776377772792876,0.5223622227207124,snapshot_47.xyz,64,4000,16.796962,4000,all,47
0.0114737,0.0236719,0.0,0.484697045864506,0.515302954135494,snapshot_48.xyz,64,4000,16.796962,4000,all,48
0.0113205,0.023717,0.0,0.47731584939073246,0.5226841506092675,snapshot_49.xyz,64,4000,16.796962,4000,all,49
0.0109191,0.0235256,0.0,0.4641369401843098,0.5358630598156902,snapshot_50.xyz,64,4000,16.796962,4000,all,50
0.0112733,0.0235031,0.0,0.47965162042453974,0.5203483795754602,snapshot_51.xyz,64,4000,16.796962,4000,all,51
0.0113912,0.0236382,0.0,0.4818979448519769,0.5181020551480231,snapshot_52.xyz,64,4000,16.796962,4000,all,52
0.0110018,0.023762,0.0,0.4629997474960021,0.5370002525039979,snapshot_53.xyz,64,4000,16.796962,4000,all,53
0.0113676,0.0235931,0.0,0.4818188368633202,0.5181811631366797,snapshot_54.xyz,64,4000,16.796962,4000,all,54
0.0108836,0.023458,0.0,0.46396112200528605,0.536038877994714,snapshot_55.xyz,64,4000,16.796962,4000,all,55
0.0113794,0.0236269,0.0,0.48162899068434706,0.5183710093156529,snapshot_56.xyz,64,4000,16.796962,4000,all,56
0.01099,0.0235931,0.0,0.4658141575291081,0.5341858424708918,snapshot_57.xyz,64,4000,16.796962,4000,all,57
0.011403,0.0236269,0.0,0.482627852151573,0.517372147848427,snapshot_58.xyz,64,4000,16.796962,4000,all,58
0.011403,0.0236382,0.0,0.48239713683783025,0.5176028631621697,snapshot_59.xyz,64,4000,16.796962,4000,all,59
0.0111789,0.0236832,0.0,0.4720181394406161,0.5279818605593839,snapshot_60.xyz,64,4000,16.796962,4000,all,60
0.0113794,0.0234468,0.0,0.48532848832250025,0.5146715116774998,snapshot_61.xyz,64,4000,16.796962,4000,all,61
0.0110254,0.0234918,0.0,0.4693297235631156,0.5306702764368845,snapshot_62.xyz,64,4000,16.796962,4000,all,62
0.0113559,0.0235706,0.0,0.4817823899264338,0.5182176100735663,snapshot_63.xyz,64,4000,16.796962,4000,all,63
0.0107653,0.023413,0.0,0.459800111049417,0.540199888950583,snapshot_64.xyz,64,4000,16.796962,4000,all,64
0.0113441,0.0236044,0.0,0.4805926013794038,0.5194073986205963,snapshot_65.xyz,64,4000,16.796962,4000,all,65
0.0115091,0.0236945,0.0,0.4857287556183924,0.5142712443816075,snapshot_66.xyz,64,4000,16.796962,4000,all,66
0.0110608,0.0236719,0.0,0.46725442402173045,0.5327455759782695,snapshot_67.xyz,64,4000,16.796962,4000,all,67
0.0112143,0.0236945,0.0,0.4732870497372808,0.5267129502627192,snapshot_68.xyz,64,4000,16.796962,4000,all,68
0.0112851,0.023762,0.0,0.4749221446006228,0.5250778553993771,snapshot_69.xyz,64,4000,16.796962,4000,all,69
0.01099,0.0235931,0.0,0.4658141575291081,0.5341858424708918,snapshot_70.xyz,64,4000,16.796962,4000,all,70
0.0113323,0.0235481,0.0,0.4812405247132465,0.5187594752867535,snapshot_71.xyz,64,4000,16.796962,4000,all,71
0.0116504,0.0234693,0.0,0.49641020396858876,0.5035897960314113,snapshot_72.xyz,64,4000,16.796962,4000,all,72
0.0110963,0.0234918,0.0,0.4723477979550311,0.5276522020449689,snapshot_73.xyz,64,4000,16.796962,4000,all,73
0.011403,0.0236945,0.0,0.48125092321002766,0.5187490767899723,snapshot_74.xyz,64,4000,16.796962,4000,all,74
0.0111671,0.0235143,0.0,0.47490675886588163,0.5250932411341184,snapshot_75.xyz,64,4000,16.796962,4000,all,75
0.0111907,0.0236494,0.0,0.47319170888056356,0.5268082911194365,snapshot_76.xyz,64,4000,16.796962,4000,all,76
0.0111671,0.0236945,0.0,0.4712950262719196,0.5287049737280805,snapshot_77.xyz,64,4000,16.796962,4000,all,77
0.0113323,0.0238407,0.0,0.47533419740192195,0.524665802598078,snapshot_78.xyz,64,4000,16.796962,4000,all,78
0.0111435,0.0236607,0.0,0.4709708503974946,0.5290291496025055,snapshot_79.xyz,64,4000,16.796962,4000,all,79
0.0109663,0.0235706,0.0,0.46525332405623954,0.5347466759437605,snapshot_80.xyz,64,4000,16.796962,4000,all,80
0.0112143,0.0234918,0.0,0.4773708272673869,0.5226291727326131,snapshot_81.xyz,64,4000,16.796962,4000,all,81
0.0115915,0.023762,0.0,0.48781668209746654,0.5121833179025335,snapshot_82.xyz,64,4000,16.796962,4000,all,82
0.0111081,0.0236607,0.0,0.46947469855076135,0.5305253014492386,snapshot_83.xyz,64,4000,16.796962,4000,all,83
0.0117798,0.0235594,0.0,0.5000042445902697,0.4999957554097303,snapshot_84.xyz,64,4000,16.796962,4000,all,84
0.0113559,0.0235481,0.0,0.48224272871271995,0.51775727128728,snapshot_85.xyz,64,4000,16.796962,4000,all,85
0.0112379,0.0237845,0.0,0.4724883852929429,0.5275116147070571,snapshot_86.xyz,64,4000,16.796962,4000,all,86
0.0111317,0.0236832,0.0,0.4700251655181732,0.5299748344818268,snapshot_87.xyz,64,4000,16.796962,4000,all,87
0.0114502,0.0234918,0.0,0.4874126290875965,0.5125873709124035,snapshot_88.xyz,64,4000,16.796962,4000,all,88
0.0113087,0.0236832,0.0,0.4774988177273341,0.522501182272666,snapshot_89.xyz,64,4000,16.796962,4000,all,89
0.01086,0.0235706,0.0,0.4607434685582887,0.5392565314417113,snapshot_90.xyz,64,4000,16.796962,4000,all,90
0.011049,0.0235143,0.0,0.46988428318087294,0.5301157168191271,snapshot_91.xyz,64,4000,16.796962,4000,all,91
0.0111789,0.0237282,0.0,0.4711229676081624,0.5288770323918376,snapshot_92.xyz,64,4000,16.796962,4000,all,92
0.0116151,0.0236157,0.0,0.4918380568858852,0.5081619431141148,snapshot_93.xyz,64,4000,16.796962,4000,all,93
0.0116268,0.0237732,0.0,0.4890717278279743,0.5109282721720256,snapshot_94.xyz,64,4000,16.796962,4000,all,94
0.0113676,0.0236607,0.0,0.480442252342492,0.519557747657508,snapshot_95.xyz,64,4000,16.796962,4000,all,95
0.0113087,0.0236945,0.0,0.4772710966680031,0.5227289033319968,snapshot_96.xyz,64,4000,16.796962,4000,all,96
0.011403,0.0237395,0.0,0.480338676046252,0.519661323953748,snapshot_97.xyz,64,4000,16.796962,4000,all,97
0.0111671,0.0237282,0.0,0.4706256690351564,0.5293743309648435,snapshot_98.xyz,64,4000,16.796962,4000,all,98
0.0112969,0.0235256,0.0,0.4801960417587649,0.519803958241235,snapshot_99.xyz,64,4000,16.796962,4000,all,99
0.0110372,0.0235481,0.0,0.4687087280927124,0.5312912719072875,snapshot_100.xyz,64,4000,16.796962,4000,all,100
0.0113087,0.0234918,0.0,0.48138925071727157,0.5186107492827284,snapshot_101.xyz,64,4000,16.796962,4000,all,101
0.0116975,0.0235819,0.0,0.4960372149826774,0.5039627850173226,snapshot_102.xyz,64,4000,16.796962,4000,all,102
0.0120972,0.0235931,0.0,0.5127431325260352,0.4872568674739648,snapshot_103.xyz,64,4000,16.796962,4000,all,103
0.0121794,0.0235256,0.0,0.5177083687557384,0.48229163124426155,snapshot_104.xyz,64,4000,16.796962,4000,all,104
0.0123085,0.0235931,0.0,0.521699140850503,0.47830085914949705,snapshot_105.xyz,64,4000,16.796962,4000,all,105
0.012625,0.0235143,0.0,0.5369073287318781,0.4630926712681219,snapshot_106.xyz,64,4000,16.796962,4000,all,106
0.0130229,0.0236832,0.0,0.5498792392919876,0.45012076070801244,snapshot_107.xyz,64,4000,16.796962,4000,all,107
0.0126016,0.0235256,0.0,0.5356547760737239,0.4643452239262761,snapshot_108.xyz,64,4000,16.796962,4000,all,108
0.0128475,0.0236269,0.0,0.5437657923807185,0.45623420761928146,snapshot_109.xyz,64,4000,16.796962,4000,all,109
0.0128943,0.023717,0.0,0.5436733145001476,0.45632668549985245,snapshot_110.xyz,64,4000,16.796962,4000,all,110
0.0136067,0.0235594,0.0,0.5775486642274421,0.4224513357725579,snapshot_111.xyz,64,4000,16.796962,4000,all,111
0.0135717,0.0237395,0.0,0.5716927483729649,0.4283072516270351,snapshot_112.xyz,64,4000,16.796962,4000,all,112
0.01335,0.0234806,0.0,0.5685544662402153,0.43144553375978467,snapshot_113.xyz,64,4000,16.796962,4000,all,113
0.0134084,0.0233904,0.0,0.5732437239209248,0.4267562760790752,snapshot_114.xyz,64,4000,16.796962,4000,all,114
0.0139678,0.0243467,0.0,0.5737040338115639,0.4262959661884361,snapshot_115.xyz,64,4000,16.796962,4000,all,115
0.0140027,0.0241219,0.0,0.5804973903382403,0.4195026096617597,snapshot_116.xyz,64,4000,16.796962,4000,all,116
0.0142703,0.0238632,0.0,0.5980044587481981,0.4019955412518019,snapshot_117.xyz,64,4000,16.796962,4000,all,117
0.0143632,0.0243691,0.0,0.5894021527261983,0.41059784727380166,snapshot_118.xyz,64,4000,16.796962,4000,all,118
0.0145607,0.023942,0.0,0.6081655667864004,0.39183443321359956,snapshot_119.xyz,64,4000,16.796962,4000,all,119
0.0143981,0.0241781,0.0,0.5955017143613435,0.40449828563865653,snapshot_120.xyz,64,4000,16.796962,4000,all,120
0.0144097,0.0237845,0.0,0.6058441421934453,0.3941558578065547,snapshot_121.xyz,64,4000,16.796962,4000,all,121
0.0145259,0.0239982,0.0,0.6052912301755965,0.3947087698244035,snapshot_122.xyz,64,4000,16.796962,4000,all,122
0.014642,0.0240207,0.0,0.6095575899120342,0.39044241008796576,snapshot_123.xyz,64,4000,16.796962,4000,all,123
0.0145955,0.0242006,0.0,0.603104881697148,0.39689511830285196,snapshot_124.xyz,64,4000,16.796962,4000,all,124
0.0150246,0.0241556,0.0,0.6219924158373215,0.37800758416267854,snapshot_125.xyz,64,4000,16.796962,4000,all,125
0.0150942,0.0240319,0.0,0.6280901634910265,0.37190983650897347,snapshot_126.xyz,64,4000,16.796962,4000,all,126
0.0151752,0.0242905,0.0,0.6247380663222247,0.3752619336777753,snapshot_127.xyz,64,4000,16.796962,4000,all,127
0.0150015,0.023807,0.0,0.6301297937581384,0.3698702062418616,snapshot_128.xyz,64,4000,16.796962,4000,all,128
0.0151289,0.0238182,0.0,0.635182339555466,0.364817660444534,snapshot_129.xyz,64,4000,16.796962,4000,all,129
0.0149319,0.0236719,0.0,0.6307858684769706,0.3692141315230294,snapshot_130.xyz,64,4000,16.796962,4000,all,130
0.0155339,0.0241669,0.0,0.6427758628537379,0.3572241371462621,snapshot_131.xyz,64,4000,16.796962,4000,all,131
0.0155571,0.0241669,0.0,0.643735853584862,0.35626414641513804,snapshot_132.xyz,64,4000,16.796962,4000,all,132
0.015291,0.0239645,0.0,0.6380688101149617,0.36193118988503825,snapshot_133.xyz,64,4000,16.796962,4000,all,133
0.0153141,0.0236269,0.0,0.6481637455612036,0.3518362544387964,snapshot_134.xyz,64,4000,16.796962,4000,all,134
0.0155224,0.0241781,0.0,0.6420024733126258,0.35799752668737417,snapshot_135.xyz,64,4000,16.796962,4000,all,135
0.0156842,0.0240769,0.0,0.6514210716495894,0.3485789283504106,snapshot_136.xyz,64,4000,16.796962,4000,all,136
0.0159152,0.0242118,0.0,0.657332375122874,0.342667624877126,snapshot_137.xyz,64,4000,16.796962,4000,all,137
0.0159152,0.0238632,0.0,0.6669348620470013,0.33306513795299875,snapshot_138.xyz,64,4000,16.796962,4000,all,138
0.015869,0.0240657,0.0,0.6594032170267228,0.3405967829732772,snapshot_139.xyz,64,4000,16.796962,4000,all,139
0.0161575,0.0239307,0.0,0.6751787452937024,0.32482125470629764,snapshot_140.xyz,64,4000,16.796962,4000,all,140
0.015869,0.0241331,0.0,0.657561606258624,0.34243839374137597,snapshot_141.xyz,64,4000,16.796962,4000,all,141
0.0162498,0.0241444,0.0,0.6730256291313927,0.32697437086860726,snapshot_142.xyz,64,4000,16.796962,4000,all,142
0.0158459,0.0242343,0.0,0.6538625006705372,0.3461374993294628,snapshot_143.xyz,64,4000,16.796962,4000,all,143
0.0162383,0.0241106,0.0,0.6734921569765996,0.3265078430234004,snapshot_144.xyz,64,4000,16.796962,4000,all,144
0.0161229,0.0238745,0.0,0.6753188548451277,0.32468114515487234,snapshot_145.xyz,64,4000,16.796962,4000,all,145
0.0163651,0.0239307,0.0,0.6838537944982805,0.31614620550171946,snapshot_146.xyz,64,4000,16.796962,4000,all,146
0.0164918,0.0239307,0.0,0.6891482489020381,0.3108517510979619,snapshot_147.xyz,64,4000,16.796962,4000,all,147
0.0167566,0.0239307,0.0,0.7002135332439084,0.29978646675609155,snapshot_148.xyz,64,4000,16.796962,4000,all,148
0.0165379,0.0241219,0.0,0.6855969057163822,0.3144030942836178,snapshot_149.xyz,64,4000,16.796962,4000,all,149
0.0163766,0.0242006,0.0,0.6767022305232102,0.3232977694767898,snapshot_150.xyz,64,4000,16.796962,4000,all,150
0.0163881,0.0237507,0.0,0.690004926170597,0.30999507382940295,snapshot_151.xyz,64,4000,16.796962,4000,all,151
0.016653,0.0238632,0.0,0.6978527607361963,0.3021472392638037,snapshot_152.xyz,64,4000,16.796962,4000,all,152
0.0170786,0.0242568,0.0,0.7040747336829261,0.29592526631707394,snapshot_153.xyz,64,4000,16.796962,4000,all,153
0.0169407,0.024268,0.0,0.6980674138783582,0.30193258612164176,snapshot_154.xyz,64,4000,16.796962,4000,all,154
0.0169637,0.0240769,0.0,0.7045632951085897,0.2954367048914103,snapshot_155.xyz,64,4000,16.796962,4000,all,155
0.0167911,0.0240319,0.0,0.698700477282279,0.301299522717721,snapshot_156.xyz,64,4000,16.796962,4000,all,156
0.0169062,0.023897,0.0,0.7074611875967695,0.29253881240323054,snapshot_157.xyz,64,4000,16.796962,4000,all,157
0.0167451,0.0239532,0.0,0.69907569761034,0.30092430238965995,snapshot_158.xyz,64,4000,16.796962,4000,all,158
0.0171706,0.0243017,0.0,0.7065596234008321,0.2934403765991679,snapshot_159.xyz,64,4000,16.796962,4000,all,159
0.0170327,0.0241106,0.0,0.7064403208547279,0.29355967914527215,snapshot_160.xyz,64,4000,16.796962,4000,all,160
0.0170212,0.0239195,0.0,0.7116035034177136,0.2883964965822864,snapshot_161.xyz,64,4000,16.796962,4000,all,161
0.0173544,0.0240769,0.0,0.7207904672113105,0.27920953278868954,snapshot_162.xyz,64,4000,16.796962,4000,all,162
0.017228,0.0239195,0.0,0.7202491690879826,0.27975083091201736,snapshot_163.xyz,64,4000,16.796962,4000,all,163
0.0176527,0.0242343,0.0,0.7284179860775842,0.27158201392241577,snapshot_164.xyz,64,4000,16.796962,4000,all,164
0.0173658,0.0240882,0.0,0.7209255984257853,0.2790744015742147,snapshot_165.xyz,64,4000,16.796962,4000,all,165
0.017538,0.0240994,0.0,0.7277359602313751,0.2722640397686249,snapshot_166.xyz,64,4000,16.796962,4000,all,166
0.0176183,0.0241669,0.0,0.7290260645759282,0.2709739354240718,snapshot_167.xyz,64,4000,16.796962,4000,all,167
0.0178018,0.0240095,0.0,0.7414481767633645,0.2585518232366355,snapshot_168.xyz,64,4000,16.796962,4000,all,168
0.0177101,0.0240769,0.0,0.7355639637993263,0.2644360362006737,snapshot_169.xyz,64,4000,16.796962,4000,all,169
0.0175495,0.0241669,0.0,0.7261791955112157,0.2738208044887843,snapshot_170.xyz,64,4000,16.796962,4000,all,170
0.0175724,0.0240882,0.0,0.729502411969346,0.27049758803065405,snapshot_171.xyz,64,4000,16.796962,4000,all,171
0.0177559,0.0242905,0.0,0.7309812478129311,0.26901875218706894,snapshot_172.xyz,64,4000,16.796962,4000,all,172
0.0176068,0.0240432,0.0,0.7322985293139016,0.2677014706860984,snapshot_173.xyz,64,4000,16.796962,4000,all,173
0.0176871,0.0239982,0.0,0.737017776333225,0.26298222366677504,snapshot_174.xyz,64,4000,16.796962,4000,all,174
0.0180081,0.0241556,0.0,0.7455041481064432,0.25449585189355683,snapshot_175.xyz,64,4000,16.796962,4000,all,175
0.0179393,0.0241669,0.0,0.7423086949505314,0.2576913050494686,snapshot_176.xyz,64,4000,16.796962,4000,all,176
0.0180882,0.0240095,0.0,0.7533767883546096,0.24662321164539036,snapshot_177.xyz,64,4000,16.796962,4000,all,177
0.0180997,0.0240319,0.0,0.753153100670359,0.246846899329641,snapshot_178.xyz,64,4000,16.796962,4000,all,178
0.0179049,0.0240769,0.0,0.7436547063783129,0.2563452936216871,snapshot_179.xyz,64,4000,16.796962,4000,all,179
0.0178018,0.0241669,0.0,0.7366190947121889,0.2633809052878111,snapshot_180.xyz,64,4000,16.796962,4000,all,180
0.0179164,0.0243354,0.0,0.7362278820155,0.26377211798449995,snapshot_181.xyz,64,4000,16.796962,4000,all,181
0.0181798,0.0241444,0.0,0.752961349215553,0.24703865078444698,snapshot_182.xyz,64,4000,16.796962,4000,all,182
0.0180539,0.0241444,0.0,0.7477468895478869,0.25225311045211307,snapshot_183.xyz,64,4000,16.796962,4000,all,183
0.0179737,0.0239757,0.0,0.7496632006573322,0.25033679934266784,snapshot_184.xyz,64,4000,16.796962,4000,all,184
0.0181913,0.0242568,0.0,0.7499464067807791,0.25005359321922094,snapshot_185.xyz,64,4000,16.796962,4000,all,185
0.0182027,0.0241781,0.0,0.7528589922285043,0.24714100777149572,snapshot_186.xyz,64,4000,16.796962,4000,all,186
0.0183629,0.0241556,0.0,0.7601922535561113,0.2398077464438887,snapshot_187.xyz,64,4000,16.796962,4000,all,187
0.0182828,0.0241556,0.0,0.7568762522976038,0.2431237477023962,snapshot_188.xyz,64,4000,16.796962,4000,all,188
0.0182371,0.0240207,0.0,0.7592243356771451,0.2407756643228549,snapshot_189.xyz,64,4000,16.796962,4000,all,189
0.0180768,0.0239532,0.0,0.7546716096387956,0.24532839036120435,snapshot_190.xyz,64,4000,16.796962,4000,all,190
0.018706,0.0242118,0.0,0.7725984850362221,0.22740151496377792,snapshot_191.xyz,64,4000,16.796962,4000,all,191
0.0184087,0.0237732,0.0,0.7743467433917184,0.22565325660828162,snapshot_192.xyz,64,4000,16.796962,4000,all,192
0.0185688,0.0240657,0.0,0.7715877784564754,0.22841222154352459,snapshot_193.xyz,64,4000,16.796962,4000,all,193
0.0184087,0.0243691,0.0,0.755411566286814,0.24458843371318595,snapshot_194.xyz,64,4000,16.796962,4000,all,194
0.0187517,0.0241556,0.0,0.7762879001142592,0.2237120998857408,snapshot_195.xyz,64,4000,16.796962,4000,all,195
0.0185917,0.0241444,0.0,0.7700212057454316,0.22997879425456835,snapshot_196.xyz,64,4000,16.796962,4000,all,196
0.0187402,0.0240544,0.0,0.779075761607024,0.22092423839297604,snapshot_197.xyz,64,4000,16.796962,4000,all,197
0.0185917,0.0241556,0.0,0.7696641772508238,0.2303358227491762,snapshot_198.xyz,64,4000,16.796962,4000,all,198
0.0184545,0.0240882,0.0,0.7661220016439584,0.23387799835604162,snapshot_199.xyz,64,4000,16.796962,4000,all,199
0.018626,0.0241781,0.0,0.7703665714013922,0.2296334285986078,snapshot_200.xyz,64,4000,16.796962,4000,all,200
0.0185116,0.0242006,0.0,0.7649231837227176,0.23507681627728239,snapshot_201.xyz,64,4000,16.796962,4000,all,201
0.0190714,0.0241331,0.0,0.7902590218413713,0.2097409781586287,snapshot_202.xyz,64,4000,16.796962,4000,all,202
0.0189573,0.0240207,0.0,0.7892068091271279,0.21079319087287207,snapshot_203.xyz,64,4000,16.796962,4000,all,203
0.0190486,0.0241106,0.0,0.7900508490041724,0.20994915099582756,snapshot_204.xyz,64,4000,16.796962,4000,all,204
0.0190486,0.0243467,0.0,0.7823893997954549,0.21761060020454515,snapshot_205.xyz,64,4000,16.796962,4000,all,205
0.0186831,0.0240657,0.0,0.7763372767050201,0.22366272329497994,snapshot_206.xyz,64,4000,16.796962,4000,all,206
0.0188659,0.0241331,0.0,0.781743746141192,0.21825625385880798,snapshot_207.xyz,64,4000,16.796962,4000,all,207
0.0189801,0.0240882,0.0,0.7879418138341594,0.2120581861658406,snapshot_208.xyz,64,4000,16.796962,4000,all,208
0.0189687,0.0240207,0.0,0.7896813997926789,0.21031860020732107,snapshot_209.xyz,64,4000,16.796962,4000,all,209
0.0191171,0.0241669,0.0,0.791044776119403,0.20895522388059695,snapshot_210.xyz,64,4000,16.796962,4000,all,210
0.0189344,0.0241444,0.0,0.7842149732443134,0.21578502675568656,snapshot_211.xyz,64,4000,16.796962,4000,all,211
0.0189573,0.0242118,0.0,0.7829777216068199,0.2170222783931801,snapshot_212.xyz,64,4000,16.796962,4000,all,212
0.0191969,0.0240544,0.0,0.7980618930424371,0.20193810695756287,snapshot_213.xyz,64,4000,16.796962,4000,all,213
0.0191399,0.0242006,0.0,0.7908853499500014,0.20911465004999863,snapshot_214.xyz,64,4000,16.796962,4000,all,214
0.0190942,0.0240095,0.0,0.7952768695724609,0.2047231304275391,snapshot_215.xyz,64,4000,16.796962,4000,all,215
0.019254,0.0240769,0.0,0.7996876674322692,0.20031233256773084,snapshot_216.xyz,64,4000,16.796962,4000,all,216
0.0190258,0.0240994,0.0,0.7894719370606736,0.21052806293932635,snapshot_217.xyz,64,4000,16.796962,4000,all,217
0.0191969,0.0240769,0.0,0.7973160996639933,0.2026839003360067,snapshot_218.xyz,64,4000,16.796962,4000,all,218
0.0197668,0.0242792,0.0,0.8141454413654486,0.18585455863455136,snapshot_219.xyz,64,4000,16.796962,4000,all,219
0.0193794,0.0240095,0.0,0.8071555009475416,0.19284449905245837,snapshot_220.xyz,64,4000,16.796962,4000,all,220
0.0191969,0.0240882,0.0,0.7969420712215939,0.20305792877840612,snapshot_221.xyz,64,4000,16.796962,4000,all,221
0.019254,0.0239532,0.0,0.8038174440158309,0.19618255598416912,snapshot_222.xyz,64,4000,16.796962,4000,all,222
0.0195618,0.0242231,0.0,0.8075679826281524,0.19243201737184756,snapshot_223.xyz,64,4000,16.796962,4000,all,223
0.0194706,0.0240882,0.0,0.8083044810322066,0.19169551896779335,snapshot_224.xyz,64,4000,16.796962,4000,all,224
0.0195504,0.0241444,0.0,0.8097281357167707,0.1902718642832293,snapshot_225.xyz,64,4000,16.796962,4000,all,225
0.0196757,0.0242568,0.0,0.8111416180205139,0.18885838197948612,snapshot_226.xyz,64,4000,16.796962,4000,all,226
0.0196187,0.0242455,0.0,0.8091687117197005,0.1908312882802995,snapshot_227.xyz,64,4000,16.796962,4000,all,227
0.0196415,0.024268,0.0,0.8093580023075655,0.1906419976924345,snapshot_228.xyz,64,4000,16.796962,4000,all,228
0.0194934,0.023987,0.0,0.8126651936465585,0.18733480635344146,snapshot_229.xyz,64,4000,16.796962,4000,all,229
0.019801,0.0242343,0.0,0.8170650689312255,0.18293493106877445,snapshot_230.xyz,64,4000,16.796962,4000,all,230
0.0196529,0.0241106,0.0,0.815114513948222,0.18488548605177801,snapshot_231.xyz,64,4000,16.796962,4000,all,231
0.0194022,0.0241331,0.0,0.8039663366911006,0.19603366330889938,snapshot_232.xyz,64,4000,16.796962,4000,all,232
0.0195504,0.0242006,0.0,0.8078477393122484,0.1921522606877516,snapshot_233.xyz,64,4000,16.796962,4000,all,233
0.0195618,0.0243579,0.0,0.8030987893044967,0.19690121069550326,snapshot_234.xyz,64,4000,16.796962,4000,all,234
0.0197327,0.0241781,0.0,0.8161393988774965,0.18386060112250346,snapshot_235.xyz,64,4000,16.796962,4000,all,235
0.0197554,0.0239757,0.0,0.8239759423082538,0.17602405769174623,snapshot_236.xyz,64,4000,16.796962,4000,all,236
0.0198237,0.0239195,0.0,0.8287673237316834,0.17123267626831662,snapshot_237.xyz,64,4000,16.796962,4000,all,237
0.0199034,0.0240994,0.0,0.8258877814385421,0.17411221856145787,snapshot_238.xyz,64,4000,16.796962,4000,all,238
0.0198124,0.0241781,0.0,0.8194357703872512,0.18056422961274876,snapshot_239.xyz,64,4000,16.796962,4000,all,239
0.0195276,0.0240657,0.0,0.8114287138957105,0.18857128610428953,snapshot_240.xyz,64,4000,16.796962,4000,all,240
0.0196643,0.0240769,0.0,0.8167288978232248,0.18327110217677522,snapshot_241.xyz,64,4000,16.796962,4000,all,241
0.0197327,0.0240994,0.0,0.8188046175423455,0.18119538245765454,snapshot_242.xyz,64,4000,16.796962,4000,all,242
0.0200741,0.0242118,0.0,0.8291039906161459,0.17089600938385408,snapshot_243.xyz,64,4000,16.796962,4000,all,243
0.0198351,0.0239757,0.0,0.8273001413931607,0.17269985860683934,snapshot_244.xyz,64,4000,16.796962,4000,all,244
0.0196529,0.0240432,0.0,0.8173995142077594,0.18260048579224064,snapshot_245.xyz,64,4000,16.796962,4000,all,245
0.0201082,0.0241219,0.0,0.8336076345561502,0.16639236544384983,snapshot_246.xyz,64,4000,16.796962,4000,all,246
0.0199148,0.0239307,0.0,0.8321862711913985,0.16781372880860146,snapshot_247.xyz,64,4000,16.796962,4000,all,247
0.0199945,0.0241444,0.0,0.8281216348304368,0.17187836516956323,snapshot_248.xyz,64,4000,16.796962,4000,all,248
0.0197327,0.0240544,0.0,0.820336404150592,0.17966359584940805,snapshot_249.xyz,64,4000,16.796962,4000,all,249
0.0199148,0.0240994,0.0,0.8263608222611352,0.17363917773886484,snapshot_250.xyz,64,4000,16.796962,4000,all,250
0.0200172,0.0241106,0.0,0.8302240508324139,0.1697759491675861,snapshot_251.xyz,64,4000,16.796962,4000,all,251
0.0196301,0.0241669,0.0,0.8122721573722737,0.18772784262772635,snapshot_252.xyz,64,4000,16.796962,4000,all,252
0.0198351,0.0241444,0.0,0.8215196898659731,0.17848031013402688,snapshot_253.xyz,64,4000,16.796962,4000,all,253
0.0199034,0.0239757,0.0,0.8301488590531247,0.16985114094687526,snapshot_254.xyz,64,4000,16.796962,4000,all,254
0.0204947,0.0241219,0.0,0.8496304188310208,0.15036958116897925,snapshot_255.xyz,64,4000,16.796962,4000,all,255
0.0202788,0.0242231,0.0,0.8371678274044198,0.16283217259558025,snapshot_256.xyz,64,4000,16.796962,4000,all,256
0.020222,0.0241106,0.0,0.838718240110159,0.16128175988984095,snapshot_257.xyz,64,4000,16.796962,4000,all,257
0.0202106,0.0242792,0.0,0.8324244620910078,0.16757553790899216,snapshot_258.xyz,64,4000,16.796962,4000,all,258
0.0199262,0.0239757,0.0,0.8310998219030102,0.16890017809698976,snapshot_259.xyz,64,4000,16.796962,4000,all,259
0.0204266,0.0240657,0.0,0.8487847849844384,0.15121521501556157,snapshot_260.xyz,64,4000,16.796962,4000,all,260
0.0203243,0.0241219,0.0,0.8425662986746483,0.15743370132535173,snapshot_261.xyz,64,4000,16.796962,4000,all,261
0.0201424,0.0241331,0.0,0.8346379039576349,0.16536209604236507,snapshot_262.xyz,64,4000,16.796962,4000,all,262
0.0203697,0.0240657,0.0,0.8464204240890563,0.15357957591094373,snapshot_263.xyz,64,4000,16.796962,4000,all,263
0.0200059,0.0239757,0.0,0.834424020987917,0.16557597901208299,snapshot_264.xyz,64,4000,16.796962,4000,all,264
0.0202902,0.0242343,0.0,0.8372513338532576,0.16274866614674244,snapshot_265.xyz,64,4000,16.796962,4000,all,265
0.020131,0.0240994,0.0,0.8353319999668042,0.16466800003319582,snapshot_266.xyz,64,4000,16.796962,4000,all,266
0.0203697,0.0241893,0.0,0.8420954719648771,0.1579045280351229,snapshot_267.xyz,64,4000,16.796962,4000,all,267
0.0203584,0.0239195,0.0,0.8511214699303915,0.1488785300696085,snapshot_268.xyz,64,4000,16.796962,4000,all,268
0.0203925,0.0240769,0.0,0.8469736552463151,0.15302634475368493,snapshot_269.xyz,64,4000,16.796962,4000,all,269
0.0203015,0.0241669,0.0,0.8400539580997148,0.15994604190028516,snapshot_270.xyz,64,4000,16.796962,4000,all,270
0.020597,0.0241781,0.0,0.851886624672741,0.148113375327259,snapshot_271.xyz,64,4000,16.796962,4000,all,271
0.0205856,0.0240657,0.0,0.8553916985585294,0.14460830144147063,snapshot_272.xyz,64,4000,16.796962,4000,all,272
0.0207673,0.0242568,0.0,0.8561434319448568,0.14385656805514324,snapshot_273.xyz,64,4000,16.796962,4000,all,273
0.0203811,0.0240544,0.0,0.847291971531196,0.15270802846880405,snapshot_274.xyz,64,4000,16.796962,4000,all,274
0.0207219,0.0240994,0.0,0.8598512826045462,0.14014871739545376,snapshot_275.xyz,64,4000,16.796962,4000,all,275
0.0204152,0.0241893,0.0,0.8439764689346116,0.15602353106538835,snapshot_276.xyz,64,4000,16.796962,4000,all,276
0.0203129,0.0240657,0.0,0.8440602184852299,0.15593978151477006,snapshot_277.xyz,64,4000,16.796962,4000,all,277
0.0206992,0.0241106,0.0,0.8585103647358424,0.1414896352641576,snapshot_278.xyz,64,4000,16.796962,4000,all,278
0.0205061,0.0240882,0.0,0.8512923340058618,0.1487076659941382,snapshot_279.xyz,64,4000,16.796962,4000,all,279
0.0204607,0.0242568,0.0,0.8435036773193496,0.1564963226806504,snapshot_280.xyz,64,4000,16.796962,4000,all,280
0.0207332,0.024313,0.0,0.8527618969275695,0.14723810307243046,snapshot_281.xyz,64,4000,16.796962,4000,all,281
0.0206424,0.0240207,0.0,0.8593588030323847,0.14064119696761535,snapshot_282.xyz,64,4000,16.796962,4000,all,282
0.0210963,0.0240882,0.0,0.8757939572072633,0.12420604279273673,snapshot_283.xyz,64,4000,16.796962,4000,all,283
0.02079,0.0242343,0.0,0.8578749953578193,0.1421250046421807,snapshot_284.xyz,64,4000,16.796962,4000,all,284
0.0204607,0.0241781,0.0,0.8462492917144026,0.15375070828559745,snapshot_285.xyz,64,4000,16.796962,4000,all,285
0.0209942,0.0242568,0.0,0.865497509976584,0.13450249002341597,snapshot_286.xyz,64,4000,16.796962,4000,all,286
0.0210282,0.0243354,0.0,0.8640992134914569,0.1359007865085431,snapshot_287.xyz,64,4000,16.796962,4000,all,287
0.0206424,0.0243242,0.0,0.8486363374746138,0.15136366252538624,snapshot_288.xyz,64,4000,16.796962,4000,all,288
0.0207786,0.0240432,0.0,0.8642194050708725,0.13578059492912753,snapshot_289.xyz,64,4000,16.796962,4000,all,289
0.0206537,0.0240994,0.0,0.8570213366307875,0.1429786633692125,snapshot_290.xyz,64,4000,16.796962,4000,all,290
0.0207446,0.0242343,0.0,0.8560016175420787,0.1439983824579213,snapshot_291.xyz,64,4000,16.796962,4000,all,291
0.0207673,0.0243017,0.0,0.8545616150310472,0.14543838496895278,snapshot_292.xyz,64,4000,16.796962,4000,all,292
0.02079,0.0241669,0.0,0.8602675560373899,0.1397324439626101,snapshot_293.xyz,64,4000,16.796962,4000,all,293
0.0209035,0.0240769,0.0,0.8681973177610074,0.1318026822389926,snapshot_294.xyz,64,4000,16.796962,4000,all,294
0.0206537,0.024313,0.0,0.8494920412947805,0.1505079587052195,snapshot_295.xyz,64,4000,16.796962,4000,all,295
0.0208921,0.0240994,0.0,0.866913699096243,0.13308630090375695,snapshot_296.xyz,64,4000,16.796962,4000,all,296
0.02079,0.0241893,0.0,0.8594709230940953,0.14052907690590466,snapshot_297.xyz,64,4000,16.796962,4000,all,297
0.02079,0.0240319,0.0,0.8651001377335958,0.13489986226640416,snapshot_298.xyz,64,4000,16.796962,4000,all,298
0.0208467,0.0241893,0.0,0.8618149347025337,0.13818506529746633,snapshot_299.xyz,64,4000,16.796962,4000,all,299
0.0209942,0.0242118,0.0,0.8671061218083745,0.13289387819162546,snapshot_300.xyz,64,4000,16.796962,4000,all,300
0.0208127,0.0242343,0.0,0.8588116842656895,0.14118831573431045,snapshot_301.xyz,64,4000,16.796962,4000,all,301
0.02079,0.0243467,0.0,0.8539144935453264,0.14608550645467355,snapshot_302.xyz,64,4000,16.796962,4000,all,302
0.0209262,0.023987,0.0,0.8723975486721973,0.12760245132780268,snapshot_303.xyz,64,4000,16.796962,4000,all,303
0.0207786,0.0242455,0.0,0.8570085170444001,0.14299148295559994,snapshot_304.xyz,64,4000,16.796962,4000,all,304
0.0208581,0.0240544,0.0,0.8671220234135959,0.1328779765864041,snapshot_305.xyz,64,4000,16.796962,4000,all,305
0.0208467,0.0243017,0.0,0.8578288761691569,0.14217112383084307,snapshot_306.xyz,64,4000,16.796962,4000,all,306
0.0209488,0.0242006,0.0,0.865631430625687,0.13436856937431296,snapshot_307.xyz,64,4000,16.796962,4000,all,307
0.0207446,0.0242118,0.0,0.8567970989352299,0.14320290106477007,snapshot_308.xyz,64,4000,16.796962,4000,all,308
0.0211416,0.0243017,0.0,0.869963829690927,0.130036170309073,snapshot_309.xyz,64,4000,16.796962,4000,all,309
0.0208694,0.0240544,0.0,0.8675917919382732,0.13240820806172682,snapshot_310.xyz,64,4000,16.796962,4000,all,310
0.0209035,0.0240994,0.0,0.8673867399188361,0.13261326008116392,snapshot_311.xyz,64,4000,16.796962,4000,all,311
0.0209148,0.0241893,0.0,0.8646302290682244,0.1353697709317756,snapshot_312.xyz,64,4000,16.796962,4000,all,312
0.0210056,0.0241781,0.0,0.8687862156248836,0.13121378437511644,snapshot_313.xyz,64,4000,16.796962,4000,all,313
0.0209942,0.0240769,0.0,0.8719644140234001,0.12803558597659992,snapshot_314.xyz,64,4000,16.796962,4000,all,314
0.0209829,0.0242568,0.0,0.8650316612248936,0.1349683387751064,snapshot_315.xyz,64,4000,16.796962,4000,all,315
0.0209715,0.0241669,0.0,0.8677778283520021,0.13222217164799788,snapshot_316.xyz,64,4000,16.796962,4000,all,316
0.021221,0.0242343,0.0,0.8756597054587919,0.1243402945412081,snapshot_317.xyz,64,4000,16.796962,4000,all,317
0.0212323,0.0240994,0.0,0.8810302331178369,0.1189697668821631,snapshot_318.xyz,64,4000,16.796962,4000,all,318
0.0209942,0.0241219,0.0,0.8703377428809504,0.12966225711904955,snapshot_319.xyz,64,4000,16.796962,4000,all,319
0.0212777,0.024268,0.0,0.8767801219713202,0.12321987802867984,snapshot_320.xyz,64,4000,16.796962,4000,all,320
0.0209942,0.0243242,0.0,0.8630993002853126,0.13690069971468743,snapshot_321.xyz,64,4000,16.796962,4000,all,321
0.0212437,0.0240207,0.0,0.8843913791021911,0.11560862089780888,snapshot_322.xyz,64,4000,16.796962,4000,all,322
0.0213117,0.0243017,0.0,0.8769633400132502,0.12303665998674984,snapshot_323.xyz,64,4000,16.796962,4000,all,323
0.0210963,0.0241219,0.0,0.8745704111201853,0.1254295888798147,snapshot_324.xyz,64,4000,16.796962,4000,all,324
0.0211303,0.024268,0.0,0.8707062798747321,0.12929372012526785,snapshot_325.xyz,64,4000,16.796962,4000,all,325
0.0213683,0.0243467,0.0,0.8776671992508225,0.12233280074917752,snapshot_326.xyz,64,4000,16.796962,4000,all,326
0.0211643,0.0242231,0.0,0.873723842117648,0.12627615788235202,snapshot_327.xyz,64,4000,16.796962,4000,all,327
0.021187,0.0242118,0.0,0.8750691811430791,0.12493081885692092,snapshot_328.xyz,64,4000,16.796962,4000,all,328
0.021323,0.0243017,0.0,0.877428328059354,0.122571671940646,snapshot_329.xyz,64,4000,16.796962,4000,all,329
0.021255,0.0241893,0.0,0.878694298718855,0.12130570128114504,snapshot_330.xyz,64,4000,16.796962,4000,all,330
0.0214476,0.0242343,0.0,0.8850100890060781,0.11498991099392186,snapshot_331.xyz,64,4000,16.796962,4000,all,331
0.021221,0.0243242,0.0,0.8724233479415562,0.12757665205844382,snapshot_332.xyz,64,4000,16.796962,4000,all,332
0.0213117,0.0242006,0.0,0.8806269266051255,0.11937307339487446,snapshot_333.xyz,64,4000,16.796962,4000,all,333
0.0214023,0.0241781,0.0,0.885193625636423,0.11480637436357699,snapshot_334.xyz,64,4000,16.796962,4000,all,334
0.0215835,0.0241669,0.0,0.8931017217764793,0.10689827822352072,snapshot_335.xyz,64,4000,16.796962,4000,all,335
0.021289,0.0239982,0.0,0.8871081997816502,0.11289180021834977,snapshot_336.xyz,64,4000,16.796962,4000,all,336
0.0210963,0.0242343,0.0,0.8705141060397865,0.12948589396021348,snapshot_337.xyz,64,4000,16.796962,4000,all,337
0.0214137,0.0241669,0.0,0.8860755827185116,0.11392441728148839,snapshot_338.xyz,64,4000,16.796962,4000,all,338
0.0213683,0.0241106,0.0,0.8862616442560534,0.11373835574394664,snapshot_339.xyz,64,4000,16.796962,4000,all,339
0.0215269,0.0241669,0.0,0.8907596754238235,0.1092403245761765,snapshot_340.xyz,64,4000,16.796962,4000,all,340
0.021459,0.0241556,0.0,0.8883654307903757,0.11163456920962433,snapshot_341.xyz,64,4000,16.796962,4000,all,341
0.0215496,0.0242231,0.0,0.8896301464304733,0.11036985356952667,snapshot_342.xyz,64,4000,16.796962,4000,all,342
0.021357,0.0239982,0.0,0.8899417456309223,0.11005825436907768,snapshot_343.xyz,64,4000,16.796962,4000,all,343
0.0214023,0.0239757,0.0,0.8926663246537119,0.10733367534628813,snapshot_344.xyz,64,4000,16.796962,4000,all,344
0.021391,0.0241781,0.0,0.8847262605415644,0.11527373945843555,snapshot_345.xyz,64,4000,16.796962,4000,all,345
0.0216062,0.0242118,0.0,0.8923830528915653,0.10761694710843472,snapshot_346.xyz,64,4000,16.796962,4000,all,346
0.0215043,0.0242343,0.0,0.8873497480843268,0.11265025191567324,snapshot_347.xyz,64,4000,16.796962,4000,all,347
0.0215156,0.0241669,0.0,0.8902920937315087,0.10970790626849125,snapshot_348.xyz,64,4000,16.796962,4000,all,348
0.0215382,0.0241556,0.0,0.8916441736077763,0.10835582639222374,snapshot_349.xyz,64,4000,16.796962,4000,all,349
0.0214816,0.0243242,0.0,0.8831369582555644,0.11686304174443563,snapshot_350.xyz,64,4000,16.796962,4000,all,350
0.0215722,0.0241219,0.0,0.8942993711108992,0.10570062888910081,snapshot_351.xyz,64,4000,16.796962,4000,all,351
0.0214363,0.0242343,0.0,0.88454380774357,0.11545619225643,snapshot_352.xyz,64,4000,16.796962,4000,all,352
0.0216741,0.0241444,0.0,0.8976864200394296,0.10231357996057044,snapshot_353.xyz,64,4000,16.796962,4000,all,353
0.0219344,0.0243017,0.0,0.9025870618104906,0.09741293818950936,snapshot_354.xyz,64,4000,16.796962,4000,all,354
0.021776,0.0241781,0.0,0.9006497615610821,0.09935023843891788,snapshot_355.xyz,64,4000,16.796962,4000,all,355
0.0216854,0.0242343,0.0,0.8948226274330185,0.10517737256698145,snapshot_356.xyz,64,4000,16.796962,4000,all,356
0.0216967,0.0241331,0.0,0.8990432227935905,0.1009567772064095,snapshot_357.xyz,64,4000,16.796962,4000,all,357
0.0217081,0.0242118,0.0,0.8965917445212666,0.10340825547873345,snapshot_358.xyz,64,4000,16.796962,4000,all,358
0.0217986,0.0243242,0.0,0.8961692470872629,0.10383075291273713,snapshot_359.xyz,64,4000,16.796962,4000,all,359
0.0215835,0.0241781,0.0,0.8926880110513232,0.10731198894867677,snapshot_360.xyz,64,4000,16.796962,4000,all,360
0.0216967,0.0240769,0.0,0.9011417582828355,0.09885824171716451,snapshot_361.xyz,64,4000,16.796962,4000,all,361
0.021459,0.0241219,0.0,0.8896065401149992,0.11039345988500082,snapshot_362.xyz,64,4000,16.796962,4000,all,362
0.0216175,0.0240882,0.0,0.8974311073471659,0.10256889265283409,snapshot_363.xyz,64,4000,16.796962,4000,all,363
0.021323,0.0240319,0.0,0.8872789916735674,0.11272100832643261,snapshot_364.xyz,64,4000,16.796962,4000,all,364
0.0215609,0.0243017,0.0,0.8872177666582997,0.11278223334170034,snapshot_365.xyz,64,4000,16.796962,4000,all,365
0.0216401,0.0241331,0.0,0.896697896250378,0.10330210374962201,snapshot_366.xyz,64,4000,16.796962,4000,all,366
0.0215949,0.0242343,0.0,0.8910882509500997,0.10891174904990031,snapshot_367.xyz,64,4000,16.796962,4000,all,367
0.0216062,0.0241106,0.0,0.8961286736953871,0.10387132630461293,snapshot_368.xyz,64,4000,16.796962,4000,all,368
0.0216288,0.0240994,0.0,0.8974829248860967,0.10251707511390329,snapshot_369.xyz,64,4000,16.796962,4000,all,369
0.0217533,0.024268,0.0,0.8963779462666885,0.10362205373331146,snapshot_370.xyz,64,4000,16.796962,4000,all,370
0.0218212,0.0240994,0.0,0.9054665261375802,0.09453347386241984,snapshot_371.xyz,64,4000,16.796962,4000,all,371
0.0215609,0.0240319,0.0,0.8971783337979936,0.10282166620200639,snapshot_372.xyz,64,4000,16.796962,4000,all,372
0.021742,0.0242006,0.0,0.8984074775005579,0.10159252249944206,snapshot_373.xyz,64,4000,16.796962,4000,all,373
0.0216854,0.0242231,0.0,0.8952363652876799,0.10476363471232009,snapshot_374.xyz,64,4000,16.796962,4000,all,374
0.0217307,0.0240544,0.0,0.9033981309032858,0.0966018690967142,snapshot_375.xyz,64,4000,16.796962,4000,all,375
0.021425,0.023942,0.0,0.8948709381004093,0.1051290618995907,snapshot_376.xyz,64,4000,16.796962,4000,all,376
0.0215156,0.0242118,0.0,0.8886410758390537,0.11135892416094628,snapshot_377.xyz,64,4000,16.796962,4000,all,377
0.0218212,0.0241781,0.0,0.9025192219405164,0.09748077805948363,snapshot_378.xyz,64,4000,16.796962,4000,all,378
0.0217647,0.0240994,0.0,0.9031220694291144,0.09687793057088556,snapshot_379.xyz,64,4000,16.796962,4000,all,379
0.0218099,0.0242343,0.0,0.8999599740863157,0.10004002591368433,snapshot_380.xyz,64,4000,16.796962,4000,all,380
0.0217081,0.0240432,0.0,0.9028789844945765,0.09712101550542351,snapshot_381.xyz,64,4000,16.796962,4000,all,381
0.0218552,0.0243017,0.0,0.8993280305493032,0.10067196945069679,snapshot_382.xyz,64,4000,16.796962,4000,all,382
0.0219683,0.0241444,0.0,0.9098714401683206,0.09012855983167944,snapshot_383.xyz,64,4000,16.796962,4000,all,383
0.0217307,0.0242455,0.0,0.8962776597719164,0.10372234022808358,snapshot_384.xyz,64,4000,16.796962,4000,all,384
0.0217986,0.0240657,0.0,0.905795385133198,0.09420461486680198,snapshot_385.xyz,64,4000,16.796962,4000,all,385
0.0219004,0.024313,0.0,0.9007691358532472,0.09923086414675275,snapshot_386.xyz,64,4000,16.796962,4000,all,386
0.0216967,0.0241893,0.0,0.8969544385327396,0.1030455614672604,snapshot_387.xyz,64,4000,16.796962,4000,all,387
0.0220814,0.0243017,0.0,0.9086360213483008,0.09136397865169921,snapshot_388.xyz,64,4000,16.796962,4000,all,388
0.0220248,0.0242231,0.0,0.9092477841399326,0.09075221586006743,snapshot_389.xyz,64,4000,16.796962,4000,all,389
0.0220362,0.0241219,0.0,0.9135350034615846,0.08646499653841544,snapshot_390.xyz,64,4000,16.796962,4000,all,390
0.0220588,0.0240207,0.0,0.9183246116890849,0.08167538831091514,snapshot_391.xyz,64,4000,16.796962,4000,all,391
0.0220814,0.0242343,0.0,0.9111631035350722,0.08883689646492776,snapshot_392.xyz,64,4000,16.796962,4000,all,392
0.0221605,0.0241219,0.0,0.9186879972141497,0.08131200278585027,snapshot_393.xyz,64,4000,16.796962,4000,all,393
0.0221718,0.0241669,0.0,0.9174449350144205,0.08255506498557952,snapshot_394.xyz,64,4000,16.796962,4000,all,394
0.0220022,0.0240095,0.0,0.9163955934109415,0.08360440658905854,snapshot_395.xyz,64,4000,16.796962,4000,all,395
0.021957,0.0241444,0.0,0.9094034227398486,0.09059657726015136,snapshot_396.xyz,64,4000,16.796962,4000,all,396
0.0221605,0.0241669,0.0,0.9169773533221057,0.08302264667789427,snapshot_397.xyz,64,4000,16.796962,4000,all,397
0.0219683,0.0242343,0.0,0.9064961645271371,0.0935038354728629,snapshot_398.xyz,64,4000,16.796962,4000,all,398
0.0219117,0.0242231,0.0,0.9045786872861029,0.09542131271389709,snapshot_399.xyz,64,4000,16.796962,4000,all,399
0.0218552,0.0241106,0.0,0.9064560815574894,0.09354391844251064,snapshot_400.xyz,64,4000,16.796962,4000,all,400
0.0221605,0.0242792,0.0,0.912736004481202,0.08726399551879804,snapshot_401.xyz,64,4000,16.796962,4000,all,401
0.0219796,0.0244028,0.0,0.900699919681348,0.099300080318652,snapshot_402.xyz,64,4000,16.796962,4000,all,402
0.0221153,0.0241893,0.0,0.9142596106542976,0.08574038934570238,snapshot_403.xyz,64,4000,16.796962,4000,all,403
0.0220362,0.0241444,0.0,0.9126836864863074,0.08731631351369262,snapshot_404.xyz,64,4000,16.796962,4000,all,404
0.021957,0.0242455,0.0,0.9056113505598977,0.09438864944010228,snapshot_405.xyz,64,4000,16.796962,4000,all,405
0.0221605,0.0240994,0.0,0.9195457148310746,0.08045428516892539,snapshot_406.xyz,64,4000,16.796962,4000,all,406
0.0218891,0.0242231,0.0,0.9036456935734898,0.09635430642651022,snapshot_407.xyz,64,4000,16.796962,4000,all,407
0.0221266,0.0241219,0.0,0.917282635281632,0.08271736471836799,snapshot_408.xyz,64,4000,16.796962,4000,all,408
0.0220362,0.0242118,0.0,0.9101429881297549,0.08985701187024508,snapshot_409.xyz,64,4000,16.796962,4000,all,409
0.0220248,0.0242231,0.0,0.9092477841399326,0.09075221586006743,snapshot_410.xyz,64,4000,16.796962,4000,all,410
0.0220248,0.0241669,0.0,0.9113622351232471,0.0886377648767529,snapshot_411.xyz,64,4000,16.796962,4000,all,411
0.0220927,0.0241781,0.0,0.9137483921399944,0.08625160786000563,snapshot_412.xyz,64,4000,16.796962,4000,all,412
0.0222283,0.0241893,0.0,0.9189310976340779,0.08106890236592212,snapshot_413.xyz,64,4000,16.796962,4000,all,413
0.0222961,0.0242118,0.0,0.9208774234051166,0.07912257659488342,snapshot_414.xyz,64,4000,16.796962,4000,all,414
0.0222622,0.0241556,0.0,0.9216165195648214,0.07838348043517862,snapshot_415.xyz,64,4000,16.796962,4000,all,415
0.022104,0.0241219,0.0,0.9163457273266201,0.08365427267337988,snapshot_416.xyz,64,4000,16.796962,4000,all,416
0.0222509,0.0241669,0.0,0.9207180068606233,0.07928199313937667,snapshot_417.xyz,64,4000,16.796962,4000,all,417
0.0221605,0.0241444,0.0,0.9178318781994996,0.08216812180050037,snapshot_418.xyz,64,4000,16.796962,4000,all,418
0.0220927,0.0241556,0.0,0.9145995131563696,0.08540048684363044,snapshot_419.xyz,64,4000,16.796962,4000,all,419
0.0220022,0.0241444,0.0,0.9112754924537366,0.08872450754626338,snapshot_420.xyz,64,4000,16.796962,4000,all,420
0.02233,0.0241219,0.0,0.9257148068767385,0.07428519312326154,snapshot_421.xyz,64,4000,16.796962,4000,all,421
0.0221605,0.0240769,0.0,0.9204050355319829,0.07959496446801706,snapshot_422.xyz,64,4000,16.796962,4000,all,422
0.0220022,0.0241669,0.0,0.9104270717386176,0.08957292826138241,snapshot_423.xyz,64,4000,16.796962,4000,all,423
0.0221944,0.0241219,0.0,0.9200933591466675,0.07990664085333254,snapshot_424.xyz,64,4000,16.796962,4000,all,424
0.0219344,0.0241331,0.0,0.9088927655377883,0.0911072344622117,snapshot_425.xyz,64,4000,16.796962,4000,all,425
0.0222057,0.0241219,0.0,0.9205618131241733,0.07943818687582671,snapshot_426.xyz,64,4000,16.796962,4000,all,426
0.0222622,0.0241444,0.0,0.922044035055748,0.07795596494425205,snapshot_427.xyz,64,4000,16.796962,4000,all,427
0.0223526,0.0242231,0.0,0.9227803212635872,0.07721967873641278,snapshot_428.xyz,64,4000,16.796962,4000,all,428
0.0220927,0.0239982,0.0,0.9205982115325315,0.07940178846746848,snapshot_429.xyz,64,4000,16.796962,4000,all,429
0.0220701,0.0240994,0.0,0.9157945840975293,0.08420541590247066,snapshot_430.xyz,64,4000,16.796962,4000,all,430
0.0221492,0.0240769,0.0,0.919935706008664,0.08006429399133597,snapshot_431.xyz,64,4000,16.796962,4000,all,431
0.0221492,0.0242905,0.0,0.9118461950145119,0.08815380498548808,snapshot_432.xyz,64,4000,16.796962,4000,all,432
0.02233,0.0240544,0.0,0.9283124916855128,0.07168750831448722,snapshot_433.xyz,64,4000,16.796962,4000,all,433
0.0221718,0.0243467,0.0,0.9106696184698542,0.08933038153014583,snapshot_434.xyz,64,4000,16.796962,4000,all,434
0.0220588,0.0241781,0.0,0.9123462968554187,0.08765370314458132,snapshot_435.xyz,64,4000,16.796962,4000,all,435
0.0222622,0.0241444,0.0,0.922044035055748,0.07795596494425205,snapshot_436.xyz,64,4000,16.796962,4000,all,436
0.0220927,0.0242006,0.0,0.9128988537474277,0.08710114625257226,snapshot_437.xyz,64,4000,16.796962,4000,all,437
0.0222848,0.0243017,0.0,0.9170058061781686,0.08299419382183137,snapshot_438.xyz,64,4000,16.796962,4000,all,438
0.0223526,0.0241331,0.0,0.9262216623641388,0.07377833763586117,snapshot_439.xyz,64,4000,16.796962,4000,all,439
0.0221831,0.0241444,0.0,0.9187679130564438,0.08123208694355621,snapshot_440.xyz,64,4000,16.796962,4000,all,440
0.0222735,0.0242006,0.0,0.9203697428989365,0.07963025710106353,snapshot_441.xyz,64,4000,16.796962,4000,all,441
0.0221266,0.0241669,0.0,0.9155746082451617,0.08442539175483832,snapshot_442.xyz,64,4000,16.796962,4000,all,442
0.0222961,0.0240882,0.0,0.9256025771954732,0.07439742280452677,snapshot_443.xyz,64,4000,16.796962,4000,all,443
0.0221718,0.0243916,0.0,0.9089932599747453,0.09100674002525466,snapshot_444.xyz,64,4000,16.796962,4000,all,444
0.0222396,0.0240544,0.0,0.9245543434880937,0.07544565651190627,snapshot_445.xyz,64,4000,16.796962,4000,all,445
0.0222396,0.0242343,0.0,0.9176910412101856,0.08230895878981437,snapshot_446.xyz,64,4000,16.796962,4000,all,446
0.0222961,0.0240769,0.0,0.9260369898118114,0.07396301018818863,snapshot_447.xyz,64,4000,16.796962,4000,all,447
0.0224656,0.0241106,0.0,0.9317727472563935,0.06822725274360653,snapshot_448.xyz,64,4000,16.796962,4000,all,448
0.0224091,0.0241669,0.0,0.9272641505530291,0.07273584944697087,snapshot_449.xyz,64,4000,16.796962,4000,all,449
0.022443,0.024313,0.0,0.9230864146752766,0.07691358532472337,snapshot_450.xyz,64,4000,16.796962,4000,all,450
0.0222961,0.0241893,0.0,0.921733989821946,0.07826601017805401,snapshot_451.xyz,64,4000,16.796962,4000,all,451
0.0224204,0.0242006,0.0,0.9264398403345372,0.07356015966546281,snapshot_452.xyz,64,4000,16.796962,4000,all,452
0.0222961,0.0242231,0.0,0.9204478369820542,0.07955216301794577,snapshot_453.xyz,64,4000,16.796962,4000,all,453
0.0224656,0.0241444,0.0,0.9304683487682444,0.06953165123175564,snapshot_454.xyz,64,4000,16.796962,4000,all,454
0.0223526,0.0239757,0.0,0.9323022894013523,0.06769771059864771,snapshot_455.xyz,64,4000,16.796962,4000,all,455
0.022522,0.0240207,0.0,0.9376079797841029,0.06239202021589707,snapshot_456.xyz,64,4000,16.796962,4000,all,456
0.0221266,0.0241219,0.0,0.917282635281632,0.08271736471836799,snapshot_457.xyz,64,4000,16.796962,4000,all,457
0.0221153,0.0242455,0.0,0.9121403971871069,0.08785960281289307,snapshot_458.xyz,64,4000,16.796962,4000,all,458
0.0223752,0.0241669,0.0,0.9258614054760851,0.07413859452391491,snapshot_459.xyz,64,4000,16.796962,4000,all,459
0.0223865,0.0241331,0.0,0.927626372078183,0.07237362792181701,snapshot_460.xyz,64,4000,16.796962,4000,all,460
0.0222622,0.0241556,0.0,0.9216165195648214,0.07838348043517862,snapshot_461.xyz,64,4000,16.796962,4000,all,461
0.0224882,0.0243354,0.0,0.9240941180338108,0.07590588196618919,snapshot_462.xyz,64,4000,16.796962,4000,all,462
0.0224543,0.0241669,0.0,0.9291344773222878,0.07086552267771218,snapshot_463.xyz,64,4000,16.796962,4000,all,463
0.0222396,0.0240544,0.0,0.9245543434880937,0.07544565651190627,snapshot_464.xyz,64,4000,16.796962,4000,all,464
0.0226462,0.0240994,0.0,0.9396997435620803,0.0603002564379197,snapshot_465.xyz,64,4000,16.796962,4000,all,465
0.0223752,0.0242455,0.0,0.9228599121486462,0.07714008785135384,snapshot_466.xyz,64,4000,16.796962,4000,all,466
0.0225672,0.0240544,0.0,0.9381734734601569,0.06182652653984311,snapshot_467.xyz,64,4000,16.796962,4000,all,467
0.0225785,0.0242905,0.0,0.9295197711039296,0.07048022889607042,snapshot_468.xyz,64,4000,16.796962,4000,all,468
0.0223978,0.0241893,0.0,0.9259383281037483,0.07406167189625168,snapshot_469.xyz,64,4000,16.796962,4000,all,469
0.0223865,0.0243354,0.0,0.9199150209160318,0.08008497908396817,snapshot_470.xyz,64,4000,16.796962,4000,all,470
0.0224769,0.0240432,0.0,0.934854761429427,0.06514523857057297,snapshot_471.xyz,64,4000,16.796962,4000,all,471
0.0223639,0.0242118,0.0,0.9236777108682543,0.07632228913174566,snapshot_472.xyz,64,4000,16.796962,4000,all,472
0.0224091,0.0240882,0.0,0.9302936707599572,0.06970632924004283,snapshot_473.xyz,64,4000,16.796962,4000,all,473
0.0225559,0.0241331,0.0,0.934645776961932,0.06535422303806804,snapshot_474.xyz,64,4000,16.796962,4000,all,474
0.022522,0.0242118,0.0,0.9302075847314121,0.06979241526858793,snapshot_475.xyz,64,4000,16.796962,4000,all,475
0.0226124,0.024313,0.0,0.9300538806399868,0.06994611936001316,snapshot_476.xyz,64,4000,16.796962,4000,all,476
0.0223413,0.024268,0.0,0.9206073842096588,0.07939261579034118,snapshot_477.xyz,64,4000,16.796962,4000,all,477
0.0224769,0.0244141,0.0,0.9206524098778984,0.07934759012210157,snapshot_478.xyz,64,4000,16.796962,4000,all,478
0.0222848,0.0240432,0.0,0.9268649763758567,0.07313502362414326,snapshot_479.xyz,64,4000,16.796962,4000,all,479
0.0225333,0.0241331,0.0,0.9337093038192358,0.06629069618076422,snapshot_480.xyz,64,4000,16.796962,4000,all,480
0.022522,0.0241444,0.0,0.9328042941634499,0.0671957058365501,snapshot_481.xyz,64,4000,16.796962,4000,all,481
0.0224543,0.0240882,0.0,0.9321701081857506,0.06782989181424937,snapshot_482.xyz,64,4000,16.796962,4000,all,482
0.0222396,0.0242792,0.0,0.9159939371972717,0.08400606280272827,snapshot_483.xyz,64,4000,16.796962,4000,all,483
0.0226011,0.0244028,0.0,0.9261683085547561,0.07383169144524393,snapshot_484.xyz,64,4000,16.796962,4000,all,484
0.0225898,0.0242343,0.0,0.9321416339650825,0.06785836603491746,snapshot_485.xyz,64,4000,16.796962,4000,all,485
0.0226011,0.0243354,0.0,0.9287334500357504,0.07126654996424964,snapshot_486.xyz,64,4000,16.796962,4000,all,486
0.0226575,0.0243467,0.0,0.9306189339828397,0.06938106601716032,snapshot_487.xyz,64,4000,16.796962,4000,all,487
0.0224769,0.0241219,0.0,0.9318047085843155,0.06819529141568448,snapshot_488.xyz,64,4000,16.796962,4000,all,488
0.0224091,0.0242568,0.0,0.9238275452656576,0.07617245473434242,snapshot_489.xyz,64,4000,16.796962,4000,all,489
0.0227365,0.0242343,0.0,0.9381950376119796,0.06180496238802036,snapshot_490.xyz,64,4000,16.796962,4000,all,490
0.0225559,0.0241219,0.0,0.9350797408164364,0.06492025918356359,snapshot_491.xyz,64,4000,16.796962,4000,all,491
0.0224543,0.024268,0.0,0.9252637217735289,0.07473627822647111,snapshot_492.xyz,64,4000,16.796962,4000,all,492
0.022443,0.0242455,0.0,0.9256563073560042,0.07434369264399576,snapshot_493.xyz,64,4000,16.796962,4000,all,493
0.0226349,0.0240319,0.0,0.9418689325438272,0.0581310674561728,snapshot_494.xyz,64,4000,16.796962,4000,all,494
0.0225898,0.0242118,0.0,0.9330078721945498,0.06699212780545016,snapshot_495.xyz,64,4000,16.796962,4000,all,495
0.0224656,0.0241781,0.0,0.9291714402703272,0.07082855972967284,snapshot_496.xyz,64,4000,16.796962,4000,all,496
0.0224995,0.0241556,0.0,0.931440328536654,0.06855967146334596,snapshot_497.xyz,64,4000,16.796962,4000,all,497
0.0226124,0.0242905,0.0,0.930915378440131,0.06908462155986905,snapshot_498.xyz,64,4000,16.796962,4000,all,498
0.0226688,0.0242343,0.0,0.9354014764197851,0.0645985235802149,snapshot_499.xyz,64,4000,16.796962,4000,all,499
0.0226237,0.0240994,0.0,0.938766110359594,0.06123388964040599,snapshot_500.xyz,64,4000,16.796962,4000,all,500
0.0227027,0.0241893,0.0,0.9385430748306068,0.06145692516939316,snapshot_501.xyz,64,4000,16.796962,4000,all,501
0.0227252,0.0241331,0.0,0.9416610381592088,0.05833896184079124,snapshot_502.xyz,64,4000,16.796962,4000,all,502
0.0227704,0.0241893,0.0,0.9413418329592009,0.05865816704079907,snapshot_503.xyz,64,4000,16.796962,4000,all,503
0.022522,0.0241781,0.0,0.9315041297703294,0.06849587022967063,snapshot_504.xyz,64,4000,16.796962,4000,all,504
0.0227252,0.0242231,0.0,0.9381623326494132,0.06183766735058682,snapshot_505.xyz,64,4000,16.796962,4000,all,505
0.0226124,0.0243467,0.0,0.9287665268804397,0.0712334731195603,snapshot_506.xyz,64,4000,16.796962,4000,all,506
0.0224882,0.0241893,0.0,0.9296755176875726,0.07032448231242738,snapshot_507.xyz,64,4000,16.796962,4000,all,507
0.0225898,0.0241893,0.0,0.9338757219101007,0.06612427808989929,snapshot_508.xyz,64,4000,16.796962,4000,all,508
0.0226801,0.024268,0.0,0.9345681555958464,0.06543184440415362,snapshot_509.xyz,64,4000,16.796962,4000,all,509
0.0227027,0.0241219,0.0,0.941165496913593,0.05883450308640703,snapshot_510.xyz,64,4000,16.796962,4000,all,510
0.0225672,0.0240432,0.0,0.9386105010980235,0.061389498901976536,snapshot_511.xyz,64,4000,16.796962,4000,all,511
0.0225559,0.0241556,0.0,0.933775190846015,0.06622480915398499,snapshot_512.xyz,64,4000,16.796962,4000,all,512
0.0226349,0.0242792,0.0,0.9322753632739135,0.06772463672608653,snapshot_513.xyz,64,4000,16.796962,4000,all,513
0.0226349,0.0240994,0.0,0.9392308522203872,0.06076914777961284,snapshot_514.xyz,64,4000,16.796962,4000,all,514
0.0227929,0.024313,0.0,0.9374778924855016,0.06252210751449838,snapshot_515.xyz,64,4000,16.796962,4000,all,515
0.0227027,0.0241781,0.0,0.9389778353137757,0.061022164686224345,snapshot_516.xyz,64,4000,16.796962,4000,all,516
0.0228719,0.0241556,0.0,0.9468570435013,0.053142956498700045,snapshot_517.xyz,64,4000,16.796962,4000,all,517
0.0225785,0.0241781,0.0,0.9338409552446222,0.06615904475537782,snapshot_518.xyz,64,4000,16.796962,4000,all,518
0.0229396,0.0241444,0.0,0.9501002302811419,0.04989976971885812,snapshot_519.xyz,64,4000,16.796962,4000,all,519
0.0226575,0.0243804,0.0,0.9293325786287345,0.07066742137126547,snapshot_520.xyz,64,4000,16.796962,4000,all,520
0.0226801,0.0241219,0.0,0.9402285889585812,0.05977141104141881,snapshot_521.xyz,64,4000,16.796962,4000,all,521
0.0225898,0.0241106,0.0,0.9369240085273698,0.06307599147263021,snapshot_522.xyz,64,4000,16.796962,4000,all,522
0.0231313,0.0242231,0.0,0.9549273214411037,0.045072678558896295,snapshot_523.xyz,64,4000,16.796962,4000,all,523
0.0227478,0.0242118,0.0,0.9395336158402101,0.06046638415978989,snapshot_524.xyz,64,4000,16.796962,4000,all,524
0.022996,0.0241444,0.0,0.9524361756763473,0.04756382432365269,snapshot_525.xyz,64,4000,16.796962,4000,all,525
0.0228268,0.0242568,0.0,0.941047458856898,0.058952541143102,snapshot_526.xyz,64,4000,16.796962,4000,all,526
0.0228606,0.024268,0.0,0.9420059337399043,0.057994066260095734,snapshot_527.xyz,64,4000,16.796962,4000,all,527
0.0229058,0.0242568,0.0,0.944304277563405,0.05569572243659504,snapshot_528.xyz,64,4000,16.796962,4000,all,528
0.0228832,0.0242792,0.0,0.9425022241260008,0.05749777587399918,snapshot_529.xyz,64,4000,16.796962,4000,all,529
0.0226801,0.0242006,0.0,0.9371709792319199,0.06282902076808006,snapshot_530.xyz,64,4000,16.796962,4000,all,530
0.0227365,0.0241781,0.0,0.9403757946240606,0.059624205375939376,snapshot_531.xyz,64,4000,16.796962,4000,all,531
0.0229509,0.0242231,0.0,0.9474798849032534,0.05252011509674659,snapshot_532.xyz,64,4000,16.796962,4000,all,532
0.0228719,0.0241444,0.0,0.9472962674574643,0.052703732542535686,snapshot_533.xyz,64,4000,16.796962,4000,all,533
0.0228381,0.0242231,0.0,0.9428231729217151,0.057176827078284864,snapshot_534.xyz,64,4000,16.796962,4000,all,534
0.0229283,0.0243017,0.0,0.9434854351753169,0.05651456482468309,snapshot_535.xyz,64,4000,16.796962,4000,all,535
0.0228945,0.024313,0.0,0.9416567268539464,0.05834327314605359,snapshot_536.xyz,64,4000,16.796962,4000,all,536
0.0231764,0.0243354,0.0,0.9523739079694601,0.04762609203053991,snapshot_537.xyz,64,4000,16.796962,4000,all,537
0.0232665,0.0241219,0.0,0.964538448463844,0.035461551536156044,snapshot_538.xyz,64,4000,16.796962,4000,all,538
0.0230975,0.024268,0.0,0.9517677600131861,0.04823223998681392,snapshot_539.xyz,64,4000,16.796962,4000,all,539
0.0231538,0.0242455,0.0,0.9549730877894866,0.04502691221051336,snapshot_540.xyz,64,4000,16.796962,4000,all,540
0.0232778,0.0240882,0.0,0.9663569714632061,0.033643028536793906,snapshot_541.xyz,64,4000,16.796962,4000,all,541
0.0230749,0.0241219,0.0,0.9565954588983454,0.04340454110165459,snapshot_542.xyz,64,4000,16.796962,4000,all,542
0.0231425,0.0242231,0.0,0.9553896900066465,0.04461030999335347,snapshot_543.xyz,64,4000,16.796962,4000,all,543
0.0233904,0.0243242,0.0,0.9616102482301575,0.038389751769842495,snapshot_544.xyz,64,4000,16.796962,4000,all,544
0.0232553,0.0244028,0.0,0.9529767075909322,0.047023292409067774,snapshot_545.xyz,64,4000,16.796962,4000,all,545
0.0232553,0.0242231,0.0,0.9600464019881848,0.039953598011815195,snapshot_546.xyz,64,4000,16.796962,4000,all,546
0.0233341,0.0242118,0.0,0.963749081026607,0.036250918973393054,snapshot_547.xyz,64,4000,16.796962,4000,all,547
0.0231989,0.0242118,0.0,0.9581650269703204,0.041834973029679645,snapshot_548.xyz,64,4000,16.796962,4000,all,548
0.0233116,0.0242568,0.0,0.9610336070710069,0.038966392928993066,snapshot_549.xyz,64,4000,16.796962,4000,all,549
0.023244,0.0241781,0.0,0.9613658641497884,0.03863413585021158,snapshot_550.xyz,64,4000,16.796962,4000,all,550
0.0233116,0.0240207,0.0,0.9704796279875274,0.029520372012472595,snapshot_551.xyz,64,4000,16.796962,4000,all,551
0.0233679,0.0241556,0.0,0.9673905843779497,0.03260941562205033,snapshot_552.xyz,64,4000,16.796962,4000,all,552
0.023244,0.0241219,0.0,0.9636056861192526,0.03639431388074743,snapshot_553.xyz,64,4000,16.796962,4000,all,553
0.0231989,0.0241781,0.0,0.959500539744645,0.040499460255355,snapshot_554.xyz,64,4000,16.796962,4000,all,554
0.0234693,0.0242568,0.0,0.9675348768180468,0.03246512318195316,snapshot_555.xyz,64,4000,16.796962,4000,all,555
0.0234355,0.0243017,0.0,0.9643564030499925,0.03564359695000752,snapshot_556.xyz,64,4000,16.796962,4000,all,556
0.0235481,0.0241669,0.0,0.9743947299819173,0.02560527001808266,snapshot_557.xyz,64,4000,16.796962,4000,all,557
0.0233904,0.0240882,0.0,0.9710314593867536,0.028968540613246385,snapshot_558.xyz,64,4000,16.796962,4000,all,558
0.0233454,0.0242118,0.0,0.9642157956037966,0.035784204396203445,snapshot_559.xyz,64,4000,16.796962,4000,all,559
0.0232778,0.0242343,0.0,0.9605311480009738,0.03946885199902617,snapshot_560.xyz,64,4000,16.796962,4000,all,560
0.0235706,0.0242455,0.0,0.9721639067043369,0.027836093295663056,snapshot_561.xyz,64,4000,16.796962,4000,all,561
0.0233567,0.0241444,0.0,0.9673754576630607,0.032624542336939344,snapshot_562.xyz,64,4000,16.796962,4000,all,562
0.0234468,0.0242231,0.0,0.9679520788008141,0.03204792119918587,snapshot_563.xyz,64,4000,16.796962,4000,all,563
0.023413,0.0240994,0.0,0.9715179631028158,0.028482036897184204,snapshot_564.xyz,64,4000,16.796962,4000,all,564
0.0232665,0.0242905,0.0,0.9578436014079578,0.04215639859204223,snapshot_565.xyz,64,4000,16.796962,4000,all,565
0.0232327,0.0241556,0.0,0.9617935385583467,0.038206461441653294,snapshot_566.xyz,64,4000,16.796962,4000,all,566
0.0234693,0.0241331,0.0,0.9724942091981551,0.027505790801844898,snapshot_567.xyz,64,4000,16.796962,4000,all,567
0.0233792,0.0241556,0.0,0.9678583848051797,0.03214161519482028,snapshot_568.xyz,64,4000,16.796962,4000,all,568
0.0233904,0.0244028,0.0,0.9585129575294639,0.04148704247053614,snapshot_569.xyz,64,4000,16.796962,4000,all,569
0.0233229,0.0242231,0.0,0.9628371265444968,0.037162873455503176,snapshot_570.xyz,64,4000,16.796962,4000,all,570
0.023458,0.0242455,0.0,0.9675197459322349,0.03248025406776511,snapshot_571.xyz,64,4000,16.796962,4000,all,571
0.0235819,0.0242792,0.0,0.9712799433259744,0.02872005667402555,snapshot_572.xyz,64,4000,16.796962,4000,all,572
0.0234468,0.0242343,0.0,0.967504735024325,0.03249526497567501,snapshot_573.xyz,64,4000,16.796962,4000,all,573
0.0233229,0.0242118,0.0,0.9632864966669146,0.03671350333308543,snapshot_574.xyz,64,4000,16.796962,4000,all,574
0.0232778,0.0241781,0.0,0.9627638234600734,0.03723617653992661,snapshot_575.xyz,64,4000,16.796962,4000,all,575
0.0232553,0.0242568,0.0,0.958712608423205,0.04128739157679495,snapshot_576.xyz,64,4000,16.796962,4000,all,576
0.0233116,0.0242006,0.0,0.9632653735857788,0.036734626414221205,snapshot_577.xyz,64,4000,16.796962,4000,all,577
0.0232778,0.0241444,0.0,0.9641076191580656,0.03589238084193436,snapshot_578.xyz,64,4000,16.796962,4000,all,578
0.0235143,0.0243916,0.0,0.9640326997818921,0.0359673002181079,snapshot_579.xyz,64,4000,16.796962,4000,all,579
0.0231876,0.0242792,0.0,0.955039704767867,0.04496029523213296,snapshot_580.xyz,64,4000,16.796962,4000,all,580
0.0234806,0.0242905,0.0,0.9666577468557667,0.033342253144233336,snapshot_581.xyz,64,4000,16.796962,4000,all,581
0.0233003,0.0241106,0.0,0.9663923751379061,0.0336076248620939,snapshot_582.xyz,64,4000,16.796962,4000,all,582
0.0233567,0.0240095,0.0,0.9728107624065475,0.027189237593452487,snapshot_583.xyz,64,4000,16.796962,4000,all,583
0.0233567,0.0241669,0.0,0.9664748064501446,0.03352519354985539,snapshot_584.xyz,64,4000,16.796962,4000,all,584
0.0233792,0.0243017,0.0,0.9620396926963958,0.037960307303604224,snapshot_585.xyz,64,4000,16.796962,4000,all,585
0.0232553,0.0242006,0.0,0.9609389849838433,0.039061015016156664,snapshot_586.xyz,64,4000,16.796962,4000,all,586
0.0233003,0.024268,0.0,0.9601244437118839,0.03987555628811612,snapshot_587.xyz,64,4000,16.796962,4000,all,587
0.0233003,0.0240994,0.0,0.9668414981285841,0.03315850187141589,snapshot_588.xyz,64,4000,16.796962,4000,all,588
0.0233003,0.0241781,0.0,0.9636944176754997,0.03630558232450032,snapshot_589.xyz,64,4000,16.796962,4000,all,589
0.0233679,0.0242792,0.0,0.9624658143596164,0.03753418564038358,snapshot_590.xyz,64,4000,16.796962,4000,all,590
0.0233116,0.0244478,0.0,0.9535254705944911,0.04647452940550889,snapshot_591.xyz,64,4000,16.796962,4000,all,591
0.0235594,0.0242455,0.0,0.971701965313151,0.028298034686848994,snapshot_592.xyz,64,4000,16.796962,4000,all,592
0.0233679,0.0242568,0.0,0.9633546057188088,0.03664539428119118,snapshot_593.xyz,64,4000,16.796962,4000,all,593
0.0233792,0.0243242,0.0,0.9611498014323184,0.03885019856768157,snapshot_594.xyz,64,4000,16.796962,4000,all,594
0.0232102,0.0241556,0.0,0.9608620775306762,0.039137922469323794,snapshot_595.xyz,64,4000,16.796962,4000,all,595
0.0231876,0.0242231,0.0,0.957251549141109,0.04274845085889101,snapshot_596.xyz,64,4000,16.796962,4000,all,596
0.0233116,0.024313,0.0,0.9588121581047175,0.04118784189528246,snapshot_597.xyz,64,4000,16.796962,4000,all,597
0.0234918,0.0243579,0.0,0.9644427475274963,0.03555725247250374,snapshot_598.xyz,64,4000,16.796962,4000,all,598
0.0234017,0.0240319,0.0,0.973776522039456,0.026223477960544028,snapshot_599.xyz,64,4000,16.796962,4000,all,599
0.0233567,0.024313,0.0,0.960667132809608,0.039332867190391974,snapshot_600.xyz,64,4000,16.796962,4000,all,600
0.0234242,0.024268,0.0,0.9652299324212954,0.0347700675787046,snapshot_601.xyz,64,4000,16.796962,4000,all,601
0.0233792,0.0243691,0.0,0.9593788855558883,0.04062111444411165,snapshot_602.xyz,64,4000,16.796962,4000,all,602
0.0235256,0.024268,0.0,0.9694082742706445,0.030591725729355534,snapshot_603.xyz,64,4000,16.796962,4000,all,603
0.0234468,0.0243242,0.0,0.9639289267478478,0.0360710732521522,snapshot_604.xyz,64,4000,16.796962,4000,all,604
0.0233904,0.0242905,0.0,0.9629443609641629,0.037055639035837085,snapshot_605.xyz,64,4000,16.796962,4000,all,605
0.0233567,0.0242343,0.0,0.9637868640728224,0.036213135927177564,snapshot_606.xyz,64,4000,16.796962,4000,all,606
0.0233567,0.0241444,0.0,0.9673754576630607,0.032624542336939344,snapshot_607.xyz,64,4000,16.796962,4000,all,607
0.0234017,0.0242231,0.0,0.9660902196663516,0.03390978033364844,snapshot_608.xyz,64,4000,16.796962,4000,all,608
0.023458,0.0242905,0.0,0.9657273419649657,0.03427265803503432,snapshot_609.xyz,64,4000,16.796962,4000,all,609
0.0233341,0.0242006,0.0,0.964195102600762,0.03580489739923798,snapshot_610.xyz,64,4000,16.796962,4000,all,610
0.0233454,0.0242343,0.0,0.9633205828103143,0.036679417189685704,snapshot_611.xyz,64,4000,16.796962,4000,all,611
0.0233679,0.0242231,0.0,0.9646948573881956,0.035305142611804397,snapshot_612.xyz,64,4000,16.796962,4000,all,612
0.0234355,0.0241556,0.0,0.9701891072877512,0.029810892712248793,snapshot_613.xyz,64,4000,16.796962,4000,all,613
0.0233679,0.0241669,0.0,0.9669382502513768,0.03306174974862319,snapshot_614.xyz,64,4000,16.796962,4000,all,614
0.0234468,0.0242343,0.0,0.967504735024325,0.03249526497567501,snapshot_615.xyz,64,4000,16.796962,4000,all,615
0.023244,0.024313,0.0,0.9560317525603587,0.04396824743964134,snapshot_616.xyz,64,4000,16.796962,4000,all,616
0.0233229,0.024268,0.0,0.9610557112246579,0.03894428877534206,snapshot_617.xyz,64,4000,16.796962,4000,all,617
0.023458,0.0242006,0.0,0.9693148103766023,0.030685189623397724,snapshot_618.xyz,64,4000,16.796962,4000,all,618
0.0233116,0.0243467,0.0,0.9574849979668703,0.042515002033129745,snapshot_619.xyz,64,4000,16.796962,4000,all,619
0.0234806,0.0241331,0.0,0.9729624457695033,0.027037554230496696,snapshot_620.xyz,64,4000,16.796962,4000,all,620
0.0233341,0.0242792,0.0,0.9610736762331543,0.03892632376684568,snapshot_621.xyz,64,4000,16.796962,4000,all,621
0.0234355,0.024313,0.0,0.9639081972607247,0.03609180273927526,snapshot_622.xyz,64,4000,16.796962,4000,all,622
0.0234242,0.0242118,0.0,0.9674704069916322,0.032529593008367774,snapshot_623.xyz,64,4000,16.796962,4000,all,623
0.0233341,0.0242118,0.0,0.963749081026607,0.036250918973393054,snapshot_624.xyz,64,4000,16.796962,4000,all,624
0.0234242,0.0241556,0.0,0.9697213068605209,0.030278693139479063,snapshot_625.xyz,64,4000,16.796962,4000,all,625
0.0234355,0.0242568,0.0,0.966141453118301,0.03385854688169898,snapshot_626.xyz,64,4000,16.796962,4000,all,626
0.0233116,0.0242568,0.0,0.9610336070710069,0.038966392928993066,snapshot_627.xyz,64,4000,16.796962,4000,all,627
0.0233679,0.0242343,0.0,0.9642490189524765,0.0357509810475235,snapshot_628.xyz,64,4000,16.796962,4000,all,628
0.0235706,0.0242006,0.0,0.9739675875804733,0.026032412419526696,snapshot_629.xyz,64,4000,16.796962,4000,all,629
0.0233567,0.0244028,0.0,0.9571319684626355,0.042868031537364515,snapshot_630.xyz,64,4000,16.796962,4000,all,630
0.0232778,0.024313,0.0,0.9574219553325382,0.042578044667461845,snapshot_631.xyz,64,4000,16.796962,4000,all,631
0.0233454,0.0242231,0.0,0.963765991966346,0.03623400803365395,snapshot_632.xyz,64,4000,16.796962,4000,all,632
0.0234017,0.0242231,0.0,0.9660902196663516,0.03390978033364844,snapshot_633.xyz,64,4000,16.796962,4000,all,633
0.0234693,0.0242006,0.0,0.9697817409485715,0.030218259051428498,snapshot_634.xyz,64,4000,16.796962,4000,all,634
0.0233792,0.0241444,0.0,0.96830735077285,0.03169264922714998,snapshot_635.xyz,64,4000,16.796962,4000,all,635
0.0233679,0.0242455,0.0,0.9638035924192119,0.036196407580788126,snapshot_636.xyz,64,4000,16.796962,4000,all,636
0.0234242,0.024268,0.0,0.9652299324212954,0.0347700675787046,snapshot_637.xyz,64,4000,16.796962,4000,all,637
0.0234242,0.0242006,0.0,0.9679181507896498,0.03208184921035018,snapshot_638.xyz,64,4000,16.796962,4000,all,638
0.0233341,0.0242118,0.0,0.963749081026607,0.036250918973393054,snapshot_639.xyz,64,4000,16.796962,4000,all,639
0.0234017,0.0242792,0.0,0.9638579524860786,0.03614204751392136,snapshot_640.xyz,64,4000,16.796962,4000,all,640
0.0232214,0.0244478,0.0,0.9498359770613307,0.050164022938669284,snapshot_641.xyz,64,4000,16.796962,4000,all,641
0.0234693,0.0241331,0.0,0.9724942091981551,0.027505790801844898,snapshot_642.xyz,64,4000,16.796962,4000,all,642
0.0235031,0.0241893,0.0,0.9716320852608384,0.02836791473916156,snapshot_643.xyz,64,4000,16.796962,4000,all,643
0.0233454,0.0242343,0.0,0.9633205828103143,0.036679417189685704,snapshot_644.xyz,64,4000,16.796962,4000,all,644
0.0234468,0.0241781,0.0,0.969753620011498,0.030246379988501992,snapshot_645.xyz,64,4000,16.796962,4000,all,645
0.0235256,0.0242118,0.0,0.9716584475338472,0.028341552466152775,snapshot_646.xyz,64,4000,16.796962,4000,all,646
0.0233454,0.0242118,0.0,0.9642157956037966,0.035784204396203445,snapshot_647.xyz,64,4000,16.796962,4000,all,647
0.0234242,0.024313,0.0,0.9634434253280137,0.03655657467198625,snapshot_648.xyz,64,4000,16.796962,4000,all,648
0.023413,0.0242792,0.0,0.9643233714455172,0.03567662855448284,snapshot_649.xyz,64,4000,16.796962,4000,all,649
0.0233003,0.0241781,0.0,0.9636944176754997,0.03630558232450032,snapshot_650.xyz,64,4000,16.796962,4000,all,650
0.0234355,0.0241106,0.0,0.9719998672782926,0.028000132721707427,snapshot_651.xyz,64,4000,16.796962,4000,all,651
0.0234242,0.0242343,0.0,0.9665721724993088,0.033427827500691176,snapshot_652.xyz,64,4000,16.796962,4000,all,652
0.0234355,0.0242568,0.0,0.966141453118301,0.03385854688169898,snapshot_653.xyz,64,4000,16.796962,4000,all,653
0.0234918,0.0240544,0.0,0.9766113476120792,0.02338865238792076,snapshot_654.xyz,64,4000,16.796962,4000,all,654
0.0233567,0.0242455,0.0,0.9633416510280258,0.036658348971974175,snapshot_655.xyz,64,4000,16.796962,4000,all,655
0.0234017,0.0241219,0.0,0.9701433137522334,0.029856686247766606,snapshot_656.xyz,64,4000,16.796962,4000,all,656
0.0234468,0.0242231,0.0,0.9679520788008141,0.03204792119918587,snapshot_657.xyz,64,4000,16.796962,4000,all,657
0.0233341,0.0242231,0.0,0.9632994951100395,0.03670050488996046,snapshot_658.xyz,64,4000,16.796962,4000,all,658
0.0233229,0.0242905,0.0,0.9601654967991602,0.03983450320083981,snapshot_659.xyz,64,4000,16.796962,4000,all,659
0.0233904,0.0242231,0.0,0.9656237228100448,0.03437627718995517,snapshot_660.xyz,64,4000,16.796962,4000,all,660
0.0235369,0.0241444,0.0,0.9748388860356852,0.025161113964314752,snapshot_661.xyz,64,4000,16.796962,4000,all,661
0.0233904,0.0242905,0.0,0.9629443609641629,0.037055639035837085,snapshot_662.xyz,64,4000,16.796962,4000,all,662
0.0233229,0.0241331,0.0,0.9664278522029909,0.03357214779700912,snapshot_663.xyz,64,4000,16.796962,4000,all,663
0.023458,0.0241444,0.0,0.9715710475306903,0.028428952469309654,snapshot_664.xyz,64,4000,16.796962,4000,all,664
0.0234242,0.0242343,0.0,0.9665721724993088,0.033427827500691176,snapshot_665.xyz,64,4000,16.796962,4000,all,665
0.0234242,0.0241781,0.0,0.9688188898217808,0.03118111017821923,snapshot_666.xyz,64,4000,16.796962,4000,all,666
0.0233679,0.0241893,0.0,0.9660428371221986,0.03395716287780137,snapshot_667.xyz,64,4000,16.796962,4000,all,667
0.0233116,0.024313,0.0,0.9588121581047175,0.04118784189528246,snapshot_668.xyz,64,4000,16.796962,4000,all,668
0.0234242,0.0241106,0.0,0.9715311937488076,0.028468806251192413,snapshot_669.xyz,64,4000,16.796962,4000,all,669
0.0233567,0.024268,0.0,0.9624484918411076,0.03755150815889241,snapshot_670.xyz,64,4000,16.796962,4000,all,670
0.023413,0.0242343,0.0,0.9661100176196548,0.03388998238034524,snapshot_671.xyz,64,4000,16.796962,4000,all,671
0.0232778,0.0241781,0.0,0.9627638234600734,0.03723617653992661,snapshot_672.xyz,64,4000,16.796962,4000,all,672
0.0233679,0.0241781,0.0,0.9664903362960696,0.03350966370393038,snapshot_673.xyz,64,4000,16.796962,4000,all,673
0.0233341,0.0241556,0.0,0.9659913229230489,0.0340086770769511,snapshot_674.xyz,64,4000,16.796962,4000,all,674
0.0232891,0.0242343,0.0,0.9609974292634819,0.03900257073651814,snapshot_675.xyz,64,4000,16.796962,4000,all,675
0.0232327,0.0242905,0.0,0.9564521109075564,0.04354788909244356,snapshot_676.xyz,64,4000,16.796962,4000,all,676
0.0232102,0.0241331,0.0,0.9617579175489266,0.03824208245107341,snapshot_677.xyz,64,4000,16.796962,4000,all,677
0.023413,0.0242231,0.0,0.9665567165226581,0.033443283477341934,snapshot_678.xyz,64,4000,16.796962,4000,all,678
0.0233792,0.0242231,0.0,0.9651613542445021,0.03483864575549789,snapshot_679.xyz,64,4000,16.796962,4000,all,679
0.0235369,0.0243242,0.0,0.9676330567911791,0.03236694320882094,snapshot_680.xyz,64,4000,16.796962,4000,all,680
0.0233679,0.024268,0.0,0.9629100049447832,0.03708999505521682,snapshot_681.xyz,64,4000,16.796962,4000,all,681
0.0234355,0.0241781,0.0,0.9692862549166394,0.030713745083360555,snapshot_682.xyz,64,4000,16.796962,4000,all,682
0.0232327,0.0243242,0.0,0.9551269928712968,0.044873007128703235,snapshot_683.xyz,64,4000,16.796962,4000,all,683
0.0234468,0.0242006,0.0,0.9688520119335885,0.031147988066411503,snapshot_684.xyz,64,4000,16.796962,4000,all,684
0.0232778,0.0242568,0.0,0.959640183371261,0.040359816628739,snapshot_685.xyz,64,4000,16.796962,4000,all,685
0.0234468,0.0241669,0.0,0.9702030463154149,0.029796953684585126,snapshot_686.xyz,64,4000,16.796962,4000,all,686
0.0233904,0.024313,0.0,0.9620532225558343,0.03794677744416575,snapshot_687.xyz,64,4000,16.796962,4000,all,687
0.0234918,0.0241556,0.0,0.9725198297703225,0.027480170229677525,snapshot_688.xyz,64,4000,16.796962,4000,all,688
0.0232665,0.0242231,0.0,0.9605087705537275,0.03949122944627248,snapshot_689.xyz,64,4000,16.796962,4000,all,689
0.0234355,0.024268,0.0,0.9656955661776826,0.034304433822317404,snapshot_690.xyz,64,4000,16.796962,4000,all,690
0.0234017,0.0241331,0.0,0.969693077143011,0.030306922856988994,snapshot_691.xyz,64,4000,16.796962,4000,all,691
0.0235369,0.024268,0.0,0.9698739080270314,0.03012609197296856,snapshot_692.xyz,64,4000,16.796962,4000,all,692
0.023458,0.0242905,0.0,0.9657273419649657,0.03427265803503432,snapshot_693.xyz,64,4000,16.796962,4000,all,693
0.0233341,0.0242118,0.0,0.963749081026607,0.036250918973393054,snapshot_694.xyz,64,4000,16.796962,4000,all,694
0.023413,0.0243916,0.0,0.9598796306925335,0.04012036930746654,snapshot_695.xyz,64,4000,16.796962,4000,all,695
0.0234242,0.0242118,0.0,0.9674704069916322,0.032529593008367774,snapshot_696.xyz,64,4000,16.796962,4000,all,696
0.023458,0.0242006,0.0,0.9693148103766023,0.030685189623397724,snapshot_697.xyz,64,4000,16.796962,4000,all,697
0.023458,0.0242568,0.0,0.9670690280663568,0.03293097193364325,snapshot_698.xyz,64,4000,16.796962,4000,all,698
0.0232778,0.0241556,0.0,0.9636606004404776,0.03633939955952237,snapshot_699.xyz,64,4000,16.796962,4000,all,699
0.0235369,0.0243467,0.0,0.9667388188132273,0.03326118118677268,snapshot_700.xyz,64,4000,16.796962,4000,all,700
0.0233904,0.0242343,0.0,0.9651774550946385,0.03482254490536152,snapshot_701.xyz,64,4000,16.796962,4000,all,701
0.0234918,0.0241106,0.0,0.9743349398190008,0.025665060180999233,snapshot_702.xyz,64,4000,16.796962,4000,all,702
0.0233792,0.0240994,0.0,0.9701154385586362,0.029884561441363755,snapshot_703.xyz,64,4000,16.796962,4000,all,703
0.0233792,0.0242343,0.0,0.9647153002149845,0.03528469978501547,snapshot_704.xyz,64,4000,16.796962,4000,all,704
0.0233003,0.0241106,0.0,0.9663923751379061,0.0336076248620939,snapshot_705.xyz,64,4000,16.796962,4000,all,705
0.0234017,0.0242905,0.0,0.9634095634095635,0.03659043659043648,snapshot_706.xyz,64,4000,16.796962,4000,all,706
0.0233567,0.0243467,0.0,0.9593374050692702,0.04066259493072977,snapshot_707.xyz,64,4000,16.796962,4000,all,707
0.0235481,0.0243354,0.0,0.9676479531875375,0.03235204681246251,snapshot_708.xyz,64,4000,16.796962,4000,all,708
0.0233341,0.0242343,0.0,0.9628543015478062,0.03714569845219384,snapshot_709.xyz,64,4000,16.796962,4000,all,709
0.023458,0.0241556,0.0,0.9711205683154217,0.028879431684578294,snapshot_710.xyz,64,4000,16.796962,4000,all,710
0.0233003,0.0242792,0.0,0.9596815381066921,0.0403184618933079,snapshot_711.xyz,64,4000,16.796962,4000,all,711
0.0233229,0.0242006,0.0,0.9637323041577482,0.03626769584225176,snapshot_712.xyz,64,4000,16.796962,4000,all,712
0.0234468,0.0243017,0.0,0.9648213910960962,0.035178608903903785,snapshot_713.xyz,64,4000,16.796962,4000,all,713
0.0233567,0.0241893,0.0,0.9655798224834948,0.03442017751650517,snapshot_714.xyz,64,4000,16.796962,4000,all,714
0.0233904,0.0242455,0.0,0.9647315996782908,0.03526840032170919,snapshot_715.xyz,64,4000,16.796962,4000,all,715
0.0234355,0.0243017,0.0,0.9643564030499925,0.03564359695000752,snapshot_716.xyz,64,4000,16.796962,4000,all,716
0.0232102,0.0241669,0.0,0.9604127960143832,0.03958720398561677,snapshot_717.xyz,64,4000,16.796962,4000,all,717
0.023458,0.0244141,0.0,0.9608382041525184,0.039161795847481584,snapshot_718.xyz,64,4000,16.796962,4000,all,718
0.0234017,0.0242006,0.0,0.9669884217746668,0.03301157822533318,snapshot_719.xyz,64,4000,16.796962,4000,all,719
0.0232665,0.024313,0.0,0.9569571833998272,0.04304281660017284,snapshot_720.xyz,64,4000,16.796962,4000,all,720
0.0234693,0.0242006,0.0,0.9697817409485715,0.030218259051428498,snapshot_721.xyz,64,4000,16.796962,4000,all,721
0.0233454,0.0242006,0.0,0.9646620331727312,0.03533796682726875,snapshot_722.xyz,64,4000,16.796962,4000,all,722
0.0234468,0.0242455,0.0,0.9670578045410488,0.03294219545895116,snapshot_723.xyz,64,4000,16.796962,4000,all,723
0.0234468,0.0243804,0.0,0.9617069449229709,0.03829305507702907,snapshot_724.xyz,64,4000,16.796962,4000,all,724
0.0233904,0.0242568,0.0,0.9642821806668646,0.03571781933313545,snapshot_725.xyz,64,4000,16.796962,4000,all,725
0.0233003,0.0241219,0.0,0.9659396647859413,0.03406033521405871,snapshot_726.xyz,64,4000,16.796962,4000,all,726
0.0235594,0.0241669,0.0,0.9748623116742321,0.025137688325767904,snapshot_727.xyz,64,4000,16.796962,4000,all,727
0.0233904,0.0242455,0.0,0.9647315996782908,0.03526840032170919,snapshot_728.xyz,64,4000,16.796962,4000,all,728
0.0233229,0.0242118,0.0,0.9632864966669146,0.03671350333308543,snapshot_729.xyz,64,4000,16.796962,4000,all,729
0.0234806,0.0241781,0.0,0.971151579321783,0.028848420678217024,snapshot_730.xyz,64,4000,16.796962,4000,all,730
0.0235819,0.0242231,0.0,0.9735293996226742,0.026470600377325848,snapshot_731.xyz,64,4000,16.796962,4000,all,731
0.0233454,0.0242343,0.0,0.9633205828103143,0.036679417189685704,snapshot_732.xyz,64,4000,16.796962,4000,all,732
0.0235143,0.0242118,0.0,0.9711917329566575,0.028808267043342495,snapshot_733.xyz,64,4000,16.796962,4000,all,733
0.0234242,0.0241556,0.0,0.9697213068605209,0.030278693139479063,snapshot_734.xyz,64,4000,16.796962,4000,all,734
0.0234468,0.0241331,0.0,0.9715618797419312,0.0284381202580688,snapshot_735.xyz,64,4000,16.796962,4000,all,735
0.0234918,0.0242792,0.0,0.9675689479060265,0.032431052093973456,snapshot_736.xyz,64,4000,16.796962,4000,all,736
0.0232553,0.0242905,0.0,0.9573825157983574,0.042617484201642575,snapshot_737.xyz,64,4000,16.796962,4000,all,737
0.0234017,0.0242006,0.0,0.9669884217746668,0.03301157822533318,snapshot_738.xyz,64,4000,16.796962,4000,all,738
0.0234017,0.0242231,0.0,0.9660902196663516,0.03390978033364844,snapshot_739.xyz,64,4000,16.796962,4000,all,739
0.023458,0.0241556,0.0,0.9711205683154217,0.028879431684578294,snapshot_740.xyz,64,4000,16.796962,4000,all,740
0.0234693,0.0241106,0.0,0.9734017403133891,0.026598259686610892,snapshot_741.xyz,64,4000,16.796962,4000,all,741
0.0233567,0.024268,0.0,0.9624484918411076,0.03755150815889241,snapshot_742.xyz,64,4000,16.796962,4000,all,742
0.0234242,0.0243242,0.0,0.9629998108879223,0.0370001891120777,snapshot_743.xyz,64,4000,16.796962,4000,all,743
0.0232778,0.0242231,0.0,0.9609752674100343,0.03902473258996575,snapshot_744.xyz,64,4000,16.796962,4000,all,744
0.0234242,0.0242792,0.0,0.9647846716531022,0.03521532834689778,snapshot_745.xyz,64,4000,16.796962,4000,all,745
0.023413,0.0240994,0.0,0.9715179631028158,0.028482036897184204,snapshot_746.xyz,64,4000,16.796962,4000,all,746
0.0234468,0.0241556,0.0,0.9706569077149813,0.029343092285018746,snapshot_747.xyz,64,4000,16.796962,4000,all,747
0.0233341,0.0242792,0.0,0.9610736762331543,0.03892632376684568,snapshot_748.xyz,64,4000,16.796962,4000,all,748
0.0234355,0.0243467,0.0,0.9625739833324435,0.037426016667556516,snapshot_749.xyz,64,4000,16.796962,4000,all,749
0.0235031,0.0240882,0.0,0.9757100987205353,0.024289901279464732,snapshot_750.xyz,64,4000,16.796962,4000,all,750
0.0233341,0.0243916,0.0,0.9566449105429738,0.04335508945702615,snapshot_751.xyz,64,4000,16.796962,4000,all,751
0.0233454,0.0241781,0.0,0.9655597420806431,0.0344402579193569,snapshot_752.xyz,64,4000,16.796962,4000,all,752
0.0235256,0.0242343,0.0,0.9707563247133195,0.02924367528668048,snapshot_753.xyz,64,4000,16.796962,4000,all,753
0.0233679,0.0241219,0.0,0.9687420974301361,0.03125790256986394,snapshot_754.xyz,64,4000,16.796962,4000,all,754
0.0235256,0.0243354,0.0,0.9667233741791793,0.03327662582082069,snapshot_755.xyz,64,4000,16.796962,4000,all,755
0.0234017,0.0241893,0.0,0.9674401491568586,0.03255985084314139,snapshot_756.xyz,64,4000,16.796962,4000,all,756
0.0234355,0.0243242,0.0,0.9634643688178851,0.03653563118211489,snapshot_757.xyz,64,4000,16.796962,4000,all,757
0.0234918,0.0242792,0.0,0.9675689479060265,0.032431052093973456,snapshot_758.xyz,64,4000,16.796962,4000,all,758
0.0233679,0.0242455,0.0,0.9638035924192119,0.036196407580788126,snapshot_759.xyz,64,4000,16.796962,4000,all,759
0.0235031,0.0242006,0.0,0.971178400535524,0.028821599464476044,snapshot_760.xyz,64,4000,16.796962,4000,all,760
0.0234468,0.0241781,0.0,0.969753620011498,0.030246379988501992,snapshot_761.xyz,64,4000,16.796962,4000,all,761
0.023413,0.0242343,0.0,0.9661100176196548,0.03388998238034524,snapshot_762.xyz,64,4000,16.796962,4000,all,762
0.0233904,0.0242118,0.0,0.9660743934775605,0.03392560652243948,snapshot_763.xyz,64,4000,16.796962,4000,all,763
0.0234355,0.0242343,0.0,0.967038453761817,0.03296154623818304,snapshot_764.xyz,64,4000,16.796962,4000,all,764
0.0234693,0.0241781,0.0,0.9706842142269243,0.029315785773075698,snapshot_765.xyz,64,4000,16.796962,4000,all,765
0.0235143,0.0244141,0.0,0.963144248610434,0.03685575138956598,snapshot_766.xyz,64,4000,16.796962,4000,all,766
0.0233003,0.0243017,0.0,0.9587930062505915,0.041206993749408505,snapshot_767.xyz,64,4000,16.796962,4000,all,767
0.0234806,0.0242792,0.0,0.9671076476984415,0.032892352301558514,snapshot_768.xyz,64,4000,16.796962,4000,all,768
0.0233679,0.0242905,0.0,0.9620180729091621,0.03798192709083792,snapshot_769.xyz,64,4000,16.796962,4000,all,769
0.0233567,0.0242905,0.0,0.9615569872995616,0.03844301270043837,snapshot_770.xyz,64,4000,16.796962,4000,all,770
0.0233229,0.024313,0.0,0.9592769300374285,0.04072306996257147,snapshot_771.xyz,64,4000,16.796962,4000,all,771
0.0233567,0.0242006,0.0,0.9651289637447006,0.034871036255299415,snapshot_772.xyz,64,4000,16.796962,4000,all,772
0.0233792,0.0241556,0.0,0.9678583848051797,0.03214161519482028,snapshot_773.xyz,64,4000,16.796962,4000,all,773
0.023458,0.0242118,0.0,0.9688664205057038,0.031133579494296182,snapshot_774.xyz,64,4000,16.796962,4000,all,774
0.0234017,0.0241781,0.0,0.9678882956063545,0.032111704393645524,snapshot_775.xyz,64,4000,16.796962,4000,all,775
0.0232891,0.0241444,0.0,0.9645756365865377,0.035424363413462334,snapshot_776.xyz,64,4000,16.796962,4000,all,776
0.0233454,0.0241444,0.0,0.9669074402345885,0.03309255976541148,snapshot_777.xyz,64,4000,16.796962,4000,all,777
0.0234918,0.0242792,0.0,0.9675689479060265,0.032431052093973456,snapshot_778.xyz,64,4000,16.796962,4000,all,778
0.0234693,0.0242455,0.0,0.9679858118001278,0.03201418819987223,snapshot_779.xyz,64,4000,16.796962,4000,all,779
0.0234242,0.0242118,0.0,0.9674704069916322,0.032529593008367774,snapshot_780.xyz,64,4000,16.796962,4000,all,780
0.0234017,0.0242792,0.0,0.9638579524860786,0.03614204751392136,snapshot_781.xyz,64,4000,16.796962,4000,all,781
0.0233341,0.0241219,0.0,0.9673408811080387,0.03265911889196127,snapshot_782.xyz,64,4000,16.796962,4000,all,782
0.0234806,0.0244028,0.0,0.9622092546756931,0.03779074532430693,snapshot_783.xyz,64,4000,16.796962,4000,all,783
0.0233567,0.0241444,0.0,0.9673754576630607,0.032624542336939344,snapshot_784.xyz,64,4000,16.796962,4000,all,784
0.0235481,0.0243242,0.0,0.9680935035890182,0.031906496410981755,snapshot_785.xyz,64,4000,16.796962,4000,all,785
0.0233679,0.0242568,0.0,0.9633546057188088,0.03664539428119118,snapshot_786.xyz,64,4000,16.796962,4000,all,786
0.0233229,0.0242455,0.0,0.9619475779010538,0.038052422098946215,snapshot_787.xyz,64,4000,16.796962,4000,all,787
0.0233904,0.0241331,0.0,0.9692248405716629,0.030775159428337084,snapshot_788.xyz,64,4000,16.796962,4000,all,788
0.0233679,0.0242455,0.0,0.9638035924192119,0.036196407580788126,snapshot_789.xyz,64,4000,16.796962,4000,all,789
0.0233003,0.0243579,0.0,0.9565808218278259,0.04341917817217411,snapshot_790.xyz,64,4000,16.796962,4000,all,790
0.0233229,0.024268,0.0,0.9610557112246579,0.03894428877534206,snapshot_791.xyz,64,4000,16.796962,4000,all,791
0.0235143,0.0242905,0.0,0.968045120520368,0.03195487947963205,snapshot_792.xyz,64,4000,16.796962,4000,all,792
0.0234017,0.024268,0.0,0.9643027855612328,0.035697214438767166,snapshot_793.xyz,64,4000,16.796962,4000,all,793
0.0234693,0.0243242,0.0,0.9648539314756497,0.035146068524350316,snapshot_794.xyz,64,4000,16.796962,4000,all,794
0.0234693,0.0241331,0.0,0.9724942091981551,0.027505790801844898,snapshot_795.xyz,64,4000,16.796962,4000,all,795
0.0232891,0.0241556,0.0,0.9641284008677077,0.03587159913229232,snapshot_796.xyz,64,4000,16.796962,4000,all,796
0.0232665,0.0241106,0.0,0.9649905021028096,0.035009497897190434,snapshot_797.xyz,64,4000,16.796962,4000,all,797
0.0233904,0.024313,0.0,0.9620532225558343,0.03794677744416575,snapshot_798.xyz,64,4000,16.796962,4000,all,798
0.0233229,0.0241893,0.0,0.9641825104488349,0.03581748955116515,snapshot_799.xyz,64,4000,16.796962,4000,all,799
0.023458,0.024268,0.0,0.9666227130377452,0.03337728696225484,snapshot_800.xyz,64,4000,16.796962,4000,all,800
0.0233792,0.0242343,0.0,0.9647153002149845,0.03528469978501547,snapshot_801.xyz,64,4000,16.796962,4000,all,801
0.023458,0.0241893,0.0,0.9697676245282004,0.030232375471799577,snapshot_802.xyz,64,4000,16.796962,4000,all,802
0.023413,0.0241893,0.0,0.9679072978548366,0.032092702145163354,snapshot_803.xyz,64,4000,16.796962,4000,all,803
0.023413,0.0241556,0.0,0.9692576462600805,0.030742353739919515,snapshot_804.xyz,64,4000,16.796962,4000,all,804
0.0233904,0.0243017,0.0,0.9625005658040384,0.03749943419596158,snapshot_805.xyz,64,4000,16.796962,4000,all,805
0.0235031,0.0241781,0.0,0.9720821735372092,0.02791782646279084,snapshot_806.xyz,64,4000,16.796962,4000,all,806
0.0234242,0.0243579,0.0,0.9616674672282914,0.03833253277170856,snapshot_807.xyz,64,4000,16.796962,4000,all,807
0.0233229,0.0242455,0.0,0.9619475779010538,0.038052422098946215,snapshot_808.xyz,64,4000,16.796962,4000,all,808
0.0233341,0.0242231,0.0,0.9632994951100395,0.03670050488996046,snapshot_809.xyz,64,4000,16.796962,4000,all,809
0.0233341,0.0242006,0.0,0.964195102600762,0.03580489739923798,snapshot_810.xyz,64,4000,16.796962,4000,all,810
0.0234693,0.0242231,0.0,0.9688809442226634,0.031119055777336646,snapshot_811.xyz,64,4000,16.796962,4000,all,811
0.0233341,0.0242231,0.0,0.9632994951100395,0.03670050488996046,snapshot_812.xyz,64,4000,16.796962,4000,all,812
0.0233229,0.0241331,0.0,0.9664278522029909,0.03357214779700912,snapshot_813.xyz,64,4000,16.796962,4000,all,813
0.023458,0.0241781,0.0,0.9702168491320657,0.02978315086793426,snapshot_814.xyz,64,4000,16.796962,4000,all,814
0.0233003,0.0241444,0.0,0.965039512267855,0.034960487732144996,snapshot_815.xyz,64,4000,16.796962,4000,all,815
0.0236157,0.0242343,0.0,0.9744741956648222,0.025525804335177815,snapshot_816.xyz,64,4000,16.796962,4000,all,816
0.0232891,0.0243804,0.0,0.9552386343128086,0.04476136568719136,snapshot_817.xyz,64,4000,16.796962,4000,all,817
0.0233229,0.024268,0.0,0.9610557112246579,0.03894428877534206,snapshot_818.xyz,64,4000,16.796962,4000,all,818
0.0233003,0.0243354,0.0,0.9574652563754859,0.04253474362451415,snapshot_819.xyz,64,4000,16.796962,4000,all,819
0.0234017,0.024268,0.0,0.9643027855612328,0.035697214438767166,snapshot_820.xyz,64,4000,16.796962,4000,all,820
0.023413,0.0242006,0.0,0.967455352346636,0.032544647653363956,snapshot_821.xyz,64,4000,16.796962,4000,all,821
0.023413,0.0242006,0.0,0.967455352346636,0.032544647653363956,snapshot_822.xyz,64,4000,16.796962,4000,all,822
0.0232891,0.0242006,0.0,0.9623356445707958,0.03766435542920421,snapshot_823.xyz,64,4000,16.796962,4000,all,823
0.0233792,0.0242455,0.0,0.9642696582871048,0.03573034171289524,snapshot_824.xyz,64,4000,16.796962,4000,all,824
0.023413,0.0242231,0.0,0.9665567165226581,0.033443283477341934,snapshot_825.xyz,64,4000,16.796962,4000,all,825
0.0234693,0.0241669,0.0,0.9711340718089617,0.02886592819103828,snapshot_826.xyz,64,4000,16.796962,4000,all,826
0.0236269,0.0242792,0.0,0.9731333816600217,0.026866618339978277,snapshot_827.xyz,64,4000,16.796962,4000,all,827
0.0233904,0.0242343,0.0,0.9651774550946385,0.03482254490536152,snapshot_828.xyz,64,4000,16.796962,4000,all,828
0.023458,0.0242231,0.0,0.9684144473663568,0.031585552633643155,snapshot_829.xyz,64,4000,16.796962,4000,all,829
0.023413,0.0241669,0.0,0.9688044391295532,0.031195560870446837,snapshot_830.xyz,64,4000,16.796962,4000,all,830
0.0232891,0.0242455,0.0,0.9605535047740819,0.03944649522591814,snapshot_831.xyz,64,4000,16.796962,4000,all,831
0.023458,0.0242231,0.0,0.9684144473663568,0.031585552633643155,snapshot_832.xyz,64,4000,16.796962,4000,all,832
0.0234017,0.024313,0.0,0.9625179944885452,0.03748200551145475,snapshot_833.xyz,64,4000,16.796962,4000,all,833
0.0233679,0.0242343,0.0,0.9642490189524765,0.0357509810475235,snapshot_834.xyz,64,4000,16.796962,4000,all,834
0.0233904,0.0240544,0.0,0.9723959026207263,0.027604097379273718,snapshot_835.xyz,64,4000,16.796962,4000,all,835
0.0235143,0.0241331,0.0,0.9743588681106031,0.025641131889396873,snapshot_836.xyz,64,4000,16.796962,4000,all,836
0.023458,0.0242006,0.0,0.9693148103766023,0.030685189623397724,snapshot_837.xyz,64,4000,16.796962,4000,all,837
0.0233116,0.0242118,0.0,0.9628197820897249,0.03718021791027515,snapshot_838.xyz,64,4000,16.796962,4000,all,838
0.0235143,0.0241669,0.0,0.9729961227960556,0.02700387720394437,snapshot_839.xyz,64,4000,16.796962,4000,all,839
0.023413,0.0242231,0.0,0.9665567165226581,0.033443283477341934,snapshot_840.xyz,64,4000,16.796962,4000,all,840
0.0234017,0.0242343,0.0,0.9656437363571467,0.03435626364285327,snapshot_841.xyz,64,4000,16.796962,4000,all,841
0.0235031,0.0242118,0.0,0.9707291485969651,0.02927085140303487,snapshot_842.xyz,64,4000,16.796962,4000,all,842
0.0233792,0.0242905,0.0,0.9624832753545625,0.03751672464543754,snapshot_843.xyz,64,4000,16.796962,4000,all,843
0.0232553,0.0242006,0.0,0.9609389849838433,0.039061015016156664,snapshot_844.xyz,64,4000,16.796962,4000,all,844
0.023413,0.0242006,0.0,0.967455352346636,0.032544647653363956,snapshot_845.xyz,64,4000,16.796962,4000,all,845
0.0233567,0.0241331,0.0,0.967828418230563,0.03217158176943702,snapshot_846.xyz,64,4000,16.796962,4000,all,846
0.023458,0.0241106,0.0,0.9729330667839042,0.027066933216095768,snapshot_847.xyz,64,4000,16.796962,4000,all,847
0.023244,0.0241669,0.0,0.9618114032002449,0.03818859679975506,snapshot_848.xyz,64,4000,16.796962,4000,all,848
0.0232665,0.0241893,0.0,0.9618509010182188,0.038149098981781204,snapshot_849.xyz,64,4000,16.796962,4000,all,849
0.0233229,0.0240769,0.0,0.9686836760546417,0.031316323945358326,snapshot_850.xyz,64,4000,16.796962,4000,all,850
0.0234918,0.0242231,0.0,0.9698098096445128,0.0301901903554872,snapshot_851.xyz,64,4000,16.796962,4000,all,851
0.0234468,0.024268,0.0,0.9661611999340695,0.03383880006593054,snapshot_852.xyz,64,4000,16.796962,4000,all,852
0.0234468,0.0241893,0.0,0.9693046098894966,0.030695390110503373,snapshot_853.xyz,64,4000,16.796962,4000,all,853
0.0232665,0.0241669,0.0,0.9627424286937918,0.037257571306208215,snapshot_854.xyz,64,4000,16.796962,4000,all,854
0.0233229,0.0243467,0.0,0.9579491265756757,0.04205087342432434,snapshot_855.xyz,64,4000,16.796962,4000,all,855
0.0234918,0.0241893,0.0,0.9711649365628604,0.028835063437139596,snapshot_856.xyz,64,4000,16.796962,4000,all,856
0.0234355,0.0242905,0.0,0.9648010539099648,0.035198946090035155,snapshot_857.xyz,64,4000,16.796962,4000,all,857
0.0235031,0.0243467,0.0,0.9653505403196326,0.03464945968036737,snapshot_858.xyz,64,4000,16.796962,4000,all,858
0.0234693,0.023987,0.0,0.9784174761329052,0.021582523867094805,snapshot_859.xyz,64,4000,16.796962,4000,all,859
0.0233341,0.024268,0.0,0.9615172243283335,0.03848277567166647,snapshot_860.xyz,64,4000,16.796962,4000,all,860
0.0233454,0.0242006,0.0,0.9646620331727312,0.03533796682726875,snapshot_861.xyz,64,4000,16.796962,4000,all,861
0.0233792,0.0241669,0.0,0.9674058319436915,0.03259416805630855,snapshot_862.xyz,64,4000,16.796962,4000,all,862
0.0235481,0.0243017,0.0,0.9689898237571857,0.031010176242814325,snapshot_863.xyz,64,4000,16.796962,4000,all,863
0.0234242,0.024268,0.0,0.9652299324212954,0.0347700675787046,snapshot_864.xyz,64,4000,16.796962,4000,all,864
0.0235143,0.024268,0.0,0.9689426405142574,0.03105735948574262,snapshot_865.xyz,64,4000,16.796962,4000,all,865
0.0235706,0.024268,0.0,0.9712625679907697,0.02873743200923029,snapshot_866.xyz,64,4000,16.796962,4000,all,866
0.0235031,0.0241331,0.0,0.9738947752257272,0.026105224774272795,snapshot_867.xyz,64,4000,16.796962,4000,all,867
0.0235031,0.0240769,0.0,0.9761680282760654,0.023831971723934586,snapshot_868.xyz,64,4000,16.796962,4000,all,868
0.0235256,0.0242792,0.0,0.9689610860324888,0.03103891396751124,snapshot_869.xyz,64,4000,16.796962,4000,all,869
0.023458,0.0243579,0.0,0.9630551073778939,0.036944892622106096,snapshot_870.xyz,64,4000,16.796962,4000,all,870
0.0235369,0.0243467,0.0,0.9667388188132273,0.03326118118677268,snapshot_871.xyz,64,4000,16.796962,4000,all,871
0.0234806,0.024313,0.0,0.9657631719656151,0.03423682803438488,snapshot_872.xyz,64,4000,16.796962,4000,all,872
0.023458,0.024313,0.0,0.9648336281001932,0.03516637189980676,snapshot_873.xyz,64,4000,16.796962,4000,all,873
0.0235031,0.0242792,0.0,0.9680343668654651,0.03196563313453493,snapshot_874.xyz,64,4000,16.796962,4000,all,874
0.0234242,0.0241893,0.0,0.9683703124935404,0.03162968750645956,snapshot_875.xyz,64,4000,16.796962,4000,all,875
0.0235931,0.0241893,0.0,0.9753527386075661,0.024647261392433895,snapshot_876.xyz,64,4000,16.796962,4000,all,876
0.0234355,0.0242905,0.0,0.9648010539099648,0.035198946090035155,snapshot_877.xyz,64,4000,16.796962,4000,all,877
0.023458,0.0240994,0.0,0.9733852295077886,0.026614770492211393,snapshot_878.xyz,64,4000,16.796962,4000,all,878
0.0234355,0.0242343,0.0,0.967038453761817,0.03296154623818304,snapshot_879.xyz,64,4000,16.796962,4000,all,879
0.0235143,0.0241669,0.0,0.9729961227960556,0.02700387720394437,snapshot_880.xyz,64,4000,16.796962,4000,all,880
0.0233567,0.0241669,0.0,0.9664748064501446,0.03352519354985539,snapshot_881.xyz,64,4000,16.796962,4000,all,881
0.0234242,0.0242118,0.0,0.9674704069916322,0.032529593008367774,snapshot_882.xyz,64,4000,16.796962,4000,all,882
0.0235481,0.0242231,0.0,0.9721340373445182,0.027865962655481802,snapshot_883.xyz,64,4000,16.796962,4000,all,883
0.0234017,0.0242455,0.0,0.9651976655461839,0.034802334453816086,snapshot_884.xyz,64,4000,16.796962,4000,all,884
0.0234017,0.0240882,0.0,0.9715005687432021,0.02849943125679788,snapshot_885.xyz,64,4000,16.796962,4000,all,885
0.0235819,0.0242455,0.0,0.9726299725722299,0.02737002742777006,snapshot_886.xyz,64,4000,16.796962,4000,all,886
0.0234017,0.0241219,0.0,0.9701433137522334,0.029856686247766606,snapshot_887.xyz,64,4000,16.796962,4000,all,887
0.0234017,0.0242455,0.0,0.9651976655461839,0.034802334453816086,snapshot_888.xyz,64,4000,16.796962,4000,all,888
0.0234242,0.0242231,0.0,0.9670190850882009,0.03298091491179911,snapshot_889.xyz,64,4000,16.796962,4000,all,889
0.0233229,0.0240207,0.0,0.9709500555770648,0.02904994442293518,snapshot_890.xyz,64,4000,16.796962,4000,all,890
0.023458,0.0243017,0.0,0.9652822642037389,0.03471773579626114,snapshot_891.xyz,64,4000,16.796962,4000,all,891
0.0233679,0.0242006,0.0,0.9655917621877144,0.034408237812285636,snapshot_892.xyz,64,4000,16.796962,4000,all,892
0.0233904,0.0243017,0.0,0.9625005658040384,0.03749943419596158,snapshot_893.xyz,64,4000,16.796962,4000,all,893
0.0234017,0.0242343,0.0,0.9656437363571467,0.03435626364285327,snapshot_894.xyz,64,4000,16.796962,4000,all,894
0.0235143,0.0243017,0.0,0.9675989745573355,0.032401025442664544,snapshot_895.xyz,64,4000,16.796962,4000,all,895
0.0232665,0.0241669,0.0,0.9627424286937918,0.037257571306208215,snapshot_896.xyz,64,4000,16.796962,4000,all,896
0.0232778,0.0242118,0.0,0.9614237685756533,0.03857623142434674,snapshot_897.xyz,64,4000,16.796962,4000,all,897
0.0234468,0.0242118,0.0,0.9684038361460116,0.031596163853988446,snapshot_898.xyz,64,4000,16.796962,4000,all,898
0.0233003,0.0242343,0.0,0.9614595841431359,0.038540415856864074,snapshot_899.xyz,64,4000,16.796962,4000,all,899
0.0233567,0.0241781,0.0,0.9660271071755018,0.033972892824498224,snapshot_900.xyz,64,4000,16.796962,4000,all,900
0.0232665,0.0244365,0.0,0.9521208028973053,0.047879197102694726,snapshot_901.xyz,64,4000,16.796962,4000,all,901
0.0233792,0.0242118,0.0,0.9656118091178681,0.03438819088213185,snapshot_902.xyz,64,4000,16.796962,4000,all,902
0.0233341,0.0240882,0.0,0.9686942154249798,0.0313057845750202,snapshot_903.xyz,64,4000,16.796962,4000,all,903
0.0234242,0.0244028,0.0,0.9598980444866982,0.04010195551330176,snapshot_904.xyz,64,4000,16.796962,4000,all,904
0.0233229,0.0241556,0.0,0.9655276623226084,0.03447233767739155,snapshot_905.xyz,64,4000,16.796962,4000,all,905
0.0234017,0.0244365,0.0,0.9576535101180611,0.0423464898819389,snapshot_906.xyz,64,4000,16.796962,4000,all,906
0.0234693,0.0242455,0.0,0.9679858118001278,0.03201418819987223,snapshot_907.xyz,64,4000,16.796962,4000,all,907
0.0233003,0.0242343,0.0,0.9614595841431359,0.038540415856864074,snapshot_908.xyz,64,4000,16.796962,4000,all,908
0.0233792,0.024313,0.0,0.9615925636490765,0.038407436350923474,snapshot_909.xyz,64,4000,16.796962,4000,all,909
0.0234017,0.0241444,0.0,0.9692392438826395,0.03076075611736051,snapshot_910.xyz,64,4000,16.796962,4000,all,910
0.023413,0.0242455,0.0,0.9656637314140768,0.0343362685859232,snapshot_911.xyz,64,4000,16.796962,4000,all,911
0.0236044,0.024313,0.0,0.970855098095669,0.029144901904331055,snapshot_912.xyz,64,4000,16.796962,4000,all,912
0.0233792,0.0241556,0.0,0.9678583848051797,0.03214161519482028,snapshot_913.xyz,64,4000,16.796962,4000,all,913
0.0234017,0.0241331,0.0,0.969693077143011,0.030306922856988994,snapshot_914.xyz,64,4000,16.796962,4000,all,914
0.023413,0.0243579,0.0,0.9612076574745771,0.03879234252542285,snapshot_915.xyz,64,4000,16.796962,4000,all,915
0.0235031,0.0241893,0.0,0.9716320852608384,0.02836791473916156,snapshot_916.xyz,64,4000,16.796962,4000,all,916
0.0235931,0.0243017,0.0,0.9708415460646785,0.02915845393532146,snapshot_917.xyz,64,4000,16.796962,4000,all,917
0.0234806,0.0243242,0.0,0.9653184894056125,0.03468151059438751,snapshot_918.xyz,64,4000,16.796962,4000,all,918
0.0236269,0.0241331,0.0,0.9790246590781955,0.02097534092180453,snapshot_919.xyz,64,4000,16.796962,4000,all,919
0.0233904,0.0241669,0.0,0.9678692757449238,0.03213072425507624,snapshot_920.xyz,64,4000,16.796962,4000,all,920
0.0233904,0.0242455,0.0,0.9647315996782908,0.03526840032170919,snapshot_921.xyz,64,4000,16.796962,4000,all,921
0.0234918,0.0242006,0.0,0.9707114699635546,0.02928853003644538,snapshot_922.xyz,64,4000,16.796962,4000,all,922
0.0233003,0.0241893,0.0,0.9632482130528787,0.036751786947121334,snapshot_923.xyz,64,4000,16.796962,4000,all,923
0.0234468,0.0243467,0.0,0.9630381119412488,0.036961888058751224,snapshot_924.xyz,64,4000,16.796962,4000,all,924
0.0232665,0.0241781,0.0,0.9622964583652147,0.03770354163478529,snapshot_925.xyz,64,4000,16.796962,4000,all,925
0.0235256,0.0243017,0.0,0.9680639626034393,0.0319360373965607,snapshot_926.xyz,64,4000,16.796962,4000,all,926
0.0235143,0.0243242,0.0,0.9667039409312536,0.03329605906874644,snapshot_927.xyz,64,4000,16.796962,4000,all,927
0.0234806,0.0243579,0.0,0.9639829377737819,0.036017062226218144,snapshot_928.xyz,64,4000,16.796962,4000,all,928
0.023413,0.024268,0.0,0.9647684193176198,0.03523158068238019,snapshot_929.xyz,64,4000,16.796962,4000,all,929
0.0235143,0.0242006,0.0,0.9716411989785377,0.028358801021462265,snapshot_930.xyz,64,4000,16.796962,4000,all,930
0.0234017,0.0242118,0.0,0.9665411080547502,0.03345889194524976,snapshot_931.xyz,64,4000,16.796962,4000,all,931
0.0235143,0.0242118,0.0,0.9711917329566575,0.028808267043342495,snapshot_932.xyz,64,4000,16.796962,4000,all,932
0.023413,0.0241444,0.0,0.9697072613111115,0.030292738688888488,snapshot_933.xyz,64,4000,16.796962,4000,all,933
0.0235031,0.0242231,0.0,0.9702763065008194,0.02972369349918058,snapshot_934.xyz,64,4000,16.796962,4000,all,934
0.0233792,0.0241669,0.0,0.9674058319436915,0.03259416805630855,snapshot_935.xyz,64,4000,16.796962,4000,all,935
0.0235369,0.0242455,0.0,0.9707739580540719,0.02922604194592815,snapshot_936.xyz,64,4000,16.796962,4000,all,936
0.0233792,0.0241893,0.0,0.9665099858201767,0.033490014179823335,snapshot_937.xyz,64,4000,16.796962,4000,all,937
0.023458,0.0241556,0.0,0.9711205683154217,0.028879431684578294,snapshot_938.xyz,64,4000,16.796962,4000,all,938
0.0233454,0.0241781,0.0,0.9655597420806431,0.0344402579193569,snapshot_939.xyz,64,4000,16.796962,4000,all,939
0.0235031,0.0242792,0.0,0.9680343668654651,0.03196563313453493,snapshot_940.xyz,64,4000,16.796962,4000,all,940
0.0234355,0.0243691,0.0,0.961689188357387,0.03831081164261296,snapshot_941.xyz,64,4000,16.796962,4000,all,941
0.0234693,0.0241893,0.0,0.9702347732261785,0.02976522677382154,snapshot_942.xyz,64,4000,16.796962,4000,all,942
0.0235143,0.0241669,0.0,0.9729961227960556,0.02700387720394437,snapshot_943.xyz,64,4000,16.796962,4000,all,943
0.0234355,0.0242568,0.0,0.966141453118301,0.03385854688169898,snapshot_944.xyz,64,4000,16.796962,4000,all,944
0.0234468,0.0241444,0.0,0.971107171849373,0.028892828150626992,snapshot_945.xyz,64,4000,16.796962,4000,all,945
0.0234806,0.0242568,0.0,0.9680007255697373,0.031999274430262736,snapshot_946.xyz,64,4000,16.796962,4000,all,946
0.0234918,0.0241556,0.0,0.9725198297703225,0.027480170229677525,snapshot_947.xyz,64,4000,16.796962,4000,all,947
0.0234468,0.0241106,0.0,0.9724685408077776,0.02753145919222244,snapshot_948.xyz,64,4000,16.796962,4000,all,948
0.0234017,0.0242006,0.0,0.9669884217746668,0.03301157822533318,snapshot_949.xyz,64,4000,16.796962,4000,all,949
0.0234355,0.0241556,0.0,0.9701891072877512,0.029810892712248793,snapshot_950.xyz,64,4000,16.796962,4000,all,950
0.023413,0.0240994,0.0,0.9715179631028158,0.028482036897184204,snapshot_951.xyz,64,4000,16.796962,4000,all,951
0.0233567,0.0242118,0.0,0.9646825101809863,0.035317489819013725,snapshot_952.xyz,64,4000,16.796962,4000,all,952
0.0235931,0.0241669,0.0,0.9762567809690113,0.02374321903098875,snapshot_953.xyz,64,4000,16.796962,4000,all,953
0.0236157,0.0242455,0.0,0.9740240456992019,0.025975954300798132,snapshot_954.xyz,64,4000,16.796962,4000,all,954
0.0234242,0.0242118,0.0,0.9674704069916322,0.032529593008367774,snapshot_955.xyz,64,4000,16.796962,4000,all,955
0.0232891,0.0242006,0.0,0.9623356445707958,0.03766435542920421,snapshot_956.xyz,64,4000,16.796962,4000,all,956
0.0234468,0.0240095,0.0,0.9765634436368937,0.023436556363106265,snapshot_957.xyz,64,4000,16.796962,4000,all,957
0.0234806,0.0241893,0.0,0.9707019219241566,0.029298078075843392,snapshot_958.xyz,64,4000,16.796962,4000,all,958
0.0234355,0.0242231,0.0,0.9674855819445075,0.03251441805549249,snapshot_959.xyz,64,4000,16.796962,4000,all,959
0.0234468,0.024268,0.0,0.9661611999340695,0.03383880006593054,snapshot_960.xyz,64,4000,16.796962,4000,all,960
0.0233904,0.0242343,0.0,0.9651774550946385,0.03482254490536152,snapshot_961.xyz,64,4000,16.796962,4000,all,961
0.0233679,0.0242343,0.0,0.9642490189524765,0.0357509810475235,snapshot_962.xyz,64,4000,16.796962,4000,all,962
0.0234355,0.0240432,0.0,0.9747246622745724,0.02527533772542756,snapshot_963.xyz,64,4000,16.796962,4000,all,963
0.0233567,0.0241781,0.0,0.9660271071755018,0.033972892824498224,snapshot_964.xyz,64,4000,16.796962,4000,all,964
0.0234693,0.0244927,0.0,0.9582161215382542,0.041783878461745805,snapshot_965.xyz,64,4000,16.796962,4000,all,965
0.0233679,0.0242568,0.0,0.9633546057188088,0.03664539428119118,snapshot_966.xyz,64,4000,16.796962,4000,all,966
0.0233341,0.0242231,0.0,0.9632994951100395,0.03670050488996046,snapshot_967.xyz,64,4000,16.796962,4000,all,967
0.0235031,0.0243017,0.0,0.9671381014496928,0.03286189855030719,snapshot_968.xyz,64,4000,16.796962,4000,all,968
0.023413,0.0241669,0.0,0.9688044391295532,0.031195560870446837,snapshot_969.xyz,64,4000,16.796962,4000,all,969
0.0233792,0.0243242,0.0,0.9611498014323184,0.03885019856768157,snapshot_970.xyz,64,4000,16.796962,4000,all,970
0.0234918,0.0243467,0.0,0.9648864117108273,0.03511358828917266,snapshot_971.xyz,64,4000,16.796962,4000,all,971
0.0234468,0.0243691,0.0,0.9621528903406362,0.037847109659363776,snapshot_972.xyz,64,4000,16.796962,4000,all,972
0.0235706,0.024268,0.0,0.9712625679907697,0.02873743200923029,snapshot_973.xyz,64,4000,16.796962,4000,all,973
0.0235143,0.024313,0.0,0.9671492617118412,0.032850738288158765,snapshot_974.xyz,64,4000,16.796962,4000,all,974
0.0233792,0.0242231,0.0,0.9651613542445021,0.03483864575549789,snapshot_975.xyz,64,4000,16.796962,4000,all,975
0.0234693,0.0243804,0.0,0.9626298173943003,0.03737018260569969,snapshot_976.xyz,64,4000,16.796962,4000,all,976
0.0234806,0.0242006,0.0,0.9702486715205408,0.02975132847945916,snapshot_977.xyz,64,4000,16.796962,4000,all,977
0.0233454,0.0242455,0.0,0.9628755851601327,0.03712441483986728,snapshot_978.xyz,64,4000,16.796962,4000,all,978
0.023458,0.0242792,0.0,0.9661768097795643,0.03382319022043567,snapshot_979.xyz,64,4000,16.796962,4000,all,979
0.0233003,0.0242905,0.0,0.9592350919083592,0.040764908091640795,snapshot_980.xyz,64,4000,16.796962,4000,all,980
0.0234693,0.0242006,0.0,0.9697817409485715,0.030218259051428498,snapshot_981.xyz,64,4000,16.796962,4000,all,981
0.023413,0.0241781,0.0,0.968355660701213,0.03164433929878696,snapshot_982.xyz,64,4000,16.796962,4000,all,982
0.0235256,0.0243242,0.0,0.9671684988612164,0.032831501138783636,snapshot_983.xyz,64,4000,16.796962,4000,all,983
0.0232102,0.0241556,0.0,0.9608620775306762,0.039137922469323794,snapshot_984.xyz,64,4000,16.796962,4000,all,984
0.023413,0.0241781,0.0,0.968355660701213,0.03164433929878696,snapshot_985.xyz,64,4000,16.796962,4000,all,985
0.023413,0.0243579,0.0,0.9612076574745771,0.03879234252542285,snapshot_986.xyz,64,4000,16.796962,4000,all,986
0.0235481,0.0241781,0.0,0.973943361968062,0.02605663803193803,snapshot_987.xyz,64,4000,16.796962,4000,all,987
0.0235256,0.0242343,0.0,0.9707563247133195,0.02924367528668048,snapshot_988.xyz,64,4000,16.796962,4000,all,988
0.0233229,0.0241106,0.0,0.9673297221968761,0.032670277803123926,snapshot_989.xyz,64,4000,16.796962,4000,all,989
0.0234693,0.0242343,0.0,0.9684331711664871,0.03156682883351292,snapshot_990.xyz,64,4000,16.796962,4000,all,990
0.0235369,0.0242343,0.0,0.9712226059758277,0.028777394024172342,snapshot_991.xyz,64,4000,16.796962,4000,all,991
0.0233679,0.0240657,0.0,0.9710043755220086,0.028995624477991422,snapshot_992.xyz,64,4000,16.796962,4000,all,992
0.0235031,0.0242455,0.0,0.9693798849270998,0.03062011507290019,snapshot_993.xyz,64,4000,16.796962,4000,all,993
0.023413,0.0243467,0.0,0.9616498334476541,0.03835016655234591,snapshot_994.xyz,64,4000,16.796962,4000,all,994
0.0233679,0.024268,0.0,0.9629100049447832,0.03708999505521682,snapshot_995.xyz,64,4000,16.796962,4000,all,995
0.0234468,0.0241106,0.0,0.9724685408077776,0.02753145919222244,snapshot_996.xyz,64,4000,16.796962,4000,all,996
0.023458,0.0241219,0.0,0.9724772924189221,0.027522707581077888,snapshot_997.xyz,64,4000,16.796962,4000,all,997
0.023413,0.0242792,0.0,0.9643233714455172,0.03567662855448284,snapshot_998.xyz,64,4000,16.796962,4000,all,998
0.0234355,0.0242455,0.0,0.966591738673156,0.033408261326844046,snapshot_999.xyz,64,4000,16.796962,4000,all,999
0.0233904,0.0242792,0.0,0.96339253352664,0.036607466473359995,snapshot_1000.xyz,64,4000,16.796962,4000,all,1000
0.0233904,0.024268,0.0,0.9638371518048457,0.03616284819515425,snapshot_1001.xyz,64,4000,16.796962,4000,all,1001
0.0233229,0.0241556,0.0,0.9655276623226084,0.03447233767739155,snapshot_1002.xyz,64,4000,16.796962,4000,all,1002
0.023413,0.0242006,0.0,0.967455352346636,0.032544647653363956,snapshot_1003.xyz,64,4000,16.796962,4000,all,1003
0.023458,0.0242792,0.0,0.9661768097795643,0.03382319022043567,snapshot_1004.xyz,64,4000,16.796962,4000,all,1004
0.0234693,0.0242343,0.0,0.9684331711664871,0.03156682883351292,snapshot_1005.xyz,64,4000,16.796962,4000,all,1005
0.0236719,0.0242905,0.0,0.9745332537411745,0.0254667462588255,snapshot_1006.xyz,64,4000,16.796962,4000,all,1006
0.0233567,0.0242455,0.0,0.9633416510280258,0.036658348971974175,snapshot_1007.xyz,64,4000,16.796962,4000,all,1007
0.023413,0.0242118,0.0,0.9670078226319399,0.03299217736806015,snapshot_1008.xyz,64,4000,16.796962,4000,all,1008
0.0234806,0.0243242,0.0,0.9653184894056125,0.03468151059438751,snapshot_1009.xyz,64,4000,16.796962,4000,all,1009
0.0234355,0.0243017,0.0,0.9643564030499925,0.03564359695000752,snapshot_1010.xyz,64,4000,16.796962,4000,all,1010
0.0234918,0.0242905,0.0,0.9671188324653671,0.03288116753463288,snapshot_1011.xyz,64,4000,16.796962,4000,all,1011
0.0234468,0.0242231,0.0,0.9679520788008141,0.03204792119918587,snapshot_1012.xyz,64,4000,16.796962,4000,all,1012
0.0233792,0.0241444,0.0,0.96830735077285,0.03169264922714998,snapshot_1013.xyz,64,4000,16.796962,4000,all,1013
0.023458,0.0240994,0.0,0.9733852295077886,0.026614770492211393,snapshot_1014.xyz,64,4000,16.796962,4000,all,1014
0.0234242,0.0242118,0.0,0.9674704069916322,0.032529593008367774,snapshot_1015.xyz,64,4000,16.796962,4000,all,1015
0.0234355,0.0241556,0.0,0.9701891072877512,0.029810892712248793,snapshot_1016.xyz,64,4000,16.796962,4000,all,1016
0.0232102,0.0242118,0.0,0.95863174154751,0.041368258452490037,snapshot_1017.xyz,64,4000,16.796962,4000,all,1017
0.0234242,0.0243354,0.0,0.9625566047815116,0.037443395218488384,snapshot_1018.xyz,64,4000,16.796962,4000,all,1018
0.023458,0.0244028,0.0,0.9612831314439327,0.03871686855606726,snapshot_1019.xyz,64,4000,16.796962,4000,all,1019
0.0235369,0.0243467,0.0,0.9667388188132273,0.03326118118677268,snapshot_1020.xyz,64,4000,16.796962,4000,all,1020
0.0234242,0.0242568,0.0,0.9656756043666106,0.034324395633389404,snapshot_1021.xyz,64,4000,16.796962,4000,all,1021
0.0233679,0.024313,0.0,0.9611277917163658,0.038872208283634246,snapshot_1022.xyz,64,4000,16.796962,4000,all,1022
0.0234693,0.0242231,0.0,0.9688809442226634,0.031119055777336646,snapshot_1023.xyz,64,4000,16.796962,4000,all,1023
0.0233116,0.0242455,0.0,0.9614815120331608,0.03851848796683921,snapshot_1024.xyz,64,4000,16.796962,4000,all,1024
0.0235706,0.0241331,0.0,0.9766917635943994,0.023308236405600646,snapshot_1025.xyz,64,4000,16.796962,4000,all,1025
0.0233341,0.0242905,0.0,0.9606265824087606,0.03937341759123936,snapshot_1026.xyz,64,4000,16.796962,4000,all,1026
0.0235143,0.024268,0.0,0.9689426405142574,0.03105735948574262,snapshot_1027.xyz,64,4000,16.796962,4000,all,1027
0.0236382,0.0242905,0.0,0.9731458800765732,0.02685411992342679,snapshot_1028.xyz,64,4000,16.796962,4000,all,1028
0.0233116,0.0242455,0.0,0.9614815120331608,0.03851848796683921,snapshot_1029.xyz,64,4000,16.796962,4000,all,1029
0.0234918,0.0242455,0.0,0.9689138190592069,0.031086180940793073,snapshot_1030.xyz,64,4000,16.796962,4000,all,1030
0.0234355,0.0242568,0.0,0.966141453118301,0.03385854688169898,snapshot_1031.xyz,64,4000,16.796962,4000,all,1031
0.0234806,0.0243467,0.0,0.9644263904348434,0.03557360956515665,snapshot_1032.xyz,64,4000,16.796962,4000,all,1032
0.0235143,0.0241556,0.0,0.973451290797993,0.026548709202007026,snapshot_1033.xyz,64,4000,16.796962,4000,all,1033
0.0233792,0.0241106,0.0,0.9696647947375843,0.030335205262415732,snapshot_1034.xyz,64,4000,16.796962,4000,all,1034
0.0233679,0.0242792,0.0,0.9624658143596164,0.03753418564038358,snapshot_1035.xyz,64,4000,16.796962,4000,all,1035
0.0235143,0.0242006,0.0,0.9716411989785377,0.028358801021462265,snapshot_1036.xyz,64,4000,16.796962,4000,all,1036
0.0234693,0.0242905,0.0,0.9661925444103662,0.03380745558963383,snapshot_1037.xyz,64,4000,16.796962,4000,all,1037
0.0234242,0.0241331,0.0,0.970625406599235,0.02937459340076498,snapshot_1038.xyz,64,4000,16.796962,4000,all,1038
0.0234017,0.0242343,0.0,0.9656437363571467,0.03435626364285327,snapshot_1039.xyz,64,4000,16.796962,4000,all,1039
0.0232891,0.0240882,0.0,0.9668260808196544,0.033173919180345623,snapshot_1040.xyz,64,4000,16.796962,4000,all,1040
0.0235143,0.0242006,0.0,0.9716411989785377,0.028358801021462265,snapshot_1041.xyz,64,4000,16.796962,4000,all,1041
0.0235706,0.0241331,0.0,0.9766917635943994,0.023308236405600646,snapshot_1042.xyz,64,4000,16.796962,4000,all,1042
0.0235706,0.0243017,0.0,0.9699156849109323,0.030084315089067726,snapshot_1043.xyz,64,4000,16.796962,4000,all,1043
0.0235143,0.0244028,0.0,0.9635902437425213,0.036409756257478665,snapshot_1044.xyz,64,4000,16.796962,4000,all,1044
0.0234468,0.0242905,0.0,0.9652662563553653,0.03473374364463466,snapshot_1045.xyz,64,4000,16.796962,4000,all,1045
0.023458,0.0241893,0.0,0.9697676245282004,0.030232375471799577,snapshot_1046.xyz,64,4000,16.796962,4000,all,1046
0.0232665,0.024313,0.0,0.9569571833998272,0.04304281660017284,snapshot_1047.xyz,64,4000,16.796962,4000,all,1047
0.0236382,0.0243017,0.0,0.9726973833106327,0.027302616689367287,snapshot_1048.xyz,64,4000,16.796962,4000,all,1048
0.0235143,0.0242792,0.0,0.9684956670730501,0.031504332926949874,snapshot_1049.xyz,64,4000,16.796962,4000,all,1049
0.0235031,0.0241781,0.0,0.9720821735372092,0.02791782646279084,snapshot_1050.xyz,64,4000,16.796962,4000,all,1050
0.023413,0.0242792,0.0,0.9643233714455172,0.03567662855448284,snapshot_1051.xyz,64,4000,16.796962,4000,all,1051
0.0235594,0.0243017,0.0,0.9694548118032895,0.030545188196710482,snapshot_1052.xyz,64,4000,16.796962,4000,all,1052
0.0233792,0.024268,0.0,0.9633756387011702,0.036624361298829844,snapshot_1053.xyz,64,4000,16.796962,4000,all,1053
0.0235031,0.0245039,0.0,0.9591575218638666,0.0408424781361334,snapshot_1054.xyz,64,4000,16.796962,4000,all,1054
0.0235369,0.0241781,0.0,0.9734801328474941,0.02651986715250587,snapshot_1055.xyz,64,4000,16.796962,4000,all,1055
0.0235931,0.0242905,0.0,0.9712891871307713,0.02871081286922872,snapshot_1056.xyz,64,4000,16.796962,4000,all,1056
0.0233567,0.0241781,0.0,0.9660271071755018,0.033972892824498224,snapshot_1057.xyz,64,4000,16.796962,4000,all,1057
0.0234242,0.0242905,0.0,0.9643358514645644,0.03566414853543565,snapshot_1058.xyz,64,4000,16.796962,4000,all,1058
0.0234806,0.0242455,0.0,0.9684518776680209,0.03154812233197912,snapshot_1059.xyz,64,4000,16.796962,4000,all,1059
0.0235819,0.0243354,0.0,0.9690368763200934,0.030963123679906612,snapshot_1060.xyz,64,4000,16.796962,4000,all,1060
0.023413,0.0242118,0.0,0.9670078226319399,0.03299217736806015,snapshot_1061.xyz,64,4000,16.796962,4000,all,1061
0.0233567,0.0243579,0.0,0.9588962923733164,0.04110370762668358,snapshot_1062.xyz,64,4000,16.796962,4000,all,1062
0.0233679,0.0241556,0.0,0.9673905843779497,0.03260941562205033,snapshot_1063.xyz,64,4000,16.796962,4000,all,1063
0.0233341,0.0240994,0.0,0.9682440226727637,0.03175597732723634,snapshot_1064.xyz,64,4000,16.796962,4000,all,1064
0.0233454,0.0242231,0.0,0.963765991966346,0.03623400803365395,snapshot_1065.xyz,64,4000,16.796962,4000,all,1065
0.0233454,0.024313,0.0,0.960202360876897,0.03979763912310297,snapshot_1066.xyz,64,4000,16.796962,4000,all,1066
0.023458,0.0241331,0.0,0.9720259726268071,0.027974027373192878,snapshot_1067.xyz,64,4000,16.796962,4000,all,1067
0.0232327,0.0242231,0.0,0.9591134082755716,0.040886591724428434,snapshot_1068.xyz,64,4000,16.796962,4000,all,1068
0.023458,0.0241781,0.0,0.9702168491320657,0.02978315086793426,snapshot_1069.xyz,64,4000,16.796962,4000,all,1069
0.0233904,0.0242343,0.0,0.9651774550946385,0.03482254490536152,snapshot_1070.xyz,64,4000,16.796962,4000,all,1070
0.0233567,0.0242455,0.0,0.9633416510280258,0.036658348971974175,snapshot_1071.xyz,64,4000,16.796962,4000,all,1071
0.0235594,0.024268,0.0,0.9708010548870941,0.029198945112905883,snapshot_1072.xyz,64,4000,16.796962,4000,all,1072
0.0233792,0.0243354,0.0,0.9607074467647952,0.03929255323520475,snapshot_1073.xyz,64,4000,16.796962,4000,all,1073
0.0236269,0.024268,0.0,0.9735824954672819,0.026417504532718072,snapshot_1074.xyz,64,4000,16.796962,4000,all,1074
0.0235031,0.0241781,0.0,0.9720821735372092,0.02791782646279084,snapshot_1075.xyz,64,4000,16.796962,4000,all,1075
0.0235031,0.0243804,0.0,0.9640161769290085,0.03598382307099146,snapshot_1076.xyz,64,4000,16.796962,4000,all,1076
0.0232778,0.0241556,0.0,0.9636606004404776,0.03633939955952237,snapshot_1077.xyz,64,4000,16.796962,4000,all,1077
0.023413,0.0242118,0.0,0.9670078226319399,0.03299217736806015,snapshot_1078.xyz,64,4000,16.796962,4000,all,1078
0.0233567,0.0241444,0.0,0.9673754576630607,0.032624542336939344,snapshot_1079.xyz,64,4000,16.796962,4000,all,1079
0.0235256,0.0242006,0.0,0.9721081295505071,0.027891870449492928,snapshot_1080.xyz,64,4000,16.796962,4000,all,1080
0.0235256,0.0241893,0.0,0.9725622485975204,0.027437751402479615,snapshot_1081.xyz,64,4000,16.796962,4000,all,1081
0.0234806,0.0241106,0.0,0.9738704138428741,0.026129586157125906,snapshot_1082.xyz,64,4000,16.796962,4000,all,1082
0.0235369,0.0243691,0.0,0.9658501955345088,0.03414980446549121,snapshot_1083.xyz,64,4000,16.796962,4000,all,1083
0.0233454,0.0242792,0.0,0.9615390951925927,0.03846090480740727,snapshot_1084.xyz,64,4000,16.796962,4000,all,1084
0.0233904,0.0242343,0.0,0.9651774550946385,0.03482254490536152,snapshot_1085.xyz,64,4000,16.796962,4000,all,1085
0.023458,0.0241219,0.0,0.9724772924189221,0.027522707581077888,snapshot_1086.xyz,64,4000,16.796962,4000,all,1086
0.0233341,0.0242231,0.0,0.9632994951100395,0.03670050488996046,snapshot_1087.xyz,64,4000,16.796962,4000,all,1087
0.0235256,0.0242118,0.0,0.9716584475338472,0.028341552466152775,snapshot_1088.xyz,64,4000,16.796962,4000,all,1088
0.0233341,0.0241556,0.0,0.9659913229230489,0.0340086770769511,snapshot_1089.xyz,64,4000,16.796962,4000,all,1089
0.0233567,0.0242455,0.0,0.9633416510280258,0.036658348971974175,snapshot_1090.xyz,64,4000,16.796962,4000,all,1090
0.0233679,0.0243354,0.0,0.9602431026405976,0.039756897359402354,snapshot_1091.xyz,64,4000,16.796962,4000,all,1091
0.0235143,0.0242792,0.0,0.9684956670730501,0.031504332926949874,snapshot_1092.xyz,64,4000,16.796962,4000,all,1092
0.023458,0.0242118,0.0,0.9688664205057038,0.031133579494296182,snapshot_1093.xyz,64,4000,16.796962,4000,all,1093
0.023458,0.0242118,0.0,0.9688664205057038,0.031133579494296182,snapshot_1094.xyz,64,4000,16.796962,4000,all,1094
0.0235031,0.0242343,0.0,0.9698278885711573,0.030172111428842685,snapshot_1095.xyz,64,4000,16.796962,4000,all,1095
0.023458,0.0242231,0.0,0.9684144473663568,0.031585552633643155,snapshot_1096.xyz,64,4000,16.796962,4000,all,1096
0.0235481,0.0241106,0.0,0.976670012359709,0.02332998764029104,snapshot_1097.xyz,64,4000,16.796962,4000,all,1097
0.0234355,0.0241669,0.0,0.9697354646231002,0.03026453537689977,snapshot_1098.xyz,64,4000,16.796962,4000,all,1098
0.0233679,0.0242343,0.0,0.9642490189524765,0.0357509810475235,snapshot_1099.xyz,64,4000,16.796962,4000,all,1099
0.023413,0.0243691,0.0,0.9607658879482623,0.03923411205173766,snapshot_1100.xyz,64,4000,16.796962,4000,all,1100
0.0233904,0.0242905,0.0,0.9629443609641629,0.037055639035837085,snapshot_1101.xyz,64,4000,16.796962,4000,all,1101
0.023458,0.0240657,0.0,0.9747482932139934,0.025251706786006634,snapshot_1102.xyz,64,4000,16.796962,4000,all,1102
0.0234017,0.0242792,0.0,0.9638579524860786,0.03614204751392136,snapshot_1103.xyz,64,4000,16.796962,4000,all,1103
0.0233679,0.024268,0.0,0.9629100049447832,0.03708999505521682,snapshot_1104.xyz,64,4000,16.796962,4000,all,1104
0.0235031,0.0242231,0.0,0.9702763065008194,0.02972369349918058,snapshot_1105.xyz,64,4000,16.796962,4000,all,1105
0.0233792,0.0243242,0.0,0.9611498014323184,0.03885019856768157,snapshot_1106.xyz,64,4000,16.796962,4000,all,1106
0.0234017,0.0242792,0.0,0.9638579524860786,0.03614204751392136,snapshot_1107.xyz,64,4000,16.796962,4000,all,1107
0.0235594,0.0241893,0.0,0.9739595606321804,0.026040439367819634,snapshot_1108.xyz,64,4000,16.796962,4000,all,1108
0.0232778,0.0243354,0.0,0.9565406773671278,0.04345932263287222,snapshot_1109.xyz,64,4000,16.796962,4000,all,1109
0.0234806,0.0242118,0.0,0.9697998496600831,0.030200150339916854,snapshot_1110.xyz,64,4000,16.796962,4000,all,1110
0.0234806,0.0240882,0.0,0.9747760314178726,0.025223968582127387,snapshot_1111.xyz,64,4000,16.796962,4000,all,1111
0.0234806,0.0241444,0.0,0.9725070823876344,0.02749291761236561,snapshot_1112.xyz,64,4000,16.796962,4000,all,1112
0.0235931,0.0241781,0.0,0.9758045503989147,0.024195449601085328,snapshot_1113.xyz,64,4000,16.796962,4000,all,1113
0.0233454,0.0242568,0.0,0.962427030770753,0.03757296922924702,snapshot_1114.xyz,64,4000,16.796962,4000,all,1114
0.0234806,0.0244028,0.0,0.9622092546756931,0.03779074532430693,snapshot_1115.xyz,64,4000,16.796962,4000,all,1115
0.0233792,0.0242905,0.0,0.9624832753545625,0.03751672464543754,snapshot_1116.xyz,64,4000,16.796962,4000,all,1116
0.0235031,0.024313,0.0,0.9666886028050836,0.03331139719491638,snapshot_1117.xyz,64,4000,16.796962,4000,all,1117
0.0234468,0.0241781,0.0,0.969753620011498,0.030246379988501992,snapshot_1118.xyz,64,4000,16.796962,4000,all,1118
0.0233454,0.0243017,0.0,0.9606488434965454,0.039351156503454554,snapshot_1119.xyz,64,4000,16.796962,4000,all,1119
0.0234017,0.0242568,0.0,0.9647480294185549,0.035251970581445136,snapshot_1120.xyz,64,4000,16.796962,4000,all,1120
0.0234806,0.0241556,0.0,0.972056169169882,0.027943830830117977,snapshot_1121.xyz,64,4000,16.796962,4000,all,1121
0.0233792,0.0241669,0.0,0.9674058319436915,0.03259416805630855,snapshot_1122.xyz,64,4000,16.796962,4000,all,1122
0.0235369,0.0241893,0.0,0.9730293972954984,0.02697060270450158,snapshot_1123.xyz,64,4000,16.796962,4000,all,1123
0.0232665,0.0240994,0.0,0.9654389735844046,0.03456102641559544,snapshot_1124.xyz,64,4000,16.796962,4000,all,1124
0.0233116,0.0242343,0.0,0.961925865405644,0.038074134594356046,snapshot_1125.xyz,64,4000,16.796962,4000,all,1125
0.0233341,0.0242905,0.0,0.9606265824087606,0.03937341759123936,snapshot_1126.xyz,64,4000,16.796962,4000,all,1126
0.023458,0.024268,0.0,0.9666227130377452,0.03337728696225484,snapshot_1127.xyz,64,4000,16.796962,4000,all,1127
0.0235143,0.0242006,0.0,0.9716411989785377,0.028358801021462265,snapshot_1128.xyz,64,4000,16.796962,4000,all,1128
0.0235706,0.0243017,0.0,0.9699156849109323,0.030084315089067726,snapshot_1129.xyz,64,4000,16.796962,4000,all,1129
0.0235481,0.0241893,0.0,0.9734924119342022,0.026507588065797782,snapshot_1130.xyz,64,4000,16.796962,4000,all,1130
0.0234468,0.0241781,0.0,0.969753620011498,0.030246379988501992,snapshot_1131.xyz,64,4000,16.796962,4000,all,1131
0.0233904,0.0242905,0.0,0.9629443609641629,0.037055639035837085,snapshot_1132.xyz,64,4000,16.796962,4000,all,1132
0.0235481,0.0242006,0.0,0.9730378585654901,0.026962141434509923,snapshot_1133.xyz,64,4000,16.796962,4000,all,1133
0.0234806,0.0242343,0.0,0.9688994524289953,0.031100547571004666,snapshot_1134.xyz,64,4000,16.796962,4000,all,1134
0.0233904,0.0243354,0.0,0.9611676816489558,0.03883231835104417,snapshot_1135.xyz,64,4000,16.796962,4000,all,1135
0.0234355,0.0243467,0.0,0.9625739833324435,0.037426016667556516,snapshot_1136.xyz,64,4000,16.796962,4000,all,1136
0.0235706,0.0241781,0.0,0.9748739561834884,0.025126043816511623,snapshot_1137.xyz,64,4000,16.796962,4000,all,1137
0.0235594,0.0240882,0.0,0.9780473426823092,0.021952657317690805,snapshot_1138.xyz,64,4000,16.796962,4000,all,1138
0.0234918,0.0242006,0.0,0.9707114699635546,0.02928853003644538,snapshot_1139.xyz,64,4000,16.796962,4000,all,1139
0.0234242,0.0241893,0.0,0.9683703124935404,0.03162968750645956,snapshot_1140.xyz,64,4000,16.796962,4000,all,1140
0.0234918,0.0241893,0.0,0.9711649365628604,0.028835063437139596,snapshot_1141.xyz,64,4000,16.796962,4000,all,1141
0.0235481,0.024313,0.0,0.9685394644840208,0.03146053551597916,snapshot_1142.xyz,64,4000,16.796962,4000,all,1142
0.0234355,0.0242568,0.0,0.966141453118301,0.03385854688169898,snapshot_1143.xyz,64,4000,16.796962,4000,all,1143
0.0232778,0.0241669,0.0,0.9632100103861067,0.03678998961389335,snapshot_1144.xyz,64,4000,16.796962,4000,all,1144
0.0234355,0.0242343,0.0,0.967038453761817,0.03296154623818304,snapshot_1145.xyz,64,4000,16.796962,4000,all,1145
0.0233904,0.0242905,0.0,0.9629443609641629,0.037055639035837085,snapshot_1146.xyz,64,4000,16.796962,4000,all,1146
0.023413,0.0240994,0.0,0.9715179631028158,0.028482036897184204,snapshot_1147.xyz,64,4000,16.796962,4000,all,1147
0.0235369,0.0242006,0.0,0.9725750601224763,0.027424939877523702,snapshot_1148.xyz,64,4000,16.796962,4000,all,1148
0.0235143,0.0242343,0.0,0.9702900434508114,0.02970995654918862,snapshot_1149.xyz,64,4000,16.796962,4000,all,1149
0.0234355,0.0242006,0.0,0.9683850813616193,0.03161491863838073,snapshot_1150.xyz,64,4000,16.796962,4000,all,1150
0.0234806,0.0242118,0.0,0.9697998496600831,0.030200150339916854,snapshot_1151.xyz,64,4000,16.796962,4000,all,1151
0.0234806,0.0242792,0.0,0.9671076476984415,0.032892352301558514,snapshot_1152.xyz,64,4000,16.796962,4000,all,1152
0.0234017,0.0241556,0.0,0.9687898458328504,0.031210154167149562,snapshot_1153.xyz,64,4000,16.796962,4000,all,1153
0.0234468,0.0243242,0.0,0.9639289267478478,0.0360710732521522,snapshot_1154.xyz,64,4000,16.796962,4000,all,1154
0.0232553,0.0242905,0.0,0.9573825157983574,0.042617484201642575,snapshot_1155.xyz,64,4000,16.796962,4000,all,1155
0.0235031,0.0240095,0.0,0.9789083487786084,0.02109165122139156,snapshot_1156.xyz,64,4000,16.796962,4000,all,1156
0.0234468,0.0242118,0.0,0.9684038361460116,0.031596163853988446,snapshot_1157.xyz,64,4000,16.796962,4000,all,1157
0.0234806,0.0243354,0.0,0.9648742161624629,0.03512578383753706,snapshot_1158.xyz,64,4000,16.796962,4000,all,1158
0.0232891,0.0241893,0.0,0.9627851984141749,0.03721480158582513,snapshot_1159.xyz,64,4000,16.796962,4000,all,1159
0.0232665,0.0242006,0.0,0.9614017834268572,0.038598216573142774,snapshot_1160.xyz,64,4000,16.796962,4000,all,1160
0.0234355,0.0242343,0.0,0.967038453761817,0.03296154623818304,snapshot_1161.xyz,64,4000,16.796962,4000,all,1161
0.0234918,0.0242792,0.0,0.9675689479060265,0.032431052093973456,snapshot_1162.xyz,64,4000,16.796962,4000,all,1162
0.023458,0.0242455,0.0,0.9675197459322349,0.03248025406776511,snapshot_1163.xyz,64,4000,16.796962,4000,all,1163
0.0234017,0.0243467,0.0,0.9611857048388489,0.03881429516115109,snapshot_1164.xyz,64,4000,16.796962,4000,all,1164
0.0235143,0.0241219,0.0,0.9748112710856108,0.02518872891438917,snapshot_1165.xyz,64,4000,16.796962,4000,all,1165
0.0234355,0.0241106,0.0,0.9719998672782926,0.028000132721707427,snapshot_1166.xyz,64,4000,16.796962,4000,all,1166
0.0234017,0.024268,0.0,0.9643027855612328,0.035697214438767166,snapshot_1167.xyz,64,4000,16.796962,4000,all,1167
0.0234468,0.0243579,0.0,0.9625952976241795,0.0374047023758205,snapshot_1168.xyz,64,4000,16.796962,4000,all,1168
0.023458,0.0240994,0.0,0.9733852295077886,0.026614770492211393,snapshot_1169.xyz,64,4000,16.796962,4000,all,1169
0.0233904,0.0242568,0.0,0.9642821806668646,0.03571781933313545,snapshot_1170.xyz,64,4000,16.796962,4000,all,1170
0.0235031,0.0242343,0.0,0.9698278885711573,0.030172111428842685,snapshot_1171.xyz,64,4000,16.796962,4000,all,1171
0.0234918,0.0241219,0.0,0.9738785087410196,0.026121491258980445,snapshot_1172.xyz,64,4000,16.796962,4000,all,1172
0.0234693,0.024313,0.0,0.9652984000329041,0.034701599967095875,snapshot_1173.xyz,64,4000,16.796962,4000,all,1173
0.0235031,0.0243467,0.0,0.9653505403196326,0.03464945968036737,snapshot_1174.xyz,64,4000,16.796962,4000,all,1174
0.0235369,0.024313,0.0,0.9680788055772631,0.03192119442273689,snapshot_1175.xyz,64,4000,16.796962,4000,all,1175
0.0233003,0.0241444,0.0,0.965039512267855,0.034960487732144996,snapshot_1176.xyz,64,4000,16.796962,4000,all,1176
0.0233567,0.0241219,0.0,0.9682777890630506,0.03172221093694938,snapshot_1177.xyz,64,4000,16.796962,4000,all,1177
0.023458,0.0241893,0.0,0.9697676245282004,0.030232375471799577,snapshot_1178.xyz,64,4000,16.796962,4000,all,1178
0.0235031,0.0242905,0.0,0.9675840349107676,0.03241596508923239,snapshot_1179.xyz,64,4000,16.796962,4000,all,1179
0.0232327,0.0242455,0.0,0.9582272999113237,0.041772700088676284,snapshot_1180.xyz,64,4000,16.796962,4000,all,1180
0.023458,0.024268,0.0,0.9666227130377452,0.03337728696225484,snapshot_1181.xyz,64,4000,16.796962,4000,all,1181
0.0233454,0.0241893,0.0,0.9651126737855167,0.034887326214483316,snapshot_1182.xyz,64,4000,16.796962,4000,all,1182
0.0235143,0.0242455,0.0,0.9698418263182859,0.03015817368171414,snapshot_1183.xyz,64,4000,16.796962,4000,all,1183
0.0234355,0.0242343,0.0,0.967038453761817,0.03296154623818304,snapshot_1184.xyz,64,4000,16.796962,4000,all,1184
0.0233003,0.0242568,0.0,0.9605677583193167,0.039432241680683267,snapshot_1185.xyz,64,4000,16.796962,4000,all,1185
0.023413,0.0241331,0.0,0.9701613137143591,0.029838686285640903,snapshot_1186.xyz,64,4000,16.796962,4000,all,1186
0.0232327,0.0242118,0.0,0.959561040484392,0.04043895951560805,snapshot_1187.xyz,64,4000,16.796962,4000,all,1187
0.0234242,0.0241893,0.0,0.9683703124935404,0.03162968750645956,snapshot_1188.xyz,64,4000,16.796962,4000,all,1188
0.023458,0.0241893,0.0,0.9697676245282004,0.030232375471799577,snapshot_1189.xyz,64,4000,16.796962,4000,all,1189
0.0235031,0.0242455,0.0,0.9693798849270998,0.03062011507290019,snapshot_1190.xyz,64,4000,16.796962,4000,all,1190
0.0234918,0.0242231,0.0,0.9698098096445128,0.0301901903554872,snapshot_1191.xyz,64,4000,16.796962,4000,all,1191
0.0233229,0.0240769,0.0,0.9686836760546417,0.031316323945358326,snapshot_1192.xyz,64,4000,16.796962,4000,all,1192
0.0233341,0.024313,0.0,0.9597375889441861,0.04026241105581385,snapshot_1193.xyz,64,4000,16.796962,4000,all,1193
0.0234355,0.0242455,0.0,0.966591738673156,0.033408261326844046,snapshot_1194.xyz,64,4000,16.796962,4000,all,1194
0.0233341,0.0241669,0.0,0.9655396430655152,0.03446035693448479,snapshot_1195.xyz,64,4000,16.796962,4000,all,1195
0.0233792,0.0240994,0.0,0.9701154385586362,0.029884561441363755,snapshot_1196.xyz,64,4000,16.796962,4000,all,1196
0.0234468,0.0242905,0.0,0.9652662563553653,0.03473374364463466,snapshot_1197.xyz,64,4000,16.796962,4000,all,1197
0.0234355,0.024268,0.0,0.9656955661776826,0.034304433822317404,snapshot_1198.xyz,64,4000,16.796962,4000,all,1198
0.0234017,0.0242343,0.0,0.9656437363571467,0.03435626364285327,snapshot_1199.xyz,64,4000,16.796962,4000,all,1199
0.0234355,0.0241669,0.0,0.9697354646231002,0.03026453537689977,snapshot_1200.xyz,64,4000,16.796962,4000,all,1200
0.0235256,0.0242231,0.0,0.9712051719226689,0.028794828077331136,snapshot_1201.xyz,64,4000,16.796962,4000,all,1201
