cid,cid_shuffled,cid_shuffled_std,cid_normalized,compression_gain,snapshot,nbins,n_particles_total,box_length,n_particles_filtered,atom_types,snapshot_num
0.0685886,0.100458,0.0,0.6827589639451312,0.31724103605486875,snapshot_1.xyz,32,4000,16.757672110741936,4000,all,1
0.0654337,0.0962235,0.0,0.6800178750513127,0.3199821249486873,snapshot_2.xyz,32,4000,16.757672110741936,4000,all,2
0.0678726,0.0970578,0.0,0.6993008289905603,0.30069917100943966,snapshot_3.xyz,32,4000,16.757672110741936,4000,all,3
0.0672994,0.0955277,0.0,0.7045014168665215,0.29549858313347854,snapshot_4.xyz,32,4000,16.757672110741936,4000,all,4
0.0659365,0.0963626,0.0,0.6842540570719344,0.31574594292806557,snapshot_5.xyz,32,4000,16.757672110741936,4000,all,5
0.066941,0.0965016,0.0,0.6936776177804306,0.3063223822195694,snapshot_6.xyz,32,4000,16.757672110741936,4000,all,6
0.06529,0.0959452,0.0,0.6804926145341299,0.3195073854658701,snapshot_7.xyz,32,4000,16.757672110741936,4000,all,7
0.0662954,0.0965016,0.0,0.686987573263034,0.31301242673696605,snapshot_8.xyz,32,4000,16.757672110741936,4000,all,8
0.065721,0.0960148,0.0,0.6844882247320205,0.31551177526797947,snapshot_9.xyz,32,4000,16.757672110741936,4000,all,9
0.0660083,0.0966407,0.0,0.6830279581998062,0.3169720418001938,snapshot_10.xyz,32,4000,16.757672110741936,4000,all,10
0.0657929,0.0971273,0.0,0.6773883346906585,0.3226116653093415,snapshot_11.xyz,32,4000,16.757672110741936,4000,all,11
0.0660083,0.0965712,0.0,0.6835195172059579,0.31648048279404206,snapshot_12.xyz,32,4000,16.757672110741936,4000,all,12
0.066941,0.0965712,0.0,0.6931776761601803,0.30682232383981967,snapshot_13.xyz,32,4000,16.757672110741936,4000,all,13
0.0662236,0.0965016,0.0,0.6862435441484906,0.31375645585150935,snapshot_14.xyz,32,4000,16.757672110741936,4000,all,14
0.0656492,0.0960843,0.0,0.6832458580642208,0.3167541419357792,snapshot_15.xyz,32,4000,16.757672110741936,4000,all,15
0.0658647,0.0960148,0.0,0.6859848689993626,0.3140151310006374,snapshot_16.xyz,32,4000,16.757672110741936,4000,all,16
0.06608,0.0960843,0.0,0.6877294209355743,0.3122705790644257,snapshot_17.xyz,32,4000,16.757672110741936,4000,all,17
0.06608,0.0969883,0.0,0.6813192931518544,0.31868070684814565,snapshot_18.xyz,32,4000,16.757672110741936,4000,all,18
0.0665106,0.096293,0.0,0.6907106435566448,0.3092893564433552,snapshot_19.xyz,32,4000,16.757672110741936,4000,all,19
0.0658647,0.0955277,0.0,0.6894827364209544,0.31051726357904563,snapshot_20.xyz,32,4000,16.757672110741936,4000,all,20
0.0655774,0.0967797,0.0,0.6775945782018337,0.32240542179816634,snapshot_21.xyz,32,4000,16.757672110741936,4000,all,21
0.0660083,0.0964321,0.0,0.6845054706887023,0.31549452931129773,snapshot_22.xyz,32,4000,16.757672110741936,4000,all,22
0.0670127,0.0964321,0.0,0.6949210895542044,0.3050789104457956,snapshot_23.xyz,32,4000,16.757672110741936,4000,all,23
0.06608,0.0961539,0.0,0.6872316151502955,0.3127683848497045,snapshot_24.xyz,32,4000,16.757672110741936,4000,all,24
0.0656492,0.0963626,0.0,0.6812726099129746,0.31872739008702544,snapshot_25.xyz,32,4000,16.757672110741936,4000,all,25
0.065721,0.0969188,0.0,0.6781037321964366,0.3218962678035634,snapshot_26.xyz,32,4000,16.757672110741936,4000,all,26
0.0670844,0.0965712,0.0,0.694662590917375,0.30533740908262497,snapshot_27.xyz,32,4000,16.757672110741936,4000,all,27
0.0663671,0.096293,0.0,0.6892204002367773,0.31077959976322267,snapshot_28.xyz,32,4000,16.757672110741936,4000,all,28
0.0666541,0.0974052,0.0,0.6842971422470258,0.31570285775297424,snapshot_29.xyz,32,4000,16.757672110741936,4000,all,29
0.0670127,0.0963626,0.0,0.6954222903906702,0.30457770960932984,snapshot_30.xyz,32,4000,16.757672110741936,4000,all,30
0.0665106,0.0958061,0.0,0.6942209316525775,0.3057790683474225,snapshot_31.xyz,32,4000,16.757672110741936,4000,all,31
0.0667258,0.0964321,0.0,0.6919459391634113,0.3080540608365887,snapshot_32.xyz,32,4000,16.757672110741936,4000,all,32
0.0655774,0.0967102,0.0,0.6780815260437886,0.3219184739562114,snapshot_33.xyz,32,4000,16.757672110741936,4000,all,33
0.0655056,0.0964321,0.0,0.6792924762604983,0.32070752373950173,snapshot_34.xyz,32,4000,16.757672110741936,4000,all,34
0.0650744,0.096293,0.0,0.6757957483929258,0.3242042516070742,snapshot_35.xyz,32,4000,16.757672110741936,4000,all,35
0.0655056,0.0954581,0.0,0.6862235891977736,0.3137764108022264,snapshot_36.xyz,32,4000,16.757672110741936,4000,all,36
0.0662236,0.0966407,0.0,0.6852557980229861,0.3147442019770139,snapshot_37.xyz,32,4000,16.757672110741936,4000,all,37
0.065721,0.0964321,0.0,0.6815261723015469,0.3184738276984531,snapshot_38.xyz,32,4000,16.757672110741936,4000,all,38
0.0657929,0.0970578,0.0,0.6778733909072738,0.32212660909272617,snapshot_39.xyz,32,4000,16.757672110741936,4000,all,39
0.0664389,0.0970578,0.0,0.6845292186717605,0.31547078132823947,snapshot_40.xyz,32,4000,16.757672110741936,4000,all,40
0.06608,0.0957365,0.0,0.690227865025356,0.30977213497464395,snapshot_41.xyz,32,4000,16.757672110741936,4000,all,41
0.0654337,0.0958061,0.0,0.6829805200295179,0.3170194799704821,snapshot_42.xyz,32,4000,16.757672110741936,4000,all,42
0.06608,0.0967102,0.0,0.6832784959600953,0.31672150403990473,snapshot_43.xyz,32,4000,16.757672110741936,4000,all,43
0.0658647,0.0958061,0.0,0.6874791897384404,0.31252081026155965,snapshot_44.xyz,32,4000,16.757672110741936,4000,all,44
0.0663671,0.0967797,0.0,0.6857543472443085,0.3142456527556915,snapshot_45.xyz,32,4000,16.757672110741936,4000,all,45
0.0655774,0.0961539,0.0,0.6820045780774362,0.3179954219225638,snapshot_46.xyz,32,4000,16.757672110741936,4000,all,46
0.0658647,0.0961539,0.0,0.684992496404202,0.315007503595798,snapshot_47.xyz,32,4000,16.757672110741936,4000,all,47
0.0655774,0.0971968,0.0,0.6746868209652992,0.3253131790347008,snapshot_48.xyz,32,4000,16.757672110741936,4000,all,48
0.0668693,0.0967102,0.0,0.6914399928859625,0.3085600071140375,snapshot_49.xyz,32,4000,16.757672110741936,4000,all,49
0.0658647,0.0961539,0.0,0.684992496404202,0.315007503595798,snapshot_50.xyz,32,4000,16.757672110741936,4000,all,50
0.0657929,0.0962235,0.0,0.6837508508836199,0.31624914911638013,snapshot_51.xyz,32,4000,16.757672110741936,4000,all,51
0.0657929,0.0964321,0.0,0.6822717746476537,0.31772822535234635,snapshot_52.xyz,32,4000,16.757672110741936,4000,all,52
0.0657929,0.0969188,0.0,0.6788455903292241,0.3211544096707759,snapshot_53.xyz,32,4000,16.757672110741936,4000,all,53
0.0661518,0.096293,0.0,0.6869845160084326,0.3130154839915674,snapshot_54.xyz,32,4000,16.757672110741936,4000,all,54
0.0658647,0.0972663,0.0,0.6771584814062013,0.3228415185937987,snapshot_55.xyz,32,4000,16.757672110741936,4000,all,55
0.0665106,0.096293,0.0,0.6907106435566448,0.3092893564433552,snapshot_56.xyz,32,4000,16.757672110741936,4000,all,56
0.0656492,0.0965712,0.0,0.6798010172805143,0.32019898271948566,snapshot_57.xyz,32,4000,16.757672110741936,4000,all,57
0.06529,0.0965712,0.0,0.6760814818496612,0.3239185181503388,snapshot_58.xyz,32,4000,16.757672110741936,4000,all,58
0.0668693,0.0971968,0.0,0.6879784108118786,0.3120215891881214,snapshot_59.xyz,32,4000,16.757672110741936,4000,all,59
0.0648588,0.0970578,0.0,0.6682492288100492,0.3317507711899508,snapshot_60.xyz,32,4000,16.757672110741936,4000,all,60
0.0662236,0.0965712,0.0,0.6857489603525688,0.3142510396474312,snapshot_61.xyz,32,4000,16.757672110741936,4000,all,61
0.0650026,0.0961539,0.0,0.6760266614250695,0.3239733385749305,snapshot_62.xyz,32,4000,16.757672110741936,4000,all,62
0.0660083,0.0960148,0.0,0.6874804717606037,0.3125195282393963,snapshot_63.xyz,32,4000,16.757672110741936,4000,all,63
0.0646431,0.0960843,0.0,0.6727748445895947,0.3272251554104053,snapshot_64.xyz,32,4000,16.757672110741936,4000,all,64
0.0665106,0.0959452,0.0,0.6932144599208716,0.3067855400791284,snapshot_65.xyz,32,4000,16.757672110741936,4000,all,65
0.0662236,0.0967797,0.0,0.6842715982793912,0.3157284017206088,snapshot_66.xyz,32,4000,16.757672110741936,4000,all,66
0.0670844,0.0969188,0.0,0.6921711783472351,0.30782882165276493,snapshot_67.xyz,32,4000,16.757672110741936,4000,all,67
0.0655774,0.0960843,0.0,0.6824985975856617,0.31750140241433833,snapshot_68.xyz,32,4000,16.757672110741936,4000,all,68
0.06608,0.0967797,0.0,0.682787816039934,0.317212183960066,snapshot_69.xyz,32,4000,16.757672110741936,4000,all,69
0.0659365,0.0969188,0.0,0.6803272430116757,0.3196727569883243,snapshot_70.xyz,32,4000,16.757672110741936,4000,all,70
0.0652182,0.0953189,0.0,0.6842105815320991,0.3157894184679009,snapshot_71.xyz,32,4000,16.757672110741936,4000,all,71
0.0659365,0.0965016,0.0,0.6832684639425667,0.3167315360574333,snapshot_72.xyz,32,4000,16.757672110741936,4000,all,72
0.0660083,0.0967797,0.0,0.6820469581947455,0.3179530418052545,snapshot_73.xyz,32,4000,16.757672110741936,4000,all,73
0.0666541,0.0970578,0.0,0.6867464541747288,0.3132535458252712,snapshot_74.xyz,32,4000,16.757672110741936,4000,all,74
0.065721,0.0965016,0.0,0.6810353403466886,0.31896465965331144,snapshot_75.xyz,32,4000,16.757672110741936,4000,all,75
0.0670844,0.0969188,0.0,0.6921711783472351,0.30782882165276493,snapshot_76.xyz,32,4000,16.757672110741936,4000,all,76
0.0658647,0.0961539,0.0,0.684992496404202,0.315007503595798,snapshot_77.xyz,32,4000,16.757672110741936,4000,all,77
0.0666541,0.0974747,0.0,0.6838092346013889,0.31619076539861113,snapshot_78.xyz,32,4000,16.757672110741936,4000,all,78
0.06608,0.0961539,0.0,0.6872316151502955,0.3127683848497045,snapshot_79.xyz,32,4000,16.757672110741936,4000,all,79
0.0658647,0.0965712,0.0,0.6820325314379443,0.3179674685620557,snapshot_80.xyz,32,4000,16.757672110741936,4000,all,80
0.0655056,0.0964321,0.0,0.6792924762604983,0.32070752373950173,snapshot_81.xyz,32,4000,16.757672110741936,4000,all,81
0.0658647,0.0962235,0.0,0.6844970303512136,0.31550296964878644,snapshot_82.xyz,32,4000,16.757672110741936,4000,all,82
0.0668693,0.0967102,0.0,0.6914399928859625,0.3085600071140375,snapshot_83.xyz,32,4000,16.757672110741936,4000,all,83
0.0670127,0.0969883,0.0,0.6909359170126705,0.30906408298732946,snapshot_84.xyz,32,4000,16.757672110741936,4000,all,84
0.0656492,0.0968493,0.0,0.6778489880670279,0.32215101193297213,snapshot_85.xyz,32,4000,16.757672110741936,4000,all,85
0.0665824,0.0970578,0.0,0.6860077191117046,0.31399228088829545,snapshot_86.xyz,32,4000,16.757672110741936,4000,all,86
0.0654337,0.0967797,0.0,0.6761097626878364,0.3238902373121636,snapshot_87.xyz,32,4000,16.757672110741936,4000,all,87
0.0651463,0.0964321,0.0,0.6755665385281457,0.32443346147185426,snapshot_88.xyz,32,4000,16.757672110741936,4000,all,88
0.0661518,0.0965712,0.0,0.6850054674685621,0.31499453253143794,snapshot_89.xyz,32,4000,16.757672110741936,4000,all,89
0.0654337,0.0962235,0.0,0.6800178750513127,0.3199821249486873,snapshot_90.xyz,32,4000,16.757672110741936,4000,all,90
0.0665824,0.0966407,0.0,0.688968519474714,0.31103148052528595,snapshot_91.xyz,32,4000,16.757672110741936,4000,all,91
0.0656492,0.0970578,0.0,0.676392829839539,0.32360717016046103,snapshot_92.xyz,32,4000,16.757672110741936,4000,all,92
0.0644273,0.096293,0.0,0.6690756337428474,0.3309243662571526,snapshot_93.xyz,32,4000,16.757672110741936,4000,all,93
0.0666541,0.0969188,0.0,0.6877313792576878,0.3122686207423122,snapshot_94.xyz,32,4000,16.757672110741936,4000,all,94
0.0658647,0.0965712,0.0,0.6820325314379443,0.3179674685620557,snapshot_95.xyz,32,4000,16.757672110741936,4000,all,95
0.06608,0.0965712,0.0,0.6842619745845553,0.3157380254154447,snapshot_96.xyz,32,4000,16.757672110741936,4000,all,96
0.0665824,0.0958756,0.0,0.6944665796094105,0.3055334203905895,snapshot_97.xyz,32,4000,16.757672110741936,4000,all,97
0.0664389,0.0966407,0.0,0.6874836378461663,0.3125163621538337,snapshot_98.xyz,32,4000,16.757672110741936,4000,all,98
0.06529,0.0960148,0.0,0.6799993334360953,0.3200006665639047,snapshot_99.xyz,32,4000,16.757672110741936,4000,all,99
0.065721,0.0965712,0.0,0.6805445101645211,0.3194554898354789,snapshot_100.xyz,32,4000,16.757672110741936,4000,all,100
0.0662954,0.096293,0.0,0.6884757978253871,0.31152420217461285,snapshot_101.xyz,32,4000,16.757672110741936,4000,all,101
0.0657929,0.0962235,0.0,0.6837508508836199,0.31624914911638013,snapshot_102.xyz,32,4000,16.757672110741936,4000,all,102
0.0662236,0.0966407,0.0,0.6852557980229861,0.3147442019770139,snapshot_103.xyz,32,4000,16.757672110741936,4000,all,103
0.0655774,0.0957365,0.0,0.6849780386790826,0.3150219613209174,snapshot_104.xyz,32,4000,16.757672110741936,4000,all,104
0.0682307,0.0963626,0.0,0.7080620489692059,0.2919379510307941,snapshot_105.xyz,32,4000,16.757672110741936,4000,all,105
0.0657929,0.0960843,0.0,0.6847414197740942,0.3152585802259058,snapshot_106.xyz,32,4000,16.757672110741936,4000,all,106
0.0660083,0.0965712,0.0,0.6835195172059579,0.31648048279404206,snapshot_107.xyz,32,4000,16.757672110741936,4000,all,107
0.0655056,0.096293,0.0,0.6802737478321372,0.31972625216786277,snapshot_108.xyz,32,4000,16.757672110741936,4000,all,108
0.0665824,0.0965712,0.0,0.689464353761784,0.31053564623821595,snapshot_109.xyz,32,4000,16.757672110741936,4000,all,109
0.0675144,0.0968493,0.0,0.6971077746560894,0.3028922253439106,snapshot_110.xyz,32,4000,16.757672110741936,4000,all,110
0.0664389,0.0965712,0.0,0.6879784034991798,0.3120215965008202,snapshot_111.xyz,32,4000,16.757672110741936,4000,all,111
0.0667976,0.096293,0.0,0.6936911301963797,0.30630886980362027,snapshot_112.xyz,32,4000,16.757672110741936,4000,all,112
0.0660083,0.0967797,0.0,0.6820469581947455,0.3179530418052545,snapshot_113.xyz,32,4000,16.757672110741936,4000,all,113
0.0652182,0.0962235,0.0,0.6777782974013624,0.3222217025986376,snapshot_114.xyz,32,4000,16.757672110741936,4000,all,114
0.0692324,0.100043,0.0,0.6920264286356866,0.30797357136431336,snapshot_115.xyz,32,4000,16.757672110741936,4000,all,115
0.0691609,0.0999732,0.0,0.691794400899441,0.308205599100559,snapshot_116.xyz,32,4000,16.757672110741936,4000,all,116
0.0674428,0.0989328,0.0,0.6817031358659615,0.31829686413403846,snapshot_117.xyz,32,4000,16.757672110741936,4000,all,117
0.0690894,0.100112,0.0,0.6901210644078631,0.30987893559213686,snapshot_118.xyz,32,4000,16.757672110741936,4000,all,118
0.0680875,0.0973358,0.0,0.6995113822457923,0.30048861775420765,snapshot_119.xyz,32,4000,16.757672110741936,4000,all,119
0.0686601,0.0999732,0.0,0.6867850583956501,0.31321494160434993,snapshot_120.xyz,32,4000,16.757672110741936,4000,all,120
0.0667258,0.0978221,0.0,0.6821137554806123,0.31788624451938774,snapshot_121.xyz,32,4000,16.757672110741936,4000,all,121
0.0673711,0.0988634,0.0,0.6814564338268763,0.31854356617312374,snapshot_122.xyz,32,4000,16.757672110741936,4000,all,122
0.0676577,0.0986552,0.0,0.6857996334709169,0.3142003665290831,snapshot_123.xyz,32,4000,16.757672110741936,4000,all,123
0.07009,0.0995572,0.0,0.7040173889984853,0.2959826110015147,snapshot_124.xyz,32,4000,16.757672110741936,4000,all,124
0.068517,0.0997652,0.0,0.6867825654637087,0.31321743453629125,snapshot_125.xyz,32,4000,16.757672110741936,4000,all,125
0.0683023,0.100181,0.0,0.6817889619788182,0.3182110380211818,snapshot_126.xyz,32,4000,16.757672110741936,4000,all,126
0.0688032,0.10122,0.0,0.6797391819798458,0.32026081802015416,snapshot_127.xyz,32,4000,16.757672110741936,4000,all,127
0.0679443,0.0983082,0.0,0.6911356326328831,0.30886436736711687,snapshot_128.xyz,32,4000,16.757672110741936,4000,all,128
0.0678726,0.097961,0.0,0.6928532783454641,0.30714672165453594,snapshot_129.xyz,32,4000,16.757672110741936,4000,all,129
0.0674428,0.0974747,0.0,0.6919005649671145,0.3080994350328855,snapshot_130.xyz,32,4000,16.757672110741936,4000,all,130
0.0691609,0.10025,0.0,0.6898842892768079,0.3101157107231921,snapshot_131.xyz,32,4000,16.757672110741936,4000,all,131
0.0693039,0.100874,0.0,0.6870343200428257,0.3129656799571743,snapshot_132.xyz,32,4000,16.757672110741936,4000,all,132
0.0686601,0.0994184,0.0,0.6906176321485761,0.3093823678514239,snapshot_133.xyz,32,4000,16.757672110741936,4000,all,133
0.0684454,0.0983082,0.0,0.6962328676549872,0.30376713234501285,snapshot_134.xyz,32,4000,16.757672110741936,4000,all,134
0.0679443,0.0994878,0.0,0.6829410239245415,0.3170589760754585,snapshot_135.xyz,32,4000,16.757672110741936,4000,all,135
0.0691609,0.0990716,0.0,0.6980900681931048,0.3019099318068952,snapshot_136.xyz,32,4000,16.757672110741936,4000,all,136
0.0686601,0.0994878,0.0,0.6901358759566499,0.30986412404335006,snapshot_137.xyz,32,4000,16.757672110741936,4000,all,137
0.0686601,0.0988634,0.0,0.6944946259181861,0.3055053740818139,snapshot_138.xyz,32,4000,16.757672110741936,4000,all,138
0.0698042,0.0992103,0.0,0.7035983159006676,0.29640168409933243,snapshot_139.xyz,32,4000,16.757672110741936,4000,all,139
0.0688032,0.0982387,0.0,0.7003675740823118,0.29963242591768824,snapshot_140.xyz,32,4000,16.757672110741936,4000,all,140
0.0693039,0.0998345,0.0,0.6941878809429606,0.3058121190570394,snapshot_141.xyz,32,4000,16.757672110741936,4000,all,141
0.0698757,0.0998345,0.0,0.6999153599206687,0.30008464007933133,snapshot_142.xyz,32,4000,16.757672110741936,4000,all,142
0.0696613,0.0996958,0.0,0.6987385627077569,0.3012614372922431,snapshot_143.xyz,32,4000,16.757672110741936,4000,all,143
0.0690178,0.100043,0.0,0.6898813510190618,0.3101186489809382,snapshot_144.xyz,32,4000,16.757672110741936,4000,all,144
0.0681591,0.0981693,0.0,0.6943015790068789,0.30569842099312106,snapshot_145.xyz,32,4000,16.757672110741936,4000,all,145
0.0699471,0.098794,0.0,0.7080095957244367,0.29199040427556333,snapshot_146.xyz,32,4000,16.757672110741936,4000,all,146
0.0703757,0.0990716,0.0,0.7103519071055682,0.28964809289443183,snapshot_147.xyz,32,4000,16.757672110741936,4000,all,147
0.0699471,0.0988634,0.0,0.7075125880760726,0.29248741192392735,snapshot_148.xyz,32,4000,16.757672110741936,4000,all,148
0.0703043,0.100181,0.0,0.7017727912478413,0.2982272087521587,snapshot_149.xyz,32,4000,16.757672110741936,4000,all,149
0.0693039,0.0996958,0.0,0.6951536574258895,0.3048463425741105,snapshot_150.xyz,32,4000,16.757672110741936,4000,all,150
0.0704471,0.0990022,0.0,0.7115710559967354,0.2884289440032646,snapshot_151.xyz,32,4000,16.757672110741936,4000,all,151
0.0705899,0.0992797,0.0,0.7110204805211942,0.28897951947880585,snapshot_152.xyz,32,4000,16.757672110741936,4000,all,152
0.0714462,0.100805,0.0,0.7087565100937453,0.2912434899062547,snapshot_153.xyz,32,4000,16.757672110741936,4000,all,153
0.0710895,0.0998345,0.0,0.712073481612068,0.28792651838793204,snapshot_154.xyz,32,4000,16.757672110741936,4000,all,154
0.0713749,0.0998345,0.0,0.7149322128122042,0.2850677871877958,snapshot_155.xyz,32,4000,16.757672110741936,4000,all,155
0.0716601,0.100112,0.0,0.715799304778648,0.28420069522135205,snapshot_156.xyz,32,4000,16.757672110741936,4000,all,156
0.0704471,0.099141,0.0,0.7105748378571932,0.2894251621428068,snapshot_157.xyz,32,4000,16.757672110741936,4000,all,157
0.0713749,0.0992103,0.0,0.7194303414060839,0.28056965859391614,snapshot_158.xyz,32,4000,16.757672110741936,4000,all,158
0.0707327,0.0999039,0.0,0.7080073951066974,0.2919926048933026,snapshot_159.xyz,32,4000,16.757672110741936,4000,all,159
0.0712322,0.0994878,0.0,0.7159892971801567,0.2840107028198433,snapshot_160.xyz,32,4000,16.757672110741936,4000,all,160
0.0709468,0.0987246,0.0,0.718633451034494,0.28136654896550595,snapshot_161.xyz,32,4000,16.757672110741936,4000,all,161
0.0723016,0.0997652,0.0,0.7247176370117034,0.27528236298829656,snapshot_162.xyz,32,4000,16.757672110741936,4000,all,162
0.0713749,0.0996958,0.0,0.7159268494761064,0.2840731505238936,snapshot_163.xyz,32,4000,16.757672110741936,4000,all,163
0.0731562,0.100943,0.0,0.7247278166886263,0.2752721833113737,snapshot_164.xyz,32,4000,16.757672110741936,4000,all,164
0.0705185,0.100043,0.0,0.7048819007826634,0.29511809921733656,snapshot_165.xyz,32,4000,16.757672110741936,4000,all,165
0.0731562,0.0992103,0.0,0.737385130374568,0.262614869625432,snapshot_166.xyz,32,4000,16.757672110741936,4000,all,166
0.0732274,0.0992103,0.0,0.7381027977941806,0.26189720220581936,snapshot_167.xyz,32,4000,16.757672110741936,4000,all,167
0.073085,0.0990716,0.0,0.7376987956185224,0.26230120438147764,snapshot_168.xyz,32,4000,16.757672110741936,4000,all,168
0.0747208,0.0999039,0.0,0.7479267576140671,0.25207324238593287,snapshot_169.xyz,32,4000,16.757672110741936,4000,all,169
0.0732985,0.101359,0.0,0.7231572923963339,0.27684270760366614,snapshot_170.xyz,32,4000,16.757672110741936,4000,all,170
0.0744365,0.100112,0.0,0.7435322438868467,0.2564677561131533,snapshot_171.xyz,32,4000,16.757672110741936,4000,all,171
0.0734409,0.100112,0.0,0.7335873821320121,0.26641261786798787,snapshot_172.xyz,32,4000,16.757672110741936,4000,all,172
0.072729,0.0993491,0.0,0.7320549456411785,0.26794505435882154,snapshot_173.xyz,32,4000,16.757672110741936,4000,all,173
0.0740099,0.0997652,0.0,0.7418408422977151,0.2581591577022849,snapshot_174.xyz,32,4000,16.757672110741936,4000,all,174
0.0732274,0.0995572,0.0,0.735530930962301,0.26446906903769896,snapshot_175.xyz,32,4000,16.757672110741936,4000,all,175
0.0745076,0.0999732,0.0,0.7452757338966842,0.2547242661033158,snapshot_176.xyz,32,4000,16.757672110741936,4000,all,176
0.0742943,0.0996265,0.0,0.7457282951825065,0.2542717048174935,snapshot_177.xyz,32,4000,16.757672110741936,4000,all,177
0.0731562,0.0989328,0.0,0.7394534471883946,0.26054655281160544,snapshot_178.xyz,32,4000,16.757672110741936,4000,all,178
0.0738677,0.0995572,0.0,0.7419624095494851,0.2580375904505149,snapshot_179.xyz,32,4000,16.757672110741936,4000,all,179
0.0732274,0.0990716,0.0,0.7391361399230456,0.2608638600769544,snapshot_180.xyz,32,4000,16.757672110741936,4000,all,180
0.075218,0.10032,0.0,0.7497807017543858,0.2502192982456142,snapshot_181.xyz,32,4000,16.757672110741936,4000,all,181
0.0746497,0.0994184,0.0,0.750864025170391,0.24913597482960903,snapshot_182.xyz,32,4000,16.757672110741936,4000,all,182
0.0736543,0.0994184,0.0,0.7408517940341024,0.2591482059658976,snapshot_183.xyz,32,4000,16.757672110741936,4000,all,183
0.0731562,0.0989328,0.0,0.7394534471883946,0.26054655281160544,snapshot_184.xyz,32,4000,16.757672110741936,4000,all,184
0.074081,0.101497,0.0,0.7298836418810407,0.2701163581189593,snapshot_185.xyz,32,4000,16.757672110741936,4000,all,185
0.0762117,0.100389,0.0,0.759163852613334,0.24083614738666603,snapshot_186.xyz,32,4000,16.757672110741936,4000,all,186
0.0749339,0.0992797,0.0,0.7547756489997451,0.24522435100025486,snapshot_187.xyz,32,4000,16.757672110741936,4000,all,187
0.075289,0.101151,0.0,0.7443228440648139,0.25567715593518614,snapshot_188.xyz,32,4000,16.757672110741936,4000,all,188
0.0732985,0.0997652,0.0,0.7347100993131874,0.2652899006868126,snapshot_189.xyz,32,4000,16.757672110741936,4000,all,189
0.0742232,0.0985164,0.0,0.7534095845970823,0.2465904154029177,snapshot_190.xyz,32,4000,16.757672110741936,4000,all,190
0.075289,0.0997652,0.0,0.7546619462497944,0.24533805375020556,snapshot_191.xyz,32,4000,16.757672110741936,4000,all,191
0.0737254,0.0998345,0.0,0.7384761780747136,0.26152382192528645,snapshot_192.xyz,32,4000,16.757672110741936,4000,all,192
0.075289,0.100181,0.0,0.7515297311865522,0.2484702688134478,snapshot_193.xyz,32,4000,16.757672110741936,4000,all,193
0.0761407,0.0999732,0.0,0.7616111117779566,0.2383888882220434,snapshot_194.xyz,32,4000,16.757672110741936,4000,all,194
0.075573,0.099141,0.0,0.7622779677429116,0.23772203225708843,snapshot_195.xyz,32,4000,16.757672110741936,4000,all,195
0.075431,0.10025,0.0,0.7524289276807979,0.24757107231920206,snapshot_196.xyz,32,4000,16.757672110741936,4000,all,196
0.076779,0.0993491,0.0,0.7728202872497084,0.22717971275029158,snapshot_197.xyz,32,4000,16.757672110741936,4000,all,197
0.075715,0.100181,0.0,0.7557820345175232,0.24421796548247676,snapshot_198.xyz,32,4000,16.757672110741936,4000,all,198
0.07536,0.0990022,0.0,0.7611952057631042,0.23880479423689582,snapshot_199.xyz,32,4000,16.757672110741936,4000,all,199
0.075147,0.100528,0.0,0.7475230781473818,0.25247692185261816,snapshot_200.xyz,32,4000,16.757672110741936,4000,all,200
0.0759279,0.0999732,0.0,0.7594825413210742,0.24051745867892582,snapshot_201.xyz,32,4000,16.757672110741936,4000,all,201
0.07536,0.0998345,0.0,0.7548492755510369,0.24515072444896313,snapshot_202.xyz,32,4000,16.757672110741936,4000,all,202
0.0762826,0.0996265,0.0,0.7656858365996999,0.2343141634003001,snapshot_203.xyz,32,4000,16.757672110741936,4000,all,203
0.076779,0.100181,0.0,0.7664028109122488,0.23359718908775118,snapshot_204.xyz,32,4000,16.757672110741936,4000,all,204
0.0768499,0.100528,0.0,0.7644626372751869,0.23553736272481307,snapshot_205.xyz,32,4000,16.757672110741936,4000,all,205
0.0765663,0.0999732,0.0,0.7658682526917214,0.23413174730827857,snapshot_206.xyz,32,4000,16.757672110741936,4000,all,206
0.0772043,0.0997652,0.0,0.7738600233347901,0.2261399766652099,snapshot_207.xyz,32,4000,16.757672110741936,4000,all,207
0.075786,0.100389,0.0,0.7549233481755969,0.24507665182440308,snapshot_208.xyz,32,4000,16.757672110741936,4000,all,208
0.0772043,0.0992103,0.0,0.7781883534270132,0.2218116465729868,snapshot_209.xyz,32,4000,16.757672110741936,4000,all,209
0.0765663,0.0994184,0.0,0.7701421467253546,0.22985785327464536,snapshot_210.xyz,32,4000,16.757672110741936,4000,all,210
0.0764245,0.0993491,0.0,0.7692520616694063,0.2307479383305937,snapshot_211.xyz,32,4000,16.757672110741936,4000,all,211
0.0775585,0.100112,0.0,0.7747173166054019,0.22528268339459812,snapshot_212.xyz,32,4000,16.757672110741936,4000,all,212
0.0764245,0.100043,0.0,0.7639165158981638,0.23608348410183622,snapshot_213.xyz,32,4000,16.757672110741936,4000,all,213
0.0776293,0.100043,0.0,0.7759593374848814,0.22404066251511856,snapshot_214.xyz,32,4000,16.757672110741936,4000,all,214
0.0769208,0.100458,0.0,0.7657010890123235,0.23429891098767652,snapshot_215.xyz,32,4000,16.757672110741936,4000,all,215
0.077771,0.100389,0.0,0.7746964308838618,0.22530356911613825,snapshot_216.xyz,32,4000,16.757672110741936,4000,all,216
0.0768499,0.0995572,0.0,0.7719170486916064,0.22808295130839362,snapshot_217.xyz,32,4000,16.757672110741936,4000,all,217
0.0771334,0.0996958,0.0,0.7736875575500674,0.22631244244993265,snapshot_218.xyz,32,4000,16.757672110741936,4000,all,218
0.0779126,0.0999732,0.0,0.7793348617429471,0.22066513825705292,snapshot_219.xyz,32,4000,16.757672110741936,4000,all,219
0.077346,0.0999039,0.0,0.7742040100536616,0.22579598994633843,snapshot_220.xyz,32,4000,16.757672110741936,4000,all,220
0.0786204,0.100736,0.0,0.7804598157560355,0.2195401842439645,snapshot_221.xyz,32,4000,16.757672110741936,4000,all,221
0.0779126,0.100389,0.0,0.776106943987887,0.22389305601211296,snapshot_222.xyz,32,4000,16.757672110741936,4000,all,222
0.0793277,0.10025,0.0,0.791298753117207,0.208701246882793,snapshot_223.xyz,32,4000,16.757672110741936,4000,all,223
0.0785496,0.0995572,0.0,0.7889896461531662,0.21101035384683375,snapshot_224.xyz,32,4000,16.757672110741936,4000,all,224
0.0776293,0.100043,0.0,0.7759593374848814,0.22404066251511856,snapshot_225.xyz,32,4000,16.757672110741936,4000,all,225
0.0790448,0.100528,0.0,0.78629635524431,0.21370364475569004,snapshot_226.xyz,32,4000,16.757672110741936,4000,all,226
0.0793984,0.100736,0.0,0.7881829733163912,0.2118170266836088,snapshot_227.xyz,32,4000,16.757672110741936,4000,all,227
0.079257,0.10032,0.0,0.7900418660287081,0.20995813397129193,snapshot_228.xyz,32,4000,16.757672110741936,4000,all,228
0.0784081,0.0995572,0.0,0.7875683526656032,0.2124316473343968,snapshot_229.xyz,32,4000,16.757672110741936,4000,all,229
0.0797518,0.100736,0.0,0.7916911531130876,0.20830884688691242,snapshot_230.xyz,32,4000,16.757672110741936,4000,all,230
0.0785496,0.0996958,0.0,0.7878927698057491,0.21210723019425093,snapshot_231.xyz,32,4000,16.757672110741936,4000,all,231
0.0785496,0.0999732,0.0,0.7857065693605886,0.21429343063941142,snapshot_232.xyz,32,4000,16.757672110741936,4000,all,232
0.0793277,0.10025,0.0,0.791298753117207,0.208701246882793,snapshot_233.xyz,32,4000,16.757672110741936,4000,all,233
0.0786204,0.0997652,0.0,0.7880543516175981,0.21194564838240193,snapshot_234.xyz,32,4000,16.757672110741936,4000,all,234
0.0800344,0.100181,0.0,0.7988979946297202,0.20110200537027978,snapshot_235.xyz,32,4000,16.757672110741936,4000,all,235
0.0786912,0.0998345,0.0,0.7882164983046942,0.2117835016953058,snapshot_236.xyz,32,4000,16.757672110741936,4000,all,236
0.0789741,0.0994878,0.0,0.7938068788333846,0.20619312116661537,snapshot_237.xyz,32,4000,16.757672110741936,4000,all,237
0.0797518,0.0997652,0.0,0.7993949794116586,0.2006050205883414,snapshot_238.xyz,32,4000,16.757672110741936,4000,all,238
0.0796104,0.100874,0.0,0.789206336617959,0.21079366338204097,snapshot_239.xyz,32,4000,16.757672110741936,4000,all,239
0.0776293,0.0996265,0.0,0.7792033244166963,0.22079667558330374,snapshot_240.xyz,32,4000,16.757672110741936,4000,all,240
0.0784081,0.0994184,0.0,0.7886678924625622,0.2113321075374378,snapshot_241.xyz,32,4000,16.757672110741936,4000,all,241
0.0799638,0.100181,0.0,0.7981932701809724,0.20180672981902759,snapshot_242.xyz,32,4000,16.757672110741936,4000,all,242
0.081799,0.100458,0.0,0.814260686057855,0.18573931394214505,snapshot_243.xyz,32,4000,16.757672110741936,4000,all,243
0.0794691,0.0999732,0.0,0.7949040342811874,0.2050959657188126,snapshot_244.xyz,32,4000,16.757672110741936,4000,all,244
0.0798931,0.0993491,0.0,0.8041653120159116,0.19583468798408843,snapshot_245.xyz,32,4000,16.757672110741936,4000,all,245
0.0808818,0.10032,0.0,0.806238038277512,0.19376196172248805,snapshot_246.xyz,32,4000,16.757672110741936,4000,all,246
0.079257,0.0994878,0.0,0.7966504435719756,0.20334955642802444,snapshot_247.xyz,32,4000,16.757672110741936,4000,all,247
0.0797518,0.100181,0.0,0.7960771004481887,0.2039228995518113,snapshot_248.xyz,32,4000,16.757672110741936,4000,all,248
0.0796104,0.0993491,0.0,0.8013197905164717,0.19868020948352827,snapshot_249.xyz,32,4000,16.757672110741936,4000,all,249
0.080105,0.0999039,0.0,0.8018205495481157,0.19817945045188434,snapshot_250.xyz,32,4000,16.757672110741936,4000,all,250
0.081023,0.100458,0.0,0.8065360648231101,0.19346393517688987,snapshot_251.xyz,32,4000,16.757672110741936,4000,all,251
0.0783373,0.100181,0.0,0.7819576566414789,0.21804234335852113,snapshot_252.xyz,32,4000,16.757672110741936,4000,all,252
0.0809524,0.0996265,0.0,0.8125589075195855,0.18744109248041452,snapshot_253.xyz,32,4000,16.757672110741936,4000,all,253
0.0809524,0.0992797,0.0,0.8153973068008867,0.18460269319911327,snapshot_254.xyz,32,4000,16.757672110741936,4000,all,254
0.0816579,0.100112,0.0,0.8156654546907464,0.18433454530925364,snapshot_255.xyz,32,4000,16.757672110741936,4000,all,255
0.0808818,0.10025,0.0,0.8068009975062344,0.19319900249376565,snapshot_256.xyz,32,4000,16.757672110741936,4000,all,256
0.0811641,0.100043,0.0,0.8112921443779175,0.18870785562208248,snapshot_257.xyz,32,4000,16.757672110741936,4000,all,257
0.0808112,0.10025,0.0,0.8060967581047381,0.19390324189526187,snapshot_258.xyz,32,4000,16.757672110741936,4000,all,258
0.0794691,0.0999039,0.0,0.7954554326707967,0.20454456732920334,snapshot_259.xyz,32,4000,16.757672110741936,4000,all,259
0.0799638,0.0992797,0.0,0.8054395813041337,0.19456041869586627,snapshot_260.xyz,32,4000,16.757672110741936,4000,all,260
0.0824334,0.101013,0.0,0.8160672388702445,0.18393276112975554,snapshot_261.xyz,32,4000,16.757672110741936,4000,all,261
0.0807406,0.0997652,0.0,0.80930625107753,0.19069374892247004,snapshot_262.xyz,32,4000,16.757672110741936,4000,all,262
0.0802463,0.0992797,0.0,0.808285077412603,0.19171492258739697,snapshot_263.xyz,32,4000,16.757672110741936,4000,all,263
0.0803876,0.100112,0.0,0.8029766661339299,0.19702333386607007,snapshot_264.xyz,32,4000,16.757672110741936,4000,all,264
0.08194,0.100458,0.0,0.8156642576997352,0.18433574230026484,snapshot_265.xyz,32,4000,16.757672110741936,4000,all,265
0.0813052,0.0996265,0.0,0.8161001340004918,0.18389986599950825,snapshot_266.xyz,32,4000,16.757672110741936,4000,all,266
0.0811641,0.0999039,0.0,0.8124217372895353,0.18757826271046474,snapshot_267.xyz,32,4000,16.757672110741936,4000,all,267
0.0811641,0.0995572,0.0,0.8152509311230127,0.18474906887698728,snapshot_268.xyz,32,4000,16.757672110741936,4000,all,268
0.0815168,0.10025,0.0,0.813135162094763,0.186864837905237,snapshot_269.xyz,32,4000,16.757672110741936,4000,all,269
0.0813758,0.0998345,0.0,0.8151070020884563,0.18489299791154368,snapshot_270.xyz,32,4000,16.757672110741936,4000,all,270
0.0816579,0.10122,0.0,0.8067368109069354,0.1932631890930646,snapshot_271.xyz,32,4000,16.757672110741936,4000,all,271
0.0809524,0.0995572,0.0,0.8131245153539874,0.18687548464601256,snapshot_272.xyz,32,4000,16.757672110741936,4000,all,272
0.0825039,0.100874,0.0,0.8178906358427345,0.18210936415726553,snapshot_273.xyz,32,4000,16.757672110741936,4000,all,273
0.0815874,0.0995572,0.0,0.8195027582133688,0.18049724178663118,snapshot_274.xyz,32,4000,16.757672110741936,4000,all,274
0.0825039,0.100389,0.0,0.82184203448585,0.17815796551414997,snapshot_275.xyz,32,4000,16.757672110741936,4000,all,275
0.0827857,0.0999039,0.0,0.8286533358557574,0.1713466641442426,snapshot_276.xyz,32,4000,16.757672110741936,4000,all,276
0.0811641,0.0996958,0.0,0.814117545573635,0.18588245442636497,snapshot_277.xyz,32,4000,16.757672110741936,4000,all,277
0.0831379,0.100112,0.0,0.8304488972350966,0.16955110276490337,snapshot_278.xyz,32,4000,16.757672110741936,4000,all,278
0.0811641,0.100528,0.0,0.8073780439280598,0.19262195607194021,snapshot_279.xyz,32,4000,16.757672110741936,4000,all,279
0.0824334,0.101151,0.0,0.814953880831628,0.185046119168372,snapshot_280.xyz,32,4000,16.757672110741936,4000,all,280
0.0827857,0.100112,0.0,0.8269308374620425,0.17306916253795745,snapshot_281.xyz,32,4000,16.757672110741936,4000,all,281
0.0815168,0.0999039,0.0,0.815952129996927,0.184047870003073,snapshot_282.xyz,32,4000,16.757672110741936,4000,all,282
0.0840529,0.100043,0.0,0.8401677278770128,0.15983227212298723,snapshot_283.xyz,32,4000,16.757672110741936,4000,all,283
0.0822925,0.100597,0.0,0.8180412934779367,0.18195870652206325,snapshot_284.xyz,32,4000,16.757672110741936,4000,all,284
0.0812347,0.0994878,0.0,0.8165292628844945,0.18347073711550554,snapshot_285.xyz,32,4000,16.757672110741936,4000,all,285
0.0832083,0.0996265,0.0,0.8352024812675342,0.16479751873246584,snapshot_286.xyz,32,4000,16.757672110741936,4000,all,286
0.0835603,0.100458,0.0,0.8317933862907881,0.16820661370921186,snapshot_287.xyz,32,4000,16.757672110741936,4000,all,287
0.0832083,0.10025,0.0,0.8300079800498753,0.1699920199501247,snapshot_288.xyz,32,4000,16.757672110741936,4000,all,288
0.0839122,0.100458,0.0,0.835296342750204,0.16470365724979597,snapshot_289.xyz,32,4000,16.757672110741936,4000,all,289
0.0825743,0.10032,0.0,0.8231090510366826,0.17689094896331736,snapshot_290.xyz,32,4000,16.757672110741936,4000,all,290
0.0818695,0.0999732,0.0,0.8189144690777128,0.18108553092228719,snapshot_291.xyz,32,4000,16.757672110741936,4000,all,291
0.0830675,0.100943,0.0,0.8229149123762916,0.17708508762370845,snapshot_292.xyz,32,4000,16.757672110741936,4000,all,292
0.0829266,0.0996958,0.0,0.8317963244188823,0.1682036755811177,snapshot_293.xyz,32,4000,16.757672110741936,4000,all,293
0.0833491,0.100043,0.0,0.8331327529162459,0.1668672470837541,snapshot_294.xyz,32,4000,16.757672110741936,4000,all,294
0.0829266,0.0996265,0.0,0.8323749203274229,0.16762507967257712,snapshot_295.xyz,32,4000,16.757672110741936,4000,all,295
0.0834899,0.100528,0.0,0.8305138866783384,0.16948611332166164,snapshot_296.xyz,32,4000,16.757672110741936,4000,all,296
0.0825039,0.10025,0.0,0.8229815461346633,0.17701845386533666,snapshot_297.xyz,32,4000,16.757672110741936,4000,all,297
0.0831379,0.0996958,0.0,0.8339157717777479,0.1660842282222521,snapshot_298.xyz,32,4000,16.757672110741936,4000,all,298
0.0831379,0.100458,0.0,0.8275886440104322,0.1724113559895678,snapshot_299.xyz,32,4000,16.757672110741936,4000,all,299
0.0827857,0.10032,0.0,0.825216307814992,0.174783692185008,snapshot_300.xyz,32,4000,16.757672110741936,4000,all,300
0.0829266,0.0998345,0.0,0.8306407103756717,0.16935928962432834,snapshot_301.xyz,32,4000,16.757672110741936,4000,all,301
0.0826448,0.0995572,0.0,0.8301237881338568,0.1698762118661432,snapshot_302.xyz,32,4000,16.757672110741936,4000,all,302
0.0834899,0.0999732,0.0,0.835122812913861,0.16487718708613897,snapshot_303.xyz,32,4000,16.757672110741936,4000,all,303
0.0846156,0.0996958,0.0,0.8487378605718596,0.15126213942814037,snapshot_304.xyz,32,4000,16.757672110741936,4000,all,304
0.0834899,0.0985164,0.0,0.8474720960165009,0.15252790398349914,snapshot_305.xyz,32,4000,16.757672110741936,4000,all,305
0.0841936,0.100666,0.0,0.8363658037470446,0.1636341962529554,snapshot_306.xyz,32,4000,16.757672110741936,4000,all,306
0.0837715,0.100181,0.0,0.8362014753296533,0.16379852467034672,snapshot_307.xyz,32,4000,16.757672110741936,4000,all,307
0.0841936,0.0999732,0.0,0.8421616993354218,0.15783830066457816,snapshot_308.xyz,32,4000,16.757672110741936,4000,all,308
0.0845453,0.0999732,0.0,0.8456796421440946,0.15432035785590537,snapshot_309.xyz,32,4000,16.757672110741936,4000,all,309
0.084475,0.100736,0.0,0.8385780654383734,0.16142193456162657,snapshot_310.xyz,32,4000,16.757672110741936,4000,all,310
0.084264,0.10025,0.0,0.8405386533665835,0.1594613466334165,snapshot_311.xyz,32,4000,16.757672110741936,4000,all,311
0.0832787,0.10032,0.0,0.830130582137161,0.16986941786283904,snapshot_312.xyz,32,4000,16.757672110741936,4000,all,312
0.0839826,0.10032,0.0,0.8371471291866028,0.16285287081339717,snapshot_313.xyz,32,4000,16.757672110741936,4000,all,313
0.0847563,0.100043,0.0,0.8471987045570405,0.1528012954429595,snapshot_314.xyz,32,4000,16.757672110741936,4000,all,314
0.0832083,0.100181,0.0,0.830579650831994,0.16942034916800597,snapshot_315.xyz,32,4000,16.757672110741936,4000,all,315
0.0844047,0.101082,0.0,0.8350121683385765,0.1649878316614235,snapshot_316.xyz,32,4000,16.757672110741936,4000,all,316
0.0837715,0.0998345,0.0,0.8391037166510574,0.16089628334894257,snapshot_317.xyz,32,4000,16.757672110741936,4000,all,317
0.0834195,0.0996958,0.0,0.8367403641878594,0.16325963581214065,snapshot_318.xyz,32,4000,16.757672110741936,4000,all,318
0.0840529,0.0996958,0.0,0.8430936910080464,0.15690630899195357,snapshot_319.xyz,32,4000,16.757672110741936,4000,all,319
0.085178,0.101567,0.0,0.8386385341695629,0.1613614658304371,snapshot_320.xyz,32,4000,16.757672110741936,4000,all,320
0.0849672,0.100597,0.0,0.8446295615177392,0.15537043848226084,snapshot_321.xyz,32,4000,16.757672110741936,4000,all,321
0.0848266,0.0995572,0.0,0.8520388279300743,0.14796117206992565,snapshot_322.xyz,32,4000,16.757672110741936,4000,all,322
0.0846156,0.100666,0.0,0.8405578844893012,0.15944211551069876,snapshot_323.xyz,32,4000,16.757672110741936,4000,all,323
0.0836307,0.10032,0.0,0.8336393540669856,0.16636064593301436,snapshot_324.xyz,32,4000,16.757672110741936,4000,all,324
0.0834195,0.10025,0.0,0.8321147132169575,0.1678852867830425,snapshot_325.xyz,32,4000,16.757672110741936,4000,all,325
0.0846859,0.0999039,0.0,0.847673614343384,0.15232638565661605,snapshot_326.xyz,32,4000,16.757672110741936,4000,all,326
0.0853888,0.100458,0.0,0.8499950227955961,0.15000497720440387,snapshot_327.xyz,32,4000,16.757672110741936,4000,all,327
0.0841936,0.0999039,0.0,0.8427458787895167,0.15725412121048332,snapshot_328.xyz,32,4000,16.757672110741936,4000,all,328
0.0848266,0.100043,0.0,0.8479014023969693,0.15209859760303068,snapshot_329.xyz,32,4000,16.757672110741936,4000,all,329
0.0855293,0.100458,0.0,0.8513936172330725,0.1486063827669275,snapshot_330.xyz,32,4000,16.757672110741936,4000,all,330
0.0854591,0.100943,0.0,0.846607491356508,0.15339250864349196,snapshot_331.xyz,32,4000,16.757672110741936,4000,all,331
0.0846156,0.0998345,0.0,0.8475587096644946,0.15244129033550535,snapshot_332.xyz,32,4000,16.757672110741936,4000,all,332
0.0854591,0.0993491,0.0,0.8601899765574121,0.13981002344258786,snapshot_333.xyz,32,4000,16.757672110741936,4000,all,333
0.0860912,0.0998345,0.0,0.8623391713285488,0.13766082867145124,snapshot_334.xyz,32,4000,16.757672110741936,4000,all,334
0.0850374,0.100181,0.0,0.8488376039368742,0.15116239606312576,snapshot_335.xyz,32,4000,16.757672110741936,4000,all,335
0.0858805,0.0999039,0.0,0.8596311054923781,0.1403688945076219,snapshot_336.xyz,32,4000,16.757672110741936,4000,all,336
0.0845453,0.100112,0.0,0.8445071519897714,0.15549284801022856,snapshot_337.xyz,32,4000,16.757672110741936,4000,all,337
0.0856698,0.0995572,0.0,0.8605083308891773,0.13949166911082267,snapshot_338.xyz,32,4000,16.757672110741936,4000,all,338
0.0847563,0.0998345,0.0,0.8489680421096916,0.15103195789030843,snapshot_339.xyz,32,4000,16.757672110741936,4000,all,339
0.0855293,0.10032,0.0,0.8525647926634768,0.14743520733652316,snapshot_340.xyz,32,4000,16.757672110741936,4000,all,340
0.0846859,0.100458,0.0,0.8429980688446912,0.1570019311553088,snapshot_341.xyz,32,4000,16.757672110741936,4000,all,341
0.0858103,0.101013,0.0,0.8494975894191836,0.15050241058081637,snapshot_342.xyz,32,4000,16.757672110741936,4000,all,342
0.0858103,0.0995572,0.0,0.8619195798997964,0.1380804201002036,snapshot_343.xyz,32,4000,16.757672110741936,4000,all,343
0.0839122,0.0992103,0.0,0.8458012928093153,0.15419870719068474,snapshot_344.xyz,32,4000,16.757672110741936,4000,all,344
0.0858103,0.100112,0.0,0.857142999840179,0.14285700015982095,snapshot_345.xyz,32,4000,16.757672110741936,4000,all,345
0.0857401,0.100805,0.0,0.8505540399781756,0.14944596002182442,snapshot_346.xyz,32,4000,16.757672110741936,4000,all,346
0.0859508,0.0999039,0.0,0.8603347817252378,0.1396652182747622,snapshot_347.xyz,32,4000,16.757672110741936,4000,all,347
0.0858103,0.10025,0.0,0.8559630922693267,0.14403690773067335,snapshot_348.xyz,32,4000,16.757672110741936,4000,all,348
0.086021,0.100597,0.0,0.8551050230126146,0.1448949769873854,snapshot_349.xyz,32,4000,16.757672110741936,4000,all,349
0.0861614,0.100874,0.0,0.8541487400122925,0.14585125998770754,snapshot_350.xyz,32,4000,16.757672110741936,4000,all,350
0.0857401,0.100666,0.0,0.8517284882681342,0.1482715117318658,snapshot_351.xyz,32,4000,16.757672110741936,4000,all,351
0.0857401,0.100597,0.0,0.8523126932214677,0.14768730677853226,snapshot_352.xyz,32,4000,16.757672110741936,4000,all,352
0.0857401,0.0998345,0.0,0.8588223509908899,0.14117764900911012,snapshot_353.xyz,32,4000,16.757672110741936,4000,all,353
0.0870737,0.100389,0.0,0.8673629580930181,0.1326370419069819,snapshot_354.xyz,32,4000,16.757672110741936,4000,all,354
0.0858103,0.100666,0.0,0.8524258438797608,0.14757415612023916,snapshot_355.xyz,32,4000,16.757672110741936,4000,all,355
0.0858805,0.0998345,0.0,0.860228678462856,0.139771321537144,snapshot_356.xyz,32,4000,16.757672110741936,4000,all,356
0.0860912,0.100181,0.0,0.8593565646180413,0.14064343538195867,snapshot_357.xyz,32,4000,16.757672110741936,4000,all,357
0.0868633,0.100736,0.0,0.8622865708386277,0.1377134291613723,snapshot_358.xyz,32,4000,16.757672110741936,4000,all,358
0.0882656,0.100943,0.0,0.8744103107694441,0.1255896892305559,snapshot_359.xyz,32,4000,16.757672110741936,4000,all,359
0.0864422,0.10032,0.0,0.8616646730462519,0.13833532695374806,snapshot_360.xyz,32,4000,16.757672110741936,4000,all,360
0.0852483,0.100528,0.0,0.8480055307973897,0.15199446920261028,snapshot_361.xyz,32,4000,16.757672110741936,4000,all,361
0.0858805,0.100528,0.0,0.8542943259589367,0.14570567404106327,snapshot_362.xyz,32,4000,16.757672110741936,4000,all,362
0.0855293,0.0999039,0.0,0.8561157272138525,0.14388427278614746,snapshot_363.xyz,32,4000,16.757672110741936,4000,all,363
0.0848969,0.0998345,0.0,0.8503763728971447,0.14962362710285526,snapshot_364.xyz,32,4000,16.757672110741936,4000,all,364
0.0865124,0.101151,0.0,0.8552797303041987,0.14472026969580132,snapshot_365.xyz,32,4000,16.757672110741936,4000,all,365
0.0861614,0.100043,0.0,0.8612436652239537,0.13875633477604632,snapshot_366.xyz,32,4000,16.757672110741936,4000,all,366
0.0860912,0.100805,0.0,0.8540370021328307,0.14596299786716926,snapshot_367.xyz,32,4000,16.757672110741936,4000,all,367
0.0868633,0.0995572,0.0,0.8724964141217311,0.12750358587826893,snapshot_368.xyz,32,4000,16.757672110741936,4000,all,368
0.0875647,0.099141,0.0,0.8832339798872312,0.11676602011276882,snapshot_369.xyz,32,4000,16.757672110741936,4000,all,369
0.086372,0.100874,0.0,0.8562364930507366,0.14376350694926343,snapshot_370.xyz,32,4000,16.757672110741936,4000,all,370
0.0863018,0.10025,0.0,0.8608658354114712,0.13913416458852879,snapshot_371.xyz,32,4000,16.757672110741936,4000,all,371
0.0856698,0.0996265,0.0,0.859909762964673,0.14009023703532697,snapshot_372.xyz,32,4000,16.757672110741936,4000,all,372
0.0860912,0.100736,0.0,0.8546219822109276,0.14537801778907244,snapshot_373.xyz,32,4000,16.757672110741936,4000,all,373
0.0869334,0.100112,0.0,0.8683614351925842,0.13163856480741576,snapshot_374.xyz,32,4000,16.757672110741936,4000,all,374
0.0850374,0.10025,0.0,0.8482533665835411,0.1517466334164589,snapshot_375.xyz,32,4000,16.757672110741936,4000,all,375
0.085178,0.0996265,0.0,0.8549733253702579,0.14502667462974206,snapshot_376.xyz,32,4000,16.757672110741936,4000,all,376
0.0866528,0.100736,0.0,0.8601969504447268,0.13980304955527323,snapshot_377.xyz,32,4000,16.757672110741936,4000,all,377
0.0855996,0.100458,0.0,0.852093412172251,0.14790658782774901,snapshot_378.xyz,32,4000,16.757672110741936,4000,all,378
0.086372,0.0997652,0.0,0.865752787545156,0.13424721245484394,snapshot_379.xyz,32,4000,16.757672110741936,4000,all,379
0.0866528,0.0999039,0.0,0.8673615344345916,0.13263846556540837,snapshot_380.xyz,32,4000,16.757672110741936,4000,all,380
0.0866528,0.0990716,0.0,0.874648234206372,0.12535176579362795,snapshot_381.xyz,32,4000,16.757672110741936,4000,all,381
0.0868633,0.100736,0.0,0.8622865708386277,0.1377134291613723,snapshot_382.xyz,32,4000,16.757672110741936,4000,all,382
0.0878451,0.0996265,0.0,0.8817443150165869,0.1182556849834131,snapshot_383.xyz,32,4000,16.757672110741936,4000,all,383
0.0873543,0.100458,0.0,0.8695604133070536,0.13043958669294642,snapshot_384.xyz,32,4000,16.757672110741936,4000,all,384
0.086372,0.100528,0.0,0.8591835110615947,0.14081648893840526,snapshot_385.xyz,32,4000,16.757672110741936,4000,all,385
0.0870737,0.0999732,0.0,0.8709704200725795,0.12902957992742048,snapshot_386.xyz,32,4000,16.757672110741936,4000,all,386
0.0878451,0.101013,0.0,0.869641531288052,0.130358468711948,snapshot_387.xyz,32,4000,16.757672110741936,4000,all,387
0.0884757,0.100389,0.0,0.8813286316229866,0.11867136837701342,snapshot_388.xyz,32,4000,16.757672110741936,4000,all,388
0.0882656,0.100666,0.0,0.8768164027576341,0.12318359724236594,snapshot_389.xyz,32,4000,16.757672110741936,4000,all,389
0.087775,0.0999039,0.0,0.8785943291503134,0.12140567084968656,snapshot_390.xyz,32,4000,16.757672110741936,4000,all,390
0.0877049,0.10025,0.0,0.8748618453865337,0.12513815461346633,snapshot_391.xyz,32,4000,16.757672110741936,4000,all,391
0.0873543,0.0999732,0.0,0.8737771722821716,0.12622282771782845,snapshot_392.xyz,32,4000,16.757672110741936,4000,all,392
0.0874945,0.100874,0.0,0.8673642365723576,0.13263576342764238,snapshot_393.xyz,32,4000,16.757672110741936,4000,all,393
0.087775,0.100181,0.0,0.8761641429013486,0.12383585709865141,snapshot_394.xyz,32,4000,16.757672110741936,4000,all,394
0.0865826,0.100043,0.0,0.8654538548424177,0.13454614515758234,snapshot_395.xyz,32,4000,16.757672110741936,4000,all,395
0.0867931,0.100528,0.0,0.8633723937609421,0.1366276062390579,snapshot_396.xyz,32,4000,16.757672110741936,4000,all,396
0.0888259,0.101359,0.0,0.8763494114977456,0.12365058850225441,snapshot_397.xyz,32,4000,16.757672110741936,4000,all,397
0.0871439,0.099141,0.0,0.8789895199765989,0.12101048002340109,snapshot_398.xyz,32,4000,16.757672110741936,4000,all,398
0.0879852,0.0999732,0.0,0.8800878635474307,0.11991213645256926,snapshot_399.xyz,32,4000,16.757672110741936,4000,all,399
0.087775,0.0998345,0.0,0.8792050844147064,0.12079491558529365,snapshot_400.xyz,32,4000,16.757672110741936,4000,all,400
0.0878451,0.10032,0.0,0.875648923444976,0.12435107655502398,snapshot_401.xyz,32,4000,16.757672110741936,4000,all,401
0.0874244,0.100736,0.0,0.8678565756035578,0.13214342439644222,snapshot_402.xyz,32,4000,16.757672110741936,4000,all,402
0.0882656,0.0998345,0.0,0.8841192173046392,0.11588078269536084,snapshot_403.xyz,32,4000,16.757672110741936,4000,all,403
0.0878451,0.0996265,0.0,0.8817443150165869,0.1182556849834131,snapshot_404.xyz,32,4000,16.757672110741936,4000,all,404
0.0873543,0.100943,0.0,0.865382443557255,0.13461755644274498,snapshot_405.xyz,32,4000,16.757672110741936,4000,all,405
0.0873543,0.101567,0.0,0.8600657693936021,0.13993423060639787,snapshot_406.xyz,32,4000,16.757672110741936,4000,all,406
0.0884757,0.100458,0.0,0.8807232873439647,0.11927671265603534,snapshot_407.xyz,32,4000,16.757672110741936,4000,all,407
0.0876348,0.100736,0.0,0.8699452033036849,0.13005479669631514,snapshot_408.xyz,32,4000,16.757672110741936,4000,all,408
0.0880553,0.100389,0.0,0.8771409218141429,0.12285907818585706,snapshot_409.xyz,32,4000,16.757672110741936,4000,all,409
0.0877049,0.10025,0.0,0.8748618453865337,0.12513815461346633,snapshot_410.xyz,32,4000,16.757672110741936,4000,all,410
0.088966,0.10025,0.0,0.8874413965087281,0.11255860349127189,snapshot_411.xyz,32,4000,16.757672110741936,4000,all,411
0.0874244,0.10032,0.0,0.8714553429027113,0.12854465709728868,snapshot_412.xyz,32,4000,16.757672110741936,4000,all,412
0.0881254,0.10025,0.0,0.8790563591022444,0.12094364089775556,snapshot_413.xyz,32,4000,16.757672110741936,4000,all,413
0.089246,0.100666,0.0,0.8865555401029146,0.1134444598970854,snapshot_414.xyz,32,4000,16.757672110741936,4000,all,414
0.089106,0.100043,0.0,0.890677008886179,0.10932299111382104,snapshot_415.xyz,32,4000,16.757672110741936,4000,all,415
0.0883356,0.100666,0.0,0.8775117716011364,0.12248822839886364,snapshot_416.xyz,32,4000,16.757672110741936,4000,all,416
0.0879852,0.10025,0.0,0.8776578553615959,0.1223421446384041,snapshot_417.xyz,32,4000,16.757672110741936,4000,all,417
0.0879852,0.0999039,0.0,0.8806983511154218,0.11930164888457817,snapshot_418.xyz,32,4000,16.757672110741936,4000,all,418
0.0879852,0.100874,0.0,0.8722287209786466,0.12777127902135343,snapshot_419.xyz,32,4000,16.757672110741936,4000,all,419
0.0880553,0.101497,0.0,0.8675655438091766,0.1324344561908234,snapshot_420.xyz,32,4000,16.757672110741936,4000,all,420
0.089106,0.10032,0.0,0.8882177033492823,0.1117822966507177,snapshot_421.xyz,32,4000,16.757672110741936,4000,all,421
0.0881955,0.100528,0.0,0.8773227359541619,0.12267726404583812,snapshot_422.xyz,32,4000,16.757672110741936,4000,all,422
0.0878451,0.0996265,0.0,0.8817443150165869,0.1182556849834131,snapshot_423.xyz,32,4000,16.757672110741936,4000,all,423
0.0886859,0.10122,0.0,0.8761697293025094,0.12383027069749064,snapshot_424.xyz,32,4000,16.757672110741936,4000,all,424
0.0867931,0.0999039,0.0,0.8687658840145379,0.13123411598546209,snapshot_425.xyz,32,4000,16.757672110741936,4000,all,425
0.0878451,0.100458,0.0,0.8744460371498536,0.12555396285014642,snapshot_426.xyz,32,4000,16.757672110741936,4000,all,426
0.087775,0.100112,0.0,0.8767680198178041,0.12323198018219594,snapshot_427.xyz,32,4000,16.757672110741936,4000,all,427
0.0883356,0.100389,0.0,0.8799330603950631,0.12006693960493686,snapshot_428.xyz,32,4000,16.757672110741936,4000,all,428
0.0880553,0.10025,0.0,0.8783571072319202,0.12164289276807982,snapshot_429.xyz,32,4000,16.757672110741936,4000,all,429
0.0881254,0.0988634,0.0,0.8913854874503608,0.10861451254963916,snapshot_430.xyz,32,4000,16.757672110741936,4000,all,430
0.0879852,0.10032,0.0,0.8770454545454545,0.12295454545454554,snapshot_431.xyz,32,4000,16.757672110741936,4000,all,431
0.0884057,0.100736,0.0,0.8775978796060991,0.12240212039390086,snapshot_432.xyz,32,4000,16.757672110741936,4000,all,432
0.0879152,0.100389,0.0,0.8757453505862195,0.1242546494137805,snapshot_433.xyz,32,4000,16.757672110741936,4000,all,433
0.0884757,0.100736,0.0,0.8782927652477763,0.12170723475222367,snapshot_434.xyz,32,4000,16.757672110741936,4000,all,434
0.089386,0.10025,0.0,0.8916309226932667,0.10836907730673329,snapshot_435.xyz,32,4000,16.757672110741936,4000,all,435
0.0879852,0.100181,0.0,0.8782623451552689,0.12173765484473109,snapshot_436.xyz,32,4000,16.757672110741936,4000,all,436
0.089036,0.10025,0.0,0.888139650872818,0.11186034912718201,snapshot_437.xyz,32,4000,16.757672110741936,4000,all,437
0.0898059,0.100389,0.0,0.8945790873502075,0.10542091264979248,snapshot_438.xyz,32,4000,16.757672110741936,4000,all,438
0.0879852,0.100528,0.0,0.8752307814738182,0.12476921852618184,snapshot_439.xyz,32,4000,16.757672110741936,4000,all,439
0.089176,0.0995572,0.0,0.8957262759499063,0.10427372405009372,snapshot_440.xyz,32,4000,16.757672110741936,4000,all,440
0.0900857,0.100874,0.0,0.89305172789817,0.10694827210183,snapshot_441.xyz,32,4000,16.757672110741936,4000,all,441
0.0886158,0.0998345,0.0,0.8876270227226059,0.11237297727739415,snapshot_442.xyz,32,4000,16.757672110741936,4000,all,442
0.0883356,0.0995572,0.0,0.8872848975262463,0.11271510247375371,snapshot_443.xyz,32,4000,16.757672110741936,4000,all,443
0.0888259,0.100666,0.0,0.8823823336578387,0.11761766634216131,snapshot_444.xyz,32,4000,16.757672110741936,4000,all,444
0.089106,0.0997652,0.0,0.8931571329481623,0.10684286705183765,snapshot_445.xyz,32,4000,16.757672110741936,4000,all,445
0.089246,0.100458,0.0,0.8883911684485059,0.11160883155149415,snapshot_446.xyz,32,4000,16.757672110741936,4000,all,446
0.0898059,0.0996265,0.0,0.9014258254580858,0.0985741745419142,snapshot_447.xyz,32,4000,16.757672110741936,4000,all,447
0.0898758,0.0998345,0.0,0.9002479102915325,0.0997520897084675,snapshot_448.xyz,32,4000,16.757672110741936,4000,all,448
0.0898758,0.100043,0.0,0.8983717001689273,0.10162829983107269,snapshot_449.xyz,32,4000,16.757672110741936,4000,all,449
0.089246,0.100597,0.0,0.8871636331103313,0.1128363668896687,snapshot_450.xyz,32,4000,16.757672110741936,4000,all,450
0.089526,0.100597,0.0,0.8899470163126136,0.11005298368738636,snapshot_451.xyz,32,4000,16.757672110741936,4000,all,451
0.088966,0.100736,0.0,0.8831599428208387,0.11684005717916135,snapshot_452.xyz,32,4000,16.757672110741936,4000,all,452
0.089246,0.0998345,0.0,0.8939394698225563,0.10606053017744366,snapshot_453.xyz,32,4000,16.757672110741936,4000,all,453
0.088966,0.0992797,0.0,0.8961147142870094,0.1038852857129906,snapshot_454.xyz,32,4000,16.757672110741936,4000,all,454
0.088896,0.0994184,0.0,0.8941604371021863,0.10583956289781371,snapshot_455.xyz,32,4000,16.757672110741936,4000,all,455
0.0898059,0.100389,0.0,0.8945790873502075,0.10542091264979248,snapshot_456.xyz,32,4000,16.757672110741936,4000,all,456
0.0898059,0.100458,0.0,0.8939646419399151,0.1060353580600849,snapshot_457.xyz,32,4000,16.757672110741936,4000,all,457
0.089456,0.100389,0.0,0.8910936457181563,0.1089063542818437,snapshot_458.xyz,32,4000,16.757672110741936,4000,all,458
0.089386,0.0999732,0.0,0.894099618697811,0.10590038130218904,snapshot_459.xyz,32,4000,16.757672110741936,4000,all,459
0.0887559,0.101844,0.0,0.8714887474961706,0.12851125250382944,snapshot_460.xyz,32,4000,16.757672110741936,4000,all,460
0.089106,0.10032,0.0,0.8882177033492823,0.1117822966507177,snapshot_461.xyz,32,4000,16.757672110741936,4000,all,461
0.089246,0.100805,0.0,0.8853330687961907,0.11466693120380933,snapshot_462.xyz,32,4000,16.757672110741936,4000,all,462
0.089106,0.0999732,0.0,0.8912988680966499,0.10870113190335007,snapshot_463.xyz,32,4000,16.757672110741936,4000,all,463
0.0887559,0.100389,0.0,0.8841197740788332,0.11588022592116676,snapshot_464.xyz,32,4000,16.757672110741936,4000,all,464
0.0903654,0.100181,0.0,0.9020213413721164,0.09797865862788357,snapshot_465.xyz,32,4000,16.757672110741936,4000,all,465
0.089176,0.10032,0.0,0.8889154704944179,0.11108452950558212,snapshot_466.xyz,32,4000,16.757672110741936,4000,all,466
0.089386,0.0999732,0.0,0.894099618697811,0.10590038130218904,snapshot_467.xyz,32,4000,16.757672110741936,4000,all,467
0.089246,0.100181,0.0,0.8908475659057107,0.10915243409428932,snapshot_468.xyz,32,4000,16.757672110741936,4000,all,468
0.0900857,0.100943,0.0,0.892441278741468,0.10755872125853205,snapshot_469.xyz,32,4000,16.757672110741936,4000,all,469
0.088896,0.10032,0.0,0.8861244019138755,0.11387559808612446,snapshot_470.xyz,32,4000,16.757672110741936,4000,all,470
0.0900157,0.100043,0.0,0.8997700988574913,0.10022990114250874,snapshot_471.xyz,32,4000,16.757672110741936,4000,all,471
0.089176,0.100458,0.0,0.8876943598319695,0.11230564016803046,snapshot_472.xyz,32,4000,16.757672110741936,4000,all,472
0.090715,0.100528,0.0,0.9023854050612764,0.0976145949387236,snapshot_473.xyz,32,4000,16.757672110741936,4000,all,473
0.0905053,0.0999732,0.0,0.9052956192259526,0.09470438077404741,snapshot_474.xyz,32,4000,16.757672110741936,4000,all,474
0.0899458,0.101082,0.0,0.8898300389782553,0.1101699610217447,snapshot_475.xyz,32,4000,16.757672110741936,4000,all,475
0.0900857,0.100736,0.0,0.8942751350063533,0.10572486499364675,snapshot_476.xyz,32,4000,16.757672110741936,4000,all,476
0.089456,0.100666,0.0,0.8886416466334213,0.11135835336657873,snapshot_477.xyz,32,4000,16.757672110741936,4000,all,477
0.0897359,0.100736,0.0,0.8908026921855144,0.10919730781448556,snapshot_478.xyz,32,4000,16.757672110741936,4000,all,478
0.0897359,0.0999732,0.0,0.8975995566811905,0.10240044331880949,snapshot_479.xyz,32,4000,16.757672110741936,4000,all,479
0.088966,0.100181,0.0,0.8880526247492039,0.11194737525079612,snapshot_480.xyz,32,4000,16.757672110741936,4000,all,480
0.0897359,0.100874,0.0,0.8895840355294723,0.1104159644705277,snapshot_481.xyz,32,4000,16.757672110741936,4000,all,481
0.089386,0.0998345,0.0,0.895341790663548,0.10465820933645198,snapshot_482.xyz,32,4000,16.757672110741936,4000,all,482
0.0887559,0.0996958,0.0,0.890267192800499,0.10973280719950096,snapshot_483.xyz,32,4000,16.757672110741936,4000,all,483
0.0900857,0.101082,0.0,0.8912140638293663,0.1087859361706337,snapshot_484.xyz,32,4000,16.757672110741936,4000,all,484
0.0902256,0.0999039,0.0,0.9031239020698891,0.09687609793011087,snapshot_485.xyz,32,4000,16.757672110741936,4000,all,485
0.0906451,0.100389,0.0,0.9029385689667194,0.09706143103328058,snapshot_486.xyz,32,4000,16.757672110741936,4000,all,486
0.0897359,0.100943,0.0,0.8889759567280543,0.1110240432719457,snapshot_487.xyz,32,4000,16.757672110741936,4000,all,487
0.089596,0.100666,0.0,0.8900323843204259,0.10996761567957414,snapshot_488.xyz,32,4000,16.757672110741936,4000,all,488
0.0898758,0.100458,0.0,0.8946604551155707,0.10533954488442931,snapshot_489.xyz,32,4000,16.757672110741936,4000,all,489
0.0900857,0.100528,0.0,0.8961254575839567,0.10387454241604333,snapshot_490.xyz,32,4000,16.757672110741936,4000,all,490
0.0903654,0.100389,0.0,0.90015240713624,0.09984759286375999,snapshot_491.xyz,32,4000,16.757672110741936,4000,all,491
0.0905752,0.0999039,0.0,0.9066232649576242,0.09337673504237576,snapshot_492.xyz,32,4000,16.757672110741936,4000,all,492
0.089316,0.100389,0.0,0.8896990706153065,0.11030092938469349,snapshot_493.xyz,32,4000,16.757672110741936,4000,all,493
0.0902955,0.100805,0.0,0.8957442587173254,0.10425574128267456,snapshot_494.xyz,32,4000,16.757672110741936,4000,all,494
0.0902955,0.10025,0.0,0.9007032418952619,0.09929675810473815,snapshot_495.xyz,32,4000,16.757672110741936,4000,all,495
0.0902256,0.100389,0.0,0.8987598242835371,0.10124017571646293,snapshot_496.xyz,32,4000,16.757672110741936,4000,all,496
0.0904354,0.100181,0.0,0.9027200766612431,0.0972799233387569,snapshot_497.xyz,32,4000,16.757672110741936,4000,all,497
0.0900857,0.101013,0.0,0.8918228346846445,0.10817716531535548,snapshot_498.xyz,32,4000,16.757672110741936,4000,all,498
0.0905752,0.100874,0.0,0.8979043162757498,0.10209568372425015,snapshot_499.xyz,32,4000,16.757672110741936,4000,all,499
0.0901556,0.100043,0.0,0.9011684975460551,0.0988315024539449,snapshot_500.xyz,32,4000,16.757672110741936,4000,all,500
0.0901556,0.100805,0.0,0.8943564307326025,0.10564356926739749,snapshot_501.xyz,32,4000,16.757672110741936,4000,all,501
0.0909247,0.100528,0.0,0.9044713910552283,0.09552860894477166,snapshot_502.xyz,32,4000,16.757672110741936,4000,all,502
0.0911344,0.100112,0.0,0.9103244366309733,0.08967556336902671,snapshot_503.xyz,32,4000,16.757672110741936,4000,all,503
0.0903654,0.0999039,0.0,0.9045232468402133,0.09547675315978665,snapshot_504.xyz,32,4000,16.757672110741936,4000,all,504
0.0908548,0.101082,0.0,0.8988227379751093,0.10117726202489075,snapshot_505.xyz,32,4000,16.757672110741936,4000,all,505
0.090715,0.10032,0.0,0.9042563795853269,0.0957436204146731,snapshot_506.xyz,32,4000,16.757672110741936,4000,all,506
0.090715,0.100597,0.0,0.9017664542680199,0.09823354573198007,snapshot_507.xyz,32,4000,16.757672110741936,4000,all,507
0.0906451,0.100043,0.0,0.9060613936007517,0.09393860639924834,snapshot_508.xyz,32,4000,16.757672110741936,4000,all,508
0.0904354,0.100943,0.0,0.8959056100967873,0.10409438990321274,snapshot_509.xyz,32,4000,16.757672110741936,4000,all,509
0.090715,0.100666,0.0,0.9011483519758409,0.09885164802415913,snapshot_510.xyz,32,4000,16.757672110741936,4000,all,510
0.0900857,0.0997652,0.0,0.9029771904431606,0.0970228095568394,snapshot_511.xyz,32,4000,16.757672110741936,4000,all,511
0.0902955,0.100805,0.0,0.8957442587173254,0.10425574128267456,snapshot_512.xyz,32,4000,16.757672110741936,4000,all,512
0.0909247,0.100181,0.0,0.9076042363322385,0.09239576366776148,snapshot_513.xyz,32,4000,16.757672110741936,4000,all,513
0.0901556,0.100043,0.0,0.9011684975460551,0.0988315024539449,snapshot_514.xyz,32,4000,16.757672110741936,4000,all,514
0.0906451,0.101082,0.0,0.8967481846421718,0.10325181535782824,snapshot_515.xyz,32,4000,16.757672110741936,4000,all,515
0.0900857,0.0994184,0.0,0.906127034834598,0.093872965165402,snapshot_516.xyz,32,4000,16.757672110741936,4000,all,516
0.0911344,0.100112,0.0,0.9103244366309733,0.08967556336902671,snapshot_517.xyz,32,4000,16.757672110741936,4000,all,517
0.0914138,0.10025,0.0,0.9118583541147132,0.08814164588528683,snapshot_518.xyz,32,4000,16.757672110741936,4000,all,518
0.0909247,0.100389,0.0,0.9057237346721253,0.0942762653278747,snapshot_519.xyz,32,4000,16.757672110741936,4000,all,519
0.0917631,0.101013,0.0,0.9084286180986605,0.09157138190133951,snapshot_520.xyz,32,4000,16.757672110741936,4000,all,520
0.0906451,0.100389,0.0,0.9029385689667194,0.09706143103328058,snapshot_521.xyz,32,4000,16.757672110741936,4000,all,521
0.0915535,0.100458,0.0,0.9113609667721833,0.08863903322781674,snapshot_522.xyz,32,4000,16.757672110741936,4000,all,522
0.0921122,0.101151,0.0,0.910640527528151,0.08935947247184906,snapshot_523.xyz,32,4000,16.757672110741936,4000,all,523
0.0919027,0.0999732,0.0,0.9192733652618903,0.0807266347381097,snapshot_524.xyz,32,4000,16.757672110741936,4000,all,524
0.0912042,0.100528,0.0,0.9072517109660989,0.09274828903390109,snapshot_525.xyz,32,4000,16.757672110741936,4000,all,525
0.0919027,0.101082,0.0,0.909189568864882,0.090810431135118,snapshot_526.xyz,32,4000,16.757672110741936,4000,all,526
0.0904354,0.100458,0.0,0.9002309422843376,0.09976905771566236,snapshot_527.xyz,32,4000,16.757672110741936,4000,all,527
0.0909247,0.0996265,0.0,0.9126557692983291,0.08734423070167086,snapshot_528.xyz,32,4000,16.757672110741936,4000,all,528
0.0919027,0.100666,0.0,0.9129467744819502,0.08705322551804984,snapshot_529.xyz,32,4000,16.757672110741936,4000,all,529
0.0912042,0.100112,0.0,0.9110216557455649,0.08897834425443507,snapshot_530.xyz,32,4000,16.757672110741936,4000,all,530
0.0916234,0.100528,0.0,0.9114216934585389,0.08857830654146115,snapshot_531.xyz,32,4000,16.757672110741936,4000,all,531
0.0912741,0.100458,0.0,0.9085797049513229,0.0914202950486771,snapshot_532.xyz,32,4000,16.757672110741936,4000,all,532
0.0909946,0.100389,0.0,0.9064200260984768,0.09357997390152317,snapshot_533.xyz,32,4000,16.757672110741936,4000,all,533
0.0919027,0.100043,0.0,0.9186319882450547,0.08136801175494535,snapshot_534.xyz,32,4000,16.757672110741936,4000,all,534
0.092182,0.100112,0.0,0.9207887166373661,0.07921128336263394,snapshot_535.xyz,32,4000,16.757672110741936,4000,all,535
0.0935773,0.100043,0.0,0.9353707905600591,0.06462920943994088,snapshot_536.xyz,32,4000,16.757672110741936,4000,all,536
0.0928799,0.100389,0.0,0.9251999721084979,0.07480002789150209,snapshot_537.xyz,32,4000,16.757672110741936,4000,all,537
0.0933681,0.100666,0.0,0.9275038245286392,0.07249617547136078,snapshot_538.xyz,32,4000,16.757672110741936,4000,all,538
0.0928799,0.0999732,0.0,0.9290479848599424,0.07095201514005756,snapshot_539.xyz,32,4000,16.757672110741936,4000,all,539
0.0927403,0.100736,0.0,0.9206271839263024,0.07937281607369762,snapshot_540.xyz,32,4000,16.757672110741936,4000,all,540
0.0941349,0.101428,0.0,0.9280957920889694,0.07190420791103058,snapshot_541.xyz,32,4000,16.757672110741936,4000,all,541
0.0926008,0.10025,0.0,0.923698753117207,0.07630124688279305,snapshot_542.xyz,32,4000,16.757672110741936,4000,all,542
0.0937864,0.100736,0.0,0.9310117534942821,0.06898824650571789,snapshot_543.xyz,32,4000,16.757672110741936,4000,all,543
0.0941349,0.101774,0.0,0.9249405545620688,0.0750594454379312,snapshot_544.xyz,32,4000,16.757672110741936,4000,all,544
0.0939258,0.0998345,0.0,0.9408150489059393,0.059184951094060745,snapshot_545.xyz,32,4000,16.757672110741936,4000,all,545
0.0940652,0.0995572,0.0,0.9448357326240594,0.0551642673759406,snapshot_546.xyz,32,4000,16.757672110741936,4000,all,546
0.0937864,0.100736,0.0,0.9310117534942821,0.06898824650571789,snapshot_547.xyz,32,4000,16.757672110741936,4000,all,547
0.0935773,0.0997652,0.0,0.9379753661597431,0.062024633840256915,snapshot_548.xyz,32,4000,16.757672110741936,4000,all,548
0.093647,0.100181,0.0,0.9347780517263752,0.06522194827362482,snapshot_549.xyz,32,4000,16.757672110741936,4000,all,549
0.0939258,0.100181,0.0,0.9375610145636398,0.06243898543636017,snapshot_550.xyz,32,4000,16.757672110741936,4000,all,550
0.0941349,0.100597,0.0,0.9357624978876108,0.06423750211238921,snapshot_551.xyz,32,4000,16.757672110741936,4000,all,551
0.0946226,0.100736,0.0,0.9393126588310038,0.06068734116899621,snapshot_552.xyz,32,4000,16.757672110741936,4000,all,552
0.0934378,0.100597,0.0,0.9288328677793573,0.07116713222064275,snapshot_553.xyz,32,4000,16.757672110741936,4000,all,553
0.0934378,0.10032,0.0,0.9313975279106858,0.06860247208931425,snapshot_554.xyz,32,4000,16.757672110741936,4000,all,554
0.0928799,0.10025,0.0,0.9264827930174563,0.07351720698254371,snapshot_555.xyz,32,4000,16.757672110741936,4000,all,555
0.0934378,0.100458,0.0,0.9301180592884588,0.06988194071154119,snapshot_556.xyz,32,4000,16.757672110741936,4000,all,556
0.0943439,0.100112,0.0,0.9423835304459005,0.05761646955409949,snapshot_557.xyz,32,4000,16.757672110741936,4000,all,557
0.0940652,0.100458,0.0,0.9363634553743853,0.06363654462561474,snapshot_558.xyz,32,4000,16.757672110741936,4000,all,558
0.0941349,0.100458,0.0,0.9370572776682792,0.06294272233172082,snapshot_559.xyz,32,4000,16.757672110741936,4000,all,559
0.0946226,0.100043,0.0,0.9458192977019881,0.05418070229801186,snapshot_560.xyz,32,4000,16.757672110741936,4000,all,560
0.0948315,0.100874,0.0,0.9400985387711401,0.059901461228859865,snapshot_561.xyz,32,4000,16.757672110741936,4000,all,561
0.0941349,0.101151,0.0,0.9306373639410386,0.06936263605896142,snapshot_562.xyz,32,4000,16.757672110741936,4000,all,562
0.0951797,0.100943,0.0,0.9429054020585875,0.05709459794141247,snapshot_563.xyz,32,4000,16.757672110741936,4000,all,563
0.0939955,0.0999039,0.0,0.9408591656581975,0.059140834341802506,snapshot_564.xyz,32,4000,16.757672110741936,4000,all,564
0.0939258,0.100112,0.0,0.9382072079271216,0.061792792072878355,snapshot_565.xyz,32,4000,16.757672110741936,4000,all,565
0.0930891,0.101151,0.0,0.9202983658095322,0.07970163419046783,snapshot_566.xyz,32,4000,16.757672110741936,4000,all,566
0.0937864,0.100181,0.0,0.9361695331450075,0.0638304668549925,snapshot_567.xyz,32,4000,16.757672110741936,4000,all,567
0.0950404,0.10032,0.0,0.9473724082934608,0.05262759170653919,snapshot_568.xyz,32,4000,16.757672110741936,4000,all,568
0.0939258,0.0999039,0.0,0.9401614951968842,0.05983850480311581,snapshot_569.xyz,32,4000,16.757672110741936,4000,all,569
0.0930891,0.0999039,0.0,0.931786446775351,0.06821355322464895,snapshot_570.xyz,32,4000,16.757672110741936,4000,all,570
0.0937167,0.10129,0.0,0.9252315134761575,0.07476848652384249,snapshot_571.xyz,32,4000,16.757672110741936,4000,all,571
0.0944833,0.10129,0.0,0.9327998815282852,0.06720011847171481,snapshot_572.xyz,32,4000,16.757672110741936,4000,all,572
0.0942046,0.100666,0.0,0.9358134822084914,0.06418651779150863,snapshot_573.xyz,32,4000,16.757672110741936,4000,all,573
0.0940652,0.100597,0.0,0.9350696342833285,0.06493036571667155,snapshot_574.xyz,32,4000,16.757672110741936,4000,all,574
0.0940652,0.100389,0.0,0.9370070426042694,0.06299295739573063,snapshot_575.xyz,32,4000,16.757672110741936,4000,all,575
0.0938561,0.100112,0.0,0.9375109876937828,0.06248901230621717,snapshot_576.xyz,32,4000,16.757672110741936,4000,all,576
0.0940652,0.100666,0.0,0.9344287048258597,0.06557129517414029,snapshot_577.xyz,32,4000,16.757672110741936,4000,all,577
0.0941349,0.100666,0.0,0.9351210935171755,0.06487890648282446,snapshot_578.xyz,32,4000,16.757672110741936,4000,all,578
0.0938561,0.100736,0.0,0.9317036610546378,0.06829633894536224,snapshot_579.xyz,32,4000,16.757672110741936,4000,all,579
0.0946922,0.100805,0.0,0.9393601507861713,0.0606398492138287,snapshot_580.xyz,32,4000,16.757672110741936,4000,all,580
0.0942742,0.100943,0.0,0.9339349930158604,0.06606500698413964,snapshot_581.xyz,32,4000,16.757672110741936,4000,all,581
0.0939258,0.100805,0.0,0.9317573533058876,0.0682426466941124,snapshot_582.xyz,32,4000,16.757672110741936,4000,all,582
0.0946226,0.100666,0.0,0.9399658275882621,0.06003417241173792,snapshot_583.xyz,32,4000,16.757672110741936,4000,all,583
0.0939258,0.100389,0.0,0.9356184442518602,0.06438155574813975,snapshot_584.xyz,32,4000,16.757672110741936,4000,all,584
0.0933681,0.101428,0.0,0.9205357494971802,0.0794642505028198,snapshot_585.xyz,32,4000,16.757672110741936,4000,all,585
0.0941349,0.100943,0.0,0.9325550062906788,0.06744499370932122,snapshot_586.xyz,32,4000,16.757672110741936,4000,all,586
0.0940652,0.100597,0.0,0.9350696342833285,0.06493036571667155,snapshot_587.xyz,32,4000,16.757672110741936,4000,all,587
0.0932286,0.100528,0.0,0.9273893840522043,0.07261061594779572,snapshot_588.xyz,32,4000,16.757672110741936,4000,all,588
0.0941349,0.100597,0.0,0.9357624978876108,0.06423750211238921,snapshot_589.xyz,32,4000,16.757672110741936,4000,all,589
0.0943439,0.10025,0.0,0.9410862842892767,0.05891371571072335,snapshot_590.xyz,32,4000,16.757672110741936,4000,all,590
0.0942046,0.100874,0.0,0.9338838551063703,0.06611614489362971,snapshot_591.xyz,32,4000,16.757672110741936,4000,all,591
0.0931589,0.100666,0.0,0.9254256650706296,0.07457433492937038,snapshot_592.xyz,32,4000,16.757672110741936,4000,all,592
0.0940652,0.100805,0.0,0.9331402212191855,0.0668597787808145,snapshot_593.xyz,32,4000,16.757672110741936,4000,all,593
0.0946922,0.100874,0.0,0.9387176081051609,0.06128239189483908,snapshot_594.xyz,32,4000,16.757672110741936,4000,all,594
0.0944136,0.100597,0.0,0.9385329582393113,0.061467041760688734,snapshot_595.xyz,32,4000,16.757672110741936,4000,all,595
0.0937167,0.101082,0.0,0.9271353950258205,0.07286460497417946,snapshot_596.xyz,32,4000,16.757672110741936,4000,all,596
0.0942046,0.10025,0.0,0.9396967581047381,0.06030324189526193,snapshot_597.xyz,32,4000,16.757672110741936,4000,all,597
0.0942046,0.10129,0.0,0.9300483759502418,0.06995162404975819,snapshot_598.xyz,32,4000,16.757672110741936,4000,all,598
0.0939955,0.100389,0.0,0.9363127434280647,0.0636872565719353,snapshot_599.xyz,32,4000,16.757672110741936,4000,all,599
0.0948315,0.0999732,0.0,0.9485692165500355,0.051430783449964546,snapshot_600.xyz,32,4000,16.757672110741936,4000,all,600
0.0939258,0.100597,0.0,0.9336839070747637,0.06631609292523633,snapshot_601.xyz,32,4000,16.757672110741936,4000,all,601
0.0946226,0.101013,0.0,0.9367368556522427,0.06326314434775726,snapshot_602.xyz,32,4000,16.757672110741936,4000,all,602
0.0939955,0.101428,0.0,0.9267214181488346,0.07327858185116543,snapshot_603.xyz,32,4000,16.757672110741936,4000,all,603
0.0937864,0.100666,0.0,0.9316591500605964,0.06834084993940359,snapshot_604.xyz,32,4000,16.757672110741936,4000,all,604
0.0945529,0.100458,0.0,0.9412182205498815,0.05878177945011853,snapshot_605.xyz,32,4000,16.757672110741936,4000,all,605
0.0933681,0.0999732,0.0,0.9339312935866813,0.06606870641331875,snapshot_606.xyz,32,4000,16.757672110741936,4000,all,606
0.093647,0.100874,0.0,0.9283561670995498,0.07164383290045018,snapshot_607.xyz,32,4000,16.757672110741936,4000,all,607
0.0938561,0.100736,0.0,0.9317036610546378,0.06829633894536224,snapshot_608.xyz,32,4000,16.757672110741936,4000,all,608
0.0946922,0.101082,0.0,0.9367859757424665,0.06321402425753353,snapshot_609.xyz,32,4000,16.757672110741936,4000,all,609
0.0939258,0.10032,0.0,0.936261961722488,0.06373803827751201,snapshot_610.xyz,32,4000,16.757672110741936,4000,all,610
0.0941349,0.100666,0.0,0.9351210935171755,0.06487890648282446,snapshot_611.xyz,32,4000,16.757672110741936,4000,all,611
0.0939258,0.100458,0.0,0.9349758107865974,0.06502418921340258,snapshot_612.xyz,32,4000,16.757672110741936,4000,all,612
0.0947619,0.10025,0.0,0.9452558603491271,0.05474413965087288,snapshot_613.xyz,32,4000,16.757672110741936,4000,all,613
0.0940652,0.100389,0.0,0.9370070426042694,0.06299295739573063,snapshot_614.xyz,32,4000,16.757672110741936,4000,all,614
0.0938561,0.100458,0.0,0.9342819884927034,0.06571801150729661,snapshot_615.xyz,32,4000,16.757672110741936,4000,all,615
0.0935076,0.100805,0.0,0.9276087495659937,0.0723912504340063,snapshot_616.xyz,32,4000,16.757672110741936,4000,all,616
0.0944136,0.100597,0.0,0.9385329582393113,0.061467041760688734,snapshot_617.xyz,32,4000,16.757672110741936,4000,all,617
0.0947619,0.100528,0.0,0.9426418510265796,0.0573581489734204,snapshot_618.xyz,32,4000,16.757672110741936,4000,all,618
0.0942046,0.100528,0.0,0.937098121916282,0.06290187808371805,snapshot_619.xyz,32,4000,16.757672110741936,4000,all,619
0.0941349,0.100597,0.0,0.9357624978876108,0.06423750211238921,snapshot_620.xyz,32,4000,16.757672110741936,4000,all,620
0.0948315,0.100597,0.0,0.9426871576687177,0.05731284233128231,snapshot_621.xyz,32,4000,16.757672110741936,4000,all,621
0.0937167,0.100736,0.0,0.9303198459339262,0.06968015406607375,snapshot_622.xyz,32,4000,16.757672110741936,4000,all,622
0.0939955,0.100666,0.0,0.9337363161345439,0.06626368386545611,snapshot_623.xyz,32,4000,16.757672110741936,4000,all,623
0.0943439,0.10025,0.0,0.9410862842892767,0.05891371571072335,snapshot_624.xyz,32,4000,16.757672110741936,4000,all,624
0.0944136,0.100458,0.0,0.9398315714029744,0.06016842859702565,snapshot_625.xyz,32,4000,16.757672110741936,4000,all,625
0.0942742,0.100597,0.0,0.9371472310307464,0.06285276896925363,snapshot_626.xyz,32,4000,16.757672110741936,4000,all,626
0.0943439,0.100528,0.0,0.9384838055069233,0.06151619449307666,snapshot_627.xyz,32,4000,16.757672110741936,4000,all,627
0.0942046,0.100389,0.0,0.9383956409566785,0.06160435904332151,snapshot_628.xyz,32,4000,16.757672110741936,4000,all,628
0.0931589,0.100736,0.0,0.9247826000635324,0.07521739993646759,snapshot_629.xyz,32,4000,16.757672110741936,4000,all,629
0.0939955,0.100736,0.0,0.9330874761753494,0.06691252382465063,snapshot_630.xyz,32,4000,16.757672110741936,4000,all,630
0.0939955,0.100389,0.0,0.9363127434280647,0.0636872565719353,snapshot_631.xyz,32,4000,16.757672110741936,4000,all,631
0.0937167,0.100666,0.0,0.9309667613692806,0.06903323863071942,snapshot_632.xyz,32,4000,16.757672110741936,4000,all,632
0.0944833,0.100389,0.0,0.9411718415364233,0.058828158463576696,snapshot_633.xyz,32,4000,16.757672110741936,4000,all,633
0.0937864,0.100805,0.0,0.9303744853925897,0.06962551460741029,snapshot_634.xyz,32,4000,16.757672110741936,4000,all,634
0.0946922,0.0999732,0.0,0.9471758431259578,0.05282415687404218,snapshot_635.xyz,32,4000,16.757672110741936,4000,all,635
0.0934378,0.100943,0.0,0.9256491287162062,0.0743508712837938,snapshot_636.xyz,32,4000,16.757672110741936,4000,all,636
0.0941349,0.0996265,0.0,0.9448781197773684,0.05512188022263165,snapshot_637.xyz,32,4000,16.757672110741936,4000,all,637
0.0940652,0.100528,0.0,0.9357114435779086,0.06428855642209141,snapshot_638.xyz,32,4000,16.757672110741936,4000,all,638
0.093647,0.100666,0.0,0.9302743726779646,0.06972562732203536,snapshot_639.xyz,32,4000,16.757672110741936,4000,all,639
0.0942046,0.100389,0.0,0.9383956409566785,0.06160435904332151,snapshot_640.xyz,32,4000,16.757672110741936,4000,all,640
0.0928799,0.100736,0.0,0.9220129844345616,0.07798701556543841,snapshot_641.xyz,32,4000,16.757672110741936,4000,all,641
0.0940652,0.100528,0.0,0.9357114435779086,0.06428855642209141,snapshot_642.xyz,32,4000,16.757672110741936,4000,all,642
0.0938561,0.100805,0.0,0.9310659193492385,0.06893408065076145,snapshot_643.xyz,32,4000,16.757672110741936,4000,all,643
0.0943439,0.101428,0.0,0.9301563670781243,0.06984363292187568,snapshot_644.xyz,32,4000,16.757672110741936,4000,all,644
0.0939955,0.100458,0.0,0.9356696330804912,0.06433036691950877,snapshot_645.xyz,32,4000,16.757672110741936,4000,all,645
0.0937167,0.100043,0.0,0.936764191397699,0.06323580860230105,snapshot_646.xyz,32,4000,16.757672110741936,4000,all,646
0.0950404,0.0999732,0.0,0.950658776552116,0.04934122344788405,snapshot_647.xyz,32,4000,16.757672110741936,4000,all,647
0.0939955,0.100458,0.0,0.9356696330804912,0.06433036691950877,snapshot_648.xyz,32,4000,16.757672110741936,4000,all,648
0.0942046,0.100805,0.0,0.9345230891324835,0.0654769108675165,snapshot_649.xyz,32,4000,16.757672110741936,4000,all,649
0.0933681,0.100805,0.0,0.9262248896384107,0.07377511036158935,snapshot_650.xyz,32,4000,16.757672110741936,4000,all,650
0.0937167,0.10032,0.0,0.9341776315789473,0.06582236842105271,snapshot_651.xyz,32,4000,16.757672110741936,4000,all,651
0.0938561,0.100943,0.0,0.9297930515241274,0.07020694847587261,snapshot_652.xyz,32,4000,16.757672110741936,4000,all,652
0.0942046,0.100874,0.0,0.9338838551063703,0.06611614489362971,snapshot_653.xyz,32,4000,16.757672110741936,4000,all,653
0.0939258,0.100597,0.0,0.9336839070747637,0.06631609292523633,snapshot_654.xyz,32,4000,16.757672110741936,4000,all,654
0.0943439,0.100181,0.0,0.9417344606262663,0.05826553937373369,snapshot_655.xyz,32,4000,16.757672110741936,4000,all,655
0.0930891,0.100736,0.0,0.9240896998094027,0.0759103001905973,snapshot_656.xyz,32,4000,16.757672110741936,4000,all,656
0.0945529,0.100597,0.0,0.9399176913824467,0.06008230861755326,snapshot_657.xyz,32,4000,16.757672110741936,4000,all,657
0.0937864,0.100874,0.0,0.929738089101255,0.070261910898745,snapshot_658.xyz,32,4000,16.757672110741936,4000,all,658
0.0946226,0.100597,0.0,0.9406105549867292,0.059389445013270814,snapshot_659.xyz,32,4000,16.757672110741936,4000,all,659
0.0942046,0.100805,0.0,0.9345230891324835,0.0654769108675165,snapshot_660.xyz,32,4000,16.757672110741936,4000,all,660
0.0942742,0.100736,0.0,0.9358541137229986,0.06414588627700135,snapshot_661.xyz,32,4000,16.757672110741936,4000,all,661
0.0945529,0.100805,0.0,0.9379782748871582,0.062021725112841763,snapshot_662.xyz,32,4000,16.757672110741936,4000,all,662
0.0940652,0.0999039,0.0,0.9415568361195108,0.0584431638804892,snapshot_663.xyz,32,4000,16.757672110741936,4000,all,663
0.09511,0.101428,0.0,0.9377095082225815,0.06229049177741852,snapshot_664.xyz,32,4000,16.757672110741936,4000,all,664
0.0951797,0.101082,0.0,0.9416087928612413,0.05839120713875867,snapshot_665.xyz,32,4000,16.757672110741936,4000,all,665
0.0939955,0.100458,0.0,0.9356696330804912,0.06433036691950877,snapshot_666.xyz,32,4000,16.757672110741936,4000,all,666
0.0944136,0.100458,0.0,0.9398315714029744,0.06016842859702565,snapshot_667.xyz,32,4000,16.757672110741936,4000,all,667
0.0937167,0.0999732,0.0,0.9374182280851269,0.06258177191487313,snapshot_668.xyz,32,4000,16.757672110741936,4000,all,668
0.0938561,0.10025,0.0,0.9362204488778054,0.06377955112219458,snapshot_669.xyz,32,4000,16.757672110741936,4000,all,669
0.0941349,0.100181,0.0,0.9396482366915881,0.060351763308411854,snapshot_670.xyz,32,4000,16.757672110741936,4000,all,670
0.0937167,0.101497,0.0,0.9233445323507098,0.07665546764929021,snapshot_671.xyz,32,4000,16.757672110741936,4000,all,671
0.093647,0.0999039,0.0,0.9373708133516309,0.06262918664836914,snapshot_672.xyz,32,4000,16.757672110741936,4000,all,672
0.0939955,0.100458,0.0,0.9356696330804912,0.06433036691950877,snapshot_673.xyz,32,4000,16.757672110741936,4000,all,673
0.0942046,0.100666,0.0,0.9358134822084914,0.06418651779150863,snapshot_674.xyz,32,4000,16.757672110741936,4000,all,674
0.0942046,0.101151,0.0,0.9313264327589444,0.06867356724105556,snapshot_675.xyz,32,4000,16.757672110741936,4000,all,675
0.0937167,0.100943,0.0,0.9284120741408517,0.0715879258591483,snapshot_676.xyz,32,4000,16.757672110741936,4000,all,676
0.0937864,0.10025,0.0,0.9355251870324189,0.06447481296758106,snapshot_677.xyz,32,4000,16.757672110741936,4000,all,677
0.0949708,0.100736,0.0,0.9427692185514611,0.05723078144853888,snapshot_678.xyz,32,4000,16.757672110741936,4000,all,678
0.0937167,0.100389,0.0,0.9335355467232466,0.06646445327675343,snapshot_679.xyz,32,4000,16.757672110741936,4000,all,679
0.0946922,0.100181,0.0,0.9452111677863068,0.05478883221369324,snapshot_680.xyz,32,4000,16.757672110741936,4000,all,680
0.0939258,0.100458,0.0,0.9349758107865974,0.06502418921340258,snapshot_681.xyz,32,4000,16.757672110741936,4000,all,681
0.0943439,0.100943,0.0,0.9346254817074982,0.06537451829250185,snapshot_682.xyz,32,4000,16.757672110741936,4000,all,682
0.0949011,0.100736,0.0,0.9420773109911055,0.05792268900889452,snapshot_683.xyz,32,4000,16.757672110741936,4000,all,683
0.0941349,0.0996958,0.0,0.9442213212592706,0.05577867874072939,snapshot_684.xyz,32,4000,16.757672110741936,4000,all,684
0.0937167,0.100528,0.0,0.9322447477319751,0.06775525226802492,snapshot_685.xyz,32,4000,16.757672110741936,4000,all,685
0.0939258,0.100805,0.0,0.9317573533058876,0.0682426466941124,snapshot_686.xyz,32,4000,16.757672110741936,4000,all,686
0.0937167,0.100389,0.0,0.9335355467232466,0.06646445327675343,snapshot_687.xyz,32,4000,16.757672110741936,4000,all,687
0.0938561,0.100666,0.0,0.9323515387519122,0.06764846124808777,snapshot_688.xyz,32,4000,16.757672110741936,4000,all,688
0.0941349,0.101359,0.0,0.9287275920243885,0.07127240797561152,snapshot_689.xyz,32,4000,16.757672110741936,4000,all,689
0.0940652,0.10025,0.0,0.9383062344139651,0.0616937655860349,snapshot_690.xyz,32,4000,16.757672110741936,4000,all,690
0.0944833,0.100389,0.0,0.9411718415364233,0.058828158463576696,snapshot_691.xyz,32,4000,16.757672110741936,4000,all,691
0.0944136,0.10025,0.0,0.9417815461346632,0.05821845386533675,snapshot_692.xyz,32,4000,16.757672110741936,4000,all,692
0.0940652,0.100528,0.0,0.9357114435779086,0.06428855642209141,snapshot_693.xyz,32,4000,16.757672110741936,4000,all,693
0.0946922,0.100736,0.0,0.9400035736975858,0.059996426302414196,snapshot_694.xyz,32,4000,16.757672110741936,4000,all,694
0.0937167,0.100736,0.0,0.9303198459339262,0.06968015406607375,snapshot_695.xyz,32,4000,16.757672110741936,4000,all,695
0.0944833,0.100874,0.0,0.9366467077740548,0.06335329222594521,snapshot_696.xyz,32,4000,16.757672110741936,4000,all,696
0.0938561,0.100597,0.0,0.9329910434704811,0.06700895652951888,snapshot_697.xyz,32,4000,16.757672110741936,4000,all,697
0.0944833,0.100943,0.0,0.9360064590907741,0.06399354090922593,snapshot_698.xyz,32,4000,16.757672110741936,4000,all,698
0.0944833,0.100181,0.0,0.9431259420448987,0.056874057955101254,snapshot_699.xyz,32,4000,16.757672110741936,4000,all,699
0.0947619,0.100181,0.0,0.9459069084956229,0.05409309150437713,snapshot_700.xyz,32,4000,16.757672110741936,4000,all,700
0.0941349,0.100666,0.0,0.9351210935171755,0.06487890648282446,snapshot_701.xyz,32,4000,16.757672110741936,4000,all,701
0.0944136,0.100112,0.0,0.9430797506792392,0.056920249320760785,snapshot_702.xyz,32,4000,16.757672110741936,4000,all,702
0.0932286,0.100181,0.0,0.930601611083938,0.06939838891606198,snapshot_703.xyz,32,4000,16.757672110741936,4000,all,703
0.0941349,0.100874,0.0,0.9331928941055176,0.06680710589448235,snapshot_704.xyz,32,4000,16.757672110741936,4000,all,704
0.0944833,0.100805,0.0,0.9372878329447945,0.06271216705520555,snapshot_705.xyz,32,4000,16.757672110741936,4000,all,705
0.0946226,0.100805,0.0,0.9386697088438073,0.06133029115619271,snapshot_706.xyz,32,4000,16.757672110741936,4000,all,706
0.0942046,0.100874,0.0,0.9338838551063703,0.06611614489362971,snapshot_707.xyz,32,4000,16.757672110741936,4000,all,707
0.0952493,0.10025,0.0,0.9501177057356608,0.04988229426433921,snapshot_708.xyz,32,4000,16.757672110741936,4000,all,708
0.0942046,0.10122,0.0,0.9306915629322268,0.06930843706777323,snapshot_709.xyz,32,4000,16.757672110741936,4000,all,709
0.0942742,0.10122,0.0,0.9313791740762695,0.06862082592373053,snapshot_710.xyz,32,4000,16.757672110741936,4000,all,710
0.0942046,0.10032,0.0,0.9390410685805421,0.06095893141945785,snapshot_711.xyz,32,4000,16.757672110741936,4000,all,711
0.0943439,0.100528,0.0,0.9384838055069233,0.06151619449307666,snapshot_712.xyz,32,4000,16.757672110741936,4000,all,712
0.0935773,0.100597,0.0,0.9302195890533514,0.06978041094664855,snapshot_713.xyz,32,4000,16.757672110741936,4000,all,713
0.0942742,0.10032,0.0,0.9397348484848485,0.06026515151515155,snapshot_714.xyz,32,4000,16.757672110741936,4000,all,714
0.0941349,0.101082,0.0,0.9312726301418649,0.0687273698581351,snapshot_715.xyz,32,4000,16.757672110741936,4000,all,715
0.0939955,0.101151,0.0,0.9292592263052267,0.07074077369477327,snapshot_716.xyz,32,4000,16.757672110741936,4000,all,716
0.0928799,0.100805,0.0,0.9213818758990129,0.07861812410098712,snapshot_717.xyz,32,4000,16.757672110741936,4000,all,717
0.0946922,0.100597,0.0,0.9413024245255822,0.058697575474417785,snapshot_718.xyz,32,4000,16.757672110741936,4000,all,718
0.0940652,0.100112,0.0,0.939599648393799,0.06040035160620105,snapshot_719.xyz,32,4000,16.757672110741936,4000,all,719
0.0942742,0.0996265,0.0,0.9462763421378849,0.05372365786211508,snapshot_720.xyz,32,4000,16.757672110741936,4000,all,720
0.0942046,0.100458,0.0,0.9377510999621732,0.06224890003782679,snapshot_721.xyz,32,4000,16.757672110741936,4000,all,721
0.0939955,0.10032,0.0,0.9369567384370014,0.06304326156299855,snapshot_722.xyz,32,4000,16.757672110741936,4000,all,722
0.0935076,0.100736,0.0,0.9282441232528589,0.07175587674714112,snapshot_723.xyz,32,4000,16.757672110741936,4000,all,723
0.0942742,0.100528,0.0,0.9377904663377367,0.06220953366226334,snapshot_724.xyz,32,4000,16.757672110741936,4000,all,724
0.0937167,0.100874,0.0,0.9290471281004025,0.07095287189959754,snapshot_725.xyz,32,4000,16.757672110741936,4000,all,725
0.0944833,0.0997652,0.0,0.947056689106021,0.05294331089397897,snapshot_726.xyz,32,4000,16.757672110741936,4000,all,726
0.0937167,0.101359,0.0,0.9246016633944691,0.07539833660553086,snapshot_727.xyz,32,4000,16.757672110741936,4000,all,727
0.0941349,0.100666,0.0,0.9351210935171755,0.06487890648282446,snapshot_728.xyz,32,4000,16.757672110741936,4000,all,728
0.0944833,0.10025,0.0,0.9424768079800498,0.05752319201995015,snapshot_729.xyz,32,4000,16.757672110741936,4000,all,729
0.0941349,0.100458,0.0,0.9370572776682792,0.06294272233172082,snapshot_730.xyz,32,4000,16.757672110741936,4000,all,730
0.0932984,0.100805,0.0,0.9255334556817618,0.07446654431823818,snapshot_731.xyz,32,4000,16.757672110741936,4000,all,731
0.0939258,0.100736,0.0,0.9323955686149936,0.06760443138500638,snapshot_732.xyz,32,4000,16.757672110741936,4000,all,732
0.0942742,0.10025,0.0,0.9403910224438903,0.05960897755610972,snapshot_733.xyz,32,4000,16.757672110741936,4000,all,733
0.0938561,0.100181,0.0,0.9368652738543236,0.06313472614567639,snapshot_734.xyz,32,4000,16.757672110741936,4000,all,734
0.0942046,0.100597,0.0,0.9364553614918933,0.06354463850810665,snapshot_735.xyz,32,4000,16.757672110741936,4000,all,735
0.0942742,0.101082,0.0,0.9326507192180605,0.06734928078193947,snapshot_736.xyz,32,4000,16.757672110741936,4000,all,736
0.0938561,0.101082,0.0,0.9285144733978353,0.07148552660216467,snapshot_737.xyz,32,4000,16.757672110741936,4000,all,737
0.093647,0.10032,0.0,0.9334828548644337,0.06651714513556628,snapshot_738.xyz,32,4000,16.757672110741936,4000,all,738
0.0940652,0.100597,0.0,0.9350696342833285,0.06493036571667155,snapshot_739.xyz,32,4000,16.757672110741936,4000,all,739
0.0944833,0.100528,0.0,0.9398704838452968,0.06012951615470319,snapshot_740.xyz,32,4000,16.757672110741936,4000,all,740
0.0941349,0.10025,0.0,0.9390014962593515,0.060998503740648524,snapshot_741.xyz,32,4000,16.757672110741936,4000,all,741
0.0946226,0.10122,0.0,0.934821181584667,0.06517881841533302,snapshot_742.xyz,32,4000,16.757672110741936,4000,all,742
0.0940652,0.10025,0.0,0.9383062344139651,0.0616937655860349,snapshot_743.xyz,32,4000,16.757672110741936,4000,all,743
0.0933681,0.100736,0.0,0.9268593154383735,0.07314068456162648,snapshot_744.xyz,32,4000,16.757672110741936,4000,all,744
0.0947619,0.100597,0.0,0.9419952881298647,0.05800471187013534,snapshot_745.xyz,32,4000,16.757672110741936,4000,all,745
0.0944136,0.100597,0.0,0.9385329582393113,0.061467041760688734,snapshot_746.xyz,32,4000,16.757672110741936,4000,all,746
0.0941349,0.10025,0.0,0.9390014962593515,0.060998503740648524,snapshot_747.xyz,32,4000,16.757672110741936,4000,all,747
0.0949708,0.100389,0.0,0.9460279512695613,0.053972048730438704,snapshot_748.xyz,32,4000,16.757672110741936,4000,all,748
0.0946226,0.100389,0.0,0.9425594437637589,0.057440556236241114,snapshot_749.xyz,32,4000,16.757672110741936,4000,all,749
0.0940652,0.100597,0.0,0.9350696342833285,0.06493036571667155,snapshot_750.xyz,32,4000,16.757672110741936,4000,all,750
0.0944136,0.0998345,0.0,0.9457011353790523,0.054298864620947684,snapshot_751.xyz,32,4000,16.757672110741936,4000,all,751
0.0937864,0.100389,0.0,0.9342298458994511,0.06577015410054887,snapshot_752.xyz,32,4000,16.757672110741936,4000,all,752
0.0939258,0.100389,0.0,0.9356184442518602,0.06438155574813975,snapshot_753.xyz,32,4000,16.757672110741936,4000,all,753
0.0946922,0.100874,0.0,0.9387176081051609,0.06128239189483908,snapshot_754.xyz,32,4000,16.757672110741936,4000,all,754
0.0941349,0.100666,0.0,0.9351210935171755,0.06487890648282446,snapshot_755.xyz,32,4000,16.757672110741936,4000,all,755
0.0943439,0.100736,0.0,0.9365460212833544,0.0634539787166456,snapshot_756.xyz,32,4000,16.757672110741936,4000,all,756
0.0945529,0.100528,0.0,0.9405628282667514,0.059437171733248584,snapshot_757.xyz,32,4000,16.757672110741936,4000,all,757
0.0948315,0.101013,0.0,0.9388049062991891,0.06119509370081089,snapshot_758.xyz,32,4000,16.757672110741936,4000,all,758
0.0944136,0.10032,0.0,0.9411244019138756,0.058875598086124414,snapshot_759.xyz,32,4000,16.757672110741936,4000,all,759
0.0947619,0.100874,0.0,0.9394085691060133,0.060591430893986664,snapshot_760.xyz,32,4000,16.757672110741936,4000,all,760
0.0946226,0.100528,0.0,0.9412561674359382,0.05874383256406179,snapshot_761.xyz,32,4000,16.757672110741936,4000,all,761
0.0940652,0.10025,0.0,0.9383062344139651,0.0616937655860349,snapshot_762.xyz,32,4000,16.757672110741936,4000,all,762
0.0935773,0.100043,0.0,0.9353707905600591,0.06462920943994088,snapshot_763.xyz,32,4000,16.757672110741936,4000,all,763
0.0949011,0.100458,0.0,0.944684345696709,0.055315654303290995,snapshot_764.xyz,32,4000,16.757672110741936,4000,all,764
0.0949708,0.100181,0.0,0.9479921342370309,0.05200786576296912,snapshot_765.xyz,32,4000,16.757672110741936,4000,all,765
0.0938561,0.100736,0.0,0.9317036610546378,0.06829633894536224,snapshot_766.xyz,32,4000,16.757672110741936,4000,all,766
0.0937864,0.100181,0.0,0.9361695331450075,0.0638304668549925,snapshot_767.xyz,32,4000,16.757672110741936,4000,all,767
0.0946226,0.100666,0.0,0.9399658275882621,0.06003417241173792,snapshot_768.xyz,32,4000,16.757672110741936,4000,all,768
0.0939955,0.100736,0.0,0.9330874761753494,0.06691252382465063,snapshot_769.xyz,32,4000,16.757672110741936,4000,all,769
0.093647,0.10025,0.0,0.9341346633416457,0.06586533665835426,snapshot_770.xyz,32,4000,16.757672110741936,4000,all,770
0.0938561,0.100943,0.0,0.9297930515241274,0.07020694847587261,snapshot_771.xyz,32,4000,16.757672110741936,4000,all,771
0.0945529,0.100805,0.0,0.9379782748871582,0.062021725112841763,snapshot_772.xyz,32,4000,16.757672110741936,4000,all,772
0.0941349,0.100528,0.0,0.9364047827470953,0.06359521725290473,snapshot_773.xyz,32,4000,16.757672110741936,4000,all,773
0.0945529,0.100043,0.0,0.9451225972831682,0.054877402716831836,snapshot_774.xyz,32,4000,16.757672110741936,4000,all,774
0.0942046,0.101013,0.0,0.9325987744151742,0.06740122558482575,snapshot_775.xyz,32,4000,16.757672110741936,4000,all,775
0.0947619,0.101151,0.0,0.9368360174392739,0.06316398256072608,snapshot_776.xyz,32,4000,16.757672110741936,4000,all,776
0.0951797,0.100597,0.0,0.9461484934938418,0.05385150650615822,snapshot_777.xyz,32,4000,16.757672110741936,4000,all,777
0.0946922,0.100805,0.0,0.9393601507861713,0.0606398492138287,snapshot_778.xyz,32,4000,16.757672110741936,4000,all,778
0.0941349,0.100736,0.0,0.9344712912960609,0.06552870870393912,snapshot_779.xyz,32,4000,16.757672110741936,4000,all,779
0.0937167,0.100528,0.0,0.9322447477319751,0.06775525226802492,snapshot_780.xyz,32,4000,16.757672110741936,4000,all,780
0.0941349,0.101013,0.0,0.9319087642184668,0.0680912357815332,snapshot_781.xyz,32,4000,16.757672110741936,4000,all,781
0.0948315,0.100181,0.0,0.9466016510116688,0.05339834898833118,snapshot_782.xyz,32,4000,16.757672110741936,4000,all,782
0.0951797,0.100528,0.0,0.9467979070507719,0.053202092949228064,snapshot_783.xyz,32,4000,16.757672110741936,4000,all,783
0.0939258,0.100805,0.0,0.9317573533058876,0.0682426466941124,snapshot_784.xyz,32,4000,16.757672110741936,4000,all,784
0.0941349,0.10032,0.0,0.9383462918660286,0.06165370813397142,snapshot_785.xyz,32,4000,16.757672110741936,4000,all,785
0.0946922,0.10032,0.0,0.9439015151515151,0.0560984848484849,snapshot_786.xyz,32,4000,16.757672110741936,4000,all,786
0.0942046,0.0997652,0.0,0.9442631298288381,0.05573687017116191,snapshot_787.xyz,32,4000,16.757672110741936,4000,all,787
0.0946226,0.100389,0.0,0.9425594437637589,0.057440556236241114,snapshot_788.xyz,32,4000,16.757672110741936,4000,all,788
0.0946226,0.100736,0.0,0.9393126588310038,0.06068734116899621,snapshot_789.xyz,32,4000,16.757672110741936,4000,all,789
0.0938561,0.100736,0.0,0.9317036610546378,0.06829633894536224,snapshot_790.xyz,32,4000,16.757672110741936,4000,all,790
0.0947619,0.100666,0.0,0.9413496115868316,0.058650388413168386,snapshot_791.xyz,32,4000,16.757672110741936,4000,all,791
0.0935773,0.10032,0.0,0.9327880781499203,0.06721192185007974,snapshot_792.xyz,32,4000,16.757672110741936,4000,all,792
0.0946922,0.10025,0.0,0.9445605985037406,0.055439401496259366,snapshot_793.xyz,32,4000,16.757672110741936,4000,all,793
0.0945529,0.10025,0.0,0.9431710723192019,0.05682892768079806,snapshot_794.xyz,32,4000,16.757672110741936,4000,all,794
0.0945529,0.100043,0.0,0.9451225972831682,0.054877402716831836,snapshot_795.xyz,32,4000,16.757672110741936,4000,all,795
0.0942742,0.100874,0.0,0.9345738247714971,0.06542617522850291,snapshot_796.xyz,32,4000,16.757672110741936,4000,all,796
0.0940652,0.100458,0.0,0.9363634553743853,0.06363654462561474,snapshot_797.xyz,32,4000,16.757672110741936,4000,all,797
0.0943439,0.100597,0.0,0.9378400946350288,0.06215990536497118,snapshot_798.xyz,32,4000,16.757672110741936,4000,all,798
0.0942742,0.100666,0.0,0.9365048775157451,0.06349512248425493,snapshot_799.xyz,32,4000,16.757672110741936,4000,all,799
0.0940652,0.100528,0.0,0.9357114435779086,0.06428855642209141,snapshot_800.xyz,32,4000,16.757672110741936,4000,all,800
0.0946226,0.100597,0.0,0.9406105549867292,0.059389445013270814,snapshot_801.xyz,32,4000,16.757672110741936,4000,all,801
0.0949708,0.0998345,0.0,0.9512823723261997,0.04871762767380028,snapshot_802.xyz,32,4000,16.757672110741936,4000,all,802
0.0938561,0.10025,0.0,0.9362204488778054,0.06377955112219458,snapshot_803.xyz,32,4000,16.757672110741936,4000,all,803
0.0937864,0.100874,0.0,0.929738089101255,0.070261910898745,snapshot_804.xyz,32,4000,16.757672110741936,4000,all,804
0.0947619,0.100389,0.0,0.9439470459910946,0.05605295400890542,snapshot_805.xyz,32,4000,16.757672110741936,4000,all,805
0.0943439,0.10025,0.0,0.9410862842892767,0.05891371571072335,snapshot_806.xyz,32,4000,16.757672110741936,4000,all,806
0.0943439,0.100597,0.0,0.9378400946350288,0.06215990536497118,snapshot_807.xyz,32,4000,16.757672110741936,4000,all,807
0.0945529,0.100181,0.0,0.9438206845609446,0.05617931543905541,snapshot_808.xyz,32,4000,16.757672110741936,4000,all,808
0.0943439,0.100389,0.0,0.9397832431840141,0.06021675681598593,snapshot_809.xyz,32,4000,16.757672110741936,4000,all,809
0.0937864,0.100943,0.0,0.9291025628324896,0.0708974371675104,snapshot_810.xyz,32,4000,16.757672110741936,4000,all,810
0.0944136,0.10032,0.0,0.9411244019138756,0.058875598086124414,snapshot_811.xyz,32,4000,16.757672110741936,4000,all,811
0.0942742,0.101151,0.0,0.9320145129558778,0.06798548704412222,snapshot_812.xyz,32,4000,16.757672110741936,4000,all,812
0.0947619,0.100389,0.0,0.9439470459910946,0.05605295400890542,snapshot_813.xyz,32,4000,16.757672110741936,4000,all,813
0.0946226,0.100458,0.0,0.9419120428437755,0.0580879571562245,snapshot_814.xyz,32,4000,16.757672110741936,4000,all,814
0.0938561,0.101082,0.0,0.9285144733978353,0.07148552660216467,snapshot_815.xyz,32,4000,16.757672110741936,4000,all,815
0.0947619,0.100458,0.0,0.9432986919906826,0.056701308009317386,snapshot_816.xyz,32,4000,16.757672110741936,4000,all,816
0.0944136,0.100389,0.0,0.9404775423602187,0.05952245763978126,snapshot_817.xyz,32,4000,16.757672110741936,4000,all,817
0.0945529,0.100528,0.0,0.9405628282667514,0.059437171733248584,snapshot_818.xyz,32,4000,16.757672110741936,4000,all,818
0.0939258,0.100736,0.0,0.9323955686149936,0.06760443138500638,snapshot_819.xyz,32,4000,16.757672110741936,4000,all,819
0.0944136,0.100043,0.0,0.9437301960157132,0.056269803984286826,snapshot_820.xyz,32,4000,16.757672110741936,4000,all,820
0.0938561,0.101359,0.0,0.9259769729377756,0.07402302706222441,snapshot_821.xyz,32,4000,16.757672110741936,4000,all,821
0.0946922,0.100943,0.0,0.9380759438494992,0.061924056150500784,snapshot_822.xyz,32,4000,16.757672110741936,4000,all,822
0.0948315,0.101359,0.0,0.9356001933720735,0.06439980662792655,snapshot_823.xyz,32,4000,16.757672110741936,4000,all,823
0.0950404,0.10025,0.0,0.94803391521197,0.05196608478803,snapshot_824.xyz,32,4000,16.757672110741936,4000,all,824
0.0944136,0.0999732,0.0,0.9443890962778024,0.05561090372219757,snapshot_825.xyz,32,4000,16.757672110741936,4000,all,825
0.0944833,0.100805,0.0,0.9372878329447945,0.06271216705520555,snapshot_826.xyz,32,4000,16.757672110741936,4000,all,826
0.0946226,0.100597,0.0,0.9406105549867292,0.059389445013270814,snapshot_827.xyz,32,4000,16.757672110741936,4000,all,827
0.0952493,0.100943,0.0,0.9435949000921311,0.056405099907868905,snapshot_828.xyz,32,4000,16.757672110741936,4000,all,828
0.0941349,0.100043,0.0,0.9409443939106183,0.05905560608938165,snapshot_829.xyz,32,4000,16.757672110741936,4000,all,829
0.0945529,0.10032,0.0,0.9425129585326952,0.05748704146730477,snapshot_830.xyz,32,4000,16.757672110741936,4000,all,830
0.0943439,0.101151,0.0,0.9327035817737837,0.06729641822621635,snapshot_831.xyz,32,4000,16.757672110741936,4000,all,831
0.0950404,0.100597,0.0,0.9447637603507062,0.055236239649293806,snapshot_832.xyz,32,4000,16.757672110741936,4000,all,832
0.0945529,0.0999732,0.0,0.9457824697018801,0.05421753029811993,snapshot_833.xyz,32,4000,16.757672110741936,4000,all,833
0.0941349,0.100666,0.0,0.9351210935171755,0.06487890648282446,snapshot_834.xyz,32,4000,16.757672110741936,4000,all,834
0.0953189,0.100043,0.0,0.9527793048988934,0.0472206951011066,snapshot_835.xyz,32,4000,16.757672110741936,4000,all,835
0.0950404,0.101013,0.0,0.9408729569461356,0.0591270430538644,snapshot_836.xyz,32,4000,16.757672110741936,4000,all,836
0.0944136,0.100874,0.0,0.9359557467732021,0.06404425322679785,snapshot_837.xyz,32,4000,16.757672110741936,4000,all,837
0.0950404,0.100389,0.0,0.9467212543206924,0.05327874567930757,snapshot_838.xyz,32,4000,16.757672110741936,4000,all,838
0.0953189,0.100389,0.0,0.9494954626502903,0.05050453734970972,snapshot_839.xyz,32,4000,16.757672110741936,4000,all,839
0.0940652,0.100874,0.0,0.9325019331046652,0.06749806689533477,snapshot_840.xyz,32,4000,16.757672110741936,4000,all,840
0.0944833,0.100666,0.0,0.9385820435896927,0.06141795641030734,snapshot_841.xyz,32,4000,16.757672110741936,4000,all,841
0.0947619,0.100389,0.0,0.9439470459910946,0.05605295400890542,snapshot_842.xyz,32,4000,16.757672110741936,4000,all,842
0.0946226,0.100112,0.0,0.9451674124980022,0.05483258750199782,snapshot_843.xyz,32,4000,16.757672110741936,4000,all,843
0.0950404,0.100181,0.0,0.9486868767530768,0.051313123246923165,snapshot_844.xyz,32,4000,16.757672110741936,4000,all,844
0.0943439,0.10032,0.0,0.9404296251993619,0.05957037480063809,snapshot_845.xyz,32,4000,16.757672110741936,4000,all,845
0.0945529,0.100597,0.0,0.9399176913824467,0.06008230861755326,snapshot_846.xyz,32,4000,16.757672110741936,4000,all,846
0.0937864,0.10025,0.0,0.9355251870324189,0.06447481296758106,snapshot_847.xyz,32,4000,16.757672110741936,4000,all,847
0.0938561,0.0999732,0.0,0.9388126017772763,0.06118739822272368,snapshot_848.xyz,32,4000,16.757672110741936,4000,all,848
0.0952493,0.10025,0.0,0.9501177057356608,0.04988229426433921,snapshot_849.xyz,32,4000,16.757672110741936,4000,all,849
0.0939955,0.100666,0.0,0.9337363161345439,0.06626368386545611,snapshot_850.xyz,32,4000,16.757672110741936,4000,all,850
0.0948315,0.100736,0.0,0.9413863961245235,0.05861360387547654,snapshot_851.xyz,32,4000,16.757672110741936,4000,all,851
0.0952493,0.100874,0.0,0.9442403394333524,0.055759660566647606,snapshot_852.xyz,32,4000,16.757672110741936,4000,all,852
0.0948315,0.101013,0.0,0.9388049062991891,0.06119509370081089,snapshot_853.xyz,32,4000,16.757672110741936,4000,all,853
0.0939258,0.100181,0.0,0.9375610145636398,0.06243898543636017,snapshot_854.xyz,32,4000,16.757672110741936,4000,all,854
0.0943439,0.0999039,0.0,0.9443465170028397,0.05565348299716033,snapshot_855.xyz,32,4000,16.757672110741936,4000,all,855
0.0949011,0.100597,0.0,0.9433790272075707,0.05662097279242928,snapshot_856.xyz,32,4000,16.757672110741936,4000,all,856
0.0948315,0.101013,0.0,0.9388049062991891,0.06119509370081089,snapshot_857.xyz,32,4000,16.757672110741936,4000,all,857
0.0941349,0.100805,0.0,0.9338316551758344,0.06616834482416556,snapshot_858.xyz,32,4000,16.757672110741936,4000,all,858
0.0937167,0.10032,0.0,0.9341776315789473,0.06582236842105271,snapshot_859.xyz,32,4000,16.757672110741936,4000,all,859
0.0945529,0.100181,0.0,0.9438206845609446,0.05617931543905541,snapshot_860.xyz,32,4000,16.757672110741936,4000,all,860
0.0948315,0.0997652,0.0,0.9505468840838288,0.049453115916171186,snapshot_861.xyz,32,4000,16.757672110741936,4000,all,861
0.0946922,0.100389,0.0,0.94325274681489,0.05674725318510998,snapshot_862.xyz,32,4000,16.757672110741936,4000,all,862
0.0944136,0.100043,0.0,0.9437301960157132,0.056269803984286826,snapshot_863.xyz,32,4000,16.757672110741936,4000,all,863
0.0946226,0.101013,0.0,0.9367368556522427,0.06326314434775726,snapshot_864.xyz,32,4000,16.757672110741936,4000,all,864
0.0946922,0.100389,0.0,0.94325274681489,0.05674725318510998,snapshot_865.xyz,32,4000,16.757672110741936,4000,all,865
0.0947619,0.100874,0.0,0.9394085691060133,0.060591430893986664,snapshot_866.xyz,32,4000,16.757672110741936,4000,all,866
0.0942742,0.100666,0.0,0.9365048775157451,0.06349512248425493,snapshot_867.xyz,32,4000,16.757672110741936,4000,all,867
0.0940652,0.0999039,0.0,0.9415568361195108,0.0584431638804892,snapshot_868.xyz,32,4000,16.757672110741936,4000,all,868
0.0943439,0.101013,0.0,0.9339778048370011,0.0660221951629989,snapshot_869.xyz,32,4000,16.757672110741936,4000,all,869
0.0946922,0.100805,0.0,0.9393601507861713,0.0606398492138287,snapshot_870.xyz,32,4000,16.757672110741936,4000,all,870
0.0947619,0.100528,0.0,0.9426418510265796,0.0573581489734204,snapshot_871.xyz,32,4000,16.757672110741936,4000,all,871
0.0944136,0.100943,0.0,0.935315970399136,0.06468402960086395,snapshot_872.xyz,32,4000,16.757672110741936,4000,all,872
0.0942742,0.100458,0.0,0.9384439268151864,0.0615560731848136,snapshot_873.xyz,32,4000,16.757672110741936,4000,all,873
0.0952493,0.100597,0.0,0.9468403630326947,0.0531596369673053,snapshot_874.xyz,32,4000,16.757672110741936,4000,all,874
0.0944136,0.100528,0.0,0.9391771446761101,0.06082285532388987,snapshot_875.xyz,32,4000,16.757672110741936,4000,all,875
0.0943439,0.100874,0.0,0.9352647857723495,0.0647352142276505,snapshot_876.xyz,32,4000,16.757672110741936,4000,all,876
0.0943439,0.100597,0.0,0.9378400946350288,0.06215990536497118,snapshot_877.xyz,32,4000,16.757672110741936,4000,all,877
0.0935076,0.100874,0.0,0.9269742450978448,0.07302575490215524,snapshot_878.xyz,32,4000,16.757672110741936,4000,all,878
0.0946226,0.10032,0.0,0.9432077352472089,0.05679226475279109,snapshot_879.xyz,32,4000,16.757672110741936,4000,all,879
0.0946922,0.100597,0.0,0.9413024245255822,0.058697575474417785,snapshot_880.xyz,32,4000,16.757672110741936,4000,all,880
0.0944136,0.10025,0.0,0.9417815461346632,0.05821845386533675,snapshot_881.xyz,32,4000,16.757672110741936,4000,all,881
0.0941349,0.101151,0.0,0.9306373639410386,0.06936263605896142,snapshot_882.xyz,32,4000,16.757672110741936,4000,all,882
0.0939955,0.10025,0.0,0.9376109725685785,0.062389027431421495,snapshot_883.xyz,32,4000,16.757672110741936,4000,all,883
0.0939955,0.10025,0.0,0.9376109725685785,0.062389027431421495,snapshot_884.xyz,32,4000,16.757672110741936,4000,all,884
0.0940652,0.101013,0.0,0.9312187540217596,0.06878124597824042,snapshot_885.xyz,32,4000,16.757672110741936,4000,all,885
0.09511,0.100874,0.0,0.9428594087673731,0.057140591232626936,snapshot_886.xyz,32,4000,16.757672110741936,4000,all,886
0.0958061,0.100458,0.0,0.9536930856676422,0.046306914332357785,snapshot_887.xyz,32,4000,16.757672110741936,4000,all,887
0.0946922,0.100874,0.0,0.9387176081051609,0.06128239189483908,snapshot_888.xyz,32,4000,16.757672110741936,4000,all,888
0.0954581,0.101359,0.0,0.9417821801714698,0.05821781982853025,snapshot_889.xyz,32,4000,16.757672110741936,4000,all,889
0.0937864,0.100458,0.0,0.9335881661988095,0.06641183380119053,snapshot_890.xyz,32,4000,16.757672110741936,4000,all,890
0.0949708,0.100943,0.0,0.9408359172998622,0.05916408270013784,snapshot_891.xyz,32,4000,16.757672110741936,4000,all,891
0.0949011,0.100528,0.0,0.944026539869489,0.055973460130510966,snapshot_892.xyz,32,4000,16.757672110741936,4000,all,892
0.0945529,0.100528,0.0,0.9405628282667514,0.059437171733248584,snapshot_893.xyz,32,4000,16.757672110741936,4000,all,893
0.0943439,0.10032,0.0,0.9404296251993619,0.05957037480063809,snapshot_894.xyz,32,4000,16.757672110741936,4000,all,894
0.0941349,0.100943,0.0,0.9325550062906788,0.06744499370932122,snapshot_895.xyz,32,4000,16.757672110741936,4000,all,895
0.0953189,0.100181,0.0,0.9514668450105309,0.048533154989469085,snapshot_896.xyz,32,4000,16.757672110741936,4000,all,896
0.0943439,0.101705,0.0,0.9276230273831177,0.07237697261688225,snapshot_897.xyz,32,4000,16.757672110741936,4000,all,897
0.093647,0.10032,0.0,0.9334828548644337,0.06651714513556628,snapshot_898.xyz,32,4000,16.757672110741936,4000,all,898
0.0946226,0.100528,0.0,0.9412561674359382,0.05874383256406179,snapshot_899.xyz,32,4000,16.757672110741936,4000,all,899
0.09511,0.100597,0.0,0.9454556298895592,0.054544370110440776,snapshot_900.xyz,32,4000,16.757672110741936,4000,all,900
0.0939955,0.100597,0.0,0.934376770679046,0.06562322932095399,snapshot_901.xyz,32,4000,16.757672110741936,4000,all,901
0.0939955,0.100528,0.0,0.9350181044087218,0.0649818955912782,snapshot_902.xyz,32,4000,16.757672110741936,4000,all,902
0.0949011,0.100874,0.0,0.940788508436267,0.059211491563732954,snapshot_903.xyz,32,4000,16.757672110741936,4000,all,903
0.0946922,0.100181,0.0,0.9452111677863068,0.05478883221369324,snapshot_904.xyz,32,4000,16.757672110741936,4000,all,904
0.0944833,0.100597,0.0,0.9392258218435937,0.06077417815640629,snapshot_905.xyz,32,4000,16.757672110741936,4000,all,905
0.0946922,0.0999732,0.0,0.9471758431259578,0.05282415687404218,snapshot_906.xyz,32,4000,16.757672110741936,4000,all,906
0.0946922,0.100458,0.0,0.9426048696967887,0.057395130303211306,snapshot_907.xyz,32,4000,16.757672110741936,4000,all,907
0.0945529,0.100043,0.0,0.9451225972831682,0.054877402716831836,snapshot_908.xyz,32,4000,16.757672110741936,4000,all,908
0.0953189,0.100112,0.0,0.9521226226626178,0.047877377337382176,snapshot_909.xyz,32,4000,16.757672110741936,4000,all,909
0.0931589,0.100181,0.0,0.9299058703746219,0.07009412962537809,snapshot_910.xyz,32,4000,16.757672110741936,4000,all,910
0.0945529,0.100181,0.0,0.9438206845609446,0.05617931543905541,snapshot_911.xyz,32,4000,16.757672110741936,4000,all,911
0.0948315,0.101082,0.0,0.938164064818662,0.06183593518133801,snapshot_912.xyz,32,4000,16.757672110741936,4000,all,912
0.0946226,0.101151,0.0,0.9354588684244347,0.06454113157556529,snapshot_913.xyz,32,4000,16.757672110741936,4000,all,913
0.0940652,0.100181,0.0,0.938952495982272,0.06104750401772796,snapshot_914.xyz,32,4000,16.757672110741936,4000,all,914
0.0948315,0.101082,0.0,0.938164064818662,0.06183593518133801,snapshot_915.xyz,32,4000,16.757672110741936,4000,all,915
0.09511,0.101013,0.0,0.9415619771712551,0.058438022828744884,snapshot_916.xyz,32,4000,16.757672110741936,4000,all,916
0.0950404,0.100666,0.0,0.9441161861999086,0.05588381380009144,snapshot_917.xyz,32,4000,16.757672110741936,4000,all,917
0.0942046,0.100597,0.0,0.9364553614918933,0.06354463850810665,snapshot_918.xyz,32,4000,16.757672110741936,4000,all,918
0.0937167,0.100597,0.0,0.9316053162619163,0.06839468373808366,snapshot_919.xyz,32,4000,16.757672110741936,4000,all,919
0.0945529,0.100181,0.0,0.9438206845609446,0.05617931543905541,snapshot_920.xyz,32,4000,16.757672110741936,4000,all,920
0.0945529,0.10025,0.0,0.9431710723192019,0.05682892768079806,snapshot_921.xyz,32,4000,16.757672110741936,4000,all,921
0.0949708,0.100736,0.0,0.9427692185514611,0.05723078144853888,snapshot_922.xyz,32,4000,16.757672110741936,4000,all,922
0.0941349,0.101013,0.0,0.9319087642184668,0.0680912357815332,snapshot_923.xyz,32,4000,16.757672110741936,4000,all,923
0.0944136,0.101567,0.0,0.9295696436834798,0.07043035631652017,snapshot_924.xyz,32,4000,16.757672110741936,4000,all,924
0.0946922,0.100943,0.0,0.9380759438494992,0.061924056150500784,snapshot_925.xyz,32,4000,16.757672110741936,4000,all,925
0.0949011,0.100597,0.0,0.9433790272075707,0.05662097279242928,snapshot_926.xyz,32,4000,16.757672110741936,4000,all,926
0.0939955,0.100943,0.0,0.9311740289074031,0.06882597109259692,snapshot_927.xyz,32,4000,16.757672110741936,4000,all,927
0.0955277,0.100666,0.0,0.9489569467347465,0.05104305326525349,snapshot_928.xyz,32,4000,16.757672110741936,4000,all,928
0.0949011,0.100181,0.0,0.9472963935277148,0.052703606472285225,snapshot_929.xyz,32,4000,16.757672110741936,4000,all,929
0.0948315,0.100874,0.0,0.9400985387711401,0.059901461228859865,snapshot_930.xyz,32,4000,16.757672110741936,4000,all,930
0.0947619,0.0999732,0.0,0.9478730299720325,0.05212697002796751,snapshot_931.xyz,32,4000,16.757672110741936,4000,all,931
0.0947619,0.100389,0.0,0.9439470459910946,0.05605295400890542,snapshot_932.xyz,32,4000,16.757672110741936,4000,all,932
0.0950404,0.100805,0.0,0.9428143445265611,0.0571856554734389,snapshot_933.xyz,32,4000,16.757672110741936,4000,all,933
0.0949011,0.101013,0.0,0.9394939265243087,0.06050607347569126,snapshot_934.xyz,32,4000,16.757672110741936,4000,all,934
0.0939258,0.100458,0.0,0.9349758107865974,0.06502418921340258,snapshot_935.xyz,32,4000,16.757672110741936,4000,all,935
0.0944136,0.100666,0.0,0.9378896548983767,0.06211034510162328,snapshot_936.xyz,32,4000,16.757672110741936,4000,all,936
0.0948315,0.0999039,0.0,0.9492272073462598,0.05077279265374024,snapshot_937.xyz,32,4000,16.757672110741936,4000,all,937
0.0946922,0.101082,0.0,0.9367859757424665,0.06321402425753353,snapshot_938.xyz,32,4000,16.757672110741936,4000,all,938
0.0945529,0.100736,0.0,0.9386207512706479,0.061379248729352076,snapshot_939.xyz,32,4000,16.757672110741936,4000,all,939
0.0949708,0.100597,0.0,0.9440718908118532,0.055928109188146835,snapshot_940.xyz,32,4000,16.757672110741936,4000,all,940
0.0940652,0.100389,0.0,0.9370070426042694,0.06299295739573063,snapshot_941.xyz,32,4000,16.757672110741936,4000,all,941
0.0942742,0.100597,0.0,0.9371472310307464,0.06285276896925363,snapshot_942.xyz,32,4000,16.757672110741936,4000,all,942
0.0951797,0.101151,0.0,0.940966475862819,0.05903352413718099,snapshot_943.xyz,32,4000,16.757672110741936,4000,all,943
0.0944136,0.100389,0.0,0.9404775423602187,0.05952245763978126,snapshot_944.xyz,32,4000,16.757672110741936,4000,all,944
0.0951797,0.100528,0.0,0.9467979070507719,0.053202092949228064,snapshot_945.xyz,32,4000,16.757672110741936,4000,all,945
0.0939955,0.100181,0.0,0.9382567552729558,0.06174324472704418,snapshot_946.xyz,32,4000,16.757672110741936,4000,all,946
0.0946226,0.0996958,0.0,0.9491132023615839,0.05088679763841608,snapshot_947.xyz,32,4000,16.757672110741936,4000,all,947
0.0949708,0.100666,0.0,0.9434247908926549,0.05657520910734515,snapshot_948.xyz,32,4000,16.757672110741936,4000,all,948
0.0944833,0.100943,0.0,0.9360064590907741,0.06399354090922593,snapshot_949.xyz,32,4000,16.757672110741936,4000,all,949
0.0941349,0.100666,0.0,0.9351210935171755,0.06487890648282446,snapshot_950.xyz,32,4000,16.757672110741936,4000,all,950
0.0941349,0.100112,0.0,0.9402958686271374,0.05970413137286257,snapshot_951.xyz,32,4000,16.757672110741936,4000,all,951
0.0953189,0.100736,0.0,0.9462247855781448,0.05377521442185518,snapshot_952.xyz,32,4000,16.757672110741936,4000,all,952
0.0949011,0.100528,0.0,0.944026539869489,0.055973460130510966,snapshot_953.xyz,32,4000,16.757672110741936,4000,all,953
0.0949708,0.100666,0.0,0.9434247908926549,0.05657520910734515,snapshot_954.xyz,32,4000,16.757672110741936,4000,all,954
0.0950404,0.100181,0.0,0.9486868767530768,0.051313123246923165,snapshot_955.xyz,32,4000,16.757672110741936,4000,all,955
0.0935773,0.101082,0.0,0.9257563166538058,0.07424368334619424,snapshot_956.xyz,32,4000,16.757672110741936,4000,all,956
0.0945529,0.100389,0.0,0.9418651445875543,0.058134855412445674,snapshot_957.xyz,32,4000,16.757672110741936,4000,all,957
0.0944833,0.100597,0.0,0.9392258218435937,0.06077417815640629,snapshot_958.xyz,32,4000,16.757672110741936,4000,all,958
0.0947619,0.100805,0.0,0.9400515847428202,0.059948415257179755,snapshot_959.xyz,32,4000,16.757672110741936,4000,all,959
0.0942742,0.100666,0.0,0.9365048775157451,0.06349512248425493,snapshot_960.xyz,32,4000,16.757672110741936,4000,all,960
0.0940652,0.100874,0.0,0.9325019331046652,0.06749806689533477,snapshot_961.xyz,32,4000,16.757672110741936,4000,all,961
0.0942742,0.100389,0.0,0.9390889440078096,0.06091105599219038,snapshot_962.xyz,32,4000,16.757672110741936,4000,all,962
0.0942742,0.100597,0.0,0.9371472310307464,0.06285276896925363,snapshot_963.xyz,32,4000,16.757672110741936,4000,all,963
0.0947619,0.100181,0.0,0.9459069084956229,0.05409309150437713,snapshot_964.xyz,32,4000,16.757672110741936,4000,all,964
0.0949011,0.100181,0.0,0.9472963935277148,0.052703606472285225,snapshot_965.xyz,32,4000,16.757672110741936,4000,all,965
0.0949708,0.100528,0.0,0.9447198790386757,0.055280120961324286,snapshot_966.xyz,32,4000,16.757672110741936,4000,all,966
0.0947619,0.101151,0.0,0.9368360174392739,0.06316398256072608,snapshot_967.xyz,32,4000,16.757672110741936,4000,all,967
0.0945529,0.100043,0.0,0.9451225972831682,0.054877402716831836,snapshot_968.xyz,32,4000,16.757672110741936,4000,all,968
0.0944833,0.100043,0.0,0.9444268964345331,0.05557310356546685,snapshot_969.xyz,32,4000,16.757672110741936,4000,all,969
0.0943439,0.100181,0.0,0.9417344606262663,0.05826553937373369,snapshot_970.xyz,32,4000,16.757672110741936,4000,all,970
0.0947619,0.101082,0.0,0.9374755149284738,0.06252448507152619,snapshot_971.xyz,32,4000,16.757672110741936,4000,all,971
0.0943439,0.100666,0.0,0.9371972662070609,0.0628027337929391,snapshot_972.xyz,32,4000,16.757672110741936,4000,all,972
0.0942046,0.10032,0.0,0.9390410685805421,0.06095893141945785,snapshot_973.xyz,32,4000,16.757672110741936,4000,all,973
0.09511,0.100458,0.0,0.9467638216966294,0.053236178303370574,snapshot_974.xyz,32,4000,16.757672110741936,4000,all,974
0.0941349,0.100874,0.0,0.9331928941055176,0.06680710589448235,snapshot_975.xyz,32,4000,16.757672110741936,4000,all,975
0.0953189,0.100597,0.0,0.9475322325715478,0.05246776742845216,snapshot_976.xyz,32,4000,16.757672110741936,4000,all,976
0.0950404,0.101013,0.0,0.9408729569461356,0.0591270430538644,snapshot_977.xyz,32,4000,16.757672110741936,4000,all,977
0.0947619,0.100805,0.0,0.9400515847428202,0.059948415257179755,snapshot_978.xyz,32,4000,16.757672110741936,4000,all,978
0.0942742,0.100181,0.0,0.9410387199169503,0.05896128008304968,snapshot_979.xyz,32,4000,16.757672110741936,4000,all,979
0.0946922,0.100112,0.0,0.9458626338500878,0.05413736614991216,snapshot_980.xyz,32,4000,16.757672110741936,4000,all,980
0.0950404,0.100389,0.0,0.9467212543206924,0.05327874567930757,snapshot_981.xyz,32,4000,16.757672110741936,4000,all,981
0.0944136,0.100874,0.0,0.9359557467732021,0.06404425322679785,snapshot_982.xyz,32,4000,16.757672110741936,4000,all,982
0.0948315,0.0999039,0.0,0.9492272073462598,0.05077279265374024,snapshot_983.xyz,32,4000,16.757672110741936,4000,all,983
0.0945529,0.10032,0.0,0.9425129585326952,0.05748704146730477,snapshot_984.xyz,32,4000,16.757672110741936,4000,all,984
0.0946226,0.100181,0.0,0.9445164252702608,0.05548357472973919,snapshot_985.xyz,32,4000,16.757672110741936,4000,all,985
0.0942046,0.100943,0.0,0.9332454949823167,0.06675450501768332,snapshot_986.xyz,32,4000,16.757672110741936,4000,all,986
0.0956669,0.101151,0.0,0.9457830372413519,0.05421696275864807,snapshot_987.xyz,32,4000,16.757672110741936,4000,all,987
0.0938561,0.100389,0.0,0.9349241450756556,0.06507585492434442,snapshot_988.xyz,32,4000,16.757672110741936,4000,all,988
0.0944833,0.100597,0.0,0.9392258218435937,0.06077417815640629,snapshot_989.xyz,32,4000,16.757672110741936,4000,all,989
0.0947619,0.100458,0.0,0.9432986919906826,0.056701308009317386,snapshot_990.xyz,32,4000,16.757672110741936,4000,all,990
0.0949708,0.100597,0.0,0.9440718908118532,0.055928109188146835,snapshot_991.xyz,32,4000,16.757672110741936,4000,all,991
0.0952493,0.10032,0.0,0.9494547448165868,0.05054525518341324,snapshot_992.xyz,32,4000,16.757672110741936,4000,all,992
0.0946226,0.100389,0.0,0.9425594437637589,0.057440556236241114,snapshot_993.xyz,32,4000,16.757672110741936,4000,all,993
0.0939258,0.100389,0.0,0.9356184442518602,0.06438155574813975,snapshot_994.xyz,32,4000,16.757672110741936,4000,all,994
0.0955973,0.100943,0.0,0.9470423902598495,0.05295760974015051,snapshot_995.xyz,32,4000,16.757672110741936,4000,all,995
0.0947619,0.101082,0.0,0.9374755149284738,0.06252448507152619,snapshot_996.xyz,32,4000,16.757672110741936,4000,all,996
0.0948315,0.100528,0.0,0.9433341954480343,0.05666580455196568,snapshot_997.xyz,32,4000,16.757672110741936,4000,all,997
0.0951797,0.10032,0.0,0.9487609649122807,0.05123903508771932,snapshot_998.xyz,32,4000,16.757672110741936,4000,all,998
0.0937167,0.100043,0.0,0.936764191397699,0.06323580860230105,snapshot_999.xyz,32,4000,16.757672110741936,4000,all,999
0.0942046,0.100874,0.0,0.9338838551063703,0.06611614489362971,snapshot_1000.xyz,32,4000,16.757672110741936,4000,all,1000
0.09511,0.10129,0.0,0.9389870668377924,0.06101293316220757,snapshot_1001.xyz,32,4000,16.757672110741936,4000,all,1001
0.0952493,0.101082,0.0,0.9422973427514294,0.0577026572485706,snapshot_1002.xyz,32,4000,16.757672110741936,4000,all,1002
0.0944136,0.10122,0.0,0.9327563722584469,0.06724362774155312,snapshot_1003.xyz,32,4000,16.757672110741936,4000,all,1003
0.09511,0.100597,0.0,0.9454556298895592,0.054544370110440776,snapshot_1004.xyz,32,4000,16.757672110741936,4000,all,1004
0.0950404,0.10032,0.0,0.9473724082934608,0.05262759170653919,snapshot_1005.xyz,32,4000,16.757672110741936,4000,all,1005
0.0944136,0.100666,0.0,0.9378896548983767,0.06211034510162328,snapshot_1006.xyz,32,4000,16.757672110741936,4000,all,1006
0.0946226,0.100181,0.0,0.9445164252702608,0.05548357472973919,snapshot_1007.xyz,32,4000,16.757672110741936,4000,all,1007
0.0943439,0.100666,0.0,0.9371972662070609,0.0628027337929391,snapshot_1008.xyz,32,4000,16.757672110741936,4000,all,1008
0.0942742,0.100043,0.0,0.9423367951780733,0.05766320482192666,snapshot_1009.xyz,32,4000,16.757672110741936,4000,all,1009
0.0944833,0.100736,0.0,0.9379298364040661,0.06207016359593387,snapshot_1010.xyz,32,4000,16.757672110741936,4000,all,1010
0.09511,0.100666,0.0,0.9448075815071623,0.055192418492837736,snapshot_1011.xyz,32,4000,16.757672110741936,4000,all,1011
0.0949011,0.100458,0.0,0.944684345696709,0.055315654303290995,snapshot_1012.xyz,32,4000,16.757672110741936,4000,all,1012
0.0942046,0.10032,0.0,0.9390410685805421,0.06095893141945785,snapshot_1013.xyz,32,4000,16.757672110741936,4000,all,1013
0.0946922,0.100112,0.0,0.9458626338500878,0.05413736614991216,snapshot_1014.xyz,32,4000,16.757672110741936,4000,all,1014
0.0938561,0.100458,0.0,0.9342819884927034,0.06571801150729661,snapshot_1015.xyz,32,4000,16.757672110741936,4000,all,1015
0.0944833,0.100736,0.0,0.9379298364040661,0.06207016359593387,snapshot_1016.xyz,32,4000,16.757672110741936,4000,all,1016
0.0932286,0.100666,0.0,0.9261180537619453,0.07388194623805466,snapshot_1017.xyz,32,4000,16.757672110741936,4000,all,1017
0.0946922,0.100943,0.0,0.9380759438494992,0.061924056150500784,snapshot_1018.xyz,32,4000,16.757672110741936,4000,all,1018
0.0949011,0.100597,0.0,0.9433790272075707,0.05662097279242928,snapshot_1019.xyz,32,4000,16.757672110741936,4000,all,1019
0.0952493,0.100943,0.0,0.9435949000921311,0.056405099907868905,snapshot_1020.xyz,32,4000,16.757672110741936,4000,all,1020
0.0946226,0.100597,0.0,0.9406105549867292,0.059389445013270814,snapshot_1021.xyz,32,4000,16.757672110741936,4000,all,1021
0.0945529,0.100874,0.0,0.9373366774391815,0.06266332256081852,snapshot_1022.xyz,32,4000,16.757672110741936,4000,all,1022
0.0944833,0.100736,0.0,0.9379298364040661,0.06207016359593387,snapshot_1023.xyz,32,4000,16.757672110741936,4000,all,1023
0.0944136,0.101359,0.0,0.9314772245187896,0.06852277548121044,snapshot_1024.xyz,32,4000,16.757672110741936,4000,all,1024
0.0943439,0.0996958,0.0,0.9463176984386503,0.05368230156134968,snapshot_1025.xyz,32,4000,16.757672110741936,4000,all,1025
0.0929496,0.100112,0.0,0.9284561291353682,0.07154387086463176,snapshot_1026.xyz,32,4000,16.757672110741936,4000,all,1026
0.0944136,0.101013,0.0,0.9346678150337084,0.06533218496629156,snapshot_1027.xyz,32,4000,16.757672110741936,4000,all,1027
0.0954581,0.100874,0.0,0.9463102484287329,0.0536897515712671,snapshot_1028.xyz,32,4000,16.757672110741936,4000,all,1028
0.0946226,0.100597,0.0,0.9406105549867292,0.059389445013270814,snapshot_1029.xyz,32,4000,16.757672110741936,4000,all,1029
0.0946922,0.0996265,0.0,0.9504720129684371,0.049527987031562914,snapshot_1030.xyz,32,4000,16.757672110741936,4000,all,1030
0.09511,0.100874,0.0,0.9428594087673731,0.057140591232626936,snapshot_1031.xyz,32,4000,16.757672110741936,4000,all,1031
0.0944833,0.100528,0.0,0.9398704838452968,0.06012951615470319,snapshot_1032.xyz,32,4000,16.757672110741936,4000,all,1032
0.0941349,0.101013,0.0,0.9319087642184668,0.0680912357815332,snapshot_1033.xyz,32,4000,16.757672110741936,4000,all,1033
0.0941349,0.100112,0.0,0.9402958686271374,0.05970413137286257,snapshot_1034.xyz,32,4000,16.757672110741936,4000,all,1034
0.0946226,0.100943,0.0,0.9373864458159555,0.06261355418404446,snapshot_1035.xyz,32,4000,16.757672110741936,4000,all,1035
0.0949708,0.10129,0.0,0.9376127949452068,0.06238720505479323,snapshot_1036.xyz,32,4000,16.757672110741936,4000,all,1036
0.0946226,0.100943,0.0,0.9373864458159555,0.06261355418404446,snapshot_1037.xyz,32,4000,16.757672110741936,4000,all,1037
0.0947619,0.100528,0.0,0.9426418510265796,0.0573581489734204,snapshot_1038.xyz,32,4000,16.757672110741936,4000,all,1038
0.0947619,0.100874,0.0,0.9394085691060133,0.060591430893986664,snapshot_1039.xyz,32,4000,16.757672110741936,4000,all,1039
0.0958756,0.0999732,0.0,0.9590130154881509,0.04098698451184912,snapshot_1040.xyz,32,4000,16.757672110741936,4000,all,1040
0.0943439,0.100943,0.0,0.9346254817074982,0.06537451829250185,snapshot_1041.xyz,32,4000,16.757672110741936,4000,all,1041
0.0949708,0.100112,0.0,0.9486455170209365,0.05135448297906353,snapshot_1042.xyz,32,4000,16.757672110741936,4000,all,1042
0.0954581,0.101497,0.0,0.9405016897051145,0.059498310294885504,snapshot_1043.xyz,32,4000,16.757672110741936,4000,all,1043
0.0945529,0.100736,0.0,0.9386207512706479,0.061379248729352076,snapshot_1044.xyz,32,4000,16.757672110741936,4000,all,1044
0.0942046,0.10129,0.0,0.9300483759502418,0.06995162404975819,snapshot_1045.xyz,32,4000,16.757672110741936,4000,all,1045
0.0937864,0.100528,0.0,0.9329380869011619,0.06706191309883813,snapshot_1046.xyz,32,4000,16.757672110741936,4000,all,1046
0.0939955,0.100597,0.0,0.934376770679046,0.06562322932095399,snapshot_1047.xyz,32,4000,16.757672110741936,4000,all,1047
0.0959452,0.100597,0.0,0.9537580643557958,0.0462419356442042,snapshot_1048.xyz,32,4000,16.757672110741936,4000,all,1048
0.09511,0.100805,0.0,0.9435047864689251,0.056495213531074895,snapshot_1049.xyz,32,4000,16.757672110741936,4000,all,1049
0.0954581,0.100458,0.0,0.9502289514025762,0.04977104859742376,snapshot_1050.xyz,32,4000,16.757672110741936,4000,all,1050
0.0946922,0.100597,0.0,0.9413024245255822,0.058697575474417785,snapshot_1051.xyz,32,4000,16.757672110741936,4000,all,1051
0.09511,0.10129,0.0,0.9389870668377924,0.06101293316220757,snapshot_1052.xyz,32,4000,16.757672110741936,4000,all,1052
0.0942046,0.100943,0.0,0.9332454949823167,0.06675450501768332,snapshot_1053.xyz,32,4000,16.757672110741936,4000,all,1053
0.0952493,0.100181,0.0,0.9507721024944848,0.04922789750551515,snapshot_1054.xyz,32,4000,16.757672110741936,4000,all,1054
0.0949011,0.10025,0.0,0.9466443890274314,0.05335561097256858,snapshot_1055.xyz,32,4000,16.757672110741936,4000,all,1055
0.0953885,0.100458,0.0,0.9495361245495629,0.05046387545043707,snapshot_1056.xyz,32,4000,16.757672110741936,4000,all,1056
0.0946922,0.101705,0.0,0.9310476377759206,0.06895236222407941,snapshot_1057.xyz,32,4000,16.757672110741936,4000,all,1057
0.0946922,0.100943,0.0,0.9380759438494992,0.061924056150500784,snapshot_1058.xyz,32,4000,16.757672110741936,4000,all,1058
0.0949708,0.101013,0.0,0.940183936721016,0.05981606327898403,snapshot_1059.xyz,32,4000,16.757672110741936,4000,all,1059
0.0945529,0.100597,0.0,0.9399176913824467,0.06008230861755326,snapshot_1060.xyz,32,4000,16.757672110741936,4000,all,1060
0.0946922,0.10129,0.0,0.9348622766314543,0.06513772336854573,snapshot_1061.xyz,32,4000,16.757672110741936,4000,all,1061
0.0950404,0.100112,0.0,0.9493407383730221,0.05065926162697787,snapshot_1062.xyz,32,4000,16.757672110741936,4000,all,1062
0.0944136,0.100874,0.0,0.9359557467732021,0.06404425322679785,snapshot_1063.xyz,32,4000,16.757672110741936,4000,all,1063
0.09511,0.100112,0.0,0.9500359597251078,0.04996404027489221,snapshot_1064.xyz,32,4000,16.757672110741936,4000,all,1064
0.0953189,0.100943,0.0,0.9442843981256748,0.05571560187432523,snapshot_1065.xyz,32,4000,16.757672110741936,4000,all,1065
0.0944136,0.100389,0.0,0.9404775423602187,0.05952245763978126,snapshot_1066.xyz,32,4000,16.757672110741936,4000,all,1066
0.0938561,0.10032,0.0,0.9355671850079744,0.06443281499202558,snapshot_1067.xyz,32,4000,16.757672110741936,4000,all,1067
0.0951797,0.100874,0.0,0.9435503697682257,0.056449630231774295,snapshot_1068.xyz,32,4000,16.757672110741936,4000,all,1068
0.0947619,0.10032,0.0,0.9445962918660286,0.05540370813397144,snapshot_1069.xyz,32,4000,16.757672110741936,4000,all,1069
0.0951797,0.100943,0.0,0.9429054020585875,0.05709459794141247,snapshot_1070.xyz,32,4000,16.757672110741936,4000,all,1070
0.0944833,0.100528,0.0,0.9398704838452968,0.06012951615470319,snapshot_1071.xyz,32,4000,16.757672110741936,4000,all,1071
0.0951797,0.0999732,0.0,0.9520521499761937,0.047947850023806304,snapshot_1072.xyz,32,4000,16.757672110741936,4000,all,1072
0.0953885,0.100458,0.0,0.9495361245495629,0.05046387545043707,snapshot_1073.xyz,32,4000,16.757672110741936,4000,all,1073
0.0947619,0.100874,0.0,0.9394085691060133,0.060591430893986664,snapshot_1074.xyz,32,4000,16.757672110741936,4000,all,1074
0.0939258,0.100389,0.0,0.9356184442518602,0.06438155574813975,snapshot_1075.xyz,32,4000,16.757672110741936,4000,all,1075
0.0950404,0.101359,0.0,0.9376611845026095,0.06233881549739051,snapshot_1076.xyz,32,4000,16.757672110741936,4000,all,1076
0.0944833,0.100528,0.0,0.9398704838452968,0.06012951615470319,snapshot_1077.xyz,32,4000,16.757672110741936,4000,all,1077
0.09511,0.10129,0.0,0.9389870668377924,0.06101293316220757,snapshot_1078.xyz,32,4000,16.757672110741936,4000,all,1078
0.0945529,0.100528,0.0,0.9405628282667514,0.059437171733248584,snapshot_1079.xyz,32,4000,16.757672110741936,4000,all,1079
0.0943439,0.100389,0.0,0.9397832431840141,0.06021675681598593,snapshot_1080.xyz,32,4000,16.757672110741936,4000,all,1080
0.0949708,0.100389,0.0,0.9460279512695613,0.053972048730438704,snapshot_1081.xyz,32,4000,16.757672110741936,4000,all,1081
0.0944833,0.100181,0.0,0.9431259420448987,0.056874057955101254,snapshot_1082.xyz,32,4000,16.757672110741936,4000,all,1082
0.0946922,0.100528,0.0,0.9419485118573929,0.05805148814260708,snapshot_1083.xyz,32,4000,16.757672110741936,4000,all,1083
0.0934378,0.10032,0.0,0.9313975279106858,0.06860247208931425,snapshot_1084.xyz,32,4000,16.757672110741936,4000,all,1084
0.0941349,0.100597,0.0,0.9357624978876108,0.06423750211238921,snapshot_1085.xyz,32,4000,16.757672110741936,4000,all,1085
0.0943439,0.100874,0.0,0.9352647857723495,0.0647352142276505,snapshot_1086.xyz,32,4000,16.757672110741936,4000,all,1086
0.0946226,0.10025,0.0,0.9438663341645885,0.05613366583541146,snapshot_1087.xyz,32,4000,16.757672110741936,4000,all,1087
0.0949708,0.100389,0.0,0.9460279512695613,0.053972048730438704,snapshot_1088.xyz,32,4000,16.757672110741936,4000,all,1088
0.0946226,0.10025,0.0,0.9438663341645885,0.05613366583541146,snapshot_1089.xyz,32,4000,16.757672110741936,4000,all,1089
0.0949011,0.100458,0.0,0.944684345696709,0.055315654303290995,snapshot_1090.xyz,32,4000,16.757672110741936,4000,all,1090
0.0948315,0.10025,0.0,0.9459501246882792,0.054049875311720785,snapshot_1091.xyz,32,4000,16.757672110741936,4000,all,1091
0.0942742,0.100666,0.0,0.9365048775157451,0.06349512248425493,snapshot_1092.xyz,32,4000,16.757672110741936,4000,all,1092
0.0937864,0.0999039,0.0,0.9387661542742576,0.06123384572574242,snapshot_1093.xyz,32,4000,16.757672110741936,4000,all,1093
0.0944136,0.100528,0.0,0.9391771446761101,0.06082285532388987,snapshot_1094.xyz,32,4000,16.757672110741936,4000,all,1094
0.0947619,0.100874,0.0,0.9394085691060133,0.060591430893986664,snapshot_1095.xyz,32,4000,16.757672110741936,4000,all,1095
0.0940652,0.100528,0.0,0.9357114435779086,0.06428855642209141,snapshot_1096.xyz,32,4000,16.757672110741936,4000,all,1096
0.0948315,0.100458,0.0,0.9439915188436958,0.05600848115630419,snapshot_1097.xyz,32,4000,16.757672110741936,4000,all,1097
0.0951797,0.100597,0.0,0.9461484934938418,0.05385150650615822,snapshot_1098.xyz,32,4000,16.757672110741936,4000,all,1098
0.0932984,0.10025,0.0,0.9306573566084788,0.06934264339152119,snapshot_1099.xyz,32,4000,16.757672110741936,4000,all,1099
0.0955277,0.100736,0.0,0.9482975301778906,0.051702469822109354,snapshot_1100.xyz,32,4000,16.757672110741936,4000,all,1100
0.0955277,0.10025,0.0,0.9528947630922692,0.04710523690773083,snapshot_1101.xyz,32,4000,16.757672110741936,4000,all,1101
0.0941349,0.100874,0.0,0.9331928941055176,0.06680710589448235,snapshot_1102.xyz,32,4000,16.757672110741936,4000,all,1102
0.0945529,0.100389,0.0,0.9418651445875543,0.058134855412445674,snapshot_1103.xyz,32,4000,16.757672110741936,4000,all,1103
0.0949708,0.0997652,0.0,0.9519431625456571,0.04805683745434286,snapshot_1104.xyz,32,4000,16.757672110741936,4000,all,1104
0.0944833,0.101082,0.0,0.9347193367760828,0.06528066322391723,snapshot_1105.xyz,32,4000,16.757672110741936,4000,all,1105
0.0944833,0.100736,0.0,0.9379298364040661,0.06207016359593387,snapshot_1106.xyz,32,4000,16.757672110741936,4000,all,1106
0.0948315,0.100736,0.0,0.9413863961245235,0.05861360387547654,snapshot_1107.xyz,32,4000,16.757672110741936,4000,all,1107
0.0946226,0.100181,0.0,0.9445164252702608,0.05548357472973919,snapshot_1108.xyz,32,4000,16.757672110741936,4000,all,1108
0.0942046,0.100528,0.0,0.937098121916282,0.06290187808371805,snapshot_1109.xyz,32,4000,16.757672110741936,4000,all,1109
0.0945529,0.100666,0.0,0.9392734388969463,0.060726561103053744,snapshot_1110.xyz,32,4000,16.757672110741936,4000,all,1110
0.0942046,0.100389,0.0,0.9383956409566785,0.06160435904332151,snapshot_1111.xyz,32,4000,16.757672110741936,4000,all,1111
0.0946226,0.100874,0.0,0.9380276384400341,0.06197236155996588,snapshot_1112.xyz,32,4000,16.757672110741936,4000,all,1112
0.0944833,0.101151,0.0,0.9340817194095956,0.06591828059040439,snapshot_1113.xyz,32,4000,16.757672110741936,4000,all,1113
0.0943439,0.100666,0.0,0.9371972662070609,0.0628027337929391,snapshot_1114.xyz,32,4000,16.757672110741936,4000,all,1114
0.0949708,0.101151,0.0,0.9389012466510464,0.06109875334895365,snapshot_1115.xyz,32,4000,16.757672110741936,4000,all,1115
0.0949011,0.100736,0.0,0.9420773109911055,0.05792268900889452,snapshot_1116.xyz,32,4000,16.757672110741936,4000,all,1116
0.0951797,0.100943,0.0,0.9429054020585875,0.05709459794141247,snapshot_1117.xyz,32,4000,16.757672110741936,4000,all,1117
0.0955277,0.101082,0.0,0.945051542312182,0.054948457687817975,snapshot_1118.xyz,32,4000,16.757672110741936,4000,all,1118
0.0948315,0.100666,0.0,0.9420410068940853,0.05795899310591468,snapshot_1119.xyz,32,4000,16.757672110741936,4000,all,1119
0.0947619,0.100736,0.0,0.9406954812579414,0.059304518742058554,snapshot_1120.xyz,32,4000,16.757672110741936,4000,all,1120
0.0949011,0.100528,0.0,0.944026539869489,0.055973460130510966,snapshot_1121.xyz,32,4000,16.757672110741936,4000,all,1121
0.0950404,0.0999039,0.0,0.9513182168063509,0.04868178319364913,snapshot_1122.xyz,32,4000,16.757672110741936,4000,all,1122
0.0950404,0.10025,0.0,0.94803391521197,0.05196608478803,snapshot_1123.xyz,32,4000,16.757672110741936,4000,all,1123
0.0946922,0.10032,0.0,0.9439015151515151,0.0560984848484849,snapshot_1124.xyz,32,4000,16.757672110741936,4000,all,1124
0.0943439,0.100805,0.0,0.9359049650314963,0.06409503496850366,snapshot_1125.xyz,32,4000,16.757672110741936,4000,all,1125
0.0946922,0.100043,0.0,0.9465149985506232,0.053485001449376846,snapshot_1126.xyz,32,4000,16.757672110741936,4000,all,1126
0.0946922,0.100874,0.0,0.9387176081051609,0.06128239189483908,snapshot_1127.xyz,32,4000,16.757672110741936,4000,all,1127
0.0949708,0.0999039,0.0,0.9506215473069619,0.04937845269303809,snapshot_1128.xyz,32,4000,16.757672110741936,4000,all,1128
0.0948315,0.100736,0.0,0.9413863961245235,0.05861360387547654,snapshot_1129.xyz,32,4000,16.757672110741936,4000,all,1129
0.0950404,0.10032,0.0,0.9473724082934608,0.05262759170653919,snapshot_1130.xyz,32,4000,16.757672110741936,4000,all,1130
0.0946226,0.100389,0.0,0.9425594437637589,0.057440556236241114,snapshot_1131.xyz,32,4000,16.757672110741936,4000,all,1131
0.0946226,0.100736,0.0,0.9393126588310038,0.06068734116899621,snapshot_1132.xyz,32,4000,16.757672110741936,4000,all,1132
0.0953885,0.10032,0.0,0.9508423046251994,0.049157695374800636,snapshot_1133.xyz,32,4000,16.757672110741936,4000,all,1133
0.0944136,0.10025,0.0,0.9417815461346632,0.05821845386533675,snapshot_1134.xyz,32,4000,16.757672110741936,4000,all,1134
0.0944833,0.10129,0.0,0.9327998815282852,0.06720011847171481,snapshot_1135.xyz,32,4000,16.757672110741936,4000,all,1135
0.0945529,0.100458,0.0,0.9412182205498815,0.05878177945011853,snapshot_1136.xyz,32,4000,16.757672110741936,4000,all,1136
0.0946922,0.100874,0.0,0.9387176081051609,0.06128239189483908,snapshot_1137.xyz,32,4000,16.757672110741936,4000,all,1137
0.0947619,0.10129,0.0,0.9355503998420376,0.06444960015796242,snapshot_1138.xyz,32,4000,16.757672110741936,4000,all,1138
0.0948315,0.100597,0.0,0.9426871576687177,0.05731284233128231,snapshot_1139.xyz,32,4000,16.757672110741936,4000,all,1139
0.0946226,0.100528,0.0,0.9412561674359382,0.05874383256406179,snapshot_1140.xyz,32,4000,16.757672110741936,4000,all,1140
0.0951797,0.100112,0.0,0.9507321799584465,0.0492678200415535,snapshot_1141.xyz,32,4000,16.757672110741936,4000,all,1141
0.0953189,0.100528,0.0,0.9481825958936813,0.05181740410631874,snapshot_1142.xyz,32,4000,16.757672110741936,4000,all,1142
0.0947619,0.100666,0.0,0.9413496115868316,0.058650388413168386,snapshot_1143.xyz,32,4000,16.757672110741936,4000,all,1143
0.0949011,0.100597,0.0,0.9433790272075707,0.05662097279242928,snapshot_1144.xyz,32,4000,16.757672110741936,4000,all,1144
0.0945529,0.0999039,0.0,0.9464385274248552,0.053561472575144764,snapshot_1145.xyz,32,4000,16.757672110741936,4000,all,1145
0.0947619,0.100597,0.0,0.9419952881298647,0.05800471187013534,snapshot_1146.xyz,32,4000,16.757672110741936,4000,all,1146
0.0946922,0.10025,0.0,0.9445605985037406,0.055439401496259366,snapshot_1147.xyz,32,4000,16.757672110741936,4000,all,1147
0.0947619,0.100736,0.0,0.9406954812579414,0.059304518742058554,snapshot_1148.xyz,32,4000,16.757672110741936,4000,all,1148
0.0950404,0.100805,0.0,0.9428143445265611,0.0571856554734389,snapshot_1149.xyz,32,4000,16.757672110741936,4000,all,1149
0.0955973,0.10025,0.0,0.9535890274314214,0.04641097256857862,snapshot_1150.xyz,32,4000,16.757672110741936,4000,all,1150
0.0944136,0.101082,0.0,0.9340297975900753,0.06597020240992468,snapshot_1151.xyz,32,4000,16.757672110741936,4000,all,1151
0.0949708,0.100666,0.0,0.9434247908926549,0.05657520910734515,snapshot_1152.xyz,32,4000,16.757672110741936,4000,all,1152
0.0949708,0.0998345,0.0,0.9512823723261997,0.04871762767380028,snapshot_1153.xyz,32,4000,16.757672110741936,4000,all,1153
0.0944136,0.100736,0.0,0.9372379288437103,0.06276207115628973,snapshot_1154.xyz,32,4000,16.757672110741936,4000,all,1154
0.0939258,0.100805,0.0,0.9317573533058876,0.0682426466941124,snapshot_1155.xyz,32,4000,16.757672110741936,4000,all,1155
0.0944136,0.101013,0.0,0.9346678150337084,0.06533218496629156,snapshot_1156.xyz,32,4000,16.757672110741936,4000,all,1156
0.0946226,0.100874,0.0,0.9380276384400341,0.06197236155996588,snapshot_1157.xyz,32,4000,16.757672110741936,4000,all,1157
0.0956669,0.100943,0.0,0.9477318882933933,0.052268111706606724,snapshot_1158.xyz,32,4000,16.757672110741936,4000,all,1158
0.0948315,0.100597,0.0,0.9426871576687177,0.05731284233128231,snapshot_1159.xyz,32,4000,16.757672110741936,4000,all,1159
0.0946226,0.100458,0.0,0.9419120428437755,0.0580879571562245,snapshot_1160.xyz,32,4000,16.757672110741936,4000,all,1160
0.0944833,0.10025,0.0,0.9424768079800498,0.05752319201995015,snapshot_1161.xyz,32,4000,16.757672110741936,4000,all,1161
0.0954581,0.0999732,0.0,0.9548368962882053,0.04516310371179466,snapshot_1162.xyz,32,4000,16.757672110741936,4000,all,1162
0.0946226,0.101428,0.0,0.9329041290373467,0.06709587096265335,snapshot_1163.xyz,32,4000,16.757672110741936,4000,all,1163
0.0949011,0.100458,0.0,0.944684345696709,0.055315654303290995,snapshot_1164.xyz,32,4000,16.757672110741936,4000,all,1164
0.0942742,0.100943,0.0,0.9339349930158604,0.06606500698413964,snapshot_1165.xyz,32,4000,16.757672110741936,4000,all,1165
0.0939258,0.100666,0.0,0.9330439274432281,0.06695607255677194,snapshot_1166.xyz,32,4000,16.757672110741936,4000,all,1166
0.09511,0.101082,0.0,0.9409192536752339,0.05908074632476612,snapshot_1167.xyz,32,4000,16.757672110741936,4000,all,1167
0.0955277,0.101013,0.0,0.9456970884935602,0.054302911506439844,snapshot_1168.xyz,32,4000,16.757672110741936,4000,all,1168
0.0950404,0.100874,0.0,0.9421694391022463,0.057830560897753736,snapshot_1169.xyz,32,4000,16.757672110741936,4000,all,1169
0.0944833,0.100389,0.0,0.9411718415364233,0.058828158463576696,snapshot_1170.xyz,32,4000,16.757672110741936,4000,all,1170
0.0949708,0.100736,0.0,0.9427692185514611,0.05723078144853888,snapshot_1171.xyz,32,4000,16.757672110741936,4000,all,1171
0.0948315,0.100528,0.0,0.9433341954480343,0.05666580455196568,snapshot_1172.xyz,32,4000,16.757672110741936,4000,all,1172
0.0943439,0.100874,0.0,0.9352647857723495,0.0647352142276505,snapshot_1173.xyz,32,4000,16.757672110741936,4000,all,1173
0.0948315,0.100528,0.0,0.9433341954480343,0.05666580455196568,snapshot_1174.xyz,32,4000,16.757672110741936,4000,all,1174
0.0952493,0.100597,0.0,0.9468403630326947,0.0531596369673053,snapshot_1175.xyz,32,4000,16.757672110741936,4000,all,1175
0.09511,0.100736,0.0,0.9441510482846251,0.05584895171537485,snapshot_1176.xyz,32,4000,16.757672110741936,4000,all,1176
0.0939955,0.10025,0.0,0.9376109725685785,0.062389027431421495,snapshot_1177.xyz,32,4000,16.757672110741936,4000,all,1177
0.0949011,0.100528,0.0,0.944026539869489,0.055973460130510966,snapshot_1178.xyz,32,4000,16.757672110741936,4000,all,1178
0.0953189,0.100528,0.0,0.9481825958936813,0.05181740410631874,snapshot_1179.xyz,32,4000,16.757672110741936,4000,all,1179
0.0945529,0.100666,0.0,0.9392734388969463,0.060726561103053744,snapshot_1180.xyz,32,4000,16.757672110741936,4000,all,1180
0.0948315,0.101082,0.0,0.938164064818662,0.06183593518133801,snapshot_1181.xyz,32,4000,16.757672110741936,4000,all,1181
0.0945529,0.0997652,0.0,0.947754327160172,0.05224567283982795,snapshot_1182.xyz,32,4000,16.757672110741936,4000,all,1182
0.0947619,0.100943,0.0,0.938766432541137,0.06123356745886299,snapshot_1183.xyz,32,4000,16.757672110741936,4000,all,1183
0.0946226,0.100736,0.0,0.9393126588310038,0.06068734116899621,snapshot_1184.xyz,32,4000,16.757672110741936,4000,all,1184
0.0944833,0.100043,0.0,0.9444268964345331,0.05557310356546685,snapshot_1185.xyz,32,4000,16.757672110741936,4000,all,1185
0.0949011,0.100181,0.0,0.9472963935277148,0.052703606472285225,snapshot_1186.xyz,32,4000,16.757672110741936,4000,all,1186
0.0939955,0.10025,0.0,0.9376109725685785,0.062389027431421495,snapshot_1187.xyz,32,4000,16.757672110741936,4000,all,1187
0.0949708,0.100666,0.0,0.9434247908926549,0.05657520910734515,snapshot_1188.xyz,32,4000,16.757672110741936,4000,all,1188
0.0945529,0.100805,0.0,0.9379782748871582,0.062021725112841763,snapshot_1189.xyz,32,4000,16.757672110741936,4000,all,1189
0.0946226,0.100805,0.0,0.9386697088438073,0.06133029115619271,snapshot_1190.xyz,32,4000,16.757672110741936,4000,all,1190
0.0944833,0.100458,0.0,0.9405253936968684,0.059474606303131616,snapshot_1191.xyz,32,4000,16.757672110741936,4000,all,1191
0.0946226,0.100389,0.0,0.9425594437637589,0.057440556236241114,snapshot_1192.xyz,32,4000,16.757672110741936,4000,all,1192
0.0944833,0.100528,0.0,0.9398704838452968,0.06012951615470319,snapshot_1193.xyz,32,4000,16.757672110741936,4000,all,1193
0.0946922,0.101013,0.0,0.9374258758773623,0.06257412412263774,snapshot_1194.xyz,32,4000,16.757672110741936,4000,all,1194
0.0944136,0.0999732,0.0,0.9443890962778024,0.05561090372219757,snapshot_1195.xyz,32,4000,16.757672110741936,4000,all,1195
0.0944833,0.100458,0.0,0.9405253936968684,0.059474606303131616,snapshot_1196.xyz,32,4000,16.757672110741936,4000,all,1196
0.0946226,0.100874,0.0,0.9380276384400341,0.06197236155996588,snapshot_1197.xyz,32,4000,16.757672110741936,4000,all,1197
0.0951797,0.101082,0.0,0.9416087928612413,0.05839120713875867,snapshot_1198.xyz,32,4000,16.757672110741936,4000,all,1198
0.0946922,0.0999732,0.0,0.9471758431259578,0.05282415687404218,snapshot_1199.xyz,32,4000,16.757672110741936,4000,all,1199
0.0953189,0.100181,0.0,0.9514668450105309,0.048533154989469085,snapshot_1200.xyz,32,4000,16.757672110741936,4000,all,1200
0.0944833,0.101013,0.0,0.9353578252304159,0.06464217476958412,snapshot_1201.xyz,32,4000,16.757672110741936,4000,all,1201
