cid,cid_shuffled,cid_shuffled_std,cid_normalized,compression_gain,snapshot,nbins,n_particles_total,box_length,n_particles_filtered,atom_types,snapshot_num
0.217755,0.266397,0.0,0.8174078536920462,0.18259214630795384,snapshot_1.xyz,16,4000,16.796962,4000,all,1
0.20309,0.257823,0.0,0.7877109489843807,0.21228905101561935,snapshot_2.xyz,16,4000,16.796962,4000,all,2
0.21274,0.263135,0.0,0.8084823379634029,0.19151766203659715,snapshot_3.xyz,16,4000,16.796962,4000,all,3
0.206453,0.259459,0.0,0.7957056798954748,0.2042943201045252,snapshot_4.xyz,16,4000,16.796962,4000,all,4
0.20897,0.265582,0.0,0.7868379634161954,0.21316203658380461,snapshot_5.xyz,16,4000,16.796962,4000,all,5
0.212322,0.261093,0.0,0.8132044903540118,0.18679550964598823,snapshot_6.xyz,16,4000,16.796962,4000,all,6
0.20897,0.258232,0.0,0.8092335574212335,0.19076644257876652,snapshot_7.xyz,16,4000,16.796962,4000,all,7
0.211066,0.261502,0.0,0.8071295821829279,0.19287041781707215,snapshot_8.xyz,16,4000,16.796962,4000,all,8
0.21274,0.260685,0.0,0.8160807104359669,0.18391928956403314,snapshot_9.xyz,16,4000,16.796962,4000,all,9
0.208551,0.260685,0.0,0.8000115081420104,0.19998849185798961,snapshot_10.xyz,16,4000,16.796962,4000,all,10
0.210228,0.261502,0.0,0.8039250177818907,0.19607498221810926,snapshot_11.xyz,16,4000,16.796962,4000,all,11
0.211485,0.264359,0.0,0.7999916779833484,0.20000832201665164,snapshot_12.xyz,16,4000,16.796962,4000,all,12
0.210647,0.26191,0.0,0.8042724600053455,0.19572753999465453,snapshot_13.xyz,16,4000,16.796962,4000,all,13
0.203511,0.262319,0.0,0.7758149428748965,0.2241850571251035,snapshot_14.xyz,16,4000,16.796962,4000,all,14
0.210228,0.264359,0.0,0.7952367802874122,0.20476321971258782,snapshot_15.xyz,16,4000,16.796962,4000,all,15
0.206873,0.258232,0.0,0.8011129526937018,0.19888704730629825,snapshot_16.xyz,16,4000,16.796962,4000,all,16
0.208132,0.256596,0.0,0.8111272194422361,0.1888727805577639,snapshot_17.xyz,16,4000,16.796962,4000,all,17
0.213159,0.259459,0.0,0.8215517673312546,0.17844823266874543,snapshot_18.xyz,16,4000,16.796962,4000,all,18
0.215667,0.263543,0.0,0.8183370455675164,0.1816629544324836,snapshot_19.xyz,16,4000,16.796962,4000,all,19
0.211903,0.260276,0.0,0.8141472898000585,0.18585271019994154,snapshot_20.xyz,16,4000,16.796962,4000,all,20
0.21274,0.261093,0.0,0.8148054524632985,0.1851945475367015,snapshot_21.xyz,16,4000,16.796962,4000,all,21
0.211066,0.26191,0.0,0.8058722461914399,0.19412775380856007,snapshot_22.xyz,16,4000,16.796962,4000,all,22
0.208551,0.261502,0.0,0.7975120649172854,0.20248793508271457,snapshot_23.xyz,16,4000,16.796962,4000,all,23
0.21274,0.260685,0.0,0.8160807104359669,0.18391928956403314,snapshot_24.xyz,16,4000,16.796962,4000,all,24
0.211485,0.260685,0.0,0.8112664710282526,0.18873352897174744,snapshot_25.xyz,16,4000,16.796962,4000,all,25
0.210228,0.262727,0.0,0.8001766091798711,0.1998233908201289,snapshot_26.xyz,16,4000,16.796962,4000,all,26
0.208132,0.264767,0.0,0.7860949438562964,0.2139050561437036,snapshot_27.xyz,16,4000,16.796962,4000,all,27
0.204772,0.262319,0.0,0.780622067025263,0.21937793297473696,snapshot_28.xyz,16,4000,16.796962,4000,all,28
0.20897,0.262727,0.0,0.7953883689152619,0.20461163108473812,snapshot_29.xyz,16,4000,16.796962,4000,all,29
0.210228,0.261502,0.0,0.8039250177818907,0.19607498221810926,snapshot_30.xyz,16,4000,16.796962,4000,all,30
0.206453,0.258641,0.0,0.7982222462795922,0.20177775372040785,snapshot_31.xyz,16,4000,16.796962,4000,all,31
0.203511,0.262319,0.0,0.7758149428748965,0.2241850571251035,snapshot_32.xyz,16,4000,16.796962,4000,all,32
0.206873,0.261502,0.0,0.7910952879901492,0.20890471200985083,snapshot_33.xyz,16,4000,16.796962,4000,all,33
0.20897,0.257005,0.0,0.8130970214587265,0.18690297854127347,snapshot_34.xyz,16,4000,16.796962,4000,all,34
0.205613,0.264359,0.0,0.7777794589932628,0.22222054100673716,snapshot_35.xyz,16,4000,16.796962,4000,all,35
0.204352,0.255367,0.0,0.8002286904729272,0.19977130952707278,snapshot_36.xyz,16,4000,16.796962,4000,all,36
0.209809,0.259868,0.0,0.8073675866208999,0.1926324133791001,snapshot_37.xyz,16,4000,16.796962,4000,all,37
0.208551,0.263135,0.0,0.7925627529595074,0.2074372470404926,snapshot_38.xyz,16,4000,16.796962,4000,all,38
0.20939,0.263543,0.0,0.794519300455713,0.20548069954428705,snapshot_39.xyz,16,4000,16.796962,4000,all,39
0.214831,0.256596,0.0,0.8372344073952829,0.16276559260471712,snapshot_40.xyz,16,4000,16.796962,4000,all,40
0.208132,0.25905,0.0,0.8034433507044972,0.19655664929550276,snapshot_41.xyz,16,4000,16.796962,4000,all,41
0.20309,0.259459,0.0,0.7827440944426672,0.21725590555733276,snapshot_42.xyz,16,4000,16.796962,4000,all,42
0.206033,0.259459,0.0,0.7940869270289332,0.20591307297106676,snapshot_43.xyz,16,4000,16.796962,4000,all,43
0.206873,0.257005,0.0,0.8049376471274878,0.19506235287251217,snapshot_44.xyz,16,4000,16.796962,4000,all,44
0.211485,0.261093,0.0,0.8099987360825452,0.19000126391745475,snapshot_45.xyz,16,4000,16.796962,4000,all,45
0.206873,0.258232,0.0,0.8011129526937018,0.19888704730629825,snapshot_46.xyz,16,4000,16.796962,4000,all,46
0.215249,0.262727,0.0,0.8192877016827353,0.18071229831726465,snapshot_47.xyz,16,4000,16.796962,4000,all,47
0.211903,0.260276,0.0,0.8141472898000585,0.18585271019994154,snapshot_48.xyz,16,4000,16.796962,4000,all,48
0.211485,0.262319,0.0,0.8062130459478726,0.19378695405212742,snapshot_49.xyz,16,4000,16.796962,4000,all,49
0.208132,0.263135,0.0,0.7909704144260551,0.2090295855739449,snapshot_50.xyz,16,4000,16.796962,4000,all,50
0.207712,0.260276,0.0,0.7980451520693418,0.2019548479306582,snapshot_51.xyz,16,4000,16.796962,4000,all,51
0.210647,0.261502,0.0,0.8055272999824092,0.19447270001759076,snapshot_52.xyz,16,4000,16.796962,4000,all,52
0.203511,0.259459,0.0,0.7843667014827006,0.2156332985172994,snapshot_53.xyz,16,4000,16.796962,4000,all,53
0.212322,0.260276,0.0,0.8157571193655966,0.18424288063440342,snapshot_54.xyz,16,4000,16.796962,4000,all,54
0.20897,0.261502,0.0,0.7991143471178039,0.20088565288219606,snapshot_55.xyz,16,4000,16.796962,4000,all,55
0.209809,0.262727,0.0,0.7985817978357763,0.20141820216422368,snapshot_56.xyz,16,4000,16.796962,4000,all,56
0.207712,0.261502,0.0,0.7943036764537174,0.20569632354628264,snapshot_57.xyz,16,4000,16.796962,4000,all,57
0.211066,0.261093,0.0,0.8083939439203655,0.19160605607963455,snapshot_58.xyz,16,4000,16.796962,4000,all,58
0.209809,0.263543,0.0,0.7961091738350098,0.2038908261649902,snapshot_59.xyz,16,4000,16.796962,4000,all,59
0.205613,0.262727,0.0,0.7826108470008792,0.21738915299912076,snapshot_60.xyz,16,4000,16.796962,4000,all,60
0.20897,0.259459,0.0,0.8054066345742487,0.19459336542575134,snapshot_61.xyz,16,4000,16.796962,4000,all,61
0.203511,0.261502,0.0,0.7782387897606902,0.22176121023930984,snapshot_62.xyz,16,4000,16.796962,4000,all,62
0.21692,0.262319,0.0,0.8269320941296665,0.1730679058703335,snapshot_63.xyz,16,4000,16.796962,4000,all,63
0.204772,0.255367,0.0,0.8018733822302804,0.19812661776971963,snapshot_64.xyz,16,4000,16.796962,4000,all,64
0.208551,0.258641,0.0,0.8063338759129449,0.19366612408705508,snapshot_65.xyz,16,4000,16.796962,4000,all,65
0.206453,0.260276,0.0,0.7932079792220565,0.20679202077794345,snapshot_66.xyz,16,4000,16.796962,4000,all,66
0.20897,0.265582,0.0,0.7868379634161954,0.21316203658380461,snapshot_67.xyz,16,4000,16.796962,4000,all,67
0.207712,0.25905,0.0,0.8018220420768192,0.19817795792318083,snapshot_68.xyz,16,4000,16.796962,4000,all,68
0.206453,0.257414,0.0,0.802027084773944,0.19797291522605598,snapshot_69.xyz,16,4000,16.796962,4000,all,69
0.206453,0.262319,0.0,0.7870302951749587,0.2129697048250413,snapshot_70.xyz,16,4000,16.796962,4000,all,70
0.209809,0.258641,0.0,0.811197760602534,0.188802239397466,snapshot_71.xyz,16,4000,16.796962,4000,all,71
0.20897,0.257823,0.0,0.810517292871466,0.189482707128534,snapshot_72.xyz,16,4000,16.796962,4000,all,72
0.208551,0.262319,0.0,0.7950281908668452,0.20497180913315483,snapshot_73.xyz,16,4000,16.796962,4000,all,73
0.211903,0.265582,0.0,0.7978816335444421,0.20211836645555792,snapshot_74.xyz,16,4000,16.796962,4000,all,74
0.206453,0.262319,0.0,0.7870302951749587,0.2129697048250413,snapshot_75.xyz,16,4000,16.796962,4000,all,75
0.208132,0.260685,0.0,0.7984042043078812,0.20159579569211883,snapshot_76.xyz,16,4000,16.796962,4000,all,76
0.207712,0.263951,0.0,0.7869339384961603,0.21306606150383967,snapshot_77.xyz,16,4000,16.796962,4000,all,77
0.207292,0.263543,0.0,0.7865585502176115,0.21344144978238855,snapshot_78.xyz,16,4000,16.796962,4000,all,78
0.204352,0.263951,0.0,0.7742043030714034,0.22579569692859658,snapshot_79.xyz,16,4000,16.796962,4000,all,79
0.204772,0.263543,0.0,0.7769965432585954,0.22300345674140465,snapshot_80.xyz,16,4000,16.796962,4000,all,80
0.211903,0.257005,0.0,0.8245092507927863,0.17549074920721375,snapshot_81.xyz,16,4000,16.796962,4000,all,81
0.215667,0.260685,0.0,0.827308820990851,0.172691179009149,snapshot_82.xyz,16,4000,16.796962,4000,all,82
0.210228,0.257823,0.0,0.8153966093017302,0.1846033906982698,snapshot_83.xyz,16,4000,16.796962,4000,all,83
0.211903,0.264359,0.0,0.8015728611471522,0.1984271388528478,snapshot_84.xyz,16,4000,16.796962,4000,all,84
0.207292,0.263135,0.0,0.7877781366978928,0.21222186330210724,snapshot_85.xyz,16,4000,16.796962,4000,all,85
0.205613,0.260685,0.0,0.7887412010664211,0.2112587989335789,snapshot_86.xyz,16,4000,16.796962,4000,all,86
0.207292,0.260685,0.0,0.7951819245449488,0.20481807545505115,snapshot_87.xyz,16,4000,16.796962,4000,all,87
0.206873,0.262727,0.0,0.7874066997301382,0.21259330026986178,snapshot_88.xyz,16,4000,16.796962,4000,all,88
0.213159,0.259459,0.0,0.8215517673312546,0.17844823266874543,snapshot_89.xyz,16,4000,16.796962,4000,all,89
0.202669,0.261502,0.0,0.7750189291095287,0.22498107089047126,snapshot_90.xyz,16,4000,16.796962,4000,all,90
0.209809,0.263135,0.0,0.7973435688904934,0.2026564311095066,snapshot_91.xyz,16,4000,16.796962,4000,all,91
0.212322,0.259868,0.0,0.8170378807702373,0.1829621192297627,snapshot_92.xyz,16,4000,16.796962,4000,all,92
0.21274,0.261093,0.0,0.8148054524632985,0.1851945475367015,snapshot_93.xyz,16,4000,16.796962,4000,all,93
0.214413,0.261093,0.0,0.8212131309533384,0.17878686904666163,snapshot_94.xyz,16,4000,16.796962,4000,all,94
0.207712,0.260685,0.0,0.7967930644264151,0.20320693557358493,snapshot_95.xyz,16,4000,16.796962,4000,all,95
0.207712,0.260685,0.0,0.7967930644264151,0.20320693557358493,snapshot_96.xyz,16,4000,16.796962,4000,all,96
0.211903,0.263135,0.0,0.8053014612271268,0.19469853877287324,snapshot_97.xyz,16,4000,16.796962,4000,all,97
0.206873,0.260685,0.0,0.7935746207108195,0.20642537928918048,snapshot_98.xyz,16,4000,16.796962,4000,all,98
0.209809,0.261502,0.0,0.8023227355813721,0.19767726441862787,snapshot_99.xyz,16,4000,16.796962,4000,all,99
0.206033,0.260276,0.0,0.791594307581183,0.208405692418817,snapshot_100.xyz,16,4000,16.796962,4000,all,100
0.213577,0.258641,0.0,0.8257662164931313,0.1742337835068687,snapshot_101.xyz,16,4000,16.796962,4000,all,101
0.211066,0.259868,0.0,0.8122046577493189,0.18779534225068106,snapshot_102.xyz,16,4000,16.796962,4000,all,102
0.20939,0.255367,0.0,0.8199571596956536,0.18004284030434636,snapshot_103.xyz,16,4000,16.796962,4000,all,103
0.206873,0.26191,0.0,0.7898629300141271,0.2101370699858729,snapshot_104.xyz,16,4000,16.796962,4000,all,104
0.215249,0.257414,0.0,0.8361977204037077,0.16380227959629234,snapshot_105.xyz,16,4000,16.796962,4000,all,105
0.215667,0.259459,0.0,0.8312180344486026,0.16878196555139735,snapshot_106.xyz,16,4000,16.796962,4000,all,106
0.21692,0.263135,0.0,0.8243677199916393,0.17563228000836073,snapshot_107.xyz,16,4000,16.796962,4000,all,107
0.21274,0.261502,0.0,0.8135310628599399,0.18646893714006008,snapshot_108.xyz,16,4000,16.796962,4000,all,108
0.216503,0.261502,0.0,0.8279210101643582,0.17207898983564185,snapshot_109.xyz,16,4000,16.796962,4000,all,109
0.218589,0.260276,0.0,0.8398354054926309,0.16016459450736908,snapshot_110.xyz,16,4000,16.796962,4000,all,110
0.21984,0.260276,0.0,0.8446418417372328,0.15535815826276722,snapshot_111.xyz,16,4000,16.796962,4000,all,111
0.213995,0.263543,0.0,0.8119927298391533,0.18800727016084673,snapshot_112.xyz,16,4000,16.796962,4000,all,112
0.221923,0.260685,0.0,0.8513071331300228,0.14869286686997718,snapshot_113.xyz,16,4000,16.796962,4000,all,113
0.217338,0.258232,0.0,0.841638526596239,0.15836147340376105,snapshot_114.xyz,16,4000,16.796962,4000,all,114
0.228159,0.265582,0.0,0.8590906010196475,0.14090939898035248,snapshot_115.xyz,16,4000,16.796962,4000,all,115
0.226498,0.263951,0.0,0.8581062394156491,0.14189376058435088,snapshot_116.xyz,16,4000,16.796962,4000,all,116
0.21984,0.261502,0.0,0.8406819068305404,0.15931809316945955,snapshot_117.xyz,16,4000,16.796962,4000,all,117
0.228574,0.26599,0.0,0.8593330576337456,0.14066694236625443,snapshot_118.xyz,16,4000,16.796962,4000,all,118
0.223172,0.260685,0.0,0.8560983562537162,0.14390164374628378,snapshot_119.xyz,16,4000,16.796962,4000,all,119
0.225667,0.26191,0.0,0.8616204039555574,0.1383795960444426,snapshot_120.xyz,16,4000,16.796962,4000,all,120
0.224004,0.263543,0.0,0.849971351923595,0.15002864807640504,snapshot_121.xyz,16,4000,16.796962,4000,all,121
0.225667,0.263135,0.0,0.8576092120014441,0.14239078799855587,snapshot_122.xyz,16,4000,16.796962,4000,all,122
0.22234,0.26191,0.0,0.8489175671032035,0.15108243289679646,snapshot_123.xyz,16,4000,16.796962,4000,all,123
0.231891,0.267619,0.0,0.8664967733980025,0.13350322660199754,snapshot_124.xyz,16,4000,16.796962,4000,all,124
0.228574,0.265582,0.0,0.8606532069191437,0.1393467930808563,snapshot_125.xyz,16,4000,16.796962,4000,all,125
0.226083,0.264359,0.0,0.8552120412015479,0.14478795879845208,snapshot_126.xyz,16,4000,16.796962,4000,all,126
0.233547,0.270468,0.0,0.8634921691290652,0.13650783087093477,snapshot_127.xyz,16,4000,16.796962,4000,all,127
0.226083,0.263543,0.0,0.8578600076647833,0.14213999233521668,snapshot_128.xyz,16,4000,16.796962,4000,all,128
0.22234,0.257823,0.0,0.8623745748051957,0.13762542519480425,snapshot_129.xyz,16,4000,16.796962,4000,all,129
0.230233,0.256596,0.0,0.8972587257790456,0.10274127422095436,snapshot_130.xyz,16,4000,16.796962,4000,all,130
0.231891,0.266805,0.0,0.8691403834260977,0.13085961657390233,snapshot_131.xyz,16,4000,16.796962,4000,all,131
0.233547,0.263951,0.0,0.884811953733837,0.11518804626616297,snapshot_132.xyz,16,4000,16.796962,4000,all,132
0.230233,0.261502,0.0,0.8804253887159562,0.11957461128404379,snapshot_133.xyz,16,4000,16.796962,4000,all,133
0.228574,0.262319,0.0,0.8713589179586686,0.1286410820413314,snapshot_134.xyz,16,4000,16.796962,4000,all,134
0.226083,0.262727,0.0,0.8605244226897122,0.1394755773102878,snapshot_135.xyz,16,4000,16.796962,4000,all,135
0.228159,0.259868,0.0,0.8779803592593163,0.12201964074068372,snapshot_136.xyz,16,4000,16.796962,4000,all,136
0.228574,0.263951,0.0,0.8659713355888025,0.13402866441119754,snapshot_137.xyz,16,4000,16.796962,4000,all,137
0.225252,0.260685,0.0,0.8640773347143104,0.13592266528568964,snapshot_138.xyz,16,4000,16.796962,4000,all,138
0.229819,0.261093,0.0,0.8802189258233656,0.11978107417663442,snapshot_139.xyz,16,4000,16.796962,4000,all,139
0.227329,0.260685,0.0,0.8720448050328942,0.12795519496710583,snapshot_140.xyz,16,4000,16.796962,4000,all,140
0.227329,0.263135,0.0,0.863925361506451,0.13607463849354895,snapshot_141.xyz,16,4000,16.796962,4000,all,141
0.229819,0.26191,0.0,0.8774731778091711,0.12252682219082889,snapshot_142.xyz,16,4000,16.796962,4000,all,142
0.230233,0.26599,0.0,0.8655701342155719,0.13442986578442806,snapshot_143.xyz,16,4000,16.796962,4000,all,143
0.231477,0.26191,0.0,0.8838035966553397,0.1161964033446603,snapshot_144.xyz,16,4000,16.796962,4000,all,144
0.229819,0.259459,0.0,0.8857622977040689,0.11423770229593111,snapshot_145.xyz,16,4000,16.796962,4000,all,145
0.225252,0.260685,0.0,0.8640773347143104,0.13592266528568964,snapshot_146.xyz,16,4000,16.796962,4000,all,146
0.227744,0.26191,0.0,0.8695506089878203,0.13044939101217967,snapshot_147.xyz,16,4000,16.796962,4000,all,147
0.231477,0.263135,0.0,0.879689132954567,0.12031086704543303,snapshot_148.xyz,16,4000,16.796962,4000,all,148
0.229819,0.264359,0.0,0.8693443385698992,0.13065566143010077,snapshot_149.xyz,16,4000,16.796962,4000,all,149
0.226083,0.26191,0.0,0.8632087358252836,0.13679126417471643,snapshot_150.xyz,16,4000,16.796962,4000,all,150
0.226498,0.258641,0.0,0.8757234931816688,0.12427650681833124,snapshot_151.xyz,16,4000,16.796962,4000,all,151
0.226083,0.264767,0.0,0.853894178655195,0.146105821344805,snapshot_152.xyz,16,4000,16.796962,4000,all,152
0.233133,0.267212,0.0,0.8724645599748514,0.1275354400251486,snapshot_153.xyz,16,4000,16.796962,4000,all,153
0.231477,0.266805,0.0,0.867588688367909,0.13241131163209097,snapshot_154.xyz,16,4000,16.796962,4000,all,154
0.226498,0.264767,0.0,0.8554615945340621,0.14453840546593788,snapshot_155.xyz,16,4000,16.796962,4000,all,155
0.230233,0.262727,0.0,0.876320286837668,0.12367971316233195,snapshot_156.xyz,16,4000,16.796962,4000,all,156
0.226914,0.262727,0.0,0.8636874017516282,0.13631259824837183,snapshot_157.xyz,16,4000,16.796962,4000,all,157
0.225252,0.261502,0.0,0.861377733248694,0.13862226675130596,snapshot_158.xyz,16,4000,16.796962,4000,all,158
0.231477,0.265582,0.0,0.871583917584776,0.12841608241522395,snapshot_159.xyz,16,4000,16.796962,4000,all,159
0.231477,0.267212,0.0,0.8662672335074771,0.13373276649252286,snapshot_160.xyz,16,4000,16.796962,4000,all,160
0.223588,0.261502,0.0,0.8550144931969927,0.14498550680300726,snapshot_161.xyz,16,4000,16.796962,4000,all,161
0.227744,0.262727,0.0,0.8668465745812194,0.1331534254187806,snapshot_162.xyz,16,4000,16.796962,4000,all,162
0.231062,0.262319,0.0,0.8808435530785035,0.11915644692149652,snapshot_163.xyz,16,4000,16.796962,4000,all,163
0.229404,0.262727,0.0,0.8731649202404017,0.1268350797595983,snapshot_164.xyz,16,4000,16.796962,4000,all,164
0.231062,0.265174,0.0,0.8713599372487497,0.12864006275125028,snapshot_165.xyz,16,4000,16.796962,4000,all,165
0.233133,0.264767,0.0,0.8805213640672743,0.11947863593272567,snapshot_166.xyz,16,4000,16.796962,4000,all,166
0.230648,0.263543,0.0,0.8751816591599851,0.12481834084001486,snapshot_167.xyz,16,4000,16.796962,4000,all,167
0.229404,0.264359,0.0,0.8677745036106204,0.13222549638937964,snapshot_168.xyz,16,4000,16.796962,4000,all,168
0.226914,0.263951,0.0,0.8596822895158571,0.14031771048414288,snapshot_169.xyz,16,4000,16.796962,4000,all,169
0.234375,0.266397,0.0,0.8797959436480141,0.12020405635198594,snapshot_170.xyz,16,4000,16.796962,4000,all,170
0.235616,0.264359,0.0,0.8912728524468619,0.10872714755313806,snapshot_171.xyz,16,4000,16.796962,4000,all,171
0.233133,0.266805,0.0,0.8737954686006634,0.12620453139933663,snapshot_172.xyz,16,4000,16.796962,4000,all,172
0.229404,0.263135,0.0,0.8718110475611378,0.1281889524388622,snapshot_173.xyz,16,4000,16.796962,4000,all,173
0.229404,0.260685,0.0,0.8800046032568042,0.11999539674319581,snapshot_174.xyz,16,4000,16.796962,4000,all,174
0.231891,0.258641,0.0,0.8965747889932377,0.10342521100676227,snapshot_175.xyz,16,4000,16.796962,4000,all,175
0.228159,0.259459,0.0,0.879364369707738,0.12063563029226199,snapshot_176.xyz,16,4000,16.796962,4000,all,176
0.230648,0.263135,0.0,0.876538658863321,0.12346134113667895,snapshot_177.xyz,16,4000,16.796962,4000,all,177
0.227744,0.263951,0.0,0.8628268125523298,0.13717318744767015,snapshot_178.xyz,16,4000,16.796962,4000,all,178
0.225667,0.26191,0.0,0.8616204039555574,0.1383795960444426,snapshot_179.xyz,16,4000,16.796962,4000,all,179
0.226498,0.258641,0.0,0.8757234931816688,0.12427650681833124,snapshot_180.xyz,16,4000,16.796962,4000,all,180
0.230648,0.260685,0.0,0.8847766461438134,0.11522335385618665,snapshot_181.xyz,16,4000,16.796962,4000,all,181
0.227329,0.263543,0.0,0.862587888883408,0.13741211111659202,snapshot_182.xyz,16,4000,16.796962,4000,all,182
0.226083,0.259459,0.0,0.8713631055388328,0.12863689446116722,snapshot_183.xyz,16,4000,16.796962,4000,all,183
0.227744,0.260685,0.0,0.8736367646776761,0.12636323532232385,snapshot_184.xyz,16,4000,16.796962,4000,all,184
0.233547,0.263951,0.0,0.884811953733837,0.11518804626616297,snapshot_185.xyz,16,4000,16.796962,4000,all,185
0.232719,0.267619,0.0,0.8695907241264634,0.13040927587353657,snapshot_186.xyz,16,4000,16.796962,4000,all,186
0.229404,0.262319,0.0,0.8745230044335331,0.12547699556646685,snapshot_187.xyz,16,4000,16.796962,4000,all,187
0.228989,0.266805,0.0,0.8582635257959933,0.1417364742040067,snapshot_188.xyz,16,4000,16.796962,4000,all,188
0.232719,0.263951,0.0,0.8816750078613077,0.1183249921386923,snapshot_189.xyz,16,4000,16.796962,4000,all,189
0.229404,0.262319,0.0,0.8745230044335331,0.12547699556646685,snapshot_190.xyz,16,4000,16.796962,4000,all,190
0.223172,0.259868,0.0,0.8587898471531702,0.1412101528468298,snapshot_191.xyz,16,4000,16.796962,4000,all,191
0.228989,0.260685,0.0,0.8784126436120222,0.1215873563879778,snapshot_192.xyz,16,4000,16.796962,4000,all,192
0.228574,0.261502,0.0,0.8740812689769103,0.1259187310230897,snapshot_193.xyz,16,4000,16.796962,4000,all,193
0.230648,0.26599,0.0,0.8671303432459867,0.1328696567540133,snapshot_194.xyz,16,4000,16.796962,4000,all,194
0.227744,0.266805,0.0,0.8535971964543393,0.1464028035456607,snapshot_195.xyz,16,4000,16.796962,4000,all,195
0.233547,0.266397,0.0,0.8766878005382944,0.12331219946170557,snapshot_196.xyz,16,4000,16.796962,4000,all,196
0.226914,0.262319,0.0,0.8650307450089394,0.1349692549910606,snapshot_197.xyz,16,4000,16.796962,4000,all,197
0.230233,0.263135,0.0,0.8749615216523837,0.12503847834761628,snapshot_198.xyz,16,4000,16.796962,4000,all,198
0.231062,0.26191,0.0,0.8822190828910695,0.11778091710893046,snapshot_199.xyz,16,4000,16.796962,4000,all,199
0.230648,0.260276,0.0,0.8861669919623784,0.11383300803762164,snapshot_200.xyz,16,4000,16.796962,4000,all,200
0.233133,0.26191,0.0,0.8901263792905961,0.10987362070940387,snapshot_201.xyz,16,4000,16.796962,4000,all,201
0.225252,0.263135,0.0,0.8560320747905068,0.1439679252094932,snapshot_202.xyz,16,4000,16.796962,4000,all,202
0.228159,0.260276,0.0,0.876604066452535,0.12339593354746503,snapshot_203.xyz,16,4000,16.796962,4000,all,203
0.232719,0.263543,0.0,0.8830399593235259,0.11696004067647414,snapshot_204.xyz,16,4000,16.796962,4000,all,204
0.231477,0.264767,0.0,0.8742668081747348,0.1257331918252652,snapshot_205.xyz,16,4000,16.796962,4000,all,205
0.233547,0.268434,0.0,0.8700350924249536,0.12996490757504642,snapshot_206.xyz,16,4000,16.796962,4000,all,206
0.229819,0.263543,0.0,0.8720360624262453,0.12796393757375468,snapshot_207.xyz,16,4000,16.796962,4000,all,207
0.231477,0.262319,0.0,0.8824255963159359,0.11757440368406413,snapshot_208.xyz,16,4000,16.796962,4000,all,208
0.229404,0.265174,0.0,0.8651074388891821,0.13489256111081793,snapshot_209.xyz,16,4000,16.796962,4000,all,209
0.231477,0.264767,0.0,0.8742668081747348,0.1257331918252652,snapshot_210.xyz,16,4000,16.796962,4000,all,210
0.225667,0.261502,0.0,0.8629647191990883,0.13703528080091165,snapshot_211.xyz,16,4000,16.796962,4000,all,211
0.234789,0.26599,0.0,0.8826985976916425,0.1173014023083575,snapshot_212.xyz,16,4000,16.796962,4000,all,212
0.231891,0.263543,0.0,0.879898157036992,0.12010184296300797,snapshot_213.xyz,16,4000,16.796962,4000,all,213
0.229404,0.261093,0.0,0.8786294538727579,0.12137054612724207,snapshot_214.xyz,16,4000,16.796962,4000,all,214
0.227329,0.261093,0.0,0.8706820941197198,0.12931790588028025,snapshot_215.xyz,16,4000,16.796962,4000,all,215
0.228989,0.259868,0.0,0.8811742884849232,0.11882571151507682,snapshot_216.xyz,16,4000,16.796962,4000,all,216
0.229819,0.269248,0.0,0.8535588008081769,0.14644119919182308,snapshot_217.xyz,16,4000,16.796962,4000,all,217
0.229404,0.263951,0.0,0.8691158586252752,0.13088414137472482,snapshot_218.xyz,16,4000,16.796962,4000,all,218
0.228989,0.262319,0.0,0.8729409611961009,0.12705903880389913,snapshot_219.xyz,16,4000,16.796962,4000,all,219
0.229404,0.26599,0.0,0.862453475694575,0.13754652430542502,snapshot_220.xyz,16,4000,16.796962,4000,all,220
0.228159,0.262319,0.0,0.8697768747212363,0.13022312527876367,snapshot_221.xyz,16,4000,16.796962,4000,all,221
0.230233,0.262319,0.0,0.8776832787560184,0.12231672124398163,snapshot_222.xyz,16,4000,16.796962,4000,all,222
0.233547,0.264359,0.0,0.8834463740595175,0.11655362594048246,snapshot_223.xyz,16,4000,16.796962,4000,all,223
0.228989,0.264359,0.0,0.8662046686513415,0.1337953313486585,snapshot_224.xyz,16,4000,16.796962,4000,all,224
0.233547,0.25905,0.0,0.9015518239722061,0.09844817602779388,snapshot_225.xyz,16,4000,16.796962,4000,all,225
0.225667,0.263951,0.0,0.8549579277972048,0.1450420722027952,snapshot_226.xyz,16,4000,16.796962,4000,all,226
0.231891,0.261093,0.0,0.8881547954177247,0.11184520458227531,snapshot_227.xyz,16,4000,16.796962,4000,all,227
0.231062,0.264359,0.0,0.8740462779780525,0.12595372202194755,snapshot_228.xyz,16,4000,16.796962,4000,all,228
0.226498,0.262727,0.0,0.8621040091045078,0.1378959908954922,snapshot_229.xyz,16,4000,16.796962,4000,all,229
0.235616,0.266805,0.0,0.8831018908940986,0.11689810910590137,snapshot_230.xyz,16,4000,16.796962,4000,all,230
0.233961,0.262319,0.0,0.8918949828262535,0.10810501717374654,snapshot_231.xyz,16,4000,16.796962,4000,all,231
0.234375,0.261502,0.0,0.8962646557196503,0.1037353442803497,snapshot_232.xyz,16,4000,16.796962,4000,all,232
0.228989,0.261093,0.0,0.8770399819221503,0.12296001807784973,snapshot_233.xyz,16,4000,16.796962,4000,all,233
0.232305,0.261093,0.0,0.8897404373154393,0.11025956268456072,snapshot_234.xyz,16,4000,16.796962,4000,all,234
0.230233,0.261502,0.0,0.8804253887159562,0.11957461128404379,snapshot_235.xyz,16,4000,16.796962,4000,all,235
0.229404,0.263543,0.0,0.8704613668357725,0.12953863316422753,snapshot_236.xyz,16,4000,16.796962,4000,all,236
0.231062,0.266397,0.0,0.867359617413109,0.13264038258689104,snapshot_237.xyz,16,4000,16.796962,4000,all,237
0.233133,0.263543,0.0,0.8846108604667928,0.11538913953320717,snapshot_238.xyz,16,4000,16.796962,4000,all,238
0.233547,0.263951,0.0,0.884811953733837,0.11518804626616297,snapshot_239.xyz,16,4000,16.796962,4000,all,239
0.229819,0.261093,0.0,0.8802189258233656,0.11978107417663442,snapshot_240.xyz,16,4000,16.796962,4000,all,240
0.230648,0.259459,0.0,0.8889574075287425,0.11104259247125747,snapshot_241.xyz,16,4000,16.796962,4000,all,241
0.229404,0.266805,0.0,0.859818968909878,0.14018103109012203,snapshot_242.xyz,16,4000,16.796962,4000,all,242
0.231477,0.268434,0.0,0.8623236996803683,0.13767630031963174,snapshot_243.xyz,16,4000,16.796962,4000,all,243
0.233133,0.262319,0.0,0.8887385206561476,0.11126147934385244,snapshot_244.xyz,16,4000,16.796962,4000,all,244
0.233547,0.263951,0.0,0.884811953733837,0.11518804626616297,snapshot_245.xyz,16,4000,16.796962,4000,all,245
0.231062,0.264359,0.0,0.8740462779780525,0.12595372202194755,snapshot_246.xyz,16,4000,16.796962,4000,all,246
0.234789,0.259459,0.0,0.9049175399581437,0.09508246004185628,snapshot_247.xyz,16,4000,16.796962,4000,all,247
0.233547,0.264767,0.0,0.8820850030404093,0.11791499695959073,snapshot_248.xyz,16,4000,16.796962,4000,all,248
0.230648,0.263135,0.0,0.876538658863321,0.12346134113667895,snapshot_249.xyz,16,4000,16.796962,4000,all,249
0.229819,0.259459,0.0,0.8857622977040689,0.11423770229593111,snapshot_250.xyz,16,4000,16.796962,4000,all,250
0.232305,0.261093,0.0,0.8897404373154393,0.11025956268456072,snapshot_251.xyz,16,4000,16.796962,4000,all,251
0.231477,0.262319,0.0,0.8824255963159359,0.11757440368406413,snapshot_252.xyz,16,4000,16.796962,4000,all,252
0.232305,0.261502,0.0,0.8883488462803344,0.11165115371966561,snapshot_253.xyz,16,4000,16.796962,4000,all,253
0.231477,0.264767,0.0,0.8742668081747348,0.1257331918252652,snapshot_254.xyz,16,4000,16.796962,4000,all,254
0.235202,0.265174,0.0,0.886972327603762,0.11302767239623801,snapshot_255.xyz,16,4000,16.796962,4000,all,255
0.232719,0.261502,0.0,0.8899320081681975,0.11006799183180249,snapshot_256.xyz,16,4000,16.796962,4000,all,256
0.234789,0.266397,0.0,0.8813500152028739,0.11864998479712607,snapshot_257.xyz,16,4000,16.796962,4000,all,257
0.231891,0.262319,0.0,0.8840038274009888,0.11599617259901118,snapshot_258.xyz,16,4000,16.796962,4000,all,258
0.230648,0.262319,0.0,0.8792653219934506,0.12073467800654936,snapshot_259.xyz,16,4000,16.796962,4000,all,259
0.231477,0.260276,0.0,0.8893520724154359,0.1106479275845641,snapshot_260.xyz,16,4000,16.796962,4000,all,260
0.232305,0.266397,0.0,0.8720255858737148,0.12797441412628519,snapshot_261.xyz,16,4000,16.796962,4000,all,261
0.233961,0.259459,0.0,0.9017262843069618,0.09827371569303822,snapshot_262.xyz,16,4000,16.796962,4000,all,262
0.229404,0.261093,0.0,0.8786294538727579,0.12137054612724207,snapshot_263.xyz,16,4000,16.796962,4000,all,263
0.230648,0.259868,0.0,0.8875582988286361,0.11244170117136387,snapshot_264.xyz,16,4000,16.796962,4000,all,264
0.232719,0.263951,0.0,0.8816750078613077,0.1183249921386923,snapshot_265.xyz,16,4000,16.796962,4000,all,265
0.229404,0.261093,0.0,0.8786294538727579,0.12137054612724207,snapshot_266.xyz,16,4000,16.796962,4000,all,266
0.229819,0.262319,0.0,0.8761050476709654,0.12389495232903458,snapshot_267.xyz,16,4000,16.796962,4000,all,267
0.231062,0.265582,0.0,0.8700213116852799,0.12997868831472015,snapshot_268.xyz,16,4000,16.796962,4000,all,268
0.230648,0.262727,0.0,0.8778998732524635,0.12210012674753645,snapshot_269.xyz,16,4000,16.796962,4000,all,269
0.231062,0.260685,0.0,0.8863647697412586,0.11363523025874145,snapshot_270.xyz,16,4000,16.796962,4000,all,270
0.231062,0.259868,0.0,0.8891514153339388,0.11084858466606118,snapshot_271.xyz,16,4000,16.796962,4000,all,271
0.229819,0.263135,0.0,0.8733881847720751,0.12661181522792486,snapshot_272.xyz,16,4000,16.796962,4000,all,272
0.236029,0.267212,0.0,0.883302396598955,0.11669760340104496,snapshot_273.xyz,16,4000,16.796962,4000,all,273
0.227744,0.262319,0.0,0.868194831483804,0.13180516851619595,snapshot_274.xyz,16,4000,16.796962,4000,all,274
0.235202,0.264359,0.0,0.8897068002224248,0.11029319977757523,snapshot_275.xyz,16,4000,16.796962,4000,all,275
0.231891,0.260685,0.0,0.8895448529834858,0.11045514701651415,snapshot_276.xyz,16,4000,16.796962,4000,all,276
0.231891,0.262319,0.0,0.8840038274009888,0.11599617259901118,snapshot_277.xyz,16,4000,16.796962,4000,all,277
0.233547,0.260685,0.0,0.8958973473732667,0.10410265262673335,snapshot_278.xyz,16,4000,16.796962,4000,all,278
0.234789,0.267619,0.0,0.8773256009476158,0.1226743990523842,snapshot_279.xyz,16,4000,16.796962,4000,all,279
0.233133,0.260685,0.0,0.8943092237758214,0.10569077622417855,snapshot_280.xyz,16,4000,16.796962,4000,all,280
0.232305,0.264359,0.0,0.8787482173862059,0.1212517826137941,snapshot_281.xyz,16,4000,16.796962,4000,all,281
0.229404,0.258232,0.0,0.8883639517952848,0.11163604820471518,snapshot_282.xyz,16,4000,16.796962,4000,all,282
0.233961,0.263951,0.0,0.8863804266701016,0.11361957332989836,snapshot_283.xyz,16,4000,16.796962,4000,all,283
0.235202,0.264767,0.0,0.8883357820272164,0.11166421797278359,snapshot_284.xyz,16,4000,16.796962,4000,all,284
0.233547,0.263951,0.0,0.884811953733837,0.11518804626616297,snapshot_285.xyz,16,4000,16.796962,4000,all,285
0.228574,0.263135,0.0,0.868656773139263,0.13134322686073696,snapshot_286.xyz,16,4000,16.796962,4000,all,286
0.232719,0.262727,0.0,0.8857825803971423,0.1142174196028577,snapshot_287.xyz,16,4000,16.796962,4000,all,287
0.233133,0.264767,0.0,0.8805213640672743,0.11947863593272567,snapshot_288.xyz,16,4000,16.796962,4000,all,288
0.233961,0.26191,0.0,0.8932877706082243,0.10671222939177571,snapshot_289.xyz,16,4000,16.796962,4000,all,289
0.231891,0.262319,0.0,0.8840038274009888,0.11599617259901118,snapshot_290.xyz,16,4000,16.796962,4000,all,290
0.236443,0.26191,0.0,0.9027643083501966,0.09723569164980339,snapshot_291.xyz,16,4000,16.796962,4000,all,291
0.231477,0.26191,0.0,0.8838035966553397,0.1161964033446603,snapshot_292.xyz,16,4000,16.796962,4000,all,292
0.233547,0.266397,0.0,0.8766878005382944,0.12331219946170557,snapshot_293.xyz,16,4000,16.796962,4000,all,293
0.232719,0.260685,0.0,0.8927211001783762,0.10727889982162375,snapshot_294.xyz,16,4000,16.796962,4000,all,294
0.233547,0.264767,0.0,0.8820850030404093,0.11791499695959073,snapshot_295.xyz,16,4000,16.796962,4000,all,295
0.233133,0.261093,0.0,0.8929117211108685,0.10708827888913153,snapshot_296.xyz,16,4000,16.796962,4000,all,296
0.230233,0.261093,0.0,0.8818045677210802,0.11819543227891982,snapshot_297.xyz,16,4000,16.796962,4000,all,297
0.233547,0.261093,0.0,0.8944973630085831,0.10550263699141693,snapshot_298.xyz,16,4000,16.796962,4000,all,298
0.228159,0.263135,0.0,0.8670796359283257,0.1329203640716743,snapshot_299.xyz,16,4000,16.796962,4000,all,299
0.232305,0.258232,0.0,0.8995980358747173,0.10040196412528268,snapshot_300.xyz,16,4000,16.796962,4000,all,300
0.231891,0.260685,0.0,0.8895448529834858,0.11045514701651415,snapshot_301.xyz,16,4000,16.796962,4000,all,301
0.233547,0.263135,0.0,0.88755581735611,0.11244418264389,snapshot_302.xyz,16,4000,16.796962,4000,all,302
0.232305,0.260685,0.0,0.891132976580931,0.10886702341906895,snapshot_303.xyz,16,4000,16.796962,4000,all,303
0.234375,0.264767,0.0,0.8852122809866789,0.11478771901332108,snapshot_304.xyz,16,4000,16.796962,4000,all,304
0.231891,0.261502,0.0,0.8867656843924712,0.11323431560752883,snapshot_305.xyz,16,4000,16.796962,4000,all,305
0.239334,0.267212,0.0,0.8956708531053994,0.1043291468946006,snapshot_306.xyz,16,4000,16.796962,4000,all,306
0.232719,0.259459,0.0,0.896939400830189,0.10306059916981103,snapshot_307.xyz,16,4000,16.796962,4000,all,307
0.231477,0.260276,0.0,0.8893520724154359,0.1106479275845641,snapshot_308.xyz,16,4000,16.796962,4000,all,308
0.233133,0.263543,0.0,0.8846108604667928,0.11538913953320717,snapshot_309.xyz,16,4000,16.796962,4000,all,309
0.236029,0.263951,0.0,0.8942152141874817,0.10578478581251827,snapshot_310.xyz,16,4000,16.796962,4000,all,310
0.233547,0.262319,0.0,0.8903167517412005,0.10968324825879949,snapshot_311.xyz,16,4000,16.796962,4000,all,311
0.238508,0.264359,0.0,0.9022125216088728,0.09778747839112722,snapshot_312.xyz,16,4000,16.796962,4000,all,312
0.236856,0.268434,0.0,0.8823621448847762,0.11763785511522384,snapshot_313.xyz,16,4000,16.796962,4000,all,313
0.235616,0.263543,0.0,0.8940324728791885,0.10596752712081148,snapshot_314.xyz,16,4000,16.796962,4000,all,314
0.231891,0.261502,0.0,0.8867656843924712,0.11323431560752883,snapshot_315.xyz,16,4000,16.796962,4000,all,315
0.239746,0.265582,0.0,0.9027193107966655,0.09728068920333455,snapshot_316.xyz,16,4000,16.796962,4000,all,316
0.235616,0.26191,0.0,0.8996067351380246,0.10039326486197542,snapshot_317.xyz,16,4000,16.796962,4000,all,317
0.233133,0.260276,0.0,0.8957145491708801,0.10428545082911989,snapshot_318.xyz,16,4000,16.796962,4000,all,318
0.233961,0.262319,0.0,0.8918949828262535,0.10810501717374654,snapshot_319.xyz,16,4000,16.796962,4000,all,319
0.233547,0.261093,0.0,0.8944973630085831,0.10550263699141693,snapshot_320.xyz,16,4000,16.796962,4000,all,320
0.232719,0.262727,0.0,0.8857825803971423,0.1142174196028577,snapshot_321.xyz,16,4000,16.796962,4000,all,321
0.234375,0.261093,0.0,0.8976686468040123,0.10233135319598774,snapshot_322.xyz,16,4000,16.796962,4000,all,322
0.231062,0.260276,0.0,0.8877576111512394,0.11224238884876059,snapshot_323.xyz,16,4000,16.796962,4000,all,323
0.231477,0.260276,0.0,0.8893520724154359,0.1106479275845641,snapshot_324.xyz,16,4000,16.796962,4000,all,324
0.230648,0.260276,0.0,0.8861669919623784,0.11383300803762164,snapshot_325.xyz,16,4000,16.796962,4000,all,325
0.232719,0.260685,0.0,0.8927211001783762,0.10727889982162375,snapshot_326.xyz,16,4000,16.796962,4000,all,326
0.236029,0.263543,0.0,0.8955995795752495,0.1044004204247505,snapshot_327.xyz,16,4000,16.796962,4000,all,327
0.228989,0.258641,0.0,0.8853546034851396,0.11464539651486039,snapshot_328.xyz,16,4000,16.796962,4000,all,328
0.231891,0.259459,0.0,0.8937481451790071,0.10625185482099286,snapshot_329.xyz,16,4000,16.796962,4000,all,329
0.233133,0.262319,0.0,0.8887385206561476,0.11126147934385244,snapshot_330.xyz,16,4000,16.796962,4000,all,330
0.233961,0.260276,0.0,0.8988957875486022,0.10110421245139778,snapshot_331.xyz,16,4000,16.796962,4000,all,331
0.237682,0.262319,0.0,0.9060800018298331,0.09391999817016694,snapshot_332.xyz,16,4000,16.796962,4000,all,332
0.233961,0.25905,0.0,0.9031499710480603,0.09685002895193973,snapshot_333.xyz,16,4000,16.796962,4000,all,333
0.238095,0.262319,0.0,0.9076544207625067,0.09234557923749331,snapshot_334.xyz,16,4000,16.796962,4000,all,334
0.236029,0.264767,0.0,0.8914592830677539,0.1085407169322461,snapshot_335.xyz,16,4000,16.796962,4000,all,335
0.228989,0.258641,0.0,0.8853546034851396,0.11464539651486039,snapshot_336.xyz,16,4000,16.796962,4000,all,336
0.234789,0.260276,0.0,0.9020770259263243,0.09792297407367567,snapshot_337.xyz,16,4000,16.796962,4000,all,337
0.237269,0.259868,0.0,0.9130366185909771,0.08696338140902293,snapshot_338.xyz,16,4000,16.796962,4000,all,338
0.234375,0.263543,0.0,0.8893235638965936,0.11067643610340638,snapshot_339.xyz,16,4000,16.796962,4000,all,339
0.238095,0.260276,0.0,0.9147789269852004,0.08522107301479964,snapshot_340.xyz,16,4000,16.796962,4000,all,340
0.233133,0.261093,0.0,0.8929117211108685,0.10708827888913153,snapshot_341.xyz,16,4000,16.796962,4000,all,341
0.236856,0.261502,0.0,0.9057521548592362,0.09424784514076379,snapshot_342.xyz,16,4000,16.796962,4000,all,342
0.236029,0.262319,0.0,0.8997785139467593,0.10022148605324066,snapshot_343.xyz,16,4000,16.796962,4000,all,343
0.231062,0.26191,0.0,0.8822190828910695,0.11778091710893046,snapshot_344.xyz,16,4000,16.796962,4000,all,344
0.235616,0.264359,0.0,0.8912728524468619,0.10872714755313806,snapshot_345.xyz,16,4000,16.796962,4000,all,345
0.236443,0.263135,0.0,0.8985615748570125,0.10143842514298751,snapshot_346.xyz,16,4000,16.796962,4000,all,346
0.236029,0.260685,0.0,0.9054184168632641,0.09458158313673592,snapshot_347.xyz,16,4000,16.796962,4000,all,347
0.236029,0.263135,0.0,0.8969882379767039,0.1030117620232961,snapshot_348.xyz,16,4000,16.796962,4000,all,348
0.238095,0.265582,0.0,0.8965027750374649,0.1034972249625351,snapshot_349.xyz,16,4000,16.796962,4000,all,349
0.233547,0.263543,0.0,0.8861817616100598,0.11381823838994021,snapshot_350.xyz,16,4000,16.796962,4000,all,350
0.233547,0.26191,0.0,0.8917070749494102,0.10829292505058985,snapshot_351.xyz,16,4000,16.796962,4000,all,351
0.234789,0.258641,0.0,0.9077795090492227,0.09222049095077733,snapshot_352.xyz,16,4000,16.796962,4000,all,352
0.237269,0.261502,0.0,0.9073314926845684,0.09266850731543164,snapshot_353.xyz,16,4000,16.796962,4000,all,353
0.235616,0.260685,0.0,0.9038341293131557,0.09616587068684435,snapshot_354.xyz,16,4000,16.796962,4000,all,354
0.234375,0.260685,0.0,0.8990735945681569,0.10092640543184306,snapshot_355.xyz,16,4000,16.796962,4000,all,355
0.236029,0.264359,0.0,0.8928351219364575,0.10716487806354247,snapshot_356.xyz,16,4000,16.796962,4000,all,356
0.238095,0.265174,0.0,0.8978821453083635,0.10211785469163648,snapshot_357.xyz,16,4000,16.796962,4000,all,357
0.238095,0.258641,0.0,0.92056170522075,0.07943829477925002,snapshot_358.xyz,16,4000,16.796962,4000,all,358
0.240571,0.262727,0.0,0.9156691166115398,0.08433088338846018,snapshot_359.xyz,16,4000,16.796962,4000,all,359
0.240571,0.26599,0.0,0.9044362570021429,0.09556374299785708,snapshot_360.xyz,16,4000,16.796962,4000,all,360
0.238508,0.263543,0.0,0.9050060141988213,0.09499398580117868,snapshot_361.xyz,16,4000,16.796962,4000,all,361
0.227329,0.262319,0.0,0.8666127882463717,0.13338721175362833,snapshot_362.xyz,16,4000,16.796962,4000,all,362
0.235202,0.26191,0.0,0.8980260394792104,0.10197396052078955,snapshot_363.xyz,16,4000,16.796962,4000,all,363
0.234789,0.258232,0.0,0.9092172929768579,0.09078270702314206,snapshot_364.xyz,16,4000,16.796962,4000,all,364
0.233547,0.259459,0.0,0.9001306564813709,0.09986934351862908,snapshot_365.xyz,16,4000,16.796962,4000,all,365
0.233961,0.26191,0.0,0.8932877706082243,0.10671222939177571,snapshot_366.xyz,16,4000,16.796962,4000,all,366
0.239334,0.260685,0.0,0.9180965533114678,0.08190344668853222,snapshot_367.xyz,16,4000,16.796962,4000,all,367
0.236443,0.257823,0.0,0.9170748924649855,0.08292510753501448,snapshot_368.xyz,16,4000,16.796962,4000,all,368
0.232305,0.262319,0.0,0.8855820584860418,0.11441794151395823,snapshot_369.xyz,16,4000,16.796962,4000,all,369
0.232305,0.263135,0.0,0.8828358067151842,0.11716419328481575,snapshot_370.xyz,16,4000,16.796962,4000,all,370
0.237682,0.26191,0.0,0.9074949410102708,0.09250505898972916,snapshot_371.xyz,16,4000,16.796962,4000,all,371
0.236443,0.26191,0.0,0.9027643083501966,0.09723569164980339,snapshot_372.xyz,16,4000,16.796962,4000,all,372
0.243045,0.260685,0.0,0.9323321249784223,0.06766787502157767,snapshot_373.xyz,16,4000,16.796962,4000,all,373
0.237269,0.262727,0.0,0.9031009374750216,0.09689906252497837,snapshot_374.xyz,16,4000,16.796962,4000,all,374
0.232719,0.262727,0.0,0.8857825803971423,0.1142174196028577,snapshot_375.xyz,16,4000,16.796962,4000,all,375
0.231891,0.263135,0.0,0.8812624698348757,0.11873753016512434,snapshot_376.xyz,16,4000,16.796962,4000,all,376
0.238095,0.25905,0.0,0.9191082802547771,0.08089171974522291,snapshot_377.xyz,16,4000,16.796962,4000,all,377
0.235616,0.263543,0.0,0.8940324728791885,0.10596752712081148,snapshot_378.xyz,16,4000,16.796962,4000,all,378
0.238508,0.260276,0.0,0.916365704098726,0.08363429590127403,snapshot_379.xyz,16,4000,16.796962,4000,all,379
0.238095,0.263951,0.0,0.9020424245409187,0.09795757545908135,snapshot_380.xyz,16,4000,16.796962,4000,all,380
0.231062,0.260276,0.0,0.8877576111512394,0.11224238884876059,snapshot_381.xyz,16,4000,16.796962,4000,all,381
0.234375,0.261093,0.0,0.8976686468040123,0.10233135319598774,snapshot_382.xyz,16,4000,16.796962,4000,all,382
0.240571,0.264359,0.0,0.9100163035871675,0.08998369641283255,snapshot_383.xyz,16,4000,16.796962,4000,all,383
0.233961,0.261093,0.0,0.8960830049062977,0.10391699509370234,snapshot_384.xyz,16,4000,16.796962,4000,all,384
0.239746,0.26191,0.0,0.9153755106716048,0.08462448932839517,snapshot_385.xyz,16,4000,16.796962,4000,all,385
0.235202,0.262319,0.0,0.8966258639290329,0.10337413607096713,snapshot_386.xyz,16,4000,16.796962,4000,all,386
0.234375,0.25905,0.0,0.9047481181239143,0.09525188187608569,snapshot_387.xyz,16,4000,16.796962,4000,all,387
0.239746,0.263543,0.0,0.9097035398397983,0.09029646016020165,snapshot_388.xyz,16,4000,16.796962,4000,all,388
0.241396,0.260685,0.0,0.9260064829199992,0.07399351708000079,snapshot_389.xyz,16,4000,16.796962,4000,all,389
0.238921,0.261502,0.0,0.9136488439858967,0.08635115601410326,snapshot_390.xyz,16,4000,16.796962,4000,all,390
0.242633,0.264767,0.0,0.9164019685232677,0.08359803147673228,snapshot_391.xyz,16,4000,16.796962,4000,all,391
0.237269,0.260276,0.0,0.911605372758149,0.08839462724185099,snapshot_392.xyz,16,4000,16.796962,4000,all,392
0.242221,0.261093,0.0,0.9277192418027292,0.07228075819727076,snapshot_393.xyz,16,4000,16.796962,4000,all,393
0.243457,0.263951,0.0,0.9223568010729265,0.0776431989270735,snapshot_394.xyz,16,4000,16.796962,4000,all,394
0.244692,0.263135,0.0,0.9299105022136925,0.07008949778630746,snapshot_395.xyz,16,4000,16.796962,4000,all,395
0.238095,0.265582,0.0,0.8965027750374649,0.1034972249625351,snapshot_396.xyz,16,4000,16.796962,4000,all,396
0.241808,0.26599,0.0,0.9090868077747284,0.09091319222527161,snapshot_397.xyz,16,4000,16.796962,4000,all,397
0.236029,0.261502,0.0,0.9025896551460408,0.09741034485395916,snapshot_398.xyz,16,4000,16.796962,4000,all,398
0.236443,0.259868,0.0,0.909858081795373,0.09014191820462703,snapshot_399.xyz,16,4000,16.796962,4000,all,399
0.238921,0.263135,0.0,0.9079787941550914,0.09202120584490858,snapshot_400.xyz,16,4000,16.796962,4000,all,400
0.236856,0.261502,0.0,0.9057521548592362,0.09424784514076379,snapshot_401.xyz,16,4000,16.796962,4000,all,401
0.240571,0.267212,0.0,0.9003001362214272,0.09969986377857276,snapshot_402.xyz,16,4000,16.796962,4000,all,402
0.238508,0.263135,0.0,0.9064092576054117,0.09359074239458831,snapshot_403.xyz,16,4000,16.796962,4000,all,403
0.237269,0.263135,0.0,0.9017006479563722,0.09829935204362783,snapshot_404.xyz,16,4000,16.796962,4000,all,404
0.237269,0.260276,0.0,0.911605372758149,0.08839462724185099,snapshot_405.xyz,16,4000,16.796962,4000,all,405
0.239746,0.260276,0.0,0.9211221933639674,0.07887780663603261,snapshot_406.xyz,16,4000,16.796962,4000,all,406
0.242633,0.266805,0.0,0.9094019977136859,0.0905980022863141,snapshot_407.xyz,16,4000,16.796962,4000,all,407
0.240984,0.258232,0.0,0.9332073484308683,0.06679265156913172,snapshot_408.xyz,16,4000,16.796962,4000,all,408
0.241396,0.26191,0.0,0.9216753846741248,0.0783246153258752,snapshot_409.xyz,16,4000,16.796962,4000,all,409
0.238921,0.258232,0.0,0.9252184082530437,0.07478159174695631,snapshot_410.xyz,16,4000,16.796962,4000,all,410
0.239746,0.261093,0.0,0.9182398608924788,0.08176013910752122,snapshot_411.xyz,16,4000,16.796962,4000,all,411
0.239334,0.260685,0.0,0.9180965533114678,0.08190344668853222,snapshot_412.xyz,16,4000,16.796962,4000,all,412
0.239334,0.263543,0.0,0.9081402275909433,0.09185977240905674,snapshot_413.xyz,16,4000,16.796962,4000,all,413
0.24428,0.264359,0.0,0.9240464671147947,0.07595353288520534,snapshot_414.xyz,16,4000,16.796962,4000,all,414
0.239334,0.260685,0.0,0.9180965533114678,0.08190344668853222,snapshot_415.xyz,16,4000,16.796962,4000,all,415
0.239746,0.265174,0.0,0.9041082459064613,0.09589175409353867,snapshot_416.xyz,16,4000,16.796962,4000,all,416
0.235616,0.258232,0.0,0.9124198395241487,0.08758016047585127,snapshot_417.xyz,16,4000,16.796962,4000,all,417
0.237269,0.261502,0.0,0.9073314926845684,0.09266850731543164,snapshot_418.xyz,16,4000,16.796962,4000,all,418
0.240159,0.26191,0.0,0.9169523882249629,0.08304761177503706,snapshot_419.xyz,16,4000,16.796962,4000,all,419
0.240159,0.263543,0.0,0.9112706465358593,0.08872935346414068,snapshot_420.xyz,16,4000,16.796962,4000,all,420
0.239334,0.260685,0.0,0.9180965533114678,0.08190344668853222,snapshot_421.xyz,16,4000,16.796962,4000,all,421
0.241808,0.263135,0.0,0.9189503486803351,0.0810496513196649,snapshot_422.xyz,16,4000,16.796962,4000,all,422
0.237682,0.260685,0.0,0.9117594031110344,0.08824059688896557,snapshot_423.xyz,16,4000,16.796962,4000,all,423
0.239746,0.262319,0.0,0.9139482843408215,0.08605171565917846,snapshot_424.xyz,16,4000,16.796962,4000,all,424
0.239334,0.264359,0.0,0.9053370605880638,0.09466293941193615,snapshot_425.xyz,16,4000,16.796962,4000,all,425
0.243045,0.263543,0.0,0.9222214211722565,0.07777857882774353,snapshot_426.xyz,16,4000,16.796962,4000,all,426
0.238508,0.256186,0.0,0.9309954486193623,0.06900455138063766,snapshot_427.xyz,16,4000,16.796962,4000,all,427
0.245104,0.261502,0.0,0.9372930226155057,0.06270697738449427,snapshot_428.xyz,16,4000,16.796962,4000,all,428
0.241396,0.262727,0.0,0.9188092582795069,0.08119074172049312,snapshot_429.xyz,16,4000,16.796962,4000,all,429
0.235616,0.261502,0.0,0.9010103173207088,0.0989896826792912,snapshot_430.xyz,16,4000,16.796962,4000,all,430
0.240571,0.257414,0.0,0.9345684383910744,0.0654315616089256,snapshot_431.xyz,16,4000,16.796962,4000,all,431
0.240159,0.262319,0.0,0.9155227032734952,0.08447729672650484,snapshot_432.xyz,16,4000,16.796962,4000,all,432
0.24428,0.263543,0.0,0.9269075634716155,0.07309243652838449,snapshot_433.xyz,16,4000,16.796962,4000,all,433
0.236856,0.265174,0.0,0.8932097415282041,0.1067902584717959,snapshot_434.xyz,16,4000,16.796962,4000,all,434
0.240984,0.259459,0.0,0.9287941447396313,0.07120585526036871,snapshot_435.xyz,16,4000,16.796962,4000,all,435
0.238095,0.25905,0.0,0.9191082802547771,0.08089171974522291,snapshot_436.xyz,16,4000,16.796962,4000,all,436
0.238921,0.259459,0.0,0.9208429848261189,0.07915701517388107,snapshot_437.xyz,16,4000,16.796962,4000,all,437
0.24428,0.26191,0.0,0.9326868008094384,0.06731319919056156,snapshot_438.xyz,16,4000,16.796962,4000,all,438
0.237269,0.260276,0.0,0.911605372758149,0.08839462724185099,snapshot_439.xyz,16,4000,16.796962,4000,all,439
0.243457,0.26599,0.0,0.9152862889582315,0.0847137110417685,snapshot_440.xyz,16,4000,16.796962,4000,all,440
0.240984,0.263543,0.0,0.9144010654807754,0.08559893451922462,snapshot_441.xyz,16,4000,16.796962,4000,all,441
0.242633,0.262319,0.0,0.9249539682600192,0.07504603173998081,snapshot_442.xyz,16,4000,16.796962,4000,all,442
0.241808,0.260276,0.0,0.9290445527055894,0.07095544729441061,snapshot_443.xyz,16,4000,16.796962,4000,all,443
0.241396,0.26191,0.0,0.9216753846741248,0.0783246153258752,snapshot_444.xyz,16,4000,16.796962,4000,all,444
0.242221,0.257823,0.0,0.9394856161009684,0.06051438389903163,snapshot_445.xyz,16,4000,16.796962,4000,all,445
0.238508,0.258641,0.0,0.9221585131514338,0.07784148684856618,snapshot_446.xyz,16,4000,16.796962,4000,all,446
0.235616,0.259868,0.0,0.9066756968922683,0.09332430310773165,snapshot_447.xyz,16,4000,16.796962,4000,all,447
0.240984,0.260276,0.0,0.925878682629209,0.07412131737079097,snapshot_448.xyz,16,4000,16.796962,4000,all,448
0.238508,0.260276,0.0,0.916365704098726,0.08363429590127403,snapshot_449.xyz,16,4000,16.796962,4000,all,449
0.243869,0.263951,0.0,0.9239176968452478,0.07608230315475217,snapshot_450.xyz,16,4000,16.796962,4000,all,450
0.246338,0.261093,0.0,0.9434875695633356,0.05651243043666443,snapshot_451.xyz,16,4000,16.796962,4000,all,451
0.242221,0.259868,0.0,0.9320924469345976,0.06790755306540242,snapshot_452.xyz,16,4000,16.796962,4000,all,452
0.239334,0.262727,0.0,0.9109608072257515,0.08903919277424854,snapshot_453.xyz,16,4000,16.796962,4000,all,453
0.235616,0.254138,0.0,0.9271183372813196,0.07288166271868035,snapshot_454.xyz,16,4000,16.796962,4000,all,454
0.237269,0.260685,0.0,0.910175115560926,0.089824884439074,snapshot_455.xyz,16,4000,16.796962,4000,all,455
0.238508,0.262727,0.0,0.9078168593254595,0.09218314067454048,snapshot_456.xyz,16,4000,16.796962,4000,all,456
0.240159,0.258641,0.0,0.9285418785111409,0.0714581214888591,snapshot_457.xyz,16,4000,16.796962,4000,all,457
0.235616,0.255777,0.0,0.9211774319035723,0.07882256809642774,snapshot_458.xyz,16,4000,16.796962,4000,all,458
0.238508,0.258232,0.0,0.9236190712227763,0.07638092877722369,snapshot_459.xyz,16,4000,16.796962,4000,all,459
0.236443,0.261502,0.0,0.9041728170339041,0.09582718296609594,snapshot_460.xyz,16,4000,16.796962,4000,all,460
0.241808,0.259868,0.0,0.9305031785367956,0.06949682146320435,snapshot_461.xyz,16,4000,16.796962,4000,all,461
0.239746,0.25905,0.0,0.9254815672650067,0.07451843273499326,snapshot_462.xyz,16,4000,16.796962,4000,all,462
0.236856,0.25905,0.0,0.9143254198031269,0.08567458019687313,snapshot_463.xyz,16,4000,16.796962,4000,all,463
0.240984,0.263543,0.0,0.9144010654807754,0.08559893451922462,snapshot_464.xyz,16,4000,16.796962,4000,all,464
0.243045,0.260685,0.0,0.9323321249784223,0.06766787502157767,snapshot_465.xyz,16,4000,16.796962,4000,all,465
0.240984,0.264359,0.0,0.911578573076763,0.08842142692323696,snapshot_466.xyz,16,4000,16.796962,4000,all,466
0.241396,0.259459,0.0,0.9303820642182388,0.06961793578176123,snapshot_467.xyz,16,4000,16.796962,4000,all,467
0.243045,0.263543,0.0,0.9222214211722565,0.07777857882774353,snapshot_468.xyz,16,4000,16.796962,4000,all,468
0.241808,0.25905,0.0,0.9334414205751785,0.06655857942482146,snapshot_469.xyz,16,4000,16.796962,4000,all,469
0.238921,0.261093,0.0,0.9150800672557287,0.08491993274427134,snapshot_470.xyz,16,4000,16.796962,4000,all,470
0.237269,0.25905,0.0,0.9159197066203436,0.08408029337965639,snapshot_471.xyz,16,4000,16.796962,4000,all,471
0.238921,0.263135,0.0,0.9079787941550914,0.09202120584490858,snapshot_472.xyz,16,4000,16.796962,4000,all,472
0.245927,0.260685,0.0,0.9433876134031495,0.05661238659685053,snapshot_473.xyz,16,4000,16.796962,4000,all,473
0.240571,0.259868,0.0,0.9257430695583913,0.07425693044160875,snapshot_474.xyz,16,4000,16.796962,4000,all,474
0.240984,0.259868,0.0,0.9273323379561932,0.07266766204380681,snapshot_475.xyz,16,4000,16.796962,4000,all,475
0.240159,0.258232,0.0,0.9300125468570898,0.06998745314291022,snapshot_476.xyz,16,4000,16.796962,4000,all,476
0.24716,0.265582,0.0,0.9306353593240506,0.06936464067594938,snapshot_477.xyz,16,4000,16.796962,4000,all,477
0.24428,0.262727,0.0,0.9297864323042551,0.07021356769574494,snapshot_478.xyz,16,4000,16.796962,4000,all,478
0.239334,0.26191,0.0,0.9138024512237028,0.08619754877629715,snapshot_479.xyz,16,4000,16.796962,4000,all,479
0.239334,0.259868,0.0,0.9209829605799867,0.07901703942001326,snapshot_480.xyz,16,4000,16.796962,4000,all,480
0.243045,0.260276,0.0,0.9337971998954956,0.06620280010450441,snapshot_481.xyz,16,4000,16.796962,4000,all,481
0.243869,0.265174,0.0,0.9196565274121896,0.08034347258781038,snapshot_482.xyz,16,4000,16.796962,4000,all,482
0.241808,0.260685,0.0,0.9275869344227707,0.07241306557722926,snapshot_483.xyz,16,4000,16.796962,4000,all,483
0.235616,0.256186,0.0,0.9197067755458923,0.08029322445410769,snapshot_484.xyz,16,4000,16.796962,4000,all,484
0.243045,0.255367,0.0,0.9517478765854632,0.048252123414536774,snapshot_485.xyz,16,4000,16.796962,4000,all,485
0.243869,0.260685,0.0,0.9354930279839654,0.06450697201603461,snapshot_486.xyz,16,4000,16.796962,4000,all,486
0.240159,0.25905,0.0,0.9270758540822236,0.0729241459177764,snapshot_487.xyz,16,4000,16.796962,4000,all,487
0.243045,0.261502,0.0,0.9294192778640317,0.07058072213596833,snapshot_488.xyz,16,4000,16.796962,4000,all,488
0.240984,0.261093,0.0,0.9229814663740505,0.07701853362594946,snapshot_489.xyz,16,4000,16.796962,4000,all,489
0.243457,0.254548,0.0,0.9564286499992143,0.043571350000785714,snapshot_490.xyz,16,4000,16.796962,4000,all,490
0.240571,0.259868,0.0,0.9257430695583913,0.07425693044160875,snapshot_491.xyz,16,4000,16.796962,4000,all,491
0.240571,0.258232,0.0,0.931608011400601,0.06839198859939899,snapshot_492.xyz,16,4000,16.796962,4000,all,492
0.240984,0.260685,0.0,0.9244260314172277,0.07557396858277232,snapshot_493.xyz,16,4000,16.796962,4000,all,493
0.242221,0.258641,0.0,0.9365143190754752,0.06348568092452478,snapshot_494.xyz,16,4000,16.796962,4000,all,494
0.240571,0.258641,0.0,0.9301348200787964,0.06986517992120356,snapshot_495.xyz,16,4000,16.796962,4000,all,495
0.243869,0.25905,0.0,0.941397413626713,0.05860258637328697,snapshot_496.xyz,16,4000,16.796962,4000,all,496
0.241396,0.264359,0.0,0.9131370598315169,0.08686294016848306,snapshot_497.xyz,16,4000,16.796962,4000,all,497
0.245104,0.256596,0.0,0.9552136432368392,0.044786356763160784,snapshot_498.xyz,16,4000,16.796962,4000,all,498
0.241396,0.256186,0.0,0.9422685080371291,0.05773149196287086,snapshot_499.xyz,16,4000,16.796962,4000,all,499
0.24428,0.257414,0.0,0.9489771341108099,0.05102286588919014,snapshot_500.xyz,16,4000,16.796962,4000,all,500
0.241396,0.259459,0.0,0.9303820642182388,0.06961793578176123,snapshot_501.xyz,16,4000,16.796962,4000,all,501
0.24428,0.258641,0.0,0.9444751605507247,0.05552483944927533,snapshot_502.xyz,16,4000,16.796962,4000,all,502
0.243457,0.25905,0.0,0.9398069870681336,0.06019301293186641,snapshot_503.xyz,16,4000,16.796962,4000,all,503
0.243045,0.259459,0.0,0.9367375963061602,0.06326240369383984,snapshot_504.xyz,16,4000,16.796962,4000,all,504
0.241808,0.259459,0.0,0.9319699836968461,0.06803001630315386,snapshot_505.xyz,16,4000,16.796962,4000,all,505
0.243045,0.262727,0.0,0.9250857353831164,0.07491426461688355,snapshot_506.xyz,16,4000,16.796962,4000,all,506
0.245927,0.265174,0.0,0.9274174692843189,0.0725825307156811,snapshot_507.xyz,16,4000,16.796962,4000,all,507
0.238095,0.257414,0.0,0.9249496919359477,0.07505030806405233,snapshot_508.xyz,16,4000,16.796962,4000,all,508
0.240984,0.258641,0.0,0.9317316280094803,0.06826837199051972,snapshot_509.xyz,16,4000,16.796962,4000,all,509
0.246338,0.263135,0.0,0.9361658464286393,0.06383415357136069,snapshot_510.xyz,16,4000,16.796962,4000,all,510
0.242633,0.256596,0.0,0.945583719153845,0.05441628084615502,snapshot_511.xyz,16,4000,16.796962,4000,all,511
0.247571,0.257414,0.0,0.9617619865275394,0.038238013472460586,snapshot_512.xyz,16,4000,16.796962,4000,all,512
0.243457,0.259459,0.0,0.9383255157847675,0.06167448421523247,snapshot_513.xyz,16,4000,16.796962,4000,all,513
0.240159,0.258232,0.0,0.9300125468570898,0.06998745314291022,snapshot_514.xyz,16,4000,16.796962,4000,all,514
0.24428,0.25905,0.0,0.9429839799266551,0.05701602007334494,snapshot_515.xyz,16,4000,16.796962,4000,all,515
0.241396,0.25905,0.0,0.9318509940165991,0.0681490059834009,snapshot_516.xyz,16,4000,16.796962,4000,all,516
0.240571,0.260276,0.0,0.9242919055156833,0.0757080944843167,snapshot_517.xyz,16,4000,16.796962,4000,all,517
0.243045,0.259459,0.0,0.9367375963061602,0.06326240369383984,snapshot_518.xyz,16,4000,16.796962,4000,all,518
0.246749,0.263135,0.0,0.9377277823170616,0.06227221768293845,snapshot_519.xyz,16,4000,16.796962,4000,all,519
0.24716,0.261093,0.0,0.9466358730414066,0.05336412695859338,snapshot_520.xyz,16,4000,16.796962,4000,all,520
0.240571,0.261502,0.0,0.9199585471621632,0.08004145283783681,snapshot_521.xyz,16,4000,16.796962,4000,all,521
0.241808,0.261093,0.0,0.9261374299579076,0.0738625700420924,snapshot_522.xyz,16,4000,16.796962,4000,all,522
0.247571,0.260276,0.0,0.9511864328635756,0.048813567136424374,snapshot_523.xyz,16,4000,16.796962,4000,all,523
0.240571,0.25905,0.0,0.9286662806408029,0.07133371935919708,snapshot_524.xyz,16,4000,16.796962,4000,all,524
0.246749,0.255367,0.0,0.9662524915122157,0.033747508487784295,snapshot_525.xyz,16,4000,16.796962,4000,all,525
0.24428,0.258641,0.0,0.9444751605507247,0.05552483944927533,snapshot_526.xyz,16,4000,16.796962,4000,all,526
0.244692,0.252909,0.0,0.9675100530230241,0.032489946976975936,snapshot_527.xyz,16,4000,16.796962,4000,all,527
0.24428,0.257005,0.0,0.9504873446041906,0.0495126553958094,snapshot_528.xyz,16,4000,16.796962,4000,all,528
0.246749,0.256186,0.0,0.9631634827820411,0.036836517217958886,snapshot_529.xyz,16,4000,16.796962,4000,all,529
0.240984,0.258232,0.0,0.9332073484308683,0.06679265156913172,snapshot_530.xyz,16,4000,16.796962,4000,all,530
0.241808,0.256596,0.0,0.9423685482236668,0.05763145177633322,snapshot_531.xyz,16,4000,16.796962,4000,all,531
0.245515,0.254958,0.0,0.9629625271613363,0.037037472838663654,snapshot_532.xyz,16,4000,16.796962,4000,all,532
0.242633,0.255777,0.0,0.9486114857864468,0.05138851421355317,snapshot_533.xyz,16,4000,16.796962,4000,all,533
0.24428,0.253728,0.0,0.9627632740572581,0.037236725942741855,snapshot_534.xyz,16,4000,16.796962,4000,all,534
0.246338,0.254138,0.0,0.9693080137563057,0.03069198624369429,snapshot_535.xyz,16,4000,16.796962,4000,all,535
0.24716,0.252498,0.0,0.9788592384890177,0.02114076151098232,snapshot_536.xyz,16,4000,16.796962,4000,all,536
0.249626,0.258232,0.0,0.9666733789770438,0.03332662102295625,snapshot_537.xyz,16,4000,16.796962,4000,all,537
0.245927,0.255367,0.0,0.9630335947871103,0.03696640521288974,snapshot_538.xyz,16,4000,16.796962,4000,all,538
0.244692,0.252498,0.0,0.9690849036428011,0.030915096357198912,snapshot_539.xyz,16,4000,16.796962,4000,all,539
0.241808,0.250036,0.0,0.967092738645635,0.03290726135436495,snapshot_540.xyz,16,4000,16.796962,4000,all,540
0.243457,0.252498,0.0,0.9641937757922835,0.03580622420771651,snapshot_541.xyz,16,4000,16.796962,4000,all,541
0.243457,0.247982,0.0,0.9817527078578284,0.01824729214217158,snapshot_542.xyz,16,4000,16.796962,4000,all,542
0.246338,0.251678,0.0,0.9787824124476513,0.021217587552348705,snapshot_543.xyz,16,4000,16.796962,4000,all,543
0.24428,0.251678,0.0,0.9706052972448922,0.029394702755107804,snapshot_544.xyz,16,4000,16.796962,4000,all,544
0.24428,0.248804,0.0,0.9818170125882221,0.01818298741177793,snapshot_545.xyz,16,4000,16.796962,4000,all,545
0.243869,0.250447,0.0,0.9737349618881441,0.026265038111855876,snapshot_546.xyz,16,4000,16.796962,4000,all,546
0.238921,0.244692,0.0,0.97641524855737,0.023584751442629948,snapshot_547.xyz,16,4000,16.796962,4000,all,547
0.245515,0.248804,0.0,0.9867807591517822,0.013219240848217795,snapshot_548.xyz,16,4000,16.796962,4000,all,548
0.240159,0.243045,0.0,0.9881256557427637,0.011874344257236324,snapshot_549.xyz,16,4000,16.796962,4000,all,549
0.239746,0.245104,0.0,0.9781398916378353,0.021860108362164676,snapshot_550.xyz,16,4000,16.796962,4000,all,550
0.243045,0.245515,0.0,0.9899395148972567,0.010060485102743266,snapshot_551.xyz,16,4000,16.796962,4000,all,551
0.24428,0.246749,0.0,0.9899938804209946,0.010006119579005435,snapshot_552.xyz,16,4000,16.796962,4000,all,552
0.242221,0.242221,0.0,1.0,0.0,snapshot_553.xyz,16,4000,16.796962,4000,all,553
0.239746,0.242221,0.0,0.9897820585333229,0.010217941466677094,snapshot_554.xyz,16,4000,16.796962,4000,all,554
0.236856,0.238508,0.0,0.9930736075938753,0.006926392406124693,snapshot_555.xyz,16,4000,16.796962,4000,all,555
0.237682,0.242221,0.0,0.981260914619294,0.01873908538070601,snapshot_556.xyz,16,4000,16.796962,4000,all,556
0.238095,0.240984,0.0,0.988011652225874,0.011988347774126051,snapshot_557.xyz,16,4000,16.796962,4000,all,557
0.238921,0.241396,0.0,0.9897471374836369,0.010252862516363148,snapshot_558.xyz,16,4000,16.796962,4000,all,558
0.234789,0.238095,0.0,0.9861147861147861,0.01388521388521391,snapshot_559.xyz,16,4000,16.796962,4000,all,559
0.235616,0.235616,0.0,1.0,0.0,snapshot_560.xyz,16,4000,16.796962,4000,all,560
0.237269,0.240984,0.0,0.9845840387743585,0.015415961225641484,snapshot_561.xyz,16,4000,16.796962,4000,all,561
0.232305,0.233961,0.0,0.9929218972392835,0.00707810276071652,snapshot_562.xyz,16,4000,16.796962,4000,all,562
0.232719,0.236029,0.0,0.9859762995225164,0.01402370047748358,snapshot_563.xyz,16,4000,16.796962,4000,all,563
0.224004,0.228574,0.0,0.9800064749271571,0.01999352507284291,snapshot_564.xyz,16,4000,16.796962,4000,all,564
0.227329,0.231477,0.0,0.982080293074474,0.017919706925526024,snapshot_565.xyz,16,4000,16.796962,4000,all,565
0.230648,0.233961,0.0,0.9858395202619239,0.014160479738076104,snapshot_566.xyz,16,4000,16.796962,4000,all,566
0.234789,0.232719,0.0,1.0088948474340298,-0.008894847434029796,snapshot_567.xyz,16,4000,16.796962,4000,all,567
0.230233,0.234789,0.0,0.9805953430526984,0.019404656947301646,snapshot_568.xyz,16,4000,16.796962,4000,all,568
0.233133,0.232305,0.0,1.0035642797184736,-0.0035642797184736175,snapshot_569.xyz,16,4000,16.796962,4000,all,569
0.235616,0.239746,0.0,0.9827734352189401,0.017226564781059883,snapshot_570.xyz,16,4000,16.796962,4000,all,570
0.234375,0.235616,0.0,0.9947329553171262,0.005267044682873756,snapshot_571.xyz,16,4000,16.796962,4000,all,571
0.234789,0.235202,0.0,0.9982440625504885,0.0017559374495115243,snapshot_572.xyz,16,4000,16.796962,4000,all,572
0.234375,0.238508,0.0,0.982671440790246,0.017328559209753958,snapshot_573.xyz,16,4000,16.796962,4000,all,573
0.231062,0.229819,0.0,1.005408604162406,-0.005408604162405961,snapshot_574.xyz,16,4000,16.796962,4000,all,574
0.229404,0.233961,0.0,0.9805223947581007,0.019477605241899343,snapshot_575.xyz,16,4000,16.796962,4000,all,575
0.231477,0.232305,0.0,0.9964357202815264,0.0035642797184736175,snapshot_576.xyz,16,4000,16.796962,4000,all,576
0.229404,0.231477,0.0,0.9910444666208739,0.008955533379126135,snapshot_577.xyz,16,4000,16.796962,4000,all,577
0.226914,0.226914,0.0,1.0,0.0,snapshot_578.xyz,16,4000,16.796962,4000,all,578
0.232719,0.233547,0.0,0.9964546750761089,0.0035453249238911466,snapshot_579.xyz,16,4000,16.796962,4000,all,579
0.228159,0.232719,0.0,0.9804055534786588,0.019594446521341236,snapshot_580.xyz,16,4000,16.796962,4000,all,580
0.234789,0.236029,0.0,0.9947464082803384,0.0052535917196615545,snapshot_581.xyz,16,4000,16.796962,4000,all,581
0.235202,0.235616,0.0,0.9982429037077278,0.0017570962922721645,snapshot_582.xyz,16,4000,16.796962,4000,all,582
0.231477,0.236443,0.0,0.9789970521436456,0.02100294785635437,snapshot_583.xyz,16,4000,16.796962,4000,all,583
0.227744,0.224836,0.0,1.0129338717998897,-0.012933871799889696,snapshot_584.xyz,16,4000,16.796962,4000,all,584
0.228574,0.233547,0.0,0.9787066414897215,0.02129335851027847,snapshot_585.xyz,16,4000,16.796962,4000,all,585
0.225667,0.228989,0.0,0.9854927529269966,0.014507247073003438,snapshot_586.xyz,16,4000,16.796962,4000,all,586
0.229404,0.233547,0.0,0.9822605300003854,0.01773946999961462,snapshot_587.xyz,16,4000,16.796962,4000,all,587
0.228989,0.235616,0.0,0.9718737267418173,0.028126273258182732,snapshot_588.xyz,16,4000,16.796962,4000,all,588
0.231062,0.235616,0.0,0.9806719407850061,0.01932805921499392,snapshot_589.xyz,16,4000,16.796962,4000,all,589
0.230233,0.234375,0.0,0.9823274666666666,0.017672533333333407,snapshot_590.xyz,16,4000,16.796962,4000,all,590
0.231891,0.234789,0.0,0.987657002670483,0.012342997329517047,snapshot_591.xyz,16,4000,16.796962,4000,all,591
0.235202,0.236443,0.0,0.9947513777104842,0.005248622289515836,snapshot_592.xyz,16,4000,16.796962,4000,all,592
0.231062,0.232719,0.0,0.9928798250250301,0.007120174974969862,snapshot_593.xyz,16,4000,16.796962,4000,all,593
0.230233,0.234375,0.0,0.9823274666666666,0.017672533333333407,snapshot_594.xyz,16,4000,16.796962,4000,all,594
0.226498,0.231062,0.0,0.9802477257186384,0.019752274281361615,snapshot_595.xyz,16,4000,16.796962,4000,all,595
0.22234,0.22442,0.0,0.9907316638445771,0.009268336155422885,snapshot_596.xyz,16,4000,16.796962,4000,all,596
0.232305,0.233961,0.0,0.9929218972392835,0.00707810276071652,snapshot_597.xyz,16,4000,16.796962,4000,all,597
0.229819,0.231477,0.0,0.9928373013301538,0.007162698669846201,snapshot_598.xyz,16,4000,16.796962,4000,all,598
0.231477,0.232305,0.0,0.9964357202815264,0.0035642797184736175,snapshot_599.xyz,16,4000,16.796962,4000,all,599
0.233547,0.239746,0.0,0.974143468504167,0.025856531495833,snapshot_600.xyz,16,4000,16.796962,4000,all,600
0.229819,0.229404,0.0,1.0018090355878713,-0.001809035587871266,snapshot_601.xyz,16,4000,16.796962,4000,all,601
0.233961,0.232305,0.0,1.007128559436947,-0.007128559436947013,snapshot_602.xyz,16,4000,16.796962,4000,all,602
0.230233,0.233961,0.0,0.9840657203551019,0.01593427964489813,snapshot_603.xyz,16,4000,16.796962,4000,all,603
0.233133,0.231891,0.0,1.0053559646558081,-0.005355964655808121,snapshot_604.xyz,16,4000,16.796962,4000,all,604
0.235616,0.233547,0.0,1.0088590305163414,-0.008859030516341404,snapshot_605.xyz,16,4000,16.796962,4000,all,605
0.227744,0.228574,0.0,0.996368790851103,0.00363120914889703,snapshot_606.xyz,16,4000,16.796962,4000,all,606
0.233547,0.236856,0.0,0.9860294862701388,0.013970513729861245,snapshot_607.xyz,16,4000,16.796962,4000,all,607
0.228574,0.231477,0.0,0.9874587972023139,0.012541202797686113,snapshot_608.xyz,16,4000,16.796962,4000,all,608
0.230233,0.232305,0.0,0.9910806913325154,0.008919308667484582,snapshot_609.xyz,16,4000,16.796962,4000,all,609
0.229819,0.231891,0.0,0.9910647674985229,0.008935232501477097,snapshot_610.xyz,16,4000,16.796962,4000,all,610
0.228989,0.229404,0.0,0.9981909644121288,0.001809035587871155,snapshot_611.xyz,16,4000,16.796962,4000,all,611
0.227744,0.232305,0.0,0.9803663287488431,0.019633671251156892,snapshot_612.xyz,16,4000,16.796962,4000,all,612
0.230233,0.236856,0.0,0.9720378626676123,0.027962137332387726,snapshot_613.xyz,16,4000,16.796962,4000,all,613
0.228574,0.233547,0.0,0.9787066414897215,0.02129335851027847,snapshot_614.xyz,16,4000,16.796962,4000,all,614
0.229819,0.230648,0.0,0.9964057785023066,0.003594221497693395,snapshot_615.xyz,16,4000,16.796962,4000,all,615
0.231891,0.233547,0.0,0.9929093501522178,0.007090649847782182,snapshot_616.xyz,16,4000,16.796962,4000,all,616
0.228574,0.235202,0.0,0.9718199675172831,0.028180032482716943,snapshot_617.xyz,16,4000,16.796962,4000,all,617
0.228159,0.233133,0.0,0.978664539125735,0.021335460874264967,snapshot_618.xyz,16,4000,16.796962,4000,all,618
0.231062,0.236856,0.0,0.9755378795555104,0.024462120444489588,snapshot_619.xyz,16,4000,16.796962,4000,all,619
0.235616,0.238921,0.0,0.986166975694895,0.013833024305105024,snapshot_620.xyz,16,4000,16.796962,4000,all,620
0.239334,0.241808,0.0,0.9897687421425263,0.010231257857473697,snapshot_621.xyz,16,4000,16.796962,4000,all,621
0.231477,0.233961,0.0,0.9893828458589251,0.010617154141074892,snapshot_622.xyz,16,4000,16.796962,4000,all,622
0.229404,0.231891,0.0,0.9892751335756885,0.010724866424311474,snapshot_623.xyz,16,4000,16.796962,4000,all,623
0.226083,0.233961,0.0,0.9663277212868812,0.03367227871311884,snapshot_624.xyz,16,4000,16.796962,4000,all,624
0.233133,0.233547,0.0,0.9982273375380545,0.0017726624619455178,snapshot_625.xyz,16,4000,16.796962,4000,all,625
0.232719,0.233133,0.0,0.9982241896256643,0.0017758103743357179,snapshot_626.xyz,16,4000,16.796962,4000,all,626
0.231062,0.233547,0.0,0.9893597434349403,0.010640256565059736,snapshot_627.xyz,16,4000,16.796962,4000,all,627
0.226083,0.228989,0.0,0.9873094340776195,0.012690565922380492,snapshot_628.xyz,16,4000,16.796962,4000,all,628
0.228989,0.230233,0.0,0.9945967780465876,0.005403221953412363,snapshot_629.xyz,16,4000,16.796962,4000,all,629
0.231477,0.231891,0.0,0.9982146784480639,0.0017853215519361143,snapshot_630.xyz,16,4000,16.796962,4000,all,630
0.226498,0.230648,0.0,0.9820072144566613,0.01799278554333872,snapshot_631.xyz,16,4000,16.796962,4000,all,631
0.230233,0.228159,0.0,1.0090901520430928,-0.009090152043092825,snapshot_632.xyz,16,4000,16.796962,4000,all,632
0.235616,0.235202,0.0,1.0017601891140382,-0.001760189114038191,snapshot_633.xyz,16,4000,16.796962,4000,all,633
0.233133,0.238921,0.0,0.9757744191594712,0.024225580840528838,snapshot_634.xyz,16,4000,16.796962,4000,all,634
0.232305,0.236029,0.0,0.984222277770952,0.015777722229048052,snapshot_635.xyz,16,4000,16.796962,4000,all,635
0.228574,0.228159,0.0,1.0018189069903005,-0.0018189069903005173,snapshot_636.xyz,16,4000,16.796962,4000,all,636
0.230233,0.236029,0.0,0.9754436954780981,0.02455630452190194,snapshot_637.xyz,16,4000,16.796962,4000,all,637
0.229819,0.231062,0.0,0.994620491469822,0.00537950853017799,snapshot_638.xyz,16,4000,16.796962,4000,all,638
0.226498,0.231891,0.0,0.9767433837449491,0.023256616255050933,snapshot_639.xyz,16,4000,16.796962,4000,all,639
0.225667,0.229819,0.0,0.9819336086224377,0.018066391377562274,snapshot_640.xyz,16,4000,16.796962,4000,all,640
0.227329,0.232305,0.0,0.9785798842039559,0.02142011579604408,snapshot_641.xyz,16,4000,16.796962,4000,all,641
0.233961,0.237269,0.0,0.9860580185359233,0.013941981464076658,snapshot_642.xyz,16,4000,16.796962,4000,all,642
0.231062,0.232719,0.0,0.9928798250250301,0.007120174974969862,snapshot_643.xyz,16,4000,16.796962,4000,all,643
0.231062,0.231891,0.0,0.9964250445252294,0.0035749554747706025,snapshot_644.xyz,16,4000,16.796962,4000,all,644
0.229404,0.232719,0.0,0.9857553530223144,0.014244646977685571,snapshot_645.xyz,16,4000,16.796962,4000,all,645
0.228989,0.233133,0.0,0.9822247386684854,0.017775261331514636,snapshot_646.xyz,16,4000,16.796962,4000,all,646
0.236029,0.236856,0.0,0.9965084270611678,0.003491572938832177,snapshot_647.xyz,16,4000,16.796962,4000,all,647
0.233547,0.231062,0.0,1.0107546892176127,-0.01075468921761269,snapshot_648.xyz,16,4000,16.796962,4000,all,648
0.236029,0.237682,0.0,0.9930453294738347,0.006954670526165274,snapshot_649.xyz,16,4000,16.796962,4000,all,649
0.233961,0.236856,0.0,0.9877773837268213,0.012222616273178666,snapshot_650.xyz,16,4000,16.796962,4000,all,650
0.233961,0.231891,0.0,1.0089266077596801,-0.008926607759680127,snapshot_651.xyz,16,4000,16.796962,4000,all,651
0.232305,0.228574,0.0,1.0163229413669097,-0.016322941366909705,snapshot_652.xyz,16,4000,16.796962,4000,all,652
0.230233,0.235616,0.0,0.9771535040065191,0.022846495993480875,snapshot_653.xyz,16,4000,16.796962,4000,all,653
0.234789,0.236443,0.0,0.9930046565134092,0.00699534348659081,snapshot_654.xyz,16,4000,16.796962,4000,all,654
0.227329,0.227744,0.0,0.9981777785583813,0.0018222214416186988,snapshot_655.xyz,16,4000,16.796962,4000,all,655
0.231891,0.236029,0.0,0.9824682560193876,0.017531743980612413,snapshot_656.xyz,16,4000,16.796962,4000,all,656
0.230648,0.238095,0.0,0.9687225687225687,0.03127743127743132,snapshot_657.xyz,16,4000,16.796962,4000,all,657
0.231891,0.233133,0.0,0.994672568876993,0.005327431123007043,snapshot_658.xyz,16,4000,16.796962,4000,all,658
0.228574,0.233547,0.0,0.9787066414897215,0.02129335851027847,snapshot_659.xyz,16,4000,16.796962,4000,all,659
0.229819,0.229819,0.0,1.0,0.0,snapshot_660.xyz,16,4000,16.796962,4000,all,660
0.227744,0.228574,0.0,0.996368790851103,0.00363120914889703,snapshot_661.xyz,16,4000,16.796962,4000,all,661
0.233133,0.230233,0.0,1.0125959354219423,-0.012595935421942261,snapshot_662.xyz,16,4000,16.796962,4000,all,662
0.233961,0.237269,0.0,0.9860580185359233,0.013941981464076658,snapshot_663.xyz,16,4000,16.796962,4000,all,663
0.229404,0.234375,0.0,0.9787904,0.02120960000000005,snapshot_664.xyz,16,4000,16.796962,4000,all,664
0.231477,0.231891,0.0,0.9982146784480639,0.0017853215519361143,snapshot_665.xyz,16,4000,16.796962,4000,all,665
0.233547,0.234375,0.0,0.9964672,0.0035328000000000026,snapshot_666.xyz,16,4000,16.796962,4000,all,666
0.234375,0.236029,0.0,0.9929923865287741,0.007007613471225915,snapshot_667.xyz,16,4000,16.796962,4000,all,667
0.235616,0.233547,0.0,1.0088590305163414,-0.008859030516341404,snapshot_668.xyz,16,4000,16.796962,4000,all,668
0.230648,0.233547,0.0,0.9875870809729946,0.012412919027005365,snapshot_669.xyz,16,4000,16.796962,4000,all,669
0.235202,0.234375,0.0,1.0035285333333333,-0.0035285333333332503,snapshot_670.xyz,16,4000,16.796962,4000,all,670
0.229819,0.235202,0.0,0.9771132898529774,0.022886710147022593,snapshot_671.xyz,16,4000,16.796962,4000,all,671
0.229404,0.233961,0.0,0.9805223947581007,0.019477605241899343,snapshot_672.xyz,16,4000,16.796962,4000,all,672
0.232305,0.237682,0.0,0.977377336104543,0.022622663895456974,snapshot_673.xyz,16,4000,16.796962,4000,all,673
0.231477,0.232305,0.0,0.9964357202815264,0.0035642797184736175,snapshot_674.xyz,16,4000,16.796962,4000,all,674
0.227744,0.232305,0.0,0.9803663287488431,0.019633671251156892,snapshot_675.xyz,16,4000,16.796962,4000,all,675
0.226914,0.231477,0.0,0.980287458365194,0.019712541634805958,snapshot_676.xyz,16,4000,16.796962,4000,all,676
0.236856,0.236443,0.0,1.0017467211970752,-0.0017467211970751961,snapshot_677.xyz,16,4000,16.796962,4000,all,677
0.237269,0.238921,0.0,0.9930855805893999,0.0069144194106001144,snapshot_678.xyz,16,4000,16.796962,4000,all,678
0.232719,0.236029,0.0,0.9859762995225164,0.01402370047748358,snapshot_679.xyz,16,4000,16.796962,4000,all,679
0.238095,0.239334,0.0,0.9948231341973979,0.005176865802602126,snapshot_680.xyz,16,4000,16.796962,4000,all,680
0.231477,0.236856,0.0,0.977289998986726,0.022710001013274028,snapshot_681.xyz,16,4000,16.796962,4000,all,681
0.232305,0.237682,0.0,0.977377336104543,0.022622663895456974,snapshot_682.xyz,16,4000,16.796962,4000,all,682
0.232305,0.237682,0.0,0.977377336104543,0.022622663895456974,snapshot_683.xyz,16,4000,16.796962,4000,all,683
0.231891,0.232719,0.0,0.9964420610263881,0.003557938973611896,snapshot_684.xyz,16,4000,16.796962,4000,all,684
0.232305,0.234789,0.0,0.9894202880032711,0.010579711996728913,snapshot_685.xyz,16,4000,16.796962,4000,all,685
0.226083,0.228989,0.0,0.9873094340776195,0.012690565922380492,snapshot_686.xyz,16,4000,16.796962,4000,all,686
0.228159,0.225667,0.0,1.0110428197299561,-0.011042819729956133,snapshot_687.xyz,16,4000,16.796962,4000,all,687
0.226498,0.228574,0.0,0.9909176021769756,0.009082397823024446,snapshot_688.xyz,16,4000,16.796962,4000,all,688
0.230233,0.230648,0.0,0.9982007214456662,0.0017992785543338163,snapshot_689.xyz,16,4000,16.796962,4000,all,689
0.235616,0.239746,0.0,0.9827734352189401,0.017226564781059883,snapshot_690.xyz,16,4000,16.796962,4000,all,690
0.233547,0.236443,0.0,0.9877518048747479,0.012248195125252104,snapshot_691.xyz,16,4000,16.796962,4000,all,691
0.231062,0.233133,0.0,0.9911166587312821,0.008883341268717926,snapshot_692.xyz,16,4000,16.796962,4000,all,692
0.230233,0.235202,0.0,0.9788734789670156,0.021126521032984402,snapshot_693.xyz,16,4000,16.796962,4000,all,693
0.232305,0.234789,0.0,0.9894202880032711,0.010579711996728913,snapshot_694.xyz,16,4000,16.796962,4000,all,694
0.234375,0.233133,0.0,1.005327431123007,-0.0053274311230069316,snapshot_695.xyz,16,4000,16.796962,4000,all,695
0.238508,0.241808,0.0,0.9863528088400715,0.013647191159928518,snapshot_696.xyz,16,4000,16.796962,4000,all,696
0.231477,0.233547,0.0,0.9911366876902721,0.008863312309727922,snapshot_697.xyz,16,4000,16.796962,4000,all,697
0.232719,0.234375,0.0,0.9929344,0.007065600000000005,snapshot_698.xyz,16,4000,16.796962,4000,all,698
0.231062,0.231062,0.0,1.0,0.0,snapshot_699.xyz,16,4000,16.796962,4000,all,699
0.231477,0.237269,0.0,0.9755888885610846,0.02441111143891539,snapshot_700.xyz,16,4000,16.796962,4000,all,700
0.226498,0.229819,0.0,0.9855494976481493,0.014450502351850747,snapshot_701.xyz,16,4000,16.796962,4000,all,701
0.230648,0.236029,0.0,0.9772019539971784,0.022798046002821648,snapshot_702.xyz,16,4000,16.796962,4000,all,702
0.236029,0.233961,0.0,1.0088390800176097,-0.00883908001760969,snapshot_703.xyz,16,4000,16.796962,4000,all,703
0.233961,0.233547,0.0,1.0017726624619456,-0.0017726624619456288,snapshot_704.xyz,16,4000,16.796962,4000,all,704
0.236856,0.239746,0.0,0.987945575734319,0.01205442426568104,snapshot_705.xyz,16,4000,16.796962,4000,all,705
0.228159,0.228574,0.0,0.9981843954255515,0.001815604574448515,snapshot_706.xyz,16,4000,16.796962,4000,all,706
0.229819,0.235202,0.0,0.9771132898529774,0.022886710147022593,snapshot_707.xyz,16,4000,16.796962,4000,all,707
0.236443,0.240159,0.0,0.9845269175837673,0.015473082416232686,snapshot_708.xyz,16,4000,16.796962,4000,all,708
0.236856,0.236443,0.0,1.0017467211970752,-0.0017467211970751961,snapshot_709.xyz,16,4000,16.796962,4000,all,709
0.231891,0.234789,0.0,0.987657002670483,0.012342997329517047,snapshot_710.xyz,16,4000,16.796962,4000,all,710
0.237682,0.240159,0.0,0.9896859996918708,0.010314000308129234,snapshot_711.xyz,16,4000,16.796962,4000,all,711
0.233961,0.235616,0.0,0.9929758590248541,0.0070241409751459205,snapshot_712.xyz,16,4000,16.796962,4000,all,712
0.234375,0.233547,0.0,1.003545324923891,-0.0035453249238910356,snapshot_713.xyz,16,4000,16.796962,4000,all,713
0.232719,0.234375,0.0,0.9929344,0.007065600000000005,snapshot_714.xyz,16,4000,16.796962,4000,all,714
0.224004,0.230233,0.0,0.9729447993988699,0.02705520060113009,snapshot_715.xyz,16,4000,16.796962,4000,all,715
0.232719,0.234375,0.0,0.9929344,0.007065600000000005,snapshot_716.xyz,16,4000,16.796962,4000,all,716
0.22442,0.231891,0.0,0.9677822770180817,0.03221772298191827,snapshot_717.xyz,16,4000,16.796962,4000,all,717
0.232719,0.232719,0.0,1.0,0.0,snapshot_718.xyz,16,4000,16.796962,4000,all,718
0.227744,0.232305,0.0,0.9803663287488431,0.019633671251156892,snapshot_719.xyz,16,4000,16.796962,4000,all,719
0.234375,0.237682,0.0,0.9860864516454758,0.013913548354524186,snapshot_720.xyz,16,4000,16.796962,4000,all,720
0.234789,0.240571,0.0,0.9759655153779965,0.024034484622003527,snapshot_721.xyz,16,4000,16.796962,4000,all,721
0.231891,0.233133,0.0,0.994672568876993,0.005327431123007043,snapshot_722.xyz,16,4000,16.796962,4000,all,722
0.232719,0.238095,0.0,0.9774207774207775,0.022579222579222513,snapshot_723.xyz,16,4000,16.796962,4000,all,723
0.230233,0.233133,0.0,0.9875607485855713,0.012439251414428698,snapshot_724.xyz,16,4000,16.796962,4000,all,724
0.236029,0.238921,0.0,0.987895580547545,0.012104419452454995,snapshot_725.xyz,16,4000,16.796962,4000,all,725
0.236856,0.240159,0.0,0.9862466116198019,0.013753388380198128,snapshot_726.xyz,16,4000,16.796962,4000,all,726
0.235202,0.238095,0.0,0.9878493878493878,0.012150612150612194,snapshot_727.xyz,16,4000,16.796962,4000,all,727
0.229404,0.236856,0.0,0.9685378457797142,0.031462154220285754,snapshot_728.xyz,16,4000,16.796962,4000,all,728
0.231477,0.233961,0.0,0.9893828458589251,0.010617154141074892,snapshot_729.xyz,16,4000,16.796962,4000,all,729
0.237269,0.237682,0.0,0.9982623841940071,0.0017376158059928537,snapshot_730.xyz,16,4000,16.796962,4000,all,730
0.232719,0.235616,0.0,0.9877045701480376,0.012295429851962414,snapshot_731.xyz,16,4000,16.796962,4000,all,731
0.231062,0.232719,0.0,0.9928798250250301,0.007120174974969862,snapshot_732.xyz,16,4000,16.796962,4000,all,732
0.227329,0.228989,0.0,0.992750743485495,0.007249256514505031,snapshot_733.xyz,16,4000,16.796962,4000,all,733
0.228159,0.229819,0.0,0.9927769244492405,0.007223075550759517,snapshot_734.xyz,16,4000,16.796962,4000,all,734
0.233133,0.237269,0.0,0.9825683085443104,0.01743169145568957,snapshot_735.xyz,16,4000,16.796962,4000,all,735
0.228574,0.233133,0.0,0.9804446388971102,0.0195553611028898,snapshot_736.xyz,16,4000,16.796962,4000,all,736
0.226083,0.227744,0.0,0.9927067233384853,0.0072932766615146916,snapshot_737.xyz,16,4000,16.796962,4000,all,737
0.227329,0.227744,0.0,0.9981777785583813,0.0018222214416186988,snapshot_738.xyz,16,4000,16.796962,4000,all,738
0.233961,0.235202,0.0,0.9947236843224122,0.005276315677587795,snapshot_739.xyz,16,4000,16.796962,4000,all,739
0.235616,0.233961,0.0,1.0070738285440735,-0.007073828544073457,snapshot_740.xyz,16,4000,16.796962,4000,all,740
0.230648,0.235202,0.0,0.9806379197455803,0.019362080254419656,snapshot_741.xyz,16,4000,16.796962,4000,all,741
0.232719,0.233547,0.0,0.9964546750761089,0.0035453249238911466,snapshot_742.xyz,16,4000,16.796962,4000,all,742
0.233133,0.237682,0.0,0.9808609823209162,0.01913901767908377,snapshot_743.xyz,16,4000,16.796962,4000,all,743
0.233547,0.236443,0.0,0.9877518048747479,0.012248195125252104,snapshot_744.xyz,16,4000,16.796962,4000,all,744
0.230233,0.232719,0.0,0.9893175890236723,0.010682410976327716,snapshot_745.xyz,16,4000,16.796962,4000,all,745
0.227744,0.228574,0.0,0.996368790851103,0.00363120914889703,snapshot_746.xyz,16,4000,16.796962,4000,all,746
0.230233,0.233961,0.0,0.9840657203551019,0.01593427964489813,snapshot_747.xyz,16,4000,16.796962,4000,all,747
0.228989,0.230648,0.0,0.9928072213936389,0.007192778606361139,snapshot_748.xyz,16,4000,16.796962,4000,all,748
0.234375,0.238921,0.0,0.9809727901691354,0.01902720983086459,snapshot_749.xyz,16,4000,16.796962,4000,all,749
0.228574,0.228159,0.0,1.0018189069903005,-0.0018189069903005173,snapshot_750.xyz,16,4000,16.796962,4000,all,750
0.235616,0.238508,0.0,0.987874620557801,0.012125379442199047,snapshot_751.xyz,16,4000,16.796962,4000,all,751
0.231891,0.234375,0.0,0.9894016000000001,0.010598399999999897,snapshot_752.xyz,16,4000,16.796962,4000,all,752
0.237682,0.238095,0.0,0.9982653982653983,0.001734601734601715,snapshot_753.xyz,16,4000,16.796962,4000,all,753
0.234789,0.235616,0.0,0.9964900516093984,0.0035099483906015916,snapshot_754.xyz,16,4000,16.796962,4000,all,754
0.232305,0.233547,0.0,0.9946820126141633,0.005317987385836664,snapshot_755.xyz,16,4000,16.796962,4000,all,755
0.236443,0.239334,0.0,0.9879206464605947,0.012079353539405258,snapshot_756.xyz,16,4000,16.796962,4000,all,756
0.233133,0.238095,0.0,0.9791595791595792,0.020840420840420815,snapshot_757.xyz,16,4000,16.796962,4000,all,757
0.228574,0.232305,0.0,0.9839392178386173,0.016060782161382736,snapshot_758.xyz,16,4000,16.796962,4000,all,758
0.234789,0.233133,0.0,1.0071032414973426,-0.007103241497342649,snapshot_759.xyz,16,4000,16.796962,4000,all,759
0.240159,0.240571,0.0,0.9982874078754297,0.0017125921245703113,snapshot_760.xyz,16,4000,16.796962,4000,all,760
0.235616,0.235616,0.0,1.0,0.0,snapshot_761.xyz,16,4000,16.796962,4000,all,761
0.233547,0.236856,0.0,0.9860294862701388,0.013970513729861245,snapshot_762.xyz,16,4000,16.796962,4000,all,762
0.230648,0.232719,0.0,0.9911008555382241,0.008899144461775865,snapshot_763.xyz,16,4000,16.796962,4000,all,763
0.232305,0.236443,0.0,0.9824989532360866,0.017501046763913397,snapshot_764.xyz,16,4000,16.796962,4000,all,764
0.235616,0.240984,0.0,0.9777246622182385,0.022275337781761495,snapshot_765.xyz,16,4000,16.796962,4000,all,765
0.232719,0.236029,0.0,0.9859762995225164,0.01402370047748358,snapshot_766.xyz,16,4000,16.796962,4000,all,766
0.229404,0.234375,0.0,0.9787904,0.02120960000000005,snapshot_767.xyz,16,4000,16.796962,4000,all,767
0.235616,0.234789,0.0,1.0035223115222605,-0.0035223115222604573,snapshot_768.xyz,16,4000,16.796962,4000,all,768
0.234789,0.238095,0.0,0.9861147861147861,0.01388521388521391,snapshot_769.xyz,16,4000,16.796962,4000,all,769
0.234789,0.238508,0.0,0.9844072316232579,0.015592768376742061,snapshot_770.xyz,16,4000,16.796962,4000,all,770
0.234789,0.230648,0.0,1.01795376504457,-0.017953765044570025,snapshot_771.xyz,16,4000,16.796962,4000,all,771
0.233133,0.235616,0.0,0.9894616664403098,0.01053833355969025,snapshot_772.xyz,16,4000,16.796962,4000,all,772
0.234375,0.236029,0.0,0.9929923865287741,0.007007613471225915,snapshot_773.xyz,16,4000,16.796962,4000,all,773
0.235616,0.237269,0.0,0.9930332238935553,0.006966776106444694,snapshot_774.xyz,16,4000,16.796962,4000,all,774
0.236856,0.233547,0.0,1.0141684543154055,-0.014168454315405477,snapshot_775.xyz,16,4000,16.796962,4000,all,775
0.234375,0.236443,0.0,0.9912537059671888,0.008746294032811242,snapshot_776.xyz,16,4000,16.796962,4000,all,776
0.230648,0.236029,0.0,0.9772019539971784,0.022798046002821648,snapshot_777.xyz,16,4000,16.796962,4000,all,777
0.240159,0.240571,0.0,0.9982874078754297,0.0017125921245703113,snapshot_778.xyz,16,4000,16.796962,4000,all,778
0.238095,0.239334,0.0,0.9948231341973979,0.005176865802602126,snapshot_779.xyz,16,4000,16.796962,4000,all,779
0.238508,0.240159,0.0,0.9931253877639397,0.00687461223606034,snapshot_780.xyz,16,4000,16.796962,4000,all,780
0.229404,0.236029,0.0,0.9719314152074534,0.02806858479254659,snapshot_781.xyz,16,4000,16.796962,4000,all,781
0.233133,0.237682,0.0,0.9808609823209162,0.01913901767908377,snapshot_782.xyz,16,4000,16.796962,4000,all,782
0.232719,0.232719,0.0,1.0,0.0,snapshot_783.xyz,16,4000,16.796962,4000,all,783
0.234375,0.235202,0.0,0.9964838734364504,0.003516126563549604,snapshot_784.xyz,16,4000,16.796962,4000,all,784
0.229404,0.230233,0.0,0.9963992998397276,0.003600700160272363,snapshot_785.xyz,16,4000,16.796962,4000,all,785
0.228574,0.231477,0.0,0.9874587972023139,0.012541202797686113,snapshot_786.xyz,16,4000,16.796962,4000,all,786
0.226914,0.233547,0.0,0.9715988644683939,0.02840113553160606,snapshot_787.xyz,16,4000,16.796962,4000,all,787
0.240571,0.243869,0.0,0.9864763459070238,0.013523654092976178,snapshot_788.xyz,16,4000,16.796962,4000,all,788
0.235616,0.238095,0.0,0.9895881895881895,0.010411810411810496,snapshot_789.xyz,16,4000,16.796962,4000,all,789
0.234375,0.238921,0.0,0.9809727901691354,0.01902720983086459,snapshot_790.xyz,16,4000,16.796962,4000,all,790
0.236856,0.236029,0.0,1.003503806735613,-0.003503806735613013,snapshot_791.xyz,16,4000,16.796962,4000,all,791
0.241396,0.246338,0.0,0.9799381337836631,0.020061866216336877,snapshot_792.xyz,16,4000,16.796962,4000,all,792
0.233961,0.238095,0.0,0.9826371826371827,0.017362817362817307,snapshot_793.xyz,16,4000,16.796962,4000,all,793
0.232719,0.234375,0.0,0.9929344,0.007065600000000005,snapshot_794.xyz,16,4000,16.796962,4000,all,794
0.235202,0.238921,0.0,0.9844341853583402,0.015565814641659848,snapshot_795.xyz,16,4000,16.796962,4000,all,795
0.233961,0.232719,0.0,1.0053369084604178,-0.0053369084604177885,snapshot_796.xyz,16,4000,16.796962,4000,all,796
0.230648,0.231891,0.0,0.9946397229732934,0.005360277026706606,snapshot_797.xyz,16,4000,16.796962,4000,all,797
0.235616,0.236443,0.0,0.9965023282567046,0.003497671743295405,snapshot_798.xyz,16,4000,16.796962,4000,all,798
0.235616,0.236029,0.0,0.9982502150159515,0.0017497849840485413,snapshot_799.xyz,16,4000,16.796962,4000,all,799
0.235616,0.240571,0.0,0.9794031699581411,0.02059683004185886,snapshot_800.xyz,16,4000,16.796962,4000,all,800
0.235202,0.240984,0.0,0.9760067058393918,0.023993294160608247,snapshot_801.xyz,16,4000,16.796962,4000,all,801
0.237269,0.239746,0.0,0.989668232212425,0.010331767787575052,snapshot_802.xyz,16,4000,16.796962,4000,all,802
0.233547,0.234789,0.0,0.9947101440016355,0.005289855998364512,snapshot_803.xyz,16,4000,16.796962,4000,all,803
0.236029,0.238921,0.0,0.987895580547545,0.012104419452454995,snapshot_804.xyz,16,4000,16.796962,4000,all,804
0.233547,0.235202,0.0,0.9929634952083741,0.007036504791625875,snapshot_805.xyz,16,4000,16.796962,4000,all,805
0.234375,0.234789,0.0,0.9982367146672119,0.0017632853327881337,snapshot_806.xyz,16,4000,16.796962,4000,all,806
0.230648,0.231891,0.0,0.9946397229732934,0.005360277026706606,snapshot_807.xyz,16,4000,16.796962,4000,all,807
0.231062,0.230648,0.0,1.0017949429433595,-0.0017949429433594677,snapshot_808.xyz,16,4000,16.796962,4000,all,808
0.230233,0.230648,0.0,0.9982007214456662,0.0017992785543338163,snapshot_809.xyz,16,4000,16.796962,4000,all,809
0.236856,0.239746,0.0,0.987945575734319,0.01205442426568104,snapshot_810.xyz,16,4000,16.796962,4000,all,810
0.231891,0.232305,0.0,0.9982178601407632,0.0017821398592368087,snapshot_811.xyz,16,4000,16.796962,4000,all,811
0.229819,0.234789,0.0,0.9788320577199102,0.02116794228008978,snapshot_812.xyz,16,4000,16.796962,4000,all,812
0.239746,0.240984,0.0,0.9948627294758158,0.005137270524184223,snapshot_813.xyz,16,4000,16.796962,4000,all,813
0.231477,0.237269,0.0,0.9755888885610846,0.02441111143891539,snapshot_814.xyz,16,4000,16.796962,4000,all,814
0.237269,0.238508,0.0,0.9948052056954065,0.005194794304593464,snapshot_815.xyz,16,4000,16.796962,4000,all,815
0.232305,0.233961,0.0,0.9929218972392835,0.00707810276071652,snapshot_816.xyz,16,4000,16.796962,4000,all,816
0.235616,0.238508,0.0,0.987874620557801,0.012125379442199047,snapshot_817.xyz,16,4000,16.796962,4000,all,817
0.231891,0.232719,0.0,0.9964420610263881,0.003557938973611896,snapshot_818.xyz,16,4000,16.796962,4000,all,818
0.228574,0.232305,0.0,0.9839392178386173,0.016060782161382736,snapshot_819.xyz,16,4000,16.796962,4000,all,819
0.233547,0.236856,0.0,0.9860294862701388,0.013970513729861245,snapshot_820.xyz,16,4000,16.796962,4000,all,820
0.239334,0.237682,0.0,1.0069504632239714,-0.006950463223971415,snapshot_821.xyz,16,4000,16.796962,4000,all,821
0.237269,0.240159,0.0,0.9879663056558363,0.012033694344163681,snapshot_822.xyz,16,4000,16.796962,4000,all,822
0.236856,0.238095,0.0,0.9947961947961949,0.005203805203805145,snapshot_823.xyz,16,4000,16.796962,4000,all,823
0.242633,0.243045,0.0,0.998304840667366,0.0016951593326339776,snapshot_824.xyz,16,4000,16.796962,4000,all,824
0.238095,0.240984,0.0,0.988011652225874,0.011988347774126051,snapshot_825.xyz,16,4000,16.796962,4000,all,825
0.240571,0.241396,0.0,0.9965823791612123,0.003417620838787716,snapshot_826.xyz,16,4000,16.796962,4000,all,826
0.242633,0.24428,0.0,0.9932577370230882,0.006742262976911828,snapshot_827.xyz,16,4000,16.796962,4000,all,827
0.233133,0.237269,0.0,0.9825683085443104,0.01743169145568957,snapshot_828.xyz,16,4000,16.796962,4000,all,828
0.237269,0.240159,0.0,0.9879663056558363,0.012033694344163681,snapshot_829.xyz,16,4000,16.796962,4000,all,829
0.236856,0.242221,0.0,0.977850805669203,0.022149194330796984,snapshot_830.xyz,16,4000,16.796962,4000,all,830
0.234375,0.238921,0.0,0.9809727901691354,0.01902720983086459,snapshot_831.xyz,16,4000,16.796962,4000,all,831
0.238095,0.245104,0.0,0.971403975455317,0.02859602454468302,snapshot_832.xyz,16,4000,16.796962,4000,all,832
0.236029,0.237269,0.0,0.994773864263768,0.005226135736231985,snapshot_833.xyz,16,4000,16.796962,4000,all,833
0.233133,0.235616,0.0,0.9894616664403098,0.01053833355969025,snapshot_834.xyz,16,4000,16.796962,4000,all,834
0.242221,0.244692,0.0,0.9899015905710036,0.010098409428996424,snapshot_835.xyz,16,4000,16.796962,4000,all,835
0.238921,0.238921,0.0,1.0,0.0,snapshot_836.xyz,16,4000,16.796962,4000,all,836
0.233133,0.233961,0.0,0.9964609486196417,0.00353905138035826,snapshot_837.xyz,16,4000,16.796962,4000,all,837
0.236029,0.237269,0.0,0.994773864263768,0.005226135736231985,snapshot_838.xyz,16,4000,16.796962,4000,all,838
0.234789,0.237682,0.0,0.9878282747536624,0.012171725246337584,snapshot_839.xyz,16,4000,16.796962,4000,all,839
0.236443,0.241396,0.0,0.9794818472551325,0.020518152744867457,snapshot_840.xyz,16,4000,16.796962,4000,all,840
0.236029,0.239746,0.0,0.984496091697046,0.015503908302954006,snapshot_841.xyz,16,4000,16.796962,4000,all,841
0.235202,0.237682,0.0,0.9895658905596553,0.01043410944034473,snapshot_842.xyz,16,4000,16.796962,4000,all,842
0.226083,0.228159,0.0,0.9909010821400865,0.009098917859913458,snapshot_843.xyz,16,4000,16.796962,4000,all,843
0.227744,0.230233,0.0,0.9891892126671676,0.010810787332832361,snapshot_844.xyz,16,4000,16.796962,4000,all,844
0.235616,0.234789,0.0,1.0035223115222605,-0.0035223115222604573,snapshot_845.xyz,16,4000,16.796962,4000,all,845
0.236443,0.236443,0.0,1.0,0.0,snapshot_846.xyz,16,4000,16.796962,4000,all,846
0.237269,0.240159,0.0,0.9879663056558363,0.012033694344163681,snapshot_847.xyz,16,4000,16.796962,4000,all,847
0.238921,0.238921,0.0,1.0,0.0,snapshot_848.xyz,16,4000,16.796962,4000,all,848
0.233133,0.237682,0.0,0.9808609823209162,0.01913901767908377,snapshot_849.xyz,16,4000,16.796962,4000,all,849
0.228989,0.238508,0.0,0.9600893890351686,0.039910610964831394,snapshot_850.xyz,16,4000,16.796962,4000,all,850
0.233133,0.232719,0.0,1.001778969486806,-0.0017789694868060035,snapshot_851.xyz,16,4000,16.796962,4000,all,851
0.233547,0.236856,0.0,0.9860294862701388,0.013970513729861245,snapshot_852.xyz,16,4000,16.796962,4000,all,852
0.233961,0.236856,0.0,0.9877773837268213,0.012222616273178666,snapshot_853.xyz,16,4000,16.796962,4000,all,853
0.230648,0.233133,0.0,0.9893408483569464,0.010659151643053644,snapshot_854.xyz,16,4000,16.796962,4000,all,854
0.236856,0.238095,0.0,0.9947961947961949,0.005203805203805145,snapshot_855.xyz,16,4000,16.796962,4000,all,855
0.236443,0.238921,0.0,0.9896283708840997,0.010371629115900283,snapshot_856.xyz,16,4000,16.796962,4000,all,856
0.233961,0.236029,0.0,0.9912383647772096,0.008761635222790387,snapshot_857.xyz,16,4000,16.796962,4000,all,857
0.235616,0.237269,0.0,0.9930332238935553,0.006966776106444694,snapshot_858.xyz,16,4000,16.796962,4000,all,858
0.232305,0.237269,0.0,0.9790785985526976,0.020921401447302368,snapshot_859.xyz,16,4000,16.796962,4000,all,859
0.232719,0.237269,0.0,0.980823453548504,0.019176546451496024,snapshot_860.xyz,16,4000,16.796962,4000,all,860
0.236856,0.238508,0.0,0.9930736075938753,0.006926392406124693,snapshot_861.xyz,16,4000,16.796962,4000,all,861
0.235202,0.234789,0.0,1.0017590261894722,-0.0017590261894722126,snapshot_862.xyz,16,4000,16.796962,4000,all,862
0.237269,0.238095,0.0,0.9965307965307966,0.00346920346920343,snapshot_863.xyz,16,4000,16.796962,4000,all,863
0.238508,0.239746,0.0,0.9948362016467428,0.0051637983532571985,snapshot_864.xyz,16,4000,16.796962,4000,all,864
0.234789,0.238095,0.0,0.9861147861147861,0.01388521388521391,snapshot_865.xyz,16,4000,16.796962,4000,all,865
0.241808,0.243045,0.0,0.9949104075376987,0.00508959246230134,snapshot_866.xyz,16,4000,16.796962,4000,all,866
0.231477,0.233547,0.0,0.9911366876902721,0.008863312309727922,snapshot_867.xyz,16,4000,16.796962,4000,all,867
0.234789,0.240984,0.0,0.974292899113634,0.025707100886365963,snapshot_868.xyz,16,4000,16.796962,4000,all,868
0.238508,0.241396,0.0,0.9880362557788861,0.011963744221113903,snapshot_869.xyz,16,4000,16.796962,4000,all,869
0.232305,0.236443,0.0,0.9824989532360866,0.017501046763913397,snapshot_870.xyz,16,4000,16.796962,4000,all,870
0.241396,0.243045,0.0,0.9932152482050649,0.0067847517949350955,snapshot_871.xyz,16,4000,16.796962,4000,all,871
0.237682,0.241396,0.0,0.9846144923693848,0.015385507630615192,snapshot_872.xyz,16,4000,16.796962,4000,all,872
0.241808,0.242221,0.0,0.9982949455249545,0.001705054475045542,snapshot_873.xyz,16,4000,16.796962,4000,all,873
0.233961,0.238508,0.0,0.9809356499572341,0.019064350042765854,snapshot_874.xyz,16,4000,16.796962,4000,all,874
0.237269,0.241396,0.0,0.982903610664634,0.017096389335365947,snapshot_875.xyz,16,4000,16.796962,4000,all,875
0.243045,0.24428,0.0,0.9949443261830687,0.005055673816931283,snapshot_876.xyz,16,4000,16.796962,4000,all,876
0.231477,0.232305,0.0,0.9964357202815264,0.0035642797184736175,snapshot_877.xyz,16,4000,16.796962,4000,all,877
0.232719,0.234375,0.0,0.9929344,0.007065600000000005,snapshot_878.xyz,16,4000,16.796962,4000,all,878
0.233961,0.238921,0.0,0.9792399998325807,0.0207600001674193,snapshot_879.xyz,16,4000,16.796962,4000,all,879
0.230233,0.233547,0.0,0.9858101367176628,0.014189863282337178,snapshot_880.xyz,16,4000,16.796962,4000,all,880
0.234789,0.234789,0.0,1.0,0.0,snapshot_881.xyz,16,4000,16.796962,4000,all,881
0.239746,0.235202,0.0,1.019319563609153,-0.01931956360915299,snapshot_882.xyz,16,4000,16.796962,4000,all,882
0.238095,0.242221,0.0,0.9829659690943395,0.01703403090566047,snapshot_883.xyz,16,4000,16.796962,4000,all,883
0.231891,0.234789,0.0,0.987657002670483,0.012342997329517047,snapshot_884.xyz,16,4000,16.796962,4000,all,884
0.228159,0.233133,0.0,0.978664539125735,0.021335460874264967,snapshot_885.xyz,16,4000,16.796962,4000,all,885
0.235202,0.236856,0.0,0.9930168541223359,0.006983145877664132,snapshot_886.xyz,16,4000,16.796962,4000,all,886
0.237682,0.240984,0.0,0.9862978455001162,0.013702154499883767,snapshot_887.xyz,16,4000,16.796962,4000,all,887
0.238508,0.240571,0.0,0.9914245690461443,0.008575430953855712,snapshot_888.xyz,16,4000,16.796962,4000,all,888
0.236029,0.240159,0.0,0.9828030596396553,0.017196940360344692,snapshot_889.xyz,16,4000,16.796962,4000,all,889
0.233547,0.234375,0.0,0.9964672,0.0035328000000000026,snapshot_890.xyz,16,4000,16.796962,4000,all,890
0.242633,0.238508,0.0,1.0172950173579083,-0.017295017357908282,snapshot_891.xyz,16,4000,16.796962,4000,all,891
0.240571,0.243457,0.0,0.9881457505842921,0.011854249415707896,snapshot_892.xyz,16,4000,16.796962,4000,all,892
0.237269,0.237682,0.0,0.9982623841940071,0.0017376158059928537,snapshot_893.xyz,16,4000,16.796962,4000,all,893
0.234789,0.236029,0.0,0.9947464082803384,0.0052535917196615545,snapshot_894.xyz,16,4000,16.796962,4000,all,894
0.237682,0.237682,0.0,1.0,0.0,snapshot_895.xyz,16,4000,16.796962,4000,all,895
0.240159,0.243045,0.0,0.9881256557427637,0.011874344257236324,snapshot_896.xyz,16,4000,16.796962,4000,all,896
0.236443,0.240571,0.0,0.9828408245382859,0.017159175461714082,snapshot_897.xyz,16,4000,16.796962,4000,all,897
0.236856,0.241808,0.0,0.9795209422351618,0.02047905776483816,snapshot_898.xyz,16,4000,16.796962,4000,all,898
0.228159,0.235202,0.0,0.9700555267387182,0.0299444732612818,snapshot_899.xyz,16,4000,16.796962,4000,all,899
0.233547,0.238921,0.0,0.9775072094960259,0.022492790503974125,snapshot_900.xyz,16,4000,16.796962,4000,all,900
0.233547,0.240571,0.0,0.9708027983422773,0.02919720165772266,snapshot_901.xyz,16,4000,16.796962,4000,all,901
0.234375,0.233961,0.0,1.001769525690179,-0.0017695256901790746,snapshot_902.xyz,16,4000,16.796962,4000,all,902
0.231891,0.234789,0.0,0.987657002670483,0.012342997329517047,snapshot_903.xyz,16,4000,16.796962,4000,all,903
0.238921,0.240159,0.0,0.9948450817999741,0.005154918200025893,snapshot_904.xyz,16,4000,16.796962,4000,all,904
0.238508,0.24428,0.0,0.9763713771082364,0.023628622891763595,snapshot_905.xyz,16,4000,16.796962,4000,all,905
0.238095,0.234375,0.0,1.015872,-0.015872000000000108,snapshot_906.xyz,16,4000,16.796962,4000,all,906
0.230233,0.237269,0.0,0.9703458943224778,0.029654105677522247,snapshot_907.xyz,16,4000,16.796962,4000,all,907
0.233133,0.235616,0.0,0.9894616664403098,0.01053833355969025,snapshot_908.xyz,16,4000,16.796962,4000,all,908
0.238095,0.241396,0.0,0.9863253740741355,0.013674625925864548,snapshot_909.xyz,16,4000,16.796962,4000,all,909
0.231477,0.234375,0.0,0.9876351999999999,0.012364800000000065,snapshot_910.xyz,16,4000,16.796962,4000,all,910
0.237682,0.236029,0.0,1.00700337670371,-0.007003376703710096,snapshot_911.xyz,16,4000,16.796962,4000,all,911
0.237269,0.240571,0.0,0.9862743223414293,0.01372567765857069,snapshot_912.xyz,16,4000,16.796962,4000,all,912
0.233961,0.240159,0.0,0.9741920977352504,0.025807902264749605,snapshot_913.xyz,16,4000,16.796962,4000,all,913
0.238095,0.236029,0.0,1.0087531616877587,-0.008753161687758748,snapshot_914.xyz,16,4000,16.796962,4000,all,914
0.237682,0.235202,0.0,1.0105441280261223,-0.010544128026122257,snapshot_915.xyz,16,4000,16.796962,4000,all,915
0.240984,0.242633,0.0,0.9932037274402081,0.006796272559791872,snapshot_916.xyz,16,4000,16.796962,4000,all,916
0.238095,0.238095,0.0,1.0,0.0,snapshot_917.xyz,16,4000,16.796962,4000,all,917
0.232719,0.233547,0.0,0.9964546750761089,0.0035453249238911466,snapshot_918.xyz,16,4000,16.796962,4000,all,918
0.237682,0.238921,0.0,0.9948141854420499,0.005185814557950086,snapshot_919.xyz,16,4000,16.796962,4000,all,919
0.234375,0.234789,0.0,0.9982367146672119,0.0017632853327881337,snapshot_920.xyz,16,4000,16.796962,4000,all,920
0.234789,0.239746,0.0,0.9793239511816673,0.020676048818332737,snapshot_921.xyz,16,4000,16.796962,4000,all,921
0.236029,0.237269,0.0,0.994773864263768,0.005226135736231985,snapshot_922.xyz,16,4000,16.796962,4000,all,922
0.236856,0.242633,0.0,0.9761903780606925,0.023809621939307468,snapshot_923.xyz,16,4000,16.796962,4000,all,923
0.235616,0.239746,0.0,0.9827734352189401,0.017226564781059883,snapshot_924.xyz,16,4000,16.796962,4000,all,924
0.235202,0.236443,0.0,0.9947513777104842,0.005248622289515836,snapshot_925.xyz,16,4000,16.796962,4000,all,925
0.235202,0.238508,0.0,0.9861388297247891,0.013861170275210943,snapshot_926.xyz,16,4000,16.796962,4000,all,926
0.234375,0.240571,0.0,0.9742446096994234,0.02575539030057661,snapshot_927.xyz,16,4000,16.796962,4000,all,927
0.238508,0.238095,0.0,1.0017346017346018,-0.001734601734601826,snapshot_928.xyz,16,4000,16.796962,4000,all,928
0.238095,0.242221,0.0,0.9829659690943395,0.01703403090566047,snapshot_929.xyz,16,4000,16.796962,4000,all,929
0.246749,0.245515,0.0,1.0050261694804798,-0.005026169480479847,snapshot_930.xyz,16,4000,16.796962,4000,all,930
0.239334,0.241396,0.0,0.9914580191883875,0.008541980811612504,snapshot_931.xyz,16,4000,16.796962,4000,all,931
0.237682,0.240984,0.0,0.9862978455001162,0.013702154499883767,snapshot_932.xyz,16,4000,16.796962,4000,all,932
0.238508,0.238921,0.0,0.99827139514735,0.0017286048526500286,snapshot_933.xyz,16,4000,16.796962,4000,all,933
0.241396,0.243869,0.0,0.9898593097113614,0.01014069028863862,snapshot_934.xyz,16,4000,16.796962,4000,all,934
0.237682,0.238508,0.0,0.9965368037969377,0.0034631962030623464,snapshot_935.xyz,16,4000,16.796962,4000,all,935
0.229404,0.233961,0.0,0.9805223947581007,0.019477605241899343,snapshot_936.xyz,16,4000,16.796962,4000,all,936
0.235202,0.233133,0.0,1.0088747624746388,-0.008874762474638809,snapshot_937.xyz,16,4000,16.796962,4000,all,937
0.236029,0.238095,0.0,0.9913227913227912,0.00867720867720878,snapshot_938.xyz,16,4000,16.796962,4000,all,938
0.242633,0.239746,0.0,1.0120419110224987,-0.012041911022498741,snapshot_939.xyz,16,4000,16.796962,4000,all,939
0.236856,0.240159,0.0,0.9862466116198019,0.013753388380198128,snapshot_940.xyz,16,4000,16.796962,4000,all,940
0.232719,0.235616,0.0,0.9877045701480376,0.012295429851962414,snapshot_941.xyz,16,4000,16.796962,4000,all,941
0.233133,0.236443,0.0,0.9860008543285275,0.013999145671472535,snapshot_942.xyz,16,4000,16.796962,4000,all,942
0.235202,0.240159,0.0,0.9793595076595089,0.020640492340491146,snapshot_943.xyz,16,4000,16.796962,4000,all,943
0.233547,0.236443,0.0,0.9877518048747479,0.012248195125252104,snapshot_944.xyz,16,4000,16.796962,4000,all,944
0.236029,0.241396,0.0,0.9777668229796682,0.022233177020331785,snapshot_945.xyz,16,4000,16.796962,4000,all,945
0.231891,0.236029,0.0,0.9824682560193876,0.017531743980612413,snapshot_946.xyz,16,4000,16.796962,4000,all,946
0.240984,0.238921,0.0,1.0086346532954409,-0.008634653295440886,snapshot_947.xyz,16,4000,16.796962,4000,all,947
0.234789,0.240984,0.0,0.974292899113634,0.025707100886365963,snapshot_948.xyz,16,4000,16.796962,4000,all,948
0.237682,0.237269,0.0,1.0017406403702127,-0.0017406403702127093,snapshot_949.xyz,16,4000,16.796962,4000,all,949
0.231062,0.233547,0.0,0.9893597434349403,0.010640256565059736,snapshot_950.xyz,16,4000,16.796962,4000,all,950
0.237682,0.237269,0.0,1.0017406403702127,-0.0017406403702127093,snapshot_951.xyz,16,4000,16.796962,4000,all,951
0.233547,0.236856,0.0,0.9860294862701388,0.013970513729861245,snapshot_952.xyz,16,4000,16.796962,4000,all,952
0.238921,0.239746,0.0,0.9965588581248488,0.00344114187515121,snapshot_953.xyz,16,4000,16.796962,4000,all,953
0.242221,0.239334,0.0,1.0120626404940376,-0.012062640494037602,snapshot_954.xyz,16,4000,16.796962,4000,all,954
0.236856,0.236443,0.0,1.0017467211970752,-0.0017467211970751961,snapshot_955.xyz,16,4000,16.796962,4000,all,955
0.230233,0.236029,0.0,0.9754436954780981,0.02455630452190194,snapshot_956.xyz,16,4000,16.796962,4000,all,956
0.237682,0.239746,0.0,0.9913908886905309,0.008609111309469064,snapshot_957.xyz,16,4000,16.796962,4000,all,957
0.239746,0.242633,0.0,0.9881013712067196,0.011898628793280408,snapshot_958.xyz,16,4000,16.796962,4000,all,958
0.232305,0.237269,0.0,0.9790785985526976,0.020921401447302368,snapshot_959.xyz,16,4000,16.796962,4000,all,959
0.236029,0.239746,0.0,0.984496091697046,0.015503908302954006,snapshot_960.xyz,16,4000,16.796962,4000,all,960
0.238095,0.238921,0.0,0.9965427902946999,0.0034572097053000572,snapshot_961.xyz,16,4000,16.796962,4000,all,961
0.232719,0.231891,0.0,1.003570643103872,-0.0035706431038720066,snapshot_962.xyz,16,4000,16.796962,4000,all,962
0.231062,0.232305,0.0,0.9946492757366392,0.0053507242633608065,snapshot_963.xyz,16,4000,16.796962,4000,all,963
0.237269,0.238921,0.0,0.9930855805893999,0.0069144194106001144,snapshot_964.xyz,16,4000,16.796962,4000,all,964
0.240984,0.241808,0.0,0.9965923377224906,0.003407662277509438,snapshot_965.xyz,16,4000,16.796962,4000,all,965
0.236029,0.241808,0.0,0.9761008734202342,0.023899126579765784,snapshot_966.xyz,16,4000,16.796962,4000,all,966
0.232305,0.235202,0.0,0.9876829278662597,0.012317072133740337,snapshot_967.xyz,16,4000,16.796962,4000,all,967
0.241396,0.243457,0.0,0.9915344393465786,0.008465560653421411,snapshot_968.xyz,16,4000,16.796962,4000,all,968
0.241808,0.243457,0.0,0.9932267299769568,0.006773270023043176,snapshot_969.xyz,16,4000,16.796962,4000,all,969
0.236443,0.240984,0.0,0.981156425322843,0.018843574677157027,snapshot_970.xyz,16,4000,16.796962,4000,all,970
0.234789,0.235202,0.0,0.9982440625504885,0.0017559374495115243,snapshot_971.xyz,16,4000,16.796962,4000,all,971
0.241396,0.241808,0.0,0.9982961688612453,0.001703831138754719,snapshot_972.xyz,16,4000,16.796962,4000,all,972
0.233133,0.237269,0.0,0.9825683085443104,0.01743169145568957,snapshot_973.xyz,16,4000,16.796962,4000,all,973
0.242633,0.243045,0.0,0.998304840667366,0.0016951593326339776,snapshot_974.xyz,16,4000,16.796962,4000,all,974
0.239746,0.235616,0.0,1.017528520983295,-0.017528520983294937,snapshot_975.xyz,16,4000,16.796962,4000,all,975
0.236443,0.236856,0.0,0.9982563245178504,0.0017436754821495981,snapshot_976.xyz,16,4000,16.796962,4000,all,976
0.238095,0.242221,0.0,0.9829659690943395,0.01703403090566047,snapshot_977.xyz,16,4000,16.796962,4000,all,977
0.234375,0.239334,0.0,0.9792800020055655,0.02071999799443447,snapshot_978.xyz,16,4000,16.796962,4000,all,978
0.239746,0.245515,0.0,0.9765024540252122,0.023497545974787815,snapshot_979.xyz,16,4000,16.796962,4000,all,979
0.238095,0.238095,0.0,1.0,0.0,snapshot_980.xyz,16,4000,16.796962,4000,all,980
0.240159,0.245104,0.0,0.9798248906586593,0.020175109341340702,snapshot_981.xyz,16,4000,16.796962,4000,all,981
0.233961,0.237682,0.0,0.9843446285372893,0.015655371462710677,snapshot_982.xyz,16,4000,16.796962,4000,all,982
0.239746,0.244692,0.0,0.9797868340607784,0.020213165939221622,snapshot_983.xyz,16,4000,16.796962,4000,all,983
0.235616,0.238921,0.0,0.986166975694895,0.013833024305105024,snapshot_984.xyz,16,4000,16.796962,4000,all,984
0.238921,0.243869,0.0,0.9797104182983487,0.020289581701651294,snapshot_985.xyz,16,4000,16.796962,4000,all,985
0.236443,0.241396,0.0,0.9794818472551325,0.020518152744867457,snapshot_986.xyz,16,4000,16.796962,4000,all,986
0.240571,0.241396,0.0,0.9965823791612123,0.003417620838787716,snapshot_987.xyz,16,4000,16.796962,4000,all,987
0.236029,0.239746,0.0,0.984496091697046,0.015503908302954006,snapshot_988.xyz,16,4000,16.796962,4000,all,988
0.239334,0.237682,0.0,1.0069504632239714,-0.006950463223971415,snapshot_989.xyz,16,4000,16.796962,4000,all,989
0.243457,0.247982,0.0,0.9817527078578284,0.01824729214217158,snapshot_990.xyz,16,4000,16.796962,4000,all,990
0.241808,0.242633,0.0,0.9965998029946462,0.0034001970053537667,snapshot_991.xyz,16,4000,16.796962,4000,all,991
0.240984,0.244692,0.0,0.9848462557010447,0.01515374429895533,snapshot_992.xyz,16,4000,16.796962,4000,all,992
0.240984,0.239746,0.0,1.0051637983532573,-0.0051637983532573095,snapshot_993.xyz,16,4000,16.796962,4000,all,993
0.236443,0.238508,0.0,0.9913420094923441,0.008657990507655922,snapshot_994.xyz,16,4000,16.796962,4000,all,994
0.235202,0.240159,0.0,0.9793595076595089,0.020640492340491146,snapshot_995.xyz,16,4000,16.796962,4000,all,995
0.238095,0.238921,0.0,0.9965427902946999,0.0034572097053000572,snapshot_996.xyz,16,4000,16.796962,4000,all,996
0.239746,0.243457,0.0,0.9847570618220054,0.015242938177994603,snapshot_997.xyz,16,4000,16.796962,4000,all,997
0.238921,0.240571,0.0,0.993141317947716,0.006858682052284015,snapshot_998.xyz,16,4000,16.796962,4000,all,998
0.234375,0.233133,0.0,1.005327431123007,-0.0053274311230069316,snapshot_999.xyz,16,4000,16.796962,4000,all,999
0.236443,0.236443,0.0,1.0,0.0,snapshot_1000.xyz,16,4000,16.796962,4000,all,1000
0.234789,0.238508,0.0,0.9844072316232579,0.015592768376742061,snapshot_1001.xyz,16,4000,16.796962,4000,all,1001
0.238508,0.243045,0.0,0.9813326750190293,0.01866732498097068,snapshot_1002.xyz,16,4000,16.796962,4000,all,1002
0.240571,0.245515,0.0,0.9798627375109463,0.020137262489053676,snapshot_1003.xyz,16,4000,16.796962,4000,all,1003
0.240984,0.240984,0.0,1.0,0.0,snapshot_1004.xyz,16,4000,16.796962,4000,all,1004
0.246338,0.249215,0.0,0.9884557510583232,0.011544248941676827,snapshot_1005.xyz,16,4000,16.796962,4000,all,1005
0.240159,0.243457,0.0,0.9864534599539139,0.01354654004608613,snapshot_1006.xyz,16,4000,16.796962,4000,all,1006
0.237269,0.240984,0.0,0.9845840387743585,0.015415961225641484,snapshot_1007.xyz,16,4000,16.796962,4000,all,1007
0.236029,0.242633,0.0,0.9727819381535076,0.027218061846492447,snapshot_1008.xyz,16,4000,16.796962,4000,all,1008
0.239334,0.241396,0.0,0.9914580191883875,0.008541980811612504,snapshot_1009.xyz,16,4000,16.796962,4000,all,1009
0.238508,0.238921,0.0,0.99827139514735,0.0017286048526500286,snapshot_1010.xyz,16,4000,16.796962,4000,all,1010
0.233547,0.235616,0.0,0.9912187627325819,0.008781237267418085,snapshot_1011.xyz,16,4000,16.796962,4000,all,1011
0.239334,0.239334,0.0,1.0,0.0,snapshot_1012.xyz,16,4000,16.796962,4000,all,1012
0.239746,0.242633,0.0,0.9881013712067196,0.011898628793280408,snapshot_1013.xyz,16,4000,16.796962,4000,all,1013
0.245515,0.246338,0.0,0.9966590619392867,0.0033409380607133388,snapshot_1014.xyz,16,4000,16.796962,4000,all,1014
0.237269,0.240159,0.0,0.9879663056558363,0.012033694344163681,snapshot_1015.xyz,16,4000,16.796962,4000,all,1015
0.238095,0.238095,0.0,1.0,0.0,snapshot_1016.xyz,16,4000,16.796962,4000,all,1016
0.237269,0.236029,0.0,1.0052535917196617,-0.0052535917196616655,snapshot_1017.xyz,16,4000,16.796962,4000,all,1017
0.239746,0.238921,0.0,1.0034530242213953,-0.003453024221395262,snapshot_1018.xyz,16,4000,16.796962,4000,all,1018
0.240984,0.241808,0.0,0.9965923377224906,0.003407662277509438,snapshot_1019.xyz,16,4000,16.796962,4000,all,1019
0.239334,0.240159,0.0,0.9965647758360086,0.003435224163991446,snapshot_1020.xyz,16,4000,16.796962,4000,all,1020
0.243457,0.240571,0.0,1.0119964584259948,-0.011996458425994838,snapshot_1021.xyz,16,4000,16.796962,4000,all,1021
0.242221,0.243869,0.0,0.9932422735156989,0.006757726484301063,snapshot_1022.xyz,16,4000,16.796962,4000,all,1022
0.238508,0.240984,0.0,0.9897254589516317,0.010274541048368335,snapshot_1023.xyz,16,4000,16.796962,4000,all,1023
0.234375,0.240571,0.0,0.9742446096994234,0.02575539030057661,snapshot_1024.xyz,16,4000,16.796962,4000,all,1024
0.242633,0.245515,0.0,0.9882614096898356,0.011738590310164443,snapshot_1025.xyz,16,4000,16.796962,4000,all,1025
0.223172,0.225252,0.0,0.9907658977500755,0.009234102249924492,snapshot_1026.xyz,16,4000,16.796962,4000,all,1026
0.232719,0.238095,0.0,0.9774207774207775,0.022579222579222513,snapshot_1027.xyz,16,4000,16.796962,4000,all,1027
0.235202,0.237682,0.0,0.9895658905596553,0.01043410944034473,snapshot_1028.xyz,16,4000,16.796962,4000,all,1028
0.238921,0.240571,0.0,0.993141317947716,0.006858682052284015,snapshot_1029.xyz,16,4000,16.796962,4000,all,1029
0.234789,0.236029,0.0,0.9947464082803384,0.0052535917196615545,snapshot_1030.xyz,16,4000,16.796962,4000,all,1030
0.235616,0.237269,0.0,0.9930332238935553,0.006966776106444694,snapshot_1031.xyz,16,4000,16.796962,4000,all,1031
0.235202,0.234789,0.0,1.0017590261894722,-0.0017590261894722126,snapshot_1032.xyz,16,4000,16.796962,4000,all,1032
0.237682,0.239746,0.0,0.9913908886905309,0.008609111309469064,snapshot_1033.xyz,16,4000,16.796962,4000,all,1033
0.239746,0.240571,0.0,0.996570658973858,0.0034293410261420076,snapshot_1034.xyz,16,4000,16.796962,4000,all,1034
0.233547,0.232305,0.0,1.0053464195777102,-0.005346419577710204,snapshot_1035.xyz,16,4000,16.796962,4000,all,1035
0.238095,0.24716,0.0,0.9633233532934132,0.03667664670658677,snapshot_1036.xyz,16,4000,16.796962,4000,all,1036
0.238508,0.238921,0.0,0.99827139514735,0.0017286048526500286,snapshot_1037.xyz,16,4000,16.796962,4000,all,1037
0.238508,0.241396,0.0,0.9880362557788861,0.011963744221113903,snapshot_1038.xyz,16,4000,16.796962,4000,all,1038
0.232305,0.236443,0.0,0.9824989532360866,0.017501046763913397,snapshot_1039.xyz,16,4000,16.796962,4000,all,1039
0.236029,0.237682,0.0,0.9930453294738347,0.006954670526165274,snapshot_1040.xyz,16,4000,16.796962,4000,all,1040
0.240159,0.245104,0.0,0.9798248906586593,0.020175109341340702,snapshot_1041.xyz,16,4000,16.796962,4000,all,1041
0.238921,0.243457,0.0,0.9813683730597189,0.018631626940281087,snapshot_1042.xyz,16,4000,16.796962,4000,all,1042
0.241808,0.242633,0.0,0.9965998029946462,0.0034001970053537667,snapshot_1043.xyz,16,4000,16.796962,4000,all,1043
0.240571,0.241396,0.0,0.9965823791612123,0.003417620838787716,snapshot_1044.xyz,16,4000,16.796962,4000,all,1044
0.235616,0.244692,0.0,0.9629084726922008,0.03709152730779919,snapshot_1045.xyz,16,4000,16.796962,4000,all,1045
0.240571,0.239334,0.0,1.0051685092799185,-0.005168509279918521,snapshot_1046.xyz,16,4000,16.796962,4000,all,1046
0.235616,0.236029,0.0,0.9982502150159515,0.0017497849840485413,snapshot_1047.xyz,16,4000,16.796962,4000,all,1047
0.238508,0.241808,0.0,0.9863528088400715,0.013647191159928518,snapshot_1048.xyz,16,4000,16.796962,4000,all,1048
0.246749,0.245927,0.0,1.0033424552814452,-0.003342455281445167,snapshot_1049.xyz,16,4000,16.796962,4000,all,1049
0.245515,0.246749,0.0,0.9949989665611614,0.00500103343883862,snapshot_1050.xyz,16,4000,16.796962,4000,all,1050
0.236443,0.241808,0.0,0.9778129755839343,0.02218702441606568,snapshot_1051.xyz,16,4000,16.796962,4000,all,1051
0.245104,0.246749,0.0,0.9933333063153245,0.00666669368467554,snapshot_1052.xyz,16,4000,16.796962,4000,all,1052
0.236443,0.239334,0.0,0.9879206464605947,0.012079353539405258,snapshot_1053.xyz,16,4000,16.796962,4000,all,1053
0.235202,0.239334,0.0,0.9827354241353088,0.017264575864691212,snapshot_1054.xyz,16,4000,16.796962,4000,all,1054
0.240571,0.241396,0.0,0.9965823791612123,0.003417620838787716,snapshot_1055.xyz,16,4000,16.796962,4000,all,1055
0.236029,0.243869,0.0,0.9678515924533253,0.032148407546674695,snapshot_1056.xyz,16,4000,16.796962,4000,all,1056
0.231891,0.236443,0.0,0.9807480026898662,0.019251997310133828,snapshot_1057.xyz,16,4000,16.796962,4000,all,1057
0.233133,0.236029,0.0,0.9877303212740808,0.01226967872591922,snapshot_1058.xyz,16,4000,16.796962,4000,all,1058
0.238095,0.238921,0.0,0.9965427902946999,0.0034572097053000572,snapshot_1059.xyz,16,4000,16.796962,4000,all,1059
0.240159,0.239334,0.0,1.0034470656070598,-0.0034470656070597627,snapshot_1060.xyz,16,4000,16.796962,4000,all,1060
0.238921,0.239746,0.0,0.9965588581248488,0.00344114187515121,snapshot_1061.xyz,16,4000,16.796962,4000,all,1061
0.243869,0.245515,0.0,0.993295725312099,0.006704274687901024,snapshot_1062.xyz,16,4000,16.796962,4000,all,1062
0.235202,0.240159,0.0,0.9793595076595089,0.020640492340491146,snapshot_1063.xyz,16,4000,16.796962,4000,all,1063
0.238508,0.239334,0.0,0.9965487561315985,0.0034512438684014546,snapshot_1064.xyz,16,4000,16.796962,4000,all,1064
0.240571,0.242633,0.0,0.9915015682120735,0.00849843178792653,snapshot_1065.xyz,16,4000,16.796962,4000,all,1065
0.236856,0.238921,0.0,0.9913569757367499,0.008643024263250143,snapshot_1066.xyz,16,4000,16.796962,4000,all,1066
0.239334,0.238921,0.0,1.00172860485265,-0.0017286048526499176,snapshot_1067.xyz,16,4000,16.796962,4000,all,1067
0.236029,0.242633,0.0,0.9727819381535076,0.027218061846492447,snapshot_1068.xyz,16,4000,16.796962,4000,all,1068
0.238921,0.242221,0.0,0.9863760780444305,0.013623921955569496,snapshot_1069.xyz,16,4000,16.796962,4000,all,1069
0.235202,0.238508,0.0,0.9861388297247891,0.013861170275210943,snapshot_1070.xyz,16,4000,16.796962,4000,all,1070
0.236443,0.238921,0.0,0.9896283708840997,0.010371629115900283,snapshot_1071.xyz,16,4000,16.796962,4000,all,1071
0.238095,0.241808,0.0,0.9846448421888441,0.015355157811155928,snapshot_1072.xyz,16,4000,16.796962,4000,all,1072
0.237682,0.243457,0.0,0.976279178663994,0.02372082133600595,snapshot_1073.xyz,16,4000,16.796962,4000,all,1073
0.240159,0.243045,0.0,0.9881256557427637,0.011874344257236324,snapshot_1074.xyz,16,4000,16.796962,4000,all,1074
0.239746,0.238508,0.0,1.005190601573113,-0.005190601573112907,snapshot_1075.xyz,16,4000,16.796962,4000,all,1075
0.238508,0.240571,0.0,0.9914245690461443,0.008575430953855712,snapshot_1076.xyz,16,4000,16.796962,4000,all,1076
0.241396,0.243045,0.0,0.9932152482050649,0.0067847517949350955,snapshot_1077.xyz,16,4000,16.796962,4000,all,1077
0.236443,0.236443,0.0,1.0,0.0,snapshot_1078.xyz,16,4000,16.796962,4000,all,1078
0.235616,0.235202,0.0,1.0017601891140382,-0.001760189114038191,snapshot_1079.xyz,16,4000,16.796962,4000,all,1079
0.236443,0.236856,0.0,0.9982563245178504,0.0017436754821495981,snapshot_1080.xyz,16,4000,16.796962,4000,all,1080
0.237269,0.240159,0.0,0.9879663056558363,0.012033694344163681,snapshot_1081.xyz,16,4000,16.796962,4000,all,1081
0.238095,0.240571,0.0,0.9897078201445727,0.010292179855427297,snapshot_1082.xyz,16,4000,16.796962,4000,all,1082
0.240571,0.243045,0.0,0.9898208150753975,0.010179184924602458,snapshot_1083.xyz,16,4000,16.796962,4000,all,1083
0.239334,0.242633,0.0,0.9864033334295005,0.013596666570499516,snapshot_1084.xyz,16,4000,16.796962,4000,all,1084
0.242221,0.242633,0.0,0.9983019622227809,0.001698037777219108,snapshot_1085.xyz,16,4000,16.796962,4000,all,1085
0.236443,0.238508,0.0,0.9913420094923441,0.008657990507655922,snapshot_1086.xyz,16,4000,16.796962,4000,all,1086
0.233961,0.237682,0.0,0.9843446285372893,0.015655371462710677,snapshot_1087.xyz,16,4000,16.796962,4000,all,1087
0.242221,0.240984,0.0,1.0051331208710952,-0.005133120871095187,snapshot_1088.xyz,16,4000,16.796962,4000,all,1088
0.243045,0.240571,0.0,1.0102838663014246,-0.010283866301424638,snapshot_1089.xyz,16,4000,16.796962,4000,all,1089
0.238508,0.243045,0.0,0.9813326750190293,0.01866732498097068,snapshot_1090.xyz,16,4000,16.796962,4000,all,1090
0.239746,0.24428,0.0,0.9814393319141967,0.018560668085803256,snapshot_1091.xyz,16,4000,16.796962,4000,all,1091
0.24428,0.241396,0.0,1.011947173938259,-0.01194717393825906,snapshot_1092.xyz,16,4000,16.796962,4000,all,1092
0.236443,0.237269,0.0,0.9965187192595745,0.0034812807404255297,snapshot_1093.xyz,16,4000,16.796962,4000,all,1093
0.241396,0.244692,0.0,0.9865300050675953,0.01346999493240475,snapshot_1094.xyz,16,4000,16.796962,4000,all,1094
0.239334,0.241808,0.0,0.9897687421425263,0.010231257857473697,snapshot_1095.xyz,16,4000,16.796962,4000,all,1095
0.241808,0.242221,0.0,0.9982949455249545,0.001705054475045542,snapshot_1096.xyz,16,4000,16.796962,4000,all,1096
0.240571,0.241808,0.0,0.9948843710712632,0.005115628928736848,snapshot_1097.xyz,16,4000,16.796962,4000,all,1097
0.24428,0.242633,0.0,1.0067880296579608,-0.00678802965796077,snapshot_1098.xyz,16,4000,16.796962,4000,all,1098
0.236856,0.237682,0.0,0.9965247683880143,0.0034752316119857074,snapshot_1099.xyz,16,4000,16.796962,4000,all,1099
0.239746,0.243869,0.0,0.9830933821026863,0.016906617897313736,snapshot_1100.xyz,16,4000,16.796962,4000,all,1100
0.238921,0.242221,0.0,0.9863760780444305,0.013623921955569496,snapshot_1101.xyz,16,4000,16.796962,4000,all,1101
0.234789,0.239334,0.0,0.9810098022011081,0.018990197798891884,snapshot_1102.xyz,16,4000,16.796962,4000,all,1102
0.236856,0.243869,0.0,0.9712427573820371,0.028757242617962864,snapshot_1103.xyz,16,4000,16.796962,4000,all,1103
0.237269,0.239334,0.0,0.9913718903289964,0.008628109671003581,snapshot_1104.xyz,16,4000,16.796962,4000,all,1104
0.238508,0.242221,0.0,0.984671023569385,0.015328976430615038,snapshot_1105.xyz,16,4000,16.796962,4000,all,1105
0.237269,0.238095,0.0,0.9965307965307966,0.00346920346920343,snapshot_1106.xyz,16,4000,16.796962,4000,all,1106
0.245104,0.245927,0.0,0.9966534784712536,0.003346521528746371,snapshot_1107.xyz,16,4000,16.796962,4000,all,1107
0.237682,0.240159,0.0,0.9896859996918708,0.010314000308129234,snapshot_1108.xyz,16,4000,16.796962,4000,all,1108
0.232719,0.236856,0.0,0.9825336913567737,0.01746630864322629,snapshot_1109.xyz,16,4000,16.796962,4000,all,1109
0.237269,0.239746,0.0,0.989668232212425,0.010331767787575052,snapshot_1110.xyz,16,4000,16.796962,4000,all,1110
0.241396,0.239746,0.0,1.0068822837503024,-0.00688228375030242,snapshot_1111.xyz,16,4000,16.796962,4000,all,1111
0.241396,0.247571,0.0,0.9750576602267632,0.024942339773236788,snapshot_1112.xyz,16,4000,16.796962,4000,all,1112
0.238921,0.239334,0.0,0.9982743780657993,0.0017256219342006718,snapshot_1113.xyz,16,4000,16.796962,4000,all,1113
0.242221,0.241808,0.0,1.0017079666512274,-0.0017079666512274105,snapshot_1114.xyz,16,4000,16.796962,4000,all,1114
0.244692,0.246338,0.0,0.9933181238785733,0.0066818761214266775,snapshot_1115.xyz,16,4000,16.796962,4000,all,1115
0.246338,0.247982,0.0,0.9933704865675734,0.00662951343242657,snapshot_1116.xyz,16,4000,16.796962,4000,all,1116
0.240984,0.243869,0.0,0.9881698780902862,0.011830121909713776,snapshot_1117.xyz,16,4000,16.796962,4000,all,1117
0.236856,0.240984,0.0,0.9828702320486008,0.0171297679513992,snapshot_1118.xyz,16,4000,16.796962,4000,all,1118
0.241396,0.240159,0.0,1.0051507542919482,-0.005150754291948223,snapshot_1119.xyz,16,4000,16.796962,4000,all,1119
0.238508,0.237682,0.0,1.0034752316119857,-0.0034752316119857074,snapshot_1120.xyz,16,4000,16.796962,4000,all,1120
0.237269,0.240571,0.0,0.9862743223414293,0.01372567765857069,snapshot_1121.xyz,16,4000,16.796962,4000,all,1121
0.241808,0.243045,0.0,0.9949104075376987,0.00508959246230134,snapshot_1122.xyz,16,4000,16.796962,4000,all,1122
0.237682,0.242221,0.0,0.981260914619294,0.01873908538070601,snapshot_1123.xyz,16,4000,16.796962,4000,all,1123
0.237269,0.236443,0.0,1.00349344239415,-0.003493442394149948,snapshot_1124.xyz,16,4000,16.796962,4000,all,1124
0.236443,0.240984,0.0,0.981156425322843,0.018843574677157027,snapshot_1125.xyz,16,4000,16.796962,4000,all,1125
0.239746,0.241808,0.0,0.991472573281281,0.008527426718718978,snapshot_1126.xyz,16,4000,16.796962,4000,all,1126
0.242221,0.238921,0.0,1.0138120968855815,-0.013812096885581493,snapshot_1127.xyz,16,4000,16.796962,4000,all,1127
0.240984,0.241808,0.0,0.9965923377224906,0.003407662277509438,snapshot_1128.xyz,16,4000,16.796962,4000,all,1128
0.233547,0.235616,0.0,0.9912187627325819,0.008781237267418085,snapshot_1129.xyz,16,4000,16.796962,4000,all,1129
0.237682,0.236029,0.0,1.00700337670371,-0.007003376703710096,snapshot_1130.xyz,16,4000,16.796962,4000,all,1130
0.237269,0.238508,0.0,0.9948052056954065,0.005194794304593464,snapshot_1131.xyz,16,4000,16.796962,4000,all,1131
0.243869,0.242221,0.0,1.0068037040553874,-0.006803704055387438,snapshot_1132.xyz,16,4000,16.796962,4000,all,1132
0.241808,0.245927,0.0,0.9832511273670642,0.016748872632935785,snapshot_1133.xyz,16,4000,16.796962,4000,all,1133
0.237269,0.238921,0.0,0.9930855805893999,0.0069144194106001144,snapshot_1134.xyz,16,4000,16.796962,4000,all,1134
0.238921,0.244692,0.0,0.97641524855737,0.023584751442629948,snapshot_1135.xyz,16,4000,16.796962,4000,all,1135
0.240984,0.241396,0.0,0.998293260865963,0.0017067391340369609,snapshot_1136.xyz,16,4000,16.796962,4000,all,1136
0.238508,0.242221,0.0,0.984671023569385,0.015328976430615038,snapshot_1137.xyz,16,4000,16.796962,4000,all,1137
0.239746,0.240984,0.0,0.9948627294758158,0.005137270524184223,snapshot_1138.xyz,16,4000,16.796962,4000,all,1138
0.238095,0.240984,0.0,0.988011652225874,0.011988347774126051,snapshot_1139.xyz,16,4000,16.796962,4000,all,1139
0.240984,0.242633,0.0,0.9932037274402081,0.006796272559791872,snapshot_1140.xyz,16,4000,16.796962,4000,all,1140
0.239334,0.242633,0.0,0.9864033334295005,0.013596666570499516,snapshot_1141.xyz,16,4000,16.796962,4000,all,1141
0.239746,0.24428,0.0,0.9814393319141967,0.018560668085803256,snapshot_1142.xyz,16,4000,16.796962,4000,all,1142
0.236443,0.238921,0.0,0.9896283708840997,0.010371629115900283,snapshot_1143.xyz,16,4000,16.796962,4000,all,1143
0.238095,0.242221,0.0,0.9829659690943395,0.01703403090566047,snapshot_1144.xyz,16,4000,16.796962,4000,all,1144
0.241396,0.241808,0.0,0.9982961688612453,0.001703831138754719,snapshot_1145.xyz,16,4000,16.796962,4000,all,1145
0.239746,0.239334,0.0,1.0017214436728588,-0.0017214436728587579,snapshot_1146.xyz,16,4000,16.796962,4000,all,1146
0.235616,0.240984,0.0,0.9777246622182385,0.022275337781761495,snapshot_1147.xyz,16,4000,16.796962,4000,all,1147
0.238095,0.237682,0.0,1.001737615805993,-0.0017376158059929647,snapshot_1148.xyz,16,4000,16.796962,4000,all,1148
0.243457,0.246338,0.0,0.9883046870559963,0.011695312944003722,snapshot_1149.xyz,16,4000,16.796962,4000,all,1149
0.243045,0.243457,0.0,0.9983077093696218,0.0016922906303782348,snapshot_1150.xyz,16,4000,16.796962,4000,all,1150
0.240984,0.238508,0.0,1.0103812031462258,-0.010381203146225815,snapshot_1151.xyz,16,4000,16.796962,4000,all,1151
0.238921,0.238508,0.0,1.0017315981015311,-0.0017315981015311177,snapshot_1152.xyz,16,4000,16.796962,4000,all,1152
0.237682,0.237682,0.0,1.0,0.0,snapshot_1153.xyz,16,4000,16.796962,4000,all,1153
0.228989,0.234789,0.0,0.9752969687677021,0.02470303123229789,snapshot_1154.xyz,16,4000,16.796962,4000,all,1154
0.236443,0.238095,0.0,0.993061593061593,0.006938406938406971,snapshot_1155.xyz,16,4000,16.796962,4000,all,1155
0.234375,0.239334,0.0,0.9792800020055655,0.02071999799443447,snapshot_1156.xyz,16,4000,16.796962,4000,all,1156
0.243045,0.24716,0.0,0.9833508658358958,0.016649134164104185,snapshot_1157.xyz,16,4000,16.796962,4000,all,1157
0.244692,0.244692,0.0,1.0,0.0,snapshot_1158.xyz,16,4000,16.796962,4000,all,1158
0.237682,0.238095,0.0,0.9982653982653983,0.001734601734601715,snapshot_1159.xyz,16,4000,16.796962,4000,all,1159
0.240984,0.237269,0.0,1.015657334080727,-0.015657334080726892,snapshot_1160.xyz,16,4000,16.796962,4000,all,1160
0.238508,0.238921,0.0,0.99827139514735,0.0017286048526500286,snapshot_1161.xyz,16,4000,16.796962,4000,all,1161
0.233547,0.233133,0.0,1.0017758103743357,-0.0017758103743357179,snapshot_1162.xyz,16,4000,16.796962,4000,all,1162
0.235202,0.238508,0.0,0.9861388297247891,0.013861170275210943,snapshot_1163.xyz,16,4000,16.796962,4000,all,1163
0.238095,0.240159,0.0,0.9914056937279052,0.008594306272094787,snapshot_1164.xyz,16,4000,16.796962,4000,all,1164
0.240984,0.241808,0.0,0.9965923377224906,0.003407662277509438,snapshot_1165.xyz,16,4000,16.796962,4000,all,1165
0.237269,0.238921,0.0,0.9930855805893999,0.0069144194106001144,snapshot_1166.xyz,16,4000,16.796962,4000,all,1166
0.237269,0.238921,0.0,0.9930855805893999,0.0069144194106001144,snapshot_1167.xyz,16,4000,16.796962,4000,all,1167
0.239334,0.240571,0.0,0.9948580668492877,0.005141933150712319,snapshot_1168.xyz,16,4000,16.796962,4000,all,1168
0.238095,0.237269,0.0,1.0034812807404254,-0.0034812807404254187,snapshot_1169.xyz,16,4000,16.796962,4000,all,1169
0.236856,0.242633,0.0,0.9761903780606925,0.023809621939307468,snapshot_1170.xyz,16,4000,16.796962,4000,all,1170
0.237269,0.239746,0.0,0.989668232212425,0.010331767787575052,snapshot_1171.xyz,16,4000,16.796962,4000,all,1171
0.24428,0.247982,0.0,0.9850714971247913,0.014928502875208749,snapshot_1172.xyz,16,4000,16.796962,4000,all,1172
0.240159,0.242221,0.0,0.9914871130083684,0.008512886991631552,snapshot_1173.xyz,16,4000,16.796962,4000,all,1173
0.237269,0.238508,0.0,0.9948052056954065,0.005194794304593464,snapshot_1174.xyz,16,4000,16.796962,4000,all,1174
0.238921,0.243457,0.0,0.9813683730597189,0.018631626940281087,snapshot_1175.xyz,16,4000,16.796962,4000,all,1175
0.240571,0.239746,0.0,1.0034411418751512,-0.00344114187515121,snapshot_1176.xyz,16,4000,16.796962,4000,all,1176
0.242221,0.240571,0.0,1.0068586820522838,-0.006858682052283793,snapshot_1177.xyz,16,4000,16.796962,4000,all,1177
0.236856,0.243045,0.0,0.9745355798308956,0.02546442016910444,snapshot_1178.xyz,16,4000,16.796962,4000,all,1178
0.241808,0.239746,0.0,1.0086007691473478,-0.008600769147347753,snapshot_1179.xyz,16,4000,16.796962,4000,all,1179
0.236029,0.234789,0.0,1.0052813377117327,-0.00528133771173267,snapshot_1180.xyz,16,4000,16.796962,4000,all,1180
0.233133,0.231891,0.0,1.0053559646558081,-0.005355964655808121,snapshot_1181.xyz,16,4000,16.796962,4000,all,1181
0.239746,0.240571,0.0,0.996570658973858,0.0034293410261420076,snapshot_1182.xyz,16,4000,16.796962,4000,all,1182
0.240571,0.244692,0.0,0.9831584195641869,0.016841580435813075,snapshot_1183.xyz,16,4000,16.796962,4000,all,1183
0.234789,0.238095,0.0,0.9861147861147861,0.01388521388521391,snapshot_1184.xyz,16,4000,16.796962,4000,all,1184
0.236029,0.240984,0.0,0.9794384689439962,0.02056153105600378,snapshot_1185.xyz,16,4000,16.796962,4000,all,1185
0.238508,0.243045,0.0,0.9813326750190293,0.01866732498097068,snapshot_1186.xyz,16,4000,16.796962,4000,all,1186
0.230648,0.237269,0.0,0.972094963943878,0.027905036056122046,snapshot_1187.xyz,16,4000,16.796962,4000,all,1187
0.238508,0.240159,0.0,0.9931253877639397,0.00687461223606034,snapshot_1188.xyz,16,4000,16.796962,4000,all,1188
0.233133,0.239334,0.0,0.9740906014189377,0.025909398581062337,snapshot_1189.xyz,16,4000,16.796962,4000,all,1189
0.236029,0.242633,0.0,0.9727819381535076,0.027218061846492447,snapshot_1190.xyz,16,4000,16.796962,4000,all,1190
0.236029,0.237682,0.0,0.9930453294738347,0.006954670526165274,snapshot_1191.xyz,16,4000,16.796962,4000,all,1191
0.239746,0.241396,0.0,0.9931647583224245,0.006835241677575543,snapshot_1192.xyz,16,4000,16.796962,4000,all,1192
0.232719,0.238921,0.0,0.9740416288229164,0.02595837117708355,snapshot_1193.xyz,16,4000,16.796962,4000,all,1193
0.233547,0.238921,0.0,0.9775072094960259,0.022492790503974125,snapshot_1194.xyz,16,4000,16.796962,4000,all,1194
0.242633,0.242633,0.0,1.0,0.0,snapshot_1195.xyz,16,4000,16.796962,4000,all,1195
0.231062,0.236856,0.0,0.9755378795555104,0.024462120444489588,snapshot_1196.xyz,16,4000,16.796962,4000,all,1196
0.238508,0.243869,0.0,0.9780168861150864,0.021983113884913585,snapshot_1197.xyz,16,4000,16.796962,4000,all,1197
0.245104,0.247982,0.0,0.9883943189425038,0.011605681057496153,snapshot_1198.xyz,16,4000,16.796962,4000,all,1198
0.240159,0.242633,0.0,0.9898035304348544,0.010196469565145638,snapshot_1199.xyz,16,4000,16.796962,4000,all,1199
0.236443,0.241808,0.0,0.9778129755839343,0.02218702441606568,snapshot_1200.xyz,16,4000,16.796962,4000,all,1200
0.232719,0.239334,0.0,0.972360801223395,0.027639198776605034,snapshot_1201.xyz,16,4000,16.796962,4000,all,1201
