cid,cid_shuffled,cid_shuffled_std,cid_normalized,compression_gain,snapshot,nbins,n_particles_total,box_length,n_particles_filtered,atom_types,snapshot_num
0.0691609,0.101082,0.0,0.6842058922458993,0.31579410775410066,snapshot_1.xyz,32,4000,16.757672110741936,4000,all,1
0.0650744,0.0961539,0.0,0.6767733810069066,0.32322661899309335,snapshot_2.xyz,32,4000,16.757672110741936,4000,all,2
0.0666541,0.0961539,0.0,0.6932022518067389,0.3067977481932611,snapshot_3.xyz,32,4000,16.757672110741936,4000,all,3
0.0664389,0.0963626,0.0,0.689467698048828,0.310532301951172,snapshot_4.xyz,32,4000,16.757672110741936,4000,all,4
0.0661518,0.0965712,0.0,0.6850054674685621,0.31499453253143794,snapshot_5.xyz,32,4000,16.757672110741936,4000,all,5
0.0653619,0.0957365,0.0,0.6827270685684144,0.31727293143158564,snapshot_6.xyz,32,4000,16.757672110741936,4000,all,6
0.0652182,0.0965016,0.0,0.675825064040389,0.324174935959611,snapshot_7.xyz,32,4000,16.757672110741936,4000,all,7
0.0650744,0.0958756,0.0,0.6787378644827256,0.32126213551727445,snapshot_8.xyz,32,4000,16.757672110741936,4000,all,8
0.066941,0.0964321,0.0,0.6941775612062788,0.3058224387937212,snapshot_9.xyz,32,4000,16.757672110741936,4000,all,9
0.0672994,0.0966407,0.0,0.6963877538138693,0.3036122461861307,snapshot_10.xyz,32,4000,16.757672110741936,4000,all,10
0.06608,0.0964321,0.0,0.6852489990366278,0.31475100096337216,snapshot_11.xyz,32,4000,16.757672110741936,4000,all,11
0.0655774,0.0969188,0.0,0.6766220795139849,0.3233779204860151,snapshot_12.xyz,32,4000,16.757672110741936,4000,all,12
0.0662954,0.0969883,0.0,0.6835401795886721,0.3164598204113279,snapshot_13.xyz,32,4000,16.757672110741936,4000,all,13
0.0664389,0.0957365,0.0,0.6939766964532857,0.30602330354671425,snapshot_14.xyz,32,4000,16.757672110741936,4000,all,14
0.0665106,0.0951797,0.0,0.6987897629431485,0.30121023705685146,snapshot_15.xyz,32,4000,16.757672110741936,4000,all,15
0.0656492,0.0960843,0.0,0.6832458580642208,0.3167541419357792,snapshot_16.xyz,32,4000,16.757672110741936,4000,all,16
0.0654337,0.0961539,0.0,0.6805100989143446,0.31948990108565545,snapshot_17.xyz,32,4000,16.757672110741936,4000,all,17
0.0670127,0.0966407,0.0,0.6934210948389239,0.3065789051610761,snapshot_18.xyz,32,4000,16.757672110741936,4000,all,18
0.0655056,0.0966407,0.0,0.6778262160766634,0.3221737839233366,snapshot_19.xyz,32,4000,16.757672110741936,4000,all,19
0.0661518,0.0967102,0.0,0.6840209202338533,0.3159790797661467,snapshot_20.xyz,32,4000,16.757672110741936,4000,all,20
0.0661518,0.0969188,0.0,0.6825486902437917,0.3174513097562083,snapshot_21.xyz,32,4000,16.757672110741936,4000,all,21
0.0662954,0.0968493,0.0,0.6845212097557752,0.31547879024422476,snapshot_22.xyz,32,4000,16.757672110741936,4000,all,22
0.0660083,0.0969883,0.0,0.6805800287251144,0.31941997127488564,snapshot_23.xyz,32,4000,16.757672110741936,4000,all,23
0.0662236,0.0965016,0.0,0.6862435441484906,0.31375645585150935,snapshot_24.xyz,32,4000,16.757672110741936,4000,all,24
0.0656492,0.0960148,0.0,0.6837404233514001,0.31625957664859994,snapshot_25.xyz,32,4000,16.757672110741936,4000,all,25
0.0639956,0.0960843,0.0,0.6660359704967409,0.3339640295032591,snapshot_26.xyz,32,4000,16.757672110741936,4000,all,26
0.066941,0.096293,0.0,0.6951803350191602,0.3048196649808398,snapshot_27.xyz,32,4000,16.757672110741936,4000,all,27
0.0665106,0.0969188,0.0,0.6862507583667978,0.31374924163320217,snapshot_28.xyz,32,4000,16.757672110741936,4000,all,28
0.066941,0.0974747,0.0,0.6867525624597973,0.3132474375402027,snapshot_29.xyz,32,4000,16.757672110741936,4000,all,29
0.0656492,0.0967102,0.0,0.6788239503175467,0.3211760496824533,snapshot_30.xyz,32,4000,16.757672110741936,4000,all,30
0.0655774,0.0968493,0.0,0.6771076301016115,0.32289236989838854,snapshot_31.xyz,32,4000,16.757672110741936,4000,all,31
0.0650744,0.0960148,0.0,0.6777538462820316,0.3222461537179684,snapshot_32.xyz,32,4000,16.757672110741936,4000,all,32
0.0657929,0.0965016,0.0,0.6817804057134804,0.3182195942865196,snapshot_33.xyz,32,4000,16.757672110741936,4000,all,33
0.0650026,0.0967102,0.0,0.6721379957853463,0.3278620042146537,snapshot_34.xyz,32,4000,16.757672110741936,4000,all,34
0.0644992,0.0959452,0.0,0.6722504096088184,0.32774959039118157,snapshot_35.xyz,32,4000,16.757672110741936,4000,all,35
0.0654337,0.0955973,0.0,0.6844722601998173,0.31552773980018267,snapshot_36.xyz,32,4000,16.757672110741936,4000,all,36
0.0671561,0.0964321,0.0,0.6964081462500556,0.30359185374994435,snapshot_37.xyz,32,4000,16.757672110741936,4000,all,37
0.0659365,0.0971273,0.0,0.6788668067577293,0.32113319324227074,snapshot_38.xyz,32,4000,16.757672110741936,4000,all,38
0.0654337,0.0973358,0.0,0.672247004699196,0.32775299530080404,snapshot_39.xyz,32,4000,16.757672110741936,4000,all,39
0.0654337,0.0974052,0.0,0.6717680370247173,0.3282319629752827,snapshot_40.xyz,32,4000,16.757672110741936,4000,all,40
0.0670127,0.0960843,0.0,0.6974365218875508,0.3025634781124492,snapshot_41.xyz,32,4000,16.757672110741936,4000,all,41
0.0670844,0.0960148,0.0,0.6986881189150006,0.3013118810849994,snapshot_42.xyz,32,4000,16.757672110741936,4000,all,42
0.06529,0.0960148,0.0,0.6799993334360953,0.3200006665639047,snapshot_43.xyz,32,4000,16.757672110741936,4000,all,43
0.0655056,0.0958061,0.0,0.6837309941642546,0.31626900583574535,snapshot_44.xyz,32,4000,16.757672110741936,4000,all,44
0.06608,0.0970578,0.0,0.6808314221010573,0.3191685778989427,snapshot_45.xyz,32,4000,16.757672110741936,4000,all,45
0.0665106,0.0966407,0.0,0.6882255612800818,0.31177443871991817,snapshot_46.xyz,32,4000,16.757672110741936,4000,all,46
0.065721,0.0967797,0.0,0.6790783604412909,0.3209216395587091,snapshot_47.xyz,32,4000,16.757672110741936,4000,all,47
0.0667258,0.0967102,0.0,0.6899561783555406,0.3100438216444594,snapshot_48.xyz,32,4000,16.757672110741936,4000,all,48
0.0664389,0.0960148,0.0,0.6919651970321242,0.3080348029678758,snapshot_49.xyz,32,4000,16.757672110741936,4000,all,49
0.0646431,0.0976831,0.0,0.6617633961248158,0.33823660387518417,snapshot_50.xyz,32,4000,16.757672110741936,4000,all,50
0.0657929,0.0965712,0.0,0.6812890385539374,0.3187109614460626,snapshot_51.xyz,32,4000,16.757672110741936,4000,all,51
0.0670844,0.0969883,0.0,0.6916751814394108,0.30832481856058924,snapshot_52.xyz,32,4000,16.757672110741936,4000,all,52
0.065721,0.0957365,0.0,0.6864779890637323,0.31352201093626775,snapshot_53.xyz,32,4000,16.757672110741936,4000,all,53
0.0657929,0.0958756,0.0,0.6862319505692793,0.3137680494307207,snapshot_54.xyz,32,4000,16.757672110741936,4000,all,54
0.0666541,0.0964321,0.0,0.6912024108154856,0.3087975891845144,snapshot_55.xyz,32,4000,16.757672110741936,4000,all,55
0.0662954,0.096293,0.0,0.6884757978253871,0.31152420217461285,snapshot_56.xyz,32,4000,16.757672110741936,4000,all,56
0.0663671,0.0970578,0.0,0.6837894532948408,0.31621054670515925,snapshot_57.xyz,32,4000,16.757672110741936,4000,all,57
0.0661518,0.0973358,0.0,0.6796245574598452,0.3203754425401548,snapshot_58.xyz,32,4000,16.757672110741936,4000,all,58
0.06608,0.0973358,0.0,0.6788869049209026,0.32111309507909735,snapshot_59.xyz,32,4000,16.757672110741936,4000,all,59
0.065721,0.0973358,0.0,0.6751986422261902,0.3248013577738098,snapshot_60.xyz,32,4000,16.757672110741936,4000,all,60
0.0648588,0.096293,0.0,0.6735567486733199,0.32644325132668006,snapshot_61.xyz,32,4000,16.757672110741936,4000,all,61
0.0654337,0.0961539,0.0,0.6805100989143446,0.31948990108565545,snapshot_62.xyz,32,4000,16.757672110741936,4000,all,62
0.0657929,0.0963626,0.0,0.6827638523659594,0.3172361476340406,snapshot_63.xyz,32,4000,16.757672110741936,4000,all,63
0.0656492,0.0961539,0.0,0.6827512976592733,0.31724870234072666,snapshot_64.xyz,32,4000,16.757672110741936,4000,all,64
0.0666541,0.0968493,0.0,0.6882249019869012,0.3117750980130988,snapshot_65.xyz,32,4000,16.757672110741936,4000,all,65
0.065721,0.0971968,0.0,0.6761642358596168,0.3238357641403832,snapshot_66.xyz,32,4000,16.757672110741936,4000,all,66
0.066941,0.0967797,0.0,0.6916843098294374,0.3083156901705626,snapshot_67.xyz,32,4000,16.757672110741936,4000,all,67
0.0666541,0.0973358,0.0,0.6847850431187702,0.3152149568812298,snapshot_68.xyz,32,4000,16.757672110741936,4000,all,68
0.0661518,0.0965712,0.0,0.6850054674685621,0.31499453253143794,snapshot_69.xyz,32,4000,16.757672110741936,4000,all,69
0.0643554,0.0960148,0.0,0.6702654174148152,0.32973458258518484,snapshot_70.xyz,32,4000,16.757672110741936,4000,all,70
0.0647869,0.0962235,0.0,0.6732960243599536,0.3267039756400464,snapshot_71.xyz,32,4000,16.757672110741936,4000,all,71
0.0662954,0.0962235,0.0,0.6889730679096063,0.31102693209039367,snapshot_72.xyz,32,4000,16.757672110741936,4000,all,72
0.0648588,0.0974052,0.0,0.6658658880634709,0.3341341119365291,snapshot_73.xyz,32,4000,16.757672110741936,4000,all,73
0.0657929,0.0956669,0.0,0.6877289846331386,0.3122710153668614,snapshot_74.xyz,32,4000,16.757672110741936,4000,all,74
0.0658647,0.0969188,0.0,0.6795864166704498,0.32041358332955017,snapshot_75.xyz,32,4000,16.757672110741936,4000,all,75
0.0652182,0.0972663,0.0,0.6705117805447519,0.3294882194552481,snapshot_76.xyz,32,4000,16.757672110741936,4000,all,76
0.0662236,0.0960843,0.0,0.6892239418926921,0.3107760581073079,snapshot_77.xyz,32,4000,16.757672110741936,4000,all,77
0.06608,0.0965712,0.0,0.6842619745845553,0.3157380254154447,snapshot_78.xyz,32,4000,16.757672110741936,4000,all,78
0.0664389,0.0967797,0.0,0.6864962383640371,0.31350376163596294,snapshot_79.xyz,32,4000,16.757672110741936,4000,all,79
0.0655774,0.0960148,0.0,0.6829926219707795,0.3170073780292205,snapshot_80.xyz,32,4000,16.757672110741936,4000,all,80
0.06608,0.0959452,0.0,0.6887264813664468,0.31127351863355324,snapshot_81.xyz,32,4000,16.757672110741936,4000,all,81
0.0656492,0.096293,0.0,0.6817650296490919,0.3182349703509081,snapshot_82.xyz,32,4000,16.757672110741936,4000,all,82
0.06608,0.0973358,0.0,0.6788869049209026,0.32111309507909735,snapshot_83.xyz,32,4000,16.757672110741936,4000,all,83
0.0652182,0.0969883,0.0,0.6724336853001858,0.32756631469981423,snapshot_84.xyz,32,4000,16.757672110741936,4000,all,84
0.0656492,0.0975442,0.0,0.6730200257934352,0.32697997420656477,snapshot_85.xyz,32,4000,16.757672110741936,4000,all,85
0.0658647,0.0967797,0.0,0.6805631759552881,0.31943682404471185,snapshot_86.xyz,32,4000,16.757672110741936,4000,all,86
0.0662236,0.0958061,0.0,0.6912252977628772,0.3087747022371228,snapshot_87.xyz,32,4000,16.757672110741936,4000,all,87
0.0657929,0.0960843,0.0,0.6847414197740942,0.3152585802259058,snapshot_88.xyz,32,4000,16.757672110741936,4000,all,88
0.0666541,0.0965016,0.0,0.6907046100790037,0.30929538992099626,snapshot_89.xyz,32,4000,16.757672110741936,4000,all,89
0.0657929,0.0958061,0.0,0.6867297593785782,0.31327024062142184,snapshot_90.xyz,32,4000,16.757672110741936,4000,all,90
0.0667258,0.0968493,0.0,0.6889652274203324,0.3110347725796676,snapshot_91.xyz,32,4000,16.757672110741936,4000,all,91
0.0670127,0.0969188,0.0,0.6914313837975707,0.30856861620242926,snapshot_92.xyz,32,4000,16.757672110741936,4000,all,92
0.0660083,0.0973358,0.0,0.6781502797531844,0.3218497202468156,snapshot_93.xyz,32,4000,16.757672110741936,4000,all,93
0.0662954,0.0973358,0.0,0.6810998625377302,0.31890013746226975,snapshot_94.xyz,32,4000,16.757672110741936,4000,all,94
0.0662236,0.0962235,0.0,0.6882268884420125,0.3117731115579875,snapshot_95.xyz,32,4000,16.757672110741936,4000,all,95
0.0665106,0.0963626,0.0,0.6902117626548059,0.3097882373451941,snapshot_96.xyz,32,4000,16.757672110741936,4000,all,96
0.0662236,0.0959452,0.0,0.6902231690590045,0.3097768309409955,snapshot_97.xyz,32,4000,16.757672110741936,4000,all,97
0.0662954,0.0955973,0.0,0.6934861131015208,0.30651388689847925,snapshot_98.xyz,32,4000,16.757672110741936,4000,all,98
0.0663671,0.0958756,0.0,0.6922209613290555,0.30777903867094447,snapshot_99.xyz,32,4000,16.757672110741936,4000,all,99
0.0667258,0.0958061,0.0,0.6964671351824153,0.3035328648175847,snapshot_100.xyz,32,4000,16.757672110741936,4000,all,100
0.0662236,0.0958756,0.0,0.6907242301482337,0.3092757698517663,snapshot_101.xyz,32,4000,16.757672110741936,4000,all,101
0.0661518,0.0958756,0.0,0.6899753430487006,0.31002465695129944,snapshot_102.xyz,32,4000,16.757672110741936,4000,all,102
0.065721,0.0965712,0.0,0.6805445101645211,0.3194554898354789,snapshot_103.xyz,32,4000,16.757672110741936,4000,all,103
0.0657929,0.0963626,0.0,0.6827638523659594,0.3172361476340406,snapshot_104.xyz,32,4000,16.757672110741936,4000,all,104
0.0660083,0.0960148,0.0,0.6874804717606037,0.3125195282393963,snapshot_105.xyz,32,4000,16.757672110741936,4000,all,105
0.066941,0.0963626,0.0,0.6946782257846924,0.3053217742153076,snapshot_106.xyz,32,4000,16.757672110741936,4000,all,106
0.0661518,0.0966407,0.0,0.6845128398283539,0.31548716017164613,snapshot_107.xyz,32,4000,16.757672110741936,4000,all,107
0.0670127,0.0974747,0.0,0.6874881379475904,0.31251186205240955,snapshot_108.xyz,32,4000,16.757672110741936,4000,all,108
0.0663671,0.0971968,0.0,0.6828115740435899,0.31718842595641006,snapshot_109.xyz,32,4000,16.757672110741936,4000,all,109
0.065721,0.0962235,0.0,0.6830036321688568,0.31699636783114316,snapshot_110.xyz,32,4000,16.757672110741936,4000,all,110
0.0661518,0.0964321,0.0,0.685993564383644,0.314006435616356,snapshot_111.xyz,32,4000,16.757672110741936,4000,all,111
0.0665106,0.0972663,0.0,0.6837990136357608,0.3162009863642392,snapshot_112.xyz,32,4000,16.757672110741936,4000,all,112
0.0682307,0.100874,0.0,0.6763953050340028,0.3236046949659972,snapshot_113.xyz,32,4000,16.757672110741936,4000,all,113
0.0680159,0.0999039,0.0,0.6808132615443442,0.3191867384556558,snapshot_114.xyz,32,4000,16.757672110741936,4000,all,114
0.0671561,0.0999039,0.0,0.6722069909182724,0.3277930090817276,snapshot_115.xyz,32,4000,16.757672110741936,4000,all,115
0.0676577,0.0986552,0.0,0.6857996334709169,0.3142003665290831,snapshot_116.xyz,32,4000,16.757672110741936,4000,all,116
0.0664389,0.0975442,0.0,0.6811158428691814,0.31888415713081864,snapshot_117.xyz,32,4000,16.757672110741936,4000,all,117
0.0683023,0.10129,0.0,0.6743242175930496,0.3256757824069504,snapshot_118.xyz,32,4000,16.757672110741936,4000,all,118
0.0688032,0.0994878,0.0,0.6915742432740496,0.3084257567259504,snapshot_119.xyz,32,4000,16.757672110741936,4000,all,119
0.0680159,0.0992797,0.0,0.6850937301381854,0.3149062698618146,snapshot_120.xyz,32,4000,16.757672110741936,4000,all,120
0.066941,0.0981693,0.0,0.6818934228929003,0.31810657710709966,snapshot_121.xyz,32,4000,16.757672110741936,4000,all,121
0.0675144,0.0983082,0.0,0.6867626505215232,0.3132373494784768,snapshot_122.xyz,32,4000,16.757672110741936,4000,all,122
0.0690178,0.0996958,0.0,0.692283927708088,0.307716072291912,snapshot_123.xyz,32,4000,16.757672110741936,4000,all,123
0.0688748,0.100458,0.0,0.6856079157458839,0.31439208425411613,snapshot_124.xyz,32,4000,16.757672110741936,4000,all,124
0.0685886,0.0996958,0.0,0.6879788316057447,0.3120211683942553,snapshot_125.xyz,32,4000,16.757672110741936,4000,all,125
0.0702329,0.099141,0.0,0.7084142786536347,0.2915857213463653,snapshot_126.xyz,32,4000,16.757672110741936,4000,all,126
0.0686601,0.10032,0.0,0.6844108851674641,0.31558911483253593,snapshot_127.xyz,32,4000,16.757672110741936,4000,all,127
0.0687317,0.0994878,0.0,0.6908555621895348,0.3091444378104652,snapshot_128.xyz,32,4000,16.757672110741936,4000,all,128
0.0685886,0.0995572,0.0,0.6889366113149024,0.31106338868509764,snapshot_129.xyz,32,4000,16.757672110741936,4000,all,129
0.0694469,0.0996958,0.0,0.6965880207591494,0.3034119792408506,snapshot_130.xyz,32,4000,16.757672110741936,4000,all,130
0.0681591,0.098447,0.0,0.6923430881591109,0.30765691184088906,snapshot_131.xyz,32,4000,16.757672110741936,4000,all,131
0.0688748,0.0985164,0.0,0.6991201464933757,0.3008798535066243,snapshot_132.xyz,32,4000,16.757672110741936,4000,all,132
0.0698757,0.10032,0.0,0.6965281100478469,0.30347188995215313,snapshot_133.xyz,32,4000,16.757672110741936,4000,all,133
0.0698757,0.10032,0.0,0.6965281100478469,0.30347188995215313,snapshot_134.xyz,32,4000,16.757672110741936,4000,all,134
0.0698042,0.100112,0.0,0.6972610676042831,0.3027389323957169,snapshot_135.xyz,32,4000,16.757672110741936,4000,all,135
0.0683023,0.0990022,0.0,0.6899068909579786,0.31009310904202136,snapshot_136.xyz,32,4000,16.757672110741936,4000,all,136
0.0691609,0.0999732,0.0,0.691794400899441,0.308205599100559,snapshot_137.xyz,32,4000,16.757672110741936,4000,all,137
0.0678726,0.0978221,0.0,0.6938370777155675,0.30616292228443254,snapshot_138.xyz,32,4000,16.757672110741936,4000,all,138
0.0694469,0.0993491,0.0,0.6990189141119548,0.3009810858880452,snapshot_139.xyz,32,4000,16.757672110741936,4000,all,139
0.0687317,0.0980999,0.0,0.7006296642504223,0.2993703357495777,snapshot_140.xyz,32,4000,16.757672110741936,4000,all,140
0.0705899,0.0988634,0.0,0.7140144886783177,0.28598551132168226,snapshot_141.xyz,32,4000,16.757672110741936,4000,all,141
0.0695184,0.101013,0.0,0.6882124083038815,0.31178759169611847,snapshot_142.xyz,32,4000,16.757672110741936,4000,all,142
0.0684454,0.0992797,0.0,0.6894198914783184,0.3105801085216816,snapshot_143.xyz,32,4000,16.757672110741936,4000,all,143
0.0693039,0.0999732,0.0,0.6932247842421769,0.30677521575782307,snapshot_144.xyz,32,4000,16.757672110741936,4000,all,144
0.0701615,0.100597,0.0,0.6974512162390528,0.3025487837609472,snapshot_145.xyz,32,4000,16.757672110741936,4000,all,145
0.0695898,0.0981693,0.0,0.7088753816111554,0.2911246183888446,snapshot_146.xyz,32,4000,16.757672110741936,4000,all,146
0.0684454,0.0985164,0.0,0.6947614813371175,0.30523851866288254,snapshot_147.xyz,32,4000,16.757672110741936,4000,all,147
0.0695184,0.0987246,0.0,0.7041649193817954,0.2958350806182046,snapshot_148.xyz,32,4000,16.757672110741936,4000,all,148
0.0707327,0.0983776,0.0,0.7189919249910549,0.2810080750089451,snapshot_149.xyz,32,4000,16.757672110741936,4000,all,149
0.0706613,0.0996265,0.0,0.7092620939207941,0.2907379060792059,snapshot_150.xyz,32,4000,16.757672110741936,4000,all,150
0.0695898,0.098447,0.0,0.70687578087702,0.29312421912298003,snapshot_151.xyz,32,4000,16.757672110741936,4000,all,151
0.0690178,0.0990716,0.0,0.6966456582915791,0.3033543417084209,snapshot_152.xyz,32,4000,16.757672110741936,4000,all,152
0.0701615,0.0992797,0.0,0.7067053989889172,0.29329460101108284,snapshot_153.xyz,32,4000,16.757672110741936,4000,all,153
0.0700186,0.0990022,0.0,0.7072428693503781,0.29275713064962194,snapshot_154.xyz,32,4000,16.757672110741936,4000,all,154
0.07009,0.0988634,0.0,0.7089580168191666,0.2910419831808334,snapshot_155.xyz,32,4000,16.757672110741936,4000,all,155
0.0709468,0.100736,0.0,0.7042844663278272,0.29571553367217285,snapshot_156.xyz,32,4000,16.757672110741936,4000,all,156
0.0705899,0.0998345,0.0,0.7070691995252142,0.2929308004747858,snapshot_157.xyz,32,4000,16.757672110741936,4000,all,157
0.0705899,0.0992797,0.0,0.7110204805211942,0.28897951947880585,snapshot_158.xyz,32,4000,16.757672110741936,4000,all,158
0.0710895,0.0994184,0.0,0.7150537526252685,0.2849462473747315,snapshot_159.xyz,32,4000,16.757672110741936,4000,all,159
0.0717314,0.0998345,0.0,0.7185031226680155,0.2814968773319845,snapshot_160.xyz,32,4000,16.757672110741936,4000,all,160
0.0720166,0.10032,0.0,0.7178688197767145,0.28213118022328554,snapshot_161.xyz,32,4000,16.757672110741936,4000,all,161
0.0720878,0.0997652,0.0,0.722574605172946,0.277425394827054,snapshot_162.xyz,32,4000,16.757672110741936,4000,all,162
0.0713749,0.100458,0.0,0.710494933205917,0.28950506679408305,snapshot_163.xyz,32,4000,16.757672110741936,4000,all,163
0.0721591,0.0996265,0.0,0.7242962464806051,0.2757037535193949,snapshot_164.xyz,32,4000,16.757672110741936,4000,all,164
0.0710895,0.10025,0.0,0.7091221945137157,0.2908778054862843,snapshot_165.xyz,32,4000,16.757672110741936,4000,all,165
0.072729,0.0985164,0.0,0.7382425667198558,0.2617574332801442,snapshot_166.xyz,32,4000,16.757672110741936,4000,all,166
0.0724441,0.0997652,0.0,0.7261459907863663,0.2738540092136337,snapshot_167.xyz,32,4000,16.757672110741936,4000,all,167
0.0730138,0.0995572,0.0,0.7333854306870824,0.2666145693129176,snapshot_168.xyz,32,4000,16.757672110741936,4000,all,168
0.0729426,0.100181,0.0,0.7281081242950259,0.2718918757049741,snapshot_169.xyz,32,4000,16.757672110741936,4000,all,169
0.0716601,0.0992103,0.0,0.7223050429239706,0.2776949570760294,snapshot_170.xyz,32,4000,16.757672110741936,4000,all,170
0.0715175,0.0995572,0.0,0.7183558798359134,0.2816441201640866,snapshot_171.xyz,32,4000,16.757672110741936,4000,all,171
0.072729,0.100043,0.0,0.7269773997181211,0.27302260028187886,snapshot_172.xyz,32,4000,16.757672110741936,4000,all,172
0.0725866,0.0992797,0.0,0.7311323462903293,0.2688676537096707,snapshot_173.xyz,32,4000,16.757672110741936,4000,all,173
0.0737966,0.10025,0.0,0.7361256857855362,0.26387431421446383,snapshot_174.xyz,32,4000,16.757672110741936,4000,all,174
0.0733697,0.100458,0.0,0.7303519878954388,0.26964801210456124,snapshot_175.xyz,32,4000,16.757672110741936,4000,all,175
0.0739388,0.100528,0.0,0.7355045360496577,0.2644954639503423,snapshot_176.xyz,32,4000,16.757672110741936,4000,all,176
0.0719453,0.100597,0.0,0.7151833553684503,0.28481664463154965,snapshot_177.xyz,32,4000,16.757672110741936,4000,all,177
0.0740099,0.100458,0.0,0.7367248004141034,0.2632751995858966,snapshot_178.xyz,32,4000,16.757672110741936,4000,all,178
0.0737966,0.100597,0.0,0.7335864886626837,0.2664135113373163,snapshot_179.xyz,32,4000,16.757672110741936,4000,all,179
0.0746497,0.10025,0.0,0.7446354114713216,0.2553645885286784,snapshot_180.xyz,32,4000,16.757672110741936,4000,all,180
0.0746497,0.10032,0.0,0.7441158293460924,0.25588417065390756,snapshot_181.xyz,32,4000,16.757672110741936,4000,all,181
0.0737254,0.100458,0.0,0.7338927711083238,0.26610722889167615,snapshot_182.xyz,32,4000,16.757672110741936,4000,all,182
0.0746497,0.100043,0.0,0.746176144257969,0.25382385574203103,snapshot_183.xyz,32,4000,16.757672110741936,4000,all,183
0.0742232,0.0997652,0.0,0.743978862368842,0.25602113763115797,snapshot_184.xyz,32,4000,16.757672110741936,4000,all,184
0.0750049,0.100389,0.0,0.7471426152267678,0.25285738477323216,snapshot_185.xyz,32,4000,16.757672110741936,4000,all,185
0.0749339,0.0999732,0.0,0.7495398766869521,0.2504601233130479,snapshot_186.xyz,32,4000,16.757672110741936,4000,all,186
0.0749339,0.0997652,0.0,0.7511025888786872,0.2488974111213128,snapshot_187.xyz,32,4000,16.757672110741936,4000,all,187
0.0743654,0.0989328,0.0,0.7516758850452023,0.24832411495479767,snapshot_188.xyz,32,4000,16.757672110741936,4000,all,188
0.0749339,0.100458,0.0,0.745922674152382,0.254077325847618,snapshot_189.xyz,32,4000,16.757672110741936,4000,all,189
0.0736543,0.0993491,0.0,0.7413685680091718,0.25863143199082816,snapshot_190.xyz,32,4000,16.757672110741936,4000,all,190
0.0758569,0.10032,0.0,0.7561493221690591,0.24385067783094094,snapshot_191.xyz,32,4000,16.757672110741936,4000,all,191
0.075218,0.0996265,0.0,0.7549999247188247,0.2450000752811753,snapshot_192.xyz,32,4000,16.757672110741936,4000,all,192
0.075502,0.100389,0.0,0.7520943529669585,0.24790564703304152,snapshot_193.xyz,32,4000,16.757672110741936,4000,all,193
0.074081,0.0996265,0.0,0.743587298560122,0.25641270143987804,snapshot_194.xyz,32,4000,16.757672110741936,4000,all,194
0.075644,0.100112,0.0,0.7555937350167812,0.24440626498321882,snapshot_195.xyz,32,4000,16.757672110741936,4000,all,195
0.075431,0.0999039,0.0,0.7550355892012224,0.24496441079877762,snapshot_196.xyz,32,4000,16.757672110741936,4000,all,196
0.075644,0.100736,0.0,0.7509132782719187,0.24908672172808133,snapshot_197.xyz,32,4000,16.757672110741936,4000,all,197
0.076779,0.0998345,0.0,0.7690627989322328,0.23093720106776716,snapshot_198.xyz,32,4000,16.757672110741936,4000,all,198
0.076779,0.100458,0.0,0.7642895538433973,0.23571044615660275,snapshot_199.xyz,32,4000,16.757672110741936,4000,all,199
0.0768499,0.0999039,0.0,0.7692382379466667,0.23076176205333332,snapshot_200.xyz,32,4000,16.757672110741936,4000,all,200
0.0759988,0.0996265,0.0,0.7628371969305355,0.23716280306946447,snapshot_201.xyz,32,4000,16.757672110741936,4000,all,201
0.0759279,0.100181,0.0,0.7579071879897386,0.24209281201026145,snapshot_202.xyz,32,4000,16.757672110741936,4000,all,202
0.07536,0.0993491,0.0,0.758537319412053,0.24146268058794695,snapshot_203.xyz,32,4000,16.757672110741936,4000,all,203
0.075573,0.10025,0.0,0.7538453865336658,0.24615461346633416,snapshot_204.xyz,32,4000,16.757672110741936,4000,all,204
0.0778418,0.100112,0.0,0.7775471471951414,0.2224528528048586,snapshot_205.xyz,32,4000,16.757672110741936,4000,all,205
0.0760698,0.0994184,0.0,0.7651481013574952,0.23485189864250477,snapshot_206.xyz,32,4000,16.757672110741936,4000,all,206
0.0766372,0.101151,0.0,0.7576514320174788,0.24234856798252125,snapshot_207.xyz,32,4000,16.757672110741936,4000,all,207
0.0762117,0.0999732,0.0,0.7623213021089652,0.2376786978910348,snapshot_208.xyz,32,4000,16.757672110741936,4000,all,208
0.0775585,0.0994184,0.0,0.7801221906608837,0.21987780933911627,snapshot_209.xyz,32,4000,16.757672110741936,4000,all,209
0.077346,0.0994878,0.0,0.7774420582222141,0.22255794177778587,snapshot_210.xyz,32,4000,16.757672110741936,4000,all,210
0.0768499,0.0999732,0.0,0.7687050129434688,0.23129498705653118,snapshot_211.xyz,32,4000,16.757672110741936,4000,all,211
0.0782666,0.0993491,0.0,0.7877937495155971,0.2122062504844029,snapshot_212.xyz,32,4000,16.757672110741936,4000,all,212
0.0782666,0.10025,0.0,0.7807142144638404,0.21928578553615963,snapshot_213.xyz,32,4000,16.757672110741936,4000,all,213
0.0771334,0.0993491,0.0,0.776387506278366,0.22361249372163405,snapshot_214.xyz,32,4000,16.757672110741936,4000,all,214
0.077346,0.100805,0.0,0.7672833688805119,0.23271663111948815,snapshot_215.xyz,32,4000,16.757672110741936,4000,all,215
0.078125,0.100736,0.0,0.7755420108005082,0.22445798919949178,snapshot_216.xyz,32,4000,16.757672110741936,4000,all,216
0.0785496,0.100043,0.0,0.7851583818957847,0.21484161810421532,snapshot_217.xyz,32,4000,16.757672110741936,4000,all,217
0.0774168,0.10025,0.0,0.7722374064837905,0.22776259351620953,snapshot_218.xyz,32,4000,16.757672110741936,4000,all,218
0.0776293,0.10032,0.0,0.7738167862838915,0.2261832137161085,snapshot_219.xyz,32,4000,16.757672110741936,4000,all,219
0.0776293,0.0994878,0.0,0.780289643554285,0.21971035644571502,snapshot_220.xyz,32,4000,16.757672110741936,4000,all,220
0.0789034,0.0999039,0.0,0.7897929910644128,0.2102070089355872,snapshot_221.xyz,32,4000,16.757672110741936,4000,all,221
0.0787619,0.100597,0.0,0.7829448194280146,0.21705518057198536,snapshot_222.xyz,32,4000,16.757672110741936,4000,all,222
0.0784789,0.100597,0.0,0.7801316142628508,0.21986838573714917,snapshot_223.xyz,32,4000,16.757672110741936,4000,all,223
0.0781958,0.0994878,0.0,0.7859838090700568,0.21401619092994317,snapshot_224.xyz,32,4000,16.757672110741936,4000,all,224
0.0795397,0.101013,0.0,0.7874204310336294,0.21257956896637065,snapshot_225.xyz,32,4000,16.757672110741936,4000,all,225
0.0780542,0.101082,0.0,0.7721869373380028,0.2278130626619972,snapshot_226.xyz,32,4000,16.757672110741936,4000,all,226
0.0798224,0.101151,0.0,0.7891409872369032,0.21085901276309682,snapshot_227.xyz,32,4000,16.757672110741936,4000,all,227
0.0790448,0.0994878,0.0,0.7945175187309399,0.2054824812690601,snapshot_228.xyz,32,4000,16.757672110741936,4000,all,228
0.0780542,0.0996265,0.0,0.7834682539284227,0.21653174607157732,snapshot_229.xyz,32,4000,16.757672110741936,4000,all,229
0.0782666,0.100528,0.0,0.7785552283940793,0.2214447716059207,snapshot_230.xyz,32,4000,16.757672110741936,4000,all,230
0.0789034,0.0994878,0.0,0.7930962389358293,0.20690376106417074,snapshot_231.xyz,32,4000,16.757672110741936,4000,all,231
0.079257,0.100666,0.0,0.7873264061351398,0.21267359386486018,snapshot_232.xyz,32,4000,16.757672110741936,4000,all,232
0.0791863,0.100112,0.0,0.7909771056416812,0.20902289435831878,snapshot_233.xyz,32,4000,16.757672110741936,4000,all,233
0.0793984,0.0999039,0.0,0.7947477525902391,0.2052522474097609,snapshot_234.xyz,32,4000,16.757672110741936,4000,all,234
0.0790448,0.100043,0.0,0.790108253451016,0.20989174654898402,snapshot_235.xyz,32,4000,16.757672110741936,4000,all,235
0.0793984,0.100043,0.0,0.7936427336245413,0.2063572663754587,snapshot_236.xyz,32,4000,16.757672110741936,4000,all,236
0.0794691,0.0998345,0.0,0.796008393891891,0.20399160610810896,snapshot_237.xyz,32,4000,16.757672110741936,4000,all,237
0.0791863,0.10025,0.0,0.7898882793017457,0.21011172069825435,snapshot_238.xyz,32,4000,16.757672110741936,4000,all,238
0.0797518,0.10032,0.0,0.7949740829346091,0.20502591706539086,snapshot_239.xyz,32,4000,16.757672110741936,4000,all,239
0.0775585,0.0994184,0.0,0.7801221906608837,0.21987780933911627,snapshot_240.xyz,32,4000,16.757672110741936,4000,all,240
0.0789034,0.0988634,0.0,0.7981052644355747,0.20189473556442528,snapshot_241.xyz,32,4000,16.757672110741936,4000,all,241
0.0808818,0.0992797,0.0,0.8146861845875845,0.18531381541241554,snapshot_242.xyz,32,4000,16.757672110741936,4000,all,242
0.0798931,0.10032,0.0,0.7963825757575757,0.20361742424242435,snapshot_243.xyz,32,4000,16.757672110741936,4000,all,243
0.0808818,0.101082,0.0,0.8001602659227162,0.19983973407728384,snapshot_244.xyz,32,4000,16.757672110741936,4000,all,244
0.0786204,0.100181,0.0,0.7847835417893612,0.21521645821063884,snapshot_245.xyz,32,4000,16.757672110741936,4000,all,245
0.0796104,0.0995572,0.0,0.7996448272952634,0.20035517270473657,snapshot_246.xyz,32,4000,16.757672110741936,4000,all,246
0.0798931,0.100458,0.0,0.795288578311334,0.20471142168866596,snapshot_247.xyz,32,4000,16.757672110741936,4000,all,247
0.081023,0.100528,0.0,0.8059744548782428,0.19402554512175718,snapshot_248.xyz,32,4000,16.757672110741936,4000,all,248
0.0807406,0.0996958,0.0,0.8098696233943656,0.19013037660563437,snapshot_249.xyz,32,4000,16.757672110741936,4000,all,249
0.0793984,0.0992797,0.0,0.7997445600661565,0.20025543993384354,snapshot_250.xyz,32,4000,16.757672110741936,4000,all,250
0.081023,0.100874,0.0,0.8032099450800008,0.19679005491999924,snapshot_251.xyz,32,4000,16.757672110741936,4000,all,251
0.0796104,0.0996265,0.0,0.7990885959057077,0.2009114040942923,snapshot_252.xyz,32,4000,16.757672110741936,4000,all,252
0.0805288,0.100736,0.0,0.7994043837357051,0.2005956162642949,snapshot_253.xyz,32,4000,16.757672110741936,4000,all,253
0.0791863,0.100943,0.0,0.7844654904252895,0.21553450957471054,snapshot_254.xyz,32,4000,16.757672110741936,4000,all,254
0.0812347,0.100666,0.0,0.8069725627322035,0.19302743726779648,snapshot_255.xyz,32,4000,16.757672110741936,4000,all,255
0.0827857,0.100805,0.0,0.8212459699419672,0.1787540300580328,snapshot_256.xyz,32,4000,16.757672110741936,4000,all,256
0.0805288,0.098794,0.0,0.8151183270239083,0.1848816729760917,snapshot_257.xyz,32,4000,16.757672110741936,4000,all,257
0.0813758,0.100736,0.0,0.8078124999999999,0.19218750000000007,snapshot_258.xyz,32,4000,16.757672110741936,4000,all,258
0.0814463,0.0999039,0.0,0.8152464518402184,0.18475354815978162,snapshot_259.xyz,32,4000,16.757672110741936,4000,all,259
0.0810935,0.0999732,0.0,0.8111523888402091,0.18884761115979087,snapshot_260.xyz,32,4000,16.757672110741936,4000,all,260
0.0812347,0.100736,0.0,0.8064118090851334,0.19358819091486656,snapshot_261.xyz,32,4000,16.757672110741936,4000,all,261
0.0818695,0.100181,0.0,0.8172158393308112,0.1827841606691888,snapshot_262.xyz,32,4000,16.757672110741936,4000,all,262
0.0794691,0.0992797,0.0,0.8004566895347186,0.1995433104652814,snapshot_263.xyz,32,4000,16.757672110741936,4000,all,263
0.0815874,0.0994878,0.0,0.8200744211853112,0.17992557881468885,snapshot_264.xyz,32,4000,16.757672110741936,4000,all,264
0.0813052,0.100528,0.0,0.8087816329778768,0.19121836702212325,snapshot_265.xyz,32,4000,16.757672110741936,4000,all,265
0.0812347,0.100181,0.0,0.8108793084517024,0.18912069154829758,snapshot_266.xyz,32,4000,16.757672110741936,4000,all,266
0.0797518,0.0993491,0.0,0.802743054542014,0.197256945457986,snapshot_267.xyz,32,4000,16.757672110741936,4000,all,267
0.0810935,0.10032,0.0,0.8083482854864433,0.19165171451355667,snapshot_268.xyz,32,4000,16.757672110741936,4000,all,268
0.0815168,0.100528,0.0,0.8108865191787362,0.18911348082126378,snapshot_269.xyz,32,4000,16.757672110741936,4000,all,269
0.080105,0.100043,0.0,0.8007056965504832,0.19929430344951682,snapshot_270.xyz,32,4000,16.757672110741936,4000,all,270
0.0805994,0.0999039,0.0,0.8067693053023955,0.19323069469760445,snapshot_271.xyz,32,4000,16.757672110741936,4000,all,271
0.0817284,0.100458,0.0,0.8135579047960342,0.18644209520396582,snapshot_272.xyz,32,4000,16.757672110741936,4000,all,272
0.0816579,0.10129,0.0,0.8061792871951822,0.19382071280481783,snapshot_273.xyz,32,4000,16.757672110741936,4000,all,273
0.0813052,0.0996265,0.0,0.8161001340004918,0.18389986599950825,snapshot_274.xyz,32,4000,16.757672110741936,4000,all,274
0.0829266,0.100597,0.0,0.8243446623656769,0.17565533763432306,snapshot_275.xyz,32,4000,16.757672110741936,4000,all,275
0.0823629,0.100736,0.0,0.8176113802414231,0.1823886197585769,snapshot_276.xyz,32,4000,16.757672110741936,4000,all,276
0.0821515,0.10025,0.0,0.8194663341645885,0.18053366583541153,snapshot_277.xyz,32,4000,16.757672110741936,4000,all,277
0.0828562,0.100043,0.0,0.8282058714752656,0.1717941285247344,snapshot_278.xyz,32,4000,16.757672110741936,4000,all,278
0.0834195,0.100597,0.0,0.8292444108671232,0.1707555891328768,snapshot_279.xyz,32,4000,16.757672110741936,4000,all,279
0.0827857,0.100458,0.0,0.824082701228374,0.17591729877162599,snapshot_280.xyz,32,4000,16.757672110741936,4000,all,280
0.082222,0.0995572,0.0,0.8258769832819727,0.17412301671802732,snapshot_281.xyz,32,4000,16.757672110741936,4000,all,281
0.0813758,0.100043,0.0,0.8134082344591824,0.18659176554081758,snapshot_282.xyz,32,4000,16.757672110741936,4000,all,282
0.0826448,0.0999039,0.0,0.8272429805042646,0.1727570194957354,snapshot_283.xyz,32,4000,16.757672110741936,4000,all,283
0.0837011,0.100043,0.0,0.8366512399668142,0.16334876003318577,snapshot_284.xyz,32,4000,16.757672110741936,4000,all,284
0.0816579,0.0994184,0.0,0.8213560065340018,0.17864399346599824,snapshot_285.xyz,32,4000,16.757672110741936,4000,all,285
0.0822925,0.0999039,0.0,0.8237165916445705,0.17628340835542955,snapshot_286.xyz,32,4000,16.757672110741936,4000,all,286
0.0825039,0.100389,0.0,0.82184203448585,0.17815796551414997,snapshot_287.xyz,32,4000,16.757672110741936,4000,all,287
0.0822925,0.0997652,0.0,0.8248617754487537,0.17513822455124628,snapshot_288.xyz,32,4000,16.757672110741936,4000,all,288
0.0836307,0.100805,0.0,0.8296284906502653,0.17037150934973466,snapshot_289.xyz,32,4000,16.757672110741936,4000,all,289
0.0824334,0.10025,0.0,0.8222783042394015,0.17772169576059849,snapshot_290.xyz,32,4000,16.757672110741936,4000,all,290
0.0834195,0.100181,0.0,0.8326878350186162,0.1673121649813838,snapshot_291.xyz,32,4000,16.757672110741936,4000,all,291
0.0823629,0.10122,0.0,0.8137018375815056,0.1862981624184944,snapshot_292.xyz,32,4000,16.757672110741936,4000,all,292
0.0829266,0.100458,0.0,0.8254852774293735,0.1745147225706265,snapshot_293.xyz,32,4000,16.757672110741936,4000,all,293
0.0841936,0.10025,0.0,0.839836408977556,0.16016359102244404,snapshot_294.xyz,32,4000,16.757672110741936,4000,all,294
0.0831379,0.100666,0.0,0.8258786482029682,0.1741213517970318,snapshot_295.xyz,32,4000,16.757672110741936,4000,all,295
0.082222,0.100389,0.0,0.8190339579037543,0.18096604209624567,snapshot_296.xyz,32,4000,16.757672110741936,4000,all,296
0.0839826,0.100874,0.0,0.8325495172195015,0.16745048278049846,snapshot_297.xyz,32,4000,16.757672110741936,4000,all,297
0.0839826,0.100181,0.0,0.8383086613230053,0.1616913386769947,snapshot_298.xyz,32,4000,16.757672110741936,4000,all,298
0.08194,0.100597,0.0,0.814537212839349,0.185462787160651,snapshot_299.xyz,32,4000,16.757672110741936,4000,all,299
0.0844047,0.100597,0.0,0.8390379434774397,0.16096205652256035,snapshot_300.xyz,32,4000,16.757672110741936,4000,all,300
0.0826448,0.100043,0.0,0.826092780104555,0.173907219895445,snapshot_301.xyz,32,4000,16.757672110741936,4000,all,301
0.0839122,0.100458,0.0,0.835296342750204,0.16470365724979597,snapshot_302.xyz,32,4000,16.757672110741936,4000,all,302
0.0831379,0.100528,0.0,0.8270123746617857,0.17298762533821432,snapshot_303.xyz,32,4000,16.757672110741936,4000,all,303
0.0839122,0.100181,0.0,0.837605933260798,0.16239406673920198,snapshot_304.xyz,32,4000,16.757672110741936,4000,all,304
0.0838418,0.100805,0.0,0.8317226328059123,0.1682773671940877,snapshot_305.xyz,32,4000,16.757672110741936,4000,all,305
0.0849672,0.100389,0.0,0.8463795834204942,0.15362041657950576,snapshot_306.xyz,32,4000,16.757672110741936,4000,all,306
0.0834195,0.10032,0.0,0.8315340909090908,0.1684659090909092,snapshot_307.xyz,32,4000,16.757672110741936,4000,all,307
0.0841936,0.100874,0.0,0.8346412356008485,0.16535876439915154,snapshot_308.xyz,32,4000,16.757672110741936,4000,all,308
0.0834195,0.0998345,0.0,0.8355778813937065,0.16442211860629352,snapshot_309.xyz,32,4000,16.757672110741936,4000,all,309
0.0846156,0.100458,0.0,0.8422982739055127,0.1577017260944873,snapshot_310.xyz,32,4000,16.757672110741936,4000,all,310
0.0837715,0.0997652,0.0,0.8396865840994655,0.1603134159005345,snapshot_311.xyz,32,4000,16.757672110741936,4000,all,311
0.0831379,0.100389,0.0,0.8281574674516132,0.17184253254838677,snapshot_312.xyz,32,4000,16.757672110741936,4000,all,312
0.0831379,0.0994184,0.0,0.836242586885325,0.16375741311467495,snapshot_313.xyz,32,4000,16.757672110741936,4000,all,313
0.0845453,0.0997652,0.0,0.8474427956842667,0.15255720431573327,snapshot_314.xyz,32,4000,16.757672110741936,4000,all,314
0.0826448,0.100666,0.0,0.8209802713925258,0.17901972860747417,snapshot_315.xyz,32,4000,16.757672110741936,4000,all,315
0.0844047,0.100389,0.0,0.840776379882258,0.15922362011774205,snapshot_316.xyz,32,4000,16.757672110741936,4000,all,316
0.0841233,0.100389,0.0,0.8379732839255296,0.1620267160744704,snapshot_317.xyz,32,4000,16.757672110741936,4000,all,317
0.0845453,0.100043,0.0,0.8450896114670692,0.15491038853293082,snapshot_318.xyz,32,4000,16.757672110741936,4000,all,318
0.0840529,0.100458,0.0,0.836696928069442,0.16330307193055804,snapshot_319.xyz,32,4000,16.757672110741936,4000,all,319
0.0838418,0.10025,0.0,0.8363271820448877,0.16367281795511235,snapshot_320.xyz,32,4000,16.757672110741936,4000,all,320
0.085178,0.0999039,0.0,0.8525993479734024,0.14740065202659758,snapshot_321.xyz,32,4000,16.757672110741936,4000,all,321
0.085178,0.100528,0.0,0.8473062231418113,0.15269377685818875,snapshot_322.xyz,32,4000,16.757672110741936,4000,all,322
0.0853888,0.10032,0.0,0.851164274322169,0.148835725677831,snapshot_323.xyz,32,4000,16.757672110741936,4000,all,323
0.0845453,0.100043,0.0,0.8450896114670692,0.15491038853293082,snapshot_324.xyz,32,4000,16.757672110741936,4000,all,324
0.0841936,0.10032,0.0,0.8392503987240828,0.1607496012759172,snapshot_325.xyz,32,4000,16.757672110741936,4000,all,325
0.0851077,0.0999732,0.0,0.851305149780141,0.14869485021985895,snapshot_326.xyz,32,4000,16.757672110741936,4000,all,326
0.0854591,0.100458,0.0,0.8506948177347746,0.14930518226522538,snapshot_327.xyz,32,4000,16.757672110741936,4000,all,327
0.0843343,0.0990716,0.0,0.8512459675628535,0.14875403243714647,snapshot_328.xyz,32,4000,16.757672110741936,4000,all,328
0.0832083,0.100112,0.0,0.8311521096372063,0.16884789036279368,snapshot_329.xyz,32,4000,16.757672110741936,4000,all,329
0.0834899,0.0998345,0.0,0.8362830484451768,0.16371695155482324,snapshot_330.xyz,32,4000,16.757672110741936,4000,all,330
0.0846859,0.10025,0.0,0.844747132169576,0.15525286783042402,snapshot_331.xyz,32,4000,16.757672110741936,4000,all,331
0.0848969,0.100874,0.0,0.8416132997600967,0.1583867002399033,snapshot_332.xyz,32,4000,16.757672110741936,4000,all,332
0.0850374,0.0997652,0.0,0.8523753773861026,0.14762462261389742,snapshot_333.xyz,32,4000,16.757672110741936,4000,all,333
0.0853186,0.0999039,0.0,0.8540067004391219,0.14599329956087814,snapshot_334.xyz,32,4000,16.757672110741936,4000,all,334
0.0837715,0.100736,0.0,0.831594464739517,0.16840553526048296,snapshot_335.xyz,32,4000,16.757672110741936,4000,all,335
0.0852483,0.100736,0.0,0.8462545663913595,0.15374543360864046,snapshot_336.xyz,32,4000,16.757672110741936,4000,all,336
0.0855293,0.100597,0.0,0.8502172032963209,0.1497827967036791,snapshot_337.xyz,32,4000,16.757672110741936,4000,all,337
0.0865826,0.101497,0.0,0.8530557553425223,0.14694424465747769,snapshot_338.xyz,32,4000,16.757672110741936,4000,all,338
0.0855293,0.100181,0.0,0.8537477166328944,0.1462522833671056,snapshot_339.xyz,32,4000,16.757672110741936,4000,all,339
0.0861614,0.100181,0.0,0.8600572962937083,0.1399427037062917,snapshot_340.xyz,32,4000,16.757672110741936,4000,all,340
0.0858805,0.100458,0.0,0.854889605606323,0.145110394393677,snapshot_341.xyz,32,4000,16.757672110741936,4000,all,341
0.0846156,0.0999732,0.0,0.8463828305986004,0.15361716940139958,snapshot_342.xyz,32,4000,16.757672110741936,4000,all,342
0.0860912,0.100181,0.0,0.8593565646180413,0.14064343538195867,snapshot_343.xyz,32,4000,16.757672110741936,4000,all,343
0.0849672,0.10032,0.0,0.8469617224880382,0.15303827751196175,snapshot_344.xyz,32,4000,16.757672110741936,4000,all,344
0.0859508,0.0999732,0.0,0.8597384098938515,0.14026159010614847,snapshot_345.xyz,32,4000,16.757672110741936,4000,all,345
0.0850374,0.0993491,0.0,0.8559453482719018,0.14405465172809817,snapshot_346.xyz,32,4000,16.757672110741936,4000,all,346
0.0844047,0.100181,0.0,0.8425220351164392,0.1574779648835608,snapshot_347.xyz,32,4000,16.757672110741936,4000,all,347
0.0860912,0.0999039,0.0,0.8617401322671088,0.13825986773289123,snapshot_348.xyz,32,4000,16.757672110741936,4000,all,348
0.0857401,0.100666,0.0,0.8517284882681342,0.1482715117318658,snapshot_349.xyz,32,4000,16.757672110741936,4000,all,349
0.0857401,0.100874,0.0,0.8499722425996787,0.15002775740032126,snapshot_350.xyz,32,4000,16.757672110741936,4000,all,350
0.0848969,0.0997652,0.0,0.8509670706819612,0.1490329293180388,snapshot_351.xyz,32,4000,16.757672110741936,4000,all,351
0.086372,0.0996265,0.0,0.8669580884603996,0.13304191153960043,snapshot_352.xyz,32,4000,16.757672110741936,4000,all,352
0.0857401,0.0995572,0.0,0.861214457618334,0.13878554238166596,snapshot_353.xyz,32,4000,16.757672110741936,4000,all,353
0.0861614,0.100805,0.0,0.8547333961609047,0.1452666038390953,snapshot_354.xyz,32,4000,16.757672110741936,4000,all,354
0.0873543,0.100528,0.0,0.8689549180327868,0.1310450819672132,snapshot_355.xyz,32,4000,16.757672110741936,4000,all,355
0.0854591,0.100112,0.0,0.8536349288796546,0.14636507112034536,snapshot_356.xyz,32,4000,16.757672110741936,4000,all,356
0.0862316,0.0999039,0.0,0.8631454828089794,0.1368545171910206,snapshot_357.xyz,32,4000,16.757672110741936,4000,all,357
0.0855996,0.0998345,0.0,0.8574150218611801,0.14258497813881987,snapshot_358.xyz,32,4000,16.757672110741936,4000,all,358
0.0862316,0.0999039,0.0,0.8631454828089794,0.1368545171910206,snapshot_359.xyz,32,4000,16.757672110741936,4000,all,359
0.0861614,0.10025,0.0,0.859465336658354,0.140534663341646,snapshot_360.xyz,32,4000,16.757672110741936,4000,all,360
0.086372,0.0995572,0.0,0.8675615625991893,0.13243843740081074,snapshot_361.xyz,32,4000,16.757672110741936,4000,all,361
0.0858103,0.100943,0.0,0.85008668258324,0.14991331741675995,snapshot_362.xyz,32,4000,16.757672110741936,4000,all,362
0.0841936,0.0995572,0.0,0.8456806740245808,0.1543193259754192,snapshot_363.xyz,32,4000,16.757672110741936,4000,all,363
0.086372,0.0995572,0.0,0.8675615625991893,0.13243843740081074,snapshot_364.xyz,32,4000,16.757672110741936,4000,all,364
0.086021,0.10032,0.0,0.8574661084529505,0.14253389154704954,snapshot_365.xyz,32,4000,16.757672110741936,4000,all,365
0.0854591,0.100597,0.0,0.8495193693648915,0.15048063063510853,snapshot_366.xyz,32,4000,16.757672110741936,4000,all,366
0.0865826,0.0994878,0.0,0.8702835925610979,0.12971640743890211,snapshot_367.xyz,32,4000,16.757672110741936,4000,all,367
0.0861614,0.10122,0.0,0.8512290061252716,0.14877099387472836,snapshot_368.xyz,32,4000,16.757672110741936,4000,all,368
0.0861614,0.100528,0.0,0.857088572338055,0.14291142766194498,snapshot_369.xyz,32,4000,16.757672110741936,4000,all,369
0.0857401,0.100805,0.0,0.8505540399781756,0.14944596002182442,snapshot_370.xyz,32,4000,16.757672110741936,4000,all,370
0.0855293,0.100181,0.0,0.8537477166328944,0.1462522833671056,snapshot_371.xyz,32,4000,16.757672110741936,4000,all,371
0.0865826,0.0999732,0.0,0.8660581035717572,0.13394189642824283,snapshot_372.xyz,32,4000,16.757672110741936,4000,all,372
0.0874945,0.100043,0.0,0.8745689353577961,0.12543106464220388,snapshot_373.xyz,32,4000,16.757672110741936,4000,all,373
0.0862316,0.100112,0.0,0.8613512865590539,0.1386487134409461,snapshot_374.xyz,32,4000,16.757672110741936,4000,all,374
0.0867931,0.100112,0.0,0.86696000479463,0.13303999520537002,snapshot_375.xyz,32,4000,16.757672110741936,4000,all,375
0.0864422,0.0997652,0.0,0.8664564397204636,0.1335435602795364,snapshot_376.xyz,32,4000,16.757672110741936,4000,all,376
0.086021,0.0998345,0.0,0.8616360075925656,0.13836399240743436,snapshot_377.xyz,32,4000,16.757672110741936,4000,all,377
0.0867229,0.0997652,0.0,0.8692700460681682,0.13072995393183184,snapshot_378.xyz,32,4000,16.757672110741936,4000,all,378
0.0871439,0.0998345,0.0,0.8728836223950638,0.12711637760493621,snapshot_379.xyz,32,4000,16.757672110741936,4000,all,379
0.0858103,0.100528,0.0,0.8535960130510902,0.14640398694890977,snapshot_380.xyz,32,4000,16.757672110741936,4000,all,380
0.0881254,0.100458,0.0,0.877236257938641,0.12276374206135898,snapshot_381.xyz,32,4000,16.757672110741936,4000,all,381
0.0862316,0.100736,0.0,0.8560157242693773,0.14398427573062267,snapshot_382.xyz,32,4000,16.757672110741936,4000,all,382
0.0873543,0.099141,0.0,0.8811117499319151,0.1188882500680849,snapshot_383.xyz,32,4000,16.757672110741936,4000,all,383
0.0861614,0.100112,0.0,0.8606500719194502,0.1393499280805498,snapshot_384.xyz,32,4000,16.757672110741936,4000,all,384
0.0867931,0.0999039,0.0,0.8687658840145379,0.13123411598546209,snapshot_385.xyz,32,4000,16.757672110741936,4000,all,385
0.0870737,0.10025,0.0,0.8685655860349127,0.13143441396508726,snapshot_386.xyz,32,4000,16.757672110741936,4000,all,386
0.0875647,0.100666,0.0,0.869853773866052,0.130146226133948,snapshot_387.xyz,32,4000,16.757672110741936,4000,all,387
0.0870737,0.0994878,0.0,0.8752198762059268,0.12478012379407322,snapshot_388.xyz,32,4000,16.757672110741936,4000,all,388
0.0875647,0.100458,0.0,0.8716548209201854,0.12834517907981458,snapshot_389.xyz,32,4000,16.757672110741936,4000,all,389
0.0870737,0.0997652,0.0,0.8727863022376541,0.12721369776234592,snapshot_390.xyz,32,4000,16.757672110741936,4000,all,390
0.087214,0.0998345,0.0,0.8735857844733033,0.12641421552669674,snapshot_391.xyz,32,4000,16.757672110741936,4000,all,391
0.0879152,0.100043,0.0,0.878774127125336,0.12122587287466402,snapshot_392.xyz,32,4000,16.757672110741936,4000,all,392
0.0882656,0.100597,0.0,0.8774178156406254,0.12258218435937462,snapshot_393.xyz,32,4000,16.757672110741936,4000,all,393
0.0867931,0.100389,0.0,0.8645678311368775,0.13543216886312248,snapshot_394.xyz,32,4000,16.757672110741936,4000,all,394
0.0870737,0.100043,0.0,0.8703627440200713,0.1296372559799287,snapshot_395.xyz,32,4000,16.757672110741936,4000,all,395
0.0865124,0.0998345,0.0,0.866558153744447,0.133441846255553,snapshot_396.xyz,32,4000,16.757672110741936,4000,all,396
0.0879152,0.100597,0.0,0.8739346103760549,0.1260653896239451,snapshot_397.xyz,32,4000,16.757672110741936,4000,all,397
0.0877049,0.10032,0.0,0.8742513955342902,0.1257486044657098,snapshot_398.xyz,32,4000,16.757672110741936,4000,all,398
0.0872842,0.100112,0.0,0.8718655106280966,0.12813448937190342,snapshot_399.xyz,32,4000,16.757672110741936,4000,all,399
0.0882656,0.0995572,0.0,0.8865817841401727,0.11341821585982725,snapshot_400.xyz,32,4000,16.757672110741936,4000,all,400
0.0878451,0.100666,0.0,0.8726392227763097,0.12736077722369032,snapshot_401.xyz,32,4000,16.757672110741936,4000,all,401
0.0881955,0.100666,0.0,0.8761200405300696,0.12387995946993036,snapshot_402.xyz,32,4000,16.757672110741936,4000,all,402
0.0878451,0.100112,0.0,0.8774682355761546,0.12253176442384539,snapshot_403.xyz,32,4000,16.757672110741936,4000,all,403
0.0879852,0.100597,0.0,0.8746304561766255,0.1253695438233745,snapshot_404.xyz,32,4000,16.757672110741936,4000,all,404
0.0880553,0.0996265,0.0,0.8838541954198933,0.1161458045801067,snapshot_405.xyz,32,4000,16.757672110741936,4000,all,405
0.0875647,0.0998345,0.0,0.8770985981799878,0.12290140182001219,snapshot_406.xyz,32,4000,16.757672110741936,4000,all,406
0.0883356,0.101013,0.0,0.8744973419262867,0.1255026580737133,snapshot_407.xyz,32,4000,16.757672110741936,4000,all,407
0.0882656,0.100666,0.0,0.8768164027576341,0.12318359724236594,snapshot_408.xyz,32,4000,16.757672110741936,4000,all,408
0.0884057,0.100043,0.0,0.8836770188818808,0.11632298111811923,snapshot_409.xyz,32,4000,16.757672110741936,4000,all,409
0.0886158,0.10025,0.0,0.8839481296758104,0.11605187032418962,snapshot_410.xyz,32,4000,16.757672110741936,4000,all,410
0.0881254,0.099141,0.0,0.8888895613318405,0.1111104386681595,snapshot_411.xyz,32,4000,16.757672110741936,4000,all,411
0.0874244,0.100597,0.0,0.8690557372486256,0.13094426275137439,snapshot_412.xyz,32,4000,16.757672110741936,4000,all,412
0.0879152,0.10025,0.0,0.8769596009975061,0.12304039900249386,snapshot_413.xyz,32,4000,16.757672110741936,4000,all,413
0.0879852,0.0990716,0.0,0.8880970934152673,0.11190290658473268,snapshot_414.xyz,32,4000,16.757672110741936,4000,all,414
0.0880553,0.100597,0.0,0.8753272960426255,0.12467270395737451,snapshot_415.xyz,32,4000,16.757672110741936,4000,all,415
0.087775,0.10032,0.0,0.8749501594896332,0.12504984051036683,snapshot_416.xyz,32,4000,16.757672110741936,4000,all,416
0.0870737,0.0990716,0.0,0.8788966767469185,0.12110332325308149,snapshot_417.xyz,32,4000,16.757672110741936,4000,all,417
0.0886158,0.0994184,0.0,0.8913420453356722,0.10865795466432782,snapshot_418.xyz,32,4000,16.757672110741936,4000,all,418
0.0879852,0.100181,0.0,0.8782623451552689,0.12173765484473109,snapshot_419.xyz,32,4000,16.757672110741936,4000,all,419
0.0873543,0.0999039,0.0,0.8743832823343232,0.12561671766567684,snapshot_420.xyz,32,4000,16.757672110741936,4000,all,420
0.0878451,0.100389,0.0,0.8750470669097211,0.12495293309027888,snapshot_421.xyz,32,4000,16.757672110741936,4000,all,421
0.0870737,0.0999039,0.0,0.8715745831744306,0.1284254168255694,snapshot_422.xyz,32,4000,16.757672110741936,4000,all,422
0.088966,0.100528,0.0,0.8849872672290306,0.11501273277096935,snapshot_423.xyz,32,4000,16.757672110741936,4000,all,423
0.0876348,0.0995572,0.0,0.8802457280839557,0.11975427191604426,snapshot_424.xyz,32,4000,16.757672110741936,4000,all,424
0.0880553,0.10025,0.0,0.8783571072319202,0.12164289276807982,snapshot_425.xyz,32,4000,16.757672110741936,4000,all,425
0.0885458,0.10032,0.0,0.882633572567783,0.11736642743221704,snapshot_426.xyz,32,4000,16.757672110741936,4000,all,426
0.089036,0.100666,0.0,0.8844694335724077,0.1155305664275923,snapshot_427.xyz,32,4000,16.757672110741936,4000,all,427
0.0877049,0.10032,0.0,0.8742513955342902,0.1257486044657098,snapshot_428.xyz,32,4000,16.757672110741936,4000,all,428
0.0886158,0.0998345,0.0,0.8876270227226059,0.11237297727739415,snapshot_429.xyz,32,4000,16.757672110741936,4000,all,429
0.0874945,0.0996265,0.0,0.8782251710137363,0.12177482898626368,snapshot_430.xyz,32,4000,16.757672110741936,4000,all,430
0.0870737,0.100112,0.0,0.8697628655905386,0.13023713440946139,snapshot_431.xyz,32,4000,16.757672110741936,4000,all,431
0.0888259,0.100112,0.0,0.8872652629055457,0.11273473709445425,snapshot_432.xyz,32,4000,16.757672110741936,4000,all,432
0.089596,0.10032,0.0,0.8931020733652312,0.10689792663476883,snapshot_433.xyz,32,4000,16.757672110741936,4000,all,433
0.0878451,0.0998345,0.0,0.8799072464929457,0.12009275350705428,snapshot_434.xyz,32,4000,16.757672110741936,4000,all,434
0.0879852,0.100805,0.0,0.8728257526908387,0.12717424730916127,snapshot_435.xyz,32,4000,16.757672110741936,4000,all,435
0.0879852,0.0999732,0.0,0.8800878635474307,0.11991213645256926,snapshot_436.xyz,32,4000,16.757672110741936,4000,all,436
0.0881955,0.100528,0.0,0.8773227359541619,0.12267726404583812,snapshot_437.xyz,32,4000,16.757672110741936,4000,all,437
0.089106,0.100736,0.0,0.8845497141041931,0.11545028589580686,snapshot_438.xyz,32,4000,16.757672110741936,4000,all,438
0.0885458,0.0999039,0.0,0.8863097436636607,0.11369025633633933,snapshot_439.xyz,32,4000,16.757672110741936,4000,all,439
0.089386,0.100112,0.0,0.8928599968035799,0.10714000319642014,snapshot_440.xyz,32,4000,16.757672110741936,4000,all,440
0.089456,0.100666,0.0,0.8886416466334213,0.11135835336657873,snapshot_441.xyz,32,4000,16.757672110741936,4000,all,441
0.089526,0.100597,0.0,0.8899470163126136,0.11005298368738636,snapshot_442.xyz,32,4000,16.757672110741936,4000,all,442
0.089036,0.0993491,0.0,0.8961933223350791,0.10380667766492091,snapshot_443.xyz,32,4000,16.757672110741936,4000,all,443
0.088896,0.100736,0.0,0.8824650571791613,0.11753494282083865,snapshot_444.xyz,32,4000,16.757672110741936,4000,all,444
0.088966,0.100043,0.0,0.8892776106274302,0.11072238937256984,snapshot_445.xyz,32,4000,16.757672110741936,4000,all,445
0.088966,0.10025,0.0,0.8874413965087281,0.11255860349127189,snapshot_446.xyz,32,4000,16.757672110741936,4000,all,446
0.089106,0.100043,0.0,0.890677008886179,0.10932299111382104,snapshot_447.xyz,32,4000,16.757672110741936,4000,all,447
0.089596,0.10025,0.0,0.893725685785536,0.10627431421446398,snapshot_448.xyz,32,4000,16.757672110741936,4000,all,448
0.0898758,0.101151,0.0,0.8885310080968057,0.11146899190319426,snapshot_449.xyz,32,4000,16.757672110741936,4000,all,449
0.088896,0.10032,0.0,0.8861244019138755,0.11387559808612446,snapshot_450.xyz,32,4000,16.757672110741936,4000,all,450
0.0887559,0.100943,0.0,0.8792675074051692,0.12073249259483076,snapshot_451.xyz,32,4000,16.757672110741936,4000,all,451
0.0884757,0.0993491,0.0,0.8905536134700768,0.10944638652992322,snapshot_452.xyz,32,4000,16.757672110741936,4000,all,452
0.089106,0.100666,0.0,0.88516480241591,0.11483519758409,snapshot_453.xyz,32,4000,16.757672110741936,4000,all,453
0.089176,0.100736,0.0,0.8852445997458704,0.11475540025412956,snapshot_454.xyz,32,4000,16.757672110741936,4000,all,454
0.088966,0.0999039,0.0,0.8905157856700289,0.10948421432997113,snapshot_455.xyz,32,4000,16.757672110741936,4000,all,455
0.088896,0.0999732,0.0,0.8891983051457791,0.11080169485422087,snapshot_456.xyz,32,4000,16.757672110741936,4000,all,456
0.089526,0.0990716,0.0,0.9036494817889283,0.09635051821107166,snapshot_457.xyz,32,4000,16.757672110741936,4000,all,457
0.0887559,0.0992103,0.0,0.8946238445000166,0.10537615549998336,snapshot_458.xyz,32,4000,16.757672110741936,4000,all,458
0.088966,0.100389,0.0,0.8862126328581816,0.11378736714181836,snapshot_459.xyz,32,4000,16.757672110741936,4000,all,459
0.0900857,0.100458,0.0,0.8967498855242987,0.10325011447570132,snapshot_460.xyz,32,4000,16.757672110741936,4000,all,460
0.0887559,0.0999732,0.0,0.8877969295771266,0.11220307042287336,snapshot_461.xyz,32,4000,16.757672110741936,4000,all,461
0.0897359,0.100528,0.0,0.8926458300175074,0.10735416998249259,snapshot_462.xyz,32,4000,16.757672110741936,4000,all,462
0.0900857,0.100736,0.0,0.8942751350063533,0.10572486499364675,snapshot_463.xyz,32,4000,16.757672110741936,4000,all,463
0.0898059,0.0997652,0.0,0.9001726052771908,0.09982739472280922,snapshot_464.xyz,32,4000,16.757672110741936,4000,all,464
0.0898758,0.100389,0.0,0.8952753787765592,0.10472462122344084,snapshot_465.xyz,32,4000,16.757672110741936,4000,all,465
0.0884757,0.0993491,0.0,0.8905536134700768,0.10944638652992322,snapshot_466.xyz,32,4000,16.757672110741936,4000,all,466
0.088896,0.0995572,0.0,0.8929138224056121,0.10708617759438788,snapshot_467.xyz,32,4000,16.757672110741936,4000,all,467
0.089176,0.10025,0.0,0.8895361596009975,0.11046384039900248,snapshot_468.xyz,32,4000,16.757672110741936,4000,all,468
0.0888259,0.100112,0.0,0.8872652629055457,0.11273473709445425,snapshot_469.xyz,32,4000,16.757672110741936,4000,all,469
0.0897359,0.100389,0.0,0.8938817997987826,0.10611820020121743,snapshot_470.xyz,32,4000,16.757672110741936,4000,all,470
0.0908548,0.100389,0.0,0.9050274432457739,0.09497255675422611,snapshot_471.xyz,32,4000,16.757672110741936,4000,all,471
0.0900857,0.0997652,0.0,0.9029771904431606,0.0970228095568394,snapshot_472.xyz,32,4000,16.757672110741936,4000,all,472
0.089456,0.100597,0.0,0.8892511705120429,0.11074882948795706,snapshot_473.xyz,32,4000,16.757672110741936,4000,all,473
0.089316,0.100181,0.0,0.8915463011948374,0.10845369880516265,snapshot_474.xyz,32,4000,16.757672110741936,4000,all,474
0.0900857,0.0999039,0.0,0.9017235563376405,0.09827644366235955,snapshot_475.xyz,32,4000,16.757672110741936,4000,all,475
0.0897359,0.10032,0.0,0.894496610845295,0.10550338915470503,snapshot_476.xyz,32,4000,16.757672110741936,4000,all,476
0.0904354,0.10032,0.0,0.901469298245614,0.09853070175438605,snapshot_477.xyz,32,4000,16.757672110741936,4000,all,477
0.0898059,0.100666,0.0,0.8921174974668705,0.10788250253312948,snapshot_478.xyz,32,4000,16.757672110741936,4000,all,478
0.0904354,0.100043,0.0,0.903965294923183,0.096034705076817,snapshot_479.xyz,32,4000,16.757672110741936,4000,all,479
0.0888259,0.100043,0.0,0.8878772127984966,0.11212278720150337,snapshot_480.xyz,32,4000,16.757672110741936,4000,all,480
0.0903654,0.10032,0.0,0.9007715311004784,0.09922846889952164,snapshot_481.xyz,32,4000,16.757672110741936,4000,all,481
0.0897359,0.10032,0.0,0.894496610845295,0.10550338915470503,snapshot_482.xyz,32,4000,16.757672110741936,4000,all,482
0.0912042,0.10025,0.0,0.9097675810473815,0.09023241895261847,snapshot_483.xyz,32,4000,16.757672110741936,4000,all,483
0.0900857,0.0999039,0.0,0.9017235563376405,0.09827644366235955,snapshot_484.xyz,32,4000,16.757672110741936,4000,all,484
0.088896,0.100112,0.0,0.8879654786638964,0.11203452133610359,snapshot_485.xyz,32,4000,16.757672110741936,4000,all,485
0.0901556,0.10032,0.0,0.8986802232854864,0.10131977671451364,snapshot_486.xyz,32,4000,16.757672110741936,4000,all,486
0.089316,0.0994184,0.0,0.8983850072018862,0.10161499279811381,snapshot_487.xyz,32,4000,16.757672110741936,4000,all,487
0.0907849,0.100181,0.0,0.9062087621405256,0.09379123785947441,snapshot_488.xyz,32,4000,16.757672110741936,4000,all,488
0.0902955,0.100043,0.0,0.902566896234619,0.09743310376538095,snapshot_489.xyz,32,4000,16.757672110741936,4000,all,489
0.0901556,0.0994878,0.0,0.9061975438194432,0.09380245618055683,snapshot_490.xyz,32,4000,16.757672110741936,4000,all,490
0.089036,0.100528,0.0,0.8856835906414133,0.11431640935858667,snapshot_491.xyz,32,4000,16.757672110741936,4000,all,491
0.091344,0.100389,0.0,0.9099004871051608,0.0900995128948392,snapshot_492.xyz,32,4000,16.757672110741936,4000,all,492
0.0914138,0.100043,0.0,0.913745089611467,0.08625491038853295,snapshot_493.xyz,32,4000,16.757672110741936,4000,all,493
0.0898758,0.0999732,0.0,0.8989989317136994,0.10100106828630062,snapshot_494.xyz,32,4000,16.757672110741936,4000,all,494
0.0901556,0.100043,0.0,0.9011684975460551,0.0988315024539449,snapshot_495.xyz,32,4000,16.757672110741936,4000,all,495
0.0906451,0.100874,0.0,0.8985972599480541,0.10140274005194594,snapshot_496.xyz,32,4000,16.757672110741936,4000,all,496
0.0902955,0.0996265,0.0,0.9063401805744455,0.09365981942555446,snapshot_497.xyz,32,4000,16.757672110741936,4000,all,497
0.0899458,0.100389,0.0,0.8959726663279841,0.10402733367201589,snapshot_498.xyz,32,4000,16.757672110741936,4000,all,498
0.0902256,0.100181,0.0,0.9006258671804035,0.0993741328195965,snapshot_499.xyz,32,4000,16.757672110741936,4000,all,499
0.0896659,0.100943,0.0,0.888282496062134,0.11171750393786595,snapshot_500.xyz,32,4000,16.757672110741936,4000,all,500
0.0903654,0.100112,0.0,0.902643039795429,0.09735696020457096,snapshot_501.xyz,32,4000,16.757672110741936,4000,all,501
0.0902256,0.100736,0.0,0.8956639135959339,0.10433608640406611,snapshot_502.xyz,32,4000,16.757672110741936,4000,all,502
0.0908548,0.100736,0.0,0.9019099428208386,0.09809005717916142,snapshot_503.xyz,32,4000,16.757672110741936,4000,all,503
0.0902955,0.100112,0.0,0.9019448217995845,0.09805517820041554,snapshot_504.xyz,32,4000,16.757672110741936,4000,all,504
0.0903654,0.100597,0.0,0.8982912015268845,0.10170879847311554,snapshot_505.xyz,32,4000,16.757672110741936,4000,all,505
0.0900857,0.100389,0.0,0.8973662453057606,0.10263375469423941,snapshot_506.xyz,32,4000,16.757672110741936,4000,all,506
0.0902955,0.100043,0.0,0.902566896234619,0.09743310376538095,snapshot_507.xyz,32,4000,16.757672110741936,4000,all,507
0.090715,0.100805,0.0,0.8999057586429244,0.10009424135707556,snapshot_508.xyz,32,4000,16.757672110741936,4000,all,508
0.0899458,0.10032,0.0,0.8965889154704945,0.10341108452950554,snapshot_509.xyz,32,4000,16.757672110741936,4000,all,509
0.0912042,0.100528,0.0,0.9072517109660989,0.09274828903390109,snapshot_510.xyz,32,4000,16.757672110741936,4000,all,510
0.0901556,0.100666,0.0,0.8955913615321955,0.10440863846780446,snapshot_511.xyz,32,4000,16.757672110741936,4000,all,511
0.089246,0.0999039,0.0,0.8933184790583751,0.10668152094162486,snapshot_512.xyz,32,4000,16.757672110741936,4000,all,512
0.0906451,0.100458,0.0,0.9023183818113042,0.0976816181886958,snapshot_513.xyz,32,4000,16.757672110741936,4000,all,513
0.090715,0.100389,0.0,0.903634860393071,0.09636513960692905,snapshot_514.xyz,32,4000,16.757672110741936,4000,all,514
0.0917631,0.100805,0.0,0.9103030603640692,0.08969693963593084,snapshot_515.xyz,32,4000,16.757672110741936,4000,all,515
0.090715,0.100874,0.0,0.899290203620358,0.10070979637964195,snapshot_516.xyz,32,4000,16.757672110741936,4000,all,516
0.0909946,0.0999732,0.0,0.9101899309014816,0.08981006909851841,snapshot_517.xyz,32,4000,16.757672110741936,4000,all,517
0.0909247,0.10122,0.0,0.8982878877692155,0.10171211223078447,snapshot_518.xyz,32,4000,16.757672110741936,4000,all,518
0.0912741,0.10025,0.0,0.9104648379052368,0.0895351620947632,snapshot_519.xyz,32,4000,16.757672110741936,4000,all,519
0.0908548,0.100874,0.0,0.9006760909649661,0.09932390903503385,snapshot_520.xyz,32,4000,16.757672110741936,4000,all,520
0.0902955,0.100528,0.0,0.8982124383256406,0.10178756167435943,snapshot_521.xyz,32,4000,16.757672110741936,4000,all,521
0.0909946,0.0992103,0.0,0.9171890418635967,0.08281095813640327,snapshot_522.xyz,32,4000,16.757672110741936,4000,all,522
0.0910645,0.100458,0.0,0.9064932608652372,0.09350673913476282,snapshot_523.xyz,32,4000,16.757672110741936,4000,all,523
0.0914138,0.100736,0.0,0.9074591010165184,0.09254089898348161,snapshot_524.xyz,32,4000,16.757672110741936,4000,all,524
0.0917631,0.10032,0.0,0.914703947368421,0.08529605263157902,snapshot_525.xyz,32,4000,16.757672110741936,4000,all,525
0.0927403,0.100528,0.0,0.9225320308769696,0.07746796912303044,snapshot_526.xyz,32,4000,16.757672110741936,4000,all,526
0.0912741,0.10025,0.0,0.9104648379052368,0.0895351620947632,snapshot_527.xyz,32,4000,16.757672110741936,4000,all,527
0.0916234,0.100181,0.0,0.9145786127109929,0.08542138728900706,snapshot_528.xyz,32,4000,16.757672110741936,4000,all,528
0.0929496,0.100458,0.0,0.9252583169085586,0.07474168309144136,snapshot_529.xyz,32,4000,16.757672110741936,4000,all,529
0.0926008,0.100458,0.0,0.9217862191164466,0.07821378088355335,snapshot_530.xyz,32,4000,16.757672110741936,4000,all,530
0.0937167,0.10025,0.0,0.9348299251870323,0.06517007481296766,snapshot_531.xyz,32,4000,16.757672110741936,4000,all,531
0.0921122,0.100736,0.0,0.9143920743329098,0.08560792566709019,snapshot_532.xyz,32,4000,16.757672110741936,4000,all,532
0.0926705,0.100666,0.0,0.920573977311108,0.07942602268889198,snapshot_533.xyz,32,4000,16.757672110741936,4000,all,533
0.0928101,0.0995572,0.0,0.932228909611761,0.06777109038823903,snapshot_534.xyz,32,4000,16.757672110741936,4000,all,534
0.092182,0.100528,0.0,0.9169783542893521,0.08302164571064785,snapshot_535.xyz,32,4000,16.757672110741936,4000,all,535
0.0926705,0.100181,0.0,0.9250306944430581,0.07496930555694192,snapshot_536.xyz,32,4000,16.757672110741936,4000,all,536
0.0928101,0.100597,0.0,0.9225931190790978,0.0774068809209022,snapshot_537.xyz,32,4000,16.757672110741936,4000,all,537
0.0928799,0.100389,0.0,0.9251999721084979,0.07480002789150209,snapshot_538.xyz,32,4000,16.757672110741936,4000,all,538
0.0935773,0.100874,0.0,0.9276652060986974,0.0723347939013026,snapshot_539.xyz,32,4000,16.757672110741936,4000,all,539
0.093647,0.0999039,0.0,0.9373708133516309,0.06262918664836914,snapshot_540.xyz,32,4000,16.757672110741936,4000,all,540
0.0927403,0.100805,0.0,0.9199970239571449,0.08000297604285511,snapshot_541.xyz,32,4000,16.757672110741936,4000,all,541
0.0939258,0.100597,0.0,0.9336839070747637,0.06631609292523633,snapshot_542.xyz,32,4000,16.757672110741936,4000,all,542
0.093647,0.10025,0.0,0.9341346633416457,0.06586533665835426,snapshot_543.xyz,32,4000,16.757672110741936,4000,all,543
0.0926705,0.100112,0.0,0.9256682515582547,0.07433174844174528,snapshot_544.xyz,32,4000,16.757672110741936,4000,all,544
0.0942046,0.100181,0.0,0.9403439774009043,0.05965602259909575,snapshot_545.xyz,32,4000,16.757672110741936,4000,all,545
0.0932984,0.100805,0.0,0.9255334556817618,0.07446654431823818,snapshot_546.xyz,32,4000,16.757672110741936,4000,all,546
0.0941349,0.0999039,0.0,0.9422545065808241,0.0577454934191759,snapshot_547.xyz,32,4000,16.757672110741936,4000,all,547
0.0942742,0.100874,0.0,0.9345738247714971,0.06542617522850291,snapshot_548.xyz,32,4000,16.757672110741936,4000,all,548
0.0939258,0.100597,0.0,0.9336839070747637,0.06631609292523633,snapshot_549.xyz,32,4000,16.757672110741936,4000,all,549
0.0939258,0.10032,0.0,0.936261961722488,0.06373803827751201,snapshot_550.xyz,32,4000,16.757672110741936,4000,all,550
0.0942742,0.100389,0.0,0.9390889440078096,0.06091105599219038,snapshot_551.xyz,32,4000,16.757672110741936,4000,all,551
0.0942046,0.100736,0.0,0.9351631988564167,0.06483680114358326,snapshot_552.xyz,32,4000,16.757672110741936,4000,all,552
0.0937864,0.100874,0.0,0.929738089101255,0.070261910898745,snapshot_553.xyz,32,4000,16.757672110741936,4000,all,553
0.0942046,0.0998345,0.0,0.9436076706950002,0.05639232930499982,snapshot_554.xyz,32,4000,16.757672110741936,4000,all,554
0.0944833,0.101082,0.0,0.9347193367760828,0.06528066322391723,snapshot_555.xyz,32,4000,16.757672110741936,4000,all,555
0.0940652,0.100805,0.0,0.9331402212191855,0.0668597787808145,snapshot_556.xyz,32,4000,16.757672110741936,4000,all,556
0.0939955,0.100943,0.0,0.9311740289074031,0.06882597109259692,snapshot_557.xyz,32,4000,16.757672110741936,4000,all,557
0.0939955,0.100112,0.0,0.9389034281604601,0.06109657183953987,snapshot_558.xyz,32,4000,16.757672110741936,4000,all,558
0.0938561,0.10129,0.0,0.9266077598973245,0.07339224010267553,snapshot_559.xyz,32,4000,16.757672110741936,4000,all,559
0.0934378,0.100528,0.0,0.9294703963074964,0.0705296036925036,snapshot_560.xyz,32,4000,16.757672110741936,4000,all,560
0.0938561,0.10032,0.0,0.9355671850079744,0.06443281499202558,snapshot_561.xyz,32,4000,16.757672110741936,4000,all,561
0.0939258,0.101151,0.0,0.928570157487321,0.07142984251267903,snapshot_562.xyz,32,4000,16.757672110741936,4000,all,562
0.0937167,0.10032,0.0,0.9341776315789473,0.06582236842105271,snapshot_563.xyz,32,4000,16.757672110741936,4000,all,563
0.0942742,0.100528,0.0,0.9377904663377367,0.06220953366226334,snapshot_564.xyz,32,4000,16.757672110741936,4000,all,564
0.0937864,0.10122,0.0,0.9265599683856945,0.07344003161430546,snapshot_565.xyz,32,4000,16.757672110741936,4000,all,565
0.0939258,0.100458,0.0,0.9349758107865974,0.06502418921340258,snapshot_566.xyz,32,4000,16.757672110741936,4000,all,566
0.0943439,0.101082,0.0,0.9333402584040679,0.06665974159593213,snapshot_567.xyz,32,4000,16.757672110741936,4000,all,567
0.0945529,0.100943,0.0,0.9366959571243176,0.06330404287568236,snapshot_568.xyz,32,4000,16.757672110741936,4000,all,568
0.0942046,0.100181,0.0,0.9403439774009043,0.05965602259909575,snapshot_569.xyz,32,4000,16.757672110741936,4000,all,569
0.0944136,0.101359,0.0,0.9314772245187896,0.06852277548121044,snapshot_570.xyz,32,4000,16.757672110741936,4000,all,570
0.0934378,0.0999732,0.0,0.934628480432756,0.06537151956724396,snapshot_571.xyz,32,4000,16.757672110741936,4000,all,571
0.0935076,0.100805,0.0,0.9276087495659937,0.0723912504340063,snapshot_572.xyz,32,4000,16.757672110741936,4000,all,572
0.0937167,0.100458,0.0,0.9328943439049154,0.06710565609508456,snapshot_573.xyz,32,4000,16.757672110741936,4000,all,573
0.0943439,0.10025,0.0,0.9410862842892767,0.05891371571072335,snapshot_574.xyz,32,4000,16.757672110741936,4000,all,574
0.0939258,0.100597,0.0,0.9336839070747637,0.06631609292523633,snapshot_575.xyz,32,4000,16.757672110741936,4000,all,575
0.0944833,0.100389,0.0,0.9411718415364233,0.058828158463576696,snapshot_576.xyz,32,4000,16.757672110741936,4000,all,576
0.0934378,0.100389,0.0,0.9307573538933548,0.06924264610664521,snapshot_577.xyz,32,4000,16.757672110741936,4000,all,577
0.0946922,0.100943,0.0,0.9380759438494992,0.061924056150500784,snapshot_578.xyz,32,4000,16.757672110741936,4000,all,578
0.0937864,0.101013,0.0,0.9284587132349301,0.07154128676506988,snapshot_579.xyz,32,4000,16.757672110741936,4000,all,579
0.0935773,0.100528,0.0,0.9308580693936017,0.06914193060639828,snapshot_580.xyz,32,4000,16.757672110741936,4000,all,580
0.0939258,0.100943,0.0,0.9304835402157653,0.06951645978423471,snapshot_581.xyz,32,4000,16.757672110741936,4000,all,581
0.0937864,0.100874,0.0,0.929738089101255,0.070261910898745,snapshot_582.xyz,32,4000,16.757672110741936,4000,all,582
0.0942046,0.100805,0.0,0.9345230891324835,0.0654769108675165,snapshot_583.xyz,32,4000,16.757672110741936,4000,all,583
0.0937864,0.100181,0.0,0.9361695331450075,0.0638304668549925,snapshot_584.xyz,32,4000,16.757672110741936,4000,all,584
0.093647,0.100805,0.0,0.9289916174792916,0.0710083825207084,snapshot_585.xyz,32,4000,16.757672110741936,4000,all,585
0.0935076,0.100736,0.0,0.9282441232528589,0.07175587674714112,snapshot_586.xyz,32,4000,16.757672110741936,4000,all,586
0.0937864,0.100666,0.0,0.9316591500605964,0.06834084993940359,snapshot_587.xyz,32,4000,16.757672110741936,4000,all,587
0.0943439,0.100666,0.0,0.9371972662070609,0.0628027337929391,snapshot_588.xyz,32,4000,16.757672110741936,4000,all,588
0.0942046,0.100458,0.0,0.9377510999621732,0.06224890003782679,snapshot_589.xyz,32,4000,16.757672110741936,4000,all,589
0.0945529,0.10032,0.0,0.9425129585326952,0.05748704146730477,snapshot_590.xyz,32,4000,16.757672110741936,4000,all,590
0.0937864,0.10025,0.0,0.9355251870324189,0.06447481296758106,snapshot_591.xyz,32,4000,16.757672110741936,4000,all,591
0.0934378,0.100874,0.0,0.9262822927612665,0.0737177072387335,snapshot_592.xyz,32,4000,16.757672110741936,4000,all,592
0.0940652,0.100943,0.0,0.931864517599041,0.06813548240095901,snapshot_593.xyz,32,4000,16.757672110741936,4000,all,593
0.0937864,0.100528,0.0,0.9329380869011619,0.06706191309883813,snapshot_594.xyz,32,4000,16.757672110741936,4000,all,594
0.0948315,0.100181,0.0,0.9466016510116688,0.05339834898833118,snapshot_595.xyz,32,4000,16.757672110741936,4000,all,595
0.0941349,0.10032,0.0,0.9383462918660286,0.06165370813397142,snapshot_596.xyz,32,4000,16.757672110741936,4000,all,596
0.0937864,0.10025,0.0,0.9355251870324189,0.06447481296758106,snapshot_597.xyz,32,4000,16.757672110741936,4000,all,597
0.0934378,0.101151,0.0,0.923745687141007,0.07625431285899298,snapshot_598.xyz,32,4000,16.757672110741936,4000,all,598
0.093647,0.100805,0.0,0.9289916174792916,0.0710083825207084,snapshot_599.xyz,32,4000,16.757672110741936,4000,all,599
0.0938561,0.100805,0.0,0.9310659193492385,0.06893408065076145,snapshot_600.xyz,32,4000,16.757672110741936,4000,all,600
0.0943439,0.101151,0.0,0.9327035817737837,0.06729641822621635,snapshot_601.xyz,32,4000,16.757672110741936,4000,all,601
0.0944136,0.100597,0.0,0.9385329582393113,0.061467041760688734,snapshot_602.xyz,32,4000,16.757672110741936,4000,all,602
0.0938561,0.100389,0.0,0.9349241450756556,0.06507585492434442,snapshot_603.xyz,32,4000,16.757672110741936,4000,all,603
0.0946226,0.10025,0.0,0.9438663341645885,0.05613366583541146,snapshot_604.xyz,32,4000,16.757672110741936,4000,all,604
0.0942742,0.101082,0.0,0.9326507192180605,0.06734928078193947,snapshot_605.xyz,32,4000,16.757672110741936,4000,all,605
0.0939955,0.100597,0.0,0.934376770679046,0.06562322932095399,snapshot_606.xyz,32,4000,16.757672110741936,4000,all,606
0.0929496,0.100043,0.0,0.9290964885099406,0.07090351149005936,snapshot_607.xyz,32,4000,16.757672110741936,4000,all,607
0.0941349,0.100528,0.0,0.9364047827470953,0.06359521725290473,snapshot_608.xyz,32,4000,16.757672110741936,4000,all,608
0.0941349,0.101359,0.0,0.9287275920243885,0.07127240797561152,snapshot_609.xyz,32,4000,16.757672110741936,4000,all,609
0.093647,0.100597,0.0,0.9309124526576338,0.06908754734236622,snapshot_610.xyz,32,4000,16.757672110741936,4000,all,610
0.0942742,0.100597,0.0,0.9371472310307464,0.06285276896925363,snapshot_611.xyz,32,4000,16.757672110741936,4000,all,611
0.0935773,0.10032,0.0,0.9327880781499203,0.06721192185007974,snapshot_612.xyz,32,4000,16.757672110741936,4000,all,612
0.0942742,0.100736,0.0,0.9358541137229986,0.06414588627700135,snapshot_613.xyz,32,4000,16.757672110741936,4000,all,613
0.0937864,0.100736,0.0,0.9310117534942821,0.06898824650571789,snapshot_614.xyz,32,4000,16.757672110741936,4000,all,614
0.0944136,0.101428,0.0,0.9308435540481917,0.06915644595180825,snapshot_615.xyz,32,4000,16.757672110741936,4000,all,615
0.0940652,0.100666,0.0,0.9344287048258597,0.06557129517414029,snapshot_616.xyz,32,4000,16.757672110741936,4000,all,616
0.0939258,0.100181,0.0,0.9375610145636398,0.06243898543636017,snapshot_617.xyz,32,4000,16.757672110741936,4000,all,617
0.0931589,0.101082,0.0,0.921617102946123,0.07838289705387702,snapshot_618.xyz,32,4000,16.757672110741936,4000,all,618
0.0934378,0.100528,0.0,0.9294703963074964,0.0705296036925036,snapshot_619.xyz,32,4000,16.757672110741936,4000,all,619
0.0939258,0.100597,0.0,0.9336839070747637,0.06631609292523633,snapshot_620.xyz,32,4000,16.757672110741936,4000,all,620
0.0939258,0.100043,0.0,0.9388542926541587,0.06114570734584135,snapshot_621.xyz,32,4000,16.757672110741936,4000,all,621
0.0949708,0.101082,0.0,0.9395421538948575,0.06045784610514249,snapshot_622.xyz,32,4000,16.757672110741936,4000,all,622
0.0948315,0.100597,0.0,0.9426871576687177,0.05731284233128231,snapshot_623.xyz,32,4000,16.757672110741936,4000,all,623
0.0939955,0.100736,0.0,0.9330874761753494,0.06691252382465063,snapshot_624.xyz,32,4000,16.757672110741936,4000,all,624
0.0942742,0.100043,0.0,0.9423367951780733,0.05766320482192666,snapshot_625.xyz,32,4000,16.757672110741936,4000,all,625
0.0939955,0.100597,0.0,0.934376770679046,0.06562322932095399,snapshot_626.xyz,32,4000,16.757672110741936,4000,all,626
0.0945529,0.10032,0.0,0.9425129585326952,0.05748704146730477,snapshot_627.xyz,32,4000,16.757672110741936,4000,all,627
0.0939258,0.100736,0.0,0.9323955686149936,0.06760443138500638,snapshot_628.xyz,32,4000,16.757672110741936,4000,all,628
0.0939955,0.0998345,0.0,0.9415132043532044,0.0584867956467956,snapshot_629.xyz,32,4000,16.757672110741936,4000,all,629
0.0938561,0.10032,0.0,0.9355671850079744,0.06443281499202558,snapshot_630.xyz,32,4000,16.757672110741936,4000,all,630
0.0941349,0.100112,0.0,0.9402958686271374,0.05970413137286257,snapshot_631.xyz,32,4000,16.757672110741936,4000,all,631
0.0942742,0.100597,0.0,0.9371472310307464,0.06285276896925363,snapshot_632.xyz,32,4000,16.757672110741936,4000,all,632
0.0935773,0.100943,0.0,0.927031096757576,0.072968903242424,snapshot_633.xyz,32,4000,16.757672110741936,4000,all,633
0.093647,0.100805,0.0,0.9289916174792916,0.0710083825207084,snapshot_634.xyz,32,4000,16.757672110741936,4000,all,634
0.0938561,0.100528,0.0,0.9336314260703484,0.06636857392965156,snapshot_635.xyz,32,4000,16.757672110741936,4000,all,635
0.0946226,0.101013,0.0,0.9367368556522427,0.06326314434775726,snapshot_636.xyz,32,4000,16.757672110741936,4000,all,636
0.0935076,0.100597,0.0,0.929526725449069,0.070473274550931,snapshot_637.xyz,32,4000,16.757672110741936,4000,all,637
0.0935076,0.0996958,0.0,0.9379291805672856,0.06207081943271442,snapshot_638.xyz,32,4000,16.757672110741936,4000,all,638
0.0937864,0.100597,0.0,0.9322981798661988,0.06770182013380122,snapshot_639.xyz,32,4000,16.757672110741936,4000,all,639
0.0935076,0.100458,0.0,0.9308128770232335,0.06918712297676655,snapshot_640.xyz,32,4000,16.757672110741936,4000,all,640
0.0932984,0.10025,0.0,0.9306573566084788,0.06934264339152119,snapshot_641.xyz,32,4000,16.757672110741936,4000,all,641
0.0935076,0.100458,0.0,0.9308128770232335,0.06918712297676655,snapshot_642.xyz,32,4000,16.757672110741936,4000,all,642
0.0944136,0.0999732,0.0,0.9443890962778024,0.05561090372219757,snapshot_643.xyz,32,4000,16.757672110741936,4000,all,643
0.0943439,0.100458,0.0,0.9391377491090803,0.06086225089091968,snapshot_644.xyz,32,4000,16.757672110741936,4000,all,644
0.093647,0.100736,0.0,0.9296279383735704,0.07037206162642962,snapshot_645.xyz,32,4000,16.757672110741936,4000,all,645
0.0932286,0.0999732,0.0,0.9325359196264599,0.06746408037354013,snapshot_646.xyz,32,4000,16.757672110741936,4000,all,646
0.0942742,0.100736,0.0,0.9358541137229986,0.06414588627700135,snapshot_647.xyz,32,4000,16.757672110741936,4000,all,647
0.0951797,0.100389,0.0,0.9481088565480281,0.05189114345197188,snapshot_648.xyz,32,4000,16.757672110741936,4000,all,648
0.0937864,0.101013,0.0,0.9284587132349301,0.07154128676506988,snapshot_649.xyz,32,4000,16.757672110741936,4000,all,649
0.0942742,0.100666,0.0,0.9365048775157451,0.06349512248425493,snapshot_650.xyz,32,4000,16.757672110741936,4000,all,650
0.0941349,0.10025,0.0,0.9390014962593515,0.060998503740648524,snapshot_651.xyz,32,4000,16.757672110741936,4000,all,651
0.0940652,0.100528,0.0,0.9357114435779086,0.06428855642209141,snapshot_652.xyz,32,4000,16.757672110741936,4000,all,652
0.0933681,0.100805,0.0,0.9262248896384107,0.07377511036158935,snapshot_653.xyz,32,4000,16.757672110741936,4000,all,653
0.0935076,0.100736,0.0,0.9282441232528589,0.07175587674714112,snapshot_654.xyz,32,4000,16.757672110741936,4000,all,654
0.0945529,0.100736,0.0,0.9386207512706479,0.061379248729352076,snapshot_655.xyz,32,4000,16.757672110741936,4000,all,655
0.0941349,0.10025,0.0,0.9390014962593515,0.060998503740648524,snapshot_656.xyz,32,4000,16.757672110741936,4000,all,656
0.0937864,0.100666,0.0,0.9316591500605964,0.06834084993940359,snapshot_657.xyz,32,4000,16.757672110741936,4000,all,657
0.0937167,0.100528,0.0,0.9322447477319751,0.06775525226802492,snapshot_658.xyz,32,4000,16.757672110741936,4000,all,658
0.0941349,0.100736,0.0,0.9344712912960609,0.06552870870393912,snapshot_659.xyz,32,4000,16.757672110741936,4000,all,659
0.0945529,0.100666,0.0,0.9392734388969463,0.060726561103053744,snapshot_660.xyz,32,4000,16.757672110741936,4000,all,660
0.0944136,0.100666,0.0,0.9378896548983767,0.06211034510162328,snapshot_661.xyz,32,4000,16.757672110741936,4000,all,661
0.0940652,0.100805,0.0,0.9331402212191855,0.0668597787808145,snapshot_662.xyz,32,4000,16.757672110741936,4000,all,662
0.0946226,0.0997652,0.0,0.9484529675678494,0.05154703243215064,snapshot_663.xyz,32,4000,16.757672110741936,4000,all,663
0.0935773,0.100528,0.0,0.9308580693936017,0.06914193060639828,snapshot_664.xyz,32,4000,16.757672110741936,4000,all,664
0.0931589,0.10032,0.0,0.9286174242424242,0.07138257575757578,snapshot_665.xyz,32,4000,16.757672110741936,4000,all,665
0.0939955,0.100736,0.0,0.9330874761753494,0.06691252382465063,snapshot_666.xyz,32,4000,16.757672110741936,4000,all,666
0.0942046,0.100597,0.0,0.9364553614918933,0.06354463850810665,snapshot_667.xyz,32,4000,16.757672110741936,4000,all,667
0.0934378,0.100943,0.0,0.9256491287162062,0.0743508712837938,snapshot_668.xyz,32,4000,16.757672110741936,4000,all,668
0.0939955,0.100805,0.0,0.9324487872625364,0.06755121273746356,snapshot_669.xyz,32,4000,16.757672110741936,4000,all,669
0.0946922,0.100736,0.0,0.9400035736975858,0.059996426302414196,snapshot_670.xyz,32,4000,16.757672110741936,4000,all,670
0.0946226,0.100389,0.0,0.9425594437637589,0.057440556236241114,snapshot_671.xyz,32,4000,16.757672110741936,4000,all,671
0.0940652,0.100736,0.0,0.9337793837357051,0.06622061626429487,snapshot_672.xyz,32,4000,16.757672110741936,4000,all,672
0.0951797,0.10025,0.0,0.9494234413965087,0.050576558603491306,snapshot_673.xyz,32,4000,16.757672110741936,4000,all,673
0.0942046,0.100597,0.0,0.9364553614918933,0.06354463850810665,snapshot_674.xyz,32,4000,16.757672110741936,4000,all,674
0.0949011,0.100736,0.0,0.9420773109911055,0.05792268900889452,snapshot_675.xyz,32,4000,16.757672110741936,4000,all,675
0.0945529,0.10025,0.0,0.9431710723192019,0.05682892768079806,snapshot_676.xyz,32,4000,16.757672110741936,4000,all,676
0.0939955,0.100943,0.0,0.9311740289074031,0.06882597109259692,snapshot_677.xyz,32,4000,16.757672110741936,4000,all,677
0.0943439,0.100805,0.0,0.9359049650314963,0.06409503496850366,snapshot_678.xyz,32,4000,16.757672110741936,4000,all,678
0.0932984,0.100458,0.0,0.9287304147006709,0.07126958529932914,snapshot_679.xyz,32,4000,16.757672110741936,4000,all,679
0.0935076,0.10122,0.0,0.9238055720213396,0.07619442797866038,snapshot_680.xyz,32,4000,16.757672110741936,4000,all,680
0.0938561,0.100736,0.0,0.9317036610546378,0.06829633894536224,snapshot_681.xyz,32,4000,16.757672110741936,4000,all,681
0.0934378,0.100112,0.0,0.933332667412498,0.06666733258750202,snapshot_682.xyz,32,4000,16.757672110741936,4000,all,682
0.0946922,0.100389,0.0,0.94325274681489,0.05674725318510998,snapshot_683.xyz,32,4000,16.757672110741936,4000,all,683
0.0937167,0.0998345,0.0,0.9387205825641436,0.06127941743585641,snapshot_684.xyz,32,4000,16.757672110741936,4000,all,684
0.0935773,0.100874,0.0,0.9276652060986974,0.0723347939013026,snapshot_685.xyz,32,4000,16.757672110741936,4000,all,685
0.0950404,0.101013,0.0,0.9408729569461356,0.0591270430538644,snapshot_686.xyz,32,4000,16.757672110741936,4000,all,686
0.0939258,0.100389,0.0,0.9356184442518602,0.06438155574813975,snapshot_687.xyz,32,4000,16.757672110741936,4000,all,687
0.0944136,0.100181,0.0,0.9424302013355825,0.05756979866441747,snapshot_688.xyz,32,4000,16.757672110741936,4000,all,688
0.0950404,0.0996265,0.0,0.953967066995227,0.04603293300477296,snapshot_689.xyz,32,4000,16.757672110741936,4000,all,689
0.0934378,0.100597,0.0,0.9288328677793573,0.07116713222064275,snapshot_690.xyz,32,4000,16.757672110741936,4000,all,690
0.0937864,0.101151,0.0,0.9271920198515091,0.07280798014849088,snapshot_691.xyz,32,4000,16.757672110741936,4000,all,691
0.0945529,0.100597,0.0,0.9399176913824467,0.06008230861755326,snapshot_692.xyz,32,4000,16.757672110741936,4000,all,692
0.0944833,0.100389,0.0,0.9411718415364233,0.058828158463576696,snapshot_693.xyz,32,4000,16.757672110741936,4000,all,693
0.0950404,0.101013,0.0,0.9408729569461356,0.0591270430538644,snapshot_694.xyz,32,4000,16.757672110741936,4000,all,694
0.0937864,0.100528,0.0,0.9329380869011619,0.06706191309883813,snapshot_695.xyz,32,4000,16.757672110741936,4000,all,695
0.0939258,0.10122,0.0,0.927937166567872,0.07206283343212805,snapshot_696.xyz,32,4000,16.757672110741936,4000,all,696
0.0937167,0.0999039,0.0,0.9380684838129442,0.061931516187055835,snapshot_697.xyz,32,4000,16.757672110741936,4000,all,697
0.0941349,0.101013,0.0,0.9319087642184668,0.0680912357815332,snapshot_698.xyz,32,4000,16.757672110741936,4000,all,698
0.0942742,0.101151,0.0,0.9320145129558778,0.06798548704412222,snapshot_699.xyz,32,4000,16.757672110741936,4000,all,699
0.0942046,0.10122,0.0,0.9306915629322268,0.06930843706777323,snapshot_700.xyz,32,4000,16.757672110741936,4000,all,700
0.0942742,0.100458,0.0,0.9384439268151864,0.0615560731848136,snapshot_701.xyz,32,4000,16.757672110741936,4000,all,701
0.0945529,0.101013,0.0,0.9360468454555353,0.06395315454446471,snapshot_702.xyz,32,4000,16.757672110741936,4000,all,702
0.0940652,0.101151,0.0,0.9299482951231327,0.0700517048768673,snapshot_703.xyz,32,4000,16.757672110741936,4000,all,703
0.093647,0.101082,0.0,0.9264458558398131,0.07355414416018691,snapshot_704.xyz,32,4000,16.757672110741936,4000,all,704
0.0945529,0.10032,0.0,0.9425129585326952,0.05748704146730477,snapshot_705.xyz,32,4000,16.757672110741936,4000,all,705
0.0949708,0.100874,0.0,0.9414794694371195,0.058520530562880535,snapshot_706.xyz,32,4000,16.757672110741936,4000,all,706
0.0935773,0.101013,0.0,0.9263886826448081,0.07361131735519189,snapshot_707.xyz,32,4000,16.757672110741936,4000,all,707
0.0953189,0.100597,0.0,0.9475322325715478,0.05246776742845216,snapshot_708.xyz,32,4000,16.757672110741936,4000,all,708
0.0942046,0.100805,0.0,0.9345230891324835,0.0654769108675165,snapshot_709.xyz,32,4000,16.757672110741936,4000,all,709
0.0937167,0.101151,0.0,0.9265029510336031,0.07349704896639686,snapshot_710.xyz,32,4000,16.757672110741936,4000,all,710
0.0942046,0.100597,0.0,0.9364553614918933,0.06354463850810665,snapshot_711.xyz,32,4000,16.757672110741936,4000,all,711
0.0944833,0.100597,0.0,0.9392258218435937,0.06077417815640629,snapshot_712.xyz,32,4000,16.757672110741936,4000,all,712
0.0949011,0.100874,0.0,0.940788508436267,0.059211491563732954,snapshot_713.xyz,32,4000,16.757672110741936,4000,all,713
0.0941349,0.100458,0.0,0.9370572776682792,0.06294272233172082,snapshot_714.xyz,32,4000,16.757672110741936,4000,all,714
0.0950404,0.100736,0.0,0.9434601334180431,0.056539866581956866,snapshot_715.xyz,32,4000,16.757672110741936,4000,all,715
0.0948315,0.100458,0.0,0.9439915188436958,0.05600848115630419,snapshot_716.xyz,32,4000,16.757672110741936,4000,all,716
0.0942742,0.101013,0.0,0.9332877946402938,0.06671220535970623,snapshot_717.xyz,32,4000,16.757672110741936,4000,all,717
0.0941349,0.100043,0.0,0.9409443939106183,0.05905560608938165,snapshot_718.xyz,32,4000,16.757672110741936,4000,all,718
0.0944833,0.100736,0.0,0.9379298364040661,0.06207016359593387,snapshot_719.xyz,32,4000,16.757672110741936,4000,all,719
0.0941349,0.0999039,0.0,0.9422545065808241,0.0577454934191759,snapshot_720.xyz,32,4000,16.757672110741936,4000,all,720
0.0946922,0.100736,0.0,0.9400035736975858,0.059996426302414196,snapshot_721.xyz,32,4000,16.757672110741936,4000,all,721
0.093647,0.100805,0.0,0.9289916174792916,0.0710083825207084,snapshot_722.xyz,32,4000,16.757672110741936,4000,all,722
0.0942742,0.100528,0.0,0.9377904663377367,0.06220953366226334,snapshot_723.xyz,32,4000,16.757672110741936,4000,all,723
0.0948315,0.100666,0.0,0.9420410068940853,0.05795899310591468,snapshot_724.xyz,32,4000,16.757672110741936,4000,all,724
0.0942742,0.100597,0.0,0.9371472310307464,0.06285276896925363,snapshot_725.xyz,32,4000,16.757672110741936,4000,all,725
0.0946226,0.100874,0.0,0.9380276384400341,0.06197236155996588,snapshot_726.xyz,32,4000,16.757672110741936,4000,all,726
0.0939258,0.0998345,0.0,0.9408150489059393,0.059184951094060745,snapshot_727.xyz,32,4000,16.757672110741936,4000,all,727
0.0950404,0.100805,0.0,0.9428143445265611,0.0571856554734389,snapshot_728.xyz,32,4000,16.757672110741936,4000,all,728
0.0944136,0.101567,0.0,0.9295696436834798,0.07043035631652017,snapshot_729.xyz,32,4000,16.757672110741936,4000,all,729
0.0946226,0.101013,0.0,0.9367368556522427,0.06326314434775726,snapshot_730.xyz,32,4000,16.757672110741936,4000,all,730
0.0939258,0.100112,0.0,0.9382072079271216,0.061792792072878355,snapshot_731.xyz,32,4000,16.757672110741936,4000,all,731
0.0939258,0.100874,0.0,0.9311200111029602,0.06887998889703983,snapshot_732.xyz,32,4000,16.757672110741936,4000,all,732
0.0945529,0.0996265,0.0,0.9490737906079205,0.05092620939207948,snapshot_733.xyz,32,4000,16.757672110741936,4000,all,733
0.0938561,0.100805,0.0,0.9310659193492385,0.06893408065076145,snapshot_734.xyz,32,4000,16.757672110741936,4000,all,734
0.0946922,0.100389,0.0,0.94325274681489,0.05674725318510998,snapshot_735.xyz,32,4000,16.757672110741936,4000,all,735
0.0944136,0.100043,0.0,0.9437301960157132,0.056269803984286826,snapshot_736.xyz,32,4000,16.757672110741936,4000,all,736
0.0950404,0.10032,0.0,0.9473724082934608,0.05262759170653919,snapshot_737.xyz,32,4000,16.757672110741936,4000,all,737
0.0942046,0.100528,0.0,0.937098121916282,0.06290187808371805,snapshot_738.xyz,32,4000,16.757672110741936,4000,all,738
0.09511,0.101013,0.0,0.9415619771712551,0.058438022828744884,snapshot_739.xyz,32,4000,16.757672110741936,4000,all,739
0.0944136,0.0997652,0.0,0.9463580486983437,0.05364195130165628,snapshot_740.xyz,32,4000,16.757672110741936,4000,all,740
0.0952493,0.100528,0.0,0.9474902514722265,0.05250974852777346,snapshot_741.xyz,32,4000,16.757672110741936,4000,all,741
0.0939955,0.100528,0.0,0.9350181044087218,0.0649818955912782,snapshot_742.xyz,32,4000,16.757672110741936,4000,all,742
0.0946922,0.100736,0.0,0.9400035736975858,0.059996426302414196,snapshot_743.xyz,32,4000,16.757672110741936,4000,all,743
0.0944136,0.100528,0.0,0.9391771446761101,0.06082285532388987,snapshot_744.xyz,32,4000,16.757672110741936,4000,all,744
0.0938561,0.100943,0.0,0.9297930515241274,0.07020694847587261,snapshot_745.xyz,32,4000,16.757672110741936,4000,all,745
0.0944136,0.100874,0.0,0.9359557467732021,0.06404425322679785,snapshot_746.xyz,32,4000,16.757672110741936,4000,all,746
0.0946226,0.100597,0.0,0.9406105549867292,0.059389445013270814,snapshot_747.xyz,32,4000,16.757672110741936,4000,all,747
0.0942742,0.100528,0.0,0.9377904663377367,0.06220953366226334,snapshot_748.xyz,32,4000,16.757672110741936,4000,all,748
0.0945529,0.100736,0.0,0.9386207512706479,0.061379248729352076,snapshot_749.xyz,32,4000,16.757672110741936,4000,all,749
0.0941349,0.100736,0.0,0.9344712912960609,0.06552870870393912,snapshot_750.xyz,32,4000,16.757672110741936,4000,all,750
0.0947619,0.10122,0.0,0.9361973918197983,0.06380260818020167,snapshot_751.xyz,32,4000,16.757672110741936,4000,all,751
0.0942046,0.100112,0.0,0.9409920888604763,0.05900791113952375,snapshot_752.xyz,32,4000,16.757672110741936,4000,all,752
0.0944136,0.100874,0.0,0.9359557467732021,0.06404425322679785,snapshot_753.xyz,32,4000,16.757672110741936,4000,all,753
0.093647,0.100597,0.0,0.9309124526576338,0.06908754734236622,snapshot_754.xyz,32,4000,16.757672110741936,4000,all,754
0.0945529,0.100389,0.0,0.9418651445875543,0.058134855412445674,snapshot_755.xyz,32,4000,16.757672110741936,4000,all,755
0.0942046,0.101082,0.0,0.9319621693278723,0.06803783067212765,snapshot_756.xyz,32,4000,16.757672110741936,4000,all,756
0.0939955,0.100736,0.0,0.9330874761753494,0.06691252382465063,snapshot_757.xyz,32,4000,16.757672110741936,4000,all,757
0.0946922,0.100943,0.0,0.9380759438494992,0.061924056150500784,snapshot_758.xyz,32,4000,16.757672110741936,4000,all,758
0.0939258,0.100043,0.0,0.9388542926541587,0.06114570734584135,snapshot_759.xyz,32,4000,16.757672110741936,4000,all,759
0.0942046,0.100666,0.0,0.9358134822084914,0.06418651779150863,snapshot_760.xyz,32,4000,16.757672110741936,4000,all,760
0.0938561,0.100528,0.0,0.9336314260703484,0.06636857392965156,snapshot_761.xyz,32,4000,16.757672110741936,4000,all,761
0.0948315,0.0996265,0.0,0.9518702353289535,0.04812976467104646,snapshot_762.xyz,32,4000,16.757672110741936,4000,all,762
0.0944136,0.100666,0.0,0.9378896548983767,0.06211034510162328,snapshot_763.xyz,32,4000,16.757672110741936,4000,all,763
0.0939258,0.10025,0.0,0.936915710723192,0.06308428927680798,snapshot_764.xyz,32,4000,16.757672110741936,4000,all,764
0.0937167,0.100736,0.0,0.9303198459339262,0.06968015406607375,snapshot_765.xyz,32,4000,16.757672110741936,4000,all,765
0.0944833,0.100597,0.0,0.9392258218435937,0.06077417815640629,snapshot_766.xyz,32,4000,16.757672110741936,4000,all,766
0.093647,0.100736,0.0,0.9296279383735704,0.07037206162642962,snapshot_767.xyz,32,4000,16.757672110741936,4000,all,767
0.0945529,0.100597,0.0,0.9399176913824467,0.06008230861755326,snapshot_768.xyz,32,4000,16.757672110741936,4000,all,768
0.0946922,0.0996958,0.0,0.9498113260538559,0.050188673946144124,snapshot_769.xyz,32,4000,16.757672110741936,4000,all,769
0.0951797,0.100736,0.0,0.9448429558449809,0.0551570441550191,snapshot_770.xyz,32,4000,16.757672110741936,4000,all,770
0.0944833,0.100528,0.0,0.9398704838452968,0.06012951615470319,snapshot_771.xyz,32,4000,16.757672110741936,4000,all,771
0.0935773,0.10032,0.0,0.9327880781499203,0.06721192185007974,snapshot_772.xyz,32,4000,16.757672110741936,4000,all,772
0.0946922,0.101082,0.0,0.9367859757424665,0.06321402425753353,snapshot_773.xyz,32,4000,16.757672110741936,4000,all,773
0.0938561,0.100874,0.0,0.9304290501021075,0.06957094989789248,snapshot_774.xyz,32,4000,16.757672110741936,4000,all,774
0.0938561,0.100597,0.0,0.9329910434704811,0.06700895652951888,snapshot_775.xyz,32,4000,16.757672110741936,4000,all,775
0.0945529,0.100043,0.0,0.9451225972831682,0.054877402716831836,snapshot_776.xyz,32,4000,16.757672110741936,4000,all,776
0.0949011,0.10032,0.0,0.9459838516746412,0.05401614832535884,snapshot_777.xyz,32,4000,16.757672110741936,4000,all,777
0.0947619,0.100458,0.0,0.9432986919906826,0.056701308009317386,snapshot_778.xyz,32,4000,16.757672110741936,4000,all,778
0.0946226,0.100597,0.0,0.9406105549867292,0.059389445013270814,snapshot_779.xyz,32,4000,16.757672110741936,4000,all,779
0.0949011,0.100112,0.0,0.9479492967875979,0.05205070321240213,snapshot_780.xyz,32,4000,16.757672110741936,4000,all,780
0.0946226,0.10032,0.0,0.9432077352472089,0.05679226475279109,snapshot_781.xyz,32,4000,16.757672110741936,4000,all,781
0.0941349,0.100528,0.0,0.9364047827470953,0.06359521725290473,snapshot_782.xyz,32,4000,16.757672110741936,4000,all,782
0.0944136,0.101082,0.0,0.9340297975900753,0.06597020240992468,snapshot_783.xyz,32,4000,16.757672110741936,4000,all,783
0.0948315,0.100043,0.0,0.9479073998180781,0.052092600181921855,snapshot_784.xyz,32,4000,16.757672110741936,4000,all,784
0.0943439,0.100874,0.0,0.9352647857723495,0.0647352142276505,snapshot_785.xyz,32,4000,16.757672110741936,4000,all,785
0.0939955,0.10025,0.0,0.9376109725685785,0.062389027431421495,snapshot_786.xyz,32,4000,16.757672110741936,4000,all,786
0.0942046,0.10025,0.0,0.9396967581047381,0.06030324189526193,snapshot_787.xyz,32,4000,16.757672110741936,4000,all,787
0.0946922,0.100943,0.0,0.9380759438494992,0.061924056150500784,snapshot_788.xyz,32,4000,16.757672110741936,4000,all,788
0.0940652,0.0996958,0.0,0.9435221945157168,0.05647780548428316,snapshot_789.xyz,32,4000,16.757672110741936,4000,all,789
0.0946922,0.100389,0.0,0.94325274681489,0.05674725318510998,snapshot_790.xyz,32,4000,16.757672110741936,4000,all,790
0.0948315,0.100597,0.0,0.9426871576687177,0.05731284233128231,snapshot_791.xyz,32,4000,16.757672110741936,4000,all,791
0.0944136,0.10025,0.0,0.9417815461346632,0.05821845386533675,snapshot_792.xyz,32,4000,16.757672110741936,4000,all,792
0.0946226,0.10025,0.0,0.9438663341645885,0.05613366583541146,snapshot_793.xyz,32,4000,16.757672110741936,4000,all,793
0.0951797,0.10032,0.0,0.9487609649122807,0.05123903508771932,snapshot_794.xyz,32,4000,16.757672110741936,4000,all,794
0.0948315,0.100597,0.0,0.9426871576687177,0.05731284233128231,snapshot_795.xyz,32,4000,16.757672110741936,4000,all,795
0.0944833,0.100943,0.0,0.9360064590907741,0.06399354090922593,snapshot_796.xyz,32,4000,16.757672110741936,4000,all,796
0.0944136,0.10032,0.0,0.9411244019138756,0.058875598086124414,snapshot_797.xyz,32,4000,16.757672110741936,4000,all,797
0.0943439,0.101082,0.0,0.9333402584040679,0.06665974159593213,snapshot_798.xyz,32,4000,16.757672110741936,4000,all,798
0.0949011,0.100181,0.0,0.9472963935277148,0.052703606472285225,snapshot_799.xyz,32,4000,16.757672110741936,4000,all,799
0.0954581,0.100943,0.0,0.9456633941927622,0.05433660580723776,snapshot_800.xyz,32,4000,16.757672110741936,4000,all,800
0.0945529,0.0997652,0.0,0.947754327160172,0.05224567283982795,snapshot_801.xyz,32,4000,16.757672110741936,4000,all,801
0.0944833,0.101151,0.0,0.9340817194095956,0.06591828059040439,snapshot_802.xyz,32,4000,16.757672110741936,4000,all,802
0.0947619,0.100805,0.0,0.9400515847428202,0.059948415257179755,snapshot_803.xyz,32,4000,16.757672110741936,4000,all,803
0.0946226,0.100043,0.0,0.9458192977019881,0.05418070229801186,snapshot_804.xyz,32,4000,16.757672110741936,4000,all,804
0.0948315,0.101013,0.0,0.9388049062991891,0.06119509370081089,snapshot_805.xyz,32,4000,16.757672110741936,4000,all,805
0.0942742,0.100389,0.0,0.9390889440078096,0.06091105599219038,snapshot_806.xyz,32,4000,16.757672110741936,4000,all,806
0.0945529,0.100943,0.0,0.9366959571243176,0.06330404287568236,snapshot_807.xyz,32,4000,16.757672110741936,4000,all,807
0.0955973,0.100389,0.0,0.9522686748548147,0.0477313251451853,snapshot_808.xyz,32,4000,16.757672110741936,4000,all,808
0.0948315,0.10032,0.0,0.9452900717703349,0.05470992822966514,snapshot_809.xyz,32,4000,16.757672110741936,4000,all,809
0.0942046,0.100112,0.0,0.9409920888604763,0.05900791113952375,snapshot_810.xyz,32,4000,16.757672110741936,4000,all,810
0.0942742,0.100528,0.0,0.9377904663377367,0.06220953366226334,snapshot_811.xyz,32,4000,16.757672110741936,4000,all,811
0.0950404,0.100943,0.0,0.941525415333406,0.058474584666594054,snapshot_812.xyz,32,4000,16.757672110741936,4000,all,812
0.0946226,0.10032,0.0,0.9432077352472089,0.05679226475279109,snapshot_813.xyz,32,4000,16.757672110741936,4000,all,813
0.0942046,0.100528,0.0,0.937098121916282,0.06290187808371805,snapshot_814.xyz,32,4000,16.757672110741936,4000,all,814
0.0938561,0.100666,0.0,0.9323515387519122,0.06764846124808777,snapshot_815.xyz,32,4000,16.757672110741936,4000,all,815
0.0946226,0.100666,0.0,0.9399658275882621,0.06003417241173792,snapshot_816.xyz,32,4000,16.757672110741936,4000,all,816
0.0946226,0.100874,0.0,0.9380276384400341,0.06197236155996588,snapshot_817.xyz,32,4000,16.757672110741936,4000,all,817
0.0944136,0.100389,0.0,0.9404775423602187,0.05952245763978126,snapshot_818.xyz,32,4000,16.757672110741936,4000,all,818
0.0942046,0.100805,0.0,0.9345230891324835,0.0654769108675165,snapshot_819.xyz,32,4000,16.757672110741936,4000,all,819
0.0938561,0.100736,0.0,0.9317036610546378,0.06829633894536224,snapshot_820.xyz,32,4000,16.757672110741936,4000,all,820
0.0948315,0.100181,0.0,0.9466016510116688,0.05339834898833118,snapshot_821.xyz,32,4000,16.757672110741936,4000,all,821
0.0942046,0.100943,0.0,0.9332454949823167,0.06675450501768332,snapshot_822.xyz,32,4000,16.757672110741936,4000,all,822
0.0944833,0.0998345,0.0,0.9463992908263176,0.053600709173682426,snapshot_823.xyz,32,4000,16.757672110741936,4000,all,823
0.0949708,0.100736,0.0,0.9427692185514611,0.05723078144853888,snapshot_824.xyz,32,4000,16.757672110741936,4000,all,824
0.0944833,0.101013,0.0,0.9353578252304159,0.06464217476958412,snapshot_825.xyz,32,4000,16.757672110741936,4000,all,825
0.0935773,0.100528,0.0,0.9308580693936017,0.06914193060639828,snapshot_826.xyz,32,4000,16.757672110741936,4000,all,826
0.0934378,0.100597,0.0,0.9288328677793573,0.07116713222064275,snapshot_827.xyz,32,4000,16.757672110741936,4000,all,827
0.0951797,0.100528,0.0,0.9467979070507719,0.053202092949228064,snapshot_828.xyz,32,4000,16.757672110741936,4000,all,828
0.0942742,0.101359,0.0,0.9301019149754831,0.06989808502451689,snapshot_829.xyz,32,4000,16.757672110741936,4000,all,829
0.0944833,0.100666,0.0,0.9385820435896927,0.06141795641030734,snapshot_830.xyz,32,4000,16.757672110741936,4000,all,830
0.0945529,0.100528,0.0,0.9405628282667514,0.059437171733248584,snapshot_831.xyz,32,4000,16.757672110741936,4000,all,831
0.0944833,0.100666,0.0,0.9385820435896927,0.06141795641030734,snapshot_832.xyz,32,4000,16.757672110741936,4000,all,832
0.0951797,0.100389,0.0,0.9481088565480281,0.05189114345197188,snapshot_833.xyz,32,4000,16.757672110741936,4000,all,833
0.0944136,0.10122,0.0,0.9327563722584469,0.06724362774155312,snapshot_834.xyz,32,4000,16.757672110741936,4000,all,834
0.0942046,0.100043,0.0,0.9416410943294383,0.05835890567056168,snapshot_835.xyz,32,4000,16.757672110741936,4000,all,835
0.0942046,0.100458,0.0,0.9377510999621732,0.06224890003782679,snapshot_836.xyz,32,4000,16.757672110741936,4000,all,836
0.0953885,0.100805,0.0,0.946267546252666,0.05373245374733404,snapshot_837.xyz,32,4000,16.757672110741936,4000,all,837
0.0940652,0.100874,0.0,0.9325019331046652,0.06749806689533477,snapshot_838.xyz,32,4000,16.757672110741936,4000,all,838
0.0939955,0.101359,0.0,0.927352282481082,0.07264771751891796,snapshot_839.xyz,32,4000,16.757672110741936,4000,all,839
0.0946922,0.100805,0.0,0.9393601507861713,0.0606398492138287,snapshot_840.xyz,32,4000,16.757672110741936,4000,all,840
0.0942742,0.101151,0.0,0.9320145129558778,0.06798548704412222,snapshot_841.xyz,32,4000,16.757672110741936,4000,all,841
0.0944833,0.100458,0.0,0.9405253936968684,0.059474606303131616,snapshot_842.xyz,32,4000,16.757672110741936,4000,all,842
0.0940652,0.100597,0.0,0.9350696342833285,0.06493036571667155,snapshot_843.xyz,32,4000,16.757672110741936,4000,all,843
0.0946922,0.100666,0.0,0.9406572228955159,0.0593427771044841,snapshot_844.xyz,32,4000,16.757672110741936,4000,all,844
0.0940652,0.0996958,0.0,0.9435221945157168,0.05647780548428316,snapshot_845.xyz,32,4000,16.757672110741936,4000,all,845
0.0946922,0.0999732,0.0,0.9471758431259578,0.05282415687404218,snapshot_846.xyz,32,4000,16.757672110741936,4000,all,846
0.0946226,0.100528,0.0,0.9412561674359382,0.05874383256406179,snapshot_847.xyz,32,4000,16.757672110741936,4000,all,847
0.0942742,0.100666,0.0,0.9365048775157451,0.06349512248425493,snapshot_848.xyz,32,4000,16.757672110741936,4000,all,848
0.0944136,0.100458,0.0,0.9398315714029744,0.06016842859702565,snapshot_849.xyz,32,4000,16.757672110741936,4000,all,849
0.0943439,0.101082,0.0,0.9333402584040679,0.06665974159593213,snapshot_850.xyz,32,4000,16.757672110741936,4000,all,850
0.0956669,0.0998345,0.0,0.9582549118791599,0.0417450881208401,snapshot_851.xyz,32,4000,16.757672110741936,4000,all,851
0.0942742,0.100528,0.0,0.9377904663377367,0.06220953366226334,snapshot_852.xyz,32,4000,16.757672110741936,4000,all,852
0.0939955,0.100528,0.0,0.9350181044087218,0.0649818955912782,snapshot_853.xyz,32,4000,16.757672110741936,4000,all,853
0.0944833,0.10129,0.0,0.9327998815282852,0.06720011847171481,snapshot_854.xyz,32,4000,16.757672110741936,4000,all,854
0.0944833,0.100389,0.0,0.9411718415364233,0.058828158463576696,snapshot_855.xyz,32,4000,16.757672110741936,4000,all,855
0.0941349,0.100458,0.0,0.9370572776682792,0.06294272233172082,snapshot_856.xyz,32,4000,16.757672110741936,4000,all,856
0.0946922,0.100736,0.0,0.9400035736975858,0.059996426302414196,snapshot_857.xyz,32,4000,16.757672110741936,4000,all,857
0.0937167,0.10025,0.0,0.9348299251870323,0.06517007481296766,snapshot_858.xyz,32,4000,16.757672110741936,4000,all,858
0.0946226,0.0999732,0.0,0.9464796565479549,0.05352034345204515,snapshot_859.xyz,32,4000,16.757672110741936,4000,all,859
0.0942046,0.100736,0.0,0.9351631988564167,0.06483680114358326,snapshot_860.xyz,32,4000,16.757672110741936,4000,all,860
0.0944136,0.100528,0.0,0.9391771446761101,0.06082285532388987,snapshot_861.xyz,32,4000,16.757672110741936,4000,all,861
0.0949708,0.100528,0.0,0.9447198790386757,0.055280120961324286,snapshot_862.xyz,32,4000,16.757672110741936,4000,all,862
0.0940652,0.10122,0.0,0.9293143647500494,0.07068563524995064,snapshot_863.xyz,32,4000,16.757672110741936,4000,all,863
0.0947619,0.100874,0.0,0.9394085691060133,0.060591430893986664,snapshot_864.xyz,32,4000,16.757672110741936,4000,all,864
0.0942046,0.10032,0.0,0.9390410685805421,0.06095893141945785,snapshot_865.xyz,32,4000,16.757672110741936,4000,all,865
0.0951797,0.0997652,0.0,0.9540370790616368,0.04596292093836318,snapshot_866.xyz,32,4000,16.757672110741936,4000,all,866
0.0945529,0.101013,0.0,0.9360468454555353,0.06395315454446471,snapshot_867.xyz,32,4000,16.757672110741936,4000,all,867
0.0943439,0.100597,0.0,0.9378400946350288,0.06215990536497118,snapshot_868.xyz,32,4000,16.757672110741936,4000,all,868
0.0948315,0.100805,0.0,0.9407420266851843,0.05925797331481575,snapshot_869.xyz,32,4000,16.757672110741936,4000,all,869
0.0944833,0.100805,0.0,0.9372878329447945,0.06271216705520555,snapshot_870.xyz,32,4000,16.757672110741936,4000,all,870
0.0952493,0.10025,0.0,0.9501177057356608,0.04988229426433921,snapshot_871.xyz,32,4000,16.757672110741936,4000,all,871
0.0941349,0.100874,0.0,0.9331928941055176,0.06680710589448235,snapshot_872.xyz,32,4000,16.757672110741936,4000,all,872
0.09511,0.10129,0.0,0.9389870668377924,0.06101293316220757,snapshot_873.xyz,32,4000,16.757672110741936,4000,all,873
0.0939955,0.0999732,0.0,0.9402069754694258,0.059793024530574224,snapshot_874.xyz,32,4000,16.757672110741936,4000,all,874
0.0944136,0.10032,0.0,0.9411244019138756,0.058875598086124414,snapshot_875.xyz,32,4000,16.757672110741936,4000,all,875
0.0946922,0.100043,0.0,0.9465149985506232,0.053485001449376846,snapshot_876.xyz,32,4000,16.757672110741936,4000,all,876
0.0948315,0.100943,0.0,0.9394559305746807,0.06054406942531931,snapshot_877.xyz,32,4000,16.757672110741936,4000,all,877
0.0940652,0.100458,0.0,0.9363634553743853,0.06363654462561474,snapshot_878.xyz,32,4000,16.757672110741936,4000,all,878
0.0942046,0.10025,0.0,0.9396967581047381,0.06030324189526193,snapshot_879.xyz,32,4000,16.757672110741936,4000,all,879
0.0939955,0.100528,0.0,0.9350181044087218,0.0649818955912782,snapshot_880.xyz,32,4000,16.757672110741936,4000,all,880
0.0944136,0.100874,0.0,0.9359557467732021,0.06404425322679785,snapshot_881.xyz,32,4000,16.757672110741936,4000,all,881
0.0945529,0.100874,0.0,0.9373366774391815,0.06266332256081852,snapshot_882.xyz,32,4000,16.757672110741936,4000,all,882
0.0937167,0.100736,0.0,0.9303198459339262,0.06968015406607375,snapshot_883.xyz,32,4000,16.757672110741936,4000,all,883
0.0944833,0.100666,0.0,0.9385820435896927,0.06141795641030734,snapshot_884.xyz,32,4000,16.757672110741936,4000,all,884
0.0946922,0.100181,0.0,0.9452111677863068,0.05478883221369324,snapshot_885.xyz,32,4000,16.757672110741936,4000,all,885
0.0948315,0.10129,0.0,0.9362375357883305,0.06376246421166953,snapshot_886.xyz,32,4000,16.757672110741936,4000,all,886
0.0952493,0.100943,0.0,0.9435949000921311,0.056405099907868905,snapshot_887.xyz,32,4000,16.757672110741936,4000,all,887
0.0941349,0.0999039,0.0,0.9422545065808241,0.0577454934191759,snapshot_888.xyz,32,4000,16.757672110741936,4000,all,888
0.0948315,0.100458,0.0,0.9439915188436958,0.05600848115630419,snapshot_889.xyz,32,4000,16.757672110741936,4000,all,889
0.0944136,0.100736,0.0,0.9372379288437103,0.06276207115628973,snapshot_890.xyz,32,4000,16.757672110741936,4000,all,890
0.0942742,0.100458,0.0,0.9384439268151864,0.0615560731848136,snapshot_891.xyz,32,4000,16.757672110741936,4000,all,891
0.0944833,0.100736,0.0,0.9379298364040661,0.06207016359593387,snapshot_892.xyz,32,4000,16.757672110741936,4000,all,892
0.0939258,0.101151,0.0,0.928570157487321,0.07142984251267903,snapshot_893.xyz,32,4000,16.757672110741936,4000,all,893
0.0939955,0.100458,0.0,0.9356696330804912,0.06433036691950877,snapshot_894.xyz,32,4000,16.757672110741936,4000,all,894
0.0946922,0.101151,0.0,0.936146948621368,0.06385305137863195,snapshot_895.xyz,32,4000,16.757672110741936,4000,all,895
0.0950404,0.101151,0.0,0.9395893268479797,0.06041067315202031,snapshot_896.xyz,32,4000,16.757672110741936,4000,all,896
0.0950404,0.100112,0.0,0.9493407383730221,0.05065926162697787,snapshot_897.xyz,32,4000,16.757672110741936,4000,all,897
0.0945529,0.100736,0.0,0.9386207512706479,0.061379248729352076,snapshot_898.xyz,32,4000,16.757672110741936,4000,all,898
0.0944833,0.0999732,0.0,0.9450862831238773,0.054913716876122676,snapshot_899.xyz,32,4000,16.757672110741936,4000,all,899
0.0942046,0.100389,0.0,0.9383956409566785,0.06160435904332151,snapshot_900.xyz,32,4000,16.757672110741936,4000,all,900
0.0955973,0.100528,0.0,0.9509519735795001,0.04904802642049988,snapshot_901.xyz,32,4000,16.757672110741936,4000,all,901
0.0944136,0.100389,0.0,0.9404775423602187,0.05952245763978126,snapshot_902.xyz,32,4000,16.757672110741936,4000,all,902
0.0950404,0.100043,0.0,0.9499955019341683,0.05000449806583174,snapshot_903.xyz,32,4000,16.757672110741936,4000,all,903
0.0942742,0.100943,0.0,0.9339349930158604,0.06606500698413964,snapshot_904.xyz,32,4000,16.757672110741936,4000,all,904
0.0947619,0.101013,0.0,0.9381158860740696,0.061884113925930406,snapshot_905.xyz,32,4000,16.757672110741936,4000,all,905
0.0938561,0.100389,0.0,0.9349241450756556,0.06507585492434442,snapshot_906.xyz,32,4000,16.757672110741936,4000,all,906
0.0940652,0.100597,0.0,0.9350696342833285,0.06493036571667155,snapshot_907.xyz,32,4000,16.757672110741936,4000,all,907
0.09511,0.100181,0.0,0.9493816192691228,0.05061838073087721,snapshot_908.xyz,32,4000,16.757672110741936,4000,all,908
0.0945529,0.0996958,0.0,0.94841407561803,0.05158592438196996,snapshot_909.xyz,32,4000,16.757672110741936,4000,all,909
0.0945529,0.10032,0.0,0.9425129585326952,0.05748704146730477,snapshot_910.xyz,32,4000,16.757672110741936,4000,all,910
0.0942046,0.100389,0.0,0.9383956409566785,0.06160435904332151,snapshot_911.xyz,32,4000,16.757672110741936,4000,all,911
0.0944136,0.100874,0.0,0.9359557467732021,0.06404425322679785,snapshot_912.xyz,32,4000,16.757672110741936,4000,all,912
0.0947619,0.100943,0.0,0.938766432541137,0.06123356745886299,snapshot_913.xyz,32,4000,16.757672110741936,4000,all,913
0.0949708,0.0999732,0.0,0.949962589974113,0.05003741002588702,snapshot_914.xyz,32,4000,16.757672110741936,4000,all,914
0.0949011,0.100805,0.0,0.9414324686275483,0.05856753137245174,snapshot_915.xyz,32,4000,16.757672110741936,4000,all,915
0.0955277,0.100112,0.0,0.9542082867188747,0.0457917132811253,snapshot_916.xyz,32,4000,16.757672110741936,4000,all,916
0.0947619,0.100805,0.0,0.9400515847428202,0.059948415257179755,snapshot_917.xyz,32,4000,16.757672110741936,4000,all,917
0.0941349,0.10025,0.0,0.9390014962593515,0.060998503740648524,snapshot_918.xyz,32,4000,16.757672110741936,4000,all,918
0.0944136,0.100736,0.0,0.9372379288437103,0.06276207115628973,snapshot_919.xyz,32,4000,16.757672110741936,4000,all,919
0.0945529,0.100874,0.0,0.9373366774391815,0.06266332256081852,snapshot_920.xyz,32,4000,16.757672110741936,4000,all,920
0.0941349,0.100112,0.0,0.9402958686271374,0.05970413137286257,snapshot_921.xyz,32,4000,16.757672110741936,4000,all,921
0.0947619,0.100528,0.0,0.9426418510265796,0.0573581489734204,snapshot_922.xyz,32,4000,16.757672110741936,4000,all,922
0.0944833,0.100389,0.0,0.9411718415364233,0.058828158463576696,snapshot_923.xyz,32,4000,16.757672110741936,4000,all,923
0.0946226,0.100666,0.0,0.9399658275882621,0.06003417241173792,snapshot_924.xyz,32,4000,16.757672110741936,4000,all,924
0.0945529,0.100805,0.0,0.9379782748871582,0.062021725112841763,snapshot_925.xyz,32,4000,16.757672110741936,4000,all,925
0.0950404,0.100458,0.0,0.9460709948436161,0.05392900515638388,snapshot_926.xyz,32,4000,16.757672110741936,4000,all,926
0.0946226,0.100458,0.0,0.9419120428437755,0.0580879571562245,snapshot_927.xyz,32,4000,16.757672110741936,4000,all,927
0.0944136,0.101082,0.0,0.9340297975900753,0.06597020240992468,snapshot_928.xyz,32,4000,16.757672110741936,4000,all,928
0.0942046,0.100874,0.0,0.9338838551063703,0.06611614489362971,snapshot_929.xyz,32,4000,16.757672110741936,4000,all,929
0.0940652,0.100597,0.0,0.9350696342833285,0.06493036571667155,snapshot_930.xyz,32,4000,16.757672110741936,4000,all,930
0.0941349,0.100943,0.0,0.9325550062906788,0.06744499370932122,snapshot_931.xyz,32,4000,16.757672110741936,4000,all,931
0.0946226,0.100458,0.0,0.9419120428437755,0.0580879571562245,snapshot_932.xyz,32,4000,16.757672110741936,4000,all,932
0.0946226,0.100528,0.0,0.9412561674359382,0.05874383256406179,snapshot_933.xyz,32,4000,16.757672110741936,4000,all,933
0.0953885,0.10122,0.0,0.9423878680102746,0.05761213198972537,snapshot_934.xyz,32,4000,16.757672110741936,4000,all,934
0.0953189,0.100389,0.0,0.9494954626502903,0.05050453734970972,snapshot_935.xyz,32,4000,16.757672110741936,4000,all,935
0.0949708,0.100458,0.0,0.9453781679906029,0.054621832009397076,snapshot_936.xyz,32,4000,16.757672110741936,4000,all,936
0.0946226,0.100943,0.0,0.9373864458159555,0.06261355418404446,snapshot_937.xyz,32,4000,16.757672110741936,4000,all,937
0.0945529,0.100666,0.0,0.9392734388969463,0.060726561103053744,snapshot_938.xyz,32,4000,16.757672110741936,4000,all,938
0.0944136,0.100528,0.0,0.9391771446761101,0.06082285532388987,snapshot_939.xyz,32,4000,16.757672110741936,4000,all,939
0.0943439,0.100874,0.0,0.9352647857723495,0.0647352142276505,snapshot_940.xyz,32,4000,16.757672110741936,4000,all,940
0.0949708,0.100805,0.0,0.9421239025841971,0.05787609741580291,snapshot_941.xyz,32,4000,16.757672110741936,4000,all,941
0.0950404,0.100736,0.0,0.9434601334180431,0.056539866581956866,snapshot_942.xyz,32,4000,16.757672110741936,4000,all,942
0.0947619,0.10025,0.0,0.9452558603491271,0.05474413965087288,snapshot_943.xyz,32,4000,16.757672110741936,4000,all,943
0.0940652,0.100389,0.0,0.9370070426042694,0.06299295739573063,snapshot_944.xyz,32,4000,16.757672110741936,4000,all,944
0.0950404,0.100736,0.0,0.9434601334180431,0.056539866581956866,snapshot_945.xyz,32,4000,16.757672110741936,4000,all,945
0.0946226,0.101567,0.0,0.9316273986629515,0.06837260133704848,snapshot_946.xyz,32,4000,16.757672110741936,4000,all,946
0.0939955,0.0998345,0.0,0.9415132043532044,0.0584867956467956,snapshot_947.xyz,32,4000,16.757672110741936,4000,all,947
0.0933681,0.10025,0.0,0.9313526184538652,0.06864738154613481,snapshot_948.xyz,32,4000,16.757672110741936,4000,all,948
0.0939258,0.10025,0.0,0.936915710723192,0.06308428927680798,snapshot_949.xyz,32,4000,16.757672110741936,4000,all,949
0.0946226,0.100805,0.0,0.9386697088438073,0.06133029115619271,snapshot_950.xyz,32,4000,16.757672110741936,4000,all,950
0.0943439,0.101497,0.0,0.9295240253406504,0.07047597465934963,snapshot_951.xyz,32,4000,16.757672110741936,4000,all,951
0.0949708,0.100458,0.0,0.9453781679906029,0.054621832009397076,snapshot_952.xyz,32,4000,16.757672110741936,4000,all,952
0.0949708,0.100805,0.0,0.9421239025841971,0.05787609741580291,snapshot_953.xyz,32,4000,16.757672110741936,4000,all,953
0.0949708,0.101151,0.0,0.9389012466510464,0.06109875334895365,snapshot_954.xyz,32,4000,16.757672110741936,4000,all,954
0.0947619,0.10129,0.0,0.9355503998420376,0.06444960015796242,snapshot_955.xyz,32,4000,16.757672110741936,4000,all,955
0.0945529,0.10025,0.0,0.9431710723192019,0.05682892768079806,snapshot_956.xyz,32,4000,16.757672110741936,4000,all,956
0.0942046,0.100943,0.0,0.9332454949823167,0.06675450501768332,snapshot_957.xyz,32,4000,16.757672110741936,4000,all,957
0.0939955,0.100181,0.0,0.9382567552729558,0.06174324472704418,snapshot_958.xyz,32,4000,16.757672110741936,4000,all,958
0.0946922,0.100666,0.0,0.9406572228955159,0.0593427771044841,snapshot_959.xyz,32,4000,16.757672110741936,4000,all,959
0.093647,0.100874,0.0,0.9283561670995498,0.07164383290045018,snapshot_960.xyz,32,4000,16.757672110741936,4000,all,960
0.0949708,0.100805,0.0,0.9421239025841971,0.05787609741580291,snapshot_961.xyz,32,4000,16.757672110741936,4000,all,961
0.0948315,0.10032,0.0,0.9452900717703349,0.05470992822966514,snapshot_962.xyz,32,4000,16.757672110741936,4000,all,962
0.0942046,0.100805,0.0,0.9345230891324835,0.0654769108675165,snapshot_963.xyz,32,4000,16.757672110741936,4000,all,963
0.0949011,0.101013,0.0,0.9394939265243087,0.06050607347569126,snapshot_964.xyz,32,4000,16.757672110741936,4000,all,964
0.0949011,0.100874,0.0,0.940788508436267,0.059211491563732954,snapshot_965.xyz,32,4000,16.757672110741936,4000,all,965
0.0951797,0.100666,0.0,0.9454999701984781,0.05450002980152191,snapshot_966.xyz,32,4000,16.757672110741936,4000,all,966
0.0942046,0.100874,0.0,0.9338838551063703,0.06611614489362971,snapshot_967.xyz,32,4000,16.757672110741936,4000,all,967
0.0939258,0.100389,0.0,0.9356184442518602,0.06438155574813975,snapshot_968.xyz,32,4000,16.757672110741936,4000,all,968
0.0942046,0.100181,0.0,0.9403439774009043,0.05965602259909575,snapshot_969.xyz,32,4000,16.757672110741936,4000,all,969
0.09511,0.0997652,0.0,0.9533384386539595,0.04666156134604049,snapshot_970.xyz,32,4000,16.757672110741936,4000,all,970
0.0951797,0.0998345,0.0,0.9533748353525084,0.04662516464749156,snapshot_971.xyz,32,4000,16.757672110741936,4000,all,971
0.0948315,0.0999039,0.0,0.9492272073462598,0.05077279265374024,snapshot_972.xyz,32,4000,16.757672110741936,4000,all,972
0.0932286,0.10025,0.0,0.9299610972568577,0.07003890274314228,snapshot_973.xyz,32,4000,16.757672110741936,4000,all,973
0.0942046,0.10032,0.0,0.9390410685805421,0.06095893141945785,snapshot_974.xyz,32,4000,16.757672110741936,4000,all,974
0.0943439,0.100528,0.0,0.9384838055069233,0.06151619449307666,snapshot_975.xyz,32,4000,16.757672110741936,4000,all,975
0.09511,0.0998345,0.0,0.9526766799052431,0.04732332009475693,snapshot_976.xyz,32,4000,16.757672110741936,4000,all,976
0.0942742,0.100805,0.0,0.9352135310748475,0.0647864689251525,snapshot_977.xyz,32,4000,16.757672110741936,4000,all,977
0.0942742,0.101082,0.0,0.9326507192180605,0.06734928078193947,snapshot_978.xyz,32,4000,16.757672110741936,4000,all,978
0.0942046,0.100666,0.0,0.9358134822084914,0.06418651779150863,snapshot_979.xyz,32,4000,16.757672110741936,4000,all,979
0.09511,0.100666,0.0,0.9448075815071623,0.055192418492837736,snapshot_980.xyz,32,4000,16.757672110741936,4000,all,980
0.0945529,0.100528,0.0,0.9405628282667514,0.059437171733248584,snapshot_981.xyz,32,4000,16.757672110741936,4000,all,981
0.0949708,0.100943,0.0,0.9408359172998622,0.05916408270013784,snapshot_982.xyz,32,4000,16.757672110741936,4000,all,982
0.0949011,0.100805,0.0,0.9414324686275483,0.05856753137245174,snapshot_983.xyz,32,4000,16.757672110741936,4000,all,983
0.0935076,0.10129,0.0,0.923167143844407,0.07683285615559299,snapshot_984.xyz,32,4000,16.757672110741936,4000,all,984
0.0943439,0.100528,0.0,0.9384838055069233,0.06151619449307666,snapshot_985.xyz,32,4000,16.757672110741936,4000,all,985
0.0949011,0.100736,0.0,0.9420773109911055,0.05792268900889452,snapshot_986.xyz,32,4000,16.757672110741936,4000,all,986
0.0935773,0.100528,0.0,0.9308580693936017,0.06914193060639828,snapshot_987.xyz,32,4000,16.757672110741936,4000,all,987
0.0944833,0.0999732,0.0,0.9450862831238773,0.054913716876122676,snapshot_988.xyz,32,4000,16.757672110741936,4000,all,988
0.0946226,0.100736,0.0,0.9393126588310038,0.06068734116899621,snapshot_989.xyz,32,4000,16.757672110741936,4000,all,989
0.0952493,0.100389,0.0,0.9488021595991591,0.051197840400840855,snapshot_990.xyz,32,4000,16.757672110741936,4000,all,990
0.0949708,0.100458,0.0,0.9453781679906029,0.054621832009397076,snapshot_991.xyz,32,4000,16.757672110741936,4000,all,991
0.0953885,0.10025,0.0,0.9515062344139651,0.04849376558603491,snapshot_992.xyz,32,4000,16.757672110741936,4000,all,992
0.0946922,0.100458,0.0,0.9426048696967887,0.057395130303211306,snapshot_993.xyz,32,4000,16.757672110741936,4000,all,993
0.0940652,0.100528,0.0,0.9357114435779086,0.06428855642209141,snapshot_994.xyz,32,4000,16.757672110741936,4000,all,994
0.0946922,0.100528,0.0,0.9419485118573929,0.05805148814260708,snapshot_995.xyz,32,4000,16.757672110741936,4000,all,995
0.0946226,0.100736,0.0,0.9393126588310038,0.06068734116899621,snapshot_996.xyz,32,4000,16.757672110741936,4000,all,996
0.0953189,0.100805,0.0,0.945577104310302,0.05442289568969805,snapshot_997.xyz,32,4000,16.757672110741936,4000,all,997
0.0956669,0.100805,0.0,0.9490293140221219,0.05097068597787813,snapshot_998.xyz,32,4000,16.757672110741936,4000,all,998
0.0948315,0.100389,0.0,0.9446403490422257,0.05535965095777429,snapshot_999.xyz,32,4000,16.757672110741936,4000,all,999
0.0943439,0.100389,0.0,0.9397832431840141,0.06021675681598593,snapshot_1000.xyz,32,4000,16.757672110741936,4000,all,1000
0.0946226,0.100112,0.0,0.9451674124980022,0.05483258750199782,snapshot_1001.xyz,32,4000,16.757672110741936,4000,all,1001
0.0952493,0.100874,0.0,0.9442403394333524,0.055759660566647606,snapshot_1002.xyz,32,4000,16.757672110741936,4000,all,1002
0.0939258,0.100874,0.0,0.9311200111029602,0.06887998889703983,snapshot_1003.xyz,32,4000,16.757672110741936,4000,all,1003
0.0939955,0.100874,0.0,0.9318109721038126,0.06818902789618742,snapshot_1004.xyz,32,4000,16.757672110741936,4000,all,1004
0.0942742,0.100389,0.0,0.9390889440078096,0.06091105599219038,snapshot_1005.xyz,32,4000,16.757672110741936,4000,all,1005
0.0946922,0.100736,0.0,0.9400035736975858,0.059996426302414196,snapshot_1006.xyz,32,4000,16.757672110741936,4000,all,1006
0.0944833,0.101151,0.0,0.9340817194095956,0.06591828059040439,snapshot_1007.xyz,32,4000,16.757672110741936,4000,all,1007
0.09511,0.100528,0.0,0.9461045678815851,0.053895432118414854,snapshot_1008.xyz,32,4000,16.757672110741936,4000,all,1008
0.0948315,0.0997652,0.0,0.9505468840838288,0.049453115916171186,snapshot_1009.xyz,32,4000,16.757672110741936,4000,all,1009
0.0951797,0.100597,0.0,0.9461484934938418,0.05385150650615822,snapshot_1010.xyz,32,4000,16.757672110741936,4000,all,1010
0.0940652,0.101082,0.0,0.9305830909558576,0.06941690904414244,snapshot_1011.xyz,32,4000,16.757672110741936,4000,all,1011
0.0943439,0.100528,0.0,0.9384838055069233,0.06151619449307666,snapshot_1012.xyz,32,4000,16.757672110741936,4000,all,1012
0.0943439,0.10032,0.0,0.9404296251993619,0.05957037480063809,snapshot_1013.xyz,32,4000,16.757672110741936,4000,all,1013
0.0940652,0.0999732,0.0,0.9409041623155006,0.05909583768449944,snapshot_1014.xyz,32,4000,16.757672110741936,4000,all,1014
0.0945529,0.100666,0.0,0.9392734388969463,0.060726561103053744,snapshot_1015.xyz,32,4000,16.757672110741936,4000,all,1015
0.0940652,0.100528,0.0,0.9357114435779086,0.06428855642209141,snapshot_1016.xyz,32,4000,16.757672110741936,4000,all,1016
0.0944833,0.10025,0.0,0.9424768079800498,0.05752319201995015,snapshot_1017.xyz,32,4000,16.757672110741936,4000,all,1017
0.0943439,0.100597,0.0,0.9378400946350288,0.06215990536497118,snapshot_1018.xyz,32,4000,16.757672110741936,4000,all,1018
0.0943439,0.100528,0.0,0.9384838055069233,0.06151619449307666,snapshot_1019.xyz,32,4000,16.757672110741936,4000,all,1019
0.0948315,0.100458,0.0,0.9439915188436958,0.05600848115630419,snapshot_1020.xyz,32,4000,16.757672110741936,4000,all,1020
0.0939258,0.100043,0.0,0.9388542926541587,0.06114570734584135,snapshot_1021.xyz,32,4000,16.757672110741936,4000,all,1021
0.0937864,0.100666,0.0,0.9316591500605964,0.06834084993940359,snapshot_1022.xyz,32,4000,16.757672110741936,4000,all,1022
0.0955973,0.100805,0.0,0.9483388720797579,0.051661127920242134,snapshot_1023.xyz,32,4000,16.757672110741936,4000,all,1023
0.0942742,0.10032,0.0,0.9397348484848485,0.06026515151515155,snapshot_1024.xyz,32,4000,16.757672110741936,4000,all,1024
0.0946922,0.100874,0.0,0.9387176081051609,0.06128239189483908,snapshot_1025.xyz,32,4000,16.757672110741936,4000,all,1025
0.0939258,0.100597,0.0,0.9336839070747637,0.06631609292523633,snapshot_1026.xyz,32,4000,16.757672110741936,4000,all,1026
0.0946922,0.100043,0.0,0.9465149985506232,0.053485001449376846,snapshot_1027.xyz,32,4000,16.757672110741936,4000,all,1027
0.0939955,0.100458,0.0,0.9356696330804912,0.06433036691950877,snapshot_1028.xyz,32,4000,16.757672110741936,4000,all,1028
0.0953189,0.100736,0.0,0.9462247855781448,0.05377521442185518,snapshot_1029.xyz,32,4000,16.757672110741936,4000,all,1029
0.0948315,0.100597,0.0,0.9426871576687177,0.05731284233128231,snapshot_1030.xyz,32,4000,16.757672110741936,4000,all,1030
0.0946922,0.101013,0.0,0.9374258758773623,0.06257412412263774,snapshot_1031.xyz,32,4000,16.757672110741936,4000,all,1031
0.0938561,0.100943,0.0,0.9297930515241274,0.07020694847587261,snapshot_1032.xyz,32,4000,16.757672110741936,4000,all,1032
0.0942046,0.100389,0.0,0.9383956409566785,0.06160435904332151,snapshot_1033.xyz,32,4000,16.757672110741936,4000,all,1033
0.0949708,0.100805,0.0,0.9421239025841971,0.05787609741580291,snapshot_1034.xyz,32,4000,16.757672110741936,4000,all,1034
0.0952493,0.100389,0.0,0.9488021595991591,0.051197840400840855,snapshot_1035.xyz,32,4000,16.757672110741936,4000,all,1035
0.0944833,0.0999732,0.0,0.9450862831238773,0.054913716876122676,snapshot_1036.xyz,32,4000,16.757672110741936,4000,all,1036
0.0954581,0.101428,0.0,0.9411414993887289,0.05885850061127107,snapshot_1037.xyz,32,4000,16.757672110741936,4000,all,1037
0.0953189,0.0999039,0.0,0.9541058957658309,0.045894104234169064,snapshot_1038.xyz,32,4000,16.757672110741936,4000,all,1038
0.0946922,0.101013,0.0,0.9374258758773623,0.06257412412263774,snapshot_1039.xyz,32,4000,16.757672110741936,4000,all,1039
0.0949011,0.100805,0.0,0.9414324686275483,0.05856753137245174,snapshot_1040.xyz,32,4000,16.757672110741936,4000,all,1040
0.0948315,0.100736,0.0,0.9413863961245235,0.05861360387547654,snapshot_1041.xyz,32,4000,16.757672110741936,4000,all,1041
0.0945529,0.100874,0.0,0.9373366774391815,0.06266332256081852,snapshot_1042.xyz,32,4000,16.757672110741936,4000,all,1042
0.0947619,0.100043,0.0,0.947211698969443,0.05278830103055698,snapshot_1043.xyz,32,4000,16.757672110741936,4000,all,1043
0.0946226,0.100805,0.0,0.9386697088438073,0.06133029115619271,snapshot_1044.xyz,32,4000,16.757672110741936,4000,all,1044
0.0950404,0.101013,0.0,0.9408729569461356,0.0591270430538644,snapshot_1045.xyz,32,4000,16.757672110741936,4000,all,1045
0.0943439,0.100736,0.0,0.9365460212833544,0.0634539787166456,snapshot_1046.xyz,32,4000,16.757672110741936,4000,all,1046
0.0942742,0.100666,0.0,0.9365048775157451,0.06349512248425493,snapshot_1047.xyz,32,4000,16.757672110741936,4000,all,1047
0.0942046,0.100597,0.0,0.9364553614918933,0.06354463850810665,snapshot_1048.xyz,32,4000,16.757672110741936,4000,all,1048
0.0942742,0.100805,0.0,0.9352135310748475,0.0647864689251525,snapshot_1049.xyz,32,4000,16.757672110741936,4000,all,1049
0.0940652,0.100458,0.0,0.9363634553743853,0.06363654462561474,snapshot_1050.xyz,32,4000,16.757672110741936,4000,all,1050
0.0945529,0.100736,0.0,0.9386207512706479,0.061379248729352076,snapshot_1051.xyz,32,4000,16.757672110741936,4000,all,1051
0.0946922,0.100736,0.0,0.9400035736975858,0.059996426302414196,snapshot_1052.xyz,32,4000,16.757672110741936,4000,all,1052
0.0942046,0.100389,0.0,0.9383956409566785,0.06160435904332151,snapshot_1053.xyz,32,4000,16.757672110741936,4000,all,1053
0.0948315,0.101151,0.0,0.9375240976362073,0.062475902363792746,snapshot_1054.xyz,32,4000,16.757672110741936,4000,all,1054
0.0948315,0.100458,0.0,0.9439915188436958,0.05600848115630419,snapshot_1055.xyz,32,4000,16.757672110741936,4000,all,1055
0.0949011,0.100528,0.0,0.944026539869489,0.055973460130510966,snapshot_1056.xyz,32,4000,16.757672110741936,4000,all,1056
0.0948315,0.100458,0.0,0.9439915188436958,0.05600848115630419,snapshot_1057.xyz,32,4000,16.757672110741936,4000,all,1057
0.0953189,0.10025,0.0,0.9508119700748129,0.049188029925187116,snapshot_1058.xyz,32,4000,16.757672110741936,4000,all,1058
0.0955973,0.100597,0.0,0.95029971072696,0.049700289273040044,snapshot_1059.xyz,32,4000,16.757672110741936,4000,all,1059
0.0944833,0.10129,0.0,0.9327998815282852,0.06720011847171481,snapshot_1060.xyz,32,4000,16.757672110741936,4000,all,1060
0.0946226,0.100597,0.0,0.9406105549867292,0.059389445013270814,snapshot_1061.xyz,32,4000,16.757672110741936,4000,all,1061
0.0932286,0.100458,0.0,0.9280355969658961,0.0719644030341039,snapshot_1062.xyz,32,4000,16.757672110741936,4000,all,1062
0.0951797,0.100112,0.0,0.9507321799584465,0.0492678200415535,snapshot_1063.xyz,32,4000,16.757672110741936,4000,all,1063
0.0954581,0.100736,0.0,0.9476066153113087,0.05239338468869126,snapshot_1064.xyz,32,4000,16.757672110741936,4000,all,1064
0.0942742,0.100389,0.0,0.9390889440078096,0.06091105599219038,snapshot_1065.xyz,32,4000,16.757672110741936,4000,all,1065
0.0947619,0.100666,0.0,0.9413496115868316,0.058650388413168386,snapshot_1066.xyz,32,4000,16.757672110741936,4000,all,1066
0.0947619,0.100458,0.0,0.9432986919906826,0.056701308009317386,snapshot_1067.xyz,32,4000,16.757672110741936,4000,all,1067
0.0951797,0.100458,0.0,0.9474576439905235,0.05254235600947654,snapshot_1068.xyz,32,4000,16.757672110741936,4000,all,1068
0.0948315,0.10032,0.0,0.9452900717703349,0.05470992822966514,snapshot_1069.xyz,32,4000,16.757672110741936,4000,all,1069
0.0945529,0.100736,0.0,0.9386207512706479,0.061379248729352076,snapshot_1070.xyz,32,4000,16.757672110741936,4000,all,1070
0.0948315,0.100666,0.0,0.9420410068940853,0.05795899310591468,snapshot_1071.xyz,32,4000,16.757672110741936,4000,all,1071
0.0949011,0.100597,0.0,0.9433790272075707,0.05662097279242928,snapshot_1072.xyz,32,4000,16.757672110741936,4000,all,1072
0.0945529,0.100666,0.0,0.9392734388969463,0.060726561103053744,snapshot_1073.xyz,32,4000,16.757672110741936,4000,all,1073
0.0949011,0.100805,0.0,0.9414324686275483,0.05856753137245174,snapshot_1074.xyz,32,4000,16.757672110741936,4000,all,1074
0.0949011,0.10032,0.0,0.9459838516746412,0.05401614832535884,snapshot_1075.xyz,32,4000,16.757672110741936,4000,all,1075
0.0946922,0.100389,0.0,0.94325274681489,0.05674725318510998,snapshot_1076.xyz,32,4000,16.757672110741936,4000,all,1076
0.0950404,0.0997652,0.0,0.9526408005998084,0.04735919940019162,snapshot_1077.xyz,32,4000,16.757672110741936,4000,all,1077
0.0944136,0.101151,0.0,0.9333926505916896,0.06660734940831037,snapshot_1078.xyz,32,4000,16.757672110741936,4000,all,1078
0.0946922,0.101359,0.0,0.9342258704209789,0.06577412957902107,snapshot_1079.xyz,32,4000,16.757672110741936,4000,all,1079
0.0951797,0.100805,0.0,0.9441962204255742,0.05580377957442584,snapshot_1080.xyz,32,4000,16.757672110741936,4000,all,1080
0.0949708,0.100597,0.0,0.9440718908118532,0.055928109188146835,snapshot_1081.xyz,32,4000,16.757672110741936,4000,all,1081
0.0949708,0.100043,0.0,0.9492998010855331,0.050700198914466865,snapshot_1082.xyz,32,4000,16.757672110741936,4000,all,1082
0.0950404,0.100943,0.0,0.941525415333406,0.058474584666594054,snapshot_1083.xyz,32,4000,16.757672110741936,4000,all,1083
0.0946226,0.100597,0.0,0.9406105549867292,0.059389445013270814,snapshot_1084.xyz,32,4000,16.757672110741936,4000,all,1084
0.0942742,0.100597,0.0,0.9371472310307464,0.06285276896925363,snapshot_1085.xyz,32,4000,16.757672110741936,4000,all,1085
0.0951797,0.100458,0.0,0.9474576439905235,0.05254235600947654,snapshot_1086.xyz,32,4000,16.757672110741936,4000,all,1086
0.0946226,0.100666,0.0,0.9399658275882621,0.06003417241173792,snapshot_1087.xyz,32,4000,16.757672110741936,4000,all,1087
0.0946226,0.100597,0.0,0.9406105549867292,0.059389445013270814,snapshot_1088.xyz,32,4000,16.757672110741936,4000,all,1088
0.0946922,0.0996958,0.0,0.9498113260538559,0.050188673946144124,snapshot_1089.xyz,32,4000,16.757672110741936,4000,all,1089
0.0955277,0.100736,0.0,0.9482975301778906,0.051702469822109354,snapshot_1090.xyz,32,4000,16.757672110741936,4000,all,1090
0.0944833,0.10032,0.0,0.9418191786283892,0.05818082137161085,snapshot_1091.xyz,32,4000,16.757672110741936,4000,all,1091
0.0941349,0.10032,0.0,0.9383462918660286,0.06165370813397142,snapshot_1092.xyz,32,4000,16.757672110741936,4000,all,1092
0.09511,0.101082,0.0,0.9409192536752339,0.05908074632476612,snapshot_1093.xyz,32,4000,16.757672110741936,4000,all,1093
0.0947619,0.101013,0.0,0.9381158860740696,0.061884113925930406,snapshot_1094.xyz,32,4000,16.757672110741936,4000,all,1094
0.0946922,0.100181,0.0,0.9452111677863068,0.05478883221369324,snapshot_1095.xyz,32,4000,16.757672110741936,4000,all,1095
0.0948315,0.100458,0.0,0.9439915188436958,0.05600848115630419,snapshot_1096.xyz,32,4000,16.757672110741936,4000,all,1096
0.0947619,0.100874,0.0,0.9394085691060133,0.060591430893986664,snapshot_1097.xyz,32,4000,16.757672110741936,4000,all,1097
0.0947619,0.0998345,0.0,0.9491899092998912,0.05081009070010878,snapshot_1098.xyz,32,4000,16.757672110741936,4000,all,1098
0.0948315,0.0999732,0.0,0.9485692165500355,0.051430783449964546,snapshot_1099.xyz,32,4000,16.757672110741936,4000,all,1099
0.0945529,0.100736,0.0,0.9386207512706479,0.061379248729352076,snapshot_1100.xyz,32,4000,16.757672110741936,4000,all,1100
0.0950404,0.100458,0.0,0.9460709948436161,0.05392900515638388,snapshot_1101.xyz,32,4000,16.757672110741936,4000,all,1101
0.0949011,0.101013,0.0,0.9394939265243087,0.06050607347569126,snapshot_1102.xyz,32,4000,16.757672110741936,4000,all,1102
0.0946922,0.100458,0.0,0.9426048696967887,0.057395130303211306,snapshot_1103.xyz,32,4000,16.757672110741936,4000,all,1103
0.0943439,0.100389,0.0,0.9397832431840141,0.06021675681598593,snapshot_1104.xyz,32,4000,16.757672110741936,4000,all,1104
0.0945529,0.100666,0.0,0.9392734388969463,0.060726561103053744,snapshot_1105.xyz,32,4000,16.757672110741936,4000,all,1105
0.0953885,0.100389,0.0,0.9501887657014214,0.04981123429857859,snapshot_1106.xyz,32,4000,16.757672110741936,4000,all,1106
0.0946922,0.100874,0.0,0.9387176081051609,0.06128239189483908,snapshot_1107.xyz,32,4000,16.757672110741936,4000,all,1107
0.0949708,0.100597,0.0,0.9440718908118532,0.055928109188146835,snapshot_1108.xyz,32,4000,16.757672110741936,4000,all,1108
0.0944136,0.100943,0.0,0.935315970399136,0.06468402960086395,snapshot_1109.xyz,32,4000,16.757672110741936,4000,all,1109
0.0945529,0.100528,0.0,0.9405628282667514,0.059437171733248584,snapshot_1110.xyz,32,4000,16.757672110741936,4000,all,1110
0.0947619,0.100458,0.0,0.9432986919906826,0.056701308009317386,snapshot_1111.xyz,32,4000,16.757672110741936,4000,all,1111
0.0953189,0.100458,0.0,0.9488432976965497,0.05115670230345026,snapshot_1112.xyz,32,4000,16.757672110741936,4000,all,1112
0.0942742,0.100043,0.0,0.9423367951780733,0.05766320482192666,snapshot_1113.xyz,32,4000,16.757672110741936,4000,all,1113
0.0941349,0.100874,0.0,0.9331928941055176,0.06680710589448235,snapshot_1114.xyz,32,4000,16.757672110741936,4000,all,1114
0.0949708,0.100666,0.0,0.9434247908926549,0.05657520910734515,snapshot_1115.xyz,32,4000,16.757672110741936,4000,all,1115
0.0942046,0.100458,0.0,0.9377510999621732,0.06224890003782679,snapshot_1116.xyz,32,4000,16.757672110741936,4000,all,1116
0.0944833,0.100528,0.0,0.9398704838452968,0.06012951615470319,snapshot_1117.xyz,32,4000,16.757672110741936,4000,all,1117
0.0950404,0.100389,0.0,0.9467212543206924,0.05327874567930757,snapshot_1118.xyz,32,4000,16.757672110741936,4000,all,1118
0.0943439,0.100458,0.0,0.9391377491090803,0.06086225089091968,snapshot_1119.xyz,32,4000,16.757672110741936,4000,all,1119
0.0950404,0.100043,0.0,0.9499955019341683,0.05000449806583174,snapshot_1120.xyz,32,4000,16.757672110741936,4000,all,1120
0.0948315,0.100458,0.0,0.9439915188436958,0.05600848115630419,snapshot_1121.xyz,32,4000,16.757672110741936,4000,all,1121
0.0940652,0.10032,0.0,0.9376515151515151,0.062348484848484875,snapshot_1122.xyz,32,4000,16.757672110741936,4000,all,1122
0.0956669,0.0996265,0.0,0.9602555544960426,0.03974444550395739,snapshot_1123.xyz,32,4000,16.757672110741936,4000,all,1123
0.0951797,0.100181,0.0,0.950077359978439,0.04992264002156099,snapshot_1124.xyz,32,4000,16.757672110741936,4000,all,1124
0.0946226,0.100943,0.0,0.9373864458159555,0.06261355418404446,snapshot_1125.xyz,32,4000,16.757672110741936,4000,all,1125
0.0942742,0.100874,0.0,0.9345738247714971,0.06542617522850291,snapshot_1126.xyz,32,4000,16.757672110741936,4000,all,1126
0.0944136,0.100736,0.0,0.9372379288437103,0.06276207115628973,snapshot_1127.xyz,32,4000,16.757672110741936,4000,all,1127
0.0954581,0.101082,0.0,0.9443629924219941,0.05563700757800594,snapshot_1128.xyz,32,4000,16.757672110741936,4000,all,1128
0.0949708,0.100666,0.0,0.9434247908926549,0.05657520910734515,snapshot_1129.xyz,32,4000,16.757672110741936,4000,all,1129
0.0944136,0.10025,0.0,0.9417815461346632,0.05821845386533675,snapshot_1130.xyz,32,4000,16.757672110741936,4000,all,1130
0.0944833,0.101359,0.0,0.9321648792904429,0.0678351207095571,snapshot_1131.xyz,32,4000,16.757672110741936,4000,all,1131
0.0948315,0.100389,0.0,0.9446403490422257,0.05535965095777429,snapshot_1132.xyz,32,4000,16.757672110741936,4000,all,1132
0.0949708,0.100458,0.0,0.9453781679906029,0.054621832009397076,snapshot_1133.xyz,32,4000,16.757672110741936,4000,all,1133
0.0951797,0.100666,0.0,0.9454999701984781,0.05450002980152191,snapshot_1134.xyz,32,4000,16.757672110741936,4000,all,1134
0.0946922,0.100597,0.0,0.9413024245255822,0.058697575474417785,snapshot_1135.xyz,32,4000,16.757672110741936,4000,all,1135
0.0944833,0.100458,0.0,0.9405253936968684,0.059474606303131616,snapshot_1136.xyz,32,4000,16.757672110741936,4000,all,1136
0.0955973,0.101082,0.0,0.9457400922023703,0.05425990779762968,snapshot_1137.xyz,32,4000,16.757672110741936,4000,all,1137
0.0946922,0.100112,0.0,0.9458626338500878,0.05413736614991216,snapshot_1138.xyz,32,4000,16.757672110741936,4000,all,1138
0.0942046,0.100458,0.0,0.9377510999621732,0.06224890003782679,snapshot_1139.xyz,32,4000,16.757672110741936,4000,all,1139
0.09511,0.100943,0.0,0.9422149133669496,0.057785086633050375,snapshot_1140.xyz,32,4000,16.757672110741936,4000,all,1140
0.0951797,0.10122,0.0,0.9403250345781466,0.059674965421853354,snapshot_1141.xyz,32,4000,16.757672110741936,4000,all,1141
0.0948315,0.100943,0.0,0.9394559305746807,0.06054406942531931,snapshot_1142.xyz,32,4000,16.757672110741936,4000,all,1142
0.0946922,0.100043,0.0,0.9465149985506232,0.053485001449376846,snapshot_1143.xyz,32,4000,16.757672110741936,4000,all,1143
0.0939955,0.100528,0.0,0.9350181044087218,0.0649818955912782,snapshot_1144.xyz,32,4000,16.757672110741936,4000,all,1144
0.0932286,0.10025,0.0,0.9299610972568577,0.07003890274314228,snapshot_1145.xyz,32,4000,16.757672110741936,4000,all,1145
0.0943439,0.10025,0.0,0.9410862842892767,0.05891371571072335,snapshot_1146.xyz,32,4000,16.757672110741936,4000,all,1146
0.0942742,0.100112,0.0,0.9416873102125619,0.05831268978743809,snapshot_1147.xyz,32,4000,16.757672110741936,4000,all,1147
0.0954581,0.100528,0.0,0.9495672847365908,0.0504327152634092,snapshot_1148.xyz,32,4000,16.757672110741936,4000,all,1148
0.0949708,0.0999039,0.0,0.9506215473069619,0.04937845269303809,snapshot_1149.xyz,32,4000,16.757672110741936,4000,all,1149
0.0949708,0.100112,0.0,0.9486455170209365,0.05135448297906353,snapshot_1150.xyz,32,4000,16.757672110741936,4000,all,1150
0.0946226,0.101428,0.0,0.9329041290373467,0.06709587096265335,snapshot_1151.xyz,32,4000,16.757672110741936,4000,all,1151
0.0945529,0.100805,0.0,0.9379782748871582,0.062021725112841763,snapshot_1152.xyz,32,4000,16.757672110741936,4000,all,1152
0.0942742,0.100528,0.0,0.9377904663377367,0.06220953366226334,snapshot_1153.xyz,32,4000,16.757672110741936,4000,all,1153
0.0943439,0.100389,0.0,0.9397832431840141,0.06021675681598593,snapshot_1154.xyz,32,4000,16.757672110741936,4000,all,1154
0.0948315,0.100181,0.0,0.9466016510116688,0.05339834898833118,snapshot_1155.xyz,32,4000,16.757672110741936,4000,all,1155
0.0963626,0.10032,0.0,0.9605522328548645,0.03944776714513554,snapshot_1156.xyz,32,4000,16.757672110741936,4000,all,1156
0.0942742,0.100874,0.0,0.9345738247714971,0.06542617522850291,snapshot_1157.xyz,32,4000,16.757672110741936,4000,all,1157
0.0952493,0.100943,0.0,0.9435949000921311,0.056405099907868905,snapshot_1158.xyz,32,4000,16.757672110741936,4000,all,1158
0.0945529,0.100528,0.0,0.9405628282667514,0.059437171733248584,snapshot_1159.xyz,32,4000,16.757672110741936,4000,all,1159
0.0937864,0.100736,0.0,0.9310117534942821,0.06898824650571789,snapshot_1160.xyz,32,4000,16.757672110741936,4000,all,1160
0.0942046,0.100181,0.0,0.9403439774009043,0.05965602259909575,snapshot_1161.xyz,32,4000,16.757672110741936,4000,all,1161
0.0944833,0.100666,0.0,0.9385820435896927,0.06141795641030734,snapshot_1162.xyz,32,4000,16.757672110741936,4000,all,1162
0.09511,0.100805,0.0,0.9435047864689251,0.056495213531074895,snapshot_1163.xyz,32,4000,16.757672110741936,4000,all,1163
0.0954581,0.101013,0.0,0.9450080682684406,0.05499193173155936,snapshot_1164.xyz,32,4000,16.757672110741936,4000,all,1164
0.0945529,0.100666,0.0,0.9392734388969463,0.060726561103053744,snapshot_1165.xyz,32,4000,16.757672110741936,4000,all,1165
0.0949011,0.100458,0.0,0.944684345696709,0.055315654303290995,snapshot_1166.xyz,32,4000,16.757672110741936,4000,all,1166
0.0943439,0.100389,0.0,0.9397832431840141,0.06021675681598593,snapshot_1167.xyz,32,4000,16.757672110741936,4000,all,1167
0.0953189,0.100112,0.0,0.9521226226626178,0.047877377337382176,snapshot_1168.xyz,32,4000,16.757672110741936,4000,all,1168
0.0944833,0.100943,0.0,0.9360064590907741,0.06399354090922593,snapshot_1169.xyz,32,4000,16.757672110741936,4000,all,1169
0.0953189,0.100736,0.0,0.9462247855781448,0.05377521442185518,snapshot_1170.xyz,32,4000,16.757672110741936,4000,all,1170
0.0949011,0.100458,0.0,0.944684345696709,0.055315654303290995,snapshot_1171.xyz,32,4000,16.757672110741936,4000,all,1171
0.0946922,0.100597,0.0,0.9413024245255822,0.058697575474417785,snapshot_1172.xyz,32,4000,16.757672110741936,4000,all,1172
0.0949708,0.100597,0.0,0.9440718908118532,0.055928109188146835,snapshot_1173.xyz,32,4000,16.757672110741936,4000,all,1173
0.0944136,0.101082,0.0,0.9340297975900753,0.06597020240992468,snapshot_1174.xyz,32,4000,16.757672110741936,4000,all,1174
0.0939955,0.100528,0.0,0.9350181044087218,0.0649818955912782,snapshot_1175.xyz,32,4000,16.757672110741936,4000,all,1175
0.0946226,0.0997652,0.0,0.9484529675678494,0.05154703243215064,snapshot_1176.xyz,32,4000,16.757672110741936,4000,all,1176
0.0943439,0.100458,0.0,0.9391377491090803,0.06086225089091968,snapshot_1177.xyz,32,4000,16.757672110741936,4000,all,1177
0.0954581,0.100943,0.0,0.9456633941927622,0.05433660580723776,snapshot_1178.xyz,32,4000,16.757672110741936,4000,all,1178
0.0946226,0.100458,0.0,0.9419120428437755,0.0580879571562245,snapshot_1179.xyz,32,4000,16.757672110741936,4000,all,1179
0.0949708,0.100666,0.0,0.9434247908926549,0.05657520910734515,snapshot_1180.xyz,32,4000,16.757672110741936,4000,all,1180
0.0943439,0.10025,0.0,0.9410862842892767,0.05891371571072335,snapshot_1181.xyz,32,4000,16.757672110741936,4000,all,1181
0.0938561,0.100458,0.0,0.9342819884927034,0.06571801150729661,snapshot_1182.xyz,32,4000,16.757672110741936,4000,all,1182
0.0948315,0.0997652,0.0,0.9505468840838288,0.049453115916171186,snapshot_1183.xyz,32,4000,16.757672110741936,4000,all,1183
0.0949011,0.100389,0.0,0.9453336520933568,0.05466634790664315,snapshot_1184.xyz,32,4000,16.757672110741936,4000,all,1184
0.0948315,0.100528,0.0,0.9433341954480343,0.05666580455196568,snapshot_1185.xyz,32,4000,16.757672110741936,4000,all,1185
0.0953885,0.100805,0.0,0.946267546252666,0.05373245374733404,snapshot_1186.xyz,32,4000,16.757672110741936,4000,all,1186
0.0943439,0.101359,0.0,0.9307895697471363,0.06921043025286366,snapshot_1187.xyz,32,4000,16.757672110741936,4000,all,1187
0.0948315,0.10025,0.0,0.9459501246882792,0.054049875311720785,snapshot_1188.xyz,32,4000,16.757672110741936,4000,all,1188
0.0952493,0.100181,0.0,0.9507721024944848,0.04922789750551515,snapshot_1189.xyz,32,4000,16.757672110741936,4000,all,1189
0.0953885,0.100736,0.0,0.9469157004447267,0.05308429955527327,snapshot_1190.xyz,32,4000,16.757672110741936,4000,all,1190
0.0949011,0.100666,0.0,0.942732402201339,0.057267597798660974,snapshot_1191.xyz,32,4000,16.757672110741936,4000,all,1191
0.0942742,0.100736,0.0,0.9358541137229986,0.06414588627700135,snapshot_1192.xyz,32,4000,16.757672110741936,4000,all,1192
0.09511,0.100528,0.0,0.9461045678815851,0.053895432118414854,snapshot_1193.xyz,32,4000,16.757672110741936,4000,all,1193
0.0954581,0.100597,0.0,0.9489159716492539,0.0510840283507461,snapshot_1194.xyz,32,4000,16.757672110741936,4000,all,1194
0.0942046,0.100597,0.0,0.9364553614918933,0.06354463850810665,snapshot_1195.xyz,32,4000,16.757672110741936,4000,all,1195
0.0949708,0.100181,0.0,0.9479921342370309,0.05200786576296912,snapshot_1196.xyz,32,4000,16.757672110741936,4000,all,1196
0.0953885,0.101151,0.0,0.9430307164536188,0.0569692835463812,snapshot_1197.xyz,32,4000,16.757672110741936,4000,all,1197
0.0948315,0.100528,0.0,0.9433341954480343,0.05666580455196568,snapshot_1198.xyz,32,4000,16.757672110741936,4000,all,1198
0.0951797,0.100597,0.0,0.9461484934938418,0.05385150650615822,snapshot_1199.xyz,32,4000,16.757672110741936,4000,all,1199
0.0939258,0.10032,0.0,0.936261961722488,0.06373803827751201,snapshot_1200.xyz,32,4000,16.757672110741936,4000,all,1200
0.0946922,0.100528,0.0,0.9419485118573929,0.05805148814260708,snapshot_1201.xyz,32,4000,16.757672110741936,4000,all,1201
